benchmark,model,seed,budget,regret
Branin-Fav,MFGP,42,4.5,23.51411696041454
Branin-Fav,MFGP,42,4.6,23.51411696041454
Branin-Fav,MFGP,42,4.7,23.51411696041454
Branin-Fav,MFGP,42,4.8,23.51411696041454
Branin-Fav,MFGP,42,4.9,23.51411696041454
Branin-Fav,MFGP,42,5.0,23.51411696041454
Branin-Fav,MFGP,42,5.1,23.51411696041454
Branin-Fav,MFGP,42,5.2,23.51411696041454
Branin-Fav,MFGP,42,5.3,23.51411696041454
Branin-Fav,MFGP,42,5.4,23.51411696041454
Branin-Fav,MFGP,42,5.5,23.51411696041454
Branin-Fav,MFGP,42,6.5,4.062906038232797
Branin-Fav,MFGP,42,6.6,4.062906038232797
Branin-Fav,MFGP,42,6.7,4.062906038232797
Branin-Fav,MFGP,42,6.8,4.062906038232797
Branin-Fav,MFGP,42,6.9,4.062906038232797
Branin-Fav,MFGP,42,7.0,4.062906038232797
Branin-Fav,MFGP,42,7.1,4.062906038232797
Branin-Fav,MFGP,42,7.2,4.062906038232797
Branin-Fav,MFGP,42,7.3,4.062906038232797
Branin-Fav,MFGP,42,7.4,4.062906038232797
Branin-Fav,MFGP,42,7.5,4.062906038232797
Branin-Fav,MFGP,42,8.5,4.062906038232797
Branin-Fav,MFGP,42,8.6,4.062906038232797
Branin-Fav,MFGP,42,8.7,4.062906038232797
Branin-Fav,MFGP,42,8.8,4.062906038232797
Branin-Fav,MFGP,42,8.9,4.062906038232797
Branin-Fav,MFGP,42,9.0,4.062906038232797
Branin-Fav,MFGP,42,9.1,4.062906038232797
Branin-Fav,MFGP,42,9.2,4.062906038232797
Branin-Fav,MFGP,42,9.3,4.062906038232797
Branin-Fav,MFGP,42,9.4,4.062906038232797
Branin-Fav,MFGP,42,9.5,4.062906038232797
Branin-Fav,MFGP,42,10.5,0.0523754278760194
Branin-Fav,MFGP,42,10.6,0.0523754278760194
Branin-Fav,MFGP,42,10.7,0.0523754278760194
Branin-Fav,MFGP,42,10.8,0.0523754278760194
Branin-Fav,MFGP,42,10.9,0.0523754278760194
Branin-Fav,MFGP,42,11.0,0.0523754278760194
Branin-Fav,MFGP,42,11.1,0.0523754278760194
Branin-Fav,MFGP,42,11.2,0.0523754278760194
Branin-Fav,MFGP,42,11.3,0.0523754278760194
Branin-Fav,MFGP,42,11.4,0.0523754278760194
Branin-Fav,MFGP,42,11.5,0.0523754278760194
Branin-Fav,MFGP,42,12.5,0.0523754278760194
Branin-Fav,MFGP,42,12.6,0.0523754278760194
Branin-Fav,MFGP,42,12.7,0.0523754278760194
Branin-Fav,MFGP,42,12.8,0.0523754278760194
Branin-Fav,MFGP,42,12.9,0.0523754278760194
Branin-Fav,MFGP,42,13.0,0.0523754278760194
Branin-Fav,MFGP,42,13.1,0.0523754278760194
Branin-Fav,MFGP,42,13.2,0.0523754278760194
Branin-Fav,MFGP,42,13.3,0.0523754278760194
Branin-Fav,MFGP,42,13.4,0.0523754278760194
Branin-Fav,MFGP,42,13.5,0.0523754278760194
Branin-Fav,MFGP,42,14.5,0.0523754278760194
Branin-Fav,MFGP,42,14.6,0.0523754278760194
Branin-Fav,MFGP,42,14.7,0.0523754278760194
Branin-Fav,MFGP,42,14.8,0.0523754278760194
Branin-Fav,MFGP,42,14.9,0.0523754278760194
Branin-Fav,MFGP,42,15.0,0.0523754278760194
Branin-Fav,MFGP,42,15.1,0.0523754278760194
Branin-Fav,MFGP,42,15.2,0.0523754278760194
Branin-Fav,MFGP,42,15.3,0.0523754278760194
Branin-Fav,MFGP,42,15.4,0.0523754278760194
Branin-Fav,MFGP,42,15.5,0.0523754278760194
Branin-Fav,MFGP,42,16.5,0.0523754278760194
Branin-Fav,MFGP,42,16.6,0.0523754278760194
Branin-Fav,MFGP,42,16.7,0.0523754278760194
Branin-Fav,MFGP,42,16.8,0.0523754278760194
Branin-Fav,MFGP,42,16.9,0.0523754278760194
Branin-Fav,MFGP,42,17.0,0.0523754278760194
Branin-Fav,MFGP,42,17.1,0.0523754278760194
Branin-Fav,MFGP,42,17.2,0.0523754278760194
Branin-Fav,MFGP,42,17.3,0.0523754278760194
Branin-Fav,MFGP,42,17.4,0.0523754278760194
Branin-Fav,MFGP,42,17.5,0.0523754278760194
Branin-Fav,MFGP,42,18.5,0.0523754278760194
Branin-Fav,MFGP,42,18.6,0.0523754278760194
Branin-Fav,MFGP,42,18.7,0.0523754278760194
Branin-Fav,MFGP,42,18.8,0.0523754278760194
Branin-Fav,MFGP,42,18.9,0.0523754278760194
Branin-Fav,MFGP,42,19.0,0.0523754278760194
Branin-Fav,MFGP,42,19.1,0.0523754278760194
Branin-Fav,MFGP,42,19.2,0.0523754278760194
Branin-Fav,MFGP,42,19.3,0.0523754278760194
Branin-Fav,MFGP,42,19.4,0.0523754278760194
Branin-Fav,MFGP,42,19.5,0.0523754278760194
Branin-Fav,MFGP,42,20.5,0.0523754278760194
Branin-Fav,MFGP,42,20.6,0.0523754278760194
Branin-Fav,MFGP,42,20.7,0.0523754278760194
Branin-Fav,MFGP,42,20.8,0.0523754278760194
Branin-Fav,MFGP,42,20.9,0.0523754278760194
Branin-Fav,MFGP,42,21.0,0.0523754278760194
Branin-Fav,MFGP,42,21.1,0.0523754278760194
Branin-Fav,MFGP,42,21.2,0.0523754278760194
Branin-Fav,MFGP,42,21.3,0.0523754278760194
Branin-Fav,MFGP,42,21.4,0.0523754278760194
Branin-Fav,MFGP,42,21.5,0.0523754278760194
Branin-Fav,MFGP,42,22.5,0.0523754278760194
Branin-Fav,MFGP,42,22.6,0.0523754278760194
Branin-Fav,MFGP,42,22.7,0.0523754278760194
Branin-Fav,MFGP,42,22.8,0.0523754278760194
Branin-Fav,MFGP,42,22.9,0.0523754278760194
Branin-Fav,MFGP,42,23.0,0.0523754278760194
Branin-Fav,MFGP,42,23.1,0.0523754278760194
Branin-Fav,MFGP,42,23.2,0.0523754278760194
Branin-Fav,MFGP,42,23.3,0.0523754278760194
Branin-Fav,MFGP,42,23.4,0.0523754278760194
Branin-Fav,MFGP,42,23.5,0.0523754278760194
Branin-Fav,MFGP,42,24.5,0.0523754278760194
Branin-Fav,MFGP,42,24.6,0.0523754278760194
Branin-Fav,MFGP,42,24.7,0.0523754278760194
Branin-Fav,MFGP,42,24.8,0.0523754278760194
Branin-Fav,MFGP,42,24.9,0.0523754278760194
Branin-Fav,MFGP,42,25.0,0.0523754278760194
Branin-Fav,MFGP,42,25.1,0.0523754278760194
Branin-Fav,MFGP,42,25.2,0.0523754278760194
Branin-Fav,MFGP,42,25.3,0.0523754278760194
Branin-Fav,MFGP,42,25.4,0.0523754278760194
Branin-Fav,MFGP,42,25.5,0.0523754278760194
Branin-Fav,MFGP,42,26.5,0.0523754278760194
Branin-Fav,MFGP,42,26.6,0.0523754278760194
Branin-Fav,MFGP,42,26.7,0.0523754278760194
Branin-Fav,MFGP,42,26.8,0.0523754278760194
Branin-Fav,MFGP,42,26.9,0.0523754278760194
Branin-Fav,MFGP,42,27.0,0.0523754278760194
Branin-Fav,MFGP,42,27.1,0.0523754278760194
Branin-Fav,MFGP,42,27.2,0.0523754278760194
Branin-Fav,MFGP,42,27.3,0.0523754278760194
Branin-Fav,MFGP,42,27.4,0.0523754278760194
Branin-Fav,MFGP,42,27.5,0.0523754278760194
Branin-Fav,MFGP,42,28.5,0.0523754278760194
Branin-Fav,MFGP,42,28.6,0.0523754278760194
Branin-Fav,MFGP,42,28.7,0.0523754278760194
Branin-Fav,MFGP,42,28.8,0.0523754278760194
Branin-Fav,MFGP,42,28.9,0.0523754278760194
Branin-Fav,MFGP,42,29.0,0.0523754278760194
Branin-Fav,MFGP,42,29.1,0.0523754278760194
Branin-Fav,MFGP,42,29.2,0.0523754278760194
Branin-Fav,MFGP,42,29.3,0.0523754278760194
Branin-Fav,MFGP,42,29.4,0.0523754278760194
Branin-Fav,MFGP,42,29.5,0.0523754278760194
Branin-Fav,MFGP,42,30.5,0.0523754278760194
Branin-Fav,MFGP,42,30.6,0.0523754278760194
Branin-Fav,MFGP,42,30.7,0.0523754278760194
Branin-Fav,MFGP,42,30.8,0.0523754278760194
Branin-Fav,MFGP,42,30.9,0.0523754278760194
Branin-Fav,MFGP,42,31.0,0.0523754278760194
Branin-Fav,MFGP,42,31.1,0.0523754278760194
Branin-Fav,MFGP,42,31.2,0.0523754278760194
Branin-Fav,MFGP,42,31.3,0.0523754278760194
Branin-Fav,MFGP,42,31.4,0.0523754278760194
Branin-Fav,MFGP,42,31.5,0.0523754278760194
Branin-Fav,MFGP,42,32.5,0.0523754278760194
Branin-Fav,MFGP,42,32.6,0.0523754278760194
Branin-Fav,MFGP,42,32.7,0.0523754278760194
Branin-Fav,MFGP,42,32.8,0.0523754278760194
Branin-Fav,MFGP,42,32.9,0.0523754278760194
Branin-Fav,MFGP,42,33.0,0.0523754278760194
Branin-Fav,MFGP,42,33.1,0.0523754278760194
Branin-Fav,MFGP,42,33.2,0.0523754278760194
Branin-Fav,MFGP,42,33.3,0.0523754278760194
Branin-Fav,MFGP,42,33.4,0.0523754278760194
Branin-Fav,MFGP,42,33.5,0.0523754278760194
Branin-Fav,MFGP,42,34.5,0.0523754278760194
Branin-Fav,MFGP,42,34.6,0.0523754278760194
Branin-Fav,MFGP,42,34.7,0.0523754278760194
Branin-Fav,MFGP,42,34.8,0.0523754278760194
Branin-Fav,MFGP,42,34.9,0.0523754278760194
Branin-Fav,MFGP,42,35.0,0.0523754278760194
Branin-Fav,MFGP,42,35.1,0.0523754278760194
Branin-Fav,MFGP,42,35.2,0.0523754278760194
Branin-Fav,MFGP,42,35.3,0.0523754278760194
Branin-Fav,MFGP,42,35.4,0.0523754278760194
Branin-Fav,MFGP,42,35.5,0.0523754278760194
Branin-Fav,MFGP,42,36.5,0.0523754278760194
Branin-Fav,MFGP,42,36.6,0.0523754278760194
Branin-Fav,MFGP,42,36.7,0.0523754278760194
Branin-Fav,MFGP,42,36.8,0.0523754278760194
Branin-Fav,MFGP,42,36.9,0.0523754278760194
Branin-Fav,MFGP,42,37.0,0.0523754278760194
Branin-Fav,MFGP,42,37.1,0.0523754278760194
Branin-Fav,MFGP,42,37.2,0.0523754278760194
Branin-Fav,MFGP,42,37.3,0.0523754278760194
Branin-Fav,MFGP,42,37.4,0.0523754278760194
Branin-Fav,MFGP,42,37.5,0.0523754278760194
Branin-Fav,MFGP,42,38.5,0.0523754278760194
Branin-Fav,MFGP,42,38.6,0.0523754278760194
Branin-Fav,MFGP,42,38.7,0.0523754278760194
Branin-Fav,MFGP,42,38.8,0.0523754278760194
Branin-Fav,MFGP,42,38.9,0.0523754278760194
Branin-Fav,MFGP,42,39.0,0.0523754278760194
Branin-Fav,MFGP,42,39.1,0.0523754278760194
Branin-Fav,MFGP,42,39.2,0.0523754278760194
Branin-Fav,MFGP,42,39.3,0.0523754278760194
Branin-Fav,MFGP,42,39.4,0.0523754278760194
Branin-Fav,MFGP,42,39.5,0.0523754278760194
Branin-Fav,MFGP,42,40.5,0.0523754278760194
Branin-Fav,MFGP,42,40.6,0.0523754278760194
Branin-Fav,MFGP,42,40.7,0.0523754278760194
Branin-Fav,MFGP,42,40.8,0.0523754278760194
Branin-Fav,MFGP,42,40.9,0.0523754278760194
Branin-Fav,MFGP,42,41.0,0.0523754278760194
Branin-Fav,MFGP,42,41.1,0.0523754278760194
Branin-Fav,MFGP,42,41.2,0.0523754278760194
Branin-Fav,MFGP,42,41.3,0.0523754278760194
Branin-Fav,MFGP,42,41.4,0.0523754278760194
Branin-Fav,MFGP,42,41.5,0.0523754278760194
Branin-Fav,MFGP,42,42.5,0.0523754278760194
Branin-Fav,MFGP,42,42.6,0.0523754278760194
Branin-Fav,MFGP,42,42.7,0.0523754278760194
Branin-Fav,MFGP,42,42.8,0.0523754278760194
Branin-Fav,MFGP,42,42.9,0.0523754278760194
Branin-Fav,MFGP,42,43.0,0.0523754278760194
Branin-Fav,MFGP,42,43.1,0.0523754278760194
Branin-Fav,MFGP,42,43.2,0.0523754278760194
Branin-Fav,MFGP,42,43.3,0.0523754278760194
Branin-Fav,MFGP,42,43.4,0.0523754278760194
Branin-Fav,MFGP,42,43.5,0.0523754278760194
Branin-Fav,MFGP,42,44.5,0.0523754278760194
Branin-Fav,MFGP,42,44.6,0.0523754278760194
Branin-Fav,MFGP,42,44.7,0.0523754278760194
Branin-Fav,MFGP,42,44.8,0.0523754278760194
Branin-Fav,MFGP,42,44.9,0.0523754278760194
Branin-Fav,MFGP,42,45.0,0.0523754278760194
Branin-Fav,MFGP,42,45.1,0.0523754278760194
Branin-Fav,MFGP,42,45.2,0.0523754278760194
Branin-Fav,MFGP,42,45.3,0.0523754278760194
Branin-Fav,MFGP,42,45.4,0.0523754278760194
Branin-Fav,MFGP,42,45.5,0.0523754278760194
Branin-Fav,MFGP,42,46.5,0.0523754278760194
Branin-Fav,MFGP,42,46.6,0.0523754278760194
Branin-Fav,MFGP,42,46.7,0.0523754278760194
Branin-Fav,MFGP,42,46.8,0.0523754278760194
Branin-Fav,MFGP,42,46.9,0.0523754278760194
Branin-Fav,MFGP,42,47.0,0.0523754278760194
Branin-Fav,MFGP,42,47.1,0.0523754278760194
Branin-Fav,MFGP,42,47.2,0.0523754278760194
Branin-Fav,MFGP,42,47.3,0.0523754278760194
Branin-Fav,MFGP,42,47.4,0.0523754278760194
Branin-Fav,MFGP,42,47.5,0.0523754278760194
Branin-Fav,MFGP,42,48.5,0.0523754278760194
Branin-Fav,MFGP,42,48.6,0.0523754278760194
Branin-Fav,MFGP,42,48.7,0.0523754278760194
Branin-Fav,MFGP,42,48.8,0.0523754278760194
Branin-Fav,MFGP,42,48.9,0.0523754278760194
Branin-Fav,MFGP,42,49.0,0.0523754278760194
Branin-Fav,MFGP,42,49.1,0.0523754278760194
Branin-Fav,MFGP,42,49.2,0.0523754278760194
Branin-Fav,MFGP,42,49.3,0.0523754278760194
Branin-Fav,MFGP,42,49.4,0.0523754278760194
Branin-Fav,MFGP,42,49.5,0.0523754278760194
Branin-Fav,MFGP,42,49.6,0.0523754278760194
Branin-Fav,MFGP,42,49.7,0.0523754278760194
Branin-Fav,MFGP,42,49.8,0.0523754278760194
Branin-Fav,MFGP,42,49.9,0.0523754278760194
Branin-Fav,MFGP,43,4.5,17.05989503259329
Branin-Fav,MFGP,43,4.6,17.05989503259329
Branin-Fav,MFGP,43,4.7,17.05989503259329
Branin-Fav,MFGP,43,4.8,17.05989503259329
Branin-Fav,MFGP,43,4.9,17.05989503259329
Branin-Fav,MFGP,43,5.0,17.05989503259329
Branin-Fav,MFGP,43,5.1,17.05989503259329
Branin-Fav,MFGP,43,5.2,17.05989503259329
Branin-Fav,MFGP,43,5.3,17.05989503259329
Branin-Fav,MFGP,43,5.4,17.05989503259329
Branin-Fav,MFGP,43,5.5,17.05989503259329
Branin-Fav,MFGP,43,6.5,0.2831528012458929
Branin-Fav,MFGP,43,6.6,0.2831528012458929
Branin-Fav,MFGP,43,6.7,0.2831528012458929
Branin-Fav,MFGP,43,6.8,0.2831528012458929
Branin-Fav,MFGP,43,6.9,0.2831528012458929
Branin-Fav,MFGP,43,7.0,0.2831528012458929
Branin-Fav,MFGP,43,7.1,0.2831528012458929
Branin-Fav,MFGP,43,7.2,0.2831528012458929
Branin-Fav,MFGP,43,7.3,0.2831528012458929
Branin-Fav,MFGP,43,7.4,0.2831528012458929
Branin-Fav,MFGP,43,7.5,0.2831528012458929
Branin-Fav,MFGP,43,8.5,0.2831528012458929
Branin-Fav,MFGP,43,8.6,0.2831528012458929
Branin-Fav,MFGP,43,8.7,0.2831528012458929
Branin-Fav,MFGP,43,8.8,0.2831528012458929
Branin-Fav,MFGP,43,8.9,0.2831528012458929
Branin-Fav,MFGP,43,9.0,0.2831528012458929
Branin-Fav,MFGP,43,9.1,0.2831528012458929
Branin-Fav,MFGP,43,9.2,0.2831528012458929
Branin-Fav,MFGP,43,9.3,0.2831528012458929
Branin-Fav,MFGP,43,9.4,0.2831528012458929
Branin-Fav,MFGP,43,9.5,0.2831528012458929
Branin-Fav,MFGP,43,10.5,0.2831528012458929
Branin-Fav,MFGP,43,10.6,0.2831528012458929
Branin-Fav,MFGP,43,10.7,0.2831528012458929
Branin-Fav,MFGP,43,10.8,0.2831528012458929
Branin-Fav,MFGP,43,10.9,0.2831528012458929
Branin-Fav,MFGP,43,11.0,0.2831528012458929
Branin-Fav,MFGP,43,11.1,0.2831528012458929
Branin-Fav,MFGP,43,11.2,0.2831528012458929
Branin-Fav,MFGP,43,11.3,0.2831528012458929
Branin-Fav,MFGP,43,11.4,0.2831528012458929
Branin-Fav,MFGP,43,11.5,0.2831528012458929
Branin-Fav,MFGP,43,12.5,0.2831528012458929
Branin-Fav,MFGP,43,12.6,0.2831528012458929
Branin-Fav,MFGP,43,12.7,0.2831528012458929
Branin-Fav,MFGP,43,12.8,0.2831528012458929
Branin-Fav,MFGP,43,12.9,0.2831528012458929
Branin-Fav,MFGP,43,13.0,0.2831528012458929
Branin-Fav,MFGP,43,13.1,0.2831528012458929
Branin-Fav,MFGP,43,13.2,0.2831528012458929
Branin-Fav,MFGP,43,13.3,0.2831528012458929
Branin-Fav,MFGP,43,13.4,0.2831528012458929
Branin-Fav,MFGP,43,13.5,0.2831528012458929
Branin-Fav,MFGP,43,14.5,0.2831528012458929
Branin-Fav,MFGP,43,14.6,0.2831528012458929
Branin-Fav,MFGP,43,14.7,0.2831528012458929
Branin-Fav,MFGP,43,14.8,0.2831528012458929
Branin-Fav,MFGP,43,14.9,0.2831528012458929
Branin-Fav,MFGP,43,15.0,0.2831528012458929
Branin-Fav,MFGP,43,15.1,0.2831528012458929
Branin-Fav,MFGP,43,15.2,0.2831528012458929
Branin-Fav,MFGP,43,15.3,0.2831528012458929
Branin-Fav,MFGP,43,15.4,0.2831528012458929
Branin-Fav,MFGP,43,15.5,0.2831528012458929
Branin-Fav,MFGP,43,16.5,0.2831528012458929
Branin-Fav,MFGP,43,16.6,0.2831528012458929
Branin-Fav,MFGP,43,16.7,0.2831528012458929
Branin-Fav,MFGP,43,16.8,0.2831528012458929
Branin-Fav,MFGP,43,16.9,0.2831528012458929
Branin-Fav,MFGP,43,17.0,0.2831528012458929
Branin-Fav,MFGP,43,17.1,0.2831528012458929
Branin-Fav,MFGP,43,17.2,0.2831528012458929
Branin-Fav,MFGP,43,17.3,0.2831528012458929
Branin-Fav,MFGP,43,17.4,0.2831528012458929
Branin-Fav,MFGP,43,17.5,0.2831528012458929
Branin-Fav,MFGP,43,18.5,0.2831528012458929
Branin-Fav,MFGP,43,18.6,0.2831528012458929
Branin-Fav,MFGP,43,18.7,0.2831528012458929
Branin-Fav,MFGP,43,18.8,0.2831528012458929
Branin-Fav,MFGP,43,18.9,0.2831528012458929
Branin-Fav,MFGP,43,19.0,0.2831528012458929
Branin-Fav,MFGP,43,19.1,0.2831528012458929
Branin-Fav,MFGP,43,19.2,0.2831528012458929
Branin-Fav,MFGP,43,19.3,0.2831528012458929
Branin-Fav,MFGP,43,19.4,0.2831528012458929
Branin-Fav,MFGP,43,19.5,0.2831528012458929
Branin-Fav,MFGP,43,20.5,0.2831528012458929
Branin-Fav,MFGP,43,20.6,0.2831528012458929
Branin-Fav,MFGP,43,20.7,0.2831528012458929
Branin-Fav,MFGP,43,20.8,0.2831528012458929
Branin-Fav,MFGP,43,20.9,0.2831528012458929
Branin-Fav,MFGP,43,21.0,0.2831528012458929
Branin-Fav,MFGP,43,21.1,0.2831528012458929
Branin-Fav,MFGP,43,21.2,0.2831528012458929
Branin-Fav,MFGP,43,21.3,0.2831528012458929
Branin-Fav,MFGP,43,21.4,0.2831528012458929
Branin-Fav,MFGP,43,21.5,0.2831528012458929
Branin-Fav,MFGP,43,22.5,0.2831528012458929
Branin-Fav,MFGP,43,22.6,0.2831528012458929
Branin-Fav,MFGP,43,22.7,0.2831528012458929
Branin-Fav,MFGP,43,22.8,0.2831528012458929
Branin-Fav,MFGP,43,22.9,0.2831528012458929
Branin-Fav,MFGP,43,23.0,0.2831528012458929
Branin-Fav,MFGP,43,23.1,0.2831528012458929
Branin-Fav,MFGP,43,23.2,0.2831528012458929
Branin-Fav,MFGP,43,23.3,0.2831528012458929
Branin-Fav,MFGP,43,23.4,0.2831528012458929
Branin-Fav,MFGP,43,23.5,0.2831528012458929
Branin-Fav,MFGP,43,24.5,0.2831528012458929
Branin-Fav,MFGP,43,24.6,0.2831528012458929
Branin-Fav,MFGP,43,24.7,0.2831528012458929
Branin-Fav,MFGP,43,24.8,0.2831528012458929
Branin-Fav,MFGP,43,24.9,0.2831528012458929
Branin-Fav,MFGP,43,25.0,0.2831528012458929
Branin-Fav,MFGP,43,25.1,0.2831528012458929
Branin-Fav,MFGP,43,25.2,0.2831528012458929
Branin-Fav,MFGP,43,25.3,0.2831528012458929
Branin-Fav,MFGP,43,25.4,0.2831528012458929
Branin-Fav,MFGP,43,25.5,0.2831528012458929
Branin-Fav,MFGP,43,26.5,0.2831528012458929
Branin-Fav,MFGP,43,26.6,0.2831528012458929
Branin-Fav,MFGP,43,26.7,0.2831528012458929
Branin-Fav,MFGP,43,26.8,0.2831528012458929
Branin-Fav,MFGP,43,26.9,0.2831528012458929
Branin-Fav,MFGP,43,27.0,0.2831528012458929
Branin-Fav,MFGP,43,27.1,0.2831528012458929
Branin-Fav,MFGP,43,27.2,0.2831528012458929
Branin-Fav,MFGP,43,27.3,0.2831528012458929
Branin-Fav,MFGP,43,27.4,0.2831528012458929
Branin-Fav,MFGP,43,27.5,0.2831528012458929
Branin-Fav,MFGP,43,28.5,0.2831528012458929
Branin-Fav,MFGP,43,28.6,0.2831528012458929
Branin-Fav,MFGP,43,28.7,0.2831528012458929
Branin-Fav,MFGP,43,28.8,0.2831528012458929
Branin-Fav,MFGP,43,28.9,0.2831528012458929
Branin-Fav,MFGP,43,29.0,0.2831528012458929
Branin-Fav,MFGP,43,29.1,0.2831528012458929
Branin-Fav,MFGP,43,29.2,0.2831528012458929
Branin-Fav,MFGP,43,29.3,0.2831528012458929
Branin-Fav,MFGP,43,29.4,0.2831528012458929
Branin-Fav,MFGP,43,29.5,0.2831528012458929
Branin-Fav,MFGP,43,30.5,0.2831528012458929
Branin-Fav,MFGP,43,30.6,0.2831528012458929
Branin-Fav,MFGP,43,30.7,0.2831528012458929
Branin-Fav,MFGP,43,30.8,0.2831528012458929
Branin-Fav,MFGP,43,30.9,0.2831528012458929
Branin-Fav,MFGP,43,31.0,0.2831528012458929
Branin-Fav,MFGP,43,31.1,0.2831528012458929
Branin-Fav,MFGP,43,31.2,0.2831528012458929
Branin-Fav,MFGP,43,31.3,0.2831528012458929
Branin-Fav,MFGP,43,31.4,0.2831528012458929
Branin-Fav,MFGP,43,31.5,0.2831528012458929
Branin-Fav,MFGP,43,32.5,0.2831528012458929
Branin-Fav,MFGP,43,32.6,0.2831528012458929
Branin-Fav,MFGP,43,32.7,0.2831528012458929
Branin-Fav,MFGP,43,32.8,0.2831528012458929
Branin-Fav,MFGP,43,32.9,0.2831528012458929
Branin-Fav,MFGP,43,33.0,0.2831528012458929
Branin-Fav,MFGP,43,33.1,0.2831528012458929
Branin-Fav,MFGP,43,33.2,0.2831528012458929
Branin-Fav,MFGP,43,33.3,0.2831528012458929
Branin-Fav,MFGP,43,33.4,0.2831528012458929
Branin-Fav,MFGP,43,33.5,0.2831528012458929
Branin-Fav,MFGP,43,34.5,0.2831528012458929
Branin-Fav,MFGP,43,34.6,0.2831528012458929
Branin-Fav,MFGP,43,34.7,0.2831528012458929
Branin-Fav,MFGP,43,34.8,0.2831528012458929
Branin-Fav,MFGP,43,34.9,0.2831528012458929
Branin-Fav,MFGP,43,35.0,0.2831528012458929
Branin-Fav,MFGP,43,35.1,0.2831528012458929
Branin-Fav,MFGP,43,35.2,0.2831528012458929
Branin-Fav,MFGP,43,35.3,0.2831528012458929
Branin-Fav,MFGP,43,35.4,0.2831528012458929
Branin-Fav,MFGP,43,35.5,0.2831528012458929
Branin-Fav,MFGP,43,36.5,0.2831528012458929
Branin-Fav,MFGP,43,36.6,0.2831528012458929
Branin-Fav,MFGP,43,36.7,0.2831528012458929
Branin-Fav,MFGP,43,36.8,0.2831528012458929
Branin-Fav,MFGP,43,36.9,0.2831528012458929
Branin-Fav,MFGP,43,37.0,0.2831528012458929
Branin-Fav,MFGP,43,37.1,0.2831528012458929
Branin-Fav,MFGP,43,37.2,0.2831528012458929
Branin-Fav,MFGP,43,37.3,0.2831528012458929
Branin-Fav,MFGP,43,37.4,0.2831528012458929
Branin-Fav,MFGP,43,37.5,0.2831528012458929
Branin-Fav,MFGP,43,38.5,0.2831528012458929
Branin-Fav,MFGP,43,38.6,0.2831528012458929
Branin-Fav,MFGP,43,38.7,0.2831528012458929
Branin-Fav,MFGP,43,38.8,0.2831528012458929
Branin-Fav,MFGP,43,38.9,0.2831528012458929
Branin-Fav,MFGP,43,39.0,0.2831528012458929
Branin-Fav,MFGP,43,39.1,0.2831528012458929
Branin-Fav,MFGP,43,39.2,0.2831528012458929
Branin-Fav,MFGP,43,39.3,0.2831528012458929
Branin-Fav,MFGP,43,39.4,0.2831528012458929
Branin-Fav,MFGP,43,39.5,0.2831528012458929
Branin-Fav,MFGP,43,40.5,0.2831528012458929
Branin-Fav,MFGP,43,40.6,0.2831528012458929
Branin-Fav,MFGP,43,40.7,0.2831528012458929
Branin-Fav,MFGP,43,40.8,0.2831528012458929
Branin-Fav,MFGP,43,40.9,0.2831528012458929
Branin-Fav,MFGP,43,41.0,0.2831528012458929
Branin-Fav,MFGP,43,41.1,0.2831528012458929
Branin-Fav,MFGP,43,41.2,0.2831528012458929
Branin-Fav,MFGP,43,41.3,0.2831528012458929
Branin-Fav,MFGP,43,41.4,0.2831528012458929
Branin-Fav,MFGP,43,41.5,0.2831528012458929
Branin-Fav,MFGP,43,42.5,0.2831528012458929
Branin-Fav,MFGP,43,42.6,0.2831528012458929
Branin-Fav,MFGP,43,42.7,0.2831528012458929
Branin-Fav,MFGP,43,42.8,0.2831528012458929
Branin-Fav,MFGP,43,42.9,0.2831528012458929
Branin-Fav,MFGP,43,43.0,0.2831528012458929
Branin-Fav,MFGP,43,43.1,0.2831528012458929
Branin-Fav,MFGP,43,43.2,0.2831528012458929
Branin-Fav,MFGP,43,43.3,0.2831528012458929
Branin-Fav,MFGP,43,43.4,0.2831528012458929
Branin-Fav,MFGP,43,43.5,0.2831528012458929
Branin-Fav,MFGP,43,44.5,0.2831528012458929
Branin-Fav,MFGP,43,44.6,0.2831528012458929
Branin-Fav,MFGP,43,44.7,0.2831528012458929
Branin-Fav,MFGP,43,44.8,0.2831528012458929
Branin-Fav,MFGP,43,44.9,0.2831528012458929
Branin-Fav,MFGP,43,45.0,0.2831528012458929
Branin-Fav,MFGP,43,45.1,0.2831528012458929
Branin-Fav,MFGP,43,45.2,0.2831528012458929
Branin-Fav,MFGP,43,45.3,0.2831528012458929
Branin-Fav,MFGP,43,45.4,0.2831528012458929
Branin-Fav,MFGP,43,45.5,0.2831528012458929
Branin-Fav,MFGP,43,46.5,0.2831528012458929
Branin-Fav,MFGP,43,46.6,0.2831528012458929
Branin-Fav,MFGP,43,46.7,0.2831528012458929
Branin-Fav,MFGP,43,46.8,0.2831528012458929
Branin-Fav,MFGP,43,46.9,0.2831528012458929
Branin-Fav,MFGP,43,47.0,0.2831528012458929
Branin-Fav,MFGP,43,47.1,0.2831528012458929
Branin-Fav,MFGP,43,47.2,0.2831528012458929
Branin-Fav,MFGP,43,47.3,0.2831528012458929
Branin-Fav,MFGP,43,47.4,0.2831528012458929
Branin-Fav,MFGP,43,47.5,0.2831528012458929
Branin-Fav,MFGP,43,48.5,0.2831528012458929
Branin-Fav,MFGP,43,48.6,0.2831528012458929
Branin-Fav,MFGP,43,48.7,0.2831528012458929
Branin-Fav,MFGP,43,48.8,0.2831528012458929
Branin-Fav,MFGP,43,48.9,0.2831528012458929
Branin-Fav,MFGP,43,49.0,0.2831528012458929
Branin-Fav,MFGP,43,49.1,0.2831528012458929
Branin-Fav,MFGP,43,49.2,0.2831528012458929
Branin-Fav,MFGP,43,49.3,0.2831528012458929
Branin-Fav,MFGP,43,49.4,0.2831528012458929
Branin-Fav,MFGP,43,49.5,0.2831528012458929
Branin-Fav,MFGP,43,49.6,0.2831528012458929
Branin-Fav,MFGP,43,49.7,0.2831528012458929
Branin-Fav,MFGP,43,49.8,0.2831528012458929
Branin-Fav,MFGP,43,49.9,0.2831528012458929
Branin-Fav,MFGP,44,4.5,26.242241127546777
Branin-Fav,MFGP,44,4.6,26.242241127546777
Branin-Fav,MFGP,44,4.7,26.242241127546777
Branin-Fav,MFGP,44,4.8,26.242241127546777
Branin-Fav,MFGP,44,4.9,26.242241127546777
Branin-Fav,MFGP,44,5.0,26.242241127546777
Branin-Fav,MFGP,44,5.1,26.242241127546777
Branin-Fav,MFGP,44,5.2,26.242241127546777
Branin-Fav,MFGP,44,5.3,26.242241127546777
Branin-Fav,MFGP,44,5.4,26.242241127546777
Branin-Fav,MFGP,44,5.5,26.242241127546777
Branin-Fav,MFGP,44,6.5,4.149448226435588
Branin-Fav,MFGP,44,6.6,4.149448226435588
Branin-Fav,MFGP,44,6.7,4.149448226435588
Branin-Fav,MFGP,44,6.8,4.149448226435588
Branin-Fav,MFGP,44,6.9,4.149448226435588
Branin-Fav,MFGP,44,7.0,4.149448226435588
Branin-Fav,MFGP,44,7.1,4.149448226435588
Branin-Fav,MFGP,44,7.2,4.149448226435588
Branin-Fav,MFGP,44,7.3,4.149448226435588
Branin-Fav,MFGP,44,7.4,4.149448226435588
Branin-Fav,MFGP,44,7.5,4.149448226435588
Branin-Fav,MFGP,44,8.5,2.230263344915758
Branin-Fav,MFGP,44,8.6,2.230263344915758
Branin-Fav,MFGP,44,8.7,2.230263344915758
Branin-Fav,MFGP,44,8.8,2.230263344915758
Branin-Fav,MFGP,44,8.9,2.230263344915758
Branin-Fav,MFGP,44,9.0,2.230263344915758
Branin-Fav,MFGP,44,9.1,2.230263344915758
Branin-Fav,MFGP,44,9.2,2.230263344915758
Branin-Fav,MFGP,44,9.3,2.230263344915758
Branin-Fav,MFGP,44,9.4,2.230263344915758
Branin-Fav,MFGP,44,9.5,2.230263344915758
Branin-Fav,MFGP,44,10.5,1.173622761576442
Branin-Fav,MFGP,44,10.6,1.173622761576442
Branin-Fav,MFGP,44,10.7,1.173622761576442
Branin-Fav,MFGP,44,10.8,1.173622761576442
Branin-Fav,MFGP,44,10.9,1.173622761576442
Branin-Fav,MFGP,44,11.0,1.173622761576442
Branin-Fav,MFGP,44,11.1,1.173622761576442
Branin-Fav,MFGP,44,11.2,1.173622761576442
Branin-Fav,MFGP,44,11.3,1.173622761576442
Branin-Fav,MFGP,44,11.4,1.173622761576442
Branin-Fav,MFGP,44,11.5,1.173622761576442
Branin-Fav,MFGP,44,12.5,1.173622761576442
Branin-Fav,MFGP,44,12.6,1.173622761576442
Branin-Fav,MFGP,44,12.7,1.173622761576442
Branin-Fav,MFGP,44,12.8,1.173622761576442
Branin-Fav,MFGP,44,12.9,1.173622761576442
Branin-Fav,MFGP,44,13.0,1.173622761576442
Branin-Fav,MFGP,44,13.1,1.173622761576442
Branin-Fav,MFGP,44,13.2,1.173622761576442
Branin-Fav,MFGP,44,13.3,1.173622761576442
Branin-Fav,MFGP,44,13.4,1.173622761576442
Branin-Fav,MFGP,44,13.5,1.173622761576442
Branin-Fav,MFGP,44,14.5,1.173622761576442
Branin-Fav,MFGP,44,14.6,1.173622761576442
Branin-Fav,MFGP,44,14.7,1.173622761576442
Branin-Fav,MFGP,44,14.8,1.173622761576442
Branin-Fav,MFGP,44,14.9,1.173622761576442
Branin-Fav,MFGP,44,15.0,1.173622761576442
Branin-Fav,MFGP,44,15.1,1.173622761576442
Branin-Fav,MFGP,44,15.2,1.173622761576442
Branin-Fav,MFGP,44,15.3,1.173622761576442
Branin-Fav,MFGP,44,15.4,1.173622761576442
Branin-Fav,MFGP,44,15.5,1.173622761576442
Branin-Fav,MFGP,44,16.5,1.173622761576442
Branin-Fav,MFGP,44,16.6,1.173622761576442
Branin-Fav,MFGP,44,16.7,1.173622761576442
Branin-Fav,MFGP,44,16.8,1.173622761576442
Branin-Fav,MFGP,44,16.9,1.173622761576442
Branin-Fav,MFGP,44,17.0,1.173622761576442
Branin-Fav,MFGP,44,17.1,1.173622761576442
Branin-Fav,MFGP,44,17.2,1.173622761576442
Branin-Fav,MFGP,44,17.3,1.173622761576442
Branin-Fav,MFGP,44,17.4,1.173622761576442
Branin-Fav,MFGP,44,17.5,1.173622761576442
Branin-Fav,MFGP,44,18.5,1.173622761576442
Branin-Fav,MFGP,44,18.6,1.173622761576442
Branin-Fav,MFGP,44,18.7,1.173622761576442
Branin-Fav,MFGP,44,18.8,1.173622761576442
Branin-Fav,MFGP,44,18.9,1.173622761576442
Branin-Fav,MFGP,44,19.0,1.173622761576442
Branin-Fav,MFGP,44,19.1,1.173622761576442
Branin-Fav,MFGP,44,19.2,1.173622761576442
Branin-Fav,MFGP,44,19.3,1.173622761576442
Branin-Fav,MFGP,44,19.4,1.173622761576442
Branin-Fav,MFGP,44,19.5,1.173622761576442
Branin-Fav,MFGP,44,20.5,1.173622761576442
Branin-Fav,MFGP,44,20.6,1.173622761576442
Branin-Fav,MFGP,44,20.7,1.173622761576442
Branin-Fav,MFGP,44,20.8,1.173622761576442
Branin-Fav,MFGP,44,20.9,1.173622761576442
Branin-Fav,MFGP,44,21.0,1.173622761576442
Branin-Fav,MFGP,44,21.1,1.173622761576442
Branin-Fav,MFGP,44,21.2,1.173622761576442
Branin-Fav,MFGP,44,21.3,1.173622761576442
Branin-Fav,MFGP,44,21.4,1.173622761576442
Branin-Fav,MFGP,44,21.5,1.173622761576442
Branin-Fav,MFGP,44,22.5,1.173622761576442
Branin-Fav,MFGP,44,22.6,1.173622761576442
Branin-Fav,MFGP,44,22.7,1.173622761576442
Branin-Fav,MFGP,44,22.8,1.173622761576442
Branin-Fav,MFGP,44,22.9,1.173622761576442
Branin-Fav,MFGP,44,23.0,1.173622761576442
Branin-Fav,MFGP,44,23.1,1.173622761576442
Branin-Fav,MFGP,44,23.2,1.173622761576442
Branin-Fav,MFGP,44,23.3,1.173622761576442
Branin-Fav,MFGP,44,23.4,1.173622761576442
Branin-Fav,MFGP,44,23.5,1.173622761576442
Branin-Fav,MFGP,44,24.5,0.1600559232407591
Branin-Fav,MFGP,44,24.6,0.1600559232407591
Branin-Fav,MFGP,44,24.7,0.1600559232407591
Branin-Fav,MFGP,44,24.8,0.1600559232407591
Branin-Fav,MFGP,44,24.9,0.1600559232407591
Branin-Fav,MFGP,44,25.0,0.1600559232407591
Branin-Fav,MFGP,44,25.1,0.1600559232407591
Branin-Fav,MFGP,44,25.2,0.1600559232407591
Branin-Fav,MFGP,44,25.3,0.1600559232407591
Branin-Fav,MFGP,44,25.4,0.1600559232407591
Branin-Fav,MFGP,44,25.5,0.1600559232407591
Branin-Fav,MFGP,44,26.5,0.1600559232407591
Branin-Fav,MFGP,44,26.6,0.1600559232407591
Branin-Fav,MFGP,44,26.7,0.1600559232407591
Branin-Fav,MFGP,44,26.8,0.1600559232407591
Branin-Fav,MFGP,44,26.9,0.1600559232407591
Branin-Fav,MFGP,44,27.0,0.1600559232407591
Branin-Fav,MFGP,44,27.1,0.1600559232407591
Branin-Fav,MFGP,44,27.2,0.1600559232407591
Branin-Fav,MFGP,44,27.3,0.1600559232407591
Branin-Fav,MFGP,44,27.4,0.1600559232407591
Branin-Fav,MFGP,44,27.5,0.1600559232407591
Branin-Fav,MFGP,44,28.5,0.1600559232407591
Branin-Fav,MFGP,44,28.6,0.1600559232407591
Branin-Fav,MFGP,44,28.7,0.1600559232407591
Branin-Fav,MFGP,44,28.8,0.1600559232407591
Branin-Fav,MFGP,44,28.9,0.1600559232407591
Branin-Fav,MFGP,44,29.0,0.1600559232407591
Branin-Fav,MFGP,44,29.1,0.1600559232407591
Branin-Fav,MFGP,44,29.2,0.1600559232407591
Branin-Fav,MFGP,44,29.3,0.1600559232407591
Branin-Fav,MFGP,44,29.4,0.1600559232407591
Branin-Fav,MFGP,44,29.5,0.1600559232407591
Branin-Fav,MFGP,44,30.5,0.1600559232407591
Branin-Fav,MFGP,44,30.6,0.1600559232407591
Branin-Fav,MFGP,44,30.7,0.1600559232407591
Branin-Fav,MFGP,44,30.8,0.1600559232407591
Branin-Fav,MFGP,44,30.9,0.1600559232407591
Branin-Fav,MFGP,44,31.0,0.1600559232407591
Branin-Fav,MFGP,44,31.1,0.1600559232407591
Branin-Fav,MFGP,44,31.2,0.1600559232407591
Branin-Fav,MFGP,44,31.3,0.1600559232407591
Branin-Fav,MFGP,44,31.4,0.1600559232407591
Branin-Fav,MFGP,44,31.5,0.1600559232407591
Branin-Fav,MFGP,44,32.5,0.1600559232407591
Branin-Fav,MFGP,44,32.6,0.1600559232407591
Branin-Fav,MFGP,44,32.7,0.1600559232407591
Branin-Fav,MFGP,44,32.8,0.1600559232407591
Branin-Fav,MFGP,44,32.9,0.1600559232407591
Branin-Fav,MFGP,44,33.0,0.1600559232407591
Branin-Fav,MFGP,44,33.1,0.1600559232407591
Branin-Fav,MFGP,44,33.2,0.1600559232407591
Branin-Fav,MFGP,44,33.3,0.1600559232407591
Branin-Fav,MFGP,44,33.4,0.1600559232407591
Branin-Fav,MFGP,44,33.5,0.1600559232407591
Branin-Fav,MFGP,44,34.5,0.1600559232407591
Branin-Fav,MFGP,44,34.6,0.1600559232407591
Branin-Fav,MFGP,44,34.7,0.1600559232407591
Branin-Fav,MFGP,44,34.8,0.1600559232407591
Branin-Fav,MFGP,44,34.9,0.1600559232407591
Branin-Fav,MFGP,44,35.0,0.1600559232407591
Branin-Fav,MFGP,44,35.1,0.1600559232407591
Branin-Fav,MFGP,44,35.2,0.1600559232407591
Branin-Fav,MFGP,44,35.3,0.1600559232407591
Branin-Fav,MFGP,44,35.4,0.1600559232407591
Branin-Fav,MFGP,44,35.5,0.1600559232407591
Branin-Fav,MFGP,44,36.5,0.1600559232407591
Branin-Fav,MFGP,44,36.6,0.1600559232407591
Branin-Fav,MFGP,44,36.7,0.1600559232407591
Branin-Fav,MFGP,44,36.8,0.1600559232407591
Branin-Fav,MFGP,44,36.9,0.1600559232407591
Branin-Fav,MFGP,44,37.0,0.1600559232407591
Branin-Fav,MFGP,44,37.1,0.1600559232407591
Branin-Fav,MFGP,44,37.2,0.1600559232407591
Branin-Fav,MFGP,44,37.3,0.1600559232407591
Branin-Fav,MFGP,44,37.4,0.1600559232407591
Branin-Fav,MFGP,44,37.5,0.1600559232407591
Branin-Fav,MFGP,44,38.5,0.1600559232407591
Branin-Fav,MFGP,44,38.6,0.1600559232407591
Branin-Fav,MFGP,44,38.7,0.1600559232407591
Branin-Fav,MFGP,44,38.8,0.1600559232407591
Branin-Fav,MFGP,44,38.9,0.1600559232407591
Branin-Fav,MFGP,44,39.0,0.1600559232407591
Branin-Fav,MFGP,44,39.1,0.1600559232407591
Branin-Fav,MFGP,44,39.2,0.1600559232407591
Branin-Fav,MFGP,44,39.3,0.1600559232407591
Branin-Fav,MFGP,44,39.4,0.1600559232407591
Branin-Fav,MFGP,44,39.5,0.1600559232407591
Branin-Fav,MFGP,44,40.5,0.1600559232407591
Branin-Fav,MFGP,44,40.6,0.1600559232407591
Branin-Fav,MFGP,44,40.7,0.1600559232407591
Branin-Fav,MFGP,44,40.8,0.1600559232407591
Branin-Fav,MFGP,44,40.9,0.1600559232407591
Branin-Fav,MFGP,44,41.0,0.1600559232407591
Branin-Fav,MFGP,44,41.1,0.1600559232407591
Branin-Fav,MFGP,44,41.2,0.1600559232407591
Branin-Fav,MFGP,44,41.3,0.1600559232407591
Branin-Fav,MFGP,44,41.4,0.1600559232407591
Branin-Fav,MFGP,44,41.5,0.1600559232407591
Branin-Fav,MFGP,44,42.5,0.1600559232407591
Branin-Fav,MFGP,44,42.6,0.1600559232407591
Branin-Fav,MFGP,44,42.7,0.1600559232407591
Branin-Fav,MFGP,44,42.8,0.1600559232407591
Branin-Fav,MFGP,44,42.9,0.1600559232407591
Branin-Fav,MFGP,44,43.0,0.1600559232407591
Branin-Fav,MFGP,44,43.1,0.1600559232407591
Branin-Fav,MFGP,44,43.2,0.1600559232407591
Branin-Fav,MFGP,44,43.3,0.1600559232407591
Branin-Fav,MFGP,44,43.4,0.1600559232407591
Branin-Fav,MFGP,44,43.5,0.1600559232407591
Branin-Fav,MFGP,44,44.5,0.1600559232407591
Branin-Fav,MFGP,44,44.6,0.1600559232407591
Branin-Fav,MFGP,44,44.7,0.1600559232407591
Branin-Fav,MFGP,44,44.8,0.1600559232407591
Branin-Fav,MFGP,44,44.9,0.1600559232407591
Branin-Fav,MFGP,44,45.0,0.1600559232407591
Branin-Fav,MFGP,44,45.1,0.1600559232407591
Branin-Fav,MFGP,44,45.2,0.1600559232407591
Branin-Fav,MFGP,44,45.3,0.1600559232407591
Branin-Fav,MFGP,44,45.4,0.1600559232407591
Branin-Fav,MFGP,44,45.5,0.1600559232407591
Branin-Fav,MFGP,44,46.5,0.1600559232407591
Branin-Fav,MFGP,44,46.6,0.1600559232407591
Branin-Fav,MFGP,44,46.7,0.1600559232407591
Branin-Fav,MFGP,44,46.8,0.1600559232407591
Branin-Fav,MFGP,44,46.9,0.1600559232407591
Branin-Fav,MFGP,44,47.0,0.1600559232407591
Branin-Fav,MFGP,44,47.1,0.1600559232407591
Branin-Fav,MFGP,44,47.2,0.1600559232407591
Branin-Fav,MFGP,44,47.3,0.1600559232407591
Branin-Fav,MFGP,44,47.4,0.1600559232407591
Branin-Fav,MFGP,44,47.5,0.1600559232407591
Branin-Fav,MFGP,44,48.5,0.1600559232407591
Branin-Fav,MFGP,44,48.6,0.1600559232407591
Branin-Fav,MFGP,44,48.7,0.1600559232407591
Branin-Fav,MFGP,44,48.8,0.1600559232407591
Branin-Fav,MFGP,44,48.9,0.1600559232407591
Branin-Fav,MFGP,44,49.0,0.1600559232407591
Branin-Fav,MFGP,44,49.1,0.1600559232407591
Branin-Fav,MFGP,44,49.2,0.1600559232407591
Branin-Fav,MFGP,44,49.3,0.1600559232407591
Branin-Fav,MFGP,44,49.4,0.1600559232407591
Branin-Fav,MFGP,44,49.5,0.1600559232407591
Branin-Fav,MFGP,44,49.6,0.1600559232407591
Branin-Fav,MFGP,44,49.7,0.1600559232407591
Branin-Fav,MFGP,44,49.8,0.1600559232407591
Branin-Fav,MFGP,44,49.9,0.1600559232407591
Branin-Fav,MFGP,45,4.5,58.068013079257085
Branin-Fav,MFGP,45,4.6,58.068013079257085
Branin-Fav,MFGP,45,4.7,58.068013079257085
Branin-Fav,MFGP,45,4.8,58.068013079257085
Branin-Fav,MFGP,45,4.9,58.068013079257085
Branin-Fav,MFGP,45,5.0,58.068013079257085
Branin-Fav,MFGP,45,5.1,58.068013079257085
Branin-Fav,MFGP,45,5.2,58.068013079257085
Branin-Fav,MFGP,45,5.3,58.068013079257085
Branin-Fav,MFGP,45,5.4,58.068013079257085
Branin-Fav,MFGP,45,5.5,58.068013079257085
Branin-Fav,MFGP,45,6.5,1.3069732706012145
Branin-Fav,MFGP,45,6.6,1.3069732706012145
Branin-Fav,MFGP,45,6.7,1.3069732706012145
Branin-Fav,MFGP,45,6.8,1.3069732706012145
Branin-Fav,MFGP,45,6.9,1.3069732706012145
Branin-Fav,MFGP,45,7.0,1.3069732706012145
Branin-Fav,MFGP,45,7.1,1.3069732706012145
Branin-Fav,MFGP,45,7.2,1.3069732706012145
Branin-Fav,MFGP,45,7.3,1.3069732706012145
Branin-Fav,MFGP,45,7.4,1.3069732706012145
Branin-Fav,MFGP,45,7.5,1.3069732706012145
Branin-Fav,MFGP,45,8.5,1.3069732706012145
Branin-Fav,MFGP,45,8.6,1.3069732706012145
Branin-Fav,MFGP,45,8.7,1.3069732706012145
Branin-Fav,MFGP,45,8.8,1.3069732706012145
Branin-Fav,MFGP,45,8.9,1.3069732706012145
Branin-Fav,MFGP,45,9.0,1.3069732706012145
Branin-Fav,MFGP,45,9.1,1.3069732706012145
Branin-Fav,MFGP,45,9.2,1.3069732706012145
Branin-Fav,MFGP,45,9.3,1.3069732706012145
Branin-Fav,MFGP,45,9.4,1.3069732706012145
Branin-Fav,MFGP,45,9.5,1.3069732706012145
Branin-Fav,MFGP,45,10.5,0.3867984555530669
Branin-Fav,MFGP,45,10.6,0.3867984555530669
Branin-Fav,MFGP,45,10.7,0.3867984555530669
Branin-Fav,MFGP,45,10.8,0.3867984555530669
Branin-Fav,MFGP,45,10.9,0.3867984555530669
Branin-Fav,MFGP,45,11.0,0.3867984555530669
Branin-Fav,MFGP,45,11.1,0.3867984555530669
Branin-Fav,MFGP,45,11.2,0.3867984555530669
Branin-Fav,MFGP,45,11.3,0.3867984555530669
Branin-Fav,MFGP,45,11.4,0.3867984555530669
Branin-Fav,MFGP,45,11.5,0.3867984555530669
Branin-Fav,MFGP,45,12.5,0.3867984555530669
Branin-Fav,MFGP,45,12.6,0.3867984555530669
Branin-Fav,MFGP,45,12.7,0.3867984555530669
Branin-Fav,MFGP,45,12.8,0.3867984555530669
Branin-Fav,MFGP,45,12.9,0.3867984555530669
Branin-Fav,MFGP,45,13.0,0.3867984555530669
Branin-Fav,MFGP,45,13.1,0.3867984555530669
Branin-Fav,MFGP,45,13.2,0.3867984555530669
Branin-Fav,MFGP,45,13.3,0.3867984555530669
Branin-Fav,MFGP,45,13.4,0.3867984555530669
Branin-Fav,MFGP,45,13.5,0.3867984555530669
Branin-Fav,MFGP,45,14.5,0.3867984555530669
Branin-Fav,MFGP,45,14.6,0.3867984555530669
Branin-Fav,MFGP,45,14.7,0.3867984555530669
Branin-Fav,MFGP,45,14.8,0.3867984555530669
Branin-Fav,MFGP,45,14.9,0.3867984555530669
Branin-Fav,MFGP,45,15.0,0.3867984555530669
Branin-Fav,MFGP,45,15.1,0.3867984555530669
Branin-Fav,MFGP,45,15.2,0.3867984555530669
Branin-Fav,MFGP,45,15.3,0.3867984555530669
Branin-Fav,MFGP,45,15.4,0.3867984555530669
Branin-Fav,MFGP,45,15.5,0.3867984555530669
Branin-Fav,MFGP,45,16.5,0.3867984555530669
Branin-Fav,MFGP,45,16.6,0.3867984555530669
Branin-Fav,MFGP,45,16.7,0.3867984555530669
Branin-Fav,MFGP,45,16.8,0.3867984555530669
Branin-Fav,MFGP,45,16.9,0.3867984555530669
Branin-Fav,MFGP,45,17.0,0.3867984555530669
Branin-Fav,MFGP,45,17.1,0.3867984555530669
Branin-Fav,MFGP,45,17.2,0.3867984555530669
Branin-Fav,MFGP,45,17.3,0.3867984555530669
Branin-Fav,MFGP,45,17.4,0.3867984555530669
Branin-Fav,MFGP,45,17.5,0.3867984555530669
Branin-Fav,MFGP,45,18.5,0.3867984555530669
Branin-Fav,MFGP,45,18.6,0.3867984555530669
Branin-Fav,MFGP,45,18.7,0.3867984555530669
Branin-Fav,MFGP,45,18.8,0.3867984555530669
Branin-Fav,MFGP,45,18.9,0.3867984555530669
Branin-Fav,MFGP,45,19.0,0.3867984555530669
Branin-Fav,MFGP,45,19.1,0.3867984555530669
Branin-Fav,MFGP,45,19.2,0.3867984555530669
Branin-Fav,MFGP,45,19.3,0.3867984555530669
Branin-Fav,MFGP,45,19.4,0.3867984555530669
Branin-Fav,MFGP,45,19.5,0.3867984555530669
Branin-Fav,MFGP,45,20.5,0.3867984555530669
Branin-Fav,MFGP,45,20.6,0.3867984555530669
Branin-Fav,MFGP,45,20.7,0.3867984555530669
Branin-Fav,MFGP,45,20.8,0.3867984555530669
Branin-Fav,MFGP,45,20.9,0.3867984555530669
Branin-Fav,MFGP,45,21.0,0.3867984555530669
Branin-Fav,MFGP,45,21.1,0.3867984555530669
Branin-Fav,MFGP,45,21.2,0.3867984555530669
Branin-Fav,MFGP,45,21.3,0.3867984555530669
Branin-Fav,MFGP,45,21.4,0.3867984555530669
Branin-Fav,MFGP,45,21.5,0.3867984555530669
Branin-Fav,MFGP,45,22.5,0.3867984555530669
Branin-Fav,MFGP,45,22.6,0.3867984555530669
Branin-Fav,MFGP,45,22.7,0.3867984555530669
Branin-Fav,MFGP,45,22.8,0.3867984555530669
Branin-Fav,MFGP,45,22.9,0.3867984555530669
Branin-Fav,MFGP,45,23.0,0.3867984555530669
Branin-Fav,MFGP,45,23.1,0.3867984555530669
Branin-Fav,MFGP,45,23.2,0.3867984555530669
Branin-Fav,MFGP,45,23.3,0.3867984555530669
Branin-Fav,MFGP,45,23.4,0.3867984555530669
Branin-Fav,MFGP,45,23.5,0.3867984555530669
Branin-Fav,MFGP,45,24.5,0.3867984555530669
Branin-Fav,MFGP,45,24.6,0.3867984555530669
Branin-Fav,MFGP,45,24.7,0.3867984555530669
Branin-Fav,MFGP,45,24.8,0.3867984555530669
Branin-Fav,MFGP,45,24.9,0.3867984555530669
Branin-Fav,MFGP,45,25.0,0.3867984555530669
Branin-Fav,MFGP,45,25.1,0.3867984555530669
Branin-Fav,MFGP,45,25.2,0.3867984555530669
Branin-Fav,MFGP,45,25.3,0.3867984555530669
Branin-Fav,MFGP,45,25.4,0.3867984555530669
Branin-Fav,MFGP,45,25.5,0.3867984555530669
Branin-Fav,MFGP,45,26.5,0.3867984555530669
Branin-Fav,MFGP,45,26.6,0.3867984555530669
Branin-Fav,MFGP,45,26.7,0.3867984555530669
Branin-Fav,MFGP,45,26.8,0.3867984555530669
Branin-Fav,MFGP,45,26.9,0.3867984555530669
Branin-Fav,MFGP,45,27.0,0.3867984555530669
Branin-Fav,MFGP,45,27.1,0.3867984555530669
Branin-Fav,MFGP,45,27.2,0.3867984555530669
Branin-Fav,MFGP,45,27.3,0.3867984555530669
Branin-Fav,MFGP,45,27.4,0.3867984555530669
Branin-Fav,MFGP,45,27.5,0.3867984555530669
Branin-Fav,MFGP,45,28.5,0.3867984555530669
Branin-Fav,MFGP,45,28.6,0.3867984555530669
Branin-Fav,MFGP,45,28.7,0.3867984555530669
Branin-Fav,MFGP,45,28.8,0.3867984555530669
Branin-Fav,MFGP,45,28.9,0.3867984555530669
Branin-Fav,MFGP,45,29.0,0.3867984555530669
Branin-Fav,MFGP,45,29.1,0.3867984555530669
Branin-Fav,MFGP,45,29.2,0.3867984555530669
Branin-Fav,MFGP,45,29.3,0.3867984555530669
Branin-Fav,MFGP,45,29.4,0.3867984555530669
Branin-Fav,MFGP,45,29.5,0.3867984555530669
Branin-Fav,MFGP,45,30.5,0.3867984555530669
Branin-Fav,MFGP,45,30.6,0.3867984555530669
Branin-Fav,MFGP,45,30.7,0.3867984555530669
Branin-Fav,MFGP,45,30.8,0.3867984555530669
Branin-Fav,MFGP,45,30.9,0.3867984555530669
Branin-Fav,MFGP,45,31.0,0.3867984555530669
Branin-Fav,MFGP,45,31.1,0.3867984555530669
Branin-Fav,MFGP,45,31.2,0.3867984555530669
Branin-Fav,MFGP,45,31.3,0.3867984555530669
Branin-Fav,MFGP,45,31.4,0.3867984555530669
Branin-Fav,MFGP,45,31.5,0.3867984555530669
Branin-Fav,MFGP,45,32.5,0.3867984555530669
Branin-Fav,MFGP,45,32.6,0.3867984555530669
Branin-Fav,MFGP,45,32.7,0.3867984555530669
Branin-Fav,MFGP,45,32.8,0.3867984555530669
Branin-Fav,MFGP,45,32.9,0.3867984555530669
Branin-Fav,MFGP,45,33.0,0.3867984555530669
Branin-Fav,MFGP,45,33.1,0.3867984555530669
Branin-Fav,MFGP,45,33.2,0.3867984555530669
Branin-Fav,MFGP,45,33.3,0.3867984555530669
Branin-Fav,MFGP,45,33.4,0.3867984555530669
Branin-Fav,MFGP,45,33.5,0.3867984555530669
Branin-Fav,MFGP,45,34.5,0.3867984555530669
Branin-Fav,MFGP,45,34.6,0.3867984555530669
Branin-Fav,MFGP,45,34.7,0.3867984555530669
Branin-Fav,MFGP,45,34.8,0.3867984555530669
Branin-Fav,MFGP,45,34.9,0.3867984555530669
Branin-Fav,MFGP,45,35.0,0.3867984555530669
Branin-Fav,MFGP,45,35.1,0.3867984555530669
Branin-Fav,MFGP,45,35.2,0.3867984555530669
Branin-Fav,MFGP,45,35.3,0.3867984555530669
Branin-Fav,MFGP,45,35.4,0.3867984555530669
Branin-Fav,MFGP,45,35.5,0.3867984555530669
Branin-Fav,MFGP,45,36.5,0.3867984555530669
Branin-Fav,MFGP,45,36.6,0.3867984555530669
Branin-Fav,MFGP,45,36.7,0.3867984555530669
Branin-Fav,MFGP,45,36.8,0.3867984555530669
Branin-Fav,MFGP,45,36.9,0.3867984555530669
Branin-Fav,MFGP,45,37.0,0.3867984555530669
Branin-Fav,MFGP,45,37.1,0.3867984555530669
Branin-Fav,MFGP,45,37.2,0.3867984555530669
Branin-Fav,MFGP,45,37.3,0.3867984555530669
Branin-Fav,MFGP,45,37.4,0.3867984555530669
Branin-Fav,MFGP,45,37.5,0.3867984555530669
Branin-Fav,MFGP,45,38.5,0.3867984555530669
Branin-Fav,MFGP,45,38.6,0.3867984555530669
Branin-Fav,MFGP,45,38.7,0.3867984555530669
Branin-Fav,MFGP,45,38.8,0.3867984555530669
Branin-Fav,MFGP,45,38.9,0.3867984555530669
Branin-Fav,MFGP,45,39.0,0.3867984555530669
Branin-Fav,MFGP,45,39.1,0.3867984555530669
Branin-Fav,MFGP,45,39.2,0.3867984555530669
Branin-Fav,MFGP,45,39.3,0.3867984555530669
Branin-Fav,MFGP,45,39.4,0.3867984555530669
Branin-Fav,MFGP,45,39.5,0.3867984555530669
Branin-Fav,MFGP,45,40.5,0.3867984555530669
Branin-Fav,MFGP,45,40.6,0.3867984555530669
Branin-Fav,MFGP,45,40.7,0.3867984555530669
Branin-Fav,MFGP,45,40.8,0.3867984555530669
Branin-Fav,MFGP,45,40.9,0.3867984555530669
Branin-Fav,MFGP,45,41.0,0.3867984555530669
Branin-Fav,MFGP,45,41.1,0.3867984555530669
Branin-Fav,MFGP,45,41.2,0.3867984555530669
Branin-Fav,MFGP,45,41.3,0.3867984555530669
Branin-Fav,MFGP,45,41.4,0.3867984555530669
Branin-Fav,MFGP,45,41.5,0.3867984555530669
Branin-Fav,MFGP,45,42.5,0.3867984555530669
Branin-Fav,MFGP,45,42.6,0.3867984555530669
Branin-Fav,MFGP,45,42.7,0.3867984555530669
Branin-Fav,MFGP,45,42.8,0.3867984555530669
Branin-Fav,MFGP,45,42.9,0.3867984555530669
Branin-Fav,MFGP,45,43.0,0.3867984555530669
Branin-Fav,MFGP,45,43.1,0.3867984555530669
Branin-Fav,MFGP,45,43.2,0.3867984555530669
Branin-Fav,MFGP,45,43.3,0.3867984555530669
Branin-Fav,MFGP,45,43.4,0.3867984555530669
Branin-Fav,MFGP,45,43.5,0.3867984555530669
Branin-Fav,MFGP,45,44.5,0.3867984555530669
Branin-Fav,MFGP,45,44.6,0.3867984555530669
Branin-Fav,MFGP,45,44.7,0.3867984555530669
Branin-Fav,MFGP,45,44.8,0.3867984555530669
Branin-Fav,MFGP,45,44.9,0.3867984555530669
Branin-Fav,MFGP,45,45.0,0.3867984555530669
Branin-Fav,MFGP,45,45.1,0.3867984555530669
Branin-Fav,MFGP,45,45.2,0.3867984555530669
Branin-Fav,MFGP,45,45.3,0.3867984555530669
Branin-Fav,MFGP,45,45.4,0.3867984555530669
Branin-Fav,MFGP,45,45.5,0.3867984555530669
Branin-Fav,MFGP,45,46.5,0.3867984555530669
Branin-Fav,MFGP,45,46.6,0.3867984555530669
Branin-Fav,MFGP,45,46.7,0.3867984555530669
Branin-Fav,MFGP,45,46.8,0.3867984555530669
Branin-Fav,MFGP,45,46.9,0.3867984555530669
Branin-Fav,MFGP,45,47.0,0.3867984555530669
Branin-Fav,MFGP,45,47.1,0.3867984555530669
Branin-Fav,MFGP,45,47.2,0.3867984555530669
Branin-Fav,MFGP,45,47.3,0.3867984555530669
Branin-Fav,MFGP,45,47.4,0.3867984555530669
Branin-Fav,MFGP,45,47.5,0.3867984555530669
Branin-Fav,MFGP,45,48.5,0.3867984555530669
Branin-Fav,MFGP,45,48.6,0.3867984555530669
Branin-Fav,MFGP,45,48.7,0.3867984555530669
Branin-Fav,MFGP,45,48.8,0.3867984555530669
Branin-Fav,MFGP,45,48.9,0.3867984555530669
Branin-Fav,MFGP,45,49.0,0.3867984555530669
Branin-Fav,MFGP,45,49.1,0.3867984555530669
Branin-Fav,MFGP,45,49.2,0.3867984555530669
Branin-Fav,MFGP,45,49.3,0.3867984555530669
Branin-Fav,MFGP,45,49.4,0.3867984555530669
Branin-Fav,MFGP,45,49.5,0.3867984555530669
Branin-Fav,MFGP,45,49.6,0.3867984555530669
Branin-Fav,MFGP,45,49.7,0.3867984555530669
Branin-Fav,MFGP,45,49.8,0.3867984555530669
Branin-Fav,MFGP,45,49.9,0.3867984555530669
Branin-Fav,MFGP,46,4.5,15.838009289451506
Branin-Fav,MFGP,46,4.6,15.838009289451506
Branin-Fav,MFGP,46,4.7,15.838009289451506
Branin-Fav,MFGP,46,4.8,15.838009289451506
Branin-Fav,MFGP,46,4.9,15.838009289451506
Branin-Fav,MFGP,46,5.0,15.838009289451506
Branin-Fav,MFGP,46,5.1,15.838009289451506
Branin-Fav,MFGP,46,5.2,15.838009289451506
Branin-Fav,MFGP,46,5.3,15.838009289451506
Branin-Fav,MFGP,46,5.4,15.838009289451506
Branin-Fav,MFGP,46,5.5,15.838009289451506
Branin-Fav,MFGP,46,6.5,5.403141946411699
Branin-Fav,MFGP,46,6.6,5.403141946411699
Branin-Fav,MFGP,46,6.7,5.403141946411699
Branin-Fav,MFGP,46,6.8,5.403141946411699
Branin-Fav,MFGP,46,6.9,5.403141946411699
Branin-Fav,MFGP,46,7.0,5.403141946411699
Branin-Fav,MFGP,46,7.1,5.403141946411699
Branin-Fav,MFGP,46,7.2,5.403141946411699
Branin-Fav,MFGP,46,7.3,5.403141946411699
Branin-Fav,MFGP,46,7.4,5.403141946411699
Branin-Fav,MFGP,46,7.5,5.403141946411699
Branin-Fav,MFGP,46,8.5,3.941289566039656
Branin-Fav,MFGP,46,8.6,3.941289566039656
Branin-Fav,MFGP,46,8.7,3.941289566039656
Branin-Fav,MFGP,46,8.8,3.941289566039656
Branin-Fav,MFGP,46,8.9,3.941289566039656
Branin-Fav,MFGP,46,9.0,3.941289566039656
Branin-Fav,MFGP,46,9.1,3.941289566039656
Branin-Fav,MFGP,46,9.2,3.941289566039656
Branin-Fav,MFGP,46,9.3,3.941289566039656
Branin-Fav,MFGP,46,9.4,3.941289566039656
Branin-Fav,MFGP,46,9.5,3.941289566039656
Branin-Fav,MFGP,46,10.5,1.2867713173764246
Branin-Fav,MFGP,46,10.6,1.2867713173764246
Branin-Fav,MFGP,46,10.7,1.2867713173764246
Branin-Fav,MFGP,46,10.8,1.2867713173764246
Branin-Fav,MFGP,46,10.9,1.2867713173764246
Branin-Fav,MFGP,46,11.0,1.2867713173764246
Branin-Fav,MFGP,46,11.1,1.2867713173764246
Branin-Fav,MFGP,46,11.2,1.2867713173764246
Branin-Fav,MFGP,46,11.3,1.2867713173764246
Branin-Fav,MFGP,46,11.4,1.2867713173764246
Branin-Fav,MFGP,46,11.5,1.2867713173764246
Branin-Fav,MFGP,46,12.5,1.2867713173764246
Branin-Fav,MFGP,46,12.6,1.2867713173764246
Branin-Fav,MFGP,46,12.7,1.2867713173764246
Branin-Fav,MFGP,46,12.8,1.2867713173764246
Branin-Fav,MFGP,46,12.9,1.2867713173764246
Branin-Fav,MFGP,46,13.0,1.2867713173764246
Branin-Fav,MFGP,46,13.1,1.2867713173764246
Branin-Fav,MFGP,46,13.2,1.2867713173764246
Branin-Fav,MFGP,46,13.3,1.2867713173764246
Branin-Fav,MFGP,46,13.4,1.2867713173764246
Branin-Fav,MFGP,46,13.5,1.2867713173764246
Branin-Fav,MFGP,46,14.5,1.2867713173764246
Branin-Fav,MFGP,46,14.6,1.2867713173764246
Branin-Fav,MFGP,46,14.7,1.2867713173764246
Branin-Fav,MFGP,46,14.8,1.2867713173764246
Branin-Fav,MFGP,46,14.9,1.2867713173764246
Branin-Fav,MFGP,46,15.0,1.2867713173764246
Branin-Fav,MFGP,46,15.1,1.2867713173764246
Branin-Fav,MFGP,46,15.2,1.2867713173764246
Branin-Fav,MFGP,46,15.3,1.2867713173764246
Branin-Fav,MFGP,46,15.4,1.2867713173764246
Branin-Fav,MFGP,46,15.5,1.2867713173764246
Branin-Fav,MFGP,46,16.5,1.2867713173764246
Branin-Fav,MFGP,46,16.6,1.2867713173764246
Branin-Fav,MFGP,46,16.7,1.2867713173764246
Branin-Fav,MFGP,46,16.8,1.2867713173764246
Branin-Fav,MFGP,46,16.9,1.2867713173764246
Branin-Fav,MFGP,46,17.0,1.2867713173764246
Branin-Fav,MFGP,46,17.1,1.2867713173764246
Branin-Fav,MFGP,46,17.2,1.2867713173764246
Branin-Fav,MFGP,46,17.3,1.2867713173764246
Branin-Fav,MFGP,46,17.4,1.2867713173764246
Branin-Fav,MFGP,46,17.5,1.2867713173764246
Branin-Fav,MFGP,46,18.5,0.1454692827993885
Branin-Fav,MFGP,46,18.6,0.1454692827993885
Branin-Fav,MFGP,46,18.7,0.1454692827993885
Branin-Fav,MFGP,46,18.8,0.1454692827993885
Branin-Fav,MFGP,46,18.9,0.1454692827993885
Branin-Fav,MFGP,46,19.0,0.1454692827993885
Branin-Fav,MFGP,46,19.1,0.1454692827993885
Branin-Fav,MFGP,46,19.2,0.1454692827993885
Branin-Fav,MFGP,46,19.3,0.1454692827993885
Branin-Fav,MFGP,46,19.4,0.1454692827993885
Branin-Fav,MFGP,46,19.5,0.1454692827993885
Branin-Fav,MFGP,46,20.5,0.1454692827993885
Branin-Fav,MFGP,46,20.6,0.1454692827993885
Branin-Fav,MFGP,46,20.7,0.1454692827993885
Branin-Fav,MFGP,46,20.8,0.1454692827993885
Branin-Fav,MFGP,46,20.9,0.1454692827993885
Branin-Fav,MFGP,46,21.0,0.1454692827993885
Branin-Fav,MFGP,46,21.1,0.1454692827993885
Branin-Fav,MFGP,46,21.2,0.1454692827993885
Branin-Fav,MFGP,46,21.3,0.1454692827993885
Branin-Fav,MFGP,46,21.4,0.1454692827993885
Branin-Fav,MFGP,46,21.5,0.1454692827993885
Branin-Fav,MFGP,46,22.5,0.1454692827993885
Branin-Fav,MFGP,46,22.6,0.1454692827993885
Branin-Fav,MFGP,46,22.7,0.1454692827993885
Branin-Fav,MFGP,46,22.8,0.1454692827993885
Branin-Fav,MFGP,46,22.9,0.1454692827993885
Branin-Fav,MFGP,46,23.0,0.1454692827993885
Branin-Fav,MFGP,46,23.1,0.1454692827993885
Branin-Fav,MFGP,46,23.2,0.1454692827993885
Branin-Fav,MFGP,46,23.3,0.1454692827993885
Branin-Fav,MFGP,46,23.4,0.1454692827993885
Branin-Fav,MFGP,46,23.5,0.1454692827993885
Branin-Fav,MFGP,46,24.5,0.1454692827993885
Branin-Fav,MFGP,46,24.6,0.1454692827993885
Branin-Fav,MFGP,46,24.7,0.1454692827993885
Branin-Fav,MFGP,46,24.8,0.1454692827993885
Branin-Fav,MFGP,46,24.9,0.1454692827993885
Branin-Fav,MFGP,46,25.0,0.1454692827993885
Branin-Fav,MFGP,46,25.1,0.1454692827993885
Branin-Fav,MFGP,46,25.2,0.1454692827993885
Branin-Fav,MFGP,46,25.3,0.1454692827993885
Branin-Fav,MFGP,46,25.4,0.1454692827993885
Branin-Fav,MFGP,46,25.5,0.1454692827993885
Branin-Fav,MFGP,46,26.5,0.1454692827993885
Branin-Fav,MFGP,46,26.6,0.1454692827993885
Branin-Fav,MFGP,46,26.7,0.1454692827993885
Branin-Fav,MFGP,46,26.8,0.1454692827993885
Branin-Fav,MFGP,46,26.9,0.1454692827993885
Branin-Fav,MFGP,46,27.0,0.1454692827993885
Branin-Fav,MFGP,46,27.1,0.1454692827993885
Branin-Fav,MFGP,46,27.2,0.1454692827993885
Branin-Fav,MFGP,46,27.3,0.1454692827993885
Branin-Fav,MFGP,46,27.4,0.1454692827993885
Branin-Fav,MFGP,46,27.5,0.1454692827993885
Branin-Fav,MFGP,46,28.5,0.1454692827993885
Branin-Fav,MFGP,46,28.6,0.1454692827993885
Branin-Fav,MFGP,46,28.7,0.1454692827993885
Branin-Fav,MFGP,46,28.8,0.1454692827993885
Branin-Fav,MFGP,46,28.9,0.1454692827993885
Branin-Fav,MFGP,46,29.0,0.1454692827993885
Branin-Fav,MFGP,46,29.1,0.1454692827993885
Branin-Fav,MFGP,46,29.2,0.1454692827993885
Branin-Fav,MFGP,46,29.3,0.1454692827993885
Branin-Fav,MFGP,46,29.4,0.1454692827993885
Branin-Fav,MFGP,46,29.5,0.1454692827993885
Branin-Fav,MFGP,46,30.5,0.1454692827993885
Branin-Fav,MFGP,46,30.6,0.1454692827993885
Branin-Fav,MFGP,46,30.7,0.1454692827993885
Branin-Fav,MFGP,46,30.8,0.1454692827993885
Branin-Fav,MFGP,46,30.9,0.1454692827993885
Branin-Fav,MFGP,46,31.0,0.1454692827993885
Branin-Fav,MFGP,46,31.1,0.1454692827993885
Branin-Fav,MFGP,46,31.2,0.1454692827993885
Branin-Fav,MFGP,46,31.3,0.1454692827993885
Branin-Fav,MFGP,46,31.4,0.1454692827993885
Branin-Fav,MFGP,46,31.5,0.1454692827993885
Branin-Fav,MFGP,46,32.5,0.1454692827993885
Branin-Fav,MFGP,46,32.6,0.1454692827993885
Branin-Fav,MFGP,46,32.7,0.1454692827993885
Branin-Fav,MFGP,46,32.8,0.1454692827993885
Branin-Fav,MFGP,46,32.9,0.1454692827993885
Branin-Fav,MFGP,46,33.0,0.1454692827993885
Branin-Fav,MFGP,46,33.1,0.1454692827993885
Branin-Fav,MFGP,46,33.2,0.1454692827993885
Branin-Fav,MFGP,46,33.3,0.1454692827993885
Branin-Fav,MFGP,46,33.4,0.1454692827993885
Branin-Fav,MFGP,46,33.5,0.1454692827993885
Branin-Fav,MFGP,46,34.5,0.1454692827993885
Branin-Fav,MFGP,46,34.6,0.1454692827993885
Branin-Fav,MFGP,46,34.7,0.1454692827993885
Branin-Fav,MFGP,46,34.8,0.1454692827993885
Branin-Fav,MFGP,46,34.9,0.1454692827993885
Branin-Fav,MFGP,46,35.0,0.1454692827993885
Branin-Fav,MFGP,46,35.1,0.1454692827993885
Branin-Fav,MFGP,46,35.2,0.1454692827993885
Branin-Fav,MFGP,46,35.3,0.1454692827993885
Branin-Fav,MFGP,46,35.4,0.1454692827993885
Branin-Fav,MFGP,46,35.5,0.1454692827993885
Branin-Fav,MFGP,46,36.5,0.1454692827993885
Branin-Fav,MFGP,46,36.6,0.1454692827993885
Branin-Fav,MFGP,46,36.7,0.1454692827993885
Branin-Fav,MFGP,46,36.8,0.1454692827993885
Branin-Fav,MFGP,46,36.9,0.1454692827993885
Branin-Fav,MFGP,46,37.0,0.1454692827993885
Branin-Fav,MFGP,46,37.1,0.1454692827993885
Branin-Fav,MFGP,46,37.2,0.1454692827993885
Branin-Fav,MFGP,46,37.3,0.1454692827993885
Branin-Fav,MFGP,46,37.4,0.1454692827993885
Branin-Fav,MFGP,46,37.5,0.1454692827993885
Branin-Fav,MFGP,46,38.5,0.1454692827993885
Branin-Fav,MFGP,46,38.6,0.1454692827993885
Branin-Fav,MFGP,46,38.7,0.1454692827993885
Branin-Fav,MFGP,46,38.8,0.1454692827993885
Branin-Fav,MFGP,46,38.9,0.1454692827993885
Branin-Fav,MFGP,46,39.0,0.1454692827993885
Branin-Fav,MFGP,46,39.1,0.1454692827993885
Branin-Fav,MFGP,46,39.2,0.1454692827993885
Branin-Fav,MFGP,46,39.3,0.1454692827993885
Branin-Fav,MFGP,46,39.4,0.1454692827993885
Branin-Fav,MFGP,46,39.5,0.1454692827993885
Branin-Fav,MFGP,46,40.5,0.1454692827993885
Branin-Fav,MFGP,46,40.6,0.1454692827993885
Branin-Fav,MFGP,46,40.7,0.1454692827993885
Branin-Fav,MFGP,46,40.8,0.1454692827993885
Branin-Fav,MFGP,46,40.9,0.1454692827993885
Branin-Fav,MFGP,46,41.0,0.1454692827993885
Branin-Fav,MFGP,46,41.1,0.1454692827993885
Branin-Fav,MFGP,46,41.2,0.1454692827993885
Branin-Fav,MFGP,46,41.3,0.1454692827993885
Branin-Fav,MFGP,46,41.4,0.1454692827993885
Branin-Fav,MFGP,46,41.5,0.1454692827993885
Branin-Fav,MFGP,46,42.5,0.1454692827993885
Branin-Fav,MFGP,46,42.6,0.1454692827993885
Branin-Fav,MFGP,46,42.7,0.1454692827993885
Branin-Fav,MFGP,46,42.8,0.1454692827993885
Branin-Fav,MFGP,46,42.9,0.1454692827993885
Branin-Fav,MFGP,46,43.0,0.1454692827993885
Branin-Fav,MFGP,46,43.1,0.1454692827993885
Branin-Fav,MFGP,46,43.2,0.1454692827993885
Branin-Fav,MFGP,46,43.3,0.1454692827993885
Branin-Fav,MFGP,46,43.4,0.1454692827993885
Branin-Fav,MFGP,46,43.5,0.1454692827993885
Branin-Fav,MFGP,46,44.5,0.1454692827993885
Branin-Fav,MFGP,46,44.6,0.1454692827993885
Branin-Fav,MFGP,46,44.7,0.1454692827993885
Branin-Fav,MFGP,46,44.8,0.1454692827993885
Branin-Fav,MFGP,46,44.9,0.1454692827993885
Branin-Fav,MFGP,46,45.0,0.1454692827993885
Branin-Fav,MFGP,46,45.1,0.1454692827993885
Branin-Fav,MFGP,46,45.2,0.1454692827993885
Branin-Fav,MFGP,46,45.3,0.1454692827993885
Branin-Fav,MFGP,46,45.4,0.1454692827993885
Branin-Fav,MFGP,46,45.5,0.1454692827993885
Branin-Fav,MFGP,46,46.5,0.1454692827993885
Branin-Fav,MFGP,46,46.6,0.1454692827993885
Branin-Fav,MFGP,46,46.7,0.1454692827993885
Branin-Fav,MFGP,46,46.8,0.1454692827993885
Branin-Fav,MFGP,46,46.9,0.1454692827993885
Branin-Fav,MFGP,46,47.0,0.1454692827993885
Branin-Fav,MFGP,46,47.1,0.1454692827993885
Branin-Fav,MFGP,46,47.2,0.1454692827993885
Branin-Fav,MFGP,46,47.3,0.1454692827993885
Branin-Fav,MFGP,46,47.4,0.1454692827993885
Branin-Fav,MFGP,46,47.5,0.1454692827993885
Branin-Fav,MFGP,46,48.5,0.1454692827993885
Branin-Fav,MFGP,46,48.6,0.1454692827993885
Branin-Fav,MFGP,46,48.7,0.1454692827993885
Branin-Fav,MFGP,46,48.8,0.1454692827993885
Branin-Fav,MFGP,46,48.9,0.1454692827993885
Branin-Fav,MFGP,46,49.0,0.1454692827993885
Branin-Fav,MFGP,46,49.1,0.1454692827993885
Branin-Fav,MFGP,46,49.2,0.1454692827993885
Branin-Fav,MFGP,46,49.3,0.1454692827993885
Branin-Fav,MFGP,46,49.4,0.1454692827993885
Branin-Fav,MFGP,46,49.5,0.1454692827993885
Branin-Fav,MFGP,46,49.6,0.1454692827993885
Branin-Fav,MFGP,46,49.7,0.1454692827993885
Branin-Fav,MFGP,46,49.8,0.1454692827993885
Branin-Fav,MFGP,46,49.9,0.1454692827993885
Branin-Fav,MFGP,47,4.5,58.76933232339204
Branin-Fav,MFGP,47,4.6,58.76933232339204
Branin-Fav,MFGP,47,4.7,58.76933232339204
Branin-Fav,MFGP,47,4.8,58.76933232339204
Branin-Fav,MFGP,47,4.9,58.76933232339204
Branin-Fav,MFGP,47,5.0,58.76933232339204
Branin-Fav,MFGP,47,5.1,58.76933232339204
Branin-Fav,MFGP,47,5.2,58.76933232339204
Branin-Fav,MFGP,47,5.3,58.76933232339204
Branin-Fav,MFGP,47,5.4,58.76933232339204
Branin-Fav,MFGP,47,5.5,58.76933232339204
Branin-Fav,MFGP,47,6.5,5.403141946411699
Branin-Fav,MFGP,47,6.6,5.403141946411699
Branin-Fav,MFGP,47,6.7,5.403141946411699
Branin-Fav,MFGP,47,6.8,5.403141946411699
Branin-Fav,MFGP,47,6.9,5.403141946411699
Branin-Fav,MFGP,47,7.0,5.403141946411699
Branin-Fav,MFGP,47,7.1,5.403141946411699
Branin-Fav,MFGP,47,7.2,5.403141946411699
Branin-Fav,MFGP,47,7.3,5.403141946411699
Branin-Fav,MFGP,47,7.4,5.403141946411699
Branin-Fav,MFGP,47,7.5,5.403141946411699
Branin-Fav,MFGP,47,8.5,0.467988848429873
Branin-Fav,MFGP,47,8.6,0.467988848429873
Branin-Fav,MFGP,47,8.7,0.467988848429873
Branin-Fav,MFGP,47,8.8,0.467988848429873
Branin-Fav,MFGP,47,8.9,0.467988848429873
Branin-Fav,MFGP,47,9.0,0.467988848429873
Branin-Fav,MFGP,47,9.1,0.467988848429873
Branin-Fav,MFGP,47,9.2,0.467988848429873
Branin-Fav,MFGP,47,9.3,0.467988848429873
Branin-Fav,MFGP,47,9.4,0.467988848429873
Branin-Fav,MFGP,47,9.5,0.467988848429873
Branin-Fav,MFGP,47,10.5,0.467988848429873
Branin-Fav,MFGP,47,10.6,0.467988848429873
Branin-Fav,MFGP,47,10.7,0.467988848429873
Branin-Fav,MFGP,47,10.8,0.467988848429873
Branin-Fav,MFGP,47,10.9,0.467988848429873
Branin-Fav,MFGP,47,11.0,0.467988848429873
Branin-Fav,MFGP,47,11.1,0.467988848429873
Branin-Fav,MFGP,47,11.2,0.467988848429873
Branin-Fav,MFGP,47,11.3,0.467988848429873
Branin-Fav,MFGP,47,11.4,0.467988848429873
Branin-Fav,MFGP,47,11.5,0.467988848429873
Branin-Fav,MFGP,47,12.5,0.467988848429873
Branin-Fav,MFGP,47,12.6,0.467988848429873
Branin-Fav,MFGP,47,12.7,0.467988848429873
Branin-Fav,MFGP,47,12.8,0.467988848429873
Branin-Fav,MFGP,47,12.9,0.467988848429873
Branin-Fav,MFGP,47,13.0,0.467988848429873
Branin-Fav,MFGP,47,13.1,0.467988848429873
Branin-Fav,MFGP,47,13.2,0.467988848429873
Branin-Fav,MFGP,47,13.3,0.467988848429873
Branin-Fav,MFGP,47,13.4,0.467988848429873
Branin-Fav,MFGP,47,13.5,0.467988848429873
Branin-Fav,MFGP,47,14.5,0.467988848429873
Branin-Fav,MFGP,47,14.6,0.467988848429873
Branin-Fav,MFGP,47,14.7,0.467988848429873
Branin-Fav,MFGP,47,14.8,0.467988848429873
Branin-Fav,MFGP,47,14.9,0.467988848429873
Branin-Fav,MFGP,47,15.0,0.467988848429873
Branin-Fav,MFGP,47,15.1,0.467988848429873
Branin-Fav,MFGP,47,15.2,0.467988848429873
Branin-Fav,MFGP,47,15.3,0.467988848429873
Branin-Fav,MFGP,47,15.4,0.467988848429873
Branin-Fav,MFGP,47,15.5,0.467988848429873
Branin-Fav,MFGP,47,16.5,0.467988848429873
Branin-Fav,MFGP,47,16.6,0.467988848429873
Branin-Fav,MFGP,47,16.7,0.467988848429873
Branin-Fav,MFGP,47,16.8,0.467988848429873
Branin-Fav,MFGP,47,16.9,0.467988848429873
Branin-Fav,MFGP,47,17.0,0.467988848429873
Branin-Fav,MFGP,47,17.1,0.467988848429873
Branin-Fav,MFGP,47,17.2,0.467988848429873
Branin-Fav,MFGP,47,17.3,0.467988848429873
Branin-Fav,MFGP,47,17.4,0.467988848429873
Branin-Fav,MFGP,47,17.5,0.467988848429873
Branin-Fav,MFGP,47,18.5,0.467988848429873
Branin-Fav,MFGP,47,18.6,0.467988848429873
Branin-Fav,MFGP,47,18.7,0.467988848429873
Branin-Fav,MFGP,47,18.8,0.467988848429873
Branin-Fav,MFGP,47,18.9,0.467988848429873
Branin-Fav,MFGP,47,19.0,0.467988848429873
Branin-Fav,MFGP,47,19.1,0.467988848429873
Branin-Fav,MFGP,47,19.2,0.467988848429873
Branin-Fav,MFGP,47,19.3,0.467988848429873
Branin-Fav,MFGP,47,19.4,0.467988848429873
Branin-Fav,MFGP,47,19.5,0.467988848429873
Branin-Fav,MFGP,47,20.5,0.467988848429873
Branin-Fav,MFGP,47,20.6,0.467988848429873
Branin-Fav,MFGP,47,20.7,0.467988848429873
Branin-Fav,MFGP,47,20.8,0.467988848429873
Branin-Fav,MFGP,47,20.9,0.467988848429873
Branin-Fav,MFGP,47,21.0,0.467988848429873
Branin-Fav,MFGP,47,21.1,0.467988848429873
Branin-Fav,MFGP,47,21.2,0.467988848429873
Branin-Fav,MFGP,47,21.3,0.467988848429873
Branin-Fav,MFGP,47,21.4,0.467988848429873
Branin-Fav,MFGP,47,21.5,0.467988848429873
Branin-Fav,MFGP,47,22.5,0.467988848429873
Branin-Fav,MFGP,47,22.6,0.467988848429873
Branin-Fav,MFGP,47,22.7,0.467988848429873
Branin-Fav,MFGP,47,22.8,0.467988848429873
Branin-Fav,MFGP,47,22.9,0.467988848429873
Branin-Fav,MFGP,47,23.0,0.467988848429873
Branin-Fav,MFGP,47,23.1,0.467988848429873
Branin-Fav,MFGP,47,23.2,0.467988848429873
Branin-Fav,MFGP,47,23.3,0.467988848429873
Branin-Fav,MFGP,47,23.4,0.467988848429873
Branin-Fav,MFGP,47,23.5,0.467988848429873
Branin-Fav,MFGP,47,24.5,0.467988848429873
Branin-Fav,MFGP,47,24.6,0.467988848429873
Branin-Fav,MFGP,47,24.7,0.467988848429873
Branin-Fav,MFGP,47,24.8,0.467988848429873
Branin-Fav,MFGP,47,24.9,0.467988848429873
Branin-Fav,MFGP,47,25.0,0.467988848429873
Branin-Fav,MFGP,47,25.1,0.467988848429873
Branin-Fav,MFGP,47,25.2,0.467988848429873
Branin-Fav,MFGP,47,25.3,0.467988848429873
Branin-Fav,MFGP,47,25.4,0.467988848429873
Branin-Fav,MFGP,47,25.5,0.467988848429873
Branin-Fav,MFGP,47,26.5,0.467988848429873
Branin-Fav,MFGP,47,26.6,0.467988848429873
Branin-Fav,MFGP,47,26.7,0.467988848429873
Branin-Fav,MFGP,47,26.8,0.467988848429873
Branin-Fav,MFGP,47,26.9,0.467988848429873
Branin-Fav,MFGP,47,27.0,0.467988848429873
Branin-Fav,MFGP,47,27.1,0.467988848429873
Branin-Fav,MFGP,47,27.2,0.467988848429873
Branin-Fav,MFGP,47,27.3,0.467988848429873
Branin-Fav,MFGP,47,27.4,0.467988848429873
Branin-Fav,MFGP,47,27.5,0.467988848429873
Branin-Fav,MFGP,47,28.5,0.467988848429873
Branin-Fav,MFGP,47,28.6,0.467988848429873
Branin-Fav,MFGP,47,28.7,0.467988848429873
Branin-Fav,MFGP,47,28.8,0.467988848429873
Branin-Fav,MFGP,47,28.9,0.467988848429873
Branin-Fav,MFGP,47,29.0,0.467988848429873
Branin-Fav,MFGP,47,29.1,0.467988848429873
Branin-Fav,MFGP,47,29.2,0.467988848429873
Branin-Fav,MFGP,47,29.3,0.467988848429873
Branin-Fav,MFGP,47,29.4,0.467988848429873
Branin-Fav,MFGP,47,29.5,0.467988848429873
Branin-Fav,MFGP,47,30.5,0.467988848429873
Branin-Fav,MFGP,47,30.6,0.467988848429873
Branin-Fav,MFGP,47,30.7,0.467988848429873
Branin-Fav,MFGP,47,30.8,0.467988848429873
Branin-Fav,MFGP,47,30.9,0.467988848429873
Branin-Fav,MFGP,47,31.0,0.467988848429873
Branin-Fav,MFGP,47,31.1,0.467988848429873
Branin-Fav,MFGP,47,31.2,0.467988848429873
Branin-Fav,MFGP,47,31.3,0.467988848429873
Branin-Fav,MFGP,47,31.4,0.467988848429873
Branin-Fav,MFGP,47,31.5,0.467988848429873
Branin-Fav,MFGP,47,32.5,0.467988848429873
Branin-Fav,MFGP,47,32.6,0.467988848429873
Branin-Fav,MFGP,47,32.7,0.467988848429873
Branin-Fav,MFGP,47,32.8,0.467988848429873
Branin-Fav,MFGP,47,32.9,0.467988848429873
Branin-Fav,MFGP,47,33.0,0.467988848429873
Branin-Fav,MFGP,47,33.1,0.467988848429873
Branin-Fav,MFGP,47,33.2,0.467988848429873
Branin-Fav,MFGP,47,33.3,0.467988848429873
Branin-Fav,MFGP,47,33.4,0.467988848429873
Branin-Fav,MFGP,47,33.5,0.467988848429873
Branin-Fav,MFGP,47,34.5,0.467988848429873
Branin-Fav,MFGP,47,34.6,0.467988848429873
Branin-Fav,MFGP,47,34.7,0.467988848429873
Branin-Fav,MFGP,47,34.8,0.467988848429873
Branin-Fav,MFGP,47,34.9,0.467988848429873
Branin-Fav,MFGP,47,35.0,0.467988848429873
Branin-Fav,MFGP,47,35.1,0.467988848429873
Branin-Fav,MFGP,47,35.2,0.467988848429873
Branin-Fav,MFGP,47,35.3,0.467988848429873
Branin-Fav,MFGP,47,35.4,0.467988848429873
Branin-Fav,MFGP,47,35.5,0.467988848429873
Branin-Fav,MFGP,47,36.5,0.467988848429873
Branin-Fav,MFGP,47,36.6,0.467988848429873
Branin-Fav,MFGP,47,36.7,0.467988848429873
Branin-Fav,MFGP,47,36.8,0.467988848429873
Branin-Fav,MFGP,47,36.9,0.467988848429873
Branin-Fav,MFGP,47,37.0,0.467988848429873
Branin-Fav,MFGP,47,37.1,0.467988848429873
Branin-Fav,MFGP,47,37.2,0.467988848429873
Branin-Fav,MFGP,47,37.3,0.467988848429873
Branin-Fav,MFGP,47,37.4,0.467988848429873
Branin-Fav,MFGP,47,37.5,0.467988848429873
Branin-Fav,MFGP,47,38.5,0.467988848429873
Branin-Fav,MFGP,47,38.6,0.467988848429873
Branin-Fav,MFGP,47,38.7,0.467988848429873
Branin-Fav,MFGP,47,38.8,0.467988848429873
Branin-Fav,MFGP,47,38.9,0.467988848429873
Branin-Fav,MFGP,47,39.0,0.467988848429873
Branin-Fav,MFGP,47,39.1,0.467988848429873
Branin-Fav,MFGP,47,39.2,0.467988848429873
Branin-Fav,MFGP,47,39.3,0.467988848429873
Branin-Fav,MFGP,47,39.4,0.467988848429873
Branin-Fav,MFGP,47,39.5,0.467988848429873
Branin-Fav,MFGP,47,40.5,0.467988848429873
Branin-Fav,MFGP,47,40.6,0.467988848429873
Branin-Fav,MFGP,47,40.7,0.467988848429873
Branin-Fav,MFGP,47,40.8,0.467988848429873
Branin-Fav,MFGP,47,40.9,0.467988848429873
Branin-Fav,MFGP,47,41.0,0.467988848429873
Branin-Fav,MFGP,47,41.1,0.467988848429873
Branin-Fav,MFGP,47,41.2,0.467988848429873
Branin-Fav,MFGP,47,41.3,0.467988848429873
Branin-Fav,MFGP,47,41.4,0.467988848429873
Branin-Fav,MFGP,47,41.5,0.467988848429873
Branin-Fav,MFGP,47,42.5,0.467988848429873
Branin-Fav,MFGP,47,42.6,0.467988848429873
Branin-Fav,MFGP,47,42.7,0.467988848429873
Branin-Fav,MFGP,47,42.8,0.467988848429873
Branin-Fav,MFGP,47,42.9,0.467988848429873
Branin-Fav,MFGP,47,43.0,0.467988848429873
Branin-Fav,MFGP,47,43.1,0.467988848429873
Branin-Fav,MFGP,47,43.2,0.467988848429873
Branin-Fav,MFGP,47,43.3,0.467988848429873
Branin-Fav,MFGP,47,43.4,0.467988848429873
Branin-Fav,MFGP,47,43.5,0.467988848429873
Branin-Fav,MFGP,47,44.5,0.467988848429873
Branin-Fav,MFGP,47,44.6,0.467988848429873
Branin-Fav,MFGP,47,44.7,0.467988848429873
Branin-Fav,MFGP,47,44.8,0.467988848429873
Branin-Fav,MFGP,47,44.9,0.467988848429873
Branin-Fav,MFGP,47,45.0,0.467988848429873
Branin-Fav,MFGP,47,45.1,0.467988848429873
Branin-Fav,MFGP,47,45.2,0.467988848429873
Branin-Fav,MFGP,47,45.3,0.467988848429873
Branin-Fav,MFGP,47,45.4,0.467988848429873
Branin-Fav,MFGP,47,45.5,0.467988848429873
Branin-Fav,MFGP,47,46.5,0.467988848429873
Branin-Fav,MFGP,47,46.6,0.467988848429873
Branin-Fav,MFGP,47,46.7,0.467988848429873
Branin-Fav,MFGP,47,46.8,0.467988848429873
Branin-Fav,MFGP,47,46.9,0.467988848429873
Branin-Fav,MFGP,47,47.0,0.467988848429873
Branin-Fav,MFGP,47,47.1,0.467988848429873
Branin-Fav,MFGP,47,47.2,0.467988848429873
Branin-Fav,MFGP,47,47.3,0.467988848429873
Branin-Fav,MFGP,47,47.4,0.467988848429873
Branin-Fav,MFGP,47,47.5,0.467988848429873
Branin-Fav,MFGP,47,48.5,0.467988848429873
Branin-Fav,MFGP,47,48.6,0.467988848429873
Branin-Fav,MFGP,47,48.7,0.467988848429873
Branin-Fav,MFGP,47,48.8,0.467988848429873
Branin-Fav,MFGP,47,48.9,0.467988848429873
Branin-Fav,MFGP,47,49.0,0.467988848429873
Branin-Fav,MFGP,47,49.1,0.467988848429873
Branin-Fav,MFGP,47,49.2,0.467988848429873
Branin-Fav,MFGP,47,49.3,0.467988848429873
Branin-Fav,MFGP,47,49.4,0.467988848429873
Branin-Fav,MFGP,47,49.5,0.467988848429873
Branin-Fav,MFGP,47,49.6,0.467988848429873
Branin-Fav,MFGP,47,49.7,0.467988848429873
Branin-Fav,MFGP,47,49.8,0.467988848429873
Branin-Fav,MFGP,47,49.9,0.467988848429873
Branin-Fav,MFGP,48,4.5,46.50565521807971
Branin-Fav,MFGP,48,4.6,46.50565521807971
Branin-Fav,MFGP,48,4.7,46.50565521807971
Branin-Fav,MFGP,48,4.8,46.50565521807971
Branin-Fav,MFGP,48,4.9,46.50565521807971
Branin-Fav,MFGP,48,5.0,46.50565521807971
Branin-Fav,MFGP,48,5.1,46.50565521807971
Branin-Fav,MFGP,48,5.2,46.50565521807971
Branin-Fav,MFGP,48,5.3,46.50565521807971
Branin-Fav,MFGP,48,5.4,46.50565521807971
Branin-Fav,MFGP,48,5.5,46.50565521807971
Branin-Fav,MFGP,48,6.5,0.8407616751076529
Branin-Fav,MFGP,48,6.6,0.8407616751076529
Branin-Fav,MFGP,48,6.7,0.8407616751076529
Branin-Fav,MFGP,48,6.8,0.8407616751076529
Branin-Fav,MFGP,48,6.9,0.8407616751076529
Branin-Fav,MFGP,48,7.0,0.8407616751076529
Branin-Fav,MFGP,48,7.1,0.8407616751076529
Branin-Fav,MFGP,48,7.2,0.8407616751076529
Branin-Fav,MFGP,48,7.3,0.8407616751076529
Branin-Fav,MFGP,48,7.4,0.8407616751076529
Branin-Fav,MFGP,48,7.5,0.8407616751076529
Branin-Fav,MFGP,48,8.5,0.8407616751076529
Branin-Fav,MFGP,48,8.6,0.8407616751076529
Branin-Fav,MFGP,48,8.7,0.8407616751076529
Branin-Fav,MFGP,48,8.8,0.8407616751076529
Branin-Fav,MFGP,48,8.9,0.8407616751076529
Branin-Fav,MFGP,48,9.0,0.8407616751076529
Branin-Fav,MFGP,48,9.1,0.8407616751076529
Branin-Fav,MFGP,48,9.2,0.8407616751076529
Branin-Fav,MFGP,48,9.3,0.8407616751076529
Branin-Fav,MFGP,48,9.4,0.8407616751076529
Branin-Fav,MFGP,48,9.5,0.8407616751076529
Branin-Fav,MFGP,48,10.5,0.191560229096244
Branin-Fav,MFGP,48,10.6,0.191560229096244
Branin-Fav,MFGP,48,10.7,0.191560229096244
Branin-Fav,MFGP,48,10.8,0.191560229096244
Branin-Fav,MFGP,48,10.9,0.191560229096244
Branin-Fav,MFGP,48,11.0,0.191560229096244
Branin-Fav,MFGP,48,11.1,0.191560229096244
Branin-Fav,MFGP,48,11.2,0.191560229096244
Branin-Fav,MFGP,48,11.3,0.191560229096244
Branin-Fav,MFGP,48,11.4,0.191560229096244
Branin-Fav,MFGP,48,11.5,0.191560229096244
Branin-Fav,MFGP,48,12.5,0.191560229096244
Branin-Fav,MFGP,48,12.6,0.191560229096244
Branin-Fav,MFGP,48,12.7,0.191560229096244
Branin-Fav,MFGP,48,12.8,0.191560229096244
Branin-Fav,MFGP,48,12.9,0.191560229096244
Branin-Fav,MFGP,48,13.0,0.191560229096244
Branin-Fav,MFGP,48,13.1,0.191560229096244
Branin-Fav,MFGP,48,13.2,0.191560229096244
Branin-Fav,MFGP,48,13.3,0.191560229096244
Branin-Fav,MFGP,48,13.4,0.191560229096244
Branin-Fav,MFGP,48,13.5,0.191560229096244
Branin-Fav,MFGP,48,14.5,0.191560229096244
Branin-Fav,MFGP,48,14.6,0.191560229096244
Branin-Fav,MFGP,48,14.7,0.191560229096244
Branin-Fav,MFGP,48,14.8,0.191560229096244
Branin-Fav,MFGP,48,14.9,0.191560229096244
Branin-Fav,MFGP,48,15.0,0.191560229096244
Branin-Fav,MFGP,48,15.1,0.191560229096244
Branin-Fav,MFGP,48,15.2,0.191560229096244
Branin-Fav,MFGP,48,15.3,0.191560229096244
Branin-Fav,MFGP,48,15.4,0.191560229096244
Branin-Fav,MFGP,48,15.5,0.191560229096244
Branin-Fav,MFGP,48,16.5,0.191560229096244
Branin-Fav,MFGP,48,16.6,0.191560229096244
Branin-Fav,MFGP,48,16.7,0.191560229096244
Branin-Fav,MFGP,48,16.8,0.191560229096244
Branin-Fav,MFGP,48,16.9,0.191560229096244
Branin-Fav,MFGP,48,17.0,0.191560229096244
Branin-Fav,MFGP,48,17.1,0.191560229096244
Branin-Fav,MFGP,48,17.2,0.191560229096244
Branin-Fav,MFGP,48,17.3,0.191560229096244
Branin-Fav,MFGP,48,17.4,0.191560229096244
Branin-Fav,MFGP,48,17.5,0.191560229096244
Branin-Fav,MFGP,48,18.5,0.191560229096244
Branin-Fav,MFGP,48,18.6,0.191560229096244
Branin-Fav,MFGP,48,18.7,0.191560229096244
Branin-Fav,MFGP,48,18.8,0.191560229096244
Branin-Fav,MFGP,48,18.9,0.191560229096244
Branin-Fav,MFGP,48,19.0,0.191560229096244
Branin-Fav,MFGP,48,19.1,0.191560229096244
Branin-Fav,MFGP,48,19.2,0.191560229096244
Branin-Fav,MFGP,48,19.3,0.191560229096244
Branin-Fav,MFGP,48,19.4,0.191560229096244
Branin-Fav,MFGP,48,19.5,0.191560229096244
Branin-Fav,MFGP,48,20.5,0.191560229096244
Branin-Fav,MFGP,48,20.6,0.191560229096244
Branin-Fav,MFGP,48,20.7,0.191560229096244
Branin-Fav,MFGP,48,20.8,0.191560229096244
Branin-Fav,MFGP,48,20.9,0.191560229096244
Branin-Fav,MFGP,48,21.0,0.191560229096244
Branin-Fav,MFGP,48,21.1,0.191560229096244
Branin-Fav,MFGP,48,21.2,0.191560229096244
Branin-Fav,MFGP,48,21.3,0.191560229096244
Branin-Fav,MFGP,48,21.4,0.191560229096244
Branin-Fav,MFGP,48,21.5,0.191560229096244
Branin-Fav,MFGP,48,22.5,0.191560229096244
Branin-Fav,MFGP,48,22.6,0.191560229096244
Branin-Fav,MFGP,48,22.7,0.191560229096244
Branin-Fav,MFGP,48,22.8,0.191560229096244
Branin-Fav,MFGP,48,22.9,0.191560229096244
Branin-Fav,MFGP,48,23.0,0.191560229096244
Branin-Fav,MFGP,48,23.1,0.191560229096244
Branin-Fav,MFGP,48,23.2,0.191560229096244
Branin-Fav,MFGP,48,23.3,0.191560229096244
Branin-Fav,MFGP,48,23.4,0.191560229096244
Branin-Fav,MFGP,48,23.5,0.191560229096244
Branin-Fav,MFGP,48,24.5,0.191560229096244
Branin-Fav,MFGP,48,24.6,0.191560229096244
Branin-Fav,MFGP,48,24.7,0.191560229096244
Branin-Fav,MFGP,48,24.8,0.191560229096244
Branin-Fav,MFGP,48,24.9,0.191560229096244
Branin-Fav,MFGP,48,25.0,0.191560229096244
Branin-Fav,MFGP,48,25.1,0.191560229096244
Branin-Fav,MFGP,48,25.2,0.191560229096244
Branin-Fav,MFGP,48,25.3,0.191560229096244
Branin-Fav,MFGP,48,25.4,0.191560229096244
Branin-Fav,MFGP,48,25.5,0.191560229096244
Branin-Fav,MFGP,48,26.5,0.191560229096244
Branin-Fav,MFGP,48,26.6,0.191560229096244
Branin-Fav,MFGP,48,26.7,0.191560229096244
Branin-Fav,MFGP,48,26.8,0.191560229096244
Branin-Fav,MFGP,48,26.9,0.191560229096244
Branin-Fav,MFGP,48,27.0,0.191560229096244
Branin-Fav,MFGP,48,27.1,0.191560229096244
Branin-Fav,MFGP,48,27.2,0.191560229096244
Branin-Fav,MFGP,48,27.3,0.191560229096244
Branin-Fav,MFGP,48,27.4,0.191560229096244
Branin-Fav,MFGP,48,27.5,0.191560229096244
Branin-Fav,MFGP,48,28.5,0.191560229096244
Branin-Fav,MFGP,48,28.6,0.191560229096244
Branin-Fav,MFGP,48,28.7,0.191560229096244
Branin-Fav,MFGP,48,28.8,0.191560229096244
Branin-Fav,MFGP,48,28.9,0.191560229096244
Branin-Fav,MFGP,48,29.0,0.191560229096244
Branin-Fav,MFGP,48,29.1,0.191560229096244
Branin-Fav,MFGP,48,29.2,0.191560229096244
Branin-Fav,MFGP,48,29.3,0.191560229096244
Branin-Fav,MFGP,48,29.4,0.191560229096244
Branin-Fav,MFGP,48,29.5,0.191560229096244
Branin-Fav,MFGP,48,30.5,0.191560229096244
Branin-Fav,MFGP,48,30.6,0.191560229096244
Branin-Fav,MFGP,48,30.7,0.191560229096244
Branin-Fav,MFGP,48,30.8,0.191560229096244
Branin-Fav,MFGP,48,30.9,0.191560229096244
Branin-Fav,MFGP,48,31.0,0.191560229096244
Branin-Fav,MFGP,48,31.1,0.191560229096244
Branin-Fav,MFGP,48,31.2,0.191560229096244
Branin-Fav,MFGP,48,31.3,0.191560229096244
Branin-Fav,MFGP,48,31.4,0.191560229096244
Branin-Fav,MFGP,48,31.5,0.191560229096244
Branin-Fav,MFGP,48,32.5,0.191560229096244
Branin-Fav,MFGP,48,32.6,0.191560229096244
Branin-Fav,MFGP,48,32.7,0.191560229096244
Branin-Fav,MFGP,48,32.8,0.191560229096244
Branin-Fav,MFGP,48,32.9,0.191560229096244
Branin-Fav,MFGP,48,33.0,0.191560229096244
Branin-Fav,MFGP,48,33.1,0.191560229096244
Branin-Fav,MFGP,48,33.2,0.191560229096244
Branin-Fav,MFGP,48,33.3,0.191560229096244
Branin-Fav,MFGP,48,33.4,0.191560229096244
Branin-Fav,MFGP,48,33.5,0.191560229096244
Branin-Fav,MFGP,48,34.5,0.191560229096244
Branin-Fav,MFGP,48,34.6,0.191560229096244
Branin-Fav,MFGP,48,34.7,0.191560229096244
Branin-Fav,MFGP,48,34.8,0.191560229096244
Branin-Fav,MFGP,48,34.9,0.191560229096244
Branin-Fav,MFGP,48,35.0,0.191560229096244
Branin-Fav,MFGP,48,35.1,0.191560229096244
Branin-Fav,MFGP,48,35.2,0.191560229096244
Branin-Fav,MFGP,48,35.3,0.191560229096244
Branin-Fav,MFGP,48,35.4,0.191560229096244
Branin-Fav,MFGP,48,35.5,0.191560229096244
Branin-Fav,MFGP,48,36.5,0.191560229096244
Branin-Fav,MFGP,48,36.6,0.191560229096244
Branin-Fav,MFGP,48,36.7,0.191560229096244
Branin-Fav,MFGP,48,36.8,0.191560229096244
Branin-Fav,MFGP,48,36.9,0.191560229096244
Branin-Fav,MFGP,48,37.0,0.191560229096244
Branin-Fav,MFGP,48,37.1,0.191560229096244
Branin-Fav,MFGP,48,37.2,0.191560229096244
Branin-Fav,MFGP,48,37.3,0.191560229096244
Branin-Fav,MFGP,48,37.4,0.191560229096244
Branin-Fav,MFGP,48,37.5,0.191560229096244
Branin-Fav,MFGP,48,38.5,0.1530864037518488
Branin-Fav,MFGP,48,38.6,0.1530864037518488
Branin-Fav,MFGP,48,38.7,0.1530864037518488
Branin-Fav,MFGP,48,38.8,0.1530864037518488
Branin-Fav,MFGP,48,38.9,0.1530864037518488
Branin-Fav,MFGP,48,39.0,0.1530864037518488
Branin-Fav,MFGP,48,39.1,0.1530864037518488
Branin-Fav,MFGP,48,39.2,0.1530864037518488
Branin-Fav,MFGP,48,39.3,0.1530864037518488
Branin-Fav,MFGP,48,39.4,0.1530864037518488
Branin-Fav,MFGP,48,39.5,0.1530864037518488
Branin-Fav,MFGP,48,40.5,0.1530864037518488
Branin-Fav,MFGP,48,40.6,0.1530864037518488
Branin-Fav,MFGP,48,40.7,0.1530864037518488
Branin-Fav,MFGP,48,40.8,0.1530864037518488
Branin-Fav,MFGP,48,40.9,0.1530864037518488
Branin-Fav,MFGP,48,41.0,0.1530864037518488
Branin-Fav,MFGP,48,41.1,0.1530864037518488
Branin-Fav,MFGP,48,41.2,0.1530864037518488
Branin-Fav,MFGP,48,41.3,0.1530864037518488
Branin-Fav,MFGP,48,41.4,0.1530864037518488
Branin-Fav,MFGP,48,41.5,0.1530864037518488
Branin-Fav,MFGP,48,42.5,0.1530864037518488
Branin-Fav,MFGP,48,42.6,0.1530864037518488
Branin-Fav,MFGP,48,42.7,0.1530864037518488
Branin-Fav,MFGP,48,42.8,0.1530864037518488
Branin-Fav,MFGP,48,42.9,0.1530864037518488
Branin-Fav,MFGP,48,43.0,0.1530864037518488
Branin-Fav,MFGP,48,43.1,0.1530864037518488
Branin-Fav,MFGP,48,43.2,0.1530864037518488
Branin-Fav,MFGP,48,43.3,0.1530864037518488
Branin-Fav,MFGP,48,43.4,0.1530864037518488
Branin-Fav,MFGP,48,43.5,0.1530864037518488
Branin-Fav,MFGP,48,44.5,0.1530864037518488
Branin-Fav,MFGP,48,44.6,0.1530864037518488
Branin-Fav,MFGP,48,44.7,0.1530864037518488
Branin-Fav,MFGP,48,44.8,0.1530864037518488
Branin-Fav,MFGP,48,44.9,0.1530864037518488
Branin-Fav,MFGP,48,45.0,0.1530864037518488
Branin-Fav,MFGP,48,45.1,0.1530864037518488
Branin-Fav,MFGP,48,45.2,0.1530864037518488
Branin-Fav,MFGP,48,45.3,0.1530864037518488
Branin-Fav,MFGP,48,45.4,0.1530864037518488
Branin-Fav,MFGP,48,45.5,0.1530864037518488
Branin-Fav,MFGP,48,46.5,0.1530864037518488
Branin-Fav,MFGP,48,46.6,0.1530864037518488
Branin-Fav,MFGP,48,46.7,0.1530864037518488
Branin-Fav,MFGP,48,46.8,0.1530864037518488
Branin-Fav,MFGP,48,46.9,0.1530864037518488
Branin-Fav,MFGP,48,47.0,0.1530864037518488
Branin-Fav,MFGP,48,47.1,0.1530864037518488
Branin-Fav,MFGP,48,47.2,0.1530864037518488
Branin-Fav,MFGP,48,47.3,0.1530864037518488
Branin-Fav,MFGP,48,47.4,0.1530864037518488
Branin-Fav,MFGP,48,47.5,0.1530864037518488
Branin-Fav,MFGP,48,48.5,0.1530864037518488
Branin-Fav,MFGP,48,48.6,0.1530864037518488
Branin-Fav,MFGP,48,48.7,0.1530864037518488
Branin-Fav,MFGP,48,48.8,0.1530864037518488
Branin-Fav,MFGP,48,48.9,0.1530864037518488
Branin-Fav,MFGP,48,49.0,0.1530864037518488
Branin-Fav,MFGP,48,49.1,0.1530864037518488
Branin-Fav,MFGP,48,49.2,0.1530864037518488
Branin-Fav,MFGP,48,49.3,0.1530864037518488
Branin-Fav,MFGP,48,49.4,0.1530864037518488
Branin-Fav,MFGP,48,49.5,0.1530864037518488
Branin-Fav,MFGP,48,49.6,0.1530864037518488
Branin-Fav,MFGP,48,49.7,0.1530864037518488
Branin-Fav,MFGP,48,49.8,0.1530864037518488
Branin-Fav,MFGP,48,49.9,0.1530864037518488
Branin-Fav,MFGP,49,4.5,29.73277266563077
Branin-Fav,MFGP,49,4.6,29.73277266563077
Branin-Fav,MFGP,49,4.7,29.73277266563077
Branin-Fav,MFGP,49,4.8,29.73277266563077
Branin-Fav,MFGP,49,4.9,29.73277266563077
Branin-Fav,MFGP,49,5.0,29.73277266563077
Branin-Fav,MFGP,49,5.1,29.73277266563077
Branin-Fav,MFGP,49,5.2,29.73277266563077
Branin-Fav,MFGP,49,5.3,29.73277266563077
Branin-Fav,MFGP,49,5.4,29.73277266563077
Branin-Fav,MFGP,49,5.5,29.73277266563077
Branin-Fav,MFGP,49,6.5,4.751799582335638
Branin-Fav,MFGP,49,6.6,4.751799582335638
Branin-Fav,MFGP,49,6.7,4.751799582335638
Branin-Fav,MFGP,49,6.8,4.751799582335638
Branin-Fav,MFGP,49,6.9,4.751799582335638
Branin-Fav,MFGP,49,7.0,4.751799582335638
Branin-Fav,MFGP,49,7.1,4.751799582335638
Branin-Fav,MFGP,49,7.2,4.751799582335638
Branin-Fav,MFGP,49,7.3,4.751799582335638
Branin-Fav,MFGP,49,7.4,4.751799582335638
Branin-Fav,MFGP,49,7.5,4.751799582335638
Branin-Fav,MFGP,49,8.5,2.577070109384376
Branin-Fav,MFGP,49,8.6,2.577070109384376
Branin-Fav,MFGP,49,8.7,2.577070109384376
Branin-Fav,MFGP,49,8.8,2.577070109384376
Branin-Fav,MFGP,49,8.9,2.577070109384376
Branin-Fav,MFGP,49,9.0,2.577070109384376
Branin-Fav,MFGP,49,9.1,2.577070109384376
Branin-Fav,MFGP,49,9.2,2.577070109384376
Branin-Fav,MFGP,49,9.3,2.577070109384376
Branin-Fav,MFGP,49,9.4,2.577070109384376
Branin-Fav,MFGP,49,9.5,2.577070109384376
Branin-Fav,MFGP,49,10.5,0.7875569325099318
Branin-Fav,MFGP,49,10.6,0.7875569325099318
Branin-Fav,MFGP,49,10.7,0.7875569325099318
Branin-Fav,MFGP,49,10.8,0.7875569325099318
Branin-Fav,MFGP,49,10.9,0.7875569325099318
Branin-Fav,MFGP,49,11.0,0.7875569325099318
Branin-Fav,MFGP,49,11.1,0.7875569325099318
Branin-Fav,MFGP,49,11.2,0.7875569325099318
Branin-Fav,MFGP,49,11.3,0.7875569325099318
Branin-Fav,MFGP,49,11.4,0.7875569325099318
Branin-Fav,MFGP,49,11.5,0.7875569325099318
Branin-Fav,MFGP,49,12.5,0.7875569325099318
Branin-Fav,MFGP,49,12.6,0.7875569325099318
Branin-Fav,MFGP,49,12.7,0.7875569325099318
Branin-Fav,MFGP,49,12.8,0.7875569325099318
Branin-Fav,MFGP,49,12.9,0.7875569325099318
Branin-Fav,MFGP,49,13.0,0.7875569325099318
Branin-Fav,MFGP,49,13.1,0.7875569325099318
Branin-Fav,MFGP,49,13.2,0.7875569325099318
Branin-Fav,MFGP,49,13.3,0.7875569325099318
Branin-Fav,MFGP,49,13.4,0.7875569325099318
Branin-Fav,MFGP,49,13.5,0.7875569325099318
Branin-Fav,MFGP,49,14.5,0.7875569325099318
Branin-Fav,MFGP,49,14.6,0.7875569325099318
Branin-Fav,MFGP,49,14.7,0.7875569325099318
Branin-Fav,MFGP,49,14.8,0.7875569325099318
Branin-Fav,MFGP,49,14.9,0.7875569325099318
Branin-Fav,MFGP,49,15.0,0.7875569325099318
Branin-Fav,MFGP,49,15.1,0.7875569325099318
Branin-Fav,MFGP,49,15.2,0.7875569325099318
Branin-Fav,MFGP,49,15.3,0.7875569325099318
Branin-Fav,MFGP,49,15.4,0.7875569325099318
Branin-Fav,MFGP,49,15.5,0.7875569325099318
Branin-Fav,MFGP,49,16.5,0.7875569325099318
Branin-Fav,MFGP,49,16.6,0.7875569325099318
Branin-Fav,MFGP,49,16.7,0.7875569325099318
Branin-Fav,MFGP,49,16.8,0.7875569325099318
Branin-Fav,MFGP,49,16.9,0.7875569325099318
Branin-Fav,MFGP,49,17.0,0.7875569325099318
Branin-Fav,MFGP,49,17.1,0.7875569325099318
Branin-Fav,MFGP,49,17.2,0.7875569325099318
Branin-Fav,MFGP,49,17.3,0.7875569325099318
Branin-Fav,MFGP,49,17.4,0.7875569325099318
Branin-Fav,MFGP,49,17.5,0.7875569325099318
Branin-Fav,MFGP,49,18.5,0.7875569325099318
Branin-Fav,MFGP,49,18.6,0.7875569325099318
Branin-Fav,MFGP,49,18.7,0.7875569325099318
Branin-Fav,MFGP,49,18.8,0.7875569325099318
Branin-Fav,MFGP,49,18.9,0.7875569325099318
Branin-Fav,MFGP,49,19.0,0.7875569325099318
Branin-Fav,MFGP,49,19.1,0.7875569325099318
Branin-Fav,MFGP,49,19.2,0.7875569325099318
Branin-Fav,MFGP,49,19.3,0.7875569325099318
Branin-Fav,MFGP,49,19.4,0.7875569325099318
Branin-Fav,MFGP,49,19.5,0.7875569325099318
Branin-Fav,MFGP,49,20.5,0.4144100866751604
Branin-Fav,MFGP,49,20.6,0.4144100866751604
Branin-Fav,MFGP,49,20.7,0.4144100866751604
Branin-Fav,MFGP,49,20.8,0.4144100866751604
Branin-Fav,MFGP,49,20.9,0.4144100866751604
Branin-Fav,MFGP,49,21.0,0.4144100866751604
Branin-Fav,MFGP,49,21.1,0.4144100866751604
Branin-Fav,MFGP,49,21.2,0.4144100866751604
Branin-Fav,MFGP,49,21.3,0.4144100866751604
Branin-Fav,MFGP,49,21.4,0.4144100866751604
Branin-Fav,MFGP,49,21.5,0.4144100866751604
Branin-Fav,MFGP,49,22.5,0.4144100866751604
Branin-Fav,MFGP,49,22.6,0.4144100866751604
Branin-Fav,MFGP,49,22.7,0.4144100866751604
Branin-Fav,MFGP,49,22.8,0.4144100866751604
Branin-Fav,MFGP,49,22.9,0.4144100866751604
Branin-Fav,MFGP,49,23.0,0.4144100866751604
Branin-Fav,MFGP,49,23.1,0.4144100866751604
Branin-Fav,MFGP,49,23.2,0.4144100866751604
Branin-Fav,MFGP,49,23.3,0.4144100866751604
Branin-Fav,MFGP,49,23.4,0.4144100866751604
Branin-Fav,MFGP,49,23.5,0.4144100866751604
Branin-Fav,MFGP,49,24.5,0.4144100866751604
Branin-Fav,MFGP,49,24.6,0.4144100866751604
Branin-Fav,MFGP,49,24.7,0.4144100866751604
Branin-Fav,MFGP,49,24.8,0.4144100866751604
Branin-Fav,MFGP,49,24.9,0.4144100866751604
Branin-Fav,MFGP,49,25.0,0.4144100866751604
Branin-Fav,MFGP,49,25.1,0.4144100866751604
Branin-Fav,MFGP,49,25.2,0.4144100866751604
Branin-Fav,MFGP,49,25.3,0.4144100866751604
Branin-Fav,MFGP,49,25.4,0.4144100866751604
Branin-Fav,MFGP,49,25.5,0.4144100866751604
Branin-Fav,MFGP,49,26.5,0.2369742815964678
Branin-Fav,MFGP,49,26.6,0.2369742815964678
Branin-Fav,MFGP,49,26.7,0.2369742815964678
Branin-Fav,MFGP,49,26.8,0.2369742815964678
Branin-Fav,MFGP,49,26.9,0.2369742815964678
Branin-Fav,MFGP,49,27.0,0.2369742815964678
Branin-Fav,MFGP,49,27.1,0.2369742815964678
Branin-Fav,MFGP,49,27.2,0.2369742815964678
Branin-Fav,MFGP,49,27.3,0.2369742815964678
Branin-Fav,MFGP,49,27.4,0.2369742815964678
Branin-Fav,MFGP,49,27.5,0.2369742815964678
Branin-Fav,MFGP,49,28.5,0.2369742815964678
Branin-Fav,MFGP,49,28.6,0.2369742815964678
Branin-Fav,MFGP,49,28.7,0.2369742815964678
Branin-Fav,MFGP,49,28.8,0.2369742815964678
Branin-Fav,MFGP,49,28.9,0.2369742815964678
Branin-Fav,MFGP,49,29.0,0.2369742815964678
Branin-Fav,MFGP,49,29.1,0.2369742815964678
Branin-Fav,MFGP,49,29.2,0.2369742815964678
Branin-Fav,MFGP,49,29.3,0.2369742815964678
Branin-Fav,MFGP,49,29.4,0.2369742815964678
Branin-Fav,MFGP,49,29.5,0.2369742815964678
Branin-Fav,MFGP,49,30.5,0.2369742815964678
Branin-Fav,MFGP,49,30.6,0.2369742815964678
Branin-Fav,MFGP,49,30.7,0.2369742815964678
Branin-Fav,MFGP,49,30.8,0.2369742815964678
Branin-Fav,MFGP,49,30.9,0.2369742815964678
Branin-Fav,MFGP,49,31.0,0.2369742815964678
Branin-Fav,MFGP,49,31.1,0.2369742815964678
Branin-Fav,MFGP,49,31.2,0.2369742815964678
Branin-Fav,MFGP,49,31.3,0.2369742815964678
Branin-Fav,MFGP,49,31.4,0.2369742815964678
Branin-Fav,MFGP,49,31.5,0.2369742815964678
Branin-Fav,MFGP,49,32.5,0.2369742815964678
Branin-Fav,MFGP,49,32.6,0.2369742815964678
Branin-Fav,MFGP,49,32.7,0.2369742815964678
Branin-Fav,MFGP,49,32.8,0.2369742815964678
Branin-Fav,MFGP,49,32.9,0.2369742815964678
Branin-Fav,MFGP,49,33.0,0.2369742815964678
Branin-Fav,MFGP,49,33.1,0.2369742815964678
Branin-Fav,MFGP,49,33.2,0.2369742815964678
Branin-Fav,MFGP,49,33.3,0.2369742815964678
Branin-Fav,MFGP,49,33.4,0.2369742815964678
Branin-Fav,MFGP,49,33.5,0.2369742815964678
Branin-Fav,MFGP,49,34.5,0.2369742815964678
Branin-Fav,MFGP,49,34.6,0.2369742815964678
Branin-Fav,MFGP,49,34.7,0.2369742815964678
Branin-Fav,MFGP,49,34.8,0.2369742815964678
Branin-Fav,MFGP,49,34.9,0.2369742815964678
Branin-Fav,MFGP,49,35.0,0.2369742815964678
Branin-Fav,MFGP,49,35.1,0.2369742815964678
Branin-Fav,MFGP,49,35.2,0.2369742815964678
Branin-Fav,MFGP,49,35.3,0.2369742815964678
Branin-Fav,MFGP,49,35.4,0.2369742815964678
Branin-Fav,MFGP,49,35.5,0.2369742815964678
Branin-Fav,MFGP,49,36.5,0.2369742815964678
Branin-Fav,MFGP,49,36.6,0.2369742815964678
Branin-Fav,MFGP,49,36.7,0.2369742815964678
Branin-Fav,MFGP,49,36.8,0.2369742815964678
Branin-Fav,MFGP,49,36.9,0.2369742815964678
Branin-Fav,MFGP,49,37.0,0.2369742815964678
Branin-Fav,MFGP,49,37.1,0.2369742815964678
Branin-Fav,MFGP,49,37.2,0.2369742815964678
Branin-Fav,MFGP,49,37.3,0.2369742815964678
Branin-Fav,MFGP,49,37.4,0.2369742815964678
Branin-Fav,MFGP,49,37.5,0.2369742815964678
Branin-Fav,MFGP,49,38.5,0.2369742815964678
Branin-Fav,MFGP,49,38.6,0.2369742815964678
Branin-Fav,MFGP,49,38.7,0.2369742815964678
Branin-Fav,MFGP,49,38.8,0.2369742815964678
Branin-Fav,MFGP,49,38.9,0.2369742815964678
Branin-Fav,MFGP,49,39.0,0.2369742815964678
Branin-Fav,MFGP,49,39.1,0.2369742815964678
Branin-Fav,MFGP,49,39.2,0.2369742815964678
Branin-Fav,MFGP,49,39.3,0.2369742815964678
Branin-Fav,MFGP,49,39.4,0.2369742815964678
Branin-Fav,MFGP,49,39.5,0.2369742815964678
Branin-Fav,MFGP,49,40.5,0.2369742815964678
Branin-Fav,MFGP,49,40.6,0.2369742815964678
Branin-Fav,MFGP,49,40.7,0.2369742815964678
Branin-Fav,MFGP,49,40.8,0.2369742815964678
Branin-Fav,MFGP,49,40.9,0.2369742815964678
Branin-Fav,MFGP,49,41.0,0.2369742815964678
Branin-Fav,MFGP,49,41.1,0.2369742815964678
Branin-Fav,MFGP,49,41.2,0.2369742815964678
Branin-Fav,MFGP,49,41.3,0.2369742815964678
Branin-Fav,MFGP,49,41.4,0.2369742815964678
Branin-Fav,MFGP,49,41.5,0.2369742815964678
Branin-Fav,MFGP,49,42.5,0.2369742815964678
Branin-Fav,MFGP,49,42.6,0.2369742815964678
Branin-Fav,MFGP,49,42.7,0.2369742815964678
Branin-Fav,MFGP,49,42.8,0.2369742815964678
Branin-Fav,MFGP,49,42.9,0.2369742815964678
Branin-Fav,MFGP,49,43.0,0.2369742815964678
Branin-Fav,MFGP,49,43.1,0.2369742815964678
Branin-Fav,MFGP,49,43.2,0.2369742815964678
Branin-Fav,MFGP,49,43.3,0.2369742815964678
Branin-Fav,MFGP,49,43.4,0.2369742815964678
Branin-Fav,MFGP,49,43.5,0.2369742815964678
Branin-Fav,MFGP,49,44.5,0.2369742815964678
Branin-Fav,MFGP,49,44.6,0.2369742815964678
Branin-Fav,MFGP,49,44.7,0.2369742815964678
Branin-Fav,MFGP,49,44.8,0.2369742815964678
Branin-Fav,MFGP,49,44.9,0.2369742815964678
Branin-Fav,MFGP,49,45.0,0.2369742815964678
Branin-Fav,MFGP,49,45.1,0.2369742815964678
Branin-Fav,MFGP,49,45.2,0.2369742815964678
Branin-Fav,MFGP,49,45.3,0.2369742815964678
Branin-Fav,MFGP,49,45.4,0.2369742815964678
Branin-Fav,MFGP,49,45.5,0.2369742815964678
Branin-Fav,MFGP,49,46.5,0.2369742815964678
Branin-Fav,MFGP,49,46.6,0.2369742815964678
Branin-Fav,MFGP,49,46.7,0.2369742815964678
Branin-Fav,MFGP,49,46.8,0.2369742815964678
Branin-Fav,MFGP,49,46.9,0.2369742815964678
Branin-Fav,MFGP,49,47.0,0.2369742815964678
Branin-Fav,MFGP,49,47.1,0.2369742815964678
Branin-Fav,MFGP,49,47.2,0.2369742815964678
Branin-Fav,MFGP,49,47.3,0.2369742815964678
Branin-Fav,MFGP,49,47.4,0.2369742815964678
Branin-Fav,MFGP,49,47.5,0.2369742815964678
Branin-Fav,MFGP,49,48.5,0.2369742815964678
Branin-Fav,MFGP,49,48.6,0.2369742815964678
Branin-Fav,MFGP,49,48.7,0.2369742815964678
Branin-Fav,MFGP,49,48.8,0.2369742815964678
Branin-Fav,MFGP,49,48.9,0.2369742815964678
Branin-Fav,MFGP,49,49.0,0.2369742815964678
Branin-Fav,MFGP,49,49.1,0.2369742815964678
Branin-Fav,MFGP,49,49.2,0.2369742815964678
Branin-Fav,MFGP,49,49.3,0.2369742815964678
Branin-Fav,MFGP,49,49.4,0.2369742815964678
Branin-Fav,MFGP,49,49.5,0.2369742815964678
Branin-Fav,MFGP,49,49.6,0.2369742815964678
Branin-Fav,MFGP,49,49.7,0.2369742815964678
Branin-Fav,MFGP,49,49.8,0.2369742815964678
Branin-Fav,MFGP,49,49.9,0.2369742815964678
Branin-Fav,MFGP,50,4.5,71.57836024977267
Branin-Fav,MFGP,50,4.6,71.57836024977267
Branin-Fav,MFGP,50,4.7,71.57836024977267
Branin-Fav,MFGP,50,4.8,71.57836024977267
Branin-Fav,MFGP,50,4.9,71.57836024977267
Branin-Fav,MFGP,50,5.0,71.57836024977267
Branin-Fav,MFGP,50,5.1,71.57836024977267
Branin-Fav,MFGP,50,5.2,71.57836024977267
Branin-Fav,MFGP,50,5.3,71.57836024977267
Branin-Fav,MFGP,50,5.4,71.57836024977267
Branin-Fav,MFGP,50,5.5,71.57836024977267
Branin-Fav,MFGP,50,6.5,4.751799582335638
Branin-Fav,MFGP,50,6.6,4.751799582335638
Branin-Fav,MFGP,50,6.7,4.751799582335638
Branin-Fav,MFGP,50,6.8,4.751799582335638
Branin-Fav,MFGP,50,6.9,4.751799582335638
Branin-Fav,MFGP,50,7.0,4.751799582335638
Branin-Fav,MFGP,50,7.1,4.751799582335638
Branin-Fav,MFGP,50,7.2,4.751799582335638
Branin-Fav,MFGP,50,7.3,4.751799582335638
Branin-Fav,MFGP,50,7.4,4.751799582335638
Branin-Fav,MFGP,50,7.5,4.751799582335638
Branin-Fav,MFGP,50,8.5,3.3617148202748792
Branin-Fav,MFGP,50,8.6,3.3617148202748792
Branin-Fav,MFGP,50,8.7,3.3617148202748792
Branin-Fav,MFGP,50,8.8,3.3617148202748792
Branin-Fav,MFGP,50,8.9,3.3617148202748792
Branin-Fav,MFGP,50,9.0,3.3617148202748792
Branin-Fav,MFGP,50,9.1,3.3617148202748792
Branin-Fav,MFGP,50,9.2,3.3617148202748792
Branin-Fav,MFGP,50,9.3,3.3617148202748792
Branin-Fav,MFGP,50,9.4,3.3617148202748792
Branin-Fav,MFGP,50,9.5,3.3617148202748792
Branin-Fav,MFGP,50,10.5,3.3617148202748792
Branin-Fav,MFGP,50,10.6,3.3617148202748792
Branin-Fav,MFGP,50,10.7,3.3617148202748792
Branin-Fav,MFGP,50,10.8,3.3617148202748792
Branin-Fav,MFGP,50,10.9,3.3617148202748792
Branin-Fav,MFGP,50,11.0,3.3617148202748792
Branin-Fav,MFGP,50,11.1,3.3617148202748792
Branin-Fav,MFGP,50,11.2,3.3617148202748792
Branin-Fav,MFGP,50,11.3,3.3617148202748792
Branin-Fav,MFGP,50,11.4,3.3617148202748792
Branin-Fav,MFGP,50,11.5,3.3617148202748792
Branin-Fav,MFGP,50,12.5,2.2043265090989363
Branin-Fav,MFGP,50,12.6,2.2043265090989363
Branin-Fav,MFGP,50,12.7,2.2043265090989363
Branin-Fav,MFGP,50,12.8,2.2043265090989363
Branin-Fav,MFGP,50,12.9,2.2043265090989363
Branin-Fav,MFGP,50,13.0,2.2043265090989363
Branin-Fav,MFGP,50,13.1,2.2043265090989363
Branin-Fav,MFGP,50,13.2,2.2043265090989363
Branin-Fav,MFGP,50,13.3,2.2043265090989363
Branin-Fav,MFGP,50,13.4,2.2043265090989363
Branin-Fav,MFGP,50,13.5,2.2043265090989363
Branin-Fav,MFGP,50,14.5,2.2043265090989363
Branin-Fav,MFGP,50,14.6,2.2043265090989363
Branin-Fav,MFGP,50,14.7,2.2043265090989363
Branin-Fav,MFGP,50,14.8,2.2043265090989363
Branin-Fav,MFGP,50,14.9,2.2043265090989363
Branin-Fav,MFGP,50,15.0,2.2043265090989363
Branin-Fav,MFGP,50,15.1,2.2043265090989363
Branin-Fav,MFGP,50,15.2,2.2043265090989363
Branin-Fav,MFGP,50,15.3,2.2043265090989363
Branin-Fav,MFGP,50,15.4,2.2043265090989363
Branin-Fav,MFGP,50,15.5,2.2043265090989363
Branin-Fav,MFGP,50,16.5,2.2043265090989363
Branin-Fav,MFGP,50,16.6,2.2043265090989363
Branin-Fav,MFGP,50,16.7,2.2043265090989363
Branin-Fav,MFGP,50,16.8,2.2043265090989363
Branin-Fav,MFGP,50,16.9,2.2043265090989363
Branin-Fav,MFGP,50,17.0,2.2043265090989363
Branin-Fav,MFGP,50,17.1,2.2043265090989363
Branin-Fav,MFGP,50,17.2,2.2043265090989363
Branin-Fav,MFGP,50,17.3,2.2043265090989363
Branin-Fav,MFGP,50,17.4,2.2043265090989363
Branin-Fav,MFGP,50,17.5,2.2043265090989363
Branin-Fav,MFGP,50,18.5,2.078120329843391
Branin-Fav,MFGP,50,18.6,2.078120329843391
Branin-Fav,MFGP,50,18.7,2.078120329843391
Branin-Fav,MFGP,50,18.8,2.078120329843391
Branin-Fav,MFGP,50,18.9,2.078120329843391
Branin-Fav,MFGP,50,19.0,2.078120329843391
Branin-Fav,MFGP,50,19.1,2.078120329843391
Branin-Fav,MFGP,50,19.2,2.078120329843391
Branin-Fav,MFGP,50,19.3,2.078120329843391
Branin-Fav,MFGP,50,19.4,2.078120329843391
Branin-Fav,MFGP,50,19.5,2.078120329843391
Branin-Fav,MFGP,50,20.5,1.2634069122796443
Branin-Fav,MFGP,50,20.6,1.2634069122796443
Branin-Fav,MFGP,50,20.7,1.2634069122796443
Branin-Fav,MFGP,50,20.8,1.2634069122796443
Branin-Fav,MFGP,50,20.9,1.2634069122796443
Branin-Fav,MFGP,50,21.0,1.2634069122796443
Branin-Fav,MFGP,50,21.1,1.2634069122796443
Branin-Fav,MFGP,50,21.2,1.2634069122796443
Branin-Fav,MFGP,50,21.3,1.2634069122796443
Branin-Fav,MFGP,50,21.4,1.2634069122796443
Branin-Fav,MFGP,50,21.5,1.2634069122796443
Branin-Fav,MFGP,50,22.5,1.2634069122796443
Branin-Fav,MFGP,50,22.6,1.2634069122796443
Branin-Fav,MFGP,50,22.7,1.2634069122796443
Branin-Fav,MFGP,50,22.8,1.2634069122796443
Branin-Fav,MFGP,50,22.9,1.2634069122796443
Branin-Fav,MFGP,50,23.0,1.2634069122796443
Branin-Fav,MFGP,50,23.1,1.2634069122796443
Branin-Fav,MFGP,50,23.2,1.2634069122796443
Branin-Fav,MFGP,50,23.3,1.2634069122796443
Branin-Fav,MFGP,50,23.4,1.2634069122796443
Branin-Fav,MFGP,50,23.5,1.2634069122796443
Branin-Fav,MFGP,50,24.5,1.2634069122796443
Branin-Fav,MFGP,50,24.6,1.2634069122796443
Branin-Fav,MFGP,50,24.7,1.2634069122796443
Branin-Fav,MFGP,50,24.8,1.2634069122796443
Branin-Fav,MFGP,50,24.9,1.2634069122796443
Branin-Fav,MFGP,50,25.0,1.2634069122796443
Branin-Fav,MFGP,50,25.1,1.2634069122796443
Branin-Fav,MFGP,50,25.2,1.2634069122796443
Branin-Fav,MFGP,50,25.3,1.2634069122796443
Branin-Fav,MFGP,50,25.4,1.2634069122796443
Branin-Fav,MFGP,50,25.5,1.2634069122796443
Branin-Fav,MFGP,50,26.5,1.2634069122796443
Branin-Fav,MFGP,50,26.6,1.2634069122796443
Branin-Fav,MFGP,50,26.7,1.2634069122796443
Branin-Fav,MFGP,50,26.8,1.2634069122796443
Branin-Fav,MFGP,50,26.9,1.2634069122796443
Branin-Fav,MFGP,50,27.0,1.2634069122796443
Branin-Fav,MFGP,50,27.1,1.2634069122796443
Branin-Fav,MFGP,50,27.2,1.2634069122796443
Branin-Fav,MFGP,50,27.3,1.2634069122796443
Branin-Fav,MFGP,50,27.4,1.2634069122796443
Branin-Fav,MFGP,50,27.5,1.2634069122796443
Branin-Fav,MFGP,50,28.5,1.2634069122796443
Branin-Fav,MFGP,50,28.6,1.2634069122796443
Branin-Fav,MFGP,50,28.7,1.2634069122796443
Branin-Fav,MFGP,50,28.8,1.2634069122796443
Branin-Fav,MFGP,50,28.9,1.2634069122796443
Branin-Fav,MFGP,50,29.0,1.2634069122796443
Branin-Fav,MFGP,50,29.1,1.2634069122796443
Branin-Fav,MFGP,50,29.2,1.2634069122796443
Branin-Fav,MFGP,50,29.3,1.2634069122796443
Branin-Fav,MFGP,50,29.4,1.2634069122796443
Branin-Fav,MFGP,50,29.5,1.2634069122796443
Branin-Fav,MFGP,50,30.5,1.2634069122796443
Branin-Fav,MFGP,50,30.6,1.2634069122796443
Branin-Fav,MFGP,50,30.7,1.2634069122796443
Branin-Fav,MFGP,50,30.8,1.2634069122796443
Branin-Fav,MFGP,50,30.9,1.2634069122796443
Branin-Fav,MFGP,50,31.0,1.2634069122796443
Branin-Fav,MFGP,50,31.1,1.2634069122796443
Branin-Fav,MFGP,50,31.2,1.2634069122796443
Branin-Fav,MFGP,50,31.3,1.2634069122796443
Branin-Fav,MFGP,50,31.4,1.2634069122796443
Branin-Fav,MFGP,50,31.5,1.2634069122796443
Branin-Fav,MFGP,50,32.5,1.2634069122796443
Branin-Fav,MFGP,50,32.6,1.2634069122796443
Branin-Fav,MFGP,50,32.7,1.2634069122796443
Branin-Fav,MFGP,50,32.8,1.2634069122796443
Branin-Fav,MFGP,50,32.9,1.2634069122796443
Branin-Fav,MFGP,50,33.0,1.2634069122796443
Branin-Fav,MFGP,50,33.1,1.2634069122796443
Branin-Fav,MFGP,50,33.2,1.2634069122796443
Branin-Fav,MFGP,50,33.3,1.2634069122796443
Branin-Fav,MFGP,50,33.4,1.2634069122796443
Branin-Fav,MFGP,50,33.5,1.2634069122796443
Branin-Fav,MFGP,50,34.5,1.2634069122796443
Branin-Fav,MFGP,50,34.6,1.2634069122796443
Branin-Fav,MFGP,50,34.7,1.2634069122796443
Branin-Fav,MFGP,50,34.8,1.2634069122796443
Branin-Fav,MFGP,50,34.9,1.2634069122796443
Branin-Fav,MFGP,50,35.0,1.2634069122796443
Branin-Fav,MFGP,50,35.1,1.2634069122796443
Branin-Fav,MFGP,50,35.2,1.2634069122796443
Branin-Fav,MFGP,50,35.3,1.2634069122796443
Branin-Fav,MFGP,50,35.4,1.2634069122796443
Branin-Fav,MFGP,50,35.5,1.2634069122796443
Branin-Fav,MFGP,50,36.5,1.2634069122796443
Branin-Fav,MFGP,50,36.6,1.2634069122796443
Branin-Fav,MFGP,50,36.7,1.2634069122796443
Branin-Fav,MFGP,50,36.8,1.2634069122796443
Branin-Fav,MFGP,50,36.9,1.2634069122796443
Branin-Fav,MFGP,50,37.0,1.2634069122796443
Branin-Fav,MFGP,50,37.1,1.2634069122796443
Branin-Fav,MFGP,50,37.2,1.2634069122796443
Branin-Fav,MFGP,50,37.3,1.2634069122796443
Branin-Fav,MFGP,50,37.4,1.2634069122796443
Branin-Fav,MFGP,50,37.5,1.2634069122796443
Branin-Fav,MFGP,50,38.5,1.2634069122796443
Branin-Fav,MFGP,50,38.6,1.2634069122796443
Branin-Fav,MFGP,50,38.7,1.2634069122796443
Branin-Fav,MFGP,50,38.8,1.2634069122796443
Branin-Fav,MFGP,50,38.9,1.2634069122796443
Branin-Fav,MFGP,50,39.0,1.2634069122796443
Branin-Fav,MFGP,50,39.1,1.2634069122796443
Branin-Fav,MFGP,50,39.2,1.2634069122796443
Branin-Fav,MFGP,50,39.3,1.2634069122796443
Branin-Fav,MFGP,50,39.4,1.2634069122796443
Branin-Fav,MFGP,50,39.5,1.2634069122796443
Branin-Fav,MFGP,50,40.5,1.2634069122796443
Branin-Fav,MFGP,50,40.6,1.2634069122796443
Branin-Fav,MFGP,50,40.7,1.2634069122796443
Branin-Fav,MFGP,50,40.8,1.2634069122796443
Branin-Fav,MFGP,50,40.9,1.2634069122796443
Branin-Fav,MFGP,50,41.0,1.2634069122796443
Branin-Fav,MFGP,50,41.1,1.2634069122796443
Branin-Fav,MFGP,50,41.2,1.2634069122796443
Branin-Fav,MFGP,50,41.3,1.2634069122796443
Branin-Fav,MFGP,50,41.4,1.2634069122796443
Branin-Fav,MFGP,50,41.5,1.2634069122796443
Branin-Fav,MFGP,50,42.5,1.2634069122796443
Branin-Fav,MFGP,50,42.6,1.2634069122796443
Branin-Fav,MFGP,50,42.7,1.2634069122796443
Branin-Fav,MFGP,50,42.8,1.2634069122796443
Branin-Fav,MFGP,50,42.9,1.2634069122796443
Branin-Fav,MFGP,50,43.0,1.2634069122796443
Branin-Fav,MFGP,50,43.1,1.2634069122796443
Branin-Fav,MFGP,50,43.2,1.2634069122796443
Branin-Fav,MFGP,50,43.3,1.2634069122796443
Branin-Fav,MFGP,50,43.4,1.2634069122796443
Branin-Fav,MFGP,50,43.5,1.2634069122796443
Branin-Fav,MFGP,50,44.5,1.2634069122796443
Branin-Fav,MFGP,50,44.6,1.2634069122796443
Branin-Fav,MFGP,50,44.7,1.2634069122796443
Branin-Fav,MFGP,50,44.8,1.2634069122796443
Branin-Fav,MFGP,50,44.9,1.2634069122796443
Branin-Fav,MFGP,50,45.0,1.2634069122796443
Branin-Fav,MFGP,50,45.1,1.2634069122796443
Branin-Fav,MFGP,50,45.2,1.2634069122796443
Branin-Fav,MFGP,50,45.3,1.2634069122796443
Branin-Fav,MFGP,50,45.4,1.2634069122796443
Branin-Fav,MFGP,50,45.5,1.2634069122796443
Branin-Fav,MFGP,50,46.5,1.2634069122796443
Branin-Fav,MFGP,50,46.6,1.2634069122796443
Branin-Fav,MFGP,50,46.7,1.2634069122796443
Branin-Fav,MFGP,50,46.8,1.2634069122796443
Branin-Fav,MFGP,50,46.9,1.2634069122796443
Branin-Fav,MFGP,50,47.0,1.2634069122796443
Branin-Fav,MFGP,50,47.1,1.2634069122796443
Branin-Fav,MFGP,50,47.2,1.2634069122796443
Branin-Fav,MFGP,50,47.3,1.2634069122796443
Branin-Fav,MFGP,50,47.4,1.2634069122796443
Branin-Fav,MFGP,50,47.5,1.2634069122796443
Branin-Fav,MFGP,50,48.5,1.2634069122796443
Branin-Fav,MFGP,50,48.6,1.2634069122796443
Branin-Fav,MFGP,50,48.7,1.2634069122796443
Branin-Fav,MFGP,50,48.8,1.2634069122796443
Branin-Fav,MFGP,50,48.9,1.2634069122796443
Branin-Fav,MFGP,50,49.0,1.2634069122796443
Branin-Fav,MFGP,50,49.1,1.2634069122796443
Branin-Fav,MFGP,50,49.2,1.2634069122796443
Branin-Fav,MFGP,50,49.3,1.2634069122796443
Branin-Fav,MFGP,50,49.4,1.2634069122796443
Branin-Fav,MFGP,50,49.5,1.2634069122796443
Branin-Fav,MFGP,50,49.6,1.2634069122796443
Branin-Fav,MFGP,50,49.7,1.2634069122796443
Branin-Fav,MFGP,50,49.8,1.2634069122796443
Branin-Fav,MFGP,50,49.9,1.2634069122796443
Branin-Fav,MFGP,51,4.5,36.05611320598066
Branin-Fav,MFGP,51,4.6,36.05611320598066
Branin-Fav,MFGP,51,4.7,36.05611320598066
Branin-Fav,MFGP,51,4.8,36.05611320598066
Branin-Fav,MFGP,51,4.9,36.05611320598066
Branin-Fav,MFGP,51,5.0,36.05611320598066
Branin-Fav,MFGP,51,5.1,36.05611320598066
Branin-Fav,MFGP,51,5.2,36.05611320598066
Branin-Fav,MFGP,51,5.3,36.05611320598066
Branin-Fav,MFGP,51,5.4,36.05611320598066
Branin-Fav,MFGP,51,5.5,36.05611320598066
Branin-Fav,MFGP,51,6.5,2.333975197680608
Branin-Fav,MFGP,51,6.6,2.333975197680608
Branin-Fav,MFGP,51,6.7,2.333975197680608
Branin-Fav,MFGP,51,6.8,2.333975197680608
Branin-Fav,MFGP,51,6.9,2.333975197680608
Branin-Fav,MFGP,51,7.0,2.333975197680608
Branin-Fav,MFGP,51,7.1,2.333975197680608
Branin-Fav,MFGP,51,7.2,2.333975197680608
Branin-Fav,MFGP,51,7.3,2.333975197680608
Branin-Fav,MFGP,51,7.4,2.333975197680608
Branin-Fav,MFGP,51,7.5,2.333975197680608
Branin-Fav,MFGP,51,8.5,0.3474885137832534
Branin-Fav,MFGP,51,8.6,0.3474885137832534
Branin-Fav,MFGP,51,8.7,0.3474885137832534
Branin-Fav,MFGP,51,8.8,0.3474885137832534
Branin-Fav,MFGP,51,8.9,0.3474885137832534
Branin-Fav,MFGP,51,9.0,0.3474885137832534
Branin-Fav,MFGP,51,9.1,0.3474885137832534
Branin-Fav,MFGP,51,9.2,0.3474885137832534
Branin-Fav,MFGP,51,9.3,0.3474885137832534
Branin-Fav,MFGP,51,9.4,0.3474885137832534
Branin-Fav,MFGP,51,9.5,0.3474885137832534
Branin-Fav,MFGP,51,10.5,0.103397520424047
Branin-Fav,MFGP,51,10.6,0.103397520424047
Branin-Fav,MFGP,51,10.7,0.103397520424047
Branin-Fav,MFGP,51,10.8,0.103397520424047
Branin-Fav,MFGP,51,10.9,0.103397520424047
Branin-Fav,MFGP,51,11.0,0.103397520424047
Branin-Fav,MFGP,51,11.1,0.103397520424047
Branin-Fav,MFGP,51,11.2,0.103397520424047
Branin-Fav,MFGP,51,11.3,0.103397520424047
Branin-Fav,MFGP,51,11.4,0.103397520424047
Branin-Fav,MFGP,51,11.5,0.103397520424047
Branin-Fav,MFGP,51,12.5,0.103397520424047
Branin-Fav,MFGP,51,12.6,0.103397520424047
Branin-Fav,MFGP,51,12.7,0.103397520424047
Branin-Fav,MFGP,51,12.8,0.103397520424047
Branin-Fav,MFGP,51,12.9,0.103397520424047
Branin-Fav,MFGP,51,13.0,0.103397520424047
Branin-Fav,MFGP,51,13.1,0.103397520424047
Branin-Fav,MFGP,51,13.2,0.103397520424047
Branin-Fav,MFGP,51,13.3,0.103397520424047
Branin-Fav,MFGP,51,13.4,0.103397520424047
Branin-Fav,MFGP,51,13.5,0.103397520424047
Branin-Fav,MFGP,51,14.5,0.103397520424047
Branin-Fav,MFGP,51,14.6,0.103397520424047
Branin-Fav,MFGP,51,14.7,0.103397520424047
Branin-Fav,MFGP,51,14.8,0.103397520424047
Branin-Fav,MFGP,51,14.9,0.103397520424047
Branin-Fav,MFGP,51,15.0,0.103397520424047
Branin-Fav,MFGP,51,15.1,0.103397520424047
Branin-Fav,MFGP,51,15.2,0.103397520424047
Branin-Fav,MFGP,51,15.3,0.103397520424047
Branin-Fav,MFGP,51,15.4,0.103397520424047
Branin-Fav,MFGP,51,15.5,0.103397520424047
Branin-Fav,MFGP,51,16.5,0.103397520424047
Branin-Fav,MFGP,51,16.6,0.103397520424047
Branin-Fav,MFGP,51,16.7,0.103397520424047
Branin-Fav,MFGP,51,16.8,0.103397520424047
Branin-Fav,MFGP,51,16.9,0.103397520424047
Branin-Fav,MFGP,51,17.0,0.103397520424047
Branin-Fav,MFGP,51,17.1,0.103397520424047
Branin-Fav,MFGP,51,17.2,0.103397520424047
Branin-Fav,MFGP,51,17.3,0.103397520424047
Branin-Fav,MFGP,51,17.4,0.103397520424047
Branin-Fav,MFGP,51,17.5,0.103397520424047
Branin-Fav,MFGP,51,18.5,0.103397520424047
Branin-Fav,MFGP,51,18.6,0.103397520424047
Branin-Fav,MFGP,51,18.7,0.103397520424047
Branin-Fav,MFGP,51,18.8,0.103397520424047
Branin-Fav,MFGP,51,18.9,0.103397520424047
Branin-Fav,MFGP,51,19.0,0.103397520424047
Branin-Fav,MFGP,51,19.1,0.103397520424047
Branin-Fav,MFGP,51,19.2,0.103397520424047
Branin-Fav,MFGP,51,19.3,0.103397520424047
Branin-Fav,MFGP,51,19.4,0.103397520424047
Branin-Fav,MFGP,51,19.5,0.103397520424047
Branin-Fav,MFGP,51,20.5,0.103397520424047
Branin-Fav,MFGP,51,20.6,0.103397520424047
Branin-Fav,MFGP,51,20.7,0.103397520424047
Branin-Fav,MFGP,51,20.8,0.103397520424047
Branin-Fav,MFGP,51,20.9,0.103397520424047
Branin-Fav,MFGP,51,21.0,0.103397520424047
Branin-Fav,MFGP,51,21.1,0.103397520424047
Branin-Fav,MFGP,51,21.2,0.103397520424047
Branin-Fav,MFGP,51,21.3,0.103397520424047
Branin-Fav,MFGP,51,21.4,0.103397520424047
Branin-Fav,MFGP,51,21.5,0.103397520424047
Branin-Fav,MFGP,51,22.5,0.103397520424047
Branin-Fav,MFGP,51,22.6,0.103397520424047
Branin-Fav,MFGP,51,22.7,0.103397520424047
Branin-Fav,MFGP,51,22.8,0.103397520424047
Branin-Fav,MFGP,51,22.9,0.103397520424047
Branin-Fav,MFGP,51,23.0,0.103397520424047
Branin-Fav,MFGP,51,23.1,0.103397520424047
Branin-Fav,MFGP,51,23.2,0.103397520424047
Branin-Fav,MFGP,51,23.3,0.103397520424047
Branin-Fav,MFGP,51,23.4,0.103397520424047
Branin-Fav,MFGP,51,23.5,0.103397520424047
Branin-Fav,MFGP,51,24.5,0.103397520424047
Branin-Fav,MFGP,51,24.6,0.103397520424047
Branin-Fav,MFGP,51,24.7,0.103397520424047
Branin-Fav,MFGP,51,24.8,0.103397520424047
Branin-Fav,MFGP,51,24.9,0.103397520424047
Branin-Fav,MFGP,51,25.0,0.103397520424047
Branin-Fav,MFGP,51,25.1,0.103397520424047
Branin-Fav,MFGP,51,25.2,0.103397520424047
Branin-Fav,MFGP,51,25.3,0.103397520424047
Branin-Fav,MFGP,51,25.4,0.103397520424047
Branin-Fav,MFGP,51,25.5,0.103397520424047
Branin-Fav,MFGP,51,26.5,0.103397520424047
Branin-Fav,MFGP,51,26.6,0.103397520424047
Branin-Fav,MFGP,51,26.7,0.103397520424047
Branin-Fav,MFGP,51,26.8,0.103397520424047
Branin-Fav,MFGP,51,26.9,0.103397520424047
Branin-Fav,MFGP,51,27.0,0.103397520424047
Branin-Fav,MFGP,51,27.1,0.103397520424047
Branin-Fav,MFGP,51,27.2,0.103397520424047
Branin-Fav,MFGP,51,27.3,0.103397520424047
Branin-Fav,MFGP,51,27.4,0.103397520424047
Branin-Fav,MFGP,51,27.5,0.103397520424047
Branin-Fav,MFGP,51,28.5,0.103397520424047
Branin-Fav,MFGP,51,28.6,0.103397520424047
Branin-Fav,MFGP,51,28.7,0.103397520424047
Branin-Fav,MFGP,51,28.8,0.103397520424047
Branin-Fav,MFGP,51,28.9,0.103397520424047
Branin-Fav,MFGP,51,29.0,0.103397520424047
Branin-Fav,MFGP,51,29.1,0.103397520424047
Branin-Fav,MFGP,51,29.2,0.103397520424047
Branin-Fav,MFGP,51,29.3,0.103397520424047
Branin-Fav,MFGP,51,29.4,0.103397520424047
Branin-Fav,MFGP,51,29.5,0.103397520424047
Branin-Fav,MFGP,51,30.5,0.103397520424047
Branin-Fav,MFGP,51,30.6,0.103397520424047
Branin-Fav,MFGP,51,30.7,0.103397520424047
Branin-Fav,MFGP,51,30.8,0.103397520424047
Branin-Fav,MFGP,51,30.9,0.103397520424047
Branin-Fav,MFGP,51,31.0,0.103397520424047
Branin-Fav,MFGP,51,31.1,0.103397520424047
Branin-Fav,MFGP,51,31.2,0.103397520424047
Branin-Fav,MFGP,51,31.3,0.103397520424047
Branin-Fav,MFGP,51,31.4,0.103397520424047
Branin-Fav,MFGP,51,31.5,0.103397520424047
Branin-Fav,MFGP,51,32.5,0.103397520424047
Branin-Fav,MFGP,51,32.6,0.103397520424047
Branin-Fav,MFGP,51,32.7,0.103397520424047
Branin-Fav,MFGP,51,32.8,0.103397520424047
Branin-Fav,MFGP,51,32.9,0.103397520424047
Branin-Fav,MFGP,51,33.0,0.103397520424047
Branin-Fav,MFGP,51,33.1,0.103397520424047
Branin-Fav,MFGP,51,33.2,0.103397520424047
Branin-Fav,MFGP,51,33.3,0.103397520424047
Branin-Fav,MFGP,51,33.4,0.103397520424047
Branin-Fav,MFGP,51,33.5,0.103397520424047
Branin-Fav,MFGP,51,34.5,0.103397520424047
Branin-Fav,MFGP,51,34.6,0.103397520424047
Branin-Fav,MFGP,51,34.7,0.103397520424047
Branin-Fav,MFGP,51,34.8,0.103397520424047
Branin-Fav,MFGP,51,34.9,0.103397520424047
Branin-Fav,MFGP,51,35.0,0.103397520424047
Branin-Fav,MFGP,51,35.1,0.103397520424047
Branin-Fav,MFGP,51,35.2,0.103397520424047
Branin-Fav,MFGP,51,35.3,0.103397520424047
Branin-Fav,MFGP,51,35.4,0.103397520424047
Branin-Fav,MFGP,51,35.5,0.103397520424047
Branin-Fav,MFGP,51,36.5,0.103397520424047
Branin-Fav,MFGP,51,36.6,0.103397520424047
Branin-Fav,MFGP,51,36.7,0.103397520424047
Branin-Fav,MFGP,51,36.8,0.103397520424047
Branin-Fav,MFGP,51,36.9,0.103397520424047
Branin-Fav,MFGP,51,37.0,0.103397520424047
Branin-Fav,MFGP,51,37.1,0.103397520424047
Branin-Fav,MFGP,51,37.2,0.103397520424047
Branin-Fav,MFGP,51,37.3,0.103397520424047
Branin-Fav,MFGP,51,37.4,0.103397520424047
Branin-Fav,MFGP,51,37.5,0.103397520424047
Branin-Fav,MFGP,51,38.5,0.103397520424047
Branin-Fav,MFGP,51,38.6,0.103397520424047
Branin-Fav,MFGP,51,38.7,0.103397520424047
Branin-Fav,MFGP,51,38.8,0.103397520424047
Branin-Fav,MFGP,51,38.9,0.103397520424047
Branin-Fav,MFGP,51,39.0,0.103397520424047
Branin-Fav,MFGP,51,39.1,0.103397520424047
Branin-Fav,MFGP,51,39.2,0.103397520424047
Branin-Fav,MFGP,51,39.3,0.103397520424047
Branin-Fav,MFGP,51,39.4,0.103397520424047
Branin-Fav,MFGP,51,39.5,0.103397520424047
Branin-Fav,MFGP,51,40.5,0.103397520424047
Branin-Fav,MFGP,51,40.6,0.103397520424047
Branin-Fav,MFGP,51,40.7,0.103397520424047
Branin-Fav,MFGP,51,40.8,0.103397520424047
Branin-Fav,MFGP,51,40.9,0.103397520424047
Branin-Fav,MFGP,51,41.0,0.103397520424047
Branin-Fav,MFGP,51,41.1,0.103397520424047
Branin-Fav,MFGP,51,41.2,0.103397520424047
Branin-Fav,MFGP,51,41.3,0.103397520424047
Branin-Fav,MFGP,51,41.4,0.103397520424047
Branin-Fav,MFGP,51,41.5,0.103397520424047
Branin-Fav,MFGP,51,42.5,0.103397520424047
Branin-Fav,MFGP,51,42.6,0.103397520424047
Branin-Fav,MFGP,51,42.7,0.103397520424047
Branin-Fav,MFGP,51,42.8,0.103397520424047
Branin-Fav,MFGP,51,42.9,0.103397520424047
Branin-Fav,MFGP,51,43.0,0.103397520424047
Branin-Fav,MFGP,51,43.1,0.103397520424047
Branin-Fav,MFGP,51,43.2,0.103397520424047
Branin-Fav,MFGP,51,43.3,0.103397520424047
Branin-Fav,MFGP,51,43.4,0.103397520424047
Branin-Fav,MFGP,51,43.5,0.103397520424047
Branin-Fav,MFGP,51,44.5,0.0523754278760194
Branin-Fav,MFGP,51,44.6,0.0523754278760194
Branin-Fav,MFGP,51,44.7,0.0523754278760194
Branin-Fav,MFGP,51,44.8,0.0523754278760194
Branin-Fav,MFGP,51,44.9,0.0523754278760194
Branin-Fav,MFGP,51,45.0,0.0523754278760194
Branin-Fav,MFGP,51,45.1,0.0523754278760194
Branin-Fav,MFGP,51,45.2,0.0523754278760194
Branin-Fav,MFGP,51,45.3,0.0523754278760194
Branin-Fav,MFGP,51,45.4,0.0523754278760194
Branin-Fav,MFGP,51,45.5,0.0523754278760194
Branin-Fav,MFGP,51,46.5,0.0523754278760194
Branin-Fav,MFGP,51,46.6,0.0523754278760194
Branin-Fav,MFGP,51,46.7,0.0523754278760194
Branin-Fav,MFGP,51,46.8,0.0523754278760194
Branin-Fav,MFGP,51,46.9,0.0523754278760194
Branin-Fav,MFGP,51,47.0,0.0523754278760194
Branin-Fav,MFGP,51,47.1,0.0523754278760194
Branin-Fav,MFGP,51,47.2,0.0523754278760194
Branin-Fav,MFGP,51,47.3,0.0523754278760194
Branin-Fav,MFGP,51,47.4,0.0523754278760194
Branin-Fav,MFGP,51,47.5,0.0523754278760194
Branin-Fav,MFGP,51,48.5,0.0523754278760194
Branin-Fav,MFGP,51,48.6,0.0523754278760194
Branin-Fav,MFGP,51,48.7,0.0523754278760194
Branin-Fav,MFGP,51,48.8,0.0523754278760194
Branin-Fav,MFGP,51,48.9,0.0523754278760194
Branin-Fav,MFGP,51,49.0,0.0523754278760194
Branin-Fav,MFGP,51,49.1,0.0523754278760194
Branin-Fav,MFGP,51,49.2,0.0523754278760194
Branin-Fav,MFGP,51,49.3,0.0523754278760194
Branin-Fav,MFGP,51,49.4,0.0523754278760194
Branin-Fav,MFGP,51,49.5,0.0523754278760194
Branin-Fav,MFGP,51,49.6,0.0523754278760194
Branin-Fav,MFGP,51,49.7,0.0523754278760194
Branin-Fav,MFGP,51,49.8,0.0523754278760194
Branin-Fav,MFGP,51,49.9,0.0523754278760194
Branin-Fav,MFGP,52,4.5,94.78185494128462
Branin-Fav,MFGP,52,4.6,94.78185494128462
Branin-Fav,MFGP,52,4.7,94.78185494128462
Branin-Fav,MFGP,52,4.8,94.78185494128462
Branin-Fav,MFGP,52,4.9,94.78185494128462
Branin-Fav,MFGP,52,5.0,94.78185494128462
Branin-Fav,MFGP,52,5.1,94.78185494128462
Branin-Fav,MFGP,52,5.2,94.78185494128462
Branin-Fav,MFGP,52,5.3,94.78185494128462
Branin-Fav,MFGP,52,5.4,94.78185494128462
Branin-Fav,MFGP,52,5.5,94.78185494128462
Branin-Fav,MFGP,52,6.5,4.210540742692576
Branin-Fav,MFGP,52,6.6,4.210540742692576
Branin-Fav,MFGP,52,6.7,4.210540742692576
Branin-Fav,MFGP,52,6.8,4.210540742692576
Branin-Fav,MFGP,52,6.9,4.210540742692576
Branin-Fav,MFGP,52,7.0,4.210540742692576
Branin-Fav,MFGP,52,7.1,4.210540742692576
Branin-Fav,MFGP,52,7.2,4.210540742692576
Branin-Fav,MFGP,52,7.3,4.210540742692576
Branin-Fav,MFGP,52,7.4,4.210540742692576
Branin-Fav,MFGP,52,7.5,4.210540742692576
Branin-Fav,MFGP,52,8.5,1.592260801894752
Branin-Fav,MFGP,52,8.6,1.592260801894752
Branin-Fav,MFGP,52,8.7,1.592260801894752
Branin-Fav,MFGP,52,8.8,1.592260801894752
Branin-Fav,MFGP,52,8.9,1.592260801894752
Branin-Fav,MFGP,52,9.0,1.592260801894752
Branin-Fav,MFGP,52,9.1,1.592260801894752
Branin-Fav,MFGP,52,9.2,1.592260801894752
Branin-Fav,MFGP,52,9.3,1.592260801894752
Branin-Fav,MFGP,52,9.4,1.592260801894752
Branin-Fav,MFGP,52,9.5,1.592260801894752
Branin-Fav,MFGP,52,10.5,0.1454692827993885
Branin-Fav,MFGP,52,10.6,0.1454692827993885
Branin-Fav,MFGP,52,10.7,0.1454692827993885
Branin-Fav,MFGP,52,10.8,0.1454692827993885
Branin-Fav,MFGP,52,10.9,0.1454692827993885
Branin-Fav,MFGP,52,11.0,0.1454692827993885
Branin-Fav,MFGP,52,11.1,0.1454692827993885
Branin-Fav,MFGP,52,11.2,0.1454692827993885
Branin-Fav,MFGP,52,11.3,0.1454692827993885
Branin-Fav,MFGP,52,11.4,0.1454692827993885
Branin-Fav,MFGP,52,11.5,0.1454692827993885
Branin-Fav,MFGP,52,12.5,0.1454692827993885
Branin-Fav,MFGP,52,12.6,0.1454692827993885
Branin-Fav,MFGP,52,12.7,0.1454692827993885
Branin-Fav,MFGP,52,12.8,0.1454692827993885
Branin-Fav,MFGP,52,12.9,0.1454692827993885
Branin-Fav,MFGP,52,13.0,0.1454692827993885
Branin-Fav,MFGP,52,13.1,0.1454692827993885
Branin-Fav,MFGP,52,13.2,0.1454692827993885
Branin-Fav,MFGP,52,13.3,0.1454692827993885
Branin-Fav,MFGP,52,13.4,0.1454692827993885
Branin-Fav,MFGP,52,13.5,0.1454692827993885
Branin-Fav,MFGP,52,14.5,0.1454692827993885
Branin-Fav,MFGP,52,14.6,0.1454692827993885
Branin-Fav,MFGP,52,14.7,0.1454692827993885
Branin-Fav,MFGP,52,14.8,0.1454692827993885
Branin-Fav,MFGP,52,14.9,0.1454692827993885
Branin-Fav,MFGP,52,15.0,0.1454692827993885
Branin-Fav,MFGP,52,15.1,0.1454692827993885
Branin-Fav,MFGP,52,15.2,0.1454692827993885
Branin-Fav,MFGP,52,15.3,0.1454692827993885
Branin-Fav,MFGP,52,15.4,0.1454692827993885
Branin-Fav,MFGP,52,15.5,0.1454692827993885
Branin-Fav,MFGP,52,16.5,0.1454692827993885
Branin-Fav,MFGP,52,16.6,0.1454692827993885
Branin-Fav,MFGP,52,16.7,0.1454692827993885
Branin-Fav,MFGP,52,16.8,0.1454692827993885
Branin-Fav,MFGP,52,16.9,0.1454692827993885
Branin-Fav,MFGP,52,17.0,0.1454692827993885
Branin-Fav,MFGP,52,17.1,0.1454692827993885
Branin-Fav,MFGP,52,17.2,0.1454692827993885
Branin-Fav,MFGP,52,17.3,0.1454692827993885
Branin-Fav,MFGP,52,17.4,0.1454692827993885
Branin-Fav,MFGP,52,17.5,0.1454692827993885
Branin-Fav,MFGP,52,18.5,0.1454692827993885
Branin-Fav,MFGP,52,18.6,0.1454692827993885
Branin-Fav,MFGP,52,18.7,0.1454692827993885
Branin-Fav,MFGP,52,18.8,0.1454692827993885
Branin-Fav,MFGP,52,18.9,0.1454692827993885
Branin-Fav,MFGP,52,19.0,0.1454692827993885
Branin-Fav,MFGP,52,19.1,0.1454692827993885
Branin-Fav,MFGP,52,19.2,0.1454692827993885
Branin-Fav,MFGP,52,19.3,0.1454692827993885
Branin-Fav,MFGP,52,19.4,0.1454692827993885
Branin-Fav,MFGP,52,19.5,0.1454692827993885
Branin-Fav,MFGP,52,20.5,0.1454692827993885
Branin-Fav,MFGP,52,20.6,0.1454692827993885
Branin-Fav,MFGP,52,20.7,0.1454692827993885
Branin-Fav,MFGP,52,20.8,0.1454692827993885
Branin-Fav,MFGP,52,20.9,0.1454692827993885
Branin-Fav,MFGP,52,21.0,0.1454692827993885
Branin-Fav,MFGP,52,21.1,0.1454692827993885
Branin-Fav,MFGP,52,21.2,0.1454692827993885
Branin-Fav,MFGP,52,21.3,0.1454692827993885
Branin-Fav,MFGP,52,21.4,0.1454692827993885
Branin-Fav,MFGP,52,21.5,0.1454692827993885
Branin-Fav,MFGP,52,22.5,0.1454692827993885
Branin-Fav,MFGP,52,22.6,0.1454692827993885
Branin-Fav,MFGP,52,22.7,0.1454692827993885
Branin-Fav,MFGP,52,22.8,0.1454692827993885
Branin-Fav,MFGP,52,22.9,0.1454692827993885
Branin-Fav,MFGP,52,23.0,0.1454692827993885
Branin-Fav,MFGP,52,23.1,0.1454692827993885
Branin-Fav,MFGP,52,23.2,0.1454692827993885
Branin-Fav,MFGP,52,23.3,0.1454692827993885
Branin-Fav,MFGP,52,23.4,0.1454692827993885
Branin-Fav,MFGP,52,23.5,0.1454692827993885
Branin-Fav,MFGP,52,24.5,0.1454692827993885
Branin-Fav,MFGP,52,24.6,0.1454692827993885
Branin-Fav,MFGP,52,24.7,0.1454692827993885
Branin-Fav,MFGP,52,24.8,0.1454692827993885
Branin-Fav,MFGP,52,24.9,0.1454692827993885
Branin-Fav,MFGP,52,25.0,0.1454692827993885
Branin-Fav,MFGP,52,25.1,0.1454692827993885
Branin-Fav,MFGP,52,25.2,0.1454692827993885
Branin-Fav,MFGP,52,25.3,0.1454692827993885
Branin-Fav,MFGP,52,25.4,0.1454692827993885
Branin-Fav,MFGP,52,25.5,0.1454692827993885
Branin-Fav,MFGP,52,26.5,0.1454692827993885
Branin-Fav,MFGP,52,26.6,0.1454692827993885
Branin-Fav,MFGP,52,26.7,0.1454692827993885
Branin-Fav,MFGP,52,26.8,0.1454692827993885
Branin-Fav,MFGP,52,26.9,0.1454692827993885
Branin-Fav,MFGP,52,27.0,0.1454692827993885
Branin-Fav,MFGP,52,27.1,0.1454692827993885
Branin-Fav,MFGP,52,27.2,0.1454692827993885
Branin-Fav,MFGP,52,27.3,0.1454692827993885
Branin-Fav,MFGP,52,27.4,0.1454692827993885
Branin-Fav,MFGP,52,27.5,0.1454692827993885
Branin-Fav,MFGP,52,28.5,0.1454692827993885
Branin-Fav,MFGP,52,28.6,0.1454692827993885
Branin-Fav,MFGP,52,28.7,0.1454692827993885
Branin-Fav,MFGP,52,28.8,0.1454692827993885
Branin-Fav,MFGP,52,28.9,0.1454692827993885
Branin-Fav,MFGP,52,29.0,0.1454692827993885
Branin-Fav,MFGP,52,29.1,0.1454692827993885
Branin-Fav,MFGP,52,29.2,0.1454692827993885
Branin-Fav,MFGP,52,29.3,0.1454692827993885
Branin-Fav,MFGP,52,29.4,0.1454692827993885
Branin-Fav,MFGP,52,29.5,0.1454692827993885
Branin-Fav,MFGP,52,30.5,0.1454692827993885
Branin-Fav,MFGP,52,30.6,0.1454692827993885
Branin-Fav,MFGP,52,30.7,0.1454692827993885
Branin-Fav,MFGP,52,30.8,0.1454692827993885
Branin-Fav,MFGP,52,30.9,0.1454692827993885
Branin-Fav,MFGP,52,31.0,0.1454692827993885
Branin-Fav,MFGP,52,31.1,0.1454692827993885
Branin-Fav,MFGP,52,31.2,0.1454692827993885
Branin-Fav,MFGP,52,31.3,0.1454692827993885
Branin-Fav,MFGP,52,31.4,0.1454692827993885
Branin-Fav,MFGP,52,31.5,0.1454692827993885
Branin-Fav,MFGP,52,32.5,0.1454692827993885
Branin-Fav,MFGP,52,32.6,0.1454692827993885
Branin-Fav,MFGP,52,32.7,0.1454692827993885
Branin-Fav,MFGP,52,32.8,0.1454692827993885
Branin-Fav,MFGP,52,32.9,0.1454692827993885
Branin-Fav,MFGP,52,33.0,0.1454692827993885
Branin-Fav,MFGP,52,33.1,0.1454692827993885
Branin-Fav,MFGP,52,33.2,0.1454692827993885
Branin-Fav,MFGP,52,33.3,0.1454692827993885
Branin-Fav,MFGP,52,33.4,0.1454692827993885
Branin-Fav,MFGP,52,33.5,0.1454692827993885
Branin-Fav,MFGP,52,34.5,0.1454692827993885
Branin-Fav,MFGP,52,34.6,0.1454692827993885
Branin-Fav,MFGP,52,34.7,0.1454692827993885
Branin-Fav,MFGP,52,34.8,0.1454692827993885
Branin-Fav,MFGP,52,34.9,0.1454692827993885
Branin-Fav,MFGP,52,35.0,0.1454692827993885
Branin-Fav,MFGP,52,35.1,0.1454692827993885
Branin-Fav,MFGP,52,35.2,0.1454692827993885
Branin-Fav,MFGP,52,35.3,0.1454692827993885
Branin-Fav,MFGP,52,35.4,0.1454692827993885
Branin-Fav,MFGP,52,35.5,0.1454692827993885
Branin-Fav,MFGP,52,36.5,0.1454692827993885
Branin-Fav,MFGP,52,36.6,0.1454692827993885
Branin-Fav,MFGP,52,36.7,0.1454692827993885
Branin-Fav,MFGP,52,36.8,0.1454692827993885
Branin-Fav,MFGP,52,36.9,0.1454692827993885
Branin-Fav,MFGP,52,37.0,0.1454692827993885
Branin-Fav,MFGP,52,37.1,0.1454692827993885
Branin-Fav,MFGP,52,37.2,0.1454692827993885
Branin-Fav,MFGP,52,37.3,0.1454692827993885
Branin-Fav,MFGP,52,37.4,0.1454692827993885
Branin-Fav,MFGP,52,37.5,0.1454692827993885
Branin-Fav,MFGP,52,38.5,0.1454692827993885
Branin-Fav,MFGP,52,38.6,0.1454692827993885
Branin-Fav,MFGP,52,38.7,0.1454692827993885
Branin-Fav,MFGP,52,38.8,0.1454692827993885
Branin-Fav,MFGP,52,38.9,0.1454692827993885
Branin-Fav,MFGP,52,39.0,0.1454692827993885
Branin-Fav,MFGP,52,39.1,0.1454692827993885
Branin-Fav,MFGP,52,39.2,0.1454692827993885
Branin-Fav,MFGP,52,39.3,0.1454692827993885
Branin-Fav,MFGP,52,39.4,0.1454692827993885
Branin-Fav,MFGP,52,39.5,0.1454692827993885
Branin-Fav,MFGP,52,40.5,0.1454692827993885
Branin-Fav,MFGP,52,40.6,0.1454692827993885
Branin-Fav,MFGP,52,40.7,0.1454692827993885
Branin-Fav,MFGP,52,40.8,0.1454692827993885
Branin-Fav,MFGP,52,40.9,0.1454692827993885
Branin-Fav,MFGP,52,41.0,0.1454692827993885
Branin-Fav,MFGP,52,41.1,0.1454692827993885
Branin-Fav,MFGP,52,41.2,0.1454692827993885
Branin-Fav,MFGP,52,41.3,0.1454692827993885
Branin-Fav,MFGP,52,41.4,0.1454692827993885
Branin-Fav,MFGP,52,41.5,0.1454692827993885
Branin-Fav,MFGP,52,42.5,0.1454692827993885
Branin-Fav,MFGP,52,42.6,0.1454692827993885
Branin-Fav,MFGP,52,42.7,0.1454692827993885
Branin-Fav,MFGP,52,42.8,0.1454692827993885
Branin-Fav,MFGP,52,42.9,0.1454692827993885
Branin-Fav,MFGP,52,43.0,0.1454692827993885
Branin-Fav,MFGP,52,43.1,0.1454692827993885
Branin-Fav,MFGP,52,43.2,0.1454692827993885
Branin-Fav,MFGP,52,43.3,0.1454692827993885
Branin-Fav,MFGP,52,43.4,0.1454692827993885
Branin-Fav,MFGP,52,43.5,0.1454692827993885
Branin-Fav,MFGP,52,44.5,0.1454692827993885
Branin-Fav,MFGP,52,44.6,0.1454692827993885
Branin-Fav,MFGP,52,44.7,0.1454692827993885
Branin-Fav,MFGP,52,44.8,0.1454692827993885
Branin-Fav,MFGP,52,44.9,0.1454692827993885
Branin-Fav,MFGP,52,45.0,0.1454692827993885
Branin-Fav,MFGP,52,45.1,0.1454692827993885
Branin-Fav,MFGP,52,45.2,0.1454692827993885
Branin-Fav,MFGP,52,45.3,0.1454692827993885
Branin-Fav,MFGP,52,45.4,0.1454692827993885
Branin-Fav,MFGP,52,45.5,0.1454692827993885
Branin-Fav,MFGP,52,46.5,0.1454692827993885
Branin-Fav,MFGP,52,46.6,0.1454692827993885
Branin-Fav,MFGP,52,46.7,0.1454692827993885
Branin-Fav,MFGP,52,46.8,0.1454692827993885
Branin-Fav,MFGP,52,46.9,0.1454692827993885
Branin-Fav,MFGP,52,47.0,0.1454692827993885
Branin-Fav,MFGP,52,47.1,0.1454692827993885
Branin-Fav,MFGP,52,47.2,0.1454692827993885
Branin-Fav,MFGP,52,47.3,0.1454692827993885
Branin-Fav,MFGP,52,47.4,0.1454692827993885
Branin-Fav,MFGP,52,47.5,0.1454692827993885
Branin-Fav,MFGP,52,48.5,0.1454692827993885
Branin-Fav,MFGP,52,48.6,0.1454692827993885
Branin-Fav,MFGP,52,48.7,0.1454692827993885
Branin-Fav,MFGP,52,48.8,0.1454692827993885
Branin-Fav,MFGP,52,48.9,0.1454692827993885
Branin-Fav,MFGP,52,49.0,0.1454692827993885
Branin-Fav,MFGP,52,49.1,0.1454692827993885
Branin-Fav,MFGP,52,49.2,0.1454692827993885
Branin-Fav,MFGP,52,49.3,0.1454692827993885
Branin-Fav,MFGP,52,49.4,0.1454692827993885
Branin-Fav,MFGP,52,49.5,0.1454692827993885
Branin-Fav,MFGP,52,49.6,0.1454692827993885
Branin-Fav,MFGP,52,49.7,0.1454692827993885
Branin-Fav,MFGP,52,49.8,0.1454692827993885
Branin-Fav,MFGP,52,49.9,0.1454692827993885
Branin-Fav,MFGP,53,4.5,31.567272783747157
Branin-Fav,MFGP,53,4.6,31.567272783747157
Branin-Fav,MFGP,53,4.7,31.567272783747157
Branin-Fav,MFGP,53,4.8,31.567272783747157
Branin-Fav,MFGP,53,4.9,31.567272783747157
Branin-Fav,MFGP,53,5.0,31.567272783747157
Branin-Fav,MFGP,53,5.1,31.567272783747157
Branin-Fav,MFGP,53,5.2,31.567272783747157
Branin-Fav,MFGP,53,5.3,31.567272783747157
Branin-Fav,MFGP,53,5.4,31.567272783747157
Branin-Fav,MFGP,53,5.5,31.567272783747157
Branin-Fav,MFGP,53,6.5,4.210540742692576
Branin-Fav,MFGP,53,6.6,4.210540742692576
Branin-Fav,MFGP,53,6.7,4.210540742692576
Branin-Fav,MFGP,53,6.8,4.210540742692576
Branin-Fav,MFGP,53,6.9,4.210540742692576
Branin-Fav,MFGP,53,7.0,4.210540742692576
Branin-Fav,MFGP,53,7.1,4.210540742692576
Branin-Fav,MFGP,53,7.2,4.210540742692576
Branin-Fav,MFGP,53,7.3,4.210540742692576
Branin-Fav,MFGP,53,7.4,4.210540742692576
Branin-Fav,MFGP,53,7.5,4.210540742692576
Branin-Fav,MFGP,53,8.5,1.1105189550745491
Branin-Fav,MFGP,53,8.6,1.1105189550745491
Branin-Fav,MFGP,53,8.7,1.1105189550745491
Branin-Fav,MFGP,53,8.8,1.1105189550745491
Branin-Fav,MFGP,53,8.9,1.1105189550745491
Branin-Fav,MFGP,53,9.0,1.1105189550745491
Branin-Fav,MFGP,53,9.1,1.1105189550745491
Branin-Fav,MFGP,53,9.2,1.1105189550745491
Branin-Fav,MFGP,53,9.3,1.1105189550745491
Branin-Fav,MFGP,53,9.4,1.1105189550745491
Branin-Fav,MFGP,53,9.5,1.1105189550745491
Branin-Fav,MFGP,53,10.5,0.0748038021785529
Branin-Fav,MFGP,53,10.6,0.0748038021785529
Branin-Fav,MFGP,53,10.7,0.0748038021785529
Branin-Fav,MFGP,53,10.8,0.0748038021785529
Branin-Fav,MFGP,53,10.9,0.0748038021785529
Branin-Fav,MFGP,53,11.0,0.0748038021785529
Branin-Fav,MFGP,53,11.1,0.0748038021785529
Branin-Fav,MFGP,53,11.2,0.0748038021785529
Branin-Fav,MFGP,53,11.3,0.0748038021785529
Branin-Fav,MFGP,53,11.4,0.0748038021785529
Branin-Fav,MFGP,53,11.5,0.0748038021785529
Branin-Fav,MFGP,53,12.5,0.0748038021785529
Branin-Fav,MFGP,53,12.6,0.0748038021785529
Branin-Fav,MFGP,53,12.7,0.0748038021785529
Branin-Fav,MFGP,53,12.8,0.0748038021785529
Branin-Fav,MFGP,53,12.9,0.0748038021785529
Branin-Fav,MFGP,53,13.0,0.0748038021785529
Branin-Fav,MFGP,53,13.1,0.0748038021785529
Branin-Fav,MFGP,53,13.2,0.0748038021785529
Branin-Fav,MFGP,53,13.3,0.0748038021785529
Branin-Fav,MFGP,53,13.4,0.0748038021785529
Branin-Fav,MFGP,53,13.5,0.0748038021785529
Branin-Fav,MFGP,53,14.5,0.0748038021785529
Branin-Fav,MFGP,53,14.6,0.0748038021785529
Branin-Fav,MFGP,53,14.7,0.0748038021785529
Branin-Fav,MFGP,53,14.8,0.0748038021785529
Branin-Fav,MFGP,53,14.9,0.0748038021785529
Branin-Fav,MFGP,53,15.0,0.0748038021785529
Branin-Fav,MFGP,53,15.1,0.0748038021785529
Branin-Fav,MFGP,53,15.2,0.0748038021785529
Branin-Fav,MFGP,53,15.3,0.0748038021785529
Branin-Fav,MFGP,53,15.4,0.0748038021785529
Branin-Fav,MFGP,53,15.5,0.0748038021785529
Branin-Fav,MFGP,53,16.5,0.0748038021785529
Branin-Fav,MFGP,53,16.6,0.0748038021785529
Branin-Fav,MFGP,53,16.7,0.0748038021785529
Branin-Fav,MFGP,53,16.8,0.0748038021785529
Branin-Fav,MFGP,53,16.9,0.0748038021785529
Branin-Fav,MFGP,53,17.0,0.0748038021785529
Branin-Fav,MFGP,53,17.1,0.0748038021785529
Branin-Fav,MFGP,53,17.2,0.0748038021785529
Branin-Fav,MFGP,53,17.3,0.0748038021785529
Branin-Fav,MFGP,53,17.4,0.0748038021785529
Branin-Fav,MFGP,53,17.5,0.0748038021785529
Branin-Fav,MFGP,53,18.5,0.0748038021785529
Branin-Fav,MFGP,53,18.6,0.0748038021785529
Branin-Fav,MFGP,53,18.7,0.0748038021785529
Branin-Fav,MFGP,53,18.8,0.0748038021785529
Branin-Fav,MFGP,53,18.9,0.0748038021785529
Branin-Fav,MFGP,53,19.0,0.0748038021785529
Branin-Fav,MFGP,53,19.1,0.0748038021785529
Branin-Fav,MFGP,53,19.2,0.0748038021785529
Branin-Fav,MFGP,53,19.3,0.0748038021785529
Branin-Fav,MFGP,53,19.4,0.0748038021785529
Branin-Fav,MFGP,53,19.5,0.0748038021785529
Branin-Fav,MFGP,53,20.5,0.0748038021785529
Branin-Fav,MFGP,53,20.6,0.0748038021785529
Branin-Fav,MFGP,53,20.7,0.0748038021785529
Branin-Fav,MFGP,53,20.8,0.0748038021785529
Branin-Fav,MFGP,53,20.9,0.0748038021785529
Branin-Fav,MFGP,53,21.0,0.0748038021785529
Branin-Fav,MFGP,53,21.1,0.0748038021785529
Branin-Fav,MFGP,53,21.2,0.0748038021785529
Branin-Fav,MFGP,53,21.3,0.0748038021785529
Branin-Fav,MFGP,53,21.4,0.0748038021785529
Branin-Fav,MFGP,53,21.5,0.0748038021785529
Branin-Fav,MFGP,53,22.5,0.0748038021785529
Branin-Fav,MFGP,53,22.6,0.0748038021785529
Branin-Fav,MFGP,53,22.7,0.0748038021785529
Branin-Fav,MFGP,53,22.8,0.0748038021785529
Branin-Fav,MFGP,53,22.9,0.0748038021785529
Branin-Fav,MFGP,53,23.0,0.0748038021785529
Branin-Fav,MFGP,53,23.1,0.0748038021785529
Branin-Fav,MFGP,53,23.2,0.0748038021785529
Branin-Fav,MFGP,53,23.3,0.0748038021785529
Branin-Fav,MFGP,53,23.4,0.0748038021785529
Branin-Fav,MFGP,53,23.5,0.0748038021785529
Branin-Fav,MFGP,53,24.5,0.0748038021785529
Branin-Fav,MFGP,53,24.6,0.0748038021785529
Branin-Fav,MFGP,53,24.7,0.0748038021785529
Branin-Fav,MFGP,53,24.8,0.0748038021785529
Branin-Fav,MFGP,53,24.9,0.0748038021785529
Branin-Fav,MFGP,53,25.0,0.0748038021785529
Branin-Fav,MFGP,53,25.1,0.0748038021785529
Branin-Fav,MFGP,53,25.2,0.0748038021785529
Branin-Fav,MFGP,53,25.3,0.0748038021785529
Branin-Fav,MFGP,53,25.4,0.0748038021785529
Branin-Fav,MFGP,53,25.5,0.0748038021785529
Branin-Fav,MFGP,53,26.5,0.0748038021785529
Branin-Fav,MFGP,53,26.6,0.0748038021785529
Branin-Fav,MFGP,53,26.7,0.0748038021785529
Branin-Fav,MFGP,53,26.8,0.0748038021785529
Branin-Fav,MFGP,53,26.9,0.0748038021785529
Branin-Fav,MFGP,53,27.0,0.0748038021785529
Branin-Fav,MFGP,53,27.1,0.0748038021785529
Branin-Fav,MFGP,53,27.2,0.0748038021785529
Branin-Fav,MFGP,53,27.3,0.0748038021785529
Branin-Fav,MFGP,53,27.4,0.0748038021785529
Branin-Fav,MFGP,53,27.5,0.0748038021785529
Branin-Fav,MFGP,53,28.5,0.0748038021785529
Branin-Fav,MFGP,53,28.6,0.0748038021785529
Branin-Fav,MFGP,53,28.7,0.0748038021785529
Branin-Fav,MFGP,53,28.8,0.0748038021785529
Branin-Fav,MFGP,53,28.9,0.0748038021785529
Branin-Fav,MFGP,53,29.0,0.0748038021785529
Branin-Fav,MFGP,53,29.1,0.0748038021785529
Branin-Fav,MFGP,53,29.2,0.0748038021785529
Branin-Fav,MFGP,53,29.3,0.0748038021785529
Branin-Fav,MFGP,53,29.4,0.0748038021785529
Branin-Fav,MFGP,53,29.5,0.0748038021785529
Branin-Fav,MFGP,53,30.5,0.0748038021785529
Branin-Fav,MFGP,53,30.6,0.0748038021785529
Branin-Fav,MFGP,53,30.7,0.0748038021785529
Branin-Fav,MFGP,53,30.8,0.0748038021785529
Branin-Fav,MFGP,53,30.9,0.0748038021785529
Branin-Fav,MFGP,53,31.0,0.0748038021785529
Branin-Fav,MFGP,53,31.1,0.0748038021785529
Branin-Fav,MFGP,53,31.2,0.0748038021785529
Branin-Fav,MFGP,53,31.3,0.0748038021785529
Branin-Fav,MFGP,53,31.4,0.0748038021785529
Branin-Fav,MFGP,53,31.5,0.0748038021785529
Branin-Fav,MFGP,53,32.5,0.0748038021785529
Branin-Fav,MFGP,53,32.6,0.0748038021785529
Branin-Fav,MFGP,53,32.7,0.0748038021785529
Branin-Fav,MFGP,53,32.8,0.0748038021785529
Branin-Fav,MFGP,53,32.9,0.0748038021785529
Branin-Fav,MFGP,53,33.0,0.0748038021785529
Branin-Fav,MFGP,53,33.1,0.0748038021785529
Branin-Fav,MFGP,53,33.2,0.0748038021785529
Branin-Fav,MFGP,53,33.3,0.0748038021785529
Branin-Fav,MFGP,53,33.4,0.0748038021785529
Branin-Fav,MFGP,53,33.5,0.0748038021785529
Branin-Fav,MFGP,53,34.5,0.0748038021785529
Branin-Fav,MFGP,53,34.6,0.0748038021785529
Branin-Fav,MFGP,53,34.7,0.0748038021785529
Branin-Fav,MFGP,53,34.8,0.0748038021785529
Branin-Fav,MFGP,53,34.9,0.0748038021785529
Branin-Fav,MFGP,53,35.0,0.0748038021785529
Branin-Fav,MFGP,53,35.1,0.0748038021785529
Branin-Fav,MFGP,53,35.2,0.0748038021785529
Branin-Fav,MFGP,53,35.3,0.0748038021785529
Branin-Fav,MFGP,53,35.4,0.0748038021785529
Branin-Fav,MFGP,53,35.5,0.0748038021785529
Branin-Fav,MFGP,53,36.5,0.0748038021785529
Branin-Fav,MFGP,53,36.6,0.0748038021785529
Branin-Fav,MFGP,53,36.7,0.0748038021785529
Branin-Fav,MFGP,53,36.8,0.0748038021785529
Branin-Fav,MFGP,53,36.9,0.0748038021785529
Branin-Fav,MFGP,53,37.0,0.0748038021785529
Branin-Fav,MFGP,53,37.1,0.0748038021785529
Branin-Fav,MFGP,53,37.2,0.0748038021785529
Branin-Fav,MFGP,53,37.3,0.0748038021785529
Branin-Fav,MFGP,53,37.4,0.0748038021785529
Branin-Fav,MFGP,53,37.5,0.0748038021785529
Branin-Fav,MFGP,53,38.5,0.0748038021785529
Branin-Fav,MFGP,53,38.6,0.0748038021785529
Branin-Fav,MFGP,53,38.7,0.0748038021785529
Branin-Fav,MFGP,53,38.8,0.0748038021785529
Branin-Fav,MFGP,53,38.9,0.0748038021785529
Branin-Fav,MFGP,53,39.0,0.0748038021785529
Branin-Fav,MFGP,53,39.1,0.0748038021785529
Branin-Fav,MFGP,53,39.2,0.0748038021785529
Branin-Fav,MFGP,53,39.3,0.0748038021785529
Branin-Fav,MFGP,53,39.4,0.0748038021785529
Branin-Fav,MFGP,53,39.5,0.0748038021785529
Branin-Fav,MFGP,53,40.5,0.0748038021785529
Branin-Fav,MFGP,53,40.6,0.0748038021785529
Branin-Fav,MFGP,53,40.7,0.0748038021785529
Branin-Fav,MFGP,53,40.8,0.0748038021785529
Branin-Fav,MFGP,53,40.9,0.0748038021785529
Branin-Fav,MFGP,53,41.0,0.0748038021785529
Branin-Fav,MFGP,53,41.1,0.0748038021785529
Branin-Fav,MFGP,53,41.2,0.0748038021785529
Branin-Fav,MFGP,53,41.3,0.0748038021785529
Branin-Fav,MFGP,53,41.4,0.0748038021785529
Branin-Fav,MFGP,53,41.5,0.0748038021785529
Branin-Fav,MFGP,53,42.5,0.0748038021785529
Branin-Fav,MFGP,53,42.6,0.0748038021785529
Branin-Fav,MFGP,53,42.7,0.0748038021785529
Branin-Fav,MFGP,53,42.8,0.0748038021785529
Branin-Fav,MFGP,53,42.9,0.0748038021785529
Branin-Fav,MFGP,53,43.0,0.0748038021785529
Branin-Fav,MFGP,53,43.1,0.0748038021785529
Branin-Fav,MFGP,53,43.2,0.0748038021785529
Branin-Fav,MFGP,53,43.3,0.0748038021785529
Branin-Fav,MFGP,53,43.4,0.0748038021785529
Branin-Fav,MFGP,53,43.5,0.0748038021785529
Branin-Fav,MFGP,53,44.5,0.0748038021785529
Branin-Fav,MFGP,53,44.6,0.0748038021785529
Branin-Fav,MFGP,53,44.7,0.0748038021785529
Branin-Fav,MFGP,53,44.8,0.0748038021785529
Branin-Fav,MFGP,53,44.9,0.0748038021785529
Branin-Fav,MFGP,53,45.0,0.0748038021785529
Branin-Fav,MFGP,53,45.1,0.0748038021785529
Branin-Fav,MFGP,53,45.2,0.0748038021785529
Branin-Fav,MFGP,53,45.3,0.0748038021785529
Branin-Fav,MFGP,53,45.4,0.0748038021785529
Branin-Fav,MFGP,53,45.5,0.0748038021785529
Branin-Fav,MFGP,53,46.5,0.0748038021785529
Branin-Fav,MFGP,53,46.6,0.0748038021785529
Branin-Fav,MFGP,53,46.7,0.0748038021785529
Branin-Fav,MFGP,53,46.8,0.0748038021785529
Branin-Fav,MFGP,53,46.9,0.0748038021785529
Branin-Fav,MFGP,53,47.0,0.0748038021785529
Branin-Fav,MFGP,53,47.1,0.0748038021785529
Branin-Fav,MFGP,53,47.2,0.0748038021785529
Branin-Fav,MFGP,53,47.3,0.0748038021785529
Branin-Fav,MFGP,53,47.4,0.0748038021785529
Branin-Fav,MFGP,53,47.5,0.0748038021785529
Branin-Fav,MFGP,53,48.5,0.0748038021785529
Branin-Fav,MFGP,53,48.6,0.0748038021785529
Branin-Fav,MFGP,53,48.7,0.0748038021785529
Branin-Fav,MFGP,53,48.8,0.0748038021785529
Branin-Fav,MFGP,53,48.9,0.0748038021785529
Branin-Fav,MFGP,53,49.0,0.0748038021785529
Branin-Fav,MFGP,53,49.1,0.0748038021785529
Branin-Fav,MFGP,53,49.2,0.0748038021785529
Branin-Fav,MFGP,53,49.3,0.0748038021785529
Branin-Fav,MFGP,53,49.4,0.0748038021785529
Branin-Fav,MFGP,53,49.5,0.0748038021785529
Branin-Fav,MFGP,53,49.6,0.0748038021785529
Branin-Fav,MFGP,53,49.7,0.0748038021785529
Branin-Fav,MFGP,53,49.8,0.0748038021785529
Branin-Fav,MFGP,53,49.9,0.0748038021785529
Branin-Fav,MFGP,54,4.5,11.12642004232217
Branin-Fav,MFGP,54,4.6,11.12642004232217
Branin-Fav,MFGP,54,4.7,11.12642004232217
Branin-Fav,MFGP,54,4.8,11.12642004232217
Branin-Fav,MFGP,54,4.9,11.12642004232217
Branin-Fav,MFGP,54,5.0,11.12642004232217
Branin-Fav,MFGP,54,5.1,11.12642004232217
Branin-Fav,MFGP,54,5.2,11.12642004232217
Branin-Fav,MFGP,54,5.3,11.12642004232217
Branin-Fav,MFGP,54,5.4,11.12642004232217
Branin-Fav,MFGP,54,5.5,11.12642004232217
Branin-Fav,MFGP,54,6.5,4.062906038232797
Branin-Fav,MFGP,54,6.6,4.062906038232797
Branin-Fav,MFGP,54,6.7,4.062906038232797
Branin-Fav,MFGP,54,6.8,4.062906038232797
Branin-Fav,MFGP,54,6.9,4.062906038232797
Branin-Fav,MFGP,54,7.0,4.062906038232797
Branin-Fav,MFGP,54,7.1,4.062906038232797
Branin-Fav,MFGP,54,7.2,4.062906038232797
Branin-Fav,MFGP,54,7.3,4.062906038232797
Branin-Fav,MFGP,54,7.4,4.062906038232797
Branin-Fav,MFGP,54,7.5,4.062906038232797
Branin-Fav,MFGP,54,8.5,0.8407616751076529
Branin-Fav,MFGP,54,8.6,0.8407616751076529
Branin-Fav,MFGP,54,8.7,0.8407616751076529
Branin-Fav,MFGP,54,8.8,0.8407616751076529
Branin-Fav,MFGP,54,8.9,0.8407616751076529
Branin-Fav,MFGP,54,9.0,0.8407616751076529
Branin-Fav,MFGP,54,9.1,0.8407616751076529
Branin-Fav,MFGP,54,9.2,0.8407616751076529
Branin-Fav,MFGP,54,9.3,0.8407616751076529
Branin-Fav,MFGP,54,9.4,0.8407616751076529
Branin-Fav,MFGP,54,9.5,0.8407616751076529
Branin-Fav,MFGP,54,10.5,0.8407616751076529
Branin-Fav,MFGP,54,10.6,0.8407616751076529
Branin-Fav,MFGP,54,10.7,0.8407616751076529
Branin-Fav,MFGP,54,10.8,0.8407616751076529
Branin-Fav,MFGP,54,10.9,0.8407616751076529
Branin-Fav,MFGP,54,11.0,0.8407616751076529
Branin-Fav,MFGP,54,11.1,0.8407616751076529
Branin-Fav,MFGP,54,11.2,0.8407616751076529
Branin-Fav,MFGP,54,11.3,0.8407616751076529
Branin-Fav,MFGP,54,11.4,0.8407616751076529
Branin-Fav,MFGP,54,11.5,0.8407616751076529
Branin-Fav,MFGP,54,12.5,0.8407616751076529
Branin-Fav,MFGP,54,12.6,0.8407616751076529
Branin-Fav,MFGP,54,12.7,0.8407616751076529
Branin-Fav,MFGP,54,12.8,0.8407616751076529
Branin-Fav,MFGP,54,12.9,0.8407616751076529
Branin-Fav,MFGP,54,13.0,0.8407616751076529
Branin-Fav,MFGP,54,13.1,0.8407616751076529
Branin-Fav,MFGP,54,13.2,0.8407616751076529
Branin-Fav,MFGP,54,13.3,0.8407616751076529
Branin-Fav,MFGP,54,13.4,0.8407616751076529
Branin-Fav,MFGP,54,13.5,0.8407616751076529
Branin-Fav,MFGP,54,14.5,0.8407616751076529
Branin-Fav,MFGP,54,14.6,0.8407616751076529
Branin-Fav,MFGP,54,14.7,0.8407616751076529
Branin-Fav,MFGP,54,14.8,0.8407616751076529
Branin-Fav,MFGP,54,14.9,0.8407616751076529
Branin-Fav,MFGP,54,15.0,0.8407616751076529
Branin-Fav,MFGP,54,15.1,0.8407616751076529
Branin-Fav,MFGP,54,15.2,0.8407616751076529
Branin-Fav,MFGP,54,15.3,0.8407616751076529
Branin-Fav,MFGP,54,15.4,0.8407616751076529
Branin-Fav,MFGP,54,15.5,0.8407616751076529
Branin-Fav,MFGP,54,16.5,0.8407616751076529
Branin-Fav,MFGP,54,16.6,0.8407616751076529
Branin-Fav,MFGP,54,16.7,0.8407616751076529
Branin-Fav,MFGP,54,16.8,0.8407616751076529
Branin-Fav,MFGP,54,16.9,0.8407616751076529
Branin-Fav,MFGP,54,17.0,0.8407616751076529
Branin-Fav,MFGP,54,17.1,0.8407616751076529
Branin-Fav,MFGP,54,17.2,0.8407616751076529
Branin-Fav,MFGP,54,17.3,0.8407616751076529
Branin-Fav,MFGP,54,17.4,0.8407616751076529
Branin-Fav,MFGP,54,17.5,0.8407616751076529
Branin-Fav,MFGP,54,18.5,0.8407616751076529
Branin-Fav,MFGP,54,18.6,0.8407616751076529
Branin-Fav,MFGP,54,18.7,0.8407616751076529
Branin-Fav,MFGP,54,18.8,0.8407616751076529
Branin-Fav,MFGP,54,18.9,0.8407616751076529
Branin-Fav,MFGP,54,19.0,0.8407616751076529
Branin-Fav,MFGP,54,19.1,0.8407616751076529
Branin-Fav,MFGP,54,19.2,0.8407616751076529
Branin-Fav,MFGP,54,19.3,0.8407616751076529
Branin-Fav,MFGP,54,19.4,0.8407616751076529
Branin-Fav,MFGP,54,19.5,0.8407616751076529
Branin-Fav,MFGP,54,20.5,0.8407616751076529
Branin-Fav,MFGP,54,20.6,0.8407616751076529
Branin-Fav,MFGP,54,20.7,0.8407616751076529
Branin-Fav,MFGP,54,20.8,0.8407616751076529
Branin-Fav,MFGP,54,20.9,0.8407616751076529
Branin-Fav,MFGP,54,21.0,0.8407616751076529
Branin-Fav,MFGP,54,21.1,0.8407616751076529
Branin-Fav,MFGP,54,21.2,0.8407616751076529
Branin-Fav,MFGP,54,21.3,0.8407616751076529
Branin-Fav,MFGP,54,21.4,0.8407616751076529
Branin-Fav,MFGP,54,21.5,0.8407616751076529
Branin-Fav,MFGP,54,22.5,0.8407616751076529
Branin-Fav,MFGP,54,22.6,0.8407616751076529
Branin-Fav,MFGP,54,22.7,0.8407616751076529
Branin-Fav,MFGP,54,22.8,0.8407616751076529
Branin-Fav,MFGP,54,22.9,0.8407616751076529
Branin-Fav,MFGP,54,23.0,0.8407616751076529
Branin-Fav,MFGP,54,23.1,0.8407616751076529
Branin-Fav,MFGP,54,23.2,0.8407616751076529
Branin-Fav,MFGP,54,23.3,0.8407616751076529
Branin-Fav,MFGP,54,23.4,0.8407616751076529
Branin-Fav,MFGP,54,23.5,0.8407616751076529
Branin-Fav,MFGP,54,24.5,0.8407616751076529
Branin-Fav,MFGP,54,24.6,0.8407616751076529
Branin-Fav,MFGP,54,24.7,0.8407616751076529
Branin-Fav,MFGP,54,24.8,0.8407616751076529
Branin-Fav,MFGP,54,24.9,0.8407616751076529
Branin-Fav,MFGP,54,25.0,0.8407616751076529
Branin-Fav,MFGP,54,25.1,0.8407616751076529
Branin-Fav,MFGP,54,25.2,0.8407616751076529
Branin-Fav,MFGP,54,25.3,0.8407616751076529
Branin-Fav,MFGP,54,25.4,0.8407616751076529
Branin-Fav,MFGP,54,25.5,0.8407616751076529
Branin-Fav,MFGP,54,26.5,0.8407616751076529
Branin-Fav,MFGP,54,26.6,0.8407616751076529
Branin-Fav,MFGP,54,26.7,0.8407616751076529
Branin-Fav,MFGP,54,26.8,0.8407616751076529
Branin-Fav,MFGP,54,26.9,0.8407616751076529
Branin-Fav,MFGP,54,27.0,0.8407616751076529
Branin-Fav,MFGP,54,27.1,0.8407616751076529
Branin-Fav,MFGP,54,27.2,0.8407616751076529
Branin-Fav,MFGP,54,27.3,0.8407616751076529
Branin-Fav,MFGP,54,27.4,0.8407616751076529
Branin-Fav,MFGP,54,27.5,0.8407616751076529
Branin-Fav,MFGP,54,28.5,0.8407616751076529
Branin-Fav,MFGP,54,28.6,0.8407616751076529
Branin-Fav,MFGP,54,28.7,0.8407616751076529
Branin-Fav,MFGP,54,28.8,0.8407616751076529
Branin-Fav,MFGP,54,28.9,0.8407616751076529
Branin-Fav,MFGP,54,29.0,0.8407616751076529
Branin-Fav,MFGP,54,29.1,0.8407616751076529
Branin-Fav,MFGP,54,29.2,0.8407616751076529
Branin-Fav,MFGP,54,29.3,0.8407616751076529
Branin-Fav,MFGP,54,29.4,0.8407616751076529
Branin-Fav,MFGP,54,29.5,0.8407616751076529
Branin-Fav,MFGP,54,30.5,0.8407616751076529
Branin-Fav,MFGP,54,30.6,0.8407616751076529
Branin-Fav,MFGP,54,30.7,0.8407616751076529
Branin-Fav,MFGP,54,30.8,0.8407616751076529
Branin-Fav,MFGP,54,30.9,0.8407616751076529
Branin-Fav,MFGP,54,31.0,0.8407616751076529
Branin-Fav,MFGP,54,31.1,0.8407616751076529
Branin-Fav,MFGP,54,31.2,0.8407616751076529
Branin-Fav,MFGP,54,31.3,0.8407616751076529
Branin-Fav,MFGP,54,31.4,0.8407616751076529
Branin-Fav,MFGP,54,31.5,0.8407616751076529
Branin-Fav,MFGP,54,32.5,0.8407616751076529
Branin-Fav,MFGP,54,32.6,0.8407616751076529
Branin-Fav,MFGP,54,32.7,0.8407616751076529
Branin-Fav,MFGP,54,32.8,0.8407616751076529
Branin-Fav,MFGP,54,32.9,0.8407616751076529
Branin-Fav,MFGP,54,33.0,0.8407616751076529
Branin-Fav,MFGP,54,33.1,0.8407616751076529
Branin-Fav,MFGP,54,33.2,0.8407616751076529
Branin-Fav,MFGP,54,33.3,0.8407616751076529
Branin-Fav,MFGP,54,33.4,0.8407616751076529
Branin-Fav,MFGP,54,33.5,0.8407616751076529
Branin-Fav,MFGP,54,34.5,0.8407616751076529
Branin-Fav,MFGP,54,34.6,0.8407616751076529
Branin-Fav,MFGP,54,34.7,0.8407616751076529
Branin-Fav,MFGP,54,34.8,0.8407616751076529
Branin-Fav,MFGP,54,34.9,0.8407616751076529
Branin-Fav,MFGP,54,35.0,0.8407616751076529
Branin-Fav,MFGP,54,35.1,0.8407616751076529
Branin-Fav,MFGP,54,35.2,0.8407616751076529
Branin-Fav,MFGP,54,35.3,0.8407616751076529
Branin-Fav,MFGP,54,35.4,0.8407616751076529
Branin-Fav,MFGP,54,35.5,0.8407616751076529
Branin-Fav,MFGP,54,36.5,0.8407616751076529
Branin-Fav,MFGP,54,36.6,0.8407616751076529
Branin-Fav,MFGP,54,36.7,0.8407616751076529
Branin-Fav,MFGP,54,36.8,0.8407616751076529
Branin-Fav,MFGP,54,36.9,0.8407616751076529
Branin-Fav,MFGP,54,37.0,0.8407616751076529
Branin-Fav,MFGP,54,37.1,0.8407616751076529
Branin-Fav,MFGP,54,37.2,0.8407616751076529
Branin-Fav,MFGP,54,37.3,0.8407616751076529
Branin-Fav,MFGP,54,37.4,0.8407616751076529
Branin-Fav,MFGP,54,37.5,0.8407616751076529
Branin-Fav,MFGP,54,38.5,0.8407616751076529
Branin-Fav,MFGP,54,38.6,0.8407616751076529
Branin-Fav,MFGP,54,38.7,0.8407616751076529
Branin-Fav,MFGP,54,38.8,0.8407616751076529
Branin-Fav,MFGP,54,38.9,0.8407616751076529
Branin-Fav,MFGP,54,39.0,0.8407616751076529
Branin-Fav,MFGP,54,39.1,0.8407616751076529
Branin-Fav,MFGP,54,39.2,0.8407616751076529
Branin-Fav,MFGP,54,39.3,0.8407616751076529
Branin-Fav,MFGP,54,39.4,0.8407616751076529
Branin-Fav,MFGP,54,39.5,0.8407616751076529
Branin-Fav,MFGP,54,40.5,0.8407616751076529
Branin-Fav,MFGP,54,40.6,0.8407616751076529
Branin-Fav,MFGP,54,40.7,0.8407616751076529
Branin-Fav,MFGP,54,40.8,0.8407616751076529
Branin-Fav,MFGP,54,40.9,0.8407616751076529
Branin-Fav,MFGP,54,41.0,0.8407616751076529
Branin-Fav,MFGP,54,41.1,0.8407616751076529
Branin-Fav,MFGP,54,41.2,0.8407616751076529
Branin-Fav,MFGP,54,41.3,0.8407616751076529
Branin-Fav,MFGP,54,41.4,0.8407616751076529
Branin-Fav,MFGP,54,41.5,0.8407616751076529
Branin-Fav,MFGP,54,42.5,0.8407616751076529
Branin-Fav,MFGP,54,42.6,0.8407616751076529
Branin-Fav,MFGP,54,42.7,0.8407616751076529
Branin-Fav,MFGP,54,42.8,0.8407616751076529
Branin-Fav,MFGP,54,42.9,0.8407616751076529
Branin-Fav,MFGP,54,43.0,0.8407616751076529
Branin-Fav,MFGP,54,43.1,0.8407616751076529
Branin-Fav,MFGP,54,43.2,0.8407616751076529
Branin-Fav,MFGP,54,43.3,0.8407616751076529
Branin-Fav,MFGP,54,43.4,0.8407616751076529
Branin-Fav,MFGP,54,43.5,0.8407616751076529
Branin-Fav,MFGP,54,44.5,0.8407616751076529
Branin-Fav,MFGP,54,44.6,0.8407616751076529
Branin-Fav,MFGP,54,44.7,0.8407616751076529
Branin-Fav,MFGP,54,44.8,0.8407616751076529
Branin-Fav,MFGP,54,44.9,0.8407616751076529
Branin-Fav,MFGP,54,45.0,0.8407616751076529
Branin-Fav,MFGP,54,45.1,0.8407616751076529
Branin-Fav,MFGP,54,45.2,0.8407616751076529
Branin-Fav,MFGP,54,45.3,0.8407616751076529
Branin-Fav,MFGP,54,45.4,0.8407616751076529
Branin-Fav,MFGP,54,45.5,0.8407616751076529
Branin-Fav,MFGP,54,46.5,0.8407616751076529
Branin-Fav,MFGP,54,46.6,0.8407616751076529
Branin-Fav,MFGP,54,46.7,0.8407616751076529
Branin-Fav,MFGP,54,46.8,0.8407616751076529
Branin-Fav,MFGP,54,46.9,0.8407616751076529
Branin-Fav,MFGP,54,47.0,0.8407616751076529
Branin-Fav,MFGP,54,47.1,0.8407616751076529
Branin-Fav,MFGP,54,47.2,0.8407616751076529
Branin-Fav,MFGP,54,47.3,0.8407616751076529
Branin-Fav,MFGP,54,47.4,0.8407616751076529
Branin-Fav,MFGP,54,47.5,0.8407616751076529
Branin-Fav,MFGP,54,48.5,0.8407616751076529
Branin-Fav,MFGP,54,48.6,0.8407616751076529
Branin-Fav,MFGP,54,48.7,0.8407616751076529
Branin-Fav,MFGP,54,48.8,0.8407616751076529
Branin-Fav,MFGP,54,48.9,0.8407616751076529
Branin-Fav,MFGP,54,49.0,0.8407616751076529
Branin-Fav,MFGP,54,49.1,0.8407616751076529
Branin-Fav,MFGP,54,49.2,0.8407616751076529
Branin-Fav,MFGP,54,49.3,0.8407616751076529
Branin-Fav,MFGP,54,49.4,0.8407616751076529
Branin-Fav,MFGP,54,49.5,0.8407616751076529
Branin-Fav,MFGP,54,49.6,0.8407616751076529
Branin-Fav,MFGP,54,49.7,0.8407616751076529
Branin-Fav,MFGP,54,49.8,0.8407616751076529
Branin-Fav,MFGP,54,49.9,0.8407616751076529
Branin-Fav,MFGP,55,4.5,11.280727155535049
Branin-Fav,MFGP,55,4.6,11.280727155535049
Branin-Fav,MFGP,55,4.7,11.280727155535049
Branin-Fav,MFGP,55,4.8,11.280727155535049
Branin-Fav,MFGP,55,4.9,11.280727155535049
Branin-Fav,MFGP,55,5.0,11.280727155535049
Branin-Fav,MFGP,55,5.1,11.280727155535049
Branin-Fav,MFGP,55,5.2,11.280727155535049
Branin-Fav,MFGP,55,5.3,11.280727155535049
Branin-Fav,MFGP,55,5.4,11.280727155535049
Branin-Fav,MFGP,55,5.5,11.280727155535049
Branin-Fav,MFGP,55,6.5,1.7397062505820315
Branin-Fav,MFGP,55,6.6,1.7397062505820315
Branin-Fav,MFGP,55,6.7,1.7397062505820315
Branin-Fav,MFGP,55,6.8,1.7397062505820315
Branin-Fav,MFGP,55,6.9,1.7397062505820315
Branin-Fav,MFGP,55,7.0,1.7397062505820315
Branin-Fav,MFGP,55,7.1,1.7397062505820315
Branin-Fav,MFGP,55,7.2,1.7397062505820315
Branin-Fav,MFGP,55,7.3,1.7397062505820315
Branin-Fav,MFGP,55,7.4,1.7397062505820315
Branin-Fav,MFGP,55,7.5,1.7397062505820315
Branin-Fav,MFGP,55,8.5,1.7397062505820315
Branin-Fav,MFGP,55,8.6,1.7397062505820315
Branin-Fav,MFGP,55,8.7,1.7397062505820315
Branin-Fav,MFGP,55,8.8,1.7397062505820315
Branin-Fav,MFGP,55,8.9,1.7397062505820315
Branin-Fav,MFGP,55,9.0,1.7397062505820315
Branin-Fav,MFGP,55,9.1,1.7397062505820315
Branin-Fav,MFGP,55,9.2,1.7397062505820315
Branin-Fav,MFGP,55,9.3,1.7397062505820315
Branin-Fav,MFGP,55,9.4,1.7397062505820315
Branin-Fav,MFGP,55,9.5,1.7397062505820315
Branin-Fav,MFGP,55,10.5,0.0066056977871608
Branin-Fav,MFGP,55,10.6,0.0066056977871608
Branin-Fav,MFGP,55,10.7,0.0066056977871608
Branin-Fav,MFGP,55,10.8,0.0066056977871608
Branin-Fav,MFGP,55,10.9,0.0066056977871608
Branin-Fav,MFGP,55,11.0,0.0066056977871608
Branin-Fav,MFGP,55,11.1,0.0066056977871608
Branin-Fav,MFGP,55,11.2,0.0066056977871608
Branin-Fav,MFGP,55,11.3,0.0066056977871608
Branin-Fav,MFGP,55,11.4,0.0066056977871608
Branin-Fav,MFGP,55,11.5,0.0066056977871608
Branin-Fav,MFGP,55,12.5,0.0066056977871608
Branin-Fav,MFGP,55,12.6,0.0066056977871608
Branin-Fav,MFGP,55,12.7,0.0066056977871608
Branin-Fav,MFGP,55,12.8,0.0066056977871608
Branin-Fav,MFGP,55,12.9,0.0066056977871608
Branin-Fav,MFGP,55,13.0,0.0066056977871608
Branin-Fav,MFGP,55,13.1,0.0066056977871608
Branin-Fav,MFGP,55,13.2,0.0066056977871608
Branin-Fav,MFGP,55,13.3,0.0066056977871608
Branin-Fav,MFGP,55,13.4,0.0066056977871608
Branin-Fav,MFGP,55,13.5,0.0066056977871608
Branin-Fav,MFGP,55,14.5,0.0066056977871608
Branin-Fav,MFGP,55,14.6,0.0066056977871608
Branin-Fav,MFGP,55,14.7,0.0066056977871608
Branin-Fav,MFGP,55,14.8,0.0066056977871608
Branin-Fav,MFGP,55,14.9,0.0066056977871608
Branin-Fav,MFGP,55,15.0,0.0066056977871608
Branin-Fav,MFGP,55,15.1,0.0066056977871608
Branin-Fav,MFGP,55,15.2,0.0066056977871608
Branin-Fav,MFGP,55,15.3,0.0066056977871608
Branin-Fav,MFGP,55,15.4,0.0066056977871608
Branin-Fav,MFGP,55,15.5,0.0066056977871608
Branin-Fav,MFGP,55,16.5,0.0066056977871608
Branin-Fav,MFGP,55,16.6,0.0066056977871608
Branin-Fav,MFGP,55,16.7,0.0066056977871608
Branin-Fav,MFGP,55,16.8,0.0066056977871608
Branin-Fav,MFGP,55,16.9,0.0066056977871608
Branin-Fav,MFGP,55,17.0,0.0066056977871608
Branin-Fav,MFGP,55,17.1,0.0066056977871608
Branin-Fav,MFGP,55,17.2,0.0066056977871608
Branin-Fav,MFGP,55,17.3,0.0066056977871608
Branin-Fav,MFGP,55,17.4,0.0066056977871608
Branin-Fav,MFGP,55,17.5,0.0066056977871608
Branin-Fav,MFGP,55,18.5,0.0066056977871608
Branin-Fav,MFGP,55,18.6,0.0066056977871608
Branin-Fav,MFGP,55,18.7,0.0066056977871608
Branin-Fav,MFGP,55,18.8,0.0066056977871608
Branin-Fav,MFGP,55,18.9,0.0066056977871608
Branin-Fav,MFGP,55,19.0,0.0066056977871608
Branin-Fav,MFGP,55,19.1,0.0066056977871608
Branin-Fav,MFGP,55,19.2,0.0066056977871608
Branin-Fav,MFGP,55,19.3,0.0066056977871608
Branin-Fav,MFGP,55,19.4,0.0066056977871608
Branin-Fav,MFGP,55,19.5,0.0066056977871608
Branin-Fav,MFGP,55,20.5,0.0066056977871608
Branin-Fav,MFGP,55,20.6,0.0066056977871608
Branin-Fav,MFGP,55,20.7,0.0066056977871608
Branin-Fav,MFGP,55,20.8,0.0066056977871608
Branin-Fav,MFGP,55,20.9,0.0066056977871608
Branin-Fav,MFGP,55,21.0,0.0066056977871608
Branin-Fav,MFGP,55,21.1,0.0066056977871608
Branin-Fav,MFGP,55,21.2,0.0066056977871608
Branin-Fav,MFGP,55,21.3,0.0066056977871608
Branin-Fav,MFGP,55,21.4,0.0066056977871608
Branin-Fav,MFGP,55,21.5,0.0066056977871608
Branin-Fav,MFGP,55,22.5,0.0066056977871608
Branin-Fav,MFGP,55,22.6,0.0066056977871608
Branin-Fav,MFGP,55,22.7,0.0066056977871608
Branin-Fav,MFGP,55,22.8,0.0066056977871608
Branin-Fav,MFGP,55,22.9,0.0066056977871608
Branin-Fav,MFGP,55,23.0,0.0066056977871608
Branin-Fav,MFGP,55,23.1,0.0066056977871608
Branin-Fav,MFGP,55,23.2,0.0066056977871608
Branin-Fav,MFGP,55,23.3,0.0066056977871608
Branin-Fav,MFGP,55,23.4,0.0066056977871608
Branin-Fav,MFGP,55,23.5,0.0066056977871608
Branin-Fav,MFGP,55,24.5,0.0066056977871608
Branin-Fav,MFGP,55,24.6,0.0066056977871608
Branin-Fav,MFGP,55,24.7,0.0066056977871608
Branin-Fav,MFGP,55,24.8,0.0066056977871608
Branin-Fav,MFGP,55,24.9,0.0066056977871608
Branin-Fav,MFGP,55,25.0,0.0066056977871608
Branin-Fav,MFGP,55,25.1,0.0066056977871608
Branin-Fav,MFGP,55,25.2,0.0066056977871608
Branin-Fav,MFGP,55,25.3,0.0066056977871608
Branin-Fav,MFGP,55,25.4,0.0066056977871608
Branin-Fav,MFGP,55,25.5,0.0066056977871608
Branin-Fav,MFGP,55,26.5,0.0066056977871608
Branin-Fav,MFGP,55,26.6,0.0066056977871608
Branin-Fav,MFGP,55,26.7,0.0066056977871608
Branin-Fav,MFGP,55,26.8,0.0066056977871608
Branin-Fav,MFGP,55,26.9,0.0066056977871608
Branin-Fav,MFGP,55,27.0,0.0066056977871608
Branin-Fav,MFGP,55,27.1,0.0066056977871608
Branin-Fav,MFGP,55,27.2,0.0066056977871608
Branin-Fav,MFGP,55,27.3,0.0066056977871608
Branin-Fav,MFGP,55,27.4,0.0066056977871608
Branin-Fav,MFGP,55,27.5,0.0066056977871608
Branin-Fav,MFGP,55,28.5,0.0066056977871608
Branin-Fav,MFGP,55,28.6,0.0066056977871608
Branin-Fav,MFGP,55,28.7,0.0066056977871608
Branin-Fav,MFGP,55,28.8,0.0066056977871608
Branin-Fav,MFGP,55,28.9,0.0066056977871608
Branin-Fav,MFGP,55,29.0,0.0066056977871608
Branin-Fav,MFGP,55,29.1,0.0066056977871608
Branin-Fav,MFGP,55,29.2,0.0066056977871608
Branin-Fav,MFGP,55,29.3,0.0066056977871608
Branin-Fav,MFGP,55,29.4,0.0066056977871608
Branin-Fav,MFGP,55,29.5,0.0066056977871608
Branin-Fav,MFGP,55,30.5,0.0066056977871608
Branin-Fav,MFGP,55,30.6,0.0066056977871608
Branin-Fav,MFGP,55,30.7,0.0066056977871608
Branin-Fav,MFGP,55,30.8,0.0066056977871608
Branin-Fav,MFGP,55,30.9,0.0066056977871608
Branin-Fav,MFGP,55,31.0,0.0066056977871608
Branin-Fav,MFGP,55,31.1,0.0066056977871608
Branin-Fav,MFGP,55,31.2,0.0066056977871608
Branin-Fav,MFGP,55,31.3,0.0066056977871608
Branin-Fav,MFGP,55,31.4,0.0066056977871608
Branin-Fav,MFGP,55,31.5,0.0066056977871608
Branin-Fav,MFGP,55,32.5,0.0066056977871608
Branin-Fav,MFGP,55,32.6,0.0066056977871608
Branin-Fav,MFGP,55,32.7,0.0066056977871608
Branin-Fav,MFGP,55,32.8,0.0066056977871608
Branin-Fav,MFGP,55,32.9,0.0066056977871608
Branin-Fav,MFGP,55,33.0,0.0066056977871608
Branin-Fav,MFGP,55,33.1,0.0066056977871608
Branin-Fav,MFGP,55,33.2,0.0066056977871608
Branin-Fav,MFGP,55,33.3,0.0066056977871608
Branin-Fav,MFGP,55,33.4,0.0066056977871608
Branin-Fav,MFGP,55,33.5,0.0066056977871608
Branin-Fav,MFGP,55,34.5,0.0066056977871608
Branin-Fav,MFGP,55,34.6,0.0066056977871608
Branin-Fav,MFGP,55,34.7,0.0066056977871608
Branin-Fav,MFGP,55,34.8,0.0066056977871608
Branin-Fav,MFGP,55,34.9,0.0066056977871608
Branin-Fav,MFGP,55,35.0,0.0066056977871608
Branin-Fav,MFGP,55,35.1,0.0066056977871608
Branin-Fav,MFGP,55,35.2,0.0066056977871608
Branin-Fav,MFGP,55,35.3,0.0066056977871608
Branin-Fav,MFGP,55,35.4,0.0066056977871608
Branin-Fav,MFGP,55,35.5,0.0066056977871608
Branin-Fav,MFGP,55,36.5,0.0066056977871608
Branin-Fav,MFGP,55,36.6,0.0066056977871608
Branin-Fav,MFGP,55,36.7,0.0066056977871608
Branin-Fav,MFGP,55,36.8,0.0066056977871608
Branin-Fav,MFGP,55,36.9,0.0066056977871608
Branin-Fav,MFGP,55,37.0,0.0066056977871608
Branin-Fav,MFGP,55,37.1,0.0066056977871608
Branin-Fav,MFGP,55,37.2,0.0066056977871608
Branin-Fav,MFGP,55,37.3,0.0066056977871608
Branin-Fav,MFGP,55,37.4,0.0066056977871608
Branin-Fav,MFGP,55,37.5,0.0066056977871608
Branin-Fav,MFGP,55,38.5,0.0066056977871608
Branin-Fav,MFGP,55,38.6,0.0066056977871608
Branin-Fav,MFGP,55,38.7,0.0066056977871608
Branin-Fav,MFGP,55,38.8,0.0066056977871608
Branin-Fav,MFGP,55,38.9,0.0066056977871608
Branin-Fav,MFGP,55,39.0,0.0066056977871608
Branin-Fav,MFGP,55,39.1,0.0066056977871608
Branin-Fav,MFGP,55,39.2,0.0066056977871608
Branin-Fav,MFGP,55,39.3,0.0066056977871608
Branin-Fav,MFGP,55,39.4,0.0066056977871608
Branin-Fav,MFGP,55,39.5,0.0066056977871608
Branin-Fav,MFGP,55,40.5,0.0066056977871608
Branin-Fav,MFGP,55,40.6,0.0066056977871608
Branin-Fav,MFGP,55,40.7,0.0066056977871608
Branin-Fav,MFGP,55,40.8,0.0066056977871608
Branin-Fav,MFGP,55,40.9,0.0066056977871608
Branin-Fav,MFGP,55,41.0,0.0066056977871608
Branin-Fav,MFGP,55,41.1,0.0066056977871608
Branin-Fav,MFGP,55,41.2,0.0066056977871608
Branin-Fav,MFGP,55,41.3,0.0066056977871608
Branin-Fav,MFGP,55,41.4,0.0066056977871608
Branin-Fav,MFGP,55,41.5,0.0066056977871608
Branin-Fav,MFGP,55,42.5,0.0066056977871608
Branin-Fav,MFGP,55,42.6,0.0066056977871608
Branin-Fav,MFGP,55,42.7,0.0066056977871608
Branin-Fav,MFGP,55,42.8,0.0066056977871608
Branin-Fav,MFGP,55,42.9,0.0066056977871608
Branin-Fav,MFGP,55,43.0,0.0066056977871608
Branin-Fav,MFGP,55,43.1,0.0066056977871608
Branin-Fav,MFGP,55,43.2,0.0066056977871608
Branin-Fav,MFGP,55,43.3,0.0066056977871608
Branin-Fav,MFGP,55,43.4,0.0066056977871608
Branin-Fav,MFGP,55,43.5,0.0066056977871608
Branin-Fav,MFGP,55,44.5,0.0066056977871608
Branin-Fav,MFGP,55,44.6,0.0066056977871608
Branin-Fav,MFGP,55,44.7,0.0066056977871608
Branin-Fav,MFGP,55,44.8,0.0066056977871608
Branin-Fav,MFGP,55,44.9,0.0066056977871608
Branin-Fav,MFGP,55,45.0,0.0066056977871608
Branin-Fav,MFGP,55,45.1,0.0066056977871608
Branin-Fav,MFGP,55,45.2,0.0066056977871608
Branin-Fav,MFGP,55,45.3,0.0066056977871608
Branin-Fav,MFGP,55,45.4,0.0066056977871608
Branin-Fav,MFGP,55,45.5,0.0066056977871608
Branin-Fav,MFGP,55,46.5,0.0066056977871608
Branin-Fav,MFGP,55,46.6,0.0066056977871608
Branin-Fav,MFGP,55,46.7,0.0066056977871608
Branin-Fav,MFGP,55,46.8,0.0066056977871608
Branin-Fav,MFGP,55,46.9,0.0066056977871608
Branin-Fav,MFGP,55,47.0,0.0066056977871608
Branin-Fav,MFGP,55,47.1,0.0066056977871608
Branin-Fav,MFGP,55,47.2,0.0066056977871608
Branin-Fav,MFGP,55,47.3,0.0066056977871608
Branin-Fav,MFGP,55,47.4,0.0066056977871608
Branin-Fav,MFGP,55,47.5,0.0066056977871608
Branin-Fav,MFGP,55,48.5,0.0066056977871608
Branin-Fav,MFGP,55,48.6,0.0066056977871608
Branin-Fav,MFGP,55,48.7,0.0066056977871608
Branin-Fav,MFGP,55,48.8,0.0066056977871608
Branin-Fav,MFGP,55,48.9,0.0066056977871608
Branin-Fav,MFGP,55,49.0,0.0066056977871608
Branin-Fav,MFGP,55,49.1,0.0066056977871608
Branin-Fav,MFGP,55,49.2,0.0066056977871608
Branin-Fav,MFGP,55,49.3,0.0066056977871608
Branin-Fav,MFGP,55,49.4,0.0066056977871608
Branin-Fav,MFGP,55,49.5,0.0066056977871608
Branin-Fav,MFGP,55,49.6,0.0066056977871608
Branin-Fav,MFGP,55,49.7,0.0066056977871608
Branin-Fav,MFGP,55,49.8,0.0066056977871608
Branin-Fav,MFGP,55,49.9,0.0066056977871608
Branin-Fav,MFGP,56,4.5,9.745014932593854
Branin-Fav,MFGP,56,4.6,9.745014932593854
Branin-Fav,MFGP,56,4.7,9.745014932593854
Branin-Fav,MFGP,56,4.8,9.745014932593854
Branin-Fav,MFGP,56,4.9,9.745014932593854
Branin-Fav,MFGP,56,5.0,9.745014932593854
Branin-Fav,MFGP,56,5.1,9.745014932593854
Branin-Fav,MFGP,56,5.2,9.745014932593854
Branin-Fav,MFGP,56,5.3,9.745014932593854
Branin-Fav,MFGP,56,5.4,9.745014932593854
Branin-Fav,MFGP,56,5.5,9.745014932593854
Branin-Fav,MFGP,56,6.5,3.1872150107265744
Branin-Fav,MFGP,56,6.6,3.1872150107265744
Branin-Fav,MFGP,56,6.7,3.1872150107265744
Branin-Fav,MFGP,56,6.8,3.1872150107265744
Branin-Fav,MFGP,56,6.9,3.1872150107265744
Branin-Fav,MFGP,56,7.0,3.1872150107265744
Branin-Fav,MFGP,56,7.1,3.1872150107265744
Branin-Fav,MFGP,56,7.2,3.1872150107265744
Branin-Fav,MFGP,56,7.3,3.1872150107265744
Branin-Fav,MFGP,56,7.4,3.1872150107265744
Branin-Fav,MFGP,56,7.5,3.1872150107265744
Branin-Fav,MFGP,56,8.5,3.1872150107265744
Branin-Fav,MFGP,56,8.6,3.1872150107265744
Branin-Fav,MFGP,56,8.7,3.1872150107265744
Branin-Fav,MFGP,56,8.8,3.1872150107265744
Branin-Fav,MFGP,56,8.9,3.1872150107265744
Branin-Fav,MFGP,56,9.0,3.1872150107265744
Branin-Fav,MFGP,56,9.1,3.1872150107265744
Branin-Fav,MFGP,56,9.2,3.1872150107265744
Branin-Fav,MFGP,56,9.3,3.1872150107265744
Branin-Fav,MFGP,56,9.4,3.1872150107265744
Branin-Fav,MFGP,56,9.5,3.1872150107265744
Branin-Fav,MFGP,56,10.5,1.5863467597293797
Branin-Fav,MFGP,56,10.6,1.5863467597293797
Branin-Fav,MFGP,56,10.7,1.5863467597293797
Branin-Fav,MFGP,56,10.8,1.5863467597293797
Branin-Fav,MFGP,56,10.9,1.5863467597293797
Branin-Fav,MFGP,56,11.0,1.5863467597293797
Branin-Fav,MFGP,56,11.1,1.5863467597293797
Branin-Fav,MFGP,56,11.2,1.5863467597293797
Branin-Fav,MFGP,56,11.3,1.5863467597293797
Branin-Fav,MFGP,56,11.4,1.5863467597293797
Branin-Fav,MFGP,56,11.5,1.5863467597293797
Branin-Fav,MFGP,56,12.5,0.103397520424047
Branin-Fav,MFGP,56,12.6,0.103397520424047
Branin-Fav,MFGP,56,12.7,0.103397520424047
Branin-Fav,MFGP,56,12.8,0.103397520424047
Branin-Fav,MFGP,56,12.9,0.103397520424047
Branin-Fav,MFGP,56,13.0,0.103397520424047
Branin-Fav,MFGP,56,13.1,0.103397520424047
Branin-Fav,MFGP,56,13.2,0.103397520424047
Branin-Fav,MFGP,56,13.3,0.103397520424047
Branin-Fav,MFGP,56,13.4,0.103397520424047
Branin-Fav,MFGP,56,13.5,0.103397520424047
Branin-Fav,MFGP,56,14.5,0.103397520424047
Branin-Fav,MFGP,56,14.6,0.103397520424047
Branin-Fav,MFGP,56,14.7,0.103397520424047
Branin-Fav,MFGP,56,14.8,0.103397520424047
Branin-Fav,MFGP,56,14.9,0.103397520424047
Branin-Fav,MFGP,56,15.0,0.103397520424047
Branin-Fav,MFGP,56,15.1,0.103397520424047
Branin-Fav,MFGP,56,15.2,0.103397520424047
Branin-Fav,MFGP,56,15.3,0.103397520424047
Branin-Fav,MFGP,56,15.4,0.103397520424047
Branin-Fav,MFGP,56,15.5,0.103397520424047
Branin-Fav,MFGP,56,16.5,0.103397520424047
Branin-Fav,MFGP,56,16.6,0.103397520424047
Branin-Fav,MFGP,56,16.7,0.103397520424047
Branin-Fav,MFGP,56,16.8,0.103397520424047
Branin-Fav,MFGP,56,16.9,0.103397520424047
Branin-Fav,MFGP,56,17.0,0.103397520424047
Branin-Fav,MFGP,56,17.1,0.103397520424047
Branin-Fav,MFGP,56,17.2,0.103397520424047
Branin-Fav,MFGP,56,17.3,0.103397520424047
Branin-Fav,MFGP,56,17.4,0.103397520424047
Branin-Fav,MFGP,56,17.5,0.103397520424047
Branin-Fav,MFGP,56,18.5,0.103397520424047
Branin-Fav,MFGP,56,18.6,0.103397520424047
Branin-Fav,MFGP,56,18.7,0.103397520424047
Branin-Fav,MFGP,56,18.8,0.103397520424047
Branin-Fav,MFGP,56,18.9,0.103397520424047
Branin-Fav,MFGP,56,19.0,0.103397520424047
Branin-Fav,MFGP,56,19.1,0.103397520424047
Branin-Fav,MFGP,56,19.2,0.103397520424047
Branin-Fav,MFGP,56,19.3,0.103397520424047
Branin-Fav,MFGP,56,19.4,0.103397520424047
Branin-Fav,MFGP,56,19.5,0.103397520424047
Branin-Fav,MFGP,56,20.5,0.103397520424047
Branin-Fav,MFGP,56,20.6,0.103397520424047
Branin-Fav,MFGP,56,20.7,0.103397520424047
Branin-Fav,MFGP,56,20.8,0.103397520424047
Branin-Fav,MFGP,56,20.9,0.103397520424047
Branin-Fav,MFGP,56,21.0,0.103397520424047
Branin-Fav,MFGP,56,21.1,0.103397520424047
Branin-Fav,MFGP,56,21.2,0.103397520424047
Branin-Fav,MFGP,56,21.3,0.103397520424047
Branin-Fav,MFGP,56,21.4,0.103397520424047
Branin-Fav,MFGP,56,21.5,0.103397520424047
Branin-Fav,MFGP,56,22.5,0.103397520424047
Branin-Fav,MFGP,56,22.6,0.103397520424047
Branin-Fav,MFGP,56,22.7,0.103397520424047
Branin-Fav,MFGP,56,22.8,0.103397520424047
Branin-Fav,MFGP,56,22.9,0.103397520424047
Branin-Fav,MFGP,56,23.0,0.103397520424047
Branin-Fav,MFGP,56,23.1,0.103397520424047
Branin-Fav,MFGP,56,23.2,0.103397520424047
Branin-Fav,MFGP,56,23.3,0.103397520424047
Branin-Fav,MFGP,56,23.4,0.103397520424047
Branin-Fav,MFGP,56,23.5,0.103397520424047
Branin-Fav,MFGP,56,24.5,0.103397520424047
Branin-Fav,MFGP,56,24.6,0.103397520424047
Branin-Fav,MFGP,56,24.7,0.103397520424047
Branin-Fav,MFGP,56,24.8,0.103397520424047
Branin-Fav,MFGP,56,24.9,0.103397520424047
Branin-Fav,MFGP,56,25.0,0.103397520424047
Branin-Fav,MFGP,56,25.1,0.103397520424047
Branin-Fav,MFGP,56,25.2,0.103397520424047
Branin-Fav,MFGP,56,25.3,0.103397520424047
Branin-Fav,MFGP,56,25.4,0.103397520424047
Branin-Fav,MFGP,56,25.5,0.103397520424047
Branin-Fav,MFGP,56,26.5,0.103397520424047
Branin-Fav,MFGP,56,26.6,0.103397520424047
Branin-Fav,MFGP,56,26.7,0.103397520424047
Branin-Fav,MFGP,56,26.8,0.103397520424047
Branin-Fav,MFGP,56,26.9,0.103397520424047
Branin-Fav,MFGP,56,27.0,0.103397520424047
Branin-Fav,MFGP,56,27.1,0.103397520424047
Branin-Fav,MFGP,56,27.2,0.103397520424047
Branin-Fav,MFGP,56,27.3,0.103397520424047
Branin-Fav,MFGP,56,27.4,0.103397520424047
Branin-Fav,MFGP,56,27.5,0.103397520424047
Branin-Fav,MFGP,56,28.5,0.103397520424047
Branin-Fav,MFGP,56,28.6,0.103397520424047
Branin-Fav,MFGP,56,28.7,0.103397520424047
Branin-Fav,MFGP,56,28.8,0.103397520424047
Branin-Fav,MFGP,56,28.9,0.103397520424047
Branin-Fav,MFGP,56,29.0,0.103397520424047
Branin-Fav,MFGP,56,29.1,0.103397520424047
Branin-Fav,MFGP,56,29.2,0.103397520424047
Branin-Fav,MFGP,56,29.3,0.103397520424047
Branin-Fav,MFGP,56,29.4,0.103397520424047
Branin-Fav,MFGP,56,29.5,0.103397520424047
Branin-Fav,MFGP,56,30.5,0.103397520424047
Branin-Fav,MFGP,56,30.6,0.103397520424047
Branin-Fav,MFGP,56,30.7,0.103397520424047
Branin-Fav,MFGP,56,30.8,0.103397520424047
Branin-Fav,MFGP,56,30.9,0.103397520424047
Branin-Fav,MFGP,56,31.0,0.103397520424047
Branin-Fav,MFGP,56,31.1,0.103397520424047
Branin-Fav,MFGP,56,31.2,0.103397520424047
Branin-Fav,MFGP,56,31.3,0.103397520424047
Branin-Fav,MFGP,56,31.4,0.103397520424047
Branin-Fav,MFGP,56,31.5,0.103397520424047
Branin-Fav,MFGP,56,32.5,0.103397520424047
Branin-Fav,MFGP,56,32.6,0.103397520424047
Branin-Fav,MFGP,56,32.7,0.103397520424047
Branin-Fav,MFGP,56,32.8,0.103397520424047
Branin-Fav,MFGP,56,32.9,0.103397520424047
Branin-Fav,MFGP,56,33.0,0.103397520424047
Branin-Fav,MFGP,56,33.1,0.103397520424047
Branin-Fav,MFGP,56,33.2,0.103397520424047
Branin-Fav,MFGP,56,33.3,0.103397520424047
Branin-Fav,MFGP,56,33.4,0.103397520424047
Branin-Fav,MFGP,56,33.5,0.103397520424047
Branin-Fav,MFGP,56,34.5,0.103397520424047
Branin-Fav,MFGP,56,34.6,0.103397520424047
Branin-Fav,MFGP,56,34.7,0.103397520424047
Branin-Fav,MFGP,56,34.8,0.103397520424047
Branin-Fav,MFGP,56,34.9,0.103397520424047
Branin-Fav,MFGP,56,35.0,0.103397520424047
Branin-Fav,MFGP,56,35.1,0.103397520424047
Branin-Fav,MFGP,56,35.2,0.103397520424047
Branin-Fav,MFGP,56,35.3,0.103397520424047
Branin-Fav,MFGP,56,35.4,0.103397520424047
Branin-Fav,MFGP,56,35.5,0.103397520424047
Branin-Fav,MFGP,56,36.5,0.103397520424047
Branin-Fav,MFGP,56,36.6,0.103397520424047
Branin-Fav,MFGP,56,36.7,0.103397520424047
Branin-Fav,MFGP,56,36.8,0.103397520424047
Branin-Fav,MFGP,56,36.9,0.103397520424047
Branin-Fav,MFGP,56,37.0,0.103397520424047
Branin-Fav,MFGP,56,37.1,0.103397520424047
Branin-Fav,MFGP,56,37.2,0.103397520424047
Branin-Fav,MFGP,56,37.3,0.103397520424047
Branin-Fav,MFGP,56,37.4,0.103397520424047
Branin-Fav,MFGP,56,37.5,0.103397520424047
Branin-Fav,MFGP,56,38.5,0.103397520424047
Branin-Fav,MFGP,56,38.6,0.103397520424047
Branin-Fav,MFGP,56,38.7,0.103397520424047
Branin-Fav,MFGP,56,38.8,0.103397520424047
Branin-Fav,MFGP,56,38.9,0.103397520424047
Branin-Fav,MFGP,56,39.0,0.103397520424047
Branin-Fav,MFGP,56,39.1,0.103397520424047
Branin-Fav,MFGP,56,39.2,0.103397520424047
Branin-Fav,MFGP,56,39.3,0.103397520424047
Branin-Fav,MFGP,56,39.4,0.103397520424047
Branin-Fav,MFGP,56,39.5,0.103397520424047
Branin-Fav,MFGP,56,40.5,0.103397520424047
Branin-Fav,MFGP,56,40.6,0.103397520424047
Branin-Fav,MFGP,56,40.7,0.103397520424047
Branin-Fav,MFGP,56,40.8,0.103397520424047
Branin-Fav,MFGP,56,40.9,0.103397520424047
Branin-Fav,MFGP,56,41.0,0.103397520424047
Branin-Fav,MFGP,56,41.1,0.103397520424047
Branin-Fav,MFGP,56,41.2,0.103397520424047
Branin-Fav,MFGP,56,41.3,0.103397520424047
Branin-Fav,MFGP,56,41.4,0.103397520424047
Branin-Fav,MFGP,56,41.5,0.103397520424047
Branin-Fav,MFGP,56,42.5,0.103397520424047
Branin-Fav,MFGP,56,42.6,0.103397520424047
Branin-Fav,MFGP,56,42.7,0.103397520424047
Branin-Fav,MFGP,56,42.8,0.103397520424047
Branin-Fav,MFGP,56,42.9,0.103397520424047
Branin-Fav,MFGP,56,43.0,0.103397520424047
Branin-Fav,MFGP,56,43.1,0.103397520424047
Branin-Fav,MFGP,56,43.2,0.103397520424047
Branin-Fav,MFGP,56,43.3,0.103397520424047
Branin-Fav,MFGP,56,43.4,0.103397520424047
Branin-Fav,MFGP,56,43.5,0.103397520424047
Branin-Fav,MFGP,56,44.5,0.103397520424047
Branin-Fav,MFGP,56,44.6,0.103397520424047
Branin-Fav,MFGP,56,44.7,0.103397520424047
Branin-Fav,MFGP,56,44.8,0.103397520424047
Branin-Fav,MFGP,56,44.9,0.103397520424047
Branin-Fav,MFGP,56,45.0,0.103397520424047
Branin-Fav,MFGP,56,45.1,0.103397520424047
Branin-Fav,MFGP,56,45.2,0.103397520424047
Branin-Fav,MFGP,56,45.3,0.103397520424047
Branin-Fav,MFGP,56,45.4,0.103397520424047
Branin-Fav,MFGP,56,45.5,0.103397520424047
Branin-Fav,MFGP,56,46.5,0.103397520424047
Branin-Fav,MFGP,56,46.6,0.103397520424047
Branin-Fav,MFGP,56,46.7,0.103397520424047
Branin-Fav,MFGP,56,46.8,0.103397520424047
Branin-Fav,MFGP,56,46.9,0.103397520424047
Branin-Fav,MFGP,56,47.0,0.103397520424047
Branin-Fav,MFGP,56,47.1,0.103397520424047
Branin-Fav,MFGP,56,47.2,0.103397520424047
Branin-Fav,MFGP,56,47.3,0.103397520424047
Branin-Fav,MFGP,56,47.4,0.103397520424047
Branin-Fav,MFGP,56,47.5,0.103397520424047
Branin-Fav,MFGP,56,48.5,0.103397520424047
Branin-Fav,MFGP,56,48.6,0.103397520424047
Branin-Fav,MFGP,56,48.7,0.103397520424047
Branin-Fav,MFGP,56,48.8,0.103397520424047
Branin-Fav,MFGP,56,48.9,0.103397520424047
Branin-Fav,MFGP,56,49.0,0.103397520424047
Branin-Fav,MFGP,56,49.1,0.103397520424047
Branin-Fav,MFGP,56,49.2,0.103397520424047
Branin-Fav,MFGP,56,49.3,0.103397520424047
Branin-Fav,MFGP,56,49.4,0.103397520424047
Branin-Fav,MFGP,56,49.5,0.103397520424047
Branin-Fav,MFGP,56,49.6,0.103397520424047
Branin-Fav,MFGP,56,49.7,0.103397520424047
Branin-Fav,MFGP,56,49.8,0.103397520424047
Branin-Fav,MFGP,56,49.9,0.103397520424047
Branin-Fav,MFGP,57,4.5,11.63660366484424
Branin-Fav,MFGP,57,4.6,11.63660366484424
Branin-Fav,MFGP,57,4.7,11.63660366484424
Branin-Fav,MFGP,57,4.8,11.63660366484424
Branin-Fav,MFGP,57,4.9,11.63660366484424
Branin-Fav,MFGP,57,5.0,11.63660366484424
Branin-Fav,MFGP,57,5.1,11.63660366484424
Branin-Fav,MFGP,57,5.2,11.63660366484424
Branin-Fav,MFGP,57,5.3,11.63660366484424
Branin-Fav,MFGP,57,5.4,11.63660366484424
Branin-Fav,MFGP,57,5.5,11.63660366484424
Branin-Fav,MFGP,57,6.5,4.210540742692576
Branin-Fav,MFGP,57,6.6,4.210540742692576
Branin-Fav,MFGP,57,6.7,4.210540742692576
Branin-Fav,MFGP,57,6.8,4.210540742692576
Branin-Fav,MFGP,57,6.9,4.210540742692576
Branin-Fav,MFGP,57,7.0,4.210540742692576
Branin-Fav,MFGP,57,7.1,4.210540742692576
Branin-Fav,MFGP,57,7.2,4.210540742692576
Branin-Fav,MFGP,57,7.3,4.210540742692576
Branin-Fav,MFGP,57,7.4,4.210540742692576
Branin-Fav,MFGP,57,7.5,4.210540742692576
Branin-Fav,MFGP,57,8.5,1.1105189550745491
Branin-Fav,MFGP,57,8.6,1.1105189550745491
Branin-Fav,MFGP,57,8.7,1.1105189550745491
Branin-Fav,MFGP,57,8.8,1.1105189550745491
Branin-Fav,MFGP,57,8.9,1.1105189550745491
Branin-Fav,MFGP,57,9.0,1.1105189550745491
Branin-Fav,MFGP,57,9.1,1.1105189550745491
Branin-Fav,MFGP,57,9.2,1.1105189550745491
Branin-Fav,MFGP,57,9.3,1.1105189550745491
Branin-Fav,MFGP,57,9.4,1.1105189550745491
Branin-Fav,MFGP,57,9.5,1.1105189550745491
Branin-Fav,MFGP,57,10.5,0.0748038021785529
Branin-Fav,MFGP,57,10.6,0.0748038021785529
Branin-Fav,MFGP,57,10.7,0.0748038021785529
Branin-Fav,MFGP,57,10.8,0.0748038021785529
Branin-Fav,MFGP,57,10.9,0.0748038021785529
Branin-Fav,MFGP,57,11.0,0.0748038021785529
Branin-Fav,MFGP,57,11.1,0.0748038021785529
Branin-Fav,MFGP,57,11.2,0.0748038021785529
Branin-Fav,MFGP,57,11.3,0.0748038021785529
Branin-Fav,MFGP,57,11.4,0.0748038021785529
Branin-Fav,MFGP,57,11.5,0.0748038021785529
Branin-Fav,MFGP,57,12.5,0.0748038021785529
Branin-Fav,MFGP,57,12.6,0.0748038021785529
Branin-Fav,MFGP,57,12.7,0.0748038021785529
Branin-Fav,MFGP,57,12.8,0.0748038021785529
Branin-Fav,MFGP,57,12.9,0.0748038021785529
Branin-Fav,MFGP,57,13.0,0.0748038021785529
Branin-Fav,MFGP,57,13.1,0.0748038021785529
Branin-Fav,MFGP,57,13.2,0.0748038021785529
Branin-Fav,MFGP,57,13.3,0.0748038021785529
Branin-Fav,MFGP,57,13.4,0.0748038021785529
Branin-Fav,MFGP,57,13.5,0.0748038021785529
Branin-Fav,MFGP,57,14.5,0.0748038021785529
Branin-Fav,MFGP,57,14.6,0.0748038021785529
Branin-Fav,MFGP,57,14.7,0.0748038021785529
Branin-Fav,MFGP,57,14.8,0.0748038021785529
Branin-Fav,MFGP,57,14.9,0.0748038021785529
Branin-Fav,MFGP,57,15.0,0.0748038021785529
Branin-Fav,MFGP,57,15.1,0.0748038021785529
Branin-Fav,MFGP,57,15.2,0.0748038021785529
Branin-Fav,MFGP,57,15.3,0.0748038021785529
Branin-Fav,MFGP,57,15.4,0.0748038021785529
Branin-Fav,MFGP,57,15.5,0.0748038021785529
Branin-Fav,MFGP,57,16.5,0.0748038021785529
Branin-Fav,MFGP,57,16.6,0.0748038021785529
Branin-Fav,MFGP,57,16.7,0.0748038021785529
Branin-Fav,MFGP,57,16.8,0.0748038021785529
Branin-Fav,MFGP,57,16.9,0.0748038021785529
Branin-Fav,MFGP,57,17.0,0.0748038021785529
Branin-Fav,MFGP,57,17.1,0.0748038021785529
Branin-Fav,MFGP,57,17.2,0.0748038021785529
Branin-Fav,MFGP,57,17.3,0.0748038021785529
Branin-Fav,MFGP,57,17.4,0.0748038021785529
Branin-Fav,MFGP,57,17.5,0.0748038021785529
Branin-Fav,MFGP,57,18.5,0.0748038021785529
Branin-Fav,MFGP,57,18.6,0.0748038021785529
Branin-Fav,MFGP,57,18.7,0.0748038021785529
Branin-Fav,MFGP,57,18.8,0.0748038021785529
Branin-Fav,MFGP,57,18.9,0.0748038021785529
Branin-Fav,MFGP,57,19.0,0.0748038021785529
Branin-Fav,MFGP,57,19.1,0.0748038021785529
Branin-Fav,MFGP,57,19.2,0.0748038021785529
Branin-Fav,MFGP,57,19.3,0.0748038021785529
Branin-Fav,MFGP,57,19.4,0.0748038021785529
Branin-Fav,MFGP,57,19.5,0.0748038021785529
Branin-Fav,MFGP,57,20.5,0.0748038021785529
Branin-Fav,MFGP,57,20.6,0.0748038021785529
Branin-Fav,MFGP,57,20.7,0.0748038021785529
Branin-Fav,MFGP,57,20.8,0.0748038021785529
Branin-Fav,MFGP,57,20.9,0.0748038021785529
Branin-Fav,MFGP,57,21.0,0.0748038021785529
Branin-Fav,MFGP,57,21.1,0.0748038021785529
Branin-Fav,MFGP,57,21.2,0.0748038021785529
Branin-Fav,MFGP,57,21.3,0.0748038021785529
Branin-Fav,MFGP,57,21.4,0.0748038021785529
Branin-Fav,MFGP,57,21.5,0.0748038021785529
Branin-Fav,MFGP,57,22.5,0.0748038021785529
Branin-Fav,MFGP,57,22.6,0.0748038021785529
Branin-Fav,MFGP,57,22.7,0.0748038021785529
Branin-Fav,MFGP,57,22.8,0.0748038021785529
Branin-Fav,MFGP,57,22.9,0.0748038021785529
Branin-Fav,MFGP,57,23.0,0.0748038021785529
Branin-Fav,MFGP,57,23.1,0.0748038021785529
Branin-Fav,MFGP,57,23.2,0.0748038021785529
Branin-Fav,MFGP,57,23.3,0.0748038021785529
Branin-Fav,MFGP,57,23.4,0.0748038021785529
Branin-Fav,MFGP,57,23.5,0.0748038021785529
Branin-Fav,MFGP,57,24.5,0.0748038021785529
Branin-Fav,MFGP,57,24.6,0.0748038021785529
Branin-Fav,MFGP,57,24.7,0.0748038021785529
Branin-Fav,MFGP,57,24.8,0.0748038021785529
Branin-Fav,MFGP,57,24.9,0.0748038021785529
Branin-Fav,MFGP,57,25.0,0.0748038021785529
Branin-Fav,MFGP,57,25.1,0.0748038021785529
Branin-Fav,MFGP,57,25.2,0.0748038021785529
Branin-Fav,MFGP,57,25.3,0.0748038021785529
Branin-Fav,MFGP,57,25.4,0.0748038021785529
Branin-Fav,MFGP,57,25.5,0.0748038021785529
Branin-Fav,MFGP,57,26.5,0.0748038021785529
Branin-Fav,MFGP,57,26.6,0.0748038021785529
Branin-Fav,MFGP,57,26.7,0.0748038021785529
Branin-Fav,MFGP,57,26.8,0.0748038021785529
Branin-Fav,MFGP,57,26.9,0.0748038021785529
Branin-Fav,MFGP,57,27.0,0.0748038021785529
Branin-Fav,MFGP,57,27.1,0.0748038021785529
Branin-Fav,MFGP,57,27.2,0.0748038021785529
Branin-Fav,MFGP,57,27.3,0.0748038021785529
Branin-Fav,MFGP,57,27.4,0.0748038021785529
Branin-Fav,MFGP,57,27.5,0.0748038021785529
Branin-Fav,MFGP,57,28.5,0.0748038021785529
Branin-Fav,MFGP,57,28.6,0.0748038021785529
Branin-Fav,MFGP,57,28.7,0.0748038021785529
Branin-Fav,MFGP,57,28.8,0.0748038021785529
Branin-Fav,MFGP,57,28.9,0.0748038021785529
Branin-Fav,MFGP,57,29.0,0.0748038021785529
Branin-Fav,MFGP,57,29.1,0.0748038021785529
Branin-Fav,MFGP,57,29.2,0.0748038021785529
Branin-Fav,MFGP,57,29.3,0.0748038021785529
Branin-Fav,MFGP,57,29.4,0.0748038021785529
Branin-Fav,MFGP,57,29.5,0.0748038021785529
Branin-Fav,MFGP,57,30.5,0.0748038021785529
Branin-Fav,MFGP,57,30.6,0.0748038021785529
Branin-Fav,MFGP,57,30.7,0.0748038021785529
Branin-Fav,MFGP,57,30.8,0.0748038021785529
Branin-Fav,MFGP,57,30.9,0.0748038021785529
Branin-Fav,MFGP,57,31.0,0.0748038021785529
Branin-Fav,MFGP,57,31.1,0.0748038021785529
Branin-Fav,MFGP,57,31.2,0.0748038021785529
Branin-Fav,MFGP,57,31.3,0.0748038021785529
Branin-Fav,MFGP,57,31.4,0.0748038021785529
Branin-Fav,MFGP,57,31.5,0.0748038021785529
Branin-Fav,MFGP,57,32.5,0.0748038021785529
Branin-Fav,MFGP,57,32.6,0.0748038021785529
Branin-Fav,MFGP,57,32.7,0.0748038021785529
Branin-Fav,MFGP,57,32.8,0.0748038021785529
Branin-Fav,MFGP,57,32.9,0.0748038021785529
Branin-Fav,MFGP,57,33.0,0.0748038021785529
Branin-Fav,MFGP,57,33.1,0.0748038021785529
Branin-Fav,MFGP,57,33.2,0.0748038021785529
Branin-Fav,MFGP,57,33.3,0.0748038021785529
Branin-Fav,MFGP,57,33.4,0.0748038021785529
Branin-Fav,MFGP,57,33.5,0.0748038021785529
Branin-Fav,MFGP,57,34.5,0.0748038021785529
Branin-Fav,MFGP,57,34.6,0.0748038021785529
Branin-Fav,MFGP,57,34.7,0.0748038021785529
Branin-Fav,MFGP,57,34.8,0.0748038021785529
Branin-Fav,MFGP,57,34.9,0.0748038021785529
Branin-Fav,MFGP,57,35.0,0.0748038021785529
Branin-Fav,MFGP,57,35.1,0.0748038021785529
Branin-Fav,MFGP,57,35.2,0.0748038021785529
Branin-Fav,MFGP,57,35.3,0.0748038021785529
Branin-Fav,MFGP,57,35.4,0.0748038021785529
Branin-Fav,MFGP,57,35.5,0.0748038021785529
Branin-Fav,MFGP,57,36.5,0.0748038021785529
Branin-Fav,MFGP,57,36.6,0.0748038021785529
Branin-Fav,MFGP,57,36.7,0.0748038021785529
Branin-Fav,MFGP,57,36.8,0.0748038021785529
Branin-Fav,MFGP,57,36.9,0.0748038021785529
Branin-Fav,MFGP,57,37.0,0.0748038021785529
Branin-Fav,MFGP,57,37.1,0.0748038021785529
Branin-Fav,MFGP,57,37.2,0.0748038021785529
Branin-Fav,MFGP,57,37.3,0.0748038021785529
Branin-Fav,MFGP,57,37.4,0.0748038021785529
Branin-Fav,MFGP,57,37.5,0.0748038021785529
Branin-Fav,MFGP,57,38.5,0.0748038021785529
Branin-Fav,MFGP,57,38.6,0.0748038021785529
Branin-Fav,MFGP,57,38.7,0.0748038021785529
Branin-Fav,MFGP,57,38.8,0.0748038021785529
Branin-Fav,MFGP,57,38.9,0.0748038021785529
Branin-Fav,MFGP,57,39.0,0.0748038021785529
Branin-Fav,MFGP,57,39.1,0.0748038021785529
Branin-Fav,MFGP,57,39.2,0.0748038021785529
Branin-Fav,MFGP,57,39.3,0.0748038021785529
Branin-Fav,MFGP,57,39.4,0.0748038021785529
Branin-Fav,MFGP,57,39.5,0.0748038021785529
Branin-Fav,MFGP,57,40.5,0.0748038021785529
Branin-Fav,MFGP,57,40.6,0.0748038021785529
Branin-Fav,MFGP,57,40.7,0.0748038021785529
Branin-Fav,MFGP,57,40.8,0.0748038021785529
Branin-Fav,MFGP,57,40.9,0.0748038021785529
Branin-Fav,MFGP,57,41.0,0.0748038021785529
Branin-Fav,MFGP,57,41.1,0.0748038021785529
Branin-Fav,MFGP,57,41.2,0.0748038021785529
Branin-Fav,MFGP,57,41.3,0.0748038021785529
Branin-Fav,MFGP,57,41.4,0.0748038021785529
Branin-Fav,MFGP,57,41.5,0.0748038021785529
Branin-Fav,MFGP,57,42.5,0.0748038021785529
Branin-Fav,MFGP,57,42.6,0.0748038021785529
Branin-Fav,MFGP,57,42.7,0.0748038021785529
Branin-Fav,MFGP,57,42.8,0.0748038021785529
Branin-Fav,MFGP,57,42.9,0.0748038021785529
Branin-Fav,MFGP,57,43.0,0.0748038021785529
Branin-Fav,MFGP,57,43.1,0.0748038021785529
Branin-Fav,MFGP,57,43.2,0.0748038021785529
Branin-Fav,MFGP,57,43.3,0.0748038021785529
Branin-Fav,MFGP,57,43.4,0.0748038021785529
Branin-Fav,MFGP,57,43.5,0.0748038021785529
Branin-Fav,MFGP,57,44.5,0.0748038021785529
Branin-Fav,MFGP,57,44.6,0.0748038021785529
Branin-Fav,MFGP,57,44.7,0.0748038021785529
Branin-Fav,MFGP,57,44.8,0.0748038021785529
Branin-Fav,MFGP,57,44.9,0.0748038021785529
Branin-Fav,MFGP,57,45.0,0.0748038021785529
Branin-Fav,MFGP,57,45.1,0.0748038021785529
Branin-Fav,MFGP,57,45.2,0.0748038021785529
Branin-Fav,MFGP,57,45.3,0.0748038021785529
Branin-Fav,MFGP,57,45.4,0.0748038021785529
Branin-Fav,MFGP,57,45.5,0.0748038021785529
Branin-Fav,MFGP,57,46.5,0.0748038021785529
Branin-Fav,MFGP,57,46.6,0.0748038021785529
Branin-Fav,MFGP,57,46.7,0.0748038021785529
Branin-Fav,MFGP,57,46.8,0.0748038021785529
Branin-Fav,MFGP,57,46.9,0.0748038021785529
Branin-Fav,MFGP,57,47.0,0.0748038021785529
Branin-Fav,MFGP,57,47.1,0.0748038021785529
Branin-Fav,MFGP,57,47.2,0.0748038021785529
Branin-Fav,MFGP,57,47.3,0.0748038021785529
Branin-Fav,MFGP,57,47.4,0.0748038021785529
Branin-Fav,MFGP,57,47.5,0.0748038021785529
Branin-Fav,MFGP,57,48.5,0.0748038021785529
Branin-Fav,MFGP,57,48.6,0.0748038021785529
Branin-Fav,MFGP,57,48.7,0.0748038021785529
Branin-Fav,MFGP,57,48.8,0.0748038021785529
Branin-Fav,MFGP,57,48.9,0.0748038021785529
Branin-Fav,MFGP,57,49.0,0.0748038021785529
Branin-Fav,MFGP,57,49.1,0.0748038021785529
Branin-Fav,MFGP,57,49.2,0.0748038021785529
Branin-Fav,MFGP,57,49.3,0.0748038021785529
Branin-Fav,MFGP,57,49.4,0.0748038021785529
Branin-Fav,MFGP,57,49.5,0.0748038021785529
Branin-Fav,MFGP,57,49.6,0.0748038021785529
Branin-Fav,MFGP,57,49.7,0.0748038021785529
Branin-Fav,MFGP,57,49.8,0.0748038021785529
Branin-Fav,MFGP,57,49.9,0.0748038021785529
Branin-Fav,MFGP,58,4.5,44.09401662445365
Branin-Fav,MFGP,58,4.6,44.09401662445365
Branin-Fav,MFGP,58,4.7,44.09401662445365
Branin-Fav,MFGP,58,4.8,44.09401662445365
Branin-Fav,MFGP,58,4.9,44.09401662445365
Branin-Fav,MFGP,58,5.0,44.09401662445365
Branin-Fav,MFGP,58,5.1,44.09401662445365
Branin-Fav,MFGP,58,5.2,44.09401662445365
Branin-Fav,MFGP,58,5.3,44.09401662445365
Branin-Fav,MFGP,58,5.4,44.09401662445365
Branin-Fav,MFGP,58,5.5,44.09401662445365
Branin-Fav,MFGP,58,6.5,2.1543471155807
Branin-Fav,MFGP,58,6.6,2.1543471155807
Branin-Fav,MFGP,58,6.7,2.1543471155807
Branin-Fav,MFGP,58,6.8,2.1543471155807
Branin-Fav,MFGP,58,6.9,2.1543471155807
Branin-Fav,MFGP,58,7.0,2.1543471155807
Branin-Fav,MFGP,58,7.1,2.1543471155807
Branin-Fav,MFGP,58,7.2,2.1543471155807
Branin-Fav,MFGP,58,7.3,2.1543471155807
Branin-Fav,MFGP,58,7.4,2.1543471155807
Branin-Fav,MFGP,58,7.5,2.1543471155807
Branin-Fav,MFGP,58,8.5,0.5013145474907049
Branin-Fav,MFGP,58,8.6,0.5013145474907049
Branin-Fav,MFGP,58,8.7,0.5013145474907049
Branin-Fav,MFGP,58,8.8,0.5013145474907049
Branin-Fav,MFGP,58,8.9,0.5013145474907049
Branin-Fav,MFGP,58,9.0,0.5013145474907049
Branin-Fav,MFGP,58,9.1,0.5013145474907049
Branin-Fav,MFGP,58,9.2,0.5013145474907049
Branin-Fav,MFGP,58,9.3,0.5013145474907049
Branin-Fav,MFGP,58,9.4,0.5013145474907049
Branin-Fav,MFGP,58,9.5,0.5013145474907049
Branin-Fav,MFGP,58,10.5,0.5013145474907049
Branin-Fav,MFGP,58,10.6,0.5013145474907049
Branin-Fav,MFGP,58,10.7,0.5013145474907049
Branin-Fav,MFGP,58,10.8,0.5013145474907049
Branin-Fav,MFGP,58,10.9,0.5013145474907049
Branin-Fav,MFGP,58,11.0,0.5013145474907049
Branin-Fav,MFGP,58,11.1,0.5013145474907049
Branin-Fav,MFGP,58,11.2,0.5013145474907049
Branin-Fav,MFGP,58,11.3,0.5013145474907049
Branin-Fav,MFGP,58,11.4,0.5013145474907049
Branin-Fav,MFGP,58,11.5,0.5013145474907049
Branin-Fav,MFGP,58,12.5,0.4616513166890009
Branin-Fav,MFGP,58,12.6,0.4616513166890009
Branin-Fav,MFGP,58,12.7,0.4616513166890009
Branin-Fav,MFGP,58,12.8,0.4616513166890009
Branin-Fav,MFGP,58,12.9,0.4616513166890009
Branin-Fav,MFGP,58,13.0,0.4616513166890009
Branin-Fav,MFGP,58,13.1,0.4616513166890009
Branin-Fav,MFGP,58,13.2,0.4616513166890009
Branin-Fav,MFGP,58,13.3,0.4616513166890009
Branin-Fav,MFGP,58,13.4,0.4616513166890009
Branin-Fav,MFGP,58,13.5,0.4616513166890009
Branin-Fav,MFGP,58,14.5,0.4616513166890009
Branin-Fav,MFGP,58,14.6,0.4616513166890009
Branin-Fav,MFGP,58,14.7,0.4616513166890009
Branin-Fav,MFGP,58,14.8,0.4616513166890009
Branin-Fav,MFGP,58,14.9,0.4616513166890009
Branin-Fav,MFGP,58,15.0,0.4616513166890009
Branin-Fav,MFGP,58,15.1,0.4616513166890009
Branin-Fav,MFGP,58,15.2,0.4616513166890009
Branin-Fav,MFGP,58,15.3,0.4616513166890009
Branin-Fav,MFGP,58,15.4,0.4616513166890009
Branin-Fav,MFGP,58,15.5,0.4616513166890009
Branin-Fav,MFGP,58,16.5,0.4616513166890009
Branin-Fav,MFGP,58,16.6,0.4616513166890009
Branin-Fav,MFGP,58,16.7,0.4616513166890009
Branin-Fav,MFGP,58,16.8,0.4616513166890009
Branin-Fav,MFGP,58,16.9,0.4616513166890009
Branin-Fav,MFGP,58,17.0,0.4616513166890009
Branin-Fav,MFGP,58,17.1,0.4616513166890009
Branin-Fav,MFGP,58,17.2,0.4616513166890009
Branin-Fav,MFGP,58,17.3,0.4616513166890009
Branin-Fav,MFGP,58,17.4,0.4616513166890009
Branin-Fav,MFGP,58,17.5,0.4616513166890009
Branin-Fav,MFGP,58,18.5,0.4616513166890009
Branin-Fav,MFGP,58,18.6,0.4616513166890009
Branin-Fav,MFGP,58,18.7,0.4616513166890009
Branin-Fav,MFGP,58,18.8,0.4616513166890009
Branin-Fav,MFGP,58,18.9,0.4616513166890009
Branin-Fav,MFGP,58,19.0,0.4616513166890009
Branin-Fav,MFGP,58,19.1,0.4616513166890009
Branin-Fav,MFGP,58,19.2,0.4616513166890009
Branin-Fav,MFGP,58,19.3,0.4616513166890009
Branin-Fav,MFGP,58,19.4,0.4616513166890009
Branin-Fav,MFGP,58,19.5,0.4616513166890009
Branin-Fav,MFGP,58,20.5,0.4616513166890009
Branin-Fav,MFGP,58,20.6,0.4616513166890009
Branin-Fav,MFGP,58,20.7,0.4616513166890009
Branin-Fav,MFGP,58,20.8,0.4616513166890009
Branin-Fav,MFGP,58,20.9,0.4616513166890009
Branin-Fav,MFGP,58,21.0,0.4616513166890009
Branin-Fav,MFGP,58,21.1,0.4616513166890009
Branin-Fav,MFGP,58,21.2,0.4616513166890009
Branin-Fav,MFGP,58,21.3,0.4616513166890009
Branin-Fav,MFGP,58,21.4,0.4616513166890009
Branin-Fav,MFGP,58,21.5,0.4616513166890009
Branin-Fav,MFGP,58,22.5,0.4616513166890009
Branin-Fav,MFGP,58,22.6,0.4616513166890009
Branin-Fav,MFGP,58,22.7,0.4616513166890009
Branin-Fav,MFGP,58,22.8,0.4616513166890009
Branin-Fav,MFGP,58,22.9,0.4616513166890009
Branin-Fav,MFGP,58,23.0,0.4616513166890009
Branin-Fav,MFGP,58,23.1,0.4616513166890009
Branin-Fav,MFGP,58,23.2,0.4616513166890009
Branin-Fav,MFGP,58,23.3,0.4616513166890009
Branin-Fav,MFGP,58,23.4,0.4616513166890009
Branin-Fav,MFGP,58,23.5,0.4616513166890009
Branin-Fav,MFGP,58,24.5,0.4616513166890009
Branin-Fav,MFGP,58,24.6,0.4616513166890009
Branin-Fav,MFGP,58,24.7,0.4616513166890009
Branin-Fav,MFGP,58,24.8,0.4616513166890009
Branin-Fav,MFGP,58,24.9,0.4616513166890009
Branin-Fav,MFGP,58,25.0,0.4616513166890009
Branin-Fav,MFGP,58,25.1,0.4616513166890009
Branin-Fav,MFGP,58,25.2,0.4616513166890009
Branin-Fav,MFGP,58,25.3,0.4616513166890009
Branin-Fav,MFGP,58,25.4,0.4616513166890009
Branin-Fav,MFGP,58,25.5,0.4616513166890009
Branin-Fav,MFGP,58,26.5,0.4616513166890009
Branin-Fav,MFGP,58,26.6,0.4616513166890009
Branin-Fav,MFGP,58,26.7,0.4616513166890009
Branin-Fav,MFGP,58,26.8,0.4616513166890009
Branin-Fav,MFGP,58,26.9,0.4616513166890009
Branin-Fav,MFGP,58,27.0,0.4616513166890009
Branin-Fav,MFGP,58,27.1,0.4616513166890009
Branin-Fav,MFGP,58,27.2,0.4616513166890009
Branin-Fav,MFGP,58,27.3,0.4616513166890009
Branin-Fav,MFGP,58,27.4,0.4616513166890009
Branin-Fav,MFGP,58,27.5,0.4616513166890009
Branin-Fav,MFGP,58,28.5,0.4616513166890009
Branin-Fav,MFGP,58,28.6,0.4616513166890009
Branin-Fav,MFGP,58,28.7,0.4616513166890009
Branin-Fav,MFGP,58,28.8,0.4616513166890009
Branin-Fav,MFGP,58,28.9,0.4616513166890009
Branin-Fav,MFGP,58,29.0,0.4616513166890009
Branin-Fav,MFGP,58,29.1,0.4616513166890009
Branin-Fav,MFGP,58,29.2,0.4616513166890009
Branin-Fav,MFGP,58,29.3,0.4616513166890009
Branin-Fav,MFGP,58,29.4,0.4616513166890009
Branin-Fav,MFGP,58,29.5,0.4616513166890009
Branin-Fav,MFGP,58,30.5,0.4616513166890009
Branin-Fav,MFGP,58,30.6,0.4616513166890009
Branin-Fav,MFGP,58,30.7,0.4616513166890009
Branin-Fav,MFGP,58,30.8,0.4616513166890009
Branin-Fav,MFGP,58,30.9,0.4616513166890009
Branin-Fav,MFGP,58,31.0,0.4616513166890009
Branin-Fav,MFGP,58,31.1,0.4616513166890009
Branin-Fav,MFGP,58,31.2,0.4616513166890009
Branin-Fav,MFGP,58,31.3,0.4616513166890009
Branin-Fav,MFGP,58,31.4,0.4616513166890009
Branin-Fav,MFGP,58,31.5,0.4616513166890009
Branin-Fav,MFGP,58,32.5,0.4616513166890009
Branin-Fav,MFGP,58,32.6,0.4616513166890009
Branin-Fav,MFGP,58,32.7,0.4616513166890009
Branin-Fav,MFGP,58,32.8,0.4616513166890009
Branin-Fav,MFGP,58,32.9,0.4616513166890009
Branin-Fav,MFGP,58,33.0,0.4616513166890009
Branin-Fav,MFGP,58,33.1,0.4616513166890009
Branin-Fav,MFGP,58,33.2,0.4616513166890009
Branin-Fav,MFGP,58,33.3,0.4616513166890009
Branin-Fav,MFGP,58,33.4,0.4616513166890009
Branin-Fav,MFGP,58,33.5,0.4616513166890009
Branin-Fav,MFGP,58,34.5,0.4616513166890009
Branin-Fav,MFGP,58,34.6,0.4616513166890009
Branin-Fav,MFGP,58,34.7,0.4616513166890009
Branin-Fav,MFGP,58,34.8,0.4616513166890009
Branin-Fav,MFGP,58,34.9,0.4616513166890009
Branin-Fav,MFGP,58,35.0,0.4616513166890009
Branin-Fav,MFGP,58,35.1,0.4616513166890009
Branin-Fav,MFGP,58,35.2,0.4616513166890009
Branin-Fav,MFGP,58,35.3,0.4616513166890009
Branin-Fav,MFGP,58,35.4,0.4616513166890009
Branin-Fav,MFGP,58,35.5,0.4616513166890009
Branin-Fav,MFGP,58,36.5,0.4616513166890009
Branin-Fav,MFGP,58,36.6,0.4616513166890009
Branin-Fav,MFGP,58,36.7,0.4616513166890009
Branin-Fav,MFGP,58,36.8,0.4616513166890009
Branin-Fav,MFGP,58,36.9,0.4616513166890009
Branin-Fav,MFGP,58,37.0,0.4616513166890009
Branin-Fav,MFGP,58,37.1,0.4616513166890009
Branin-Fav,MFGP,58,37.2,0.4616513166890009
Branin-Fav,MFGP,58,37.3,0.4616513166890009
Branin-Fav,MFGP,58,37.4,0.4616513166890009
Branin-Fav,MFGP,58,37.5,0.4616513166890009
Branin-Fav,MFGP,58,38.5,0.4616513166890009
Branin-Fav,MFGP,58,38.6,0.4616513166890009
Branin-Fav,MFGP,58,38.7,0.4616513166890009
Branin-Fav,MFGP,58,38.8,0.4616513166890009
Branin-Fav,MFGP,58,38.9,0.4616513166890009
Branin-Fav,MFGP,58,39.0,0.4616513166890009
Branin-Fav,MFGP,58,39.1,0.4616513166890009
Branin-Fav,MFGP,58,39.2,0.4616513166890009
Branin-Fav,MFGP,58,39.3,0.4616513166890009
Branin-Fav,MFGP,58,39.4,0.4616513166890009
Branin-Fav,MFGP,58,39.5,0.4616513166890009
Branin-Fav,MFGP,58,40.5,0.4616513166890009
Branin-Fav,MFGP,58,40.6,0.4616513166890009
Branin-Fav,MFGP,58,40.7,0.4616513166890009
Branin-Fav,MFGP,58,40.8,0.4616513166890009
Branin-Fav,MFGP,58,40.9,0.4616513166890009
Branin-Fav,MFGP,58,41.0,0.4616513166890009
Branin-Fav,MFGP,58,41.1,0.4616513166890009
Branin-Fav,MFGP,58,41.2,0.4616513166890009
Branin-Fav,MFGP,58,41.3,0.4616513166890009
Branin-Fav,MFGP,58,41.4,0.4616513166890009
Branin-Fav,MFGP,58,41.5,0.4616513166890009
Branin-Fav,MFGP,58,42.5,0.4616513166890009
Branin-Fav,MFGP,58,42.6,0.4616513166890009
Branin-Fav,MFGP,58,42.7,0.4616513166890009
Branin-Fav,MFGP,58,42.8,0.4616513166890009
Branin-Fav,MFGP,58,42.9,0.4616513166890009
Branin-Fav,MFGP,58,43.0,0.4616513166890009
Branin-Fav,MFGP,58,43.1,0.4616513166890009
Branin-Fav,MFGP,58,43.2,0.4616513166890009
Branin-Fav,MFGP,58,43.3,0.4616513166890009
Branin-Fav,MFGP,58,43.4,0.4616513166890009
Branin-Fav,MFGP,58,43.5,0.4616513166890009
Branin-Fav,MFGP,58,44.5,0.4616513166890009
Branin-Fav,MFGP,58,44.6,0.4616513166890009
Branin-Fav,MFGP,58,44.7,0.4616513166890009
Branin-Fav,MFGP,58,44.8,0.4616513166890009
Branin-Fav,MFGP,58,44.9,0.4616513166890009
Branin-Fav,MFGP,58,45.0,0.4616513166890009
Branin-Fav,MFGP,58,45.1,0.4616513166890009
Branin-Fav,MFGP,58,45.2,0.4616513166890009
Branin-Fav,MFGP,58,45.3,0.4616513166890009
Branin-Fav,MFGP,58,45.4,0.4616513166890009
Branin-Fav,MFGP,58,45.5,0.4616513166890009
Branin-Fav,MFGP,58,46.5,0.4616513166890009
Branin-Fav,MFGP,58,46.6,0.4616513166890009
Branin-Fav,MFGP,58,46.7,0.4616513166890009
Branin-Fav,MFGP,58,46.8,0.4616513166890009
Branin-Fav,MFGP,58,46.9,0.4616513166890009
Branin-Fav,MFGP,58,47.0,0.4616513166890009
Branin-Fav,MFGP,58,47.1,0.4616513166890009
Branin-Fav,MFGP,58,47.2,0.4616513166890009
Branin-Fav,MFGP,58,47.3,0.4616513166890009
Branin-Fav,MFGP,58,47.4,0.4616513166890009
Branin-Fav,MFGP,58,47.5,0.4616513166890009
Branin-Fav,MFGP,58,48.5,0.4616513166890009
Branin-Fav,MFGP,58,48.6,0.4616513166890009
Branin-Fav,MFGP,58,48.7,0.4616513166890009
Branin-Fav,MFGP,58,48.8,0.4616513166890009
Branin-Fav,MFGP,58,48.9,0.4616513166890009
Branin-Fav,MFGP,58,49.0,0.4616513166890009
Branin-Fav,MFGP,58,49.1,0.4616513166890009
Branin-Fav,MFGP,58,49.2,0.4616513166890009
Branin-Fav,MFGP,58,49.3,0.4616513166890009
Branin-Fav,MFGP,58,49.4,0.4616513166890009
Branin-Fav,MFGP,58,49.5,0.4616513166890009
Branin-Fav,MFGP,58,49.6,0.4616513166890009
Branin-Fav,MFGP,58,49.7,0.4616513166890009
Branin-Fav,MFGP,58,49.8,0.4616513166890009
Branin-Fav,MFGP,58,49.9,0.4616513166890009
Branin-Fav,MFGP,59,4.5,6.74527142679179
Branin-Fav,MFGP,59,4.6,6.74527142679179
Branin-Fav,MFGP,59,4.7,6.74527142679179
Branin-Fav,MFGP,59,4.8,6.74527142679179
Branin-Fav,MFGP,59,4.9,6.74527142679179
Branin-Fav,MFGP,59,5.0,6.74527142679179
Branin-Fav,MFGP,59,5.1,6.74527142679179
Branin-Fav,MFGP,59,5.2,6.74527142679179
Branin-Fav,MFGP,59,5.3,6.74527142679179
Branin-Fav,MFGP,59,5.4,6.74527142679179
Branin-Fav,MFGP,59,5.5,6.74527142679179
Branin-Fav,MFGP,59,6.5,0.0090199620446708
Branin-Fav,MFGP,59,6.6,0.0090199620446708
Branin-Fav,MFGP,59,6.7,0.0090199620446708
Branin-Fav,MFGP,59,6.8,0.0090199620446708
Branin-Fav,MFGP,59,6.9,0.0090199620446708
Branin-Fav,MFGP,59,7.0,0.0090199620446708
Branin-Fav,MFGP,59,7.1,0.0090199620446708
Branin-Fav,MFGP,59,7.2,0.0090199620446708
Branin-Fav,MFGP,59,7.3,0.0090199620446708
Branin-Fav,MFGP,59,7.4,0.0090199620446708
Branin-Fav,MFGP,59,7.5,0.0090199620446708
Branin-Fav,MFGP,59,8.5,0.0090199620446708
Branin-Fav,MFGP,59,8.6,0.0090199620446708
Branin-Fav,MFGP,59,8.7,0.0090199620446708
Branin-Fav,MFGP,59,8.8,0.0090199620446708
Branin-Fav,MFGP,59,8.9,0.0090199620446708
Branin-Fav,MFGP,59,9.0,0.0090199620446708
Branin-Fav,MFGP,59,9.1,0.0090199620446708
Branin-Fav,MFGP,59,9.2,0.0090199620446708
Branin-Fav,MFGP,59,9.3,0.0090199620446708
Branin-Fav,MFGP,59,9.4,0.0090199620446708
Branin-Fav,MFGP,59,9.5,0.0090199620446708
Branin-Fav,MFGP,59,10.5,0.0090199620446708
Branin-Fav,MFGP,59,10.6,0.0090199620446708
Branin-Fav,MFGP,59,10.7,0.0090199620446708
Branin-Fav,MFGP,59,10.8,0.0090199620446708
Branin-Fav,MFGP,59,10.9,0.0090199620446708
Branin-Fav,MFGP,59,11.0,0.0090199620446708
Branin-Fav,MFGP,59,11.1,0.0090199620446708
Branin-Fav,MFGP,59,11.2,0.0090199620446708
Branin-Fav,MFGP,59,11.3,0.0090199620446708
Branin-Fav,MFGP,59,11.4,0.0090199620446708
Branin-Fav,MFGP,59,11.5,0.0090199620446708
Branin-Fav,MFGP,59,12.5,0.0090199620446708
Branin-Fav,MFGP,59,12.6,0.0090199620446708
Branin-Fav,MFGP,59,12.7,0.0090199620446708
Branin-Fav,MFGP,59,12.8,0.0090199620446708
Branin-Fav,MFGP,59,12.9,0.0090199620446708
Branin-Fav,MFGP,59,13.0,0.0090199620446708
Branin-Fav,MFGP,59,13.1,0.0090199620446708
Branin-Fav,MFGP,59,13.2,0.0090199620446708
Branin-Fav,MFGP,59,13.3,0.0090199620446708
Branin-Fav,MFGP,59,13.4,0.0090199620446708
Branin-Fav,MFGP,59,13.5,0.0090199620446708
Branin-Fav,MFGP,59,14.5,0.0090199620446708
Branin-Fav,MFGP,59,14.6,0.0090199620446708
Branin-Fav,MFGP,59,14.7,0.0090199620446708
Branin-Fav,MFGP,59,14.8,0.0090199620446708
Branin-Fav,MFGP,59,14.9,0.0090199620446708
Branin-Fav,MFGP,59,15.0,0.0090199620446708
Branin-Fav,MFGP,59,15.1,0.0090199620446708
Branin-Fav,MFGP,59,15.2,0.0090199620446708
Branin-Fav,MFGP,59,15.3,0.0090199620446708
Branin-Fav,MFGP,59,15.4,0.0090199620446708
Branin-Fav,MFGP,59,15.5,0.0090199620446708
Branin-Fav,MFGP,59,16.5,0.0090199620446708
Branin-Fav,MFGP,59,16.6,0.0090199620446708
Branin-Fav,MFGP,59,16.7,0.0090199620446708
Branin-Fav,MFGP,59,16.8,0.0090199620446708
Branin-Fav,MFGP,59,16.9,0.0090199620446708
Branin-Fav,MFGP,59,17.0,0.0090199620446708
Branin-Fav,MFGP,59,17.1,0.0090199620446708
Branin-Fav,MFGP,59,17.2,0.0090199620446708
Branin-Fav,MFGP,59,17.3,0.0090199620446708
Branin-Fav,MFGP,59,17.4,0.0090199620446708
Branin-Fav,MFGP,59,17.5,0.0090199620446708
Branin-Fav,MFGP,59,18.5,0.0090199620446708
Branin-Fav,MFGP,59,18.6,0.0090199620446708
Branin-Fav,MFGP,59,18.7,0.0090199620446708
Branin-Fav,MFGP,59,18.8,0.0090199620446708
Branin-Fav,MFGP,59,18.9,0.0090199620446708
Branin-Fav,MFGP,59,19.0,0.0090199620446708
Branin-Fav,MFGP,59,19.1,0.0090199620446708
Branin-Fav,MFGP,59,19.2,0.0090199620446708
Branin-Fav,MFGP,59,19.3,0.0090199620446708
Branin-Fav,MFGP,59,19.4,0.0090199620446708
Branin-Fav,MFGP,59,19.5,0.0090199620446708
Branin-Fav,MFGP,59,20.5,0.0090199620446708
Branin-Fav,MFGP,59,20.6,0.0090199620446708
Branin-Fav,MFGP,59,20.7,0.0090199620446708
Branin-Fav,MFGP,59,20.8,0.0090199620446708
Branin-Fav,MFGP,59,20.9,0.0090199620446708
Branin-Fav,MFGP,59,21.0,0.0090199620446708
Branin-Fav,MFGP,59,21.1,0.0090199620446708
Branin-Fav,MFGP,59,21.2,0.0090199620446708
Branin-Fav,MFGP,59,21.3,0.0090199620446708
Branin-Fav,MFGP,59,21.4,0.0090199620446708
Branin-Fav,MFGP,59,21.5,0.0090199620446708
Branin-Fav,MFGP,59,22.5,0.0090199620446708
Branin-Fav,MFGP,59,22.6,0.0090199620446708
Branin-Fav,MFGP,59,22.7,0.0090199620446708
Branin-Fav,MFGP,59,22.8,0.0090199620446708
Branin-Fav,MFGP,59,22.9,0.0090199620446708
Branin-Fav,MFGP,59,23.0,0.0090199620446708
Branin-Fav,MFGP,59,23.1,0.0090199620446708
Branin-Fav,MFGP,59,23.2,0.0090199620446708
Branin-Fav,MFGP,59,23.3,0.0090199620446708
Branin-Fav,MFGP,59,23.4,0.0090199620446708
Branin-Fav,MFGP,59,23.5,0.0090199620446708
Branin-Fav,MFGP,59,24.5,0.0090199620446708
Branin-Fav,MFGP,59,24.6,0.0090199620446708
Branin-Fav,MFGP,59,24.7,0.0090199620446708
Branin-Fav,MFGP,59,24.8,0.0090199620446708
Branin-Fav,MFGP,59,24.9,0.0090199620446708
Branin-Fav,MFGP,59,25.0,0.0090199620446708
Branin-Fav,MFGP,59,25.1,0.0090199620446708
Branin-Fav,MFGP,59,25.2,0.0090199620446708
Branin-Fav,MFGP,59,25.3,0.0090199620446708
Branin-Fav,MFGP,59,25.4,0.0090199620446708
Branin-Fav,MFGP,59,25.5,0.0090199620446708
Branin-Fav,MFGP,59,26.5,0.0090199620446708
Branin-Fav,MFGP,59,26.6,0.0090199620446708
Branin-Fav,MFGP,59,26.7,0.0090199620446708
Branin-Fav,MFGP,59,26.8,0.0090199620446708
Branin-Fav,MFGP,59,26.9,0.0090199620446708
Branin-Fav,MFGP,59,27.0,0.0090199620446708
Branin-Fav,MFGP,59,27.1,0.0090199620446708
Branin-Fav,MFGP,59,27.2,0.0090199620446708
Branin-Fav,MFGP,59,27.3,0.0090199620446708
Branin-Fav,MFGP,59,27.4,0.0090199620446708
Branin-Fav,MFGP,59,27.5,0.0090199620446708
Branin-Fav,MFGP,59,28.5,0.0090199620446708
Branin-Fav,MFGP,59,28.6,0.0090199620446708
Branin-Fav,MFGP,59,28.7,0.0090199620446708
Branin-Fav,MFGP,59,28.8,0.0090199620446708
Branin-Fav,MFGP,59,28.9,0.0090199620446708
Branin-Fav,MFGP,59,29.0,0.0090199620446708
Branin-Fav,MFGP,59,29.1,0.0090199620446708
Branin-Fav,MFGP,59,29.2,0.0090199620446708
Branin-Fav,MFGP,59,29.3,0.0090199620446708
Branin-Fav,MFGP,59,29.4,0.0090199620446708
Branin-Fav,MFGP,59,29.5,0.0090199620446708
Branin-Fav,MFGP,59,30.5,0.0090199620446708
Branin-Fav,MFGP,59,30.6,0.0090199620446708
Branin-Fav,MFGP,59,30.7,0.0090199620446708
Branin-Fav,MFGP,59,30.8,0.0090199620446708
Branin-Fav,MFGP,59,30.9,0.0090199620446708
Branin-Fav,MFGP,59,31.0,0.0090199620446708
Branin-Fav,MFGP,59,31.1,0.0090199620446708
Branin-Fav,MFGP,59,31.2,0.0090199620446708
Branin-Fav,MFGP,59,31.3,0.0090199620446708
Branin-Fav,MFGP,59,31.4,0.0090199620446708
Branin-Fav,MFGP,59,31.5,0.0090199620446708
Branin-Fav,MFGP,59,32.5,0.0090199620446708
Branin-Fav,MFGP,59,32.6,0.0090199620446708
Branin-Fav,MFGP,59,32.7,0.0090199620446708
Branin-Fav,MFGP,59,32.8,0.0090199620446708
Branin-Fav,MFGP,59,32.9,0.0090199620446708
Branin-Fav,MFGP,59,33.0,0.0090199620446708
Branin-Fav,MFGP,59,33.1,0.0090199620446708
Branin-Fav,MFGP,59,33.2,0.0090199620446708
Branin-Fav,MFGP,59,33.3,0.0090199620446708
Branin-Fav,MFGP,59,33.4,0.0090199620446708
Branin-Fav,MFGP,59,33.5,0.0090199620446708
Branin-Fav,MFGP,59,34.5,0.0090199620446708
Branin-Fav,MFGP,59,34.6,0.0090199620446708
Branin-Fav,MFGP,59,34.7,0.0090199620446708
Branin-Fav,MFGP,59,34.8,0.0090199620446708
Branin-Fav,MFGP,59,34.9,0.0090199620446708
Branin-Fav,MFGP,59,35.0,0.0090199620446708
Branin-Fav,MFGP,59,35.1,0.0090199620446708
Branin-Fav,MFGP,59,35.2,0.0090199620446708
Branin-Fav,MFGP,59,35.3,0.0090199620446708
Branin-Fav,MFGP,59,35.4,0.0090199620446708
Branin-Fav,MFGP,59,35.5,0.0090199620446708
Branin-Fav,MFGP,59,36.5,0.0090199620446708
Branin-Fav,MFGP,59,36.6,0.0090199620446708
Branin-Fav,MFGP,59,36.7,0.0090199620446708
Branin-Fav,MFGP,59,36.8,0.0090199620446708
Branin-Fav,MFGP,59,36.9,0.0090199620446708
Branin-Fav,MFGP,59,37.0,0.0090199620446708
Branin-Fav,MFGP,59,37.1,0.0090199620446708
Branin-Fav,MFGP,59,37.2,0.0090199620446708
Branin-Fav,MFGP,59,37.3,0.0090199620446708
Branin-Fav,MFGP,59,37.4,0.0090199620446708
Branin-Fav,MFGP,59,37.5,0.0090199620446708
Branin-Fav,MFGP,59,38.5,0.0090199620446708
Branin-Fav,MFGP,59,38.6,0.0090199620446708
Branin-Fav,MFGP,59,38.7,0.0090199620446708
Branin-Fav,MFGP,59,38.8,0.0090199620446708
Branin-Fav,MFGP,59,38.9,0.0090199620446708
Branin-Fav,MFGP,59,39.0,0.0090199620446708
Branin-Fav,MFGP,59,39.1,0.0090199620446708
Branin-Fav,MFGP,59,39.2,0.0090199620446708
Branin-Fav,MFGP,59,39.3,0.0090199620446708
Branin-Fav,MFGP,59,39.4,0.0090199620446708
Branin-Fav,MFGP,59,39.5,0.0090199620446708
Branin-Fav,MFGP,59,40.5,0.0090199620446708
Branin-Fav,MFGP,59,40.6,0.0090199620446708
Branin-Fav,MFGP,59,40.7,0.0090199620446708
Branin-Fav,MFGP,59,40.8,0.0090199620446708
Branin-Fav,MFGP,59,40.9,0.0090199620446708
Branin-Fav,MFGP,59,41.0,0.0090199620446708
Branin-Fav,MFGP,59,41.1,0.0090199620446708
Branin-Fav,MFGP,59,41.2,0.0090199620446708
Branin-Fav,MFGP,59,41.3,0.0090199620446708
Branin-Fav,MFGP,59,41.4,0.0090199620446708
Branin-Fav,MFGP,59,41.5,0.0090199620446708
Branin-Fav,MFGP,59,42.5,0.0090199620446708
Branin-Fav,MFGP,59,42.6,0.0090199620446708
Branin-Fav,MFGP,59,42.7,0.0090199620446708
Branin-Fav,MFGP,59,42.8,0.0090199620446708
Branin-Fav,MFGP,59,42.9,0.0090199620446708
Branin-Fav,MFGP,59,43.0,0.0090199620446708
Branin-Fav,MFGP,59,43.1,0.0090199620446708
Branin-Fav,MFGP,59,43.2,0.0090199620446708
Branin-Fav,MFGP,59,43.3,0.0090199620446708
Branin-Fav,MFGP,59,43.4,0.0090199620446708
Branin-Fav,MFGP,59,43.5,0.0090199620446708
Branin-Fav,MFGP,59,44.5,0.0090199620446708
Branin-Fav,MFGP,59,44.6,0.0090199620446708
Branin-Fav,MFGP,59,44.7,0.0090199620446708
Branin-Fav,MFGP,59,44.8,0.0090199620446708
Branin-Fav,MFGP,59,44.9,0.0090199620446708
Branin-Fav,MFGP,59,45.0,0.0090199620446708
Branin-Fav,MFGP,59,45.1,0.0090199620446708
Branin-Fav,MFGP,59,45.2,0.0090199620446708
Branin-Fav,MFGP,59,45.3,0.0090199620446708
Branin-Fav,MFGP,59,45.4,0.0090199620446708
Branin-Fav,MFGP,59,45.5,0.0090199620446708
Branin-Fav,MFGP,59,46.5,0.0090199620446708
Branin-Fav,MFGP,59,46.6,0.0090199620446708
Branin-Fav,MFGP,59,46.7,0.0090199620446708
Branin-Fav,MFGP,59,46.8,0.0090199620446708
Branin-Fav,MFGP,59,46.9,0.0090199620446708
Branin-Fav,MFGP,59,47.0,0.0090199620446708
Branin-Fav,MFGP,59,47.1,0.0090199620446708
Branin-Fav,MFGP,59,47.2,0.0090199620446708
Branin-Fav,MFGP,59,47.3,0.0090199620446708
Branin-Fav,MFGP,59,47.4,0.0090199620446708
Branin-Fav,MFGP,59,47.5,0.0090199620446708
Branin-Fav,MFGP,59,48.5,0.0090199620446708
Branin-Fav,MFGP,59,48.6,0.0090199620446708
Branin-Fav,MFGP,59,48.7,0.0090199620446708
Branin-Fav,MFGP,59,48.8,0.0090199620446708
Branin-Fav,MFGP,59,48.9,0.0090199620446708
Branin-Fav,MFGP,59,49.0,0.0090199620446708
Branin-Fav,MFGP,59,49.1,0.0090199620446708
Branin-Fav,MFGP,59,49.2,0.0090199620446708
Branin-Fav,MFGP,59,49.3,0.0090199620446708
Branin-Fav,MFGP,59,49.4,0.0090199620446708
Branin-Fav,MFGP,59,49.5,0.0090199620446708
Branin-Fav,MFGP,59,49.6,0.0090199620446708
Branin-Fav,MFGP,59,49.7,0.0090199620446708
Branin-Fav,MFGP,59,49.8,0.0090199620446708
Branin-Fav,MFGP,59,49.9,0.0090199620446708
Branin-Fav,MFGP,60,4.5,58.361744612787206
Branin-Fav,MFGP,60,4.6,58.361744612787206
Branin-Fav,MFGP,60,4.7,58.361744612787206
Branin-Fav,MFGP,60,4.8,58.361744612787206
Branin-Fav,MFGP,60,4.9,58.361744612787206
Branin-Fav,MFGP,60,5.0,58.361744612787206
Branin-Fav,MFGP,60,5.1,58.361744612787206
Branin-Fav,MFGP,60,5.2,58.361744612787206
Branin-Fav,MFGP,60,5.3,58.361744612787206
Branin-Fav,MFGP,60,5.4,58.361744612787206
Branin-Fav,MFGP,60,5.5,58.361744612787206
Branin-Fav,MFGP,60,6.5,3.1266910900349068
Branin-Fav,MFGP,60,6.6,3.1266910900349068
Branin-Fav,MFGP,60,6.7,3.1266910900349068
Branin-Fav,MFGP,60,6.8,3.1266910900349068
Branin-Fav,MFGP,60,6.9,3.1266910900349068
Branin-Fav,MFGP,60,7.0,3.1266910900349068
Branin-Fav,MFGP,60,7.1,3.1266910900349068
Branin-Fav,MFGP,60,7.2,3.1266910900349068
Branin-Fav,MFGP,60,7.3,3.1266910900349068
Branin-Fav,MFGP,60,7.4,3.1266910900349068
Branin-Fav,MFGP,60,7.5,3.1266910900349068
Branin-Fav,MFGP,60,8.5,3.1266910900349068
Branin-Fav,MFGP,60,8.6,3.1266910900349068
Branin-Fav,MFGP,60,8.7,3.1266910900349068
Branin-Fav,MFGP,60,8.8,3.1266910900349068
Branin-Fav,MFGP,60,8.9,3.1266910900349068
Branin-Fav,MFGP,60,9.0,3.1266910900349068
Branin-Fav,MFGP,60,9.1,3.1266910900349068
Branin-Fav,MFGP,60,9.2,3.1266910900349068
Branin-Fav,MFGP,60,9.3,3.1266910900349068
Branin-Fav,MFGP,60,9.4,3.1266910900349068
Branin-Fav,MFGP,60,9.5,3.1266910900349068
Branin-Fav,MFGP,60,10.5,0.7993584558967805
Branin-Fav,MFGP,60,10.6,0.7993584558967805
Branin-Fav,MFGP,60,10.7,0.7993584558967805
Branin-Fav,MFGP,60,10.8,0.7993584558967805
Branin-Fav,MFGP,60,10.9,0.7993584558967805
Branin-Fav,MFGP,60,11.0,0.7993584558967805
Branin-Fav,MFGP,60,11.1,0.7993584558967805
Branin-Fav,MFGP,60,11.2,0.7993584558967805
Branin-Fav,MFGP,60,11.3,0.7993584558967805
Branin-Fav,MFGP,60,11.4,0.7993584558967805
Branin-Fav,MFGP,60,11.5,0.7993584558967805
Branin-Fav,MFGP,60,12.5,0.1454692827993885
Branin-Fav,MFGP,60,12.6,0.1454692827993885
Branin-Fav,MFGP,60,12.7,0.1454692827993885
Branin-Fav,MFGP,60,12.8,0.1454692827993885
Branin-Fav,MFGP,60,12.9,0.1454692827993885
Branin-Fav,MFGP,60,13.0,0.1454692827993885
Branin-Fav,MFGP,60,13.1,0.1454692827993885
Branin-Fav,MFGP,60,13.2,0.1454692827993885
Branin-Fav,MFGP,60,13.3,0.1454692827993885
Branin-Fav,MFGP,60,13.4,0.1454692827993885
Branin-Fav,MFGP,60,13.5,0.1454692827993885
Branin-Fav,MFGP,60,14.5,0.1454692827993885
Branin-Fav,MFGP,60,14.6,0.1454692827993885
Branin-Fav,MFGP,60,14.7,0.1454692827993885
Branin-Fav,MFGP,60,14.8,0.1454692827993885
Branin-Fav,MFGP,60,14.9,0.1454692827993885
Branin-Fav,MFGP,60,15.0,0.1454692827993885
Branin-Fav,MFGP,60,15.1,0.1454692827993885
Branin-Fav,MFGP,60,15.2,0.1454692827993885
Branin-Fav,MFGP,60,15.3,0.1454692827993885
Branin-Fav,MFGP,60,15.4,0.1454692827993885
Branin-Fav,MFGP,60,15.5,0.1454692827993885
Branin-Fav,MFGP,60,16.5,0.1454692827993885
Branin-Fav,MFGP,60,16.6,0.1454692827993885
Branin-Fav,MFGP,60,16.7,0.1454692827993885
Branin-Fav,MFGP,60,16.8,0.1454692827993885
Branin-Fav,MFGP,60,16.9,0.1454692827993885
Branin-Fav,MFGP,60,17.0,0.1454692827993885
Branin-Fav,MFGP,60,17.1,0.1454692827993885
Branin-Fav,MFGP,60,17.2,0.1454692827993885
Branin-Fav,MFGP,60,17.3,0.1454692827993885
Branin-Fav,MFGP,60,17.4,0.1454692827993885
Branin-Fav,MFGP,60,17.5,0.1454692827993885
Branin-Fav,MFGP,60,18.5,0.1454692827993885
Branin-Fav,MFGP,60,18.6,0.1454692827993885
Branin-Fav,MFGP,60,18.7,0.1454692827993885
Branin-Fav,MFGP,60,18.8,0.1454692827993885
Branin-Fav,MFGP,60,18.9,0.1454692827993885
Branin-Fav,MFGP,60,19.0,0.1454692827993885
Branin-Fav,MFGP,60,19.1,0.1454692827993885
Branin-Fav,MFGP,60,19.2,0.1454692827993885
Branin-Fav,MFGP,60,19.3,0.1454692827993885
Branin-Fav,MFGP,60,19.4,0.1454692827993885
Branin-Fav,MFGP,60,19.5,0.1454692827993885
Branin-Fav,MFGP,60,20.5,0.1454692827993885
Branin-Fav,MFGP,60,20.6,0.1454692827993885
Branin-Fav,MFGP,60,20.7,0.1454692827993885
Branin-Fav,MFGP,60,20.8,0.1454692827993885
Branin-Fav,MFGP,60,20.9,0.1454692827993885
Branin-Fav,MFGP,60,21.0,0.1454692827993885
Branin-Fav,MFGP,60,21.1,0.1454692827993885
Branin-Fav,MFGP,60,21.2,0.1454692827993885
Branin-Fav,MFGP,60,21.3,0.1454692827993885
Branin-Fav,MFGP,60,21.4,0.1454692827993885
Branin-Fav,MFGP,60,21.5,0.1454692827993885
Branin-Fav,MFGP,60,22.5,0.1454692827993885
Branin-Fav,MFGP,60,22.6,0.1454692827993885
Branin-Fav,MFGP,60,22.7,0.1454692827993885
Branin-Fav,MFGP,60,22.8,0.1454692827993885
Branin-Fav,MFGP,60,22.9,0.1454692827993885
Branin-Fav,MFGP,60,23.0,0.1454692827993885
Branin-Fav,MFGP,60,23.1,0.1454692827993885
Branin-Fav,MFGP,60,23.2,0.1454692827993885
Branin-Fav,MFGP,60,23.3,0.1454692827993885
Branin-Fav,MFGP,60,23.4,0.1454692827993885
Branin-Fav,MFGP,60,23.5,0.1454692827993885
Branin-Fav,MFGP,60,24.5,0.1454692827993885
Branin-Fav,MFGP,60,24.6,0.1454692827993885
Branin-Fav,MFGP,60,24.7,0.1454692827993885
Branin-Fav,MFGP,60,24.8,0.1454692827993885
Branin-Fav,MFGP,60,24.9,0.1454692827993885
Branin-Fav,MFGP,60,25.0,0.1454692827993885
Branin-Fav,MFGP,60,25.1,0.1454692827993885
Branin-Fav,MFGP,60,25.2,0.1454692827993885
Branin-Fav,MFGP,60,25.3,0.1454692827993885
Branin-Fav,MFGP,60,25.4,0.1454692827993885
Branin-Fav,MFGP,60,25.5,0.1454692827993885
Branin-Fav,MFGP,60,26.5,0.1454692827993885
Branin-Fav,MFGP,60,26.6,0.1454692827993885
Branin-Fav,MFGP,60,26.7,0.1454692827993885
Branin-Fav,MFGP,60,26.8,0.1454692827993885
Branin-Fav,MFGP,60,26.9,0.1454692827993885
Branin-Fav,MFGP,60,27.0,0.1454692827993885
Branin-Fav,MFGP,60,27.1,0.1454692827993885
Branin-Fav,MFGP,60,27.2,0.1454692827993885
Branin-Fav,MFGP,60,27.3,0.1454692827993885
Branin-Fav,MFGP,60,27.4,0.1454692827993885
Branin-Fav,MFGP,60,27.5,0.1454692827993885
Branin-Fav,MFGP,60,28.5,0.1454692827993885
Branin-Fav,MFGP,60,28.6,0.1454692827993885
Branin-Fav,MFGP,60,28.7,0.1454692827993885
Branin-Fav,MFGP,60,28.8,0.1454692827993885
Branin-Fav,MFGP,60,28.9,0.1454692827993885
Branin-Fav,MFGP,60,29.0,0.1454692827993885
Branin-Fav,MFGP,60,29.1,0.1454692827993885
Branin-Fav,MFGP,60,29.2,0.1454692827993885
Branin-Fav,MFGP,60,29.3,0.1454692827993885
Branin-Fav,MFGP,60,29.4,0.1454692827993885
Branin-Fav,MFGP,60,29.5,0.1454692827993885
Branin-Fav,MFGP,60,30.5,0.1454692827993885
Branin-Fav,MFGP,60,30.6,0.1454692827993885
Branin-Fav,MFGP,60,30.7,0.1454692827993885
Branin-Fav,MFGP,60,30.8,0.1454692827993885
Branin-Fav,MFGP,60,30.9,0.1454692827993885
Branin-Fav,MFGP,60,31.0,0.1454692827993885
Branin-Fav,MFGP,60,31.1,0.1454692827993885
Branin-Fav,MFGP,60,31.2,0.1454692827993885
Branin-Fav,MFGP,60,31.3,0.1454692827993885
Branin-Fav,MFGP,60,31.4,0.1454692827993885
Branin-Fav,MFGP,60,31.5,0.1454692827993885
Branin-Fav,MFGP,60,32.5,0.1454692827993885
Branin-Fav,MFGP,60,32.6,0.1454692827993885
Branin-Fav,MFGP,60,32.7,0.1454692827993885
Branin-Fav,MFGP,60,32.8,0.1454692827993885
Branin-Fav,MFGP,60,32.9,0.1454692827993885
Branin-Fav,MFGP,60,33.0,0.1454692827993885
Branin-Fav,MFGP,60,33.1,0.1454692827993885
Branin-Fav,MFGP,60,33.2,0.1454692827993885
Branin-Fav,MFGP,60,33.3,0.1454692827993885
Branin-Fav,MFGP,60,33.4,0.1454692827993885
Branin-Fav,MFGP,60,33.5,0.1454692827993885
Branin-Fav,MFGP,60,34.5,0.1454692827993885
Branin-Fav,MFGP,60,34.6,0.1454692827993885
Branin-Fav,MFGP,60,34.7,0.1454692827993885
Branin-Fav,MFGP,60,34.8,0.1454692827993885
Branin-Fav,MFGP,60,34.9,0.1454692827993885
Branin-Fav,MFGP,60,35.0,0.1454692827993885
Branin-Fav,MFGP,60,35.1,0.1454692827993885
Branin-Fav,MFGP,60,35.2,0.1454692827993885
Branin-Fav,MFGP,60,35.3,0.1454692827993885
Branin-Fav,MFGP,60,35.4,0.1454692827993885
Branin-Fav,MFGP,60,35.5,0.1454692827993885
Branin-Fav,MFGP,60,36.5,0.1454692827993885
Branin-Fav,MFGP,60,36.6,0.1454692827993885
Branin-Fav,MFGP,60,36.7,0.1454692827993885
Branin-Fav,MFGP,60,36.8,0.1454692827993885
Branin-Fav,MFGP,60,36.9,0.1454692827993885
Branin-Fav,MFGP,60,37.0,0.1454692827993885
Branin-Fav,MFGP,60,37.1,0.1454692827993885
Branin-Fav,MFGP,60,37.2,0.1454692827993885
Branin-Fav,MFGP,60,37.3,0.1454692827993885
Branin-Fav,MFGP,60,37.4,0.1454692827993885
Branin-Fav,MFGP,60,37.5,0.1454692827993885
Branin-Fav,MFGP,60,38.5,0.1454692827993885
Branin-Fav,MFGP,60,38.6,0.1454692827993885
Branin-Fav,MFGP,60,38.7,0.1454692827993885
Branin-Fav,MFGP,60,38.8,0.1454692827993885
Branin-Fav,MFGP,60,38.9,0.1454692827993885
Branin-Fav,MFGP,60,39.0,0.1454692827993885
Branin-Fav,MFGP,60,39.1,0.1454692827993885
Branin-Fav,MFGP,60,39.2,0.1454692827993885
Branin-Fav,MFGP,60,39.3,0.1454692827993885
Branin-Fav,MFGP,60,39.4,0.1454692827993885
Branin-Fav,MFGP,60,39.5,0.1454692827993885
Branin-Fav,MFGP,60,40.5,0.1454692827993885
Branin-Fav,MFGP,60,40.6,0.1454692827993885
Branin-Fav,MFGP,60,40.7,0.1454692827993885
Branin-Fav,MFGP,60,40.8,0.1454692827993885
Branin-Fav,MFGP,60,40.9,0.1454692827993885
Branin-Fav,MFGP,60,41.0,0.1454692827993885
Branin-Fav,MFGP,60,41.1,0.1454692827993885
Branin-Fav,MFGP,60,41.2,0.1454692827993885
Branin-Fav,MFGP,60,41.3,0.1454692827993885
Branin-Fav,MFGP,60,41.4,0.1454692827993885
Branin-Fav,MFGP,60,41.5,0.1454692827993885
Branin-Fav,MFGP,60,42.5,0.1454692827993885
Branin-Fav,MFGP,60,42.6,0.1454692827993885
Branin-Fav,MFGP,60,42.7,0.1454692827993885
Branin-Fav,MFGP,60,42.8,0.1454692827993885
Branin-Fav,MFGP,60,42.9,0.1454692827993885
Branin-Fav,MFGP,60,43.0,0.1454692827993885
Branin-Fav,MFGP,60,43.1,0.1454692827993885
Branin-Fav,MFGP,60,43.2,0.1454692827993885
Branin-Fav,MFGP,60,43.3,0.1454692827993885
Branin-Fav,MFGP,60,43.4,0.1454692827993885
Branin-Fav,MFGP,60,43.5,0.1454692827993885
Branin-Fav,MFGP,60,44.5,0.1454692827993885
Branin-Fav,MFGP,60,44.6,0.1454692827993885
Branin-Fav,MFGP,60,44.7,0.1454692827993885
Branin-Fav,MFGP,60,44.8,0.1454692827993885
Branin-Fav,MFGP,60,44.9,0.1454692827993885
Branin-Fav,MFGP,60,45.0,0.1454692827993885
Branin-Fav,MFGP,60,45.1,0.1454692827993885
Branin-Fav,MFGP,60,45.2,0.1454692827993885
Branin-Fav,MFGP,60,45.3,0.1454692827993885
Branin-Fav,MFGP,60,45.4,0.1454692827993885
Branin-Fav,MFGP,60,45.5,0.1454692827993885
Branin-Fav,MFGP,60,46.5,0.1454692827993885
Branin-Fav,MFGP,60,46.6,0.1454692827993885
Branin-Fav,MFGP,60,46.7,0.1454692827993885
Branin-Fav,MFGP,60,46.8,0.1454692827993885
Branin-Fav,MFGP,60,46.9,0.1454692827993885
Branin-Fav,MFGP,60,47.0,0.1454692827993885
Branin-Fav,MFGP,60,47.1,0.1454692827993885
Branin-Fav,MFGP,60,47.2,0.1454692827993885
Branin-Fav,MFGP,60,47.3,0.1454692827993885
Branin-Fav,MFGP,60,47.4,0.1454692827993885
Branin-Fav,MFGP,60,47.5,0.1454692827993885
Branin-Fav,MFGP,60,48.5,0.1454692827993885
Branin-Fav,MFGP,60,48.6,0.1454692827993885
Branin-Fav,MFGP,60,48.7,0.1454692827993885
Branin-Fav,MFGP,60,48.8,0.1454692827993885
Branin-Fav,MFGP,60,48.9,0.1454692827993885
Branin-Fav,MFGP,60,49.0,0.1454692827993885
Branin-Fav,MFGP,60,49.1,0.1454692827993885
Branin-Fav,MFGP,60,49.2,0.1454692827993885
Branin-Fav,MFGP,60,49.3,0.1454692827993885
Branin-Fav,MFGP,60,49.4,0.1454692827993885
Branin-Fav,MFGP,60,49.5,0.1454692827993885
Branin-Fav,MFGP,60,49.6,0.1454692827993885
Branin-Fav,MFGP,60,49.7,0.1454692827993885
Branin-Fav,MFGP,60,49.8,0.1454692827993885
Branin-Fav,MFGP,60,49.9,0.1454692827993885
Branin-Fav,MFGP,61,4.5,17.687640760827943
Branin-Fav,MFGP,61,4.6,17.687640760827943
Branin-Fav,MFGP,61,4.7,17.687640760827943
Branin-Fav,MFGP,61,4.8,17.687640760827943
Branin-Fav,MFGP,61,4.9,17.687640760827943
Branin-Fav,MFGP,61,5.0,17.687640760827943
Branin-Fav,MFGP,61,5.1,17.687640760827943
Branin-Fav,MFGP,61,5.2,17.687640760827943
Branin-Fav,MFGP,61,5.3,17.687640760827943
Branin-Fav,MFGP,61,5.4,17.687640760827943
Branin-Fav,MFGP,61,5.5,17.687640760827943
Branin-Fav,MFGP,61,6.5,0.5594532323979217
Branin-Fav,MFGP,61,6.6,0.5594532323979217
Branin-Fav,MFGP,61,6.7,0.5594532323979217
Branin-Fav,MFGP,61,6.8,0.5594532323979217
Branin-Fav,MFGP,61,6.9,0.5594532323979217
Branin-Fav,MFGP,61,7.0,0.5594532323979217
Branin-Fav,MFGP,61,7.1,0.5594532323979217
Branin-Fav,MFGP,61,7.2,0.5594532323979217
Branin-Fav,MFGP,61,7.3,0.5594532323979217
Branin-Fav,MFGP,61,7.4,0.5594532323979217
Branin-Fav,MFGP,61,7.5,0.5594532323979217
Branin-Fav,MFGP,61,8.5,0.5594532323979217
Branin-Fav,MFGP,61,8.6,0.5594532323979217
Branin-Fav,MFGP,61,8.7,0.5594532323979217
Branin-Fav,MFGP,61,8.8,0.5594532323979217
Branin-Fav,MFGP,61,8.9,0.5594532323979217
Branin-Fav,MFGP,61,9.0,0.5594532323979217
Branin-Fav,MFGP,61,9.1,0.5594532323979217
Branin-Fav,MFGP,61,9.2,0.5594532323979217
Branin-Fav,MFGP,61,9.3,0.5594532323979217
Branin-Fav,MFGP,61,9.4,0.5594532323979217
Branin-Fav,MFGP,61,9.5,0.5594532323979217
Branin-Fav,MFGP,61,10.5,0.1454692827993885
Branin-Fav,MFGP,61,10.6,0.1454692827993885
Branin-Fav,MFGP,61,10.7,0.1454692827993885
Branin-Fav,MFGP,61,10.8,0.1454692827993885
Branin-Fav,MFGP,61,10.9,0.1454692827993885
Branin-Fav,MFGP,61,11.0,0.1454692827993885
Branin-Fav,MFGP,61,11.1,0.1454692827993885
Branin-Fav,MFGP,61,11.2,0.1454692827993885
Branin-Fav,MFGP,61,11.3,0.1454692827993885
Branin-Fav,MFGP,61,11.4,0.1454692827993885
Branin-Fav,MFGP,61,11.5,0.1454692827993885
Branin-Fav,MFGP,61,12.5,0.1454692827993885
Branin-Fav,MFGP,61,12.6,0.1454692827993885
Branin-Fav,MFGP,61,12.7,0.1454692827993885
Branin-Fav,MFGP,61,12.8,0.1454692827993885
Branin-Fav,MFGP,61,12.9,0.1454692827993885
Branin-Fav,MFGP,61,13.0,0.1454692827993885
Branin-Fav,MFGP,61,13.1,0.1454692827993885
Branin-Fav,MFGP,61,13.2,0.1454692827993885
Branin-Fav,MFGP,61,13.3,0.1454692827993885
Branin-Fav,MFGP,61,13.4,0.1454692827993885
Branin-Fav,MFGP,61,13.5,0.1454692827993885
Branin-Fav,MFGP,61,14.5,0.1454692827993885
Branin-Fav,MFGP,61,14.6,0.1454692827993885
Branin-Fav,MFGP,61,14.7,0.1454692827993885
Branin-Fav,MFGP,61,14.8,0.1454692827993885
Branin-Fav,MFGP,61,14.9,0.1454692827993885
Branin-Fav,MFGP,61,15.0,0.1454692827993885
Branin-Fav,MFGP,61,15.1,0.1454692827993885
Branin-Fav,MFGP,61,15.2,0.1454692827993885
Branin-Fav,MFGP,61,15.3,0.1454692827993885
Branin-Fav,MFGP,61,15.4,0.1454692827993885
Branin-Fav,MFGP,61,15.5,0.1454692827993885
Branin-Fav,MFGP,61,16.5,0.1454692827993885
Branin-Fav,MFGP,61,16.6,0.1454692827993885
Branin-Fav,MFGP,61,16.7,0.1454692827993885
Branin-Fav,MFGP,61,16.8,0.1454692827993885
Branin-Fav,MFGP,61,16.9,0.1454692827993885
Branin-Fav,MFGP,61,17.0,0.1454692827993885
Branin-Fav,MFGP,61,17.1,0.1454692827993885
Branin-Fav,MFGP,61,17.2,0.1454692827993885
Branin-Fav,MFGP,61,17.3,0.1454692827993885
Branin-Fav,MFGP,61,17.4,0.1454692827993885
Branin-Fav,MFGP,61,17.5,0.1454692827993885
Branin-Fav,MFGP,61,18.5,0.1454692827993885
Branin-Fav,MFGP,61,18.6,0.1454692827993885
Branin-Fav,MFGP,61,18.7,0.1454692827993885
Branin-Fav,MFGP,61,18.8,0.1454692827993885
Branin-Fav,MFGP,61,18.9,0.1454692827993885
Branin-Fav,MFGP,61,19.0,0.1454692827993885
Branin-Fav,MFGP,61,19.1,0.1454692827993885
Branin-Fav,MFGP,61,19.2,0.1454692827993885
Branin-Fav,MFGP,61,19.3,0.1454692827993885
Branin-Fav,MFGP,61,19.4,0.1454692827993885
Branin-Fav,MFGP,61,19.5,0.1454692827993885
Branin-Fav,MFGP,61,20.5,0.1454692827993885
Branin-Fav,MFGP,61,20.6,0.1454692827993885
Branin-Fav,MFGP,61,20.7,0.1454692827993885
Branin-Fav,MFGP,61,20.8,0.1454692827993885
Branin-Fav,MFGP,61,20.9,0.1454692827993885
Branin-Fav,MFGP,61,21.0,0.1454692827993885
Branin-Fav,MFGP,61,21.1,0.1454692827993885
Branin-Fav,MFGP,61,21.2,0.1454692827993885
Branin-Fav,MFGP,61,21.3,0.1454692827993885
Branin-Fav,MFGP,61,21.4,0.1454692827993885
Branin-Fav,MFGP,61,21.5,0.1454692827993885
Branin-Fav,MFGP,61,22.5,0.1454692827993885
Branin-Fav,MFGP,61,22.6,0.1454692827993885
Branin-Fav,MFGP,61,22.7,0.1454692827993885
Branin-Fav,MFGP,61,22.8,0.1454692827993885
Branin-Fav,MFGP,61,22.9,0.1454692827993885
Branin-Fav,MFGP,61,23.0,0.1454692827993885
Branin-Fav,MFGP,61,23.1,0.1454692827993885
Branin-Fav,MFGP,61,23.2,0.1454692827993885
Branin-Fav,MFGP,61,23.3,0.1454692827993885
Branin-Fav,MFGP,61,23.4,0.1454692827993885
Branin-Fav,MFGP,61,23.5,0.1454692827993885
Branin-Fav,MFGP,61,24.5,0.103397520424047
Branin-Fav,MFGP,61,24.6,0.103397520424047
Branin-Fav,MFGP,61,24.7,0.103397520424047
Branin-Fav,MFGP,61,24.8,0.103397520424047
Branin-Fav,MFGP,61,24.9,0.103397520424047
Branin-Fav,MFGP,61,25.0,0.103397520424047
Branin-Fav,MFGP,61,25.1,0.103397520424047
Branin-Fav,MFGP,61,25.2,0.103397520424047
Branin-Fav,MFGP,61,25.3,0.103397520424047
Branin-Fav,MFGP,61,25.4,0.103397520424047
Branin-Fav,MFGP,61,25.5,0.103397520424047
Branin-Fav,MFGP,61,26.5,0.103397520424047
Branin-Fav,MFGP,61,26.6,0.103397520424047
Branin-Fav,MFGP,61,26.7,0.103397520424047
Branin-Fav,MFGP,61,26.8,0.103397520424047
Branin-Fav,MFGP,61,26.9,0.103397520424047
Branin-Fav,MFGP,61,27.0,0.103397520424047
Branin-Fav,MFGP,61,27.1,0.103397520424047
Branin-Fav,MFGP,61,27.2,0.103397520424047
Branin-Fav,MFGP,61,27.3,0.103397520424047
Branin-Fav,MFGP,61,27.4,0.103397520424047
Branin-Fav,MFGP,61,27.5,0.103397520424047
Branin-Fav,MFGP,61,28.5,0.103397520424047
Branin-Fav,MFGP,61,28.6,0.103397520424047
Branin-Fav,MFGP,61,28.7,0.103397520424047
Branin-Fav,MFGP,61,28.8,0.103397520424047
Branin-Fav,MFGP,61,28.9,0.103397520424047
Branin-Fav,MFGP,61,29.0,0.103397520424047
Branin-Fav,MFGP,61,29.1,0.103397520424047
Branin-Fav,MFGP,61,29.2,0.103397520424047
Branin-Fav,MFGP,61,29.3,0.103397520424047
Branin-Fav,MFGP,61,29.4,0.103397520424047
Branin-Fav,MFGP,61,29.5,0.103397520424047
Branin-Fav,MFGP,61,30.5,0.103397520424047
Branin-Fav,MFGP,61,30.6,0.103397520424047
Branin-Fav,MFGP,61,30.7,0.103397520424047
Branin-Fav,MFGP,61,30.8,0.103397520424047
Branin-Fav,MFGP,61,30.9,0.103397520424047
Branin-Fav,MFGP,61,31.0,0.103397520424047
Branin-Fav,MFGP,61,31.1,0.103397520424047
Branin-Fav,MFGP,61,31.2,0.103397520424047
Branin-Fav,MFGP,61,31.3,0.103397520424047
Branin-Fav,MFGP,61,31.4,0.103397520424047
Branin-Fav,MFGP,61,31.5,0.103397520424047
Branin-Fav,MFGP,61,32.5,0.103397520424047
Branin-Fav,MFGP,61,32.6,0.103397520424047
Branin-Fav,MFGP,61,32.7,0.103397520424047
Branin-Fav,MFGP,61,32.8,0.103397520424047
Branin-Fav,MFGP,61,32.9,0.103397520424047
Branin-Fav,MFGP,61,33.0,0.103397520424047
Branin-Fav,MFGP,61,33.1,0.103397520424047
Branin-Fav,MFGP,61,33.2,0.103397520424047
Branin-Fav,MFGP,61,33.3,0.103397520424047
Branin-Fav,MFGP,61,33.4,0.103397520424047
Branin-Fav,MFGP,61,33.5,0.103397520424047
Branin-Fav,MFGP,61,34.5,0.103397520424047
Branin-Fav,MFGP,61,34.6,0.103397520424047
Branin-Fav,MFGP,61,34.7,0.103397520424047
Branin-Fav,MFGP,61,34.8,0.103397520424047
Branin-Fav,MFGP,61,34.9,0.103397520424047
Branin-Fav,MFGP,61,35.0,0.103397520424047
Branin-Fav,MFGP,61,35.1,0.103397520424047
Branin-Fav,MFGP,61,35.2,0.103397520424047
Branin-Fav,MFGP,61,35.3,0.103397520424047
Branin-Fav,MFGP,61,35.4,0.103397520424047
Branin-Fav,MFGP,61,35.5,0.103397520424047
Branin-Fav,MFGP,61,36.5,0.103397520424047
Branin-Fav,MFGP,61,36.6,0.103397520424047
Branin-Fav,MFGP,61,36.7,0.103397520424047
Branin-Fav,MFGP,61,36.8,0.103397520424047
Branin-Fav,MFGP,61,36.9,0.103397520424047
Branin-Fav,MFGP,61,37.0,0.103397520424047
Branin-Fav,MFGP,61,37.1,0.103397520424047
Branin-Fav,MFGP,61,37.2,0.103397520424047
Branin-Fav,MFGP,61,37.3,0.103397520424047
Branin-Fav,MFGP,61,37.4,0.103397520424047
Branin-Fav,MFGP,61,37.5,0.103397520424047
Branin-Fav,MFGP,61,38.5,0.103397520424047
Branin-Fav,MFGP,61,38.6,0.103397520424047
Branin-Fav,MFGP,61,38.7,0.103397520424047
Branin-Fav,MFGP,61,38.8,0.103397520424047
Branin-Fav,MFGP,61,38.9,0.103397520424047
Branin-Fav,MFGP,61,39.0,0.103397520424047
Branin-Fav,MFGP,61,39.1,0.103397520424047
Branin-Fav,MFGP,61,39.2,0.103397520424047
Branin-Fav,MFGP,61,39.3,0.103397520424047
Branin-Fav,MFGP,61,39.4,0.103397520424047
Branin-Fav,MFGP,61,39.5,0.103397520424047
Branin-Fav,MFGP,61,40.5,0.103397520424047
Branin-Fav,MFGP,61,40.6,0.103397520424047
Branin-Fav,MFGP,61,40.7,0.103397520424047
Branin-Fav,MFGP,61,40.8,0.103397520424047
Branin-Fav,MFGP,61,40.9,0.103397520424047
Branin-Fav,MFGP,61,41.0,0.103397520424047
Branin-Fav,MFGP,61,41.1,0.103397520424047
Branin-Fav,MFGP,61,41.2,0.103397520424047
Branin-Fav,MFGP,61,41.3,0.103397520424047
Branin-Fav,MFGP,61,41.4,0.103397520424047
Branin-Fav,MFGP,61,41.5,0.103397520424047
Branin-Fav,MFGP,61,42.5,0.103397520424047
Branin-Fav,MFGP,61,42.6,0.103397520424047
Branin-Fav,MFGP,61,42.7,0.103397520424047
Branin-Fav,MFGP,61,42.8,0.103397520424047
Branin-Fav,MFGP,61,42.9,0.103397520424047
Branin-Fav,MFGP,61,43.0,0.103397520424047
Branin-Fav,MFGP,61,43.1,0.103397520424047
Branin-Fav,MFGP,61,43.2,0.103397520424047
Branin-Fav,MFGP,61,43.3,0.103397520424047
Branin-Fav,MFGP,61,43.4,0.103397520424047
Branin-Fav,MFGP,61,43.5,0.103397520424047
Branin-Fav,MFGP,61,44.5,0.103397520424047
Branin-Fav,MFGP,61,44.6,0.103397520424047
Branin-Fav,MFGP,61,44.7,0.103397520424047
Branin-Fav,MFGP,61,44.8,0.103397520424047
Branin-Fav,MFGP,61,44.9,0.103397520424047
Branin-Fav,MFGP,61,45.0,0.103397520424047
Branin-Fav,MFGP,61,45.1,0.103397520424047
Branin-Fav,MFGP,61,45.2,0.103397520424047
Branin-Fav,MFGP,61,45.3,0.103397520424047
Branin-Fav,MFGP,61,45.4,0.103397520424047
Branin-Fav,MFGP,61,45.5,0.103397520424047
Branin-Fav,MFGP,61,46.5,0.103397520424047
Branin-Fav,MFGP,61,46.6,0.103397520424047
Branin-Fav,MFGP,61,46.7,0.103397520424047
Branin-Fav,MFGP,61,46.8,0.103397520424047
Branin-Fav,MFGP,61,46.9,0.103397520424047
Branin-Fav,MFGP,61,47.0,0.103397520424047
Branin-Fav,MFGP,61,47.1,0.103397520424047
Branin-Fav,MFGP,61,47.2,0.103397520424047
Branin-Fav,MFGP,61,47.3,0.103397520424047
Branin-Fav,MFGP,61,47.4,0.103397520424047
Branin-Fav,MFGP,61,47.5,0.103397520424047
Branin-Fav,MFGP,61,48.5,0.103397520424047
Branin-Fav,MFGP,61,48.6,0.103397520424047
Branin-Fav,MFGP,61,48.7,0.103397520424047
Branin-Fav,MFGP,61,48.8,0.103397520424047
Branin-Fav,MFGP,61,48.9,0.103397520424047
Branin-Fav,MFGP,61,49.0,0.103397520424047
Branin-Fav,MFGP,61,49.1,0.103397520424047
Branin-Fav,MFGP,61,49.2,0.103397520424047
Branin-Fav,MFGP,61,49.3,0.103397520424047
Branin-Fav,MFGP,61,49.4,0.103397520424047
Branin-Fav,MFGP,61,49.5,0.103397520424047
Branin-Fav,MFGP,61,49.6,0.103397520424047
Branin-Fav,MFGP,61,49.7,0.103397520424047
Branin-Fav,MFGP,61,49.8,0.103397520424047
Branin-Fav,MFGP,61,49.9,0.103397520424047
Branin-Unfav,MFGP,42,4.5,17.119299079942056
Branin-Unfav,MFGP,42,5.0,17.119299079942056
Branin-Unfav,MFGP,42,5.5,17.119299079942056
Branin-Unfav,MFGP,42,6.5,2.8238627629512933
Branin-Unfav,MFGP,42,7.0,2.8238627629512933
Branin-Unfav,MFGP,42,7.5,2.8238627629512933
Branin-Unfav,MFGP,42,8.5,0.4616513166890009
Branin-Unfav,MFGP,42,9.0,0.4616513166890009
Branin-Unfav,MFGP,42,9.5,0.4616513166890009
Branin-Unfav,MFGP,42,10.5,0.1530864037518488
Branin-Unfav,MFGP,42,11.0,0.1530864037518488
Branin-Unfav,MFGP,42,11.5,0.1530864037518488
Branin-Unfav,MFGP,42,12.5,0.0090199620446708
Branin-Unfav,MFGP,42,13.0,0.0090199620446708
Branin-Unfav,MFGP,42,13.5,0.0090199620446708
Branin-Unfav,MFGP,42,14.5,0.0090199620446708
Branin-Unfav,MFGP,42,15.0,0.0090199620446708
Branin-Unfav,MFGP,42,15.5,0.0090199620446708
Branin-Unfav,MFGP,42,16.5,0.0090199620446708
Branin-Unfav,MFGP,42,17.0,0.0090199620446708
Branin-Unfav,MFGP,42,17.5,0.0090199620446708
Branin-Unfav,MFGP,42,18.5,0.0090199620446708
Branin-Unfav,MFGP,42,19.0,0.0090199620446708
Branin-Unfav,MFGP,42,19.5,0.0090199620446708
Branin-Unfav,MFGP,42,20.5,0.0090199620446708
Branin-Unfav,MFGP,42,21.0,0.0090199620446708
Branin-Unfav,MFGP,42,21.5,0.0090199620446708
Branin-Unfav,MFGP,42,22.5,0.0090199620446708
Branin-Unfav,MFGP,42,23.0,0.0090199620446708
Branin-Unfav,MFGP,42,23.5,0.0090199620446708
Branin-Unfav,MFGP,42,24.5,0.0090199620446708
Branin-Unfav,MFGP,42,25.0,0.0090199620446708
Branin-Unfav,MFGP,42,25.5,0.0090199620446708
Branin-Unfav,MFGP,42,26.5,0.0090199620446708
Branin-Unfav,MFGP,42,27.0,0.0090199620446708
Branin-Unfav,MFGP,42,27.5,0.0090199620446708
Branin-Unfav,MFGP,42,28.5,0.0090199620446708
Branin-Unfav,MFGP,42,29.0,0.0090199620446708
Branin-Unfav,MFGP,42,29.5,0.0090199620446708
Branin-Unfav,MFGP,42,30.5,0.0090199620446708
Branin-Unfav,MFGP,42,31.0,0.0090199620446708
Branin-Unfav,MFGP,42,31.5,0.0090199620446708
Branin-Unfav,MFGP,42,32.5,0.0090199620446708
Branin-Unfav,MFGP,42,33.0,0.0090199620446708
Branin-Unfav,MFGP,42,33.5,0.0090199620446708
Branin-Unfav,MFGP,42,34.5,0.0090199620446708
Branin-Unfav,MFGP,42,35.0,0.0090199620446708
Branin-Unfav,MFGP,42,35.5,0.0090199620446708
Branin-Unfav,MFGP,42,36.5,0.0090199620446708
Branin-Unfav,MFGP,42,37.0,0.0090199620446708
Branin-Unfav,MFGP,42,37.5,0.0090199620446708
Branin-Unfav,MFGP,42,38.5,0.0090199620446708
Branin-Unfav,MFGP,42,39.0,0.0090199620446708
Branin-Unfav,MFGP,42,39.5,0.0090199620446708
Branin-Unfav,MFGP,42,40.5,0.0090199620446708
Branin-Unfav,MFGP,42,41.0,0.0090199620446708
Branin-Unfav,MFGP,42,41.5,0.0090199620446708
Branin-Unfav,MFGP,42,42.5,0.0090199620446708
Branin-Unfav,MFGP,42,43.0,0.0090199620446708
Branin-Unfav,MFGP,42,43.5,0.0090199620446708
Branin-Unfav,MFGP,42,44.5,0.0090199620446708
Branin-Unfav,MFGP,42,45.0,0.0090199620446708
Branin-Unfav,MFGP,42,45.5,0.0090199620446708
Branin-Unfav,MFGP,42,46.5,0.0090199620446708
Branin-Unfav,MFGP,42,47.0,0.0090199620446708
Branin-Unfav,MFGP,42,47.5,0.0090199620446708
Branin-Unfav,MFGP,42,48.5,0.0090199620446708
Branin-Unfav,MFGP,42,49.0,0.0090199620446708
Branin-Unfav,MFGP,42,49.5,0.0090199620446708
Branin-Unfav,MFGP,42,50.0,0.0090199620446708
Branin-Unfav,MFGP,43,4.5,44.42973741475589
Branin-Unfav,MFGP,43,5.0,44.42973741475589
Branin-Unfav,MFGP,43,5.5,44.42973741475589
Branin-Unfav,MFGP,43,6.5,0.5013145474907049
Branin-Unfav,MFGP,43,7.0,0.5013145474907049
Branin-Unfav,MFGP,43,7.5,0.5013145474907049
Branin-Unfav,MFGP,43,8.5,0.4957385635524581
Branin-Unfav,MFGP,43,9.0,0.4957385635524581
Branin-Unfav,MFGP,43,9.5,0.4957385635524581
Branin-Unfav,MFGP,43,10.5,0.4957385635524581
Branin-Unfav,MFGP,43,11.0,0.4957385635524581
Branin-Unfav,MFGP,43,11.5,0.4957385635524581
Branin-Unfav,MFGP,43,12.5,0.1600559232407591
Branin-Unfav,MFGP,43,13.0,0.1600559232407591
Branin-Unfav,MFGP,43,13.5,0.1600559232407591
Branin-Unfav,MFGP,43,14.5,0.1600559232407591
Branin-Unfav,MFGP,43,15.0,0.1600559232407591
Branin-Unfav,MFGP,43,15.5,0.1600559232407591
Branin-Unfav,MFGP,43,16.5,0.1600559232407591
Branin-Unfav,MFGP,43,17.0,0.1600559232407591
Branin-Unfav,MFGP,43,17.5,0.1600559232407591
Branin-Unfav,MFGP,43,18.5,0.1600559232407591
Branin-Unfav,MFGP,43,19.0,0.1600559232407591
Branin-Unfav,MFGP,43,19.5,0.1600559232407591
Branin-Unfav,MFGP,43,20.5,0.1600559232407591
Branin-Unfav,MFGP,43,21.0,0.1600559232407591
Branin-Unfav,MFGP,43,21.5,0.1600559232407591
Branin-Unfav,MFGP,43,22.5,0.1600559232407591
Branin-Unfav,MFGP,43,23.0,0.1600559232407591
Branin-Unfav,MFGP,43,23.5,0.1600559232407591
Branin-Unfav,MFGP,43,24.5,0.1600559232407591
Branin-Unfav,MFGP,43,25.0,0.1600559232407591
Branin-Unfav,MFGP,43,25.5,0.1600559232407591
Branin-Unfav,MFGP,43,26.5,0.1600559232407591
Branin-Unfav,MFGP,43,27.0,0.1600559232407591
Branin-Unfav,MFGP,43,27.5,0.1600559232407591
Branin-Unfav,MFGP,43,28.5,0.1600559232407591
Branin-Unfav,MFGP,43,29.0,0.1600559232407591
Branin-Unfav,MFGP,43,29.5,0.1600559232407591
Branin-Unfav,MFGP,43,30.5,0.1600559232407591
Branin-Unfav,MFGP,43,31.0,0.1600559232407591
Branin-Unfav,MFGP,43,31.5,0.1600559232407591
Branin-Unfav,MFGP,43,32.5,0.1600559232407591
Branin-Unfav,MFGP,43,33.0,0.1600559232407591
Branin-Unfav,MFGP,43,33.5,0.1600559232407591
Branin-Unfav,MFGP,43,34.5,0.1600559232407591
Branin-Unfav,MFGP,43,35.0,0.1600559232407591
Branin-Unfav,MFGP,43,35.5,0.1600559232407591
Branin-Unfav,MFGP,43,36.5,0.1600559232407591
Branin-Unfav,MFGP,43,37.0,0.1600559232407591
Branin-Unfav,MFGP,43,37.5,0.1600559232407591
Branin-Unfav,MFGP,43,38.5,0.1600559232407591
Branin-Unfav,MFGP,43,39.0,0.1600559232407591
Branin-Unfav,MFGP,43,39.5,0.1600559232407591
Branin-Unfav,MFGP,43,40.5,0.1600559232407591
Branin-Unfav,MFGP,43,41.0,0.1600559232407591
Branin-Unfav,MFGP,43,41.5,0.1600559232407591
Branin-Unfav,MFGP,43,42.5,0.1600559232407591
Branin-Unfav,MFGP,43,43.0,0.1600559232407591
Branin-Unfav,MFGP,43,43.5,0.1600559232407591
Branin-Unfav,MFGP,43,44.5,0.1600559232407591
Branin-Unfav,MFGP,43,45.0,0.1600559232407591
Branin-Unfav,MFGP,43,45.5,0.1600559232407591
Branin-Unfav,MFGP,43,46.5,0.1600559232407591
Branin-Unfav,MFGP,43,47.0,0.1600559232407591
Branin-Unfav,MFGP,43,47.5,0.1600559232407591
Branin-Unfav,MFGP,43,48.5,0.1600559232407591
Branin-Unfav,MFGP,43,49.0,0.1600559232407591
Branin-Unfav,MFGP,43,49.5,0.1600559232407591
Branin-Unfav,MFGP,43,50.0,0.1600559232407591
Branin-Unfav,MFGP,44,4.5,2.8238627629512933
Branin-Unfav,MFGP,44,5.0,2.8238627629512933
Branin-Unfav,MFGP,44,5.5,2.8238627629512933
Branin-Unfav,MFGP,44,6.5,0.2705594724235735
Branin-Unfav,MFGP,44,7.0,0.2705594724235735
Branin-Unfav,MFGP,44,7.5,0.2705594724235735
Branin-Unfav,MFGP,44,8.5,0.2705594724235735
Branin-Unfav,MFGP,44,9.0,0.2705594724235735
Branin-Unfav,MFGP,44,9.5,0.2705594724235735
Branin-Unfav,MFGP,44,10.5,0.2705594724235735
Branin-Unfav,MFGP,44,11.0,0.2705594724235735
Branin-Unfav,MFGP,44,11.5,0.2705594724235735
Branin-Unfav,MFGP,44,12.5,0.2705594724235735
Branin-Unfav,MFGP,44,13.0,0.2705594724235735
Branin-Unfav,MFGP,44,13.5,0.2705594724235735
Branin-Unfav,MFGP,44,14.5,0.2705594724235735
Branin-Unfav,MFGP,44,15.0,0.2705594724235735
Branin-Unfav,MFGP,44,15.5,0.2705594724235735
Branin-Unfav,MFGP,44,16.5,0.2705594724235735
Branin-Unfav,MFGP,44,17.0,0.2705594724235735
Branin-Unfav,MFGP,44,17.5,0.2705594724235735
Branin-Unfav,MFGP,44,18.5,0.2705594724235735
Branin-Unfav,MFGP,44,19.0,0.2705594724235735
Branin-Unfav,MFGP,44,19.5,0.2705594724235735
Branin-Unfav,MFGP,44,20.5,0.2705594724235735
Branin-Unfav,MFGP,44,21.0,0.2705594724235735
Branin-Unfav,MFGP,44,21.5,0.2705594724235735
Branin-Unfav,MFGP,44,22.5,0.2705594724235735
Branin-Unfav,MFGP,44,23.0,0.2705594724235735
Branin-Unfav,MFGP,44,23.5,0.2705594724235735
Branin-Unfav,MFGP,44,24.5,0.2705594724235735
Branin-Unfav,MFGP,44,25.0,0.2705594724235735
Branin-Unfav,MFGP,44,25.5,0.2705594724235735
Branin-Unfav,MFGP,44,26.5,0.2705594724235735
Branin-Unfav,MFGP,44,27.0,0.2705594724235735
Branin-Unfav,MFGP,44,27.5,0.2705594724235735
Branin-Unfav,MFGP,44,28.5,0.2705594724235735
Branin-Unfav,MFGP,44,29.0,0.2705594724235735
Branin-Unfav,MFGP,44,29.5,0.2705594724235735
Branin-Unfav,MFGP,44,30.5,0.1530864037518488
Branin-Unfav,MFGP,44,31.0,0.1530864037518488
Branin-Unfav,MFGP,44,31.5,0.1530864037518488
Branin-Unfav,MFGP,44,32.5,0.1530864037518488
Branin-Unfav,MFGP,44,33.0,0.1530864037518488
Branin-Unfav,MFGP,44,33.5,0.1530864037518488
Branin-Unfav,MFGP,44,34.5,0.1530864037518488
Branin-Unfav,MFGP,44,35.0,0.1530864037518488
Branin-Unfav,MFGP,44,35.5,0.1530864037518488
Branin-Unfav,MFGP,44,36.5,0.1530864037518488
Branin-Unfav,MFGP,44,37.0,0.1530864037518488
Branin-Unfav,MFGP,44,37.5,0.1530864037518488
Branin-Unfav,MFGP,44,38.5,0.1530864037518488
Branin-Unfav,MFGP,44,39.0,0.1530864037518488
Branin-Unfav,MFGP,44,39.5,0.1530864037518488
Branin-Unfav,MFGP,44,40.5,0.1530864037518488
Branin-Unfav,MFGP,44,41.0,0.1530864037518488
Branin-Unfav,MFGP,44,41.5,0.1530864037518488
Branin-Unfav,MFGP,44,42.5,0.1530864037518488
Branin-Unfav,MFGP,44,43.0,0.1530864037518488
Branin-Unfav,MFGP,44,43.5,0.1530864037518488
Branin-Unfav,MFGP,44,44.5,0.1530864037518488
Branin-Unfav,MFGP,44,45.0,0.1530864037518488
Branin-Unfav,MFGP,44,45.5,0.1530864037518488
Branin-Unfav,MFGP,44,46.5,0.1530864037518488
Branin-Unfav,MFGP,44,47.0,0.1530864037518488
Branin-Unfav,MFGP,44,47.5,0.1530864037518488
Branin-Unfav,MFGP,44,48.5,0.1530864037518488
Branin-Unfav,MFGP,44,49.0,0.1530864037518488
Branin-Unfav,MFGP,44,49.5,0.1530864037518488
Branin-Unfav,MFGP,44,50.0,0.1530864037518488
Branin-Unfav,MFGP,45,4.5,10.877844767232675
Branin-Unfav,MFGP,45,5.0,10.877844767232675
Branin-Unfav,MFGP,45,5.5,10.877844767232675
Branin-Unfav,MFGP,45,6.5,6.298148556962155
Branin-Unfav,MFGP,45,7.0,6.298148556962155
Branin-Unfav,MFGP,45,7.5,6.298148556962155
Branin-Unfav,MFGP,45,8.5,4.6905868665583785
Branin-Unfav,MFGP,45,9.0,4.6905868665583785
Branin-Unfav,MFGP,45,9.5,4.6905868665583785
Branin-Unfav,MFGP,45,10.5,3.617232591877631
Branin-Unfav,MFGP,45,11.0,3.617232591877631
Branin-Unfav,MFGP,45,11.5,3.617232591877631
Branin-Unfav,MFGP,45,12.5,1.8107413453279493
Branin-Unfav,MFGP,45,13.0,1.8107413453279493
Branin-Unfav,MFGP,45,13.5,1.8107413453279493
Branin-Unfav,MFGP,45,14.5,0.723926085363458
Branin-Unfav,MFGP,45,15.0,0.723926085363458
Branin-Unfav,MFGP,45,15.5,0.723926085363458
Branin-Unfav,MFGP,45,16.5,0.1530864037518488
Branin-Unfav,MFGP,45,17.0,0.1530864037518488
Branin-Unfav,MFGP,45,17.5,0.1530864037518488
Branin-Unfav,MFGP,45,18.5,0.1530864037518488
Branin-Unfav,MFGP,45,19.0,0.1530864037518488
Branin-Unfav,MFGP,45,19.5,0.1530864037518488
Branin-Unfav,MFGP,45,20.5,0.1530864037518488
Branin-Unfav,MFGP,45,21.0,0.1530864037518488
Branin-Unfav,MFGP,45,21.5,0.1530864037518488
Branin-Unfav,MFGP,45,22.5,0.1530864037518488
Branin-Unfav,MFGP,45,23.0,0.1530864037518488
Branin-Unfav,MFGP,45,23.5,0.1530864037518488
Branin-Unfav,MFGP,45,24.5,0.1530864037518488
Branin-Unfav,MFGP,45,25.0,0.1530864037518488
Branin-Unfav,MFGP,45,25.5,0.1530864037518488
Branin-Unfav,MFGP,45,26.5,0.1530864037518488
Branin-Unfav,MFGP,45,27.0,0.1530864037518488
Branin-Unfav,MFGP,45,27.5,0.1530864037518488
Branin-Unfav,MFGP,45,28.5,0.1530864037518488
Branin-Unfav,MFGP,45,29.0,0.1530864037518488
Branin-Unfav,MFGP,45,29.5,0.1530864037518488
Branin-Unfav,MFGP,45,30.5,0.1530864037518488
Branin-Unfav,MFGP,45,31.0,0.1530864037518488
Branin-Unfav,MFGP,45,31.5,0.1530864037518488
Branin-Unfav,MFGP,45,32.5,0.1530864037518488
Branin-Unfav,MFGP,45,33.0,0.1530864037518488
Branin-Unfav,MFGP,45,33.5,0.1530864037518488
Branin-Unfav,MFGP,45,34.5,0.1530864037518488
Branin-Unfav,MFGP,45,35.0,0.1530864037518488
Branin-Unfav,MFGP,45,35.5,0.1530864037518488
Branin-Unfav,MFGP,45,36.5,0.1530864037518488
Branin-Unfav,MFGP,45,37.0,0.1530864037518488
Branin-Unfav,MFGP,45,37.5,0.1530864037518488
Branin-Unfav,MFGP,45,38.5,0.1530864037518488
Branin-Unfav,MFGP,45,39.0,0.1530864037518488
Branin-Unfav,MFGP,45,39.5,0.1530864037518488
Branin-Unfav,MFGP,45,40.5,0.1530864037518488
Branin-Unfav,MFGP,45,41.0,0.1530864037518488
Branin-Unfav,MFGP,45,41.5,0.1530864037518488
Branin-Unfav,MFGP,45,42.5,0.1530864037518488
Branin-Unfav,MFGP,45,43.0,0.1530864037518488
Branin-Unfav,MFGP,45,43.5,0.1530864037518488
Branin-Unfav,MFGP,45,44.5,0.1530864037518488
Branin-Unfav,MFGP,45,45.0,0.1530864037518488
Branin-Unfav,MFGP,45,45.5,0.1530864037518488
Branin-Unfav,MFGP,45,46.5,0.1530864037518488
Branin-Unfav,MFGP,45,47.0,0.1530864037518488
Branin-Unfav,MFGP,45,47.5,0.1530864037518488
Branin-Unfav,MFGP,45,48.5,0.1530864037518488
Branin-Unfav,MFGP,45,49.0,0.1530864037518488
Branin-Unfav,MFGP,45,49.5,0.1530864037518488
Branin-Unfav,MFGP,45,50.0,0.1530864037518488
Branin-Unfav,MFGP,46,4.5,95.25677953235451
Branin-Unfav,MFGP,46,5.0,95.25677953235451
Branin-Unfav,MFGP,46,5.5,95.25677953235451
Branin-Unfav,MFGP,46,6.5,16.883314678010105
Branin-Unfav,MFGP,46,7.0,16.883314678010105
Branin-Unfav,MFGP,46,7.5,16.883314678010105
Branin-Unfav,MFGP,46,8.5,12.06825397304223
Branin-Unfav,MFGP,46,9.0,12.06825397304223
Branin-Unfav,MFGP,46,9.5,12.06825397304223
Branin-Unfav,MFGP,46,10.5,1.869046548836072
Branin-Unfav,MFGP,46,11.0,1.869046548836072
Branin-Unfav,MFGP,46,11.5,1.869046548836072
Branin-Unfav,MFGP,46,12.5,1.0034850097817811
Branin-Unfav,MFGP,46,13.0,1.0034850097817811
Branin-Unfav,MFGP,46,13.5,1.0034850097817811
Branin-Unfav,MFGP,46,14.5,1.0034850097817811
Branin-Unfav,MFGP,46,15.0,1.0034850097817811
Branin-Unfav,MFGP,46,15.5,1.0034850097817811
Branin-Unfav,MFGP,46,16.5,1.0034850097817811
Branin-Unfav,MFGP,46,17.0,1.0034850097817811
Branin-Unfav,MFGP,46,17.5,1.0034850097817811
Branin-Unfav,MFGP,46,18.5,0.1530864037518488
Branin-Unfav,MFGP,46,19.0,0.1530864037518488
Branin-Unfav,MFGP,46,19.5,0.1530864037518488
Branin-Unfav,MFGP,46,20.5,0.0523754278760194
Branin-Unfav,MFGP,46,21.0,0.0523754278760194
Branin-Unfav,MFGP,46,21.5,0.0523754278760194
Branin-Unfav,MFGP,46,22.5,0.0523754278760194
Branin-Unfav,MFGP,46,23.0,0.0523754278760194
Branin-Unfav,MFGP,46,23.5,0.0523754278760194
Branin-Unfav,MFGP,46,24.5,0.0523754278760194
Branin-Unfav,MFGP,46,25.0,0.0523754278760194
Branin-Unfav,MFGP,46,25.5,0.0523754278760194
Branin-Unfav,MFGP,46,26.5,0.0523754278760194
Branin-Unfav,MFGP,46,27.0,0.0523754278760194
Branin-Unfav,MFGP,46,27.5,0.0523754278760194
Branin-Unfav,MFGP,46,28.5,0.0523754278760194
Branin-Unfav,MFGP,46,29.0,0.0523754278760194
Branin-Unfav,MFGP,46,29.5,0.0523754278760194
Branin-Unfav,MFGP,46,30.5,0.0523754278760194
Branin-Unfav,MFGP,46,31.0,0.0523754278760194
Branin-Unfav,MFGP,46,31.5,0.0523754278760194
Branin-Unfav,MFGP,46,32.5,0.0523754278760194
Branin-Unfav,MFGP,46,33.0,0.0523754278760194
Branin-Unfav,MFGP,46,33.5,0.0523754278760194
Branin-Unfav,MFGP,46,34.5,0.0523754278760194
Branin-Unfav,MFGP,46,35.0,0.0523754278760194
Branin-Unfav,MFGP,46,35.5,0.0523754278760194
Branin-Unfav,MFGP,46,36.5,0.0523754278760194
Branin-Unfav,MFGP,46,37.0,0.0523754278760194
Branin-Unfav,MFGP,46,37.5,0.0523754278760194
Branin-Unfav,MFGP,46,38.5,0.0523754278760194
Branin-Unfav,MFGP,46,39.0,0.0523754278760194
Branin-Unfav,MFGP,46,39.5,0.0523754278760194
Branin-Unfav,MFGP,46,40.5,0.0523754278760194
Branin-Unfav,MFGP,46,41.0,0.0523754278760194
Branin-Unfav,MFGP,46,41.5,0.0523754278760194
Branin-Unfav,MFGP,46,42.5,0.0523754278760194
Branin-Unfav,MFGP,46,43.0,0.0523754278760194
Branin-Unfav,MFGP,46,43.5,0.0523754278760194
Branin-Unfav,MFGP,46,44.5,0.0523754278760194
Branin-Unfav,MFGP,46,45.0,0.0523754278760194
Branin-Unfav,MFGP,46,45.5,0.0523754278760194
Branin-Unfav,MFGP,46,46.5,0.0523754278760194
Branin-Unfav,MFGP,46,47.0,0.0523754278760194
Branin-Unfav,MFGP,46,47.5,0.0523754278760194
Branin-Unfav,MFGP,46,48.5,0.0523754278760194
Branin-Unfav,MFGP,46,49.0,0.0523754278760194
Branin-Unfav,MFGP,46,49.5,0.0523754278760194
Branin-Unfav,MFGP,46,50.0,0.0523754278760194
Branin-Unfav,MFGP,47,4.5,8.810108073488642
Branin-Unfav,MFGP,47,5.0,8.810108073488642
Branin-Unfav,MFGP,47,5.5,8.810108073488642
Branin-Unfav,MFGP,47,6.5,0.9873388055472008
Branin-Unfav,MFGP,47,7.0,0.9873388055472008
Branin-Unfav,MFGP,47,7.5,0.9873388055472008
Branin-Unfav,MFGP,47,8.5,0.9530767209234668
Branin-Unfav,MFGP,47,9.0,0.9530767209234668
Branin-Unfav,MFGP,47,9.5,0.9530767209234668
Branin-Unfav,MFGP,47,10.5,0.0748038021785529
Branin-Unfav,MFGP,47,11.0,0.0748038021785529
Branin-Unfav,MFGP,47,11.5,0.0748038021785529
Branin-Unfav,MFGP,47,12.5,0.0748038021785529
Branin-Unfav,MFGP,47,13.0,0.0748038021785529
Branin-Unfav,MFGP,47,13.5,0.0748038021785529
Branin-Unfav,MFGP,47,14.5,0.0748038021785529
Branin-Unfav,MFGP,47,15.0,0.0748038021785529
Branin-Unfav,MFGP,47,15.5,0.0748038021785529
Branin-Unfav,MFGP,47,16.5,0.0748038021785529
Branin-Unfav,MFGP,47,17.0,0.0748038021785529
Branin-Unfav,MFGP,47,17.5,0.0748038021785529
Branin-Unfav,MFGP,47,18.5,0.0748038021785529
Branin-Unfav,MFGP,47,19.0,0.0748038021785529
Branin-Unfav,MFGP,47,19.5,0.0748038021785529
Branin-Unfav,MFGP,47,20.5,0.0748038021785529
Branin-Unfav,MFGP,47,21.0,0.0748038021785529
Branin-Unfav,MFGP,47,21.5,0.0748038021785529
Branin-Unfav,MFGP,47,22.5,0.0748038021785529
Branin-Unfav,MFGP,47,23.0,0.0748038021785529
Branin-Unfav,MFGP,47,23.5,0.0748038021785529
Branin-Unfav,MFGP,47,24.5,0.0748038021785529
Branin-Unfav,MFGP,47,25.0,0.0748038021785529
Branin-Unfav,MFGP,47,25.5,0.0748038021785529
Branin-Unfav,MFGP,47,26.5,0.0748038021785529
Branin-Unfav,MFGP,47,27.0,0.0748038021785529
Branin-Unfav,MFGP,47,27.5,0.0748038021785529
Branin-Unfav,MFGP,47,28.5,0.0748038021785529
Branin-Unfav,MFGP,47,29.0,0.0748038021785529
Branin-Unfav,MFGP,47,29.5,0.0748038021785529
Branin-Unfav,MFGP,47,30.5,0.0748038021785529
Branin-Unfav,MFGP,47,31.0,0.0748038021785529
Branin-Unfav,MFGP,47,31.5,0.0748038021785529
Branin-Unfav,MFGP,47,32.5,0.0748038021785529
Branin-Unfav,MFGP,47,33.0,0.0748038021785529
Branin-Unfav,MFGP,47,33.5,0.0748038021785529
Branin-Unfav,MFGP,47,34.5,0.0748038021785529
Branin-Unfav,MFGP,47,35.0,0.0748038021785529
Branin-Unfav,MFGP,47,35.5,0.0748038021785529
Branin-Unfav,MFGP,47,36.5,0.0748038021785529
Branin-Unfav,MFGP,47,37.0,0.0748038021785529
Branin-Unfav,MFGP,47,37.5,0.0748038021785529
Branin-Unfav,MFGP,47,38.5,0.0748038021785529
Branin-Unfav,MFGP,47,39.0,0.0748038021785529
Branin-Unfav,MFGP,47,39.5,0.0748038021785529
Branin-Unfav,MFGP,47,40.5,0.0748038021785529
Branin-Unfav,MFGP,47,41.0,0.0748038021785529
Branin-Unfav,MFGP,47,41.5,0.0748038021785529
Branin-Unfav,MFGP,47,42.5,0.0748038021785529
Branin-Unfav,MFGP,47,43.0,0.0748038021785529
Branin-Unfav,MFGP,47,43.5,0.0748038021785529
Branin-Unfav,MFGP,47,44.5,0.0748038021785529
Branin-Unfav,MFGP,47,45.0,0.0748038021785529
Branin-Unfav,MFGP,47,45.5,0.0748038021785529
Branin-Unfav,MFGP,47,46.5,0.0748038021785529
Branin-Unfav,MFGP,47,47.0,0.0748038021785529
Branin-Unfav,MFGP,47,47.5,0.0748038021785529
Branin-Unfav,MFGP,47,48.5,0.0748038021785529
Branin-Unfav,MFGP,47,49.0,0.0748038021785529
Branin-Unfav,MFGP,47,49.5,0.0748038021785529
Branin-Unfav,MFGP,47,50.0,0.0748038021785529
Branin-Unfav,MFGP,48,4.5,5.519751836538241
Branin-Unfav,MFGP,48,5.0,5.519751836538241
Branin-Unfav,MFGP,48,5.5,5.519751836538241
Branin-Unfav,MFGP,48,6.5,5.421171230206686
Branin-Unfav,MFGP,48,7.0,5.421171230206686
Branin-Unfav,MFGP,48,7.5,5.421171230206686
Branin-Unfav,MFGP,48,8.5,0.723926085363458
Branin-Unfav,MFGP,48,9.0,0.723926085363458
Branin-Unfav,MFGP,48,9.5,0.723926085363458
Branin-Unfav,MFGP,48,10.5,0.723926085363458
Branin-Unfav,MFGP,48,11.0,0.723926085363458
Branin-Unfav,MFGP,48,11.5,0.723926085363458
Branin-Unfav,MFGP,48,12.5,0.4845747529975498
Branin-Unfav,MFGP,48,13.0,0.4845747529975498
Branin-Unfav,MFGP,48,13.5,0.4845747529975498
Branin-Unfav,MFGP,48,14.5,0.0090199620446708
Branin-Unfav,MFGP,48,15.0,0.0090199620446708
Branin-Unfav,MFGP,48,15.5,0.0090199620446708
Branin-Unfav,MFGP,48,16.5,0.0090199620446708
Branin-Unfav,MFGP,48,17.0,0.0090199620446708
Branin-Unfav,MFGP,48,17.5,0.0090199620446708
Branin-Unfav,MFGP,48,18.5,0.0090199620446708
Branin-Unfav,MFGP,48,19.0,0.0090199620446708
Branin-Unfav,MFGP,48,19.5,0.0090199620446708
Branin-Unfav,MFGP,48,20.5,0.0090199620446708
Branin-Unfav,MFGP,48,21.0,0.0090199620446708
Branin-Unfav,MFGP,48,21.5,0.0090199620446708
Branin-Unfav,MFGP,48,22.5,0.0090199620446708
Branin-Unfav,MFGP,48,23.0,0.0090199620446708
Branin-Unfav,MFGP,48,23.5,0.0090199620446708
Branin-Unfav,MFGP,48,24.5,0.0090199620446708
Branin-Unfav,MFGP,48,25.0,0.0090199620446708
Branin-Unfav,MFGP,48,25.5,0.0090199620446708
Branin-Unfav,MFGP,48,26.5,0.0090199620446708
Branin-Unfav,MFGP,48,27.0,0.0090199620446708
Branin-Unfav,MFGP,48,27.5,0.0090199620446708
Branin-Unfav,MFGP,48,28.5,0.0090199620446708
Branin-Unfav,MFGP,48,29.0,0.0090199620446708
Branin-Unfav,MFGP,48,29.5,0.0090199620446708
Branin-Unfav,MFGP,48,30.5,0.0090199620446708
Branin-Unfav,MFGP,48,31.0,0.0090199620446708
Branin-Unfav,MFGP,48,31.5,0.0090199620446708
Branin-Unfav,MFGP,48,32.5,0.0090199620446708
Branin-Unfav,MFGP,48,33.0,0.0090199620446708
Branin-Unfav,MFGP,48,33.5,0.0090199620446708
Branin-Unfav,MFGP,48,34.5,0.0090199620446708
Branin-Unfav,MFGP,48,35.0,0.0090199620446708
Branin-Unfav,MFGP,48,35.5,0.0090199620446708
Branin-Unfav,MFGP,48,36.5,0.0090199620446708
Branin-Unfav,MFGP,48,37.0,0.0090199620446708
Branin-Unfav,MFGP,48,37.5,0.0090199620446708
Branin-Unfav,MFGP,48,38.5,0.0090199620446708
Branin-Unfav,MFGP,48,39.0,0.0090199620446708
Branin-Unfav,MFGP,48,39.5,0.0090199620446708
Branin-Unfav,MFGP,48,40.5,0.0090199620446708
Branin-Unfav,MFGP,48,41.0,0.0090199620446708
Branin-Unfav,MFGP,48,41.5,0.0090199620446708
Branin-Unfav,MFGP,48,42.5,0.0090199620446708
Branin-Unfav,MFGP,48,43.0,0.0090199620446708
Branin-Unfav,MFGP,48,43.5,0.0090199620446708
Branin-Unfav,MFGP,48,44.5,0.0090199620446708
Branin-Unfav,MFGP,48,45.0,0.0090199620446708
Branin-Unfav,MFGP,48,45.5,0.0090199620446708
Branin-Unfav,MFGP,48,46.5,0.0090199620446708
Branin-Unfav,MFGP,48,47.0,0.0090199620446708
Branin-Unfav,MFGP,48,47.5,0.0090199620446708
Branin-Unfav,MFGP,48,48.5,0.0090199620446708
Branin-Unfav,MFGP,48,49.0,0.0090199620446708
Branin-Unfav,MFGP,48,49.5,0.0090199620446708
Branin-Unfav,MFGP,48,50.0,0.0090199620446708
Branin-Unfav,MFGP,49,4.5,4.149754619716026
Branin-Unfav,MFGP,49,5.0,4.149754619716026
Branin-Unfav,MFGP,49,5.5,4.149754619716026
Branin-Unfav,MFGP,49,6.5,0.701352082154293
Branin-Unfav,MFGP,49,7.0,0.701352082154293
Branin-Unfav,MFGP,49,7.5,0.701352082154293
Branin-Unfav,MFGP,49,8.5,0.701352082154293
Branin-Unfav,MFGP,49,9.0,0.701352082154293
Branin-Unfav,MFGP,49,9.5,0.701352082154293
Branin-Unfav,MFGP,49,10.5,0.1530864037518488
Branin-Unfav,MFGP,49,11.0,0.1530864037518488
Branin-Unfav,MFGP,49,11.5,0.1530864037518488
Branin-Unfav,MFGP,49,12.5,0.1530864037518488
Branin-Unfav,MFGP,49,13.0,0.1530864037518488
Branin-Unfav,MFGP,49,13.5,0.1530864037518488
Branin-Unfav,MFGP,49,14.5,0.1530864037518488
Branin-Unfav,MFGP,49,15.0,0.1530864037518488
Branin-Unfav,MFGP,49,15.5,0.1530864037518488
Branin-Unfav,MFGP,49,16.5,0.1530864037518488
Branin-Unfav,MFGP,49,17.0,0.1530864037518488
Branin-Unfav,MFGP,49,17.5,0.1530864037518488
Branin-Unfav,MFGP,49,18.5,0.1530864037518488
Branin-Unfav,MFGP,49,19.0,0.1530864037518488
Branin-Unfav,MFGP,49,19.5,0.1530864037518488
Branin-Unfav,MFGP,49,20.5,0.1530864037518488
Branin-Unfav,MFGP,49,21.0,0.1530864037518488
Branin-Unfav,MFGP,49,21.5,0.1530864037518488
Branin-Unfav,MFGP,49,22.5,0.1530864037518488
Branin-Unfav,MFGP,49,23.0,0.1530864037518488
Branin-Unfav,MFGP,49,23.5,0.1530864037518488
Branin-Unfav,MFGP,49,24.5,0.1530864037518488
Branin-Unfav,MFGP,49,25.0,0.1530864037518488
Branin-Unfav,MFGP,49,25.5,0.1530864037518488
Branin-Unfav,MFGP,49,26.5,0.1530864037518488
Branin-Unfav,MFGP,49,27.0,0.1530864037518488
Branin-Unfav,MFGP,49,27.5,0.1530864037518488
Branin-Unfav,MFGP,49,28.5,0.1530864037518488
Branin-Unfav,MFGP,49,29.0,0.1530864037518488
Branin-Unfav,MFGP,49,29.5,0.1530864037518488
Branin-Unfav,MFGP,49,30.5,0.1530864037518488
Branin-Unfav,MFGP,49,31.0,0.1530864037518488
Branin-Unfav,MFGP,49,31.5,0.1530864037518488
Branin-Unfav,MFGP,49,32.5,0.1530864037518488
Branin-Unfav,MFGP,49,33.0,0.1530864037518488
Branin-Unfav,MFGP,49,33.5,0.1530864037518488
Branin-Unfav,MFGP,49,34.5,0.1530864037518488
Branin-Unfav,MFGP,49,35.0,0.1530864037518488
Branin-Unfav,MFGP,49,35.5,0.1530864037518488
Branin-Unfav,MFGP,49,36.5,0.1530864037518488
Branin-Unfav,MFGP,49,37.0,0.1530864037518488
Branin-Unfav,MFGP,49,37.5,0.1530864037518488
Branin-Unfav,MFGP,49,38.5,0.1530864037518488
Branin-Unfav,MFGP,49,39.0,0.1530864037518488
Branin-Unfav,MFGP,49,39.5,0.1530864037518488
Branin-Unfav,MFGP,49,40.5,0.1530864037518488
Branin-Unfav,MFGP,49,41.0,0.1530864037518488
Branin-Unfav,MFGP,49,41.5,0.1530864037518488
Branin-Unfav,MFGP,49,42.5,0.1530864037518488
Branin-Unfav,MFGP,49,43.0,0.1530864037518488
Branin-Unfav,MFGP,49,43.5,0.1530864037518488
Branin-Unfav,MFGP,49,44.5,0.1530864037518488
Branin-Unfav,MFGP,49,45.0,0.1530864037518488
Branin-Unfav,MFGP,49,45.5,0.1530864037518488
Branin-Unfav,MFGP,49,46.5,0.1530864037518488
Branin-Unfav,MFGP,49,47.0,0.1530864037518488
Branin-Unfav,MFGP,49,47.5,0.1530864037518488
Branin-Unfav,MFGP,49,48.5,0.1530864037518488
Branin-Unfav,MFGP,49,49.0,0.1530864037518488
Branin-Unfav,MFGP,49,49.5,0.1530864037518488
Branin-Unfav,MFGP,49,50.0,0.1530864037518488
Branin-Unfav,MFGP,50,4.5,16.835486231283557
Branin-Unfav,MFGP,50,5.0,16.835486231283557
Branin-Unfav,MFGP,50,5.5,16.835486231283557
Branin-Unfav,MFGP,50,6.5,16.835486231283557
Branin-Unfav,MFGP,50,7.0,16.835486231283557
Branin-Unfav,MFGP,50,7.5,16.835486231283557
Branin-Unfav,MFGP,50,8.5,14.79360833274895
Branin-Unfav,MFGP,50,9.0,14.79360833274895
Branin-Unfav,MFGP,50,9.5,14.79360833274895
Branin-Unfav,MFGP,50,10.5,0.4957385635524581
Branin-Unfav,MFGP,50,11.0,0.4957385635524581
Branin-Unfav,MFGP,50,11.5,0.4957385635524581
Branin-Unfav,MFGP,50,12.5,0.4957385635524581
Branin-Unfav,MFGP,50,13.0,0.4957385635524581
Branin-Unfav,MFGP,50,13.5,0.4957385635524581
Branin-Unfav,MFGP,50,14.5,0.4957385635524581
Branin-Unfav,MFGP,50,15.0,0.4957385635524581
Branin-Unfav,MFGP,50,15.5,0.4957385635524581
Branin-Unfav,MFGP,50,16.5,0.4957385635524581
Branin-Unfav,MFGP,50,17.0,0.4957385635524581
Branin-Unfav,MFGP,50,17.5,0.4957385635524581
Branin-Unfav,MFGP,50,18.5,0.4957385635524581
Branin-Unfav,MFGP,50,19.0,0.4957385635524581
Branin-Unfav,MFGP,50,19.5,0.4957385635524581
Branin-Unfav,MFGP,50,20.5,0.4957385635524581
Branin-Unfav,MFGP,50,21.0,0.4957385635524581
Branin-Unfav,MFGP,50,21.5,0.4957385635524581
Branin-Unfav,MFGP,50,22.5,0.4957385635524581
Branin-Unfav,MFGP,50,23.0,0.4957385635524581
Branin-Unfav,MFGP,50,23.5,0.4957385635524581
Branin-Unfav,MFGP,50,24.5,0.4957385635524581
Branin-Unfav,MFGP,50,25.0,0.4957385635524581
Branin-Unfav,MFGP,50,25.5,0.4957385635524581
Branin-Unfav,MFGP,50,26.5,0.4957385635524581
Branin-Unfav,MFGP,50,27.0,0.4957385635524581
Branin-Unfav,MFGP,50,27.5,0.4957385635524581
Branin-Unfav,MFGP,50,28.5,0.4957385635524581
Branin-Unfav,MFGP,50,29.0,0.4957385635524581
Branin-Unfav,MFGP,50,29.5,0.4957385635524581
Branin-Unfav,MFGP,50,30.5,0.4957385635524581
Branin-Unfav,MFGP,50,31.0,0.4957385635524581
Branin-Unfav,MFGP,50,31.5,0.4957385635524581
Branin-Unfav,MFGP,50,32.5,0.4957385635524581
Branin-Unfav,MFGP,50,33.0,0.4957385635524581
Branin-Unfav,MFGP,50,33.5,0.4957385635524581
Branin-Unfav,MFGP,50,34.5,0.4957385635524581
Branin-Unfav,MFGP,50,35.0,0.4957385635524581
Branin-Unfav,MFGP,50,35.5,0.4957385635524581
Branin-Unfav,MFGP,50,36.5,0.4957385635524581
Branin-Unfav,MFGP,50,37.0,0.4957385635524581
Branin-Unfav,MFGP,50,37.5,0.4957385635524581
Branin-Unfav,MFGP,50,38.5,0.4957385635524581
Branin-Unfav,MFGP,50,39.0,0.4957385635524581
Branin-Unfav,MFGP,50,39.5,0.4957385635524581
Branin-Unfav,MFGP,50,40.5,0.4957385635524581
Branin-Unfav,MFGP,50,41.0,0.4957385635524581
Branin-Unfav,MFGP,50,41.5,0.4957385635524581
Branin-Unfav,MFGP,50,42.5,0.4957385635524581
Branin-Unfav,MFGP,50,43.0,0.4957385635524581
Branin-Unfav,MFGP,50,43.5,0.4957385635524581
Branin-Unfav,MFGP,50,44.5,0.4957385635524581
Branin-Unfav,MFGP,50,45.0,0.4957385635524581
Branin-Unfav,MFGP,50,45.5,0.4957385635524581
Branin-Unfav,MFGP,50,46.5,0.4957385635524581
Branin-Unfav,MFGP,50,47.0,0.4957385635524581
Branin-Unfav,MFGP,50,47.5,0.4957385635524581
Branin-Unfav,MFGP,50,48.5,0.4957385635524581
Branin-Unfav,MFGP,50,49.0,0.4957385635524581
Branin-Unfav,MFGP,50,49.5,0.4957385635524581
Branin-Unfav,MFGP,50,50.0,0.4957385635524581
Branin-Unfav,MFGP,51,4.5,18.41946555948025
Branin-Unfav,MFGP,51,5.0,18.41946555948025
Branin-Unfav,MFGP,51,5.5,18.41946555948025
Branin-Unfav,MFGP,51,6.5,4.062906038232797
Branin-Unfav,MFGP,51,7.0,4.062906038232797
Branin-Unfav,MFGP,51,7.5,4.062906038232797
Branin-Unfav,MFGP,51,8.5,4.062906038232797
Branin-Unfav,MFGP,51,9.0,4.062906038232797
Branin-Unfav,MFGP,51,9.5,4.062906038232797
Branin-Unfav,MFGP,51,10.5,2.337674215751262
Branin-Unfav,MFGP,51,11.0,2.337674215751262
Branin-Unfav,MFGP,51,11.5,2.337674215751262
Branin-Unfav,MFGP,51,12.5,0.2831528012458929
Branin-Unfav,MFGP,51,13.0,0.2831528012458929
Branin-Unfav,MFGP,51,13.5,0.2831528012458929
Branin-Unfav,MFGP,51,14.5,0.2831528012458929
Branin-Unfav,MFGP,51,15.0,0.2831528012458929
Branin-Unfav,MFGP,51,15.5,0.2831528012458929
Branin-Unfav,MFGP,51,16.5,0.2831528012458929
Branin-Unfav,MFGP,51,17.0,0.2831528012458929
Branin-Unfav,MFGP,51,17.5,0.2831528012458929
Branin-Unfav,MFGP,51,18.5,0.2831528012458929
Branin-Unfav,MFGP,51,19.0,0.2831528012458929
Branin-Unfav,MFGP,51,19.5,0.2831528012458929
Branin-Unfav,MFGP,51,20.5,0.2831528012458929
Branin-Unfav,MFGP,51,21.0,0.2831528012458929
Branin-Unfav,MFGP,51,21.5,0.2831528012458929
Branin-Unfav,MFGP,51,22.5,0.2831528012458929
Branin-Unfav,MFGP,51,23.0,0.2831528012458929
Branin-Unfav,MFGP,51,23.5,0.2831528012458929
Branin-Unfav,MFGP,51,24.5,0.2831528012458929
Branin-Unfav,MFGP,51,25.0,0.2831528012458929
Branin-Unfav,MFGP,51,25.5,0.2831528012458929
Branin-Unfav,MFGP,51,26.5,0.2831528012458929
Branin-Unfav,MFGP,51,27.0,0.2831528012458929
Branin-Unfav,MFGP,51,27.5,0.2831528012458929
Branin-Unfav,MFGP,51,28.5,0.2831528012458929
Branin-Unfav,MFGP,51,29.0,0.2831528012458929
Branin-Unfav,MFGP,51,29.5,0.2831528012458929
Branin-Unfav,MFGP,51,30.5,0.2831528012458929
Branin-Unfav,MFGP,51,31.0,0.2831528012458929
Branin-Unfav,MFGP,51,31.5,0.2831528012458929
Branin-Unfav,MFGP,51,32.5,0.2831528012458929
Branin-Unfav,MFGP,51,33.0,0.2831528012458929
Branin-Unfav,MFGP,51,33.5,0.2831528012458929
Branin-Unfav,MFGP,51,34.5,0.2831528012458929
Branin-Unfav,MFGP,51,35.0,0.2831528012458929
Branin-Unfav,MFGP,51,35.5,0.2831528012458929
Branin-Unfav,MFGP,51,36.5,0.2831528012458929
Branin-Unfav,MFGP,51,37.0,0.2831528012458929
Branin-Unfav,MFGP,51,37.5,0.2831528012458929
Branin-Unfav,MFGP,51,38.5,0.2831528012458929
Branin-Unfav,MFGP,51,39.0,0.2831528012458929
Branin-Unfav,MFGP,51,39.5,0.2831528012458929
Branin-Unfav,MFGP,51,40.5,0.2831528012458929
Branin-Unfav,MFGP,51,41.0,0.2831528012458929
Branin-Unfav,MFGP,51,41.5,0.2831528012458929
Branin-Unfav,MFGP,51,42.5,0.2831528012458929
Branin-Unfav,MFGP,51,43.0,0.2831528012458929
Branin-Unfav,MFGP,51,43.5,0.2831528012458929
Branin-Unfav,MFGP,51,44.5,0.2831528012458929
Branin-Unfav,MFGP,51,45.0,0.2831528012458929
Branin-Unfav,MFGP,51,45.5,0.2831528012458929
Branin-Unfav,MFGP,51,46.5,0.2831528012458929
Branin-Unfav,MFGP,51,47.0,0.2831528012458929
Branin-Unfav,MFGP,51,47.5,0.2831528012458929
Branin-Unfav,MFGP,51,48.5,0.2831528012458929
Branin-Unfav,MFGP,51,49.0,0.2831528012458929
Branin-Unfav,MFGP,51,49.5,0.2831528012458929
Branin-Unfav,MFGP,51,50.0,0.2831528012458929
Branin-Unfav,MFGP,52,4.5,37.59204892219884
Branin-Unfav,MFGP,52,5.0,37.59204892219884
Branin-Unfav,MFGP,52,5.5,37.59204892219884
Branin-Unfav,MFGP,52,6.5,19.893732433658307
Branin-Unfav,MFGP,52,7.0,19.893732433658307
Branin-Unfav,MFGP,52,7.5,19.893732433658307
Branin-Unfav,MFGP,52,8.5,5.403141946411699
Branin-Unfav,MFGP,52,9.0,5.403141946411699
Branin-Unfav,MFGP,52,9.5,5.403141946411699
Branin-Unfav,MFGP,52,10.5,5.403141946411699
Branin-Unfav,MFGP,52,11.0,5.403141946411699
Branin-Unfav,MFGP,52,11.5,5.403141946411699
Branin-Unfav,MFGP,52,12.5,5.403141946411699
Branin-Unfav,MFGP,52,13.0,5.403141946411699
Branin-Unfav,MFGP,52,13.5,5.403141946411699
Branin-Unfav,MFGP,52,14.5,5.403141946411699
Branin-Unfav,MFGP,52,15.0,5.403141946411699
Branin-Unfav,MFGP,52,15.5,5.403141946411699
Branin-Unfav,MFGP,52,16.5,3.083176413998001
Branin-Unfav,MFGP,52,17.0,3.083176413998001
Branin-Unfav,MFGP,52,17.5,3.083176413998001
Branin-Unfav,MFGP,52,18.5,3.083176413998001
Branin-Unfav,MFGP,52,19.0,3.083176413998001
Branin-Unfav,MFGP,52,19.5,3.083176413998001
Branin-Unfav,MFGP,52,20.5,3.083176413998001
Branin-Unfav,MFGP,52,21.0,3.083176413998001
Branin-Unfav,MFGP,52,21.5,3.083176413998001
Branin-Unfav,MFGP,52,22.5,2.333975197680608
Branin-Unfav,MFGP,52,23.0,2.333975197680608
Branin-Unfav,MFGP,52,23.5,2.333975197680608
Branin-Unfav,MFGP,52,24.5,0.3752877751289628
Branin-Unfav,MFGP,52,25.0,0.3752877751289628
Branin-Unfav,MFGP,52,25.5,0.3752877751289628
Branin-Unfav,MFGP,52,26.5,0.3752877751289628
Branin-Unfav,MFGP,52,27.0,0.3752877751289628
Branin-Unfav,MFGP,52,27.5,0.3752877751289628
Branin-Unfav,MFGP,52,28.5,0.3752877751289628
Branin-Unfav,MFGP,52,29.0,0.3752877751289628
Branin-Unfav,MFGP,52,29.5,0.3752877751289628
Branin-Unfav,MFGP,52,30.5,0.3752877751289628
Branin-Unfav,MFGP,52,31.0,0.3752877751289628
Branin-Unfav,MFGP,52,31.5,0.3752877751289628
Branin-Unfav,MFGP,52,32.5,0.3752877751289628
Branin-Unfav,MFGP,52,33.0,0.3752877751289628
Branin-Unfav,MFGP,52,33.5,0.3752877751289628
Branin-Unfav,MFGP,52,34.5,0.3752877751289628
Branin-Unfav,MFGP,52,35.0,0.3752877751289628
Branin-Unfav,MFGP,52,35.5,0.3752877751289628
Branin-Unfav,MFGP,52,36.5,0.3752877751289628
Branin-Unfav,MFGP,52,37.0,0.3752877751289628
Branin-Unfav,MFGP,52,37.5,0.3752877751289628
Branin-Unfav,MFGP,52,38.5,0.3752877751289628
Branin-Unfav,MFGP,52,39.0,0.3752877751289628
Branin-Unfav,MFGP,52,39.5,0.3752877751289628
Branin-Unfav,MFGP,52,40.5,0.3752877751289628
Branin-Unfav,MFGP,52,41.0,0.3752877751289628
Branin-Unfav,MFGP,52,41.5,0.3752877751289628
Branin-Unfav,MFGP,52,42.5,0.3752877751289628
Branin-Unfav,MFGP,52,43.0,0.3752877751289628
Branin-Unfav,MFGP,52,43.5,0.3752877751289628
Branin-Unfav,MFGP,52,44.5,0.3752877751289628
Branin-Unfav,MFGP,52,45.0,0.3752877751289628
Branin-Unfav,MFGP,52,45.5,0.3752877751289628
Branin-Unfav,MFGP,52,46.5,0.3752877751289628
Branin-Unfav,MFGP,52,47.0,0.3752877751289628
Branin-Unfav,MFGP,52,47.5,0.3752877751289628
Branin-Unfav,MFGP,52,48.5,0.3752877751289628
Branin-Unfav,MFGP,52,49.0,0.3752877751289628
Branin-Unfav,MFGP,52,49.5,0.3752877751289628
Branin-Unfav,MFGP,52,50.0,0.3752877751289628
Branin-Unfav,MFGP,53,4.5,58.27251731420465
Branin-Unfav,MFGP,53,5.0,58.27251731420465
Branin-Unfav,MFGP,53,5.5,58.27251731420465
Branin-Unfav,MFGP,53,6.5,15.855740772228494
Branin-Unfav,MFGP,53,7.0,15.855740772228494
Branin-Unfav,MFGP,53,7.5,15.855740772228494
Branin-Unfav,MFGP,53,8.5,2.0967085147176387
Branin-Unfav,MFGP,53,9.0,2.0967085147176387
Branin-Unfav,MFGP,53,9.5,2.0967085147176387
Branin-Unfav,MFGP,53,10.5,1.5863467597293797
Branin-Unfav,MFGP,53,11.0,1.5863467597293797
Branin-Unfav,MFGP,53,11.5,1.5863467597293797
Branin-Unfav,MFGP,53,12.5,0.8490659666566377
Branin-Unfav,MFGP,53,13.0,0.8490659666566377
Branin-Unfav,MFGP,53,13.5,0.8490659666566377
Branin-Unfav,MFGP,53,14.5,0.1454692827993885
Branin-Unfav,MFGP,53,15.0,0.1454692827993885
Branin-Unfav,MFGP,53,15.5,0.1454692827993885
Branin-Unfav,MFGP,53,16.5,0.1454692827993885
Branin-Unfav,MFGP,53,17.0,0.1454692827993885
Branin-Unfav,MFGP,53,17.5,0.1454692827993885
Branin-Unfav,MFGP,53,18.5,0.1454692827993885
Branin-Unfav,MFGP,53,19.0,0.1454692827993885
Branin-Unfav,MFGP,53,19.5,0.1454692827993885
Branin-Unfav,MFGP,53,20.5,0.1454692827993885
Branin-Unfav,MFGP,53,21.0,0.1454692827993885
Branin-Unfav,MFGP,53,21.5,0.1454692827993885
Branin-Unfav,MFGP,53,22.5,0.1454692827993885
Branin-Unfav,MFGP,53,23.0,0.1454692827993885
Branin-Unfav,MFGP,53,23.5,0.1454692827993885
Branin-Unfav,MFGP,53,24.5,0.1454692827993885
Branin-Unfav,MFGP,53,25.0,0.1454692827993885
Branin-Unfav,MFGP,53,25.5,0.1454692827993885
Branin-Unfav,MFGP,53,26.5,0.1454692827993885
Branin-Unfav,MFGP,53,27.0,0.1454692827993885
Branin-Unfav,MFGP,53,27.5,0.1454692827993885
Branin-Unfav,MFGP,53,28.5,0.1454692827993885
Branin-Unfav,MFGP,53,29.0,0.1454692827993885
Branin-Unfav,MFGP,53,29.5,0.1454692827993885
Branin-Unfav,MFGP,53,30.5,0.1454692827993885
Branin-Unfav,MFGP,53,31.0,0.1454692827993885
Branin-Unfav,MFGP,53,31.5,0.1454692827993885
Branin-Unfav,MFGP,53,32.5,0.1454692827993885
Branin-Unfav,MFGP,53,33.0,0.1454692827993885
Branin-Unfav,MFGP,53,33.5,0.1454692827993885
Branin-Unfav,MFGP,53,34.5,0.1454692827993885
Branin-Unfav,MFGP,53,35.0,0.1454692827993885
Branin-Unfav,MFGP,53,35.5,0.1454692827993885
Branin-Unfav,MFGP,53,36.5,0.1454692827993885
Branin-Unfav,MFGP,53,37.0,0.1454692827993885
Branin-Unfav,MFGP,53,37.5,0.1454692827993885
Branin-Unfav,MFGP,53,38.5,0.1454692827993885
Branin-Unfav,MFGP,53,39.0,0.1454692827993885
Branin-Unfav,MFGP,53,39.5,0.1454692827993885
Branin-Unfav,MFGP,53,40.5,0.1454692827993885
Branin-Unfav,MFGP,53,41.0,0.1454692827993885
Branin-Unfav,MFGP,53,41.5,0.1454692827993885
Branin-Unfav,MFGP,53,42.5,0.1454692827993885
Branin-Unfav,MFGP,53,43.0,0.1454692827993885
Branin-Unfav,MFGP,53,43.5,0.1454692827993885
Branin-Unfav,MFGP,53,44.5,0.1454692827993885
Branin-Unfav,MFGP,53,45.0,0.1454692827993885
Branin-Unfav,MFGP,53,45.5,0.1454692827993885
Branin-Unfav,MFGP,53,46.5,0.1454692827993885
Branin-Unfav,MFGP,53,47.0,0.1454692827993885
Branin-Unfav,MFGP,53,47.5,0.1454692827993885
Branin-Unfav,MFGP,53,48.5,0.1454692827993885
Branin-Unfav,MFGP,53,49.0,0.1454692827993885
Branin-Unfav,MFGP,53,49.5,0.1454692827993885
Branin-Unfav,MFGP,53,50.0,0.1454692827993885
Branin-Unfav,MFGP,54,4.5,38.50051122850809
Branin-Unfav,MFGP,54,5.0,38.50051122850809
Branin-Unfav,MFGP,54,5.5,38.50051122850809
Branin-Unfav,MFGP,54,6.5,1.9660941902665168
Branin-Unfav,MFGP,54,7.0,1.9660941902665168
Branin-Unfav,MFGP,54,7.5,1.9660941902665168
Branin-Unfav,MFGP,54,8.5,1.4198322018762068
Branin-Unfav,MFGP,54,9.0,1.4198322018762068
Branin-Unfav,MFGP,54,9.5,1.4198322018762068
Branin-Unfav,MFGP,54,10.5,1.4198322018762068
Branin-Unfav,MFGP,54,11.0,1.4198322018762068
Branin-Unfav,MFGP,54,11.5,1.4198322018762068
Branin-Unfav,MFGP,54,12.5,1.4198322018762068
Branin-Unfav,MFGP,54,13.0,1.4198322018762068
Branin-Unfav,MFGP,54,13.5,1.4198322018762068
Branin-Unfav,MFGP,54,14.5,0.0748038021785529
Branin-Unfav,MFGP,54,15.0,0.0748038021785529
Branin-Unfav,MFGP,54,15.5,0.0748038021785529
Branin-Unfav,MFGP,54,16.5,0.0748038021785529
Branin-Unfav,MFGP,54,17.0,0.0748038021785529
Branin-Unfav,MFGP,54,17.5,0.0748038021785529
Branin-Unfav,MFGP,54,18.5,0.0748038021785529
Branin-Unfav,MFGP,54,19.0,0.0748038021785529
Branin-Unfav,MFGP,54,19.5,0.0748038021785529
Branin-Unfav,MFGP,54,20.5,0.0748038021785529
Branin-Unfav,MFGP,54,21.0,0.0748038021785529
Branin-Unfav,MFGP,54,21.5,0.0748038021785529
Branin-Unfav,MFGP,54,22.5,0.0748038021785529
Branin-Unfav,MFGP,54,23.0,0.0748038021785529
Branin-Unfav,MFGP,54,23.5,0.0748038021785529
Branin-Unfav,MFGP,54,24.5,0.0748038021785529
Branin-Unfav,MFGP,54,25.0,0.0748038021785529
Branin-Unfav,MFGP,54,25.5,0.0748038021785529
Branin-Unfav,MFGP,54,26.5,0.0748038021785529
Branin-Unfav,MFGP,54,27.0,0.0748038021785529
Branin-Unfav,MFGP,54,27.5,0.0748038021785529
Branin-Unfav,MFGP,54,28.5,0.0748038021785529
Branin-Unfav,MFGP,54,29.0,0.0748038021785529
Branin-Unfav,MFGP,54,29.5,0.0748038021785529
Branin-Unfav,MFGP,54,30.5,0.0748038021785529
Branin-Unfav,MFGP,54,31.0,0.0748038021785529
Branin-Unfav,MFGP,54,31.5,0.0748038021785529
Branin-Unfav,MFGP,54,32.5,0.0748038021785529
Branin-Unfav,MFGP,54,33.0,0.0748038021785529
Branin-Unfav,MFGP,54,33.5,0.0748038021785529
Branin-Unfav,MFGP,54,34.5,0.0748038021785529
Branin-Unfav,MFGP,54,35.0,0.0748038021785529
Branin-Unfav,MFGP,54,35.5,0.0748038021785529
Branin-Unfav,MFGP,54,36.5,0.0748038021785529
Branin-Unfav,MFGP,54,37.0,0.0748038021785529
Branin-Unfav,MFGP,54,37.5,0.0748038021785529
Branin-Unfav,MFGP,54,38.5,0.0748038021785529
Branin-Unfav,MFGP,54,39.0,0.0748038021785529
Branin-Unfav,MFGP,54,39.5,0.0748038021785529
Branin-Unfav,MFGP,54,40.5,0.0090199620446708
Branin-Unfav,MFGP,54,41.0,0.0090199620446708
Branin-Unfav,MFGP,54,41.5,0.0090199620446708
Branin-Unfav,MFGP,54,42.5,0.0090199620446708
Branin-Unfav,MFGP,54,43.0,0.0090199620446708
Branin-Unfav,MFGP,54,43.5,0.0090199620446708
Branin-Unfav,MFGP,54,44.5,0.0090199620446708
Branin-Unfav,MFGP,54,45.0,0.0090199620446708
Branin-Unfav,MFGP,54,45.5,0.0090199620446708
Branin-Unfav,MFGP,54,46.5,0.0090199620446708
Branin-Unfav,MFGP,54,47.0,0.0090199620446708
Branin-Unfav,MFGP,54,47.5,0.0090199620446708
Branin-Unfav,MFGP,54,48.5,0.0090199620446708
Branin-Unfav,MFGP,54,49.0,0.0090199620446708
Branin-Unfav,MFGP,54,49.5,0.0090199620446708
Branin-Unfav,MFGP,54,50.0,0.0090199620446708
Branin-Unfav,MFGP,55,4.5,3.713051578224305
Branin-Unfav,MFGP,55,5.0,3.713051578224305
Branin-Unfav,MFGP,55,5.5,3.713051578224305
Branin-Unfav,MFGP,55,6.5,1.127888972368436
Branin-Unfav,MFGP,55,7.0,1.127888972368436
Branin-Unfav,MFGP,55,7.5,1.127888972368436
Branin-Unfav,MFGP,55,8.5,1.053832293404782
Branin-Unfav,MFGP,55,9.0,1.053832293404782
Branin-Unfav,MFGP,55,9.5,1.053832293404782
Branin-Unfav,MFGP,55,10.5,1.053832293404782
Branin-Unfav,MFGP,55,11.0,1.053832293404782
Branin-Unfav,MFGP,55,11.5,1.053832293404782
Branin-Unfav,MFGP,55,12.5,0.0748038021785529
Branin-Unfav,MFGP,55,13.0,0.0748038021785529
Branin-Unfav,MFGP,55,13.5,0.0748038021785529
Branin-Unfav,MFGP,55,14.5,0.0748038021785529
Branin-Unfav,MFGP,55,15.0,0.0748038021785529
Branin-Unfav,MFGP,55,15.5,0.0748038021785529
Branin-Unfav,MFGP,55,16.5,0.0748038021785529
Branin-Unfav,MFGP,55,17.0,0.0748038021785529
Branin-Unfav,MFGP,55,17.5,0.0748038021785529
Branin-Unfav,MFGP,55,18.5,0.0748038021785529
Branin-Unfav,MFGP,55,19.0,0.0748038021785529
Branin-Unfav,MFGP,55,19.5,0.0748038021785529
Branin-Unfav,MFGP,55,20.5,0.0748038021785529
Branin-Unfav,MFGP,55,21.0,0.0748038021785529
Branin-Unfav,MFGP,55,21.5,0.0748038021785529
Branin-Unfav,MFGP,55,22.5,0.0748038021785529
Branin-Unfav,MFGP,55,23.0,0.0748038021785529
Branin-Unfav,MFGP,55,23.5,0.0748038021785529
Branin-Unfav,MFGP,55,24.5,0.0748038021785529
Branin-Unfav,MFGP,55,25.0,0.0748038021785529
Branin-Unfav,MFGP,55,25.5,0.0748038021785529
Branin-Unfav,MFGP,55,26.5,0.0748038021785529
Branin-Unfav,MFGP,55,27.0,0.0748038021785529
Branin-Unfav,MFGP,55,27.5,0.0748038021785529
Branin-Unfav,MFGP,55,28.5,0.0748038021785529
Branin-Unfav,MFGP,55,29.0,0.0748038021785529
Branin-Unfav,MFGP,55,29.5,0.0748038021785529
Branin-Unfav,MFGP,55,30.5,0.0748038021785529
Branin-Unfav,MFGP,55,31.0,0.0748038021785529
Branin-Unfav,MFGP,55,31.5,0.0748038021785529
Branin-Unfav,MFGP,55,32.5,0.0748038021785529
Branin-Unfav,MFGP,55,33.0,0.0748038021785529
Branin-Unfav,MFGP,55,33.5,0.0748038021785529
Branin-Unfav,MFGP,55,34.5,0.0748038021785529
Branin-Unfav,MFGP,55,35.0,0.0748038021785529
Branin-Unfav,MFGP,55,35.5,0.0748038021785529
Branin-Unfav,MFGP,55,36.5,0.0748038021785529
Branin-Unfav,MFGP,55,37.0,0.0748038021785529
Branin-Unfav,MFGP,55,37.5,0.0748038021785529
Branin-Unfav,MFGP,55,38.5,0.0748038021785529
Branin-Unfav,MFGP,55,39.0,0.0748038021785529
Branin-Unfav,MFGP,55,39.5,0.0748038021785529
Branin-Unfav,MFGP,55,40.5,0.0748038021785529
Branin-Unfav,MFGP,55,41.0,0.0748038021785529
Branin-Unfav,MFGP,55,41.5,0.0748038021785529
Branin-Unfav,MFGP,55,42.5,0.0748038021785529
Branin-Unfav,MFGP,55,43.0,0.0748038021785529
Branin-Unfav,MFGP,55,43.5,0.0748038021785529
Branin-Unfav,MFGP,55,44.5,0.0748038021785529
Branin-Unfav,MFGP,55,45.0,0.0748038021785529
Branin-Unfav,MFGP,55,45.5,0.0748038021785529
Branin-Unfav,MFGP,55,46.5,0.0748038021785529
Branin-Unfav,MFGP,55,47.0,0.0748038021785529
Branin-Unfav,MFGP,55,47.5,0.0748038021785529
Branin-Unfav,MFGP,55,48.5,0.0748038021785529
Branin-Unfav,MFGP,55,49.0,0.0748038021785529
Branin-Unfav,MFGP,55,49.5,0.0748038021785529
Branin-Unfav,MFGP,55,50.0,0.0748038021785529
Branin-Unfav,MFGP,56,4.5,19.96099896077069
Branin-Unfav,MFGP,56,5.0,19.96099896077069
Branin-Unfav,MFGP,56,5.5,19.96099896077069
Branin-Unfav,MFGP,56,6.5,19.96099896077069
Branin-Unfav,MFGP,56,7.0,19.96099896077069
Branin-Unfav,MFGP,56,7.5,19.96099896077069
Branin-Unfav,MFGP,56,8.5,2.542943994350209
Branin-Unfav,MFGP,56,9.0,2.542943994350209
Branin-Unfav,MFGP,56,9.5,2.542943994350209
Branin-Unfav,MFGP,56,10.5,1.4198322018762068
Branin-Unfav,MFGP,56,11.0,1.4198322018762068
Branin-Unfav,MFGP,56,11.5,1.4198322018762068
Branin-Unfav,MFGP,56,12.5,0.5013145474907049
Branin-Unfav,MFGP,56,13.0,0.5013145474907049
Branin-Unfav,MFGP,56,13.5,0.5013145474907049
Branin-Unfav,MFGP,56,14.5,0.191560229096244
Branin-Unfav,MFGP,56,15.0,0.191560229096244
Branin-Unfav,MFGP,56,15.5,0.191560229096244
Branin-Unfav,MFGP,56,16.5,0.1600559232407591
Branin-Unfav,MFGP,56,17.0,0.1600559232407591
Branin-Unfav,MFGP,56,17.5,0.1600559232407591
Branin-Unfav,MFGP,56,18.5,0.1600559232407591
Branin-Unfav,MFGP,56,19.0,0.1600559232407591
Branin-Unfav,MFGP,56,19.5,0.1600559232407591
Branin-Unfav,MFGP,56,20.5,0.1600559232407591
Branin-Unfav,MFGP,56,21.0,0.1600559232407591
Branin-Unfav,MFGP,56,21.5,0.1600559232407591
Branin-Unfav,MFGP,56,22.5,0.1600559232407591
Branin-Unfav,MFGP,56,23.0,0.1600559232407591
Branin-Unfav,MFGP,56,23.5,0.1600559232407591
Branin-Unfav,MFGP,56,24.5,0.1600559232407591
Branin-Unfav,MFGP,56,25.0,0.1600559232407591
Branin-Unfav,MFGP,56,25.5,0.1600559232407591
Branin-Unfav,MFGP,56,26.5,0.1600559232407591
Branin-Unfav,MFGP,56,27.0,0.1600559232407591
Branin-Unfav,MFGP,56,27.5,0.1600559232407591
Branin-Unfav,MFGP,56,28.5,0.1600559232407591
Branin-Unfav,MFGP,56,29.0,0.1600559232407591
Branin-Unfav,MFGP,56,29.5,0.1600559232407591
Branin-Unfav,MFGP,56,30.5,0.1600559232407591
Branin-Unfav,MFGP,56,31.0,0.1600559232407591
Branin-Unfav,MFGP,56,31.5,0.1600559232407591
Branin-Unfav,MFGP,56,32.5,0.1600559232407591
Branin-Unfav,MFGP,56,33.0,0.1600559232407591
Branin-Unfav,MFGP,56,33.5,0.1600559232407591
Branin-Unfav,MFGP,56,34.5,0.1600559232407591
Branin-Unfav,MFGP,56,35.0,0.1600559232407591
Branin-Unfav,MFGP,56,35.5,0.1600559232407591
Branin-Unfav,MFGP,56,36.5,0.1600559232407591
Branin-Unfav,MFGP,56,37.0,0.1600559232407591
Branin-Unfav,MFGP,56,37.5,0.1600559232407591
Branin-Unfav,MFGP,56,38.5,0.1600559232407591
Branin-Unfav,MFGP,56,39.0,0.1600559232407591
Branin-Unfav,MFGP,56,39.5,0.1600559232407591
Branin-Unfav,MFGP,56,40.5,0.1600559232407591
Branin-Unfav,MFGP,56,41.0,0.1600559232407591
Branin-Unfav,MFGP,56,41.5,0.1600559232407591
Branin-Unfav,MFGP,56,42.5,0.1600559232407591
Branin-Unfav,MFGP,56,43.0,0.1600559232407591
Branin-Unfav,MFGP,56,43.5,0.1600559232407591
Branin-Unfav,MFGP,56,44.5,0.1600559232407591
Branin-Unfav,MFGP,56,45.0,0.1600559232407591
Branin-Unfav,MFGP,56,45.5,0.1600559232407591
Branin-Unfav,MFGP,56,46.5,0.1600559232407591
Branin-Unfav,MFGP,56,47.0,0.1600559232407591
Branin-Unfav,MFGP,56,47.5,0.1600559232407591
Branin-Unfav,MFGP,56,48.5,0.1600559232407591
Branin-Unfav,MFGP,56,49.0,0.1600559232407591
Branin-Unfav,MFGP,56,49.5,0.1600559232407591
Branin-Unfav,MFGP,56,50.0,0.1600559232407591
Branin-Unfav,MFGP,57,4.5,0.9873388055472008
Branin-Unfav,MFGP,57,5.0,0.9873388055472008
Branin-Unfav,MFGP,57,5.5,0.9873388055472008
Branin-Unfav,MFGP,57,6.5,0.9873388055472008
Branin-Unfav,MFGP,57,7.0,0.9873388055472008
Branin-Unfav,MFGP,57,7.5,0.9873388055472008
Branin-Unfav,MFGP,57,8.5,0.0748038021785529
Branin-Unfav,MFGP,57,9.0,0.0748038021785529
Branin-Unfav,MFGP,57,9.5,0.0748038021785529
Branin-Unfav,MFGP,57,10.5,0.0748038021785529
Branin-Unfav,MFGP,57,11.0,0.0748038021785529
Branin-Unfav,MFGP,57,11.5,0.0748038021785529
Branin-Unfav,MFGP,57,12.5,0.0748038021785529
Branin-Unfav,MFGP,57,13.0,0.0748038021785529
Branin-Unfav,MFGP,57,13.5,0.0748038021785529
Branin-Unfav,MFGP,57,14.5,0.0748038021785529
Branin-Unfav,MFGP,57,15.0,0.0748038021785529
Branin-Unfav,MFGP,57,15.5,0.0748038021785529
Branin-Unfav,MFGP,57,16.5,0.0748038021785529
Branin-Unfav,MFGP,57,17.0,0.0748038021785529
Branin-Unfav,MFGP,57,17.5,0.0748038021785529
Branin-Unfav,MFGP,57,18.5,0.0748038021785529
Branin-Unfav,MFGP,57,19.0,0.0748038021785529
Branin-Unfav,MFGP,57,19.5,0.0748038021785529
Branin-Unfav,MFGP,57,20.5,0.0748038021785529
Branin-Unfav,MFGP,57,21.0,0.0748038021785529
Branin-Unfav,MFGP,57,21.5,0.0748038021785529
Branin-Unfav,MFGP,57,22.5,0.0748038021785529
Branin-Unfav,MFGP,57,23.0,0.0748038021785529
Branin-Unfav,MFGP,57,23.5,0.0748038021785529
Branin-Unfav,MFGP,57,24.5,0.0748038021785529
Branin-Unfav,MFGP,57,25.0,0.0748038021785529
Branin-Unfav,MFGP,57,25.5,0.0748038021785529
Branin-Unfav,MFGP,57,26.5,0.0748038021785529
Branin-Unfav,MFGP,57,27.0,0.0748038021785529
Branin-Unfav,MFGP,57,27.5,0.0748038021785529
Branin-Unfav,MFGP,57,28.5,0.0748038021785529
Branin-Unfav,MFGP,57,29.0,0.0748038021785529
Branin-Unfav,MFGP,57,29.5,0.0748038021785529
Branin-Unfav,MFGP,57,30.5,0.0090199620446708
Branin-Unfav,MFGP,57,31.0,0.0090199620446708
Branin-Unfav,MFGP,57,31.5,0.0090199620446708
Branin-Unfav,MFGP,57,32.5,0.0090199620446708
Branin-Unfav,MFGP,57,33.0,0.0090199620446708
Branin-Unfav,MFGP,57,33.5,0.0090199620446708
Branin-Unfav,MFGP,57,34.5,0.0090199620446708
Branin-Unfav,MFGP,57,35.0,0.0090199620446708
Branin-Unfav,MFGP,57,35.5,0.0090199620446708
Branin-Unfav,MFGP,57,36.5,0.0090199620446708
Branin-Unfav,MFGP,57,37.0,0.0090199620446708
Branin-Unfav,MFGP,57,37.5,0.0090199620446708
Branin-Unfav,MFGP,57,38.5,0.0090199620446708
Branin-Unfav,MFGP,57,39.0,0.0090199620446708
Branin-Unfav,MFGP,57,39.5,0.0090199620446708
Branin-Unfav,MFGP,57,40.5,0.0090199620446708
Branin-Unfav,MFGP,57,41.0,0.0090199620446708
Branin-Unfav,MFGP,57,41.5,0.0090199620446708
Branin-Unfav,MFGP,57,42.5,0.0090199620446708
Branin-Unfav,MFGP,57,43.0,0.0090199620446708
Branin-Unfav,MFGP,57,43.5,0.0090199620446708
Branin-Unfav,MFGP,57,44.5,0.0090199620446708
Branin-Unfav,MFGP,57,45.0,0.0090199620446708
Branin-Unfav,MFGP,57,45.5,0.0090199620446708
Branin-Unfav,MFGP,57,46.5,0.0090199620446708
Branin-Unfav,MFGP,57,47.0,0.0090199620446708
Branin-Unfav,MFGP,57,47.5,0.0090199620446708
Branin-Unfav,MFGP,57,48.5,0.0090199620446708
Branin-Unfav,MFGP,57,49.0,0.0090199620446708
Branin-Unfav,MFGP,57,49.5,0.0090199620446708
Branin-Unfav,MFGP,57,50.0,0.0090199620446708
Branin-Unfav,MFGP,58,4.5,38.55432292132377
Branin-Unfav,MFGP,58,5.0,38.55432292132377
Branin-Unfav,MFGP,58,5.5,38.55432292132377
Branin-Unfav,MFGP,58,6.5,1.7266015652031743
Branin-Unfav,MFGP,58,7.0,1.7266015652031743
Branin-Unfav,MFGP,58,7.5,1.7266015652031743
Branin-Unfav,MFGP,58,8.5,1.053832293404782
Branin-Unfav,MFGP,58,9.0,1.053832293404782
Branin-Unfav,MFGP,58,9.5,1.053832293404782
Branin-Unfav,MFGP,58,10.5,0.0748038021785529
Branin-Unfav,MFGP,58,11.0,0.0748038021785529
Branin-Unfav,MFGP,58,11.5,0.0748038021785529
Branin-Unfav,MFGP,58,12.5,0.0748038021785529
Branin-Unfav,MFGP,58,13.0,0.0748038021785529
Branin-Unfav,MFGP,58,13.5,0.0748038021785529
Branin-Unfav,MFGP,58,14.5,0.0748038021785529
Branin-Unfav,MFGP,58,15.0,0.0748038021785529
Branin-Unfav,MFGP,58,15.5,0.0748038021785529
Branin-Unfav,MFGP,58,16.5,0.0748038021785529
Branin-Unfav,MFGP,58,17.0,0.0748038021785529
Branin-Unfav,MFGP,58,17.5,0.0748038021785529
Branin-Unfav,MFGP,58,18.5,0.0748038021785529
Branin-Unfav,MFGP,58,19.0,0.0748038021785529
Branin-Unfav,MFGP,58,19.5,0.0748038021785529
Branin-Unfav,MFGP,58,20.5,0.0748038021785529
Branin-Unfav,MFGP,58,21.0,0.0748038021785529
Branin-Unfav,MFGP,58,21.5,0.0748038021785529
Branin-Unfav,MFGP,58,22.5,0.0748038021785529
Branin-Unfav,MFGP,58,23.0,0.0748038021785529
Branin-Unfav,MFGP,58,23.5,0.0748038021785529
Branin-Unfav,MFGP,58,24.5,0.0748038021785529
Branin-Unfav,MFGP,58,25.0,0.0748038021785529
Branin-Unfav,MFGP,58,25.5,0.0748038021785529
Branin-Unfav,MFGP,58,26.5,0.0748038021785529
Branin-Unfav,MFGP,58,27.0,0.0748038021785529
Branin-Unfav,MFGP,58,27.5,0.0748038021785529
Branin-Unfav,MFGP,58,28.5,0.0748038021785529
Branin-Unfav,MFGP,58,29.0,0.0748038021785529
Branin-Unfav,MFGP,58,29.5,0.0748038021785529
Branin-Unfav,MFGP,58,30.5,0.0748038021785529
Branin-Unfav,MFGP,58,31.0,0.0748038021785529
Branin-Unfav,MFGP,58,31.5,0.0748038021785529
Branin-Unfav,MFGP,58,32.5,0.0748038021785529
Branin-Unfav,MFGP,58,33.0,0.0748038021785529
Branin-Unfav,MFGP,58,33.5,0.0748038021785529
Branin-Unfav,MFGP,58,34.5,0.0748038021785529
Branin-Unfav,MFGP,58,35.0,0.0748038021785529
Branin-Unfav,MFGP,58,35.5,0.0748038021785529
Branin-Unfav,MFGP,58,36.5,0.0748038021785529
Branin-Unfav,MFGP,58,37.0,0.0748038021785529
Branin-Unfav,MFGP,58,37.5,0.0748038021785529
Branin-Unfav,MFGP,58,38.5,0.0748038021785529
Branin-Unfav,MFGP,58,39.0,0.0748038021785529
Branin-Unfav,MFGP,58,39.5,0.0748038021785529
Branin-Unfav,MFGP,58,40.5,0.0748038021785529
Branin-Unfav,MFGP,58,41.0,0.0748038021785529
Branin-Unfav,MFGP,58,41.5,0.0748038021785529
Branin-Unfav,MFGP,58,42.5,0.0748038021785529
Branin-Unfav,MFGP,58,43.0,0.0748038021785529
Branin-Unfav,MFGP,58,43.5,0.0748038021785529
Branin-Unfav,MFGP,58,44.5,0.0748038021785529
Branin-Unfav,MFGP,58,45.0,0.0748038021785529
Branin-Unfav,MFGP,58,45.5,0.0748038021785529
Branin-Unfav,MFGP,58,46.5,0.0748038021785529
Branin-Unfav,MFGP,58,47.0,0.0748038021785529
Branin-Unfav,MFGP,58,47.5,0.0748038021785529
Branin-Unfav,MFGP,58,48.5,0.0748038021785529
Branin-Unfav,MFGP,58,49.0,0.0748038021785529
Branin-Unfav,MFGP,58,49.5,0.0748038021785529
Branin-Unfav,MFGP,58,50.0,0.0748038021785529
Branin-Unfav,MFGP,59,4.5,0.8670871380136081
Branin-Unfav,MFGP,59,5.0,0.8670871380136081
Branin-Unfav,MFGP,59,5.5,0.8670871380136081
Branin-Unfav,MFGP,59,6.5,0.8670871380136081
Branin-Unfav,MFGP,59,7.0,0.8670871380136081
Branin-Unfav,MFGP,59,7.5,0.8670871380136081
Branin-Unfav,MFGP,59,8.5,0.8670871380136081
Branin-Unfav,MFGP,59,9.0,0.8670871380136081
Branin-Unfav,MFGP,59,9.5,0.8670871380136081
Branin-Unfav,MFGP,59,10.5,0.8670871380136081
Branin-Unfav,MFGP,59,11.0,0.8670871380136081
Branin-Unfav,MFGP,59,11.5,0.8670871380136081
Branin-Unfav,MFGP,59,12.5,0.8670871380136081
Branin-Unfav,MFGP,59,13.0,0.8670871380136081
Branin-Unfav,MFGP,59,13.5,0.8670871380136081
Branin-Unfav,MFGP,59,14.5,0.0972357826887994
Branin-Unfav,MFGP,59,15.0,0.0972357826887994
Branin-Unfav,MFGP,59,15.5,0.0972357826887994
Branin-Unfav,MFGP,59,16.5,0.0972357826887994
Branin-Unfav,MFGP,59,17.0,0.0972357826887994
Branin-Unfav,MFGP,59,17.5,0.0972357826887994
Branin-Unfav,MFGP,59,18.5,0.0972357826887994
Branin-Unfav,MFGP,59,19.0,0.0972357826887994
Branin-Unfav,MFGP,59,19.5,0.0972357826887994
Branin-Unfav,MFGP,59,20.5,0.0972357826887994
Branin-Unfav,MFGP,59,21.0,0.0972357826887994
Branin-Unfav,MFGP,59,21.5,0.0972357826887994
Branin-Unfav,MFGP,59,22.5,0.0972357826887994
Branin-Unfav,MFGP,59,23.0,0.0972357826887994
Branin-Unfav,MFGP,59,23.5,0.0972357826887994
Branin-Unfav,MFGP,59,24.5,0.0972357826887994
Branin-Unfav,MFGP,59,25.0,0.0972357826887994
Branin-Unfav,MFGP,59,25.5,0.0972357826887994
Branin-Unfav,MFGP,59,26.5,0.0972357826887994
Branin-Unfav,MFGP,59,27.0,0.0972357826887994
Branin-Unfav,MFGP,59,27.5,0.0972357826887994
Branin-Unfav,MFGP,59,28.5,0.0972357826887994
Branin-Unfav,MFGP,59,29.0,0.0972357826887994
Branin-Unfav,MFGP,59,29.5,0.0972357826887994
Branin-Unfav,MFGP,59,30.5,0.0972357826887994
Branin-Unfav,MFGP,59,31.0,0.0972357826887994
Branin-Unfav,MFGP,59,31.5,0.0972357826887994
Branin-Unfav,MFGP,59,32.5,0.0972357826887994
Branin-Unfav,MFGP,59,33.0,0.0972357826887994
Branin-Unfav,MFGP,59,33.5,0.0972357826887994
Branin-Unfav,MFGP,59,34.5,0.0972357826887994
Branin-Unfav,MFGP,59,35.0,0.0972357826887994
Branin-Unfav,MFGP,59,35.5,0.0972357826887994
Branin-Unfav,MFGP,59,36.5,0.0972357826887994
Branin-Unfav,MFGP,59,37.0,0.0972357826887994
Branin-Unfav,MFGP,59,37.5,0.0972357826887994
Branin-Unfav,MFGP,59,38.5,0.0972357826887994
Branin-Unfav,MFGP,59,39.0,0.0972357826887994
Branin-Unfav,MFGP,59,39.5,0.0972357826887994
Branin-Unfav,MFGP,59,40.5,0.0972357826887994
Branin-Unfav,MFGP,59,41.0,0.0972357826887994
Branin-Unfav,MFGP,59,41.5,0.0972357826887994
Branin-Unfav,MFGP,59,42.5,0.0972357826887994
Branin-Unfav,MFGP,59,43.0,0.0972357826887994
Branin-Unfav,MFGP,59,43.5,0.0972357826887994
Branin-Unfav,MFGP,59,44.5,0.0972357826887994
Branin-Unfav,MFGP,59,45.0,0.0972357826887994
Branin-Unfav,MFGP,59,45.5,0.0972357826887994
Branin-Unfav,MFGP,59,46.5,0.0972357826887994
Branin-Unfav,MFGP,59,47.0,0.0972357826887994
Branin-Unfav,MFGP,59,47.5,0.0972357826887994
Branin-Unfav,MFGP,59,48.5,0.0972357826887994
Branin-Unfav,MFGP,59,49.0,0.0972357826887994
Branin-Unfav,MFGP,59,49.5,0.0972357826887994
Branin-Unfav,MFGP,59,50.0,0.0972357826887994
Branin-Unfav,MFGP,60,4.5,10.302361219522668
Branin-Unfav,MFGP,60,5.0,10.302361219522668
Branin-Unfav,MFGP,60,5.5,10.302361219522668
Branin-Unfav,MFGP,60,6.5,10.302361219522668
Branin-Unfav,MFGP,60,7.0,10.302361219522668
Branin-Unfav,MFGP,60,7.5,10.302361219522668
Branin-Unfav,MFGP,60,8.5,10.302361219522668
Branin-Unfav,MFGP,60,9.0,10.302361219522668
Branin-Unfav,MFGP,60,9.5,10.302361219522668
Branin-Unfav,MFGP,60,10.5,2.52727182770696
Branin-Unfav,MFGP,60,11.0,2.52727182770696
Branin-Unfav,MFGP,60,11.5,2.52727182770696
Branin-Unfav,MFGP,60,12.5,2.52727182770696
Branin-Unfav,MFGP,60,13.0,2.52727182770696
Branin-Unfav,MFGP,60,13.5,2.52727182770696
Branin-Unfav,MFGP,60,14.5,2.52727182770696
Branin-Unfav,MFGP,60,15.0,2.52727182770696
Branin-Unfav,MFGP,60,15.5,2.52727182770696
Branin-Unfav,MFGP,60,16.5,2.52727182770696
Branin-Unfav,MFGP,60,17.0,2.52727182770696
Branin-Unfav,MFGP,60,17.5,2.52727182770696
Branin-Unfav,MFGP,60,18.5,0.6923082396329087
Branin-Unfav,MFGP,60,19.0,0.6923082396329087
Branin-Unfav,MFGP,60,19.5,0.6923082396329087
Branin-Unfav,MFGP,60,20.5,0.621405597681515
Branin-Unfav,MFGP,60,21.0,0.621405597681515
Branin-Unfav,MFGP,60,21.5,0.621405597681515
Branin-Unfav,MFGP,60,22.5,0.103397520424047
Branin-Unfav,MFGP,60,23.0,0.103397520424047
Branin-Unfav,MFGP,60,23.5,0.103397520424047
Branin-Unfav,MFGP,60,24.5,0.103397520424047
Branin-Unfav,MFGP,60,25.0,0.103397520424047
Branin-Unfav,MFGP,60,25.5,0.103397520424047
Branin-Unfav,MFGP,60,26.5,0.103397520424047
Branin-Unfav,MFGP,60,27.0,0.103397520424047
Branin-Unfav,MFGP,60,27.5,0.103397520424047
Branin-Unfav,MFGP,60,28.5,0.103397520424047
Branin-Unfav,MFGP,60,29.0,0.103397520424047
Branin-Unfav,MFGP,60,29.5,0.103397520424047
Branin-Unfav,MFGP,60,30.5,0.103397520424047
Branin-Unfav,MFGP,60,31.0,0.103397520424047
Branin-Unfav,MFGP,60,31.5,0.103397520424047
Branin-Unfav,MFGP,60,32.5,0.103397520424047
Branin-Unfav,MFGP,60,33.0,0.103397520424047
Branin-Unfav,MFGP,60,33.5,0.103397520424047
Branin-Unfav,MFGP,60,34.5,0.103397520424047
Branin-Unfav,MFGP,60,35.0,0.103397520424047
Branin-Unfav,MFGP,60,35.5,0.103397520424047
Branin-Unfav,MFGP,60,36.5,0.103397520424047
Branin-Unfav,MFGP,60,37.0,0.103397520424047
Branin-Unfav,MFGP,60,37.5,0.103397520424047
Branin-Unfav,MFGP,60,38.5,0.103397520424047
Branin-Unfav,MFGP,60,39.0,0.103397520424047
Branin-Unfav,MFGP,60,39.5,0.103397520424047
Branin-Unfav,MFGP,60,40.5,0.103397520424047
Branin-Unfav,MFGP,60,41.0,0.103397520424047
Branin-Unfav,MFGP,60,41.5,0.103397520424047
Branin-Unfav,MFGP,60,42.5,0.103397520424047
Branin-Unfav,MFGP,60,43.0,0.103397520424047
Branin-Unfav,MFGP,60,43.5,0.103397520424047
Branin-Unfav,MFGP,60,44.5,0.103397520424047
Branin-Unfav,MFGP,60,45.0,0.103397520424047
Branin-Unfav,MFGP,60,45.5,0.103397520424047
Branin-Unfav,MFGP,60,46.5,0.103397520424047
Branin-Unfav,MFGP,60,47.0,0.103397520424047
Branin-Unfav,MFGP,60,47.5,0.103397520424047
Branin-Unfav,MFGP,60,48.5,0.103397520424047
Branin-Unfav,MFGP,60,49.0,0.103397520424047
Branin-Unfav,MFGP,60,49.5,0.103397520424047
Branin-Unfav,MFGP,60,50.0,0.103397520424047
Branin-Unfav,MFGP,61,4.5,104.8622838893193
Branin-Unfav,MFGP,61,5.0,104.8622838893193
Branin-Unfav,MFGP,61,5.5,104.8622838893193
Branin-Unfav,MFGP,61,6.5,0.2705594724235735
Branin-Unfav,MFGP,61,7.0,0.2705594724235735
Branin-Unfav,MFGP,61,7.5,0.2705594724235735
Branin-Unfav,MFGP,61,8.5,0.2705594724235735
Branin-Unfav,MFGP,61,9.0,0.2705594724235735
Branin-Unfav,MFGP,61,9.5,0.2705594724235735
Branin-Unfav,MFGP,61,10.5,0.2705594724235735
Branin-Unfav,MFGP,61,11.0,0.2705594724235735
Branin-Unfav,MFGP,61,11.5,0.2705594724235735
Branin-Unfav,MFGP,61,12.5,0.2369742815964678
Branin-Unfav,MFGP,61,13.0,0.2369742815964678
Branin-Unfav,MFGP,61,13.5,0.2369742815964678
Branin-Unfav,MFGP,61,14.5,0.2369742815964678
Branin-Unfav,MFGP,61,15.0,0.2369742815964678
Branin-Unfav,MFGP,61,15.5,0.2369742815964678
Branin-Unfav,MFGP,61,16.5,0.2369742815964678
Branin-Unfav,MFGP,61,17.0,0.2369742815964678
Branin-Unfav,MFGP,61,17.5,0.2369742815964678
Branin-Unfav,MFGP,61,18.5,0.2369742815964678
Branin-Unfav,MFGP,61,19.0,0.2369742815964678
Branin-Unfav,MFGP,61,19.5,0.2369742815964678
Branin-Unfav,MFGP,61,20.5,0.2369742815964678
Branin-Unfav,MFGP,61,21.0,0.2369742815964678
Branin-Unfav,MFGP,61,21.5,0.2369742815964678
Branin-Unfav,MFGP,61,22.5,0.2369742815964678
Branin-Unfav,MFGP,61,23.0,0.2369742815964678
Branin-Unfav,MFGP,61,23.5,0.2369742815964678
Branin-Unfav,MFGP,61,24.5,0.2369742815964678
Branin-Unfav,MFGP,61,25.0,0.2369742815964678
Branin-Unfav,MFGP,61,25.5,0.2369742815964678
Branin-Unfav,MFGP,61,26.5,0.2369742815964678
Branin-Unfav,MFGP,61,27.0,0.2369742815964678
Branin-Unfav,MFGP,61,27.5,0.2369742815964678
Branin-Unfav,MFGP,61,28.5,0.2369742815964678
Branin-Unfav,MFGP,61,29.0,0.2369742815964678
Branin-Unfav,MFGP,61,29.5,0.2369742815964678
Branin-Unfav,MFGP,61,30.5,0.2369742815964678
Branin-Unfav,MFGP,61,31.0,0.2369742815964678
Branin-Unfav,MFGP,61,31.5,0.2369742815964678
Branin-Unfav,MFGP,61,32.5,0.2369742815964678
Branin-Unfav,MFGP,61,33.0,0.2369742815964678
Branin-Unfav,MFGP,61,33.5,0.2369742815964678
Branin-Unfav,MFGP,61,34.5,0.2369742815964678
Branin-Unfav,MFGP,61,35.0,0.2369742815964678
Branin-Unfav,MFGP,61,35.5,0.2369742815964678
Branin-Unfav,MFGP,61,36.5,0.2369742815964678
Branin-Unfav,MFGP,61,37.0,0.2369742815964678
Branin-Unfav,MFGP,61,37.5,0.2369742815964678
Branin-Unfav,MFGP,61,38.5,0.2369742815964678
Branin-Unfav,MFGP,61,39.0,0.2369742815964678
Branin-Unfav,MFGP,61,39.5,0.2369742815964678
Branin-Unfav,MFGP,61,40.5,0.2369742815964678
Branin-Unfav,MFGP,61,41.0,0.2369742815964678
Branin-Unfav,MFGP,61,41.5,0.2369742815964678
Branin-Unfav,MFGP,61,42.5,0.2369742815964678
Branin-Unfav,MFGP,61,43.0,0.2369742815964678
Branin-Unfav,MFGP,61,43.5,0.2369742815964678
Branin-Unfav,MFGP,61,44.5,0.2369742815964678
Branin-Unfav,MFGP,61,45.0,0.2369742815964678
Branin-Unfav,MFGP,61,45.5,0.2369742815964678
Branin-Unfav,MFGP,61,46.5,0.2369742815964678
Branin-Unfav,MFGP,61,47.0,0.2369742815964678
Branin-Unfav,MFGP,61,47.5,0.2369742815964678
Branin-Unfav,MFGP,61,48.5,0.2369742815964678
Branin-Unfav,MFGP,61,49.0,0.2369742815964678
Branin-Unfav,MFGP,61,49.5,0.2369742815964678
Branin-Unfav,MFGP,61,50.0,0.2369742815964678
COFs,MFGP,42,3.5,15.411634978620436
COFs,MFGP,42,3.56,15.411634978620436
COFs,MFGP,42,3.62,15.411634978620436
COFs,MFGP,42,3.69,15.411634978620436
COFs,MFGP,42,3.75,15.411634978620436
COFs,MFGP,42,3.82,15.411634978620436
COFs,MFGP,42,3.88,15.411634978620436
COFs,MFGP,42,3.95,15.411634978620436
COFs,MFGP,42,4.01,15.411634978620436
COFs,MFGP,42,4.08,15.411634978620436
COFs,MFGP,42,4.15,15.411634978620436
COFs,MFGP,42,4.21,15.411634978620436
COFs,MFGP,42,4.28,15.411634978620436
COFs,MFGP,42,4.34,15.411634978620436
COFs,MFGP,42,4.41,15.411634978620436
COFs,MFGP,42,4.47,15.411634978620436
COFs,MFGP,42,5.47,15.411634978620436
COFs,MFGP,42,5.54,15.411634978620436
COFs,MFGP,42,5.6,15.411634978620436
COFs,MFGP,42,5.67,15.411634978620436
COFs,MFGP,42,5.73,15.411634978620436
COFs,MFGP,42,5.8,15.411634978620436
COFs,MFGP,42,5.86,15.411634978620436
COFs,MFGP,42,5.93,15.411634978620436
COFs,MFGP,42,5.99,15.411634978620436
COFs,MFGP,42,6.06,15.411634978620436
COFs,MFGP,42,6.12,15.411634978620436
COFs,MFGP,42,6.19,15.411634978620436
COFs,MFGP,42,6.25,15.411634978620436
COFs,MFGP,42,6.32,15.411634978620436
COFs,MFGP,42,6.38,15.411634978620436
COFs,MFGP,42,6.45,15.411634978620436
COFs,MFGP,42,7.45,10.90904598655704
COFs,MFGP,42,7.51,10.90904598655704
COFs,MFGP,42,7.58,10.90904598655704
COFs,MFGP,42,7.64,10.90904598655704
COFs,MFGP,42,7.71,10.90904598655704
COFs,MFGP,42,7.77,10.90904598655704
COFs,MFGP,42,7.84,10.90904598655704
COFs,MFGP,42,7.9,10.90904598655704
COFs,MFGP,42,7.97,10.90904598655704
COFs,MFGP,42,8.03,10.90904598655704
COFs,MFGP,42,8.1,10.90904598655704
COFs,MFGP,42,8.16,10.90904598655704
COFs,MFGP,42,8.23,10.90904598655704
COFs,MFGP,42,8.29,10.90904598655704
COFs,MFGP,42,8.36,10.90904598655704
COFs,MFGP,42,8.42,10.90904598655704
COFs,MFGP,42,9.42,10.90904598655704
COFs,MFGP,42,9.49,10.90904598655704
COFs,MFGP,42,9.55,10.90904598655704
COFs,MFGP,42,9.62,10.90904598655704
COFs,MFGP,42,9.68,10.90904598655704
COFs,MFGP,42,9.75,10.90904598655704
COFs,MFGP,42,9.81,10.90904598655704
COFs,MFGP,42,9.88,10.90904598655704
COFs,MFGP,42,9.94,10.90904598655704
COFs,MFGP,42,10.01,10.90904598655704
COFs,MFGP,42,10.07,10.90904598655704
COFs,MFGP,42,10.14,10.90904598655704
COFs,MFGP,42,10.2,10.90904598655704
COFs,MFGP,42,10.27,10.90904598655704
COFs,MFGP,42,10.33,10.90904598655704
COFs,MFGP,42,10.4,10.90904598655704
COFs,MFGP,42,11.4,10.110864412373386
COFs,MFGP,42,11.46,10.110864412373386
COFs,MFGP,42,11.53,10.110864412373386
COFs,MFGP,42,11.59,10.110864412373386
COFs,MFGP,42,11.65,10.110864412373386
COFs,MFGP,42,11.72,10.110864412373386
COFs,MFGP,42,11.78,10.110864412373386
COFs,MFGP,42,11.85,10.110864412373386
COFs,MFGP,42,11.91,10.110864412373386
COFs,MFGP,42,11.98,10.110864412373386
COFs,MFGP,42,12.04,10.110864412373386
COFs,MFGP,42,12.11,10.110864412373386
COFs,MFGP,42,12.17,10.110864412373386
COFs,MFGP,42,12.24,10.110864412373386
COFs,MFGP,42,12.3,10.110864412373386
COFs,MFGP,42,12.37,10.110864412373386
COFs,MFGP,42,13.37,10.110864412373386
COFs,MFGP,42,13.43,10.110864412373386
COFs,MFGP,42,13.5,10.110864412373386
COFs,MFGP,42,13.56,10.110864412373386
COFs,MFGP,42,13.63,10.110864412373386
COFs,MFGP,42,13.69,10.110864412373386
COFs,MFGP,42,13.76,10.110864412373386
COFs,MFGP,42,13.82,10.110864412373386
COFs,MFGP,42,13.89,10.110864412373386
COFs,MFGP,42,13.95,10.110864412373386
COFs,MFGP,42,14.02,10.110864412373386
COFs,MFGP,42,14.08,10.110864412373386
COFs,MFGP,42,14.15,10.110864412373386
COFs,MFGP,42,14.21,10.110864412373386
COFs,MFGP,42,14.28,10.110864412373386
COFs,MFGP,42,14.34,10.110864412373386
COFs,MFGP,42,15.34,10.110864412373386
COFs,MFGP,42,15.41,10.110864412373386
COFs,MFGP,42,15.47,10.110864412373386
COFs,MFGP,42,15.54,10.110864412373386
COFs,MFGP,42,15.6,10.110864412373386
COFs,MFGP,42,15.67,10.110864412373386
COFs,MFGP,42,15.73,10.110864412373386
COFs,MFGP,42,15.8,10.110864412373386
COFs,MFGP,42,15.86,10.110864412373386
COFs,MFGP,42,15.93,10.110864412373386
COFs,MFGP,42,15.99,10.110864412373386
COFs,MFGP,42,16.06,10.110864412373386
COFs,MFGP,42,16.12,10.110864412373386
COFs,MFGP,42,16.19,10.110864412373386
COFs,MFGP,42,16.25,10.110864412373386
COFs,MFGP,42,16.32,10.110864412373386
COFs,MFGP,42,17.32,10.110864412373386
COFs,MFGP,42,17.38,10.110864412373386
COFs,MFGP,42,17.45,10.110864412373386
COFs,MFGP,42,17.51,10.110864412373386
COFs,MFGP,42,17.58,10.110864412373386
COFs,MFGP,42,17.64,10.110864412373386
COFs,MFGP,42,17.71,10.110864412373386
COFs,MFGP,42,17.77,10.110864412373386
COFs,MFGP,42,17.84,10.110864412373386
COFs,MFGP,42,17.9,10.110864412373386
COFs,MFGP,42,17.97,10.110864412373386
COFs,MFGP,42,18.04,10.110864412373386
COFs,MFGP,42,18.1,10.110864412373386
COFs,MFGP,42,18.17,10.110864412373386
COFs,MFGP,42,18.23,10.110864412373386
COFs,MFGP,42,18.3,10.110864412373386
COFs,MFGP,42,19.3,10.110864412373386
COFs,MFGP,42,19.36,10.110864412373386
COFs,MFGP,42,19.43,10.110864412373386
COFs,MFGP,42,19.49,10.110864412373386
COFs,MFGP,42,19.56,10.110864412373386
COFs,MFGP,42,19.62,10.110864412373386
COFs,MFGP,42,19.69,10.110864412373386
COFs,MFGP,42,19.75,10.110864412373386
COFs,MFGP,42,19.82,10.110864412373386
COFs,MFGP,42,19.88,10.110864412373386
COFs,MFGP,42,19.95,10.110864412373386
COFs,MFGP,42,20.01,10.110864412373386
COFs,MFGP,42,20.08,10.110864412373386
COFs,MFGP,42,20.14,10.110864412373386
COFs,MFGP,42,20.21,10.110864412373386
COFs,MFGP,42,20.27,10.110864412373386
COFs,MFGP,42,21.27,10.110864412373386
COFs,MFGP,42,21.34,10.110864412373386
COFs,MFGP,42,21.4,10.110864412373386
COFs,MFGP,42,21.47,10.110864412373386
COFs,MFGP,42,21.53,10.110864412373386
COFs,MFGP,42,21.6,10.110864412373386
COFs,MFGP,42,21.66,10.110864412373386
COFs,MFGP,42,21.73,10.110864412373386
COFs,MFGP,42,21.79,10.110864412373386
COFs,MFGP,42,21.86,10.110864412373386
COFs,MFGP,42,21.92,10.110864412373386
COFs,MFGP,42,21.99,10.110864412373386
COFs,MFGP,42,22.05,10.110864412373386
COFs,MFGP,42,22.12,10.110864412373386
COFs,MFGP,42,22.18,10.110864412373386
COFs,MFGP,42,22.25,10.110864412373386
COFs,MFGP,42,23.25,10.110864412373386
COFs,MFGP,42,23.31,10.110864412373386
COFs,MFGP,42,23.38,10.110864412373386
COFs,MFGP,42,23.44,10.110864412373386
COFs,MFGP,42,23.51,10.110864412373386
COFs,MFGP,42,23.57,10.110864412373386
COFs,MFGP,42,23.64,10.110864412373386
COFs,MFGP,42,23.7,10.110864412373386
COFs,MFGP,42,23.77,10.110864412373386
COFs,MFGP,42,23.83,10.110864412373386
COFs,MFGP,42,23.9,10.110864412373386
COFs,MFGP,42,23.96,10.110864412373386
COFs,MFGP,42,24.03,10.110864412373386
COFs,MFGP,42,24.09,10.110864412373386
COFs,MFGP,42,24.16,10.110864412373386
COFs,MFGP,42,24.22,10.110864412373386
COFs,MFGP,42,25.22,10.110864412373386
COFs,MFGP,42,25.29,10.110864412373386
COFs,MFGP,42,25.35,10.110864412373386
COFs,MFGP,42,25.42,10.110864412373386
COFs,MFGP,42,25.48,10.110864412373386
COFs,MFGP,42,25.55,10.110864412373386
COFs,MFGP,42,25.61,10.110864412373386
COFs,MFGP,42,25.68,10.110864412373386
COFs,MFGP,42,25.74,10.110864412373386
COFs,MFGP,42,25.81,10.110864412373386
COFs,MFGP,42,25.87,10.110864412373386
COFs,MFGP,42,25.94,10.110864412373386
COFs,MFGP,42,26.0,10.110864412373386
COFs,MFGP,42,26.07,10.110864412373386
COFs,MFGP,42,26.13,10.110864412373386
COFs,MFGP,42,26.2,10.110864412373386
COFs,MFGP,42,27.2,10.110864412373386
COFs,MFGP,42,27.26,10.110864412373386
COFs,MFGP,42,27.33,10.110864412373386
COFs,MFGP,42,27.39,10.110864412373386
COFs,MFGP,42,27.46,10.110864412373386
COFs,MFGP,42,27.52,10.110864412373386
COFs,MFGP,42,27.59,10.110864412373386
COFs,MFGP,42,27.65,10.110864412373386
COFs,MFGP,42,27.72,10.110864412373386
COFs,MFGP,42,27.78,10.110864412373386
COFs,MFGP,42,27.85,10.110864412373386
COFs,MFGP,42,27.91,10.110864412373386
COFs,MFGP,42,27.98,10.110864412373386
COFs,MFGP,42,28.04,10.110864412373386
COFs,MFGP,42,28.11,10.110864412373386
COFs,MFGP,42,28.17,10.110864412373386
COFs,MFGP,42,29.17,10.110864412373386
COFs,MFGP,42,29.24,10.110864412373386
COFs,MFGP,42,29.3,10.110864412373386
COFs,MFGP,42,29.37,10.110864412373386
COFs,MFGP,42,29.43,10.110864412373386
COFs,MFGP,42,29.5,10.110864412373386
COFs,MFGP,42,29.56,10.110864412373386
COFs,MFGP,42,29.63,10.110864412373386
COFs,MFGP,42,29.69,10.110864412373386
COFs,MFGP,42,29.76,10.110864412373386
COFs,MFGP,42,29.82,10.110864412373386
COFs,MFGP,42,29.89,10.110864412373386
COFs,MFGP,42,29.95,10.110864412373386
COFs,MFGP,43,3.5,2.768421691579954
COFs,MFGP,43,3.56,2.768421691579954
COFs,MFGP,43,3.62,2.768421691579954
COFs,MFGP,43,3.69,2.768421691579954
COFs,MFGP,43,3.75,2.768421691579954
COFs,MFGP,43,3.82,2.768421691579954
COFs,MFGP,43,3.88,2.768421691579954
COFs,MFGP,43,3.95,2.768421691579954
COFs,MFGP,43,4.01,2.768421691579954
COFs,MFGP,43,4.08,2.768421691579954
COFs,MFGP,43,4.15,2.768421691579954
COFs,MFGP,43,4.21,2.768421691579954
COFs,MFGP,43,4.28,2.768421691579954
COFs,MFGP,43,4.34,2.768421691579954
COFs,MFGP,43,4.41,2.768421691579954
COFs,MFGP,43,4.47,2.768421691579954
COFs,MFGP,43,5.47,2.768421691579954
COFs,MFGP,43,5.54,2.768421691579954
COFs,MFGP,43,5.6,2.768421691579954
COFs,MFGP,43,5.67,2.768421691579954
COFs,MFGP,43,5.73,2.768421691579954
COFs,MFGP,43,5.8,2.768421691579954
COFs,MFGP,43,5.86,2.768421691579954
COFs,MFGP,43,5.93,2.768421691579954
COFs,MFGP,43,5.99,2.768421691579954
COFs,MFGP,43,6.06,2.768421691579954
COFs,MFGP,43,6.12,2.768421691579954
COFs,MFGP,43,6.19,2.768421691579954
COFs,MFGP,43,6.25,2.768421691579954
COFs,MFGP,43,6.32,2.768421691579954
COFs,MFGP,43,6.38,2.768421691579954
COFs,MFGP,43,6.45,2.768421691579954
COFs,MFGP,43,7.45,2.768421691579954
COFs,MFGP,43,7.51,2.768421691579954
COFs,MFGP,43,7.58,2.768421691579954
COFs,MFGP,43,7.64,2.768421691579954
COFs,MFGP,43,7.71,2.768421691579954
COFs,MFGP,43,7.77,2.768421691579954
COFs,MFGP,43,7.84,2.768421691579954
COFs,MFGP,43,7.9,2.768421691579954
COFs,MFGP,43,7.97,2.768421691579954
COFs,MFGP,43,8.03,2.768421691579954
COFs,MFGP,43,8.1,2.768421691579954
COFs,MFGP,43,8.16,2.768421691579954
COFs,MFGP,43,8.23,2.768421691579954
COFs,MFGP,43,8.29,2.768421691579954
COFs,MFGP,43,8.36,2.768421691579954
COFs,MFGP,43,8.42,2.768421691579954
COFs,MFGP,43,9.42,2.768421691579954
COFs,MFGP,43,9.49,2.768421691579954
COFs,MFGP,43,9.55,2.768421691579954
COFs,MFGP,43,9.62,2.768421691579954
COFs,MFGP,43,9.68,2.768421691579954
COFs,MFGP,43,9.75,2.768421691579954
COFs,MFGP,43,9.81,2.768421691579954
COFs,MFGP,43,9.88,2.768421691579954
COFs,MFGP,43,9.94,2.768421691579954
COFs,MFGP,43,10.01,2.768421691579954
COFs,MFGP,43,10.07,2.768421691579954
COFs,MFGP,43,10.14,2.768421691579954
COFs,MFGP,43,10.2,2.768421691579954
COFs,MFGP,43,10.27,2.768421691579954
COFs,MFGP,43,10.33,2.768421691579954
COFs,MFGP,43,10.4,2.768421691579954
COFs,MFGP,43,11.4,2.768421691579954
COFs,MFGP,43,11.46,2.768421691579954
COFs,MFGP,43,11.53,2.768421691579954
COFs,MFGP,43,11.59,2.768421691579954
COFs,MFGP,43,11.65,2.768421691579954
COFs,MFGP,43,11.72,2.768421691579954
COFs,MFGP,43,11.78,2.768421691579954
COFs,MFGP,43,11.85,2.768421691579954
COFs,MFGP,43,11.91,2.768421691579954
COFs,MFGP,43,11.98,2.768421691579954
COFs,MFGP,43,12.04,2.768421691579954
COFs,MFGP,43,12.11,2.768421691579954
COFs,MFGP,43,12.17,2.768421691579954
COFs,MFGP,43,12.24,2.768421691579954
COFs,MFGP,43,12.3,2.768421691579954
COFs,MFGP,43,12.37,2.768421691579954
COFs,MFGP,43,13.37,2.768421691579954
COFs,MFGP,43,13.43,2.768421691579954
COFs,MFGP,43,13.5,2.768421691579954
COFs,MFGP,43,13.56,2.768421691579954
COFs,MFGP,43,13.63,2.768421691579954
COFs,MFGP,43,13.69,2.768421691579954
COFs,MFGP,43,13.76,2.768421691579954
COFs,MFGP,43,13.82,2.768421691579954
COFs,MFGP,43,13.89,2.768421691579954
COFs,MFGP,43,13.95,2.768421691579954
COFs,MFGP,43,14.02,2.768421691579954
COFs,MFGP,43,14.08,2.768421691579954
COFs,MFGP,43,14.15,2.768421691579954
COFs,MFGP,43,14.21,2.768421691579954
COFs,MFGP,43,14.28,2.768421691579954
COFs,MFGP,43,14.34,2.768421691579954
COFs,MFGP,43,15.34,2.768421691579954
COFs,MFGP,43,15.41,2.768421691579954
COFs,MFGP,43,15.47,2.768421691579954
COFs,MFGP,43,15.54,2.768421691579954
COFs,MFGP,43,15.6,2.768421691579954
COFs,MFGP,43,15.67,2.768421691579954
COFs,MFGP,43,15.73,2.768421691579954
COFs,MFGP,43,15.8,2.768421691579954
COFs,MFGP,43,15.86,2.768421691579954
COFs,MFGP,43,15.93,2.768421691579954
COFs,MFGP,43,15.99,2.768421691579954
COFs,MFGP,43,16.06,2.768421691579954
COFs,MFGP,43,16.12,2.768421691579954
COFs,MFGP,43,16.19,2.768421691579954
COFs,MFGP,43,16.25,2.768421691579954
COFs,MFGP,43,16.32,2.768421691579954
COFs,MFGP,43,17.32,2.768421691579954
COFs,MFGP,43,17.38,2.768421691579954
COFs,MFGP,43,17.45,2.768421691579954
COFs,MFGP,43,17.51,2.768421691579954
COFs,MFGP,43,17.58,2.768421691579954
COFs,MFGP,43,17.64,2.768421691579954
COFs,MFGP,43,17.71,2.768421691579954
COFs,MFGP,43,17.77,2.768421691579954
COFs,MFGP,43,17.84,2.768421691579954
COFs,MFGP,43,17.9,2.768421691579954
COFs,MFGP,43,17.97,2.768421691579954
COFs,MFGP,43,18.04,2.768421691579954
COFs,MFGP,43,18.1,2.768421691579954
COFs,MFGP,43,18.17,2.768421691579954
COFs,MFGP,43,18.23,2.768421691579954
COFs,MFGP,43,18.3,2.768421691579954
COFs,MFGP,43,19.3,2.768421691579954
COFs,MFGP,43,19.36,2.768421691579954
COFs,MFGP,43,19.43,2.768421691579954
COFs,MFGP,43,19.49,2.768421691579954
COFs,MFGP,43,19.56,2.768421691579954
COFs,MFGP,43,19.62,2.768421691579954
COFs,MFGP,43,19.69,2.768421691579954
COFs,MFGP,43,19.75,2.768421691579954
COFs,MFGP,43,19.82,2.768421691579954
COFs,MFGP,43,19.88,2.768421691579954
COFs,MFGP,43,19.95,2.768421691579954
COFs,MFGP,43,20.01,2.768421691579954
COFs,MFGP,43,20.08,2.768421691579954
COFs,MFGP,43,20.14,2.768421691579954
COFs,MFGP,43,20.21,2.768421691579954
COFs,MFGP,43,20.27,2.768421691579954
COFs,MFGP,43,21.27,2.768421691579954
COFs,MFGP,43,21.34,2.768421691579954
COFs,MFGP,43,21.4,2.768421691579954
COFs,MFGP,43,21.47,2.768421691579954
COFs,MFGP,43,21.53,2.768421691579954
COFs,MFGP,43,21.6,2.768421691579954
COFs,MFGP,43,21.66,2.768421691579954
COFs,MFGP,43,21.73,2.768421691579954
COFs,MFGP,43,21.79,2.768421691579954
COFs,MFGP,43,21.86,2.768421691579954
COFs,MFGP,43,21.92,2.768421691579954
COFs,MFGP,43,21.99,2.768421691579954
COFs,MFGP,43,22.05,2.768421691579954
COFs,MFGP,43,22.12,2.768421691579954
COFs,MFGP,43,22.18,2.768421691579954
COFs,MFGP,43,22.25,2.768421691579954
COFs,MFGP,43,23.25,2.768421691579954
COFs,MFGP,43,23.31,2.768421691579954
COFs,MFGP,43,23.38,2.768421691579954
COFs,MFGP,43,23.44,2.768421691579954
COFs,MFGP,43,23.51,2.768421691579954
COFs,MFGP,43,23.57,2.768421691579954
COFs,MFGP,43,23.64,2.768421691579954
COFs,MFGP,43,23.7,2.768421691579954
COFs,MFGP,43,23.77,2.768421691579954
COFs,MFGP,43,23.83,2.768421691579954
COFs,MFGP,43,23.9,2.768421691579954
COFs,MFGP,43,23.96,2.768421691579954
COFs,MFGP,43,24.03,2.768421691579954
COFs,MFGP,43,24.09,2.768421691579954
COFs,MFGP,43,24.16,2.768421691579954
COFs,MFGP,43,24.22,2.768421691579954
COFs,MFGP,43,25.22,2.768421691579954
COFs,MFGP,43,25.29,2.768421691579954
COFs,MFGP,43,25.35,2.768421691579954
COFs,MFGP,43,25.42,2.768421691579954
COFs,MFGP,43,25.48,2.768421691579954
COFs,MFGP,43,25.55,2.768421691579954
COFs,MFGP,43,25.61,2.768421691579954
COFs,MFGP,43,25.68,2.768421691579954
COFs,MFGP,43,25.74,2.768421691579954
COFs,MFGP,43,25.81,2.768421691579954
COFs,MFGP,43,25.87,2.768421691579954
COFs,MFGP,43,25.94,2.768421691579954
COFs,MFGP,43,26.0,2.768421691579954
COFs,MFGP,43,26.07,2.768421691579954
COFs,MFGP,43,26.13,2.768421691579954
COFs,MFGP,43,26.2,2.768421691579954
COFs,MFGP,43,27.2,2.768421691579954
COFs,MFGP,43,27.26,2.768421691579954
COFs,MFGP,43,27.33,2.768421691579954
COFs,MFGP,43,27.39,2.768421691579954
COFs,MFGP,43,27.46,2.768421691579954
COFs,MFGP,43,27.52,2.768421691579954
COFs,MFGP,43,27.59,2.768421691579954
COFs,MFGP,43,27.65,2.768421691579954
COFs,MFGP,43,27.72,2.768421691579954
COFs,MFGP,43,27.78,2.768421691579954
COFs,MFGP,43,27.85,2.768421691579954
COFs,MFGP,43,27.91,2.768421691579954
COFs,MFGP,43,27.98,2.768421691579954
COFs,MFGP,43,28.04,2.768421691579954
COFs,MFGP,43,28.11,2.768421691579954
COFs,MFGP,43,28.17,2.768421691579954
COFs,MFGP,43,29.17,2.768421691579954
COFs,MFGP,43,29.24,2.768421691579954
COFs,MFGP,43,29.3,2.768421691579954
COFs,MFGP,43,29.37,2.768421691579954
COFs,MFGP,43,29.43,2.768421691579954
COFs,MFGP,43,29.5,2.768421691579954
COFs,MFGP,43,29.56,2.768421691579954
COFs,MFGP,43,29.63,2.768421691579954
COFs,MFGP,43,29.69,2.768421691579954
COFs,MFGP,43,29.76,2.768421691579954
COFs,MFGP,43,29.82,2.768421691579954
COFs,MFGP,43,29.89,2.768421691579954
COFs,MFGP,43,29.95,2.768421691579954
COFs,MFGP,44,3.5,14.985327132158876
COFs,MFGP,44,3.56,14.985327132158876
COFs,MFGP,44,3.62,14.985327132158876
COFs,MFGP,44,3.69,14.985327132158876
COFs,MFGP,44,3.75,14.985327132158876
COFs,MFGP,44,3.82,14.985327132158876
COFs,MFGP,44,3.88,14.985327132158876
COFs,MFGP,44,3.95,14.985327132158876
COFs,MFGP,44,4.01,14.985327132158876
COFs,MFGP,44,4.08,14.985327132158876
COFs,MFGP,44,4.15,14.985327132158876
COFs,MFGP,44,4.21,14.985327132158876
COFs,MFGP,44,4.28,14.985327132158876
COFs,MFGP,44,4.34,14.985327132158876
COFs,MFGP,44,4.41,14.985327132158876
COFs,MFGP,44,4.47,14.985327132158876
COFs,MFGP,44,5.47,12.06065635785252
COFs,MFGP,44,5.54,12.06065635785252
COFs,MFGP,44,5.6,12.06065635785252
COFs,MFGP,44,5.67,12.06065635785252
COFs,MFGP,44,5.73,12.06065635785252
COFs,MFGP,44,5.8,12.06065635785252
COFs,MFGP,44,5.86,12.06065635785252
COFs,MFGP,44,5.93,12.06065635785252
COFs,MFGP,44,5.99,12.06065635785252
COFs,MFGP,44,6.06,12.06065635785252
COFs,MFGP,44,6.12,12.06065635785252
COFs,MFGP,44,6.19,12.06065635785252
COFs,MFGP,44,6.25,12.06065635785252
COFs,MFGP,44,6.32,12.06065635785252
COFs,MFGP,44,6.38,12.06065635785252
COFs,MFGP,44,6.45,12.06065635785252
COFs,MFGP,44,7.45,8.627397315961137
COFs,MFGP,44,7.51,8.627397315961137
COFs,MFGP,44,7.58,8.627397315961137
COFs,MFGP,44,7.64,8.627397315961137
COFs,MFGP,44,7.71,8.627397315961137
COFs,MFGP,44,7.77,8.627397315961137
COFs,MFGP,44,7.84,8.627397315961137
COFs,MFGP,44,7.9,8.627397315961137
COFs,MFGP,44,7.97,8.627397315961137
COFs,MFGP,44,8.03,8.627397315961137
COFs,MFGP,44,8.1,8.627397315961137
COFs,MFGP,44,8.16,8.627397315961137
COFs,MFGP,44,8.23,8.627397315961137
COFs,MFGP,44,8.29,8.627397315961137
COFs,MFGP,44,8.36,8.627397315961137
COFs,MFGP,44,8.42,8.627397315961137
COFs,MFGP,44,9.42,8.627397315961137
COFs,MFGP,44,9.49,8.627397315961137
COFs,MFGP,44,9.55,8.627397315961137
COFs,MFGP,44,9.62,8.627397315961137
COFs,MFGP,44,9.68,8.627397315961137
COFs,MFGP,44,9.75,8.627397315961137
COFs,MFGP,44,9.81,8.627397315961137
COFs,MFGP,44,9.88,8.627397315961137
COFs,MFGP,44,9.94,8.627397315961137
COFs,MFGP,44,10.01,8.627397315961137
COFs,MFGP,44,10.07,8.627397315961137
COFs,MFGP,44,10.14,8.627397315961137
COFs,MFGP,44,10.2,8.627397315961137
COFs,MFGP,44,10.27,8.627397315961137
COFs,MFGP,44,10.33,8.627397315961137
COFs,MFGP,44,10.4,8.627397315961137
COFs,MFGP,44,11.4,8.627397315961137
COFs,MFGP,44,11.46,8.627397315961137
COFs,MFGP,44,11.53,8.627397315961137
COFs,MFGP,44,11.59,8.627397315961137
COFs,MFGP,44,11.65,8.627397315961137
COFs,MFGP,44,11.72,8.627397315961137
COFs,MFGP,44,11.78,8.627397315961137
COFs,MFGP,44,11.85,8.627397315961137
COFs,MFGP,44,11.91,8.627397315961137
COFs,MFGP,44,11.98,8.627397315961137
COFs,MFGP,44,12.04,8.627397315961137
COFs,MFGP,44,12.11,8.627397315961137
COFs,MFGP,44,12.17,8.627397315961137
COFs,MFGP,44,12.24,8.627397315961137
COFs,MFGP,44,12.3,8.627397315961137
COFs,MFGP,44,12.37,8.627397315961137
COFs,MFGP,44,13.37,8.627397315961137
COFs,MFGP,44,13.43,8.627397315961137
COFs,MFGP,44,13.5,8.627397315961137
COFs,MFGP,44,13.56,8.627397315961137
COFs,MFGP,44,13.63,8.627397315961137
COFs,MFGP,44,13.69,8.627397315961137
COFs,MFGP,44,13.76,8.627397315961137
COFs,MFGP,44,13.82,8.627397315961137
COFs,MFGP,44,13.89,8.627397315961137
COFs,MFGP,44,13.95,8.627397315961137
COFs,MFGP,44,14.02,8.627397315961137
COFs,MFGP,44,14.08,8.627397315961137
COFs,MFGP,44,14.15,8.627397315961137
COFs,MFGP,44,14.21,8.627397315961137
COFs,MFGP,44,14.28,8.627397315961137
COFs,MFGP,44,14.34,8.627397315961137
COFs,MFGP,44,15.34,8.627397315961137
COFs,MFGP,44,15.41,8.627397315961137
COFs,MFGP,44,15.47,8.627397315961137
COFs,MFGP,44,15.54,8.627397315961137
COFs,MFGP,44,15.6,8.627397315961137
COFs,MFGP,44,15.67,8.627397315961137
COFs,MFGP,44,15.73,8.627397315961137
COFs,MFGP,44,15.8,8.627397315961137
COFs,MFGP,44,15.86,8.627397315961137
COFs,MFGP,44,15.93,8.627397315961137
COFs,MFGP,44,15.99,8.627397315961137
COFs,MFGP,44,16.06,8.627397315961137
COFs,MFGP,44,16.12,8.627397315961137
COFs,MFGP,44,16.19,8.627397315961137
COFs,MFGP,44,16.25,8.627397315961137
COFs,MFGP,44,16.32,8.627397315961137
COFs,MFGP,44,17.32,8.627397315961137
COFs,MFGP,44,17.38,8.627397315961137
COFs,MFGP,44,17.45,8.627397315961137
COFs,MFGP,44,17.51,8.627397315961137
COFs,MFGP,44,17.58,8.627397315961137
COFs,MFGP,44,17.64,8.627397315961137
COFs,MFGP,44,17.71,8.627397315961137
COFs,MFGP,44,17.77,8.627397315961137
COFs,MFGP,44,17.84,8.627397315961137
COFs,MFGP,44,17.9,8.627397315961137
COFs,MFGP,44,17.97,8.627397315961137
COFs,MFGP,44,18.04,8.627397315961137
COFs,MFGP,44,18.1,8.627397315961137
COFs,MFGP,44,18.17,8.627397315961137
COFs,MFGP,44,18.23,8.627397315961137
COFs,MFGP,44,18.3,8.627397315961137
COFs,MFGP,44,19.3,8.627397315961137
COFs,MFGP,44,19.36,8.627397315961137
COFs,MFGP,44,19.43,8.627397315961137
COFs,MFGP,44,19.49,8.627397315961137
COFs,MFGP,44,19.56,8.627397315961137
COFs,MFGP,44,19.62,8.627397315961137
COFs,MFGP,44,19.69,8.627397315961137
COFs,MFGP,44,19.75,8.627397315961137
COFs,MFGP,44,19.82,8.627397315961137
COFs,MFGP,44,19.88,8.627397315961137
COFs,MFGP,44,19.95,8.627397315961137
COFs,MFGP,44,20.01,8.627397315961137
COFs,MFGP,44,20.08,8.627397315961137
COFs,MFGP,44,20.14,8.627397315961137
COFs,MFGP,44,20.21,8.627397315961137
COFs,MFGP,44,20.27,8.627397315961137
COFs,MFGP,44,21.27,8.627397315961137
COFs,MFGP,44,21.34,8.627397315961137
COFs,MFGP,44,21.4,8.627397315961137
COFs,MFGP,44,21.47,8.627397315961137
COFs,MFGP,44,21.53,8.627397315961137
COFs,MFGP,44,21.6,8.627397315961137
COFs,MFGP,44,21.66,8.627397315961137
COFs,MFGP,44,21.73,8.627397315961137
COFs,MFGP,44,21.79,8.627397315961137
COFs,MFGP,44,21.86,8.627397315961137
COFs,MFGP,44,21.92,8.627397315961137
COFs,MFGP,44,21.99,8.627397315961137
COFs,MFGP,44,22.05,8.627397315961137
COFs,MFGP,44,22.12,8.627397315961137
COFs,MFGP,44,22.18,8.627397315961137
COFs,MFGP,44,22.25,8.627397315961137
COFs,MFGP,44,23.25,8.627397315961137
COFs,MFGP,44,23.31,8.627397315961137
COFs,MFGP,44,23.38,8.627397315961137
COFs,MFGP,44,23.44,8.627397315961137
COFs,MFGP,44,23.51,8.627397315961137
COFs,MFGP,44,23.57,8.627397315961137
COFs,MFGP,44,23.64,8.627397315961137
COFs,MFGP,44,23.7,8.627397315961137
COFs,MFGP,44,23.77,8.627397315961137
COFs,MFGP,44,23.83,8.627397315961137
COFs,MFGP,44,23.9,8.627397315961137
COFs,MFGP,44,23.96,8.627397315961137
COFs,MFGP,44,24.03,8.627397315961137
COFs,MFGP,44,24.09,8.627397315961137
COFs,MFGP,44,24.16,8.627397315961137
COFs,MFGP,44,24.22,8.627397315961137
COFs,MFGP,44,25.22,8.627397315961137
COFs,MFGP,44,25.29,8.627397315961137
COFs,MFGP,44,25.35,8.627397315961137
COFs,MFGP,44,25.42,8.627397315961137
COFs,MFGP,44,25.48,8.627397315961137
COFs,MFGP,44,25.55,8.627397315961137
COFs,MFGP,44,25.61,8.627397315961137
COFs,MFGP,44,25.68,8.627397315961137
COFs,MFGP,44,25.74,8.627397315961137
COFs,MFGP,44,25.81,8.627397315961137
COFs,MFGP,44,25.87,8.627397315961137
COFs,MFGP,44,25.94,8.627397315961137
COFs,MFGP,44,26.0,8.627397315961137
COFs,MFGP,44,26.07,8.627397315961137
COFs,MFGP,44,26.13,8.627397315961137
COFs,MFGP,44,26.2,8.627397315961137
COFs,MFGP,44,27.2,7.306579242853321
COFs,MFGP,44,27.26,7.306579242853321
COFs,MFGP,44,27.33,7.306579242853321
COFs,MFGP,44,27.39,7.306579242853321
COFs,MFGP,44,27.46,7.306579242853321
COFs,MFGP,44,27.52,7.306579242853321
COFs,MFGP,44,27.59,7.306579242853321
COFs,MFGP,44,27.65,7.306579242853321
COFs,MFGP,44,27.72,7.306579242853321
COFs,MFGP,44,27.78,7.306579242853321
COFs,MFGP,44,27.85,7.306579242853321
COFs,MFGP,44,27.91,7.306579242853321
COFs,MFGP,44,27.98,7.306579242853321
COFs,MFGP,44,28.04,7.306579242853321
COFs,MFGP,44,28.11,7.306579242853321
COFs,MFGP,44,28.17,7.306579242853321
COFs,MFGP,44,29.17,7.306579242853321
COFs,MFGP,44,29.24,7.306579242853321
COFs,MFGP,44,29.3,7.306579242853321
COFs,MFGP,44,29.37,7.306579242853321
COFs,MFGP,44,29.43,7.306579242853321
COFs,MFGP,44,29.5,7.306579242853321
COFs,MFGP,44,29.56,7.306579242853321
COFs,MFGP,44,29.63,7.306579242853321
COFs,MFGP,44,29.69,7.306579242853321
COFs,MFGP,44,29.76,7.306579242853321
COFs,MFGP,44,29.82,7.306579242853321
COFs,MFGP,44,29.89,7.306579242853321
COFs,MFGP,44,29.95,7.306579242853321
COFs,MFGP,45,3.5,2.768421691579954
COFs,MFGP,45,3.56,2.768421691579954
COFs,MFGP,45,3.62,2.768421691579954
COFs,MFGP,45,3.69,2.768421691579954
COFs,MFGP,45,3.75,2.768421691579954
COFs,MFGP,45,3.82,2.768421691579954
COFs,MFGP,45,3.88,2.768421691579954
COFs,MFGP,45,3.95,2.768421691579954
COFs,MFGP,45,4.01,2.768421691579954
COFs,MFGP,45,4.08,2.768421691579954
COFs,MFGP,45,4.15,2.768421691579954
COFs,MFGP,45,4.21,2.768421691579954
COFs,MFGP,45,4.28,2.768421691579954
COFs,MFGP,45,4.34,2.768421691579954
COFs,MFGP,45,4.41,2.768421691579954
COFs,MFGP,45,4.47,2.768421691579954
COFs,MFGP,45,5.47,2.768421691579954
COFs,MFGP,45,5.54,2.768421691579954
COFs,MFGP,45,5.6,2.768421691579954
COFs,MFGP,45,5.67,2.768421691579954
COFs,MFGP,45,5.73,2.768421691579954
COFs,MFGP,45,5.8,2.768421691579954
COFs,MFGP,45,5.86,2.768421691579954
COFs,MFGP,45,5.93,2.768421691579954
COFs,MFGP,45,5.99,2.768421691579954
COFs,MFGP,45,6.06,2.768421691579954
COFs,MFGP,45,6.12,2.768421691579954
COFs,MFGP,45,6.19,2.768421691579954
COFs,MFGP,45,6.25,2.768421691579954
COFs,MFGP,45,6.32,2.768421691579954
COFs,MFGP,45,6.38,2.768421691579954
COFs,MFGP,45,6.45,2.768421691579954
COFs,MFGP,45,7.45,2.768421691579954
COFs,MFGP,45,7.51,2.768421691579954
COFs,MFGP,45,7.58,2.768421691579954
COFs,MFGP,45,7.64,2.768421691579954
COFs,MFGP,45,7.71,2.768421691579954
COFs,MFGP,45,7.77,2.768421691579954
COFs,MFGP,45,7.84,2.768421691579954
COFs,MFGP,45,7.9,2.768421691579954
COFs,MFGP,45,7.97,2.768421691579954
COFs,MFGP,45,8.03,2.768421691579954
COFs,MFGP,45,8.1,2.768421691579954
COFs,MFGP,45,8.16,2.768421691579954
COFs,MFGP,45,8.23,2.768421691579954
COFs,MFGP,45,8.29,2.768421691579954
COFs,MFGP,45,8.36,2.768421691579954
COFs,MFGP,45,8.42,2.768421691579954
COFs,MFGP,45,9.42,2.768421691579954
COFs,MFGP,45,9.49,2.768421691579954
COFs,MFGP,45,9.55,2.768421691579954
COFs,MFGP,45,9.62,2.768421691579954
COFs,MFGP,45,9.68,2.768421691579954
COFs,MFGP,45,9.75,2.768421691579954
COFs,MFGP,45,9.81,2.768421691579954
COFs,MFGP,45,9.88,2.768421691579954
COFs,MFGP,45,9.94,2.768421691579954
COFs,MFGP,45,10.01,2.768421691579954
COFs,MFGP,45,10.07,2.768421691579954
COFs,MFGP,45,10.14,2.768421691579954
COFs,MFGP,45,10.2,2.768421691579954
COFs,MFGP,45,10.27,2.768421691579954
COFs,MFGP,45,10.33,2.768421691579954
COFs,MFGP,45,10.4,2.768421691579954
COFs,MFGP,45,11.4,2.768421691579954
COFs,MFGP,45,11.46,2.768421691579954
COFs,MFGP,45,11.53,2.768421691579954
COFs,MFGP,45,11.59,2.768421691579954
COFs,MFGP,45,11.65,2.768421691579954
COFs,MFGP,45,11.72,2.768421691579954
COFs,MFGP,45,11.78,2.768421691579954
COFs,MFGP,45,11.85,2.768421691579954
COFs,MFGP,45,11.91,2.768421691579954
COFs,MFGP,45,11.98,2.768421691579954
COFs,MFGP,45,12.04,2.768421691579954
COFs,MFGP,45,12.11,2.768421691579954
COFs,MFGP,45,12.17,2.768421691579954
COFs,MFGP,45,12.24,2.768421691579954
COFs,MFGP,45,12.3,2.768421691579954
COFs,MFGP,45,12.37,2.768421691579954
COFs,MFGP,45,13.37,2.768421691579954
COFs,MFGP,45,13.43,2.768421691579954
COFs,MFGP,45,13.5,2.768421691579954
COFs,MFGP,45,13.56,2.768421691579954
COFs,MFGP,45,13.63,2.768421691579954
COFs,MFGP,45,13.69,2.768421691579954
COFs,MFGP,45,13.76,2.768421691579954
COFs,MFGP,45,13.82,2.768421691579954
COFs,MFGP,45,13.89,2.768421691579954
COFs,MFGP,45,13.95,2.768421691579954
COFs,MFGP,45,14.02,2.768421691579954
COFs,MFGP,45,14.08,2.768421691579954
COFs,MFGP,45,14.15,2.768421691579954
COFs,MFGP,45,14.21,2.768421691579954
COFs,MFGP,45,14.28,2.768421691579954
COFs,MFGP,45,14.34,2.768421691579954
COFs,MFGP,45,15.34,2.768421691579954
COFs,MFGP,45,15.41,2.768421691579954
COFs,MFGP,45,15.47,2.768421691579954
COFs,MFGP,45,15.54,2.768421691579954
COFs,MFGP,45,15.6,2.768421691579954
COFs,MFGP,45,15.67,2.768421691579954
COFs,MFGP,45,15.73,2.768421691579954
COFs,MFGP,45,15.8,2.768421691579954
COFs,MFGP,45,15.86,2.768421691579954
COFs,MFGP,45,15.93,2.768421691579954
COFs,MFGP,45,15.99,2.768421691579954
COFs,MFGP,45,16.06,2.768421691579954
COFs,MFGP,45,16.12,2.768421691579954
COFs,MFGP,45,16.19,2.768421691579954
COFs,MFGP,45,16.25,2.768421691579954
COFs,MFGP,45,16.32,2.768421691579954
COFs,MFGP,45,17.32,2.768421691579954
COFs,MFGP,45,17.38,2.768421691579954
COFs,MFGP,45,17.45,2.768421691579954
COFs,MFGP,45,17.51,2.768421691579954
COFs,MFGP,45,17.58,2.768421691579954
COFs,MFGP,45,17.64,2.768421691579954
COFs,MFGP,45,17.71,2.768421691579954
COFs,MFGP,45,17.77,2.768421691579954
COFs,MFGP,45,17.84,2.768421691579954
COFs,MFGP,45,17.9,2.768421691579954
COFs,MFGP,45,17.97,2.768421691579954
COFs,MFGP,45,18.04,2.768421691579954
COFs,MFGP,45,18.1,2.768421691579954
COFs,MFGP,45,18.17,2.768421691579954
COFs,MFGP,45,18.23,2.768421691579954
COFs,MFGP,45,18.3,2.768421691579954
COFs,MFGP,45,19.3,2.768421691579954
COFs,MFGP,45,19.36,2.768421691579954
COFs,MFGP,45,19.43,2.768421691579954
COFs,MFGP,45,19.49,2.768421691579954
COFs,MFGP,45,19.56,2.768421691579954
COFs,MFGP,45,19.62,2.768421691579954
COFs,MFGP,45,19.69,2.768421691579954
COFs,MFGP,45,19.75,2.768421691579954
COFs,MFGP,45,19.82,2.768421691579954
COFs,MFGP,45,19.88,2.768421691579954
COFs,MFGP,45,19.95,2.768421691579954
COFs,MFGP,45,20.01,2.768421691579954
COFs,MFGP,45,20.08,2.768421691579954
COFs,MFGP,45,20.14,2.768421691579954
COFs,MFGP,45,20.21,2.768421691579954
COFs,MFGP,45,20.27,2.768421691579954
COFs,MFGP,45,21.27,2.768421691579954
COFs,MFGP,45,21.34,2.768421691579954
COFs,MFGP,45,21.4,2.768421691579954
COFs,MFGP,45,21.47,2.768421691579954
COFs,MFGP,45,21.53,2.768421691579954
COFs,MFGP,45,21.6,2.768421691579954
COFs,MFGP,45,21.66,2.768421691579954
COFs,MFGP,45,21.73,2.768421691579954
COFs,MFGP,45,21.79,2.768421691579954
COFs,MFGP,45,21.86,2.768421691579954
COFs,MFGP,45,21.92,2.768421691579954
COFs,MFGP,45,21.99,2.768421691579954
COFs,MFGP,45,22.05,2.768421691579954
COFs,MFGP,45,22.12,2.768421691579954
COFs,MFGP,45,22.18,2.768421691579954
COFs,MFGP,45,22.25,2.768421691579954
COFs,MFGP,45,23.25,2.768421691579954
COFs,MFGP,45,23.31,2.768421691579954
COFs,MFGP,45,23.38,2.768421691579954
COFs,MFGP,45,23.44,2.768421691579954
COFs,MFGP,45,23.51,2.768421691579954
COFs,MFGP,45,23.57,2.768421691579954
COFs,MFGP,45,23.64,2.768421691579954
COFs,MFGP,45,23.7,2.768421691579954
COFs,MFGP,45,23.77,2.768421691579954
COFs,MFGP,45,23.83,2.768421691579954
COFs,MFGP,45,23.9,2.768421691579954
COFs,MFGP,45,23.96,2.768421691579954
COFs,MFGP,45,24.03,2.768421691579954
COFs,MFGP,45,24.09,2.768421691579954
COFs,MFGP,45,24.16,2.768421691579954
COFs,MFGP,45,24.22,2.768421691579954
COFs,MFGP,45,25.22,2.768421691579954
COFs,MFGP,45,25.29,2.768421691579954
COFs,MFGP,45,25.35,2.768421691579954
COFs,MFGP,45,25.42,2.768421691579954
COFs,MFGP,45,25.48,2.768421691579954
COFs,MFGP,45,25.55,2.768421691579954
COFs,MFGP,45,25.61,2.768421691579954
COFs,MFGP,45,25.68,2.768421691579954
COFs,MFGP,45,25.74,2.768421691579954
COFs,MFGP,45,25.81,2.768421691579954
COFs,MFGP,45,25.87,2.768421691579954
COFs,MFGP,45,25.94,2.768421691579954
COFs,MFGP,45,26.0,2.768421691579954
COFs,MFGP,45,26.07,2.768421691579954
COFs,MFGP,45,26.13,2.768421691579954
COFs,MFGP,45,26.2,2.768421691579954
COFs,MFGP,45,27.2,2.768421691579954
COFs,MFGP,45,27.26,2.768421691579954
COFs,MFGP,45,27.33,2.768421691579954
COFs,MFGP,45,27.39,2.768421691579954
COFs,MFGP,45,27.46,2.768421691579954
COFs,MFGP,45,27.52,2.768421691579954
COFs,MFGP,45,27.59,2.768421691579954
COFs,MFGP,45,27.65,2.768421691579954
COFs,MFGP,45,27.72,2.768421691579954
COFs,MFGP,45,27.78,2.768421691579954
COFs,MFGP,45,27.85,2.768421691579954
COFs,MFGP,45,27.91,2.768421691579954
COFs,MFGP,45,27.98,2.768421691579954
COFs,MFGP,45,28.04,2.768421691579954
COFs,MFGP,45,28.11,2.768421691579954
COFs,MFGP,45,28.17,2.768421691579954
COFs,MFGP,45,29.17,2.768421691579954
COFs,MFGP,45,29.24,2.768421691579954
COFs,MFGP,45,29.3,2.768421691579954
COFs,MFGP,45,29.37,2.768421691579954
COFs,MFGP,45,29.43,2.768421691579954
COFs,MFGP,45,29.5,2.768421691579954
COFs,MFGP,45,29.56,2.768421691579954
COFs,MFGP,45,29.63,2.768421691579954
COFs,MFGP,45,29.69,2.768421691579954
COFs,MFGP,45,29.76,2.768421691579954
COFs,MFGP,45,29.82,2.768421691579954
COFs,MFGP,45,29.89,2.768421691579954
COFs,MFGP,45,29.95,2.768421691579954
COFs,MFGP,46,3.5,2.768421691579954
COFs,MFGP,46,3.56,2.768421691579954
COFs,MFGP,46,3.62,2.768421691579954
COFs,MFGP,46,3.69,2.768421691579954
COFs,MFGP,46,3.75,2.768421691579954
COFs,MFGP,46,3.82,2.768421691579954
COFs,MFGP,46,3.88,2.768421691579954
COFs,MFGP,46,3.95,2.768421691579954
COFs,MFGP,46,4.01,2.768421691579954
COFs,MFGP,46,4.08,2.768421691579954
COFs,MFGP,46,4.15,2.768421691579954
COFs,MFGP,46,4.21,2.768421691579954
COFs,MFGP,46,4.28,2.768421691579954
COFs,MFGP,46,4.34,2.768421691579954
COFs,MFGP,46,4.41,2.768421691579954
COFs,MFGP,46,4.47,2.768421691579954
COFs,MFGP,46,5.47,2.768421691579954
COFs,MFGP,46,5.54,2.768421691579954
COFs,MFGP,46,5.6,2.768421691579954
COFs,MFGP,46,5.67,2.768421691579954
COFs,MFGP,46,5.73,2.768421691579954
COFs,MFGP,46,5.8,2.768421691579954
COFs,MFGP,46,5.86,2.768421691579954
COFs,MFGP,46,5.93,2.768421691579954
COFs,MFGP,46,5.99,2.768421691579954
COFs,MFGP,46,6.06,2.768421691579954
COFs,MFGP,46,6.12,2.768421691579954
COFs,MFGP,46,6.19,2.768421691579954
COFs,MFGP,46,6.25,2.768421691579954
COFs,MFGP,46,6.32,2.768421691579954
COFs,MFGP,46,6.38,2.768421691579954
COFs,MFGP,46,6.45,2.768421691579954
COFs,MFGP,46,7.45,2.768421691579954
COFs,MFGP,46,7.51,2.768421691579954
COFs,MFGP,46,7.58,2.768421691579954
COFs,MFGP,46,7.64,2.768421691579954
COFs,MFGP,46,7.71,2.768421691579954
COFs,MFGP,46,7.77,2.768421691579954
COFs,MFGP,46,7.84,2.768421691579954
COFs,MFGP,46,7.9,2.768421691579954
COFs,MFGP,46,7.97,2.768421691579954
COFs,MFGP,46,8.03,2.768421691579954
COFs,MFGP,46,8.1,2.768421691579954
COFs,MFGP,46,8.16,2.768421691579954
COFs,MFGP,46,8.23,2.768421691579954
COFs,MFGP,46,8.29,2.768421691579954
COFs,MFGP,46,8.36,2.768421691579954
COFs,MFGP,46,8.42,2.768421691579954
COFs,MFGP,46,9.42,2.768421691579954
COFs,MFGP,46,9.49,2.768421691579954
COFs,MFGP,46,9.55,2.768421691579954
COFs,MFGP,46,9.62,2.768421691579954
COFs,MFGP,46,9.68,2.768421691579954
COFs,MFGP,46,9.75,2.768421691579954
COFs,MFGP,46,9.81,2.768421691579954
COFs,MFGP,46,9.88,2.768421691579954
COFs,MFGP,46,9.94,2.768421691579954
COFs,MFGP,46,10.01,2.768421691579954
COFs,MFGP,46,10.07,2.768421691579954
COFs,MFGP,46,10.14,2.768421691579954
COFs,MFGP,46,10.2,2.768421691579954
COFs,MFGP,46,10.27,2.768421691579954
COFs,MFGP,46,10.33,2.768421691579954
COFs,MFGP,46,10.4,2.768421691579954
COFs,MFGP,46,11.4,2.768421691579954
COFs,MFGP,46,11.46,2.768421691579954
COFs,MFGP,46,11.53,2.768421691579954
COFs,MFGP,46,11.59,2.768421691579954
COFs,MFGP,46,11.65,2.768421691579954
COFs,MFGP,46,11.72,2.768421691579954
COFs,MFGP,46,11.78,2.768421691579954
COFs,MFGP,46,11.85,2.768421691579954
COFs,MFGP,46,11.91,2.768421691579954
COFs,MFGP,46,11.98,2.768421691579954
COFs,MFGP,46,12.04,2.768421691579954
COFs,MFGP,46,12.11,2.768421691579954
COFs,MFGP,46,12.17,2.768421691579954
COFs,MFGP,46,12.24,2.768421691579954
COFs,MFGP,46,12.3,2.768421691579954
COFs,MFGP,46,12.37,2.768421691579954
COFs,MFGP,46,13.37,2.768421691579954
COFs,MFGP,46,13.43,2.768421691579954
COFs,MFGP,46,13.5,2.768421691579954
COFs,MFGP,46,13.56,2.768421691579954
COFs,MFGP,46,13.63,2.768421691579954
COFs,MFGP,46,13.69,2.768421691579954
COFs,MFGP,46,13.76,2.768421691579954
COFs,MFGP,46,13.82,2.768421691579954
COFs,MFGP,46,13.89,2.768421691579954
COFs,MFGP,46,13.95,2.768421691579954
COFs,MFGP,46,14.02,2.768421691579954
COFs,MFGP,46,14.08,2.768421691579954
COFs,MFGP,46,14.15,2.768421691579954
COFs,MFGP,46,14.21,2.768421691579954
COFs,MFGP,46,14.28,2.768421691579954
COFs,MFGP,46,14.34,2.768421691579954
COFs,MFGP,46,15.34,2.768421691579954
COFs,MFGP,46,15.41,2.768421691579954
COFs,MFGP,46,15.47,2.768421691579954
COFs,MFGP,46,15.54,2.768421691579954
COFs,MFGP,46,15.6,2.768421691579954
COFs,MFGP,46,15.67,2.768421691579954
COFs,MFGP,46,15.73,2.768421691579954
COFs,MFGP,46,15.8,2.768421691579954
COFs,MFGP,46,15.86,2.768421691579954
COFs,MFGP,46,15.93,2.768421691579954
COFs,MFGP,46,15.99,2.768421691579954
COFs,MFGP,46,16.06,2.768421691579954
COFs,MFGP,46,16.12,2.768421691579954
COFs,MFGP,46,16.19,2.768421691579954
COFs,MFGP,46,16.25,2.768421691579954
COFs,MFGP,46,16.32,2.768421691579954
COFs,MFGP,46,17.32,2.768421691579954
COFs,MFGP,46,17.38,2.768421691579954
COFs,MFGP,46,17.45,2.768421691579954
COFs,MFGP,46,17.51,2.768421691579954
COFs,MFGP,46,17.58,2.768421691579954
COFs,MFGP,46,17.64,2.768421691579954
COFs,MFGP,46,17.71,2.768421691579954
COFs,MFGP,46,17.77,2.768421691579954
COFs,MFGP,46,17.84,2.768421691579954
COFs,MFGP,46,17.9,2.768421691579954
COFs,MFGP,46,17.97,2.768421691579954
COFs,MFGP,46,18.04,2.768421691579954
COFs,MFGP,46,18.1,2.768421691579954
COFs,MFGP,46,18.17,2.768421691579954
COFs,MFGP,46,18.23,2.768421691579954
COFs,MFGP,46,18.3,2.768421691579954
COFs,MFGP,46,19.3,2.768421691579954
COFs,MFGP,46,19.36,2.768421691579954
COFs,MFGP,46,19.43,2.768421691579954
COFs,MFGP,46,19.49,2.768421691579954
COFs,MFGP,46,19.56,2.768421691579954
COFs,MFGP,46,19.62,2.768421691579954
COFs,MFGP,46,19.69,2.768421691579954
COFs,MFGP,46,19.75,2.768421691579954
COFs,MFGP,46,19.82,2.768421691579954
COFs,MFGP,46,19.88,2.768421691579954
COFs,MFGP,46,19.95,2.768421691579954
COFs,MFGP,46,20.01,2.768421691579954
COFs,MFGP,46,20.08,2.768421691579954
COFs,MFGP,46,20.14,2.768421691579954
COFs,MFGP,46,20.21,2.768421691579954
COFs,MFGP,46,20.27,2.768421691579954
COFs,MFGP,46,21.27,2.768421691579954
COFs,MFGP,46,21.34,2.768421691579954
COFs,MFGP,46,21.4,2.768421691579954
COFs,MFGP,46,21.47,2.768421691579954
COFs,MFGP,46,21.53,2.768421691579954
COFs,MFGP,46,21.6,2.768421691579954
COFs,MFGP,46,21.66,2.768421691579954
COFs,MFGP,46,21.73,2.768421691579954
COFs,MFGP,46,21.79,2.768421691579954
COFs,MFGP,46,21.86,2.768421691579954
COFs,MFGP,46,21.92,2.768421691579954
COFs,MFGP,46,21.99,2.768421691579954
COFs,MFGP,46,22.05,2.768421691579954
COFs,MFGP,46,22.12,2.768421691579954
COFs,MFGP,46,22.18,2.768421691579954
COFs,MFGP,46,22.25,2.768421691579954
COFs,MFGP,46,23.25,2.768421691579954
COFs,MFGP,46,23.31,2.768421691579954
COFs,MFGP,46,23.38,2.768421691579954
COFs,MFGP,46,23.44,2.768421691579954
COFs,MFGP,46,23.51,2.768421691579954
COFs,MFGP,46,23.57,2.768421691579954
COFs,MFGP,46,23.64,2.768421691579954
COFs,MFGP,46,23.7,2.768421691579954
COFs,MFGP,46,23.77,2.768421691579954
COFs,MFGP,46,23.83,2.768421691579954
COFs,MFGP,46,23.9,2.768421691579954
COFs,MFGP,46,23.96,2.768421691579954
COFs,MFGP,46,24.03,2.768421691579954
COFs,MFGP,46,24.09,2.768421691579954
COFs,MFGP,46,24.16,2.768421691579954
COFs,MFGP,46,24.22,2.768421691579954
COFs,MFGP,46,25.22,2.768421691579954
COFs,MFGP,46,25.29,2.768421691579954
COFs,MFGP,46,25.35,2.768421691579954
COFs,MFGP,46,25.42,2.768421691579954
COFs,MFGP,46,25.48,2.768421691579954
COFs,MFGP,46,25.55,2.768421691579954
COFs,MFGP,46,25.61,2.768421691579954
COFs,MFGP,46,25.68,2.768421691579954
COFs,MFGP,46,25.74,2.768421691579954
COFs,MFGP,46,25.81,2.768421691579954
COFs,MFGP,46,25.87,2.768421691579954
COFs,MFGP,46,25.94,2.768421691579954
COFs,MFGP,46,26.0,2.768421691579954
COFs,MFGP,46,26.07,2.768421691579954
COFs,MFGP,46,26.13,2.768421691579954
COFs,MFGP,46,26.2,2.768421691579954
COFs,MFGP,46,27.2,2.768421691579954
COFs,MFGP,46,27.26,2.768421691579954
COFs,MFGP,46,27.33,2.768421691579954
COFs,MFGP,46,27.39,2.768421691579954
COFs,MFGP,46,27.46,2.768421691579954
COFs,MFGP,46,27.52,2.768421691579954
COFs,MFGP,46,27.59,2.768421691579954
COFs,MFGP,46,27.65,2.768421691579954
COFs,MFGP,46,27.72,2.768421691579954
COFs,MFGP,46,27.78,2.768421691579954
COFs,MFGP,46,27.85,2.768421691579954
COFs,MFGP,46,27.91,2.768421691579954
COFs,MFGP,46,27.98,2.768421691579954
COFs,MFGP,46,28.04,2.768421691579954
COFs,MFGP,46,28.11,2.768421691579954
COFs,MFGP,46,28.17,2.768421691579954
COFs,MFGP,46,29.17,2.768421691579954
COFs,MFGP,46,29.24,2.768421691579954
COFs,MFGP,46,29.3,2.768421691579954
COFs,MFGP,46,29.37,2.768421691579954
COFs,MFGP,46,29.43,2.768421691579954
COFs,MFGP,46,29.5,2.768421691579954
COFs,MFGP,46,29.56,2.768421691579954
COFs,MFGP,46,29.63,2.768421691579954
COFs,MFGP,46,29.69,2.768421691579954
COFs,MFGP,46,29.76,2.768421691579954
COFs,MFGP,46,29.82,2.768421691579954
COFs,MFGP,46,29.89,2.768421691579954
COFs,MFGP,46,29.95,2.768421691579954
COFs,MFGP,47,3.5,12.286313844166015
COFs,MFGP,47,3.56,12.286313844166015
COFs,MFGP,47,3.62,12.286313844166015
COFs,MFGP,47,3.69,12.286313844166015
COFs,MFGP,47,3.75,12.286313844166015
COFs,MFGP,47,3.82,12.286313844166015
COFs,MFGP,47,3.88,12.286313844166015
COFs,MFGP,47,3.95,12.286313844166015
COFs,MFGP,47,4.01,12.286313844166015
COFs,MFGP,47,4.08,12.286313844166015
COFs,MFGP,47,4.15,12.286313844166015
COFs,MFGP,47,4.21,12.286313844166015
COFs,MFGP,47,4.28,12.286313844166015
COFs,MFGP,47,4.34,12.286313844166015
COFs,MFGP,47,4.41,12.286313844166015
COFs,MFGP,47,4.47,12.286313844166015
COFs,MFGP,47,5.47,12.286313844166015
COFs,MFGP,47,5.54,12.286313844166015
COFs,MFGP,47,5.6,12.286313844166015
COFs,MFGP,47,5.67,12.286313844166015
COFs,MFGP,47,5.73,12.286313844166015
COFs,MFGP,47,5.8,12.286313844166015
COFs,MFGP,47,5.86,12.286313844166015
COFs,MFGP,47,5.93,12.286313844166015
COFs,MFGP,47,5.99,12.286313844166015
COFs,MFGP,47,6.06,12.286313844166015
COFs,MFGP,47,6.12,12.286313844166015
COFs,MFGP,47,6.19,12.286313844166015
COFs,MFGP,47,6.25,12.286313844166015
COFs,MFGP,47,6.32,12.286313844166015
COFs,MFGP,47,6.38,12.286313844166015
COFs,MFGP,47,6.45,12.286313844166015
COFs,MFGP,47,7.45,12.286313844166015
COFs,MFGP,47,7.51,12.286313844166015
COFs,MFGP,47,7.58,12.286313844166015
COFs,MFGP,47,7.64,12.286313844166015
COFs,MFGP,47,7.71,12.286313844166015
COFs,MFGP,47,7.77,12.286313844166015
COFs,MFGP,47,7.84,12.286313844166015
COFs,MFGP,47,7.9,12.286313844166015
COFs,MFGP,47,7.97,12.286313844166015
COFs,MFGP,47,8.03,12.286313844166015
COFs,MFGP,47,8.1,12.286313844166015
COFs,MFGP,47,8.16,12.286313844166015
COFs,MFGP,47,8.23,12.286313844166015
COFs,MFGP,47,8.29,12.286313844166015
COFs,MFGP,47,8.36,12.286313844166015
COFs,MFGP,47,8.42,12.286313844166015
COFs,MFGP,47,9.42,12.286313844166015
COFs,MFGP,47,9.49,12.286313844166015
COFs,MFGP,47,9.55,12.286313844166015
COFs,MFGP,47,9.62,12.286313844166015
COFs,MFGP,47,9.68,12.286313844166015
COFs,MFGP,47,9.75,12.286313844166015
COFs,MFGP,47,9.81,12.286313844166015
COFs,MFGP,47,9.88,12.286313844166015
COFs,MFGP,47,9.94,12.286313844166015
COFs,MFGP,47,10.01,12.286313844166015
COFs,MFGP,47,10.07,12.286313844166015
COFs,MFGP,47,10.14,12.286313844166015
COFs,MFGP,47,10.2,12.286313844166015
COFs,MFGP,47,10.27,12.286313844166015
COFs,MFGP,47,10.33,12.286313844166015
COFs,MFGP,47,10.4,12.286313844166015
COFs,MFGP,47,11.4,12.286313844166015
COFs,MFGP,47,11.46,12.286313844166015
COFs,MFGP,47,11.53,12.286313844166015
COFs,MFGP,47,11.59,12.286313844166015
COFs,MFGP,47,11.65,12.286313844166015
COFs,MFGP,47,11.72,12.286313844166015
COFs,MFGP,47,11.78,12.286313844166015
COFs,MFGP,47,11.85,12.286313844166015
COFs,MFGP,47,11.91,12.286313844166015
COFs,MFGP,47,11.98,12.286313844166015
COFs,MFGP,47,12.04,12.286313844166015
COFs,MFGP,47,12.11,12.286313844166015
COFs,MFGP,47,12.17,12.286313844166015
COFs,MFGP,47,12.24,12.286313844166015
COFs,MFGP,47,12.3,12.286313844166015
COFs,MFGP,47,12.37,12.286313844166015
COFs,MFGP,47,13.37,12.286313844166015
COFs,MFGP,47,13.43,12.286313844166015
COFs,MFGP,47,13.5,12.286313844166015
COFs,MFGP,47,13.56,12.286313844166015
COFs,MFGP,47,13.63,12.286313844166015
COFs,MFGP,47,13.69,12.286313844166015
COFs,MFGP,47,13.76,12.286313844166015
COFs,MFGP,47,13.82,12.286313844166015
COFs,MFGP,47,13.89,12.286313844166015
COFs,MFGP,47,13.95,12.286313844166015
COFs,MFGP,47,14.02,12.286313844166015
COFs,MFGP,47,14.08,12.286313844166015
COFs,MFGP,47,14.15,12.286313844166015
COFs,MFGP,47,14.21,12.286313844166015
COFs,MFGP,47,14.28,12.286313844166015
COFs,MFGP,47,14.34,12.286313844166015
COFs,MFGP,47,15.34,12.286313844166015
COFs,MFGP,47,15.41,12.286313844166015
COFs,MFGP,47,15.47,12.286313844166015
COFs,MFGP,47,15.54,12.286313844166015
COFs,MFGP,47,15.6,12.286313844166015
COFs,MFGP,47,15.67,12.286313844166015
COFs,MFGP,47,15.73,12.286313844166015
COFs,MFGP,47,15.8,12.286313844166015
COFs,MFGP,47,15.86,12.286313844166015
COFs,MFGP,47,15.93,12.286313844166015
COFs,MFGP,47,15.99,12.286313844166015
COFs,MFGP,47,16.06,12.286313844166015
COFs,MFGP,47,16.12,12.286313844166015
COFs,MFGP,47,16.19,12.286313844166015
COFs,MFGP,47,16.25,12.286313844166015
COFs,MFGP,47,16.32,12.286313844166015
COFs,MFGP,47,17.32,12.286313844166015
COFs,MFGP,47,17.38,12.286313844166015
COFs,MFGP,47,17.45,12.286313844166015
COFs,MFGP,47,17.51,12.286313844166015
COFs,MFGP,47,17.58,12.286313844166015
COFs,MFGP,47,17.64,12.286313844166015
COFs,MFGP,47,17.71,12.286313844166015
COFs,MFGP,47,17.77,12.286313844166015
COFs,MFGP,47,17.84,12.286313844166015
COFs,MFGP,47,17.9,12.286313844166015
COFs,MFGP,47,17.97,12.286313844166015
COFs,MFGP,47,18.04,12.286313844166015
COFs,MFGP,47,18.1,12.286313844166015
COFs,MFGP,47,18.17,12.286313844166015
COFs,MFGP,47,18.23,12.286313844166015
COFs,MFGP,47,18.3,12.286313844166015
COFs,MFGP,47,19.3,12.286313844166015
COFs,MFGP,47,19.36,12.286313844166015
COFs,MFGP,47,19.43,12.286313844166015
COFs,MFGP,47,19.49,12.286313844166015
COFs,MFGP,47,19.56,12.286313844166015
COFs,MFGP,47,19.62,12.286313844166015
COFs,MFGP,47,19.69,12.286313844166015
COFs,MFGP,47,19.75,12.286313844166015
COFs,MFGP,47,19.82,12.286313844166015
COFs,MFGP,47,19.88,12.286313844166015
COFs,MFGP,47,19.95,12.286313844166015
COFs,MFGP,47,20.01,12.286313844166015
COFs,MFGP,47,20.08,12.286313844166015
COFs,MFGP,47,20.14,12.286313844166015
COFs,MFGP,47,20.21,12.286313844166015
COFs,MFGP,47,20.27,12.286313844166015
COFs,MFGP,47,21.27,12.286313844166015
COFs,MFGP,47,21.34,12.286313844166015
COFs,MFGP,47,21.4,12.286313844166015
COFs,MFGP,47,21.47,12.286313844166015
COFs,MFGP,47,21.53,12.286313844166015
COFs,MFGP,47,21.6,12.286313844166015
COFs,MFGP,47,21.66,12.286313844166015
COFs,MFGP,47,21.73,12.286313844166015
COFs,MFGP,47,21.79,12.286313844166015
COFs,MFGP,47,21.86,12.286313844166015
COFs,MFGP,47,21.92,12.286313844166015
COFs,MFGP,47,21.99,12.286313844166015
COFs,MFGP,47,22.05,12.286313844166015
COFs,MFGP,47,22.12,12.286313844166015
COFs,MFGP,47,22.18,12.286313844166015
COFs,MFGP,47,22.25,12.286313844166015
COFs,MFGP,47,23.25,12.286313844166015
COFs,MFGP,47,23.31,12.286313844166015
COFs,MFGP,47,23.38,12.286313844166015
COFs,MFGP,47,23.44,12.286313844166015
COFs,MFGP,47,23.51,12.286313844166015
COFs,MFGP,47,23.57,12.286313844166015
COFs,MFGP,47,23.64,12.286313844166015
COFs,MFGP,47,23.7,12.286313844166015
COFs,MFGP,47,23.77,12.286313844166015
COFs,MFGP,47,23.83,12.286313844166015
COFs,MFGP,47,23.9,12.286313844166015
COFs,MFGP,47,23.96,12.286313844166015
COFs,MFGP,47,24.03,12.286313844166015
COFs,MFGP,47,24.09,12.286313844166015
COFs,MFGP,47,24.16,12.286313844166015
COFs,MFGP,47,24.22,12.286313844166015
COFs,MFGP,47,25.22,12.286313844166015
COFs,MFGP,47,25.29,12.286313844166015
COFs,MFGP,47,25.35,12.286313844166015
COFs,MFGP,47,25.42,12.286313844166015
COFs,MFGP,47,25.48,12.286313844166015
COFs,MFGP,47,25.55,12.286313844166015
COFs,MFGP,47,25.61,12.286313844166015
COFs,MFGP,47,25.68,12.286313844166015
COFs,MFGP,47,25.74,12.286313844166015
COFs,MFGP,47,25.81,12.286313844166015
COFs,MFGP,47,25.87,12.286313844166015
COFs,MFGP,47,25.94,12.286313844166015
COFs,MFGP,47,26.0,12.286313844166015
COFs,MFGP,47,26.07,12.286313844166015
COFs,MFGP,47,26.13,12.286313844166015
COFs,MFGP,47,26.2,12.286313844166015
COFs,MFGP,47,27.2,12.286313844166015
COFs,MFGP,47,27.26,12.286313844166015
COFs,MFGP,47,27.33,12.286313844166015
COFs,MFGP,47,27.39,12.286313844166015
COFs,MFGP,47,27.46,12.286313844166015
COFs,MFGP,47,27.52,12.286313844166015
COFs,MFGP,47,27.59,12.286313844166015
COFs,MFGP,47,27.65,12.286313844166015
COFs,MFGP,47,27.72,12.286313844166015
COFs,MFGP,47,27.78,12.286313844166015
COFs,MFGP,47,27.85,12.286313844166015
COFs,MFGP,47,27.91,12.286313844166015
COFs,MFGP,47,27.98,12.286313844166015
COFs,MFGP,47,28.04,12.286313844166015
COFs,MFGP,47,28.11,12.286313844166015
COFs,MFGP,47,28.17,12.286313844166015
COFs,MFGP,47,29.17,12.286313844166015
COFs,MFGP,47,29.24,12.286313844166015
COFs,MFGP,47,29.3,12.286313844166015
COFs,MFGP,47,29.37,12.286313844166015
COFs,MFGP,47,29.43,12.286313844166015
COFs,MFGP,47,29.5,12.286313844166015
COFs,MFGP,47,29.56,12.286313844166015
COFs,MFGP,47,29.63,12.286313844166015
COFs,MFGP,47,29.69,12.286313844166015
COFs,MFGP,47,29.76,12.286313844166015
COFs,MFGP,47,29.82,12.286313844166015
COFs,MFGP,47,29.89,12.286313844166015
COFs,MFGP,47,29.95,12.286313844166015
COFs,MFGP,48,3.5,14.284141411021764
COFs,MFGP,48,3.56,14.284141411021764
COFs,MFGP,48,3.62,14.284141411021764
COFs,MFGP,48,3.69,14.284141411021764
COFs,MFGP,48,3.75,14.284141411021764
COFs,MFGP,48,3.82,14.284141411021764
COFs,MFGP,48,3.88,14.284141411021764
COFs,MFGP,48,3.95,14.284141411021764
COFs,MFGP,48,4.01,14.284141411021764
COFs,MFGP,48,4.08,14.284141411021764
COFs,MFGP,48,4.15,14.284141411021764
COFs,MFGP,48,4.21,14.284141411021764
COFs,MFGP,48,4.28,14.284141411021764
COFs,MFGP,48,4.34,14.284141411021764
COFs,MFGP,48,4.41,14.284141411021764
COFs,MFGP,48,4.47,14.284141411021764
COFs,MFGP,48,5.47,8.522637989842249
COFs,MFGP,48,5.54,8.522637989842249
COFs,MFGP,48,5.6,8.522637989842249
COFs,MFGP,48,5.67,8.522637989842249
COFs,MFGP,48,5.73,8.522637989842249
COFs,MFGP,48,5.8,8.522637989842249
COFs,MFGP,48,5.86,8.522637989842249
COFs,MFGP,48,5.93,8.522637989842249
COFs,MFGP,48,5.99,8.522637989842249
COFs,MFGP,48,6.06,8.522637989842249
COFs,MFGP,48,6.12,8.522637989842249
COFs,MFGP,48,6.19,8.522637989842249
COFs,MFGP,48,6.25,8.522637989842249
COFs,MFGP,48,6.32,8.522637989842249
COFs,MFGP,48,6.38,8.522637989842249
COFs,MFGP,48,6.45,8.522637989842249
COFs,MFGP,48,7.45,8.522637989842249
COFs,MFGP,48,7.51,8.522637989842249
COFs,MFGP,48,7.58,8.522637989842249
COFs,MFGP,48,7.64,8.522637989842249
COFs,MFGP,48,7.71,8.522637989842249
COFs,MFGP,48,7.77,8.522637989842249
COFs,MFGP,48,7.84,8.522637989842249
COFs,MFGP,48,7.9,8.522637989842249
COFs,MFGP,48,7.97,8.522637989842249
COFs,MFGP,48,8.03,8.522637989842249
COFs,MFGP,48,8.1,8.522637989842249
COFs,MFGP,48,8.16,8.522637989842249
COFs,MFGP,48,8.23,8.522637989842249
COFs,MFGP,48,8.29,8.522637989842249
COFs,MFGP,48,8.36,8.522637989842249
COFs,MFGP,48,8.42,8.522637989842249
COFs,MFGP,48,9.42,8.522637989842249
COFs,MFGP,48,9.49,8.522637989842249
COFs,MFGP,48,9.55,8.522637989842249
COFs,MFGP,48,9.62,8.522637989842249
COFs,MFGP,48,9.68,8.522637989842249
COFs,MFGP,48,9.75,8.522637989842249
COFs,MFGP,48,9.81,8.522637989842249
COFs,MFGP,48,9.88,8.522637989842249
COFs,MFGP,48,9.94,8.522637989842249
COFs,MFGP,48,10.01,8.522637989842249
COFs,MFGP,48,10.07,8.522637989842249
COFs,MFGP,48,10.14,8.522637989842249
COFs,MFGP,48,10.2,8.522637989842249
COFs,MFGP,48,10.27,8.522637989842249
COFs,MFGP,48,10.33,8.522637989842249
COFs,MFGP,48,10.4,8.522637989842249
COFs,MFGP,48,11.4,8.522637989842249
COFs,MFGP,48,11.46,8.522637989842249
COFs,MFGP,48,11.53,8.522637989842249
COFs,MFGP,48,11.59,8.522637989842249
COFs,MFGP,48,11.65,8.522637989842249
COFs,MFGP,48,11.72,8.522637989842249
COFs,MFGP,48,11.78,8.522637989842249
COFs,MFGP,48,11.85,8.522637989842249
COFs,MFGP,48,11.91,8.522637989842249
COFs,MFGP,48,11.98,8.522637989842249
COFs,MFGP,48,12.04,8.522637989842249
COFs,MFGP,48,12.11,8.522637989842249
COFs,MFGP,48,12.17,8.522637989842249
COFs,MFGP,48,12.24,8.522637989842249
COFs,MFGP,48,12.3,8.522637989842249
COFs,MFGP,48,12.37,8.522637989842249
COFs,MFGP,48,13.37,8.522637989842249
COFs,MFGP,48,13.43,8.522637989842249
COFs,MFGP,48,13.5,8.522637989842249
COFs,MFGP,48,13.56,8.522637989842249
COFs,MFGP,48,13.63,8.522637989842249
COFs,MFGP,48,13.69,8.522637989842249
COFs,MFGP,48,13.76,8.522637989842249
COFs,MFGP,48,13.82,8.522637989842249
COFs,MFGP,48,13.89,8.522637989842249
COFs,MFGP,48,13.95,8.522637989842249
COFs,MFGP,48,14.02,8.522637989842249
COFs,MFGP,48,14.08,8.522637989842249
COFs,MFGP,48,14.15,8.522637989842249
COFs,MFGP,48,14.21,8.522637989842249
COFs,MFGP,48,14.28,8.522637989842249
COFs,MFGP,48,14.34,8.522637989842249
COFs,MFGP,48,15.34,8.522637989842249
COFs,MFGP,48,15.41,8.522637989842249
COFs,MFGP,48,15.47,8.522637989842249
COFs,MFGP,48,15.54,8.522637989842249
COFs,MFGP,48,15.6,8.522637989842249
COFs,MFGP,48,15.67,8.522637989842249
COFs,MFGP,48,15.73,8.522637989842249
COFs,MFGP,48,15.8,8.522637989842249
COFs,MFGP,48,15.86,8.522637989842249
COFs,MFGP,48,15.93,8.522637989842249
COFs,MFGP,48,15.99,8.522637989842249
COFs,MFGP,48,16.06,8.522637989842249
COFs,MFGP,48,16.12,8.522637989842249
COFs,MFGP,48,16.19,8.522637989842249
COFs,MFGP,48,16.25,8.522637989842249
COFs,MFGP,48,16.32,8.522637989842249
COFs,MFGP,48,17.32,8.522637989842249
COFs,MFGP,48,17.38,8.522637989842249
COFs,MFGP,48,17.45,8.522637989842249
COFs,MFGP,48,17.51,8.522637989842249
COFs,MFGP,48,17.58,8.522637989842249
COFs,MFGP,48,17.64,8.522637989842249
COFs,MFGP,48,17.71,8.522637989842249
COFs,MFGP,48,17.77,8.522637989842249
COFs,MFGP,48,17.84,8.522637989842249
COFs,MFGP,48,17.9,8.522637989842249
COFs,MFGP,48,17.97,8.522637989842249
COFs,MFGP,48,18.04,8.522637989842249
COFs,MFGP,48,18.1,8.522637989842249
COFs,MFGP,48,18.17,8.522637989842249
COFs,MFGP,48,18.23,8.522637989842249
COFs,MFGP,48,18.3,8.522637989842249
COFs,MFGP,48,19.3,8.522637989842249
COFs,MFGP,48,19.36,8.522637989842249
COFs,MFGP,48,19.43,8.522637989842249
COFs,MFGP,48,19.49,8.522637989842249
COFs,MFGP,48,19.56,8.522637989842249
COFs,MFGP,48,19.62,8.522637989842249
COFs,MFGP,48,19.69,8.522637989842249
COFs,MFGP,48,19.75,8.522637989842249
COFs,MFGP,48,19.82,8.522637989842249
COFs,MFGP,48,19.88,8.522637989842249
COFs,MFGP,48,19.95,8.522637989842249
COFs,MFGP,48,20.01,8.522637989842249
COFs,MFGP,48,20.08,8.522637989842249
COFs,MFGP,48,20.14,8.522637989842249
COFs,MFGP,48,20.21,8.522637989842249
COFs,MFGP,48,20.27,8.522637989842249
COFs,MFGP,48,21.27,8.522637989842249
COFs,MFGP,48,21.34,8.522637989842249
COFs,MFGP,48,21.4,8.522637989842249
COFs,MFGP,48,21.47,8.522637989842249
COFs,MFGP,48,21.53,8.522637989842249
COFs,MFGP,48,21.6,8.522637989842249
COFs,MFGP,48,21.66,8.522637989842249
COFs,MFGP,48,21.73,8.522637989842249
COFs,MFGP,48,21.79,8.522637989842249
COFs,MFGP,48,21.86,8.522637989842249
COFs,MFGP,48,21.92,8.522637989842249
COFs,MFGP,48,21.99,8.522637989842249
COFs,MFGP,48,22.05,8.522637989842249
COFs,MFGP,48,22.12,8.522637989842249
COFs,MFGP,48,22.18,8.522637989842249
COFs,MFGP,48,22.25,8.522637989842249
COFs,MFGP,48,23.25,8.522637989842249
COFs,MFGP,48,23.31,8.522637989842249
COFs,MFGP,48,23.38,8.522637989842249
COFs,MFGP,48,23.44,8.522637989842249
COFs,MFGP,48,23.51,8.522637989842249
COFs,MFGP,48,23.57,8.522637989842249
COFs,MFGP,48,23.64,8.522637989842249
COFs,MFGP,48,23.7,8.522637989842249
COFs,MFGP,48,23.77,8.522637989842249
COFs,MFGP,48,23.83,8.522637989842249
COFs,MFGP,48,23.9,8.522637989842249
COFs,MFGP,48,23.96,8.522637989842249
COFs,MFGP,48,24.03,8.522637989842249
COFs,MFGP,48,24.09,8.522637989842249
COFs,MFGP,48,24.16,8.522637989842249
COFs,MFGP,48,24.22,8.522637989842249
COFs,MFGP,48,25.22,8.522637989842249
COFs,MFGP,48,25.29,8.522637989842249
COFs,MFGP,48,25.35,8.522637989842249
COFs,MFGP,48,25.42,8.522637989842249
COFs,MFGP,48,25.48,8.522637989842249
COFs,MFGP,48,25.55,8.522637989842249
COFs,MFGP,48,25.61,8.522637989842249
COFs,MFGP,48,25.68,8.522637989842249
COFs,MFGP,48,25.74,8.522637989842249
COFs,MFGP,48,25.81,8.522637989842249
COFs,MFGP,48,25.87,8.522637989842249
COFs,MFGP,48,25.94,8.522637989842249
COFs,MFGP,48,26.0,8.522637989842249
COFs,MFGP,48,26.07,8.522637989842249
COFs,MFGP,48,26.13,8.522637989842249
COFs,MFGP,48,26.2,8.522637989842249
COFs,MFGP,48,27.2,8.522637989842249
COFs,MFGP,48,27.26,8.522637989842249
COFs,MFGP,48,27.33,8.522637989842249
COFs,MFGP,48,27.39,8.522637989842249
COFs,MFGP,48,27.46,8.522637989842249
COFs,MFGP,48,27.52,8.522637989842249
COFs,MFGP,48,27.59,8.522637989842249
COFs,MFGP,48,27.65,8.522637989842249
COFs,MFGP,48,27.72,8.522637989842249
COFs,MFGP,48,27.78,8.522637989842249
COFs,MFGP,48,27.85,8.522637989842249
COFs,MFGP,48,27.91,8.522637989842249
COFs,MFGP,48,27.98,8.522637989842249
COFs,MFGP,48,28.04,8.522637989842249
COFs,MFGP,48,28.11,8.522637989842249
COFs,MFGP,48,28.17,8.522637989842249
COFs,MFGP,48,29.17,8.522637989842249
COFs,MFGP,48,29.24,8.522637989842249
COFs,MFGP,48,29.3,8.522637989842249
COFs,MFGP,48,29.37,8.522637989842249
COFs,MFGP,48,29.43,8.522637989842249
COFs,MFGP,48,29.5,8.522637989842249
COFs,MFGP,48,29.56,8.522637989842249
COFs,MFGP,48,29.63,8.522637989842249
COFs,MFGP,48,29.69,8.522637989842249
COFs,MFGP,48,29.76,8.522637989842249
COFs,MFGP,48,29.82,8.522637989842249
COFs,MFGP,48,29.89,8.522637989842249
COFs,MFGP,48,29.95,8.522637989842249
COFs,MFGP,49,3.5,12.286313844166015
COFs,MFGP,49,3.56,12.286313844166015
COFs,MFGP,49,3.62,12.286313844166015
COFs,MFGP,49,3.69,12.286313844166015
COFs,MFGP,49,3.75,12.286313844166015
COFs,MFGP,49,3.82,12.286313844166015
COFs,MFGP,49,3.88,12.286313844166015
COFs,MFGP,49,3.95,12.286313844166015
COFs,MFGP,49,4.01,12.286313844166015
COFs,MFGP,49,4.08,12.286313844166015
COFs,MFGP,49,4.15,12.286313844166015
COFs,MFGP,49,4.21,12.286313844166015
COFs,MFGP,49,4.28,12.286313844166015
COFs,MFGP,49,4.34,12.286313844166015
COFs,MFGP,49,4.41,12.286313844166015
COFs,MFGP,49,4.47,12.286313844166015
COFs,MFGP,49,5.47,11.580077249937606
COFs,MFGP,49,5.54,11.580077249937606
COFs,MFGP,49,5.6,11.580077249937606
COFs,MFGP,49,5.67,11.580077249937606
COFs,MFGP,49,5.73,11.580077249937606
COFs,MFGP,49,5.8,11.580077249937606
COFs,MFGP,49,5.86,11.580077249937606
COFs,MFGP,49,5.93,11.580077249937606
COFs,MFGP,49,5.99,11.580077249937606
COFs,MFGP,49,6.06,11.580077249937606
COFs,MFGP,49,6.12,11.580077249937606
COFs,MFGP,49,6.19,11.580077249937606
COFs,MFGP,49,6.25,11.580077249937606
COFs,MFGP,49,6.32,11.580077249937606
COFs,MFGP,49,6.38,11.580077249937606
COFs,MFGP,49,6.45,11.580077249937606
COFs,MFGP,49,7.45,11.580077249937606
COFs,MFGP,49,7.51,11.580077249937606
COFs,MFGP,49,7.58,11.580077249937606
COFs,MFGP,49,7.64,11.580077249937606
COFs,MFGP,49,7.71,11.580077249937606
COFs,MFGP,49,7.77,11.580077249937606
COFs,MFGP,49,7.84,11.580077249937606
COFs,MFGP,49,7.9,11.580077249937606
COFs,MFGP,49,7.97,11.580077249937606
COFs,MFGP,49,8.03,11.580077249937606
COFs,MFGP,49,8.1,11.580077249937606
COFs,MFGP,49,8.16,11.580077249937606
COFs,MFGP,49,8.23,11.580077249937606
COFs,MFGP,49,8.29,11.580077249937606
COFs,MFGP,49,8.36,11.580077249937606
COFs,MFGP,49,8.42,11.580077249937606
COFs,MFGP,49,9.42,11.580077249937606
COFs,MFGP,49,9.49,11.580077249937606
COFs,MFGP,49,9.55,11.580077249937606
COFs,MFGP,49,9.62,11.580077249937606
COFs,MFGP,49,9.68,11.580077249937606
COFs,MFGP,49,9.75,11.580077249937606
COFs,MFGP,49,9.81,11.580077249937606
COFs,MFGP,49,9.88,11.580077249937606
COFs,MFGP,49,9.94,11.580077249937606
COFs,MFGP,49,10.01,11.580077249937606
COFs,MFGP,49,10.07,11.580077249937606
COFs,MFGP,49,10.14,11.580077249937606
COFs,MFGP,49,10.2,11.580077249937606
COFs,MFGP,49,10.27,11.580077249937606
COFs,MFGP,49,10.33,11.580077249937606
COFs,MFGP,49,10.4,11.580077249937606
COFs,MFGP,49,11.4,11.580077249937606
COFs,MFGP,49,11.46,11.580077249937606
COFs,MFGP,49,11.53,11.580077249937606
COFs,MFGP,49,11.59,11.580077249937606
COFs,MFGP,49,11.65,11.580077249937606
COFs,MFGP,49,11.72,11.580077249937606
COFs,MFGP,49,11.78,11.580077249937606
COFs,MFGP,49,11.85,11.580077249937606
COFs,MFGP,49,11.91,11.580077249937606
COFs,MFGP,49,11.98,11.580077249937606
COFs,MFGP,49,12.04,11.580077249937606
COFs,MFGP,49,12.11,11.580077249937606
COFs,MFGP,49,12.17,11.580077249937606
COFs,MFGP,49,12.24,11.580077249937606
COFs,MFGP,49,12.3,11.580077249937606
COFs,MFGP,49,12.37,11.580077249937606
COFs,MFGP,49,13.37,11.580077249937606
COFs,MFGP,49,13.43,11.580077249937606
COFs,MFGP,49,13.5,11.580077249937606
COFs,MFGP,49,13.56,11.580077249937606
COFs,MFGP,49,13.63,11.580077249937606
COFs,MFGP,49,13.69,11.580077249937606
COFs,MFGP,49,13.76,11.580077249937606
COFs,MFGP,49,13.82,11.580077249937606
COFs,MFGP,49,13.89,11.580077249937606
COFs,MFGP,49,13.95,11.580077249937606
COFs,MFGP,49,14.02,11.580077249937606
COFs,MFGP,49,14.08,11.580077249937606
COFs,MFGP,49,14.15,11.580077249937606
COFs,MFGP,49,14.21,11.580077249937606
COFs,MFGP,49,14.28,11.580077249937606
COFs,MFGP,49,14.34,11.580077249937606
COFs,MFGP,49,15.34,11.580077249937606
COFs,MFGP,49,15.41,11.580077249937606
COFs,MFGP,49,15.47,11.580077249937606
COFs,MFGP,49,15.54,11.580077249937606
COFs,MFGP,49,15.6,11.580077249937606
COFs,MFGP,49,15.67,11.580077249937606
COFs,MFGP,49,15.73,11.580077249937606
COFs,MFGP,49,15.8,11.580077249937606
COFs,MFGP,49,15.86,11.580077249937606
COFs,MFGP,49,15.93,11.580077249937606
COFs,MFGP,49,15.99,11.580077249937606
COFs,MFGP,49,16.06,11.580077249937606
COFs,MFGP,49,16.12,11.580077249937606
COFs,MFGP,49,16.19,11.580077249937606
COFs,MFGP,49,16.25,11.580077249937606
COFs,MFGP,49,16.32,11.580077249937606
COFs,MFGP,49,17.32,11.580077249937606
COFs,MFGP,49,17.38,11.580077249937606
COFs,MFGP,49,17.45,11.580077249937606
COFs,MFGP,49,17.51,11.580077249937606
COFs,MFGP,49,17.58,11.580077249937606
COFs,MFGP,49,17.64,11.580077249937606
COFs,MFGP,49,17.71,11.580077249937606
COFs,MFGP,49,17.77,11.580077249937606
COFs,MFGP,49,17.84,11.580077249937606
COFs,MFGP,49,17.9,11.580077249937606
COFs,MFGP,49,17.97,11.580077249937606
COFs,MFGP,49,18.04,11.580077249937606
COFs,MFGP,49,18.1,11.580077249937606
COFs,MFGP,49,18.17,11.580077249937606
COFs,MFGP,49,18.23,11.580077249937606
COFs,MFGP,49,18.3,11.580077249937606
COFs,MFGP,49,19.3,11.580077249937606
COFs,MFGP,49,19.36,11.580077249937606
COFs,MFGP,49,19.43,11.580077249937606
COFs,MFGP,49,19.49,11.580077249937606
COFs,MFGP,49,19.56,11.580077249937606
COFs,MFGP,49,19.62,11.580077249937606
COFs,MFGP,49,19.69,11.580077249937606
COFs,MFGP,49,19.75,11.580077249937606
COFs,MFGP,49,19.82,11.580077249937606
COFs,MFGP,49,19.88,11.580077249937606
COFs,MFGP,49,19.95,11.580077249937606
COFs,MFGP,49,20.01,11.580077249937606
COFs,MFGP,49,20.08,11.580077249937606
COFs,MFGP,49,20.14,11.580077249937606
COFs,MFGP,49,20.21,11.580077249937606
COFs,MFGP,49,20.27,11.580077249937606
COFs,MFGP,49,21.27,11.580077249937606
COFs,MFGP,49,21.34,11.580077249937606
COFs,MFGP,49,21.4,11.580077249937606
COFs,MFGP,49,21.47,11.580077249937606
COFs,MFGP,49,21.53,11.580077249937606
COFs,MFGP,49,21.6,11.580077249937606
COFs,MFGP,49,21.66,11.580077249937606
COFs,MFGP,49,21.73,11.580077249937606
COFs,MFGP,49,21.79,11.580077249937606
COFs,MFGP,49,21.86,11.580077249937606
COFs,MFGP,49,21.92,11.580077249937606
COFs,MFGP,49,21.99,11.580077249937606
COFs,MFGP,49,22.05,11.580077249937606
COFs,MFGP,49,22.12,11.580077249937606
COFs,MFGP,49,22.18,11.580077249937606
COFs,MFGP,49,22.25,11.580077249937606
COFs,MFGP,49,23.25,11.580077249937606
COFs,MFGP,49,23.31,11.580077249937606
COFs,MFGP,49,23.38,11.580077249937606
COFs,MFGP,49,23.44,11.580077249937606
COFs,MFGP,49,23.51,11.580077249937606
COFs,MFGP,49,23.57,11.580077249937606
COFs,MFGP,49,23.64,11.580077249937606
COFs,MFGP,49,23.7,11.580077249937606
COFs,MFGP,49,23.77,11.580077249937606
COFs,MFGP,49,23.83,11.580077249937606
COFs,MFGP,49,23.9,11.580077249937606
COFs,MFGP,49,23.96,11.580077249937606
COFs,MFGP,49,24.03,11.580077249937606
COFs,MFGP,49,24.09,11.580077249937606
COFs,MFGP,49,24.16,11.580077249937606
COFs,MFGP,49,24.22,11.580077249937606
COFs,MFGP,49,25.22,11.580077249937606
COFs,MFGP,49,25.29,11.580077249937606
COFs,MFGP,49,25.35,11.580077249937606
COFs,MFGP,49,25.42,11.580077249937606
COFs,MFGP,49,25.48,11.580077249937606
COFs,MFGP,49,25.55,11.580077249937606
COFs,MFGP,49,25.61,11.580077249937606
COFs,MFGP,49,25.68,11.580077249937606
COFs,MFGP,49,25.74,11.580077249937606
COFs,MFGP,49,25.81,11.580077249937606
COFs,MFGP,49,25.87,11.580077249937606
COFs,MFGP,49,25.94,11.580077249937606
COFs,MFGP,49,26.0,11.580077249937606
COFs,MFGP,49,26.07,11.580077249937606
COFs,MFGP,49,26.13,11.580077249937606
COFs,MFGP,49,26.2,11.580077249937606
COFs,MFGP,49,27.2,11.580077249937606
COFs,MFGP,49,27.26,11.580077249937606
COFs,MFGP,49,27.33,11.580077249937606
COFs,MFGP,49,27.39,11.580077249937606
COFs,MFGP,49,27.46,11.580077249937606
COFs,MFGP,49,27.52,11.580077249937606
COFs,MFGP,49,27.59,11.580077249937606
COFs,MFGP,49,27.65,11.580077249937606
COFs,MFGP,49,27.72,11.580077249937606
COFs,MFGP,49,27.78,11.580077249937606
COFs,MFGP,49,27.85,11.580077249937606
COFs,MFGP,49,27.91,11.580077249937606
COFs,MFGP,49,27.98,11.580077249937606
COFs,MFGP,49,28.04,11.580077249937606
COFs,MFGP,49,28.11,11.580077249937606
COFs,MFGP,49,28.17,11.580077249937606
COFs,MFGP,49,29.17,11.580077249937606
COFs,MFGP,49,29.24,11.580077249937606
COFs,MFGP,49,29.3,11.580077249937606
COFs,MFGP,49,29.37,11.580077249937606
COFs,MFGP,49,29.43,11.580077249937606
COFs,MFGP,49,29.5,11.580077249937606
COFs,MFGP,49,29.56,11.580077249937606
COFs,MFGP,49,29.63,11.580077249937606
COFs,MFGP,49,29.69,11.580077249937606
COFs,MFGP,49,29.76,11.580077249937606
COFs,MFGP,49,29.82,11.580077249937606
COFs,MFGP,49,29.89,11.580077249937606
COFs,MFGP,49,29.95,11.580077249937606
COFs,MFGP,50,3.5,2.768421691579954
COFs,MFGP,50,3.56,2.768421691579954
COFs,MFGP,50,3.62,2.768421691579954
COFs,MFGP,50,3.69,2.768421691579954
COFs,MFGP,50,3.75,2.768421691579954
COFs,MFGP,50,3.82,2.768421691579954
COFs,MFGP,50,3.88,2.768421691579954
COFs,MFGP,50,3.95,2.768421691579954
COFs,MFGP,50,4.01,2.768421691579954
COFs,MFGP,50,4.08,2.768421691579954
COFs,MFGP,50,4.15,2.768421691579954
COFs,MFGP,50,4.21,2.768421691579954
COFs,MFGP,50,4.28,2.768421691579954
COFs,MFGP,50,4.34,2.768421691579954
COFs,MFGP,50,4.41,2.768421691579954
COFs,MFGP,50,4.47,2.768421691579954
COFs,MFGP,50,5.47,2.768421691579954
COFs,MFGP,50,5.54,2.768421691579954
COFs,MFGP,50,5.6,2.768421691579954
COFs,MFGP,50,5.67,2.768421691579954
COFs,MFGP,50,5.73,2.768421691579954
COFs,MFGP,50,5.8,2.768421691579954
COFs,MFGP,50,5.86,2.768421691579954
COFs,MFGP,50,5.93,2.768421691579954
COFs,MFGP,50,5.99,2.768421691579954
COFs,MFGP,50,6.06,2.768421691579954
COFs,MFGP,50,6.12,2.768421691579954
COFs,MFGP,50,6.19,2.768421691579954
COFs,MFGP,50,6.25,2.768421691579954
COFs,MFGP,50,6.32,2.768421691579954
COFs,MFGP,50,6.38,2.768421691579954
COFs,MFGP,50,6.45,2.768421691579954
COFs,MFGP,50,7.45,2.768421691579954
COFs,MFGP,50,7.51,2.768421691579954
COFs,MFGP,50,7.58,2.768421691579954
COFs,MFGP,50,7.64,2.768421691579954
COFs,MFGP,50,7.71,2.768421691579954
COFs,MFGP,50,7.77,2.768421691579954
COFs,MFGP,50,7.84,2.768421691579954
COFs,MFGP,50,7.9,2.768421691579954
COFs,MFGP,50,7.97,2.768421691579954
COFs,MFGP,50,8.03,2.768421691579954
COFs,MFGP,50,8.1,2.768421691579954
COFs,MFGP,50,8.16,2.768421691579954
COFs,MFGP,50,8.23,2.768421691579954
COFs,MFGP,50,8.29,2.768421691579954
COFs,MFGP,50,8.36,2.768421691579954
COFs,MFGP,50,8.42,2.768421691579954
COFs,MFGP,50,9.42,2.768421691579954
COFs,MFGP,50,9.49,2.768421691579954
COFs,MFGP,50,9.55,2.768421691579954
COFs,MFGP,50,9.62,2.768421691579954
COFs,MFGP,50,9.68,2.768421691579954
COFs,MFGP,50,9.75,2.768421691579954
COFs,MFGP,50,9.81,2.768421691579954
COFs,MFGP,50,9.88,2.768421691579954
COFs,MFGP,50,9.94,2.768421691579954
COFs,MFGP,50,10.01,2.768421691579954
COFs,MFGP,50,10.07,2.768421691579954
COFs,MFGP,50,10.14,2.768421691579954
COFs,MFGP,50,10.2,2.768421691579954
COFs,MFGP,50,10.27,2.768421691579954
COFs,MFGP,50,10.33,2.768421691579954
COFs,MFGP,50,10.4,2.768421691579954
COFs,MFGP,50,11.4,2.768421691579954
COFs,MFGP,50,11.46,2.768421691579954
COFs,MFGP,50,11.53,2.768421691579954
COFs,MFGP,50,11.59,2.768421691579954
COFs,MFGP,50,11.65,2.768421691579954
COFs,MFGP,50,11.72,2.768421691579954
COFs,MFGP,50,11.78,2.768421691579954
COFs,MFGP,50,11.85,2.768421691579954
COFs,MFGP,50,11.91,2.768421691579954
COFs,MFGP,50,11.98,2.768421691579954
COFs,MFGP,50,12.04,2.768421691579954
COFs,MFGP,50,12.11,2.768421691579954
COFs,MFGP,50,12.17,2.768421691579954
COFs,MFGP,50,12.24,2.768421691579954
COFs,MFGP,50,12.3,2.768421691579954
COFs,MFGP,50,12.37,2.768421691579954
COFs,MFGP,50,13.37,2.768421691579954
COFs,MFGP,50,13.43,2.768421691579954
COFs,MFGP,50,13.5,2.768421691579954
COFs,MFGP,50,13.56,2.768421691579954
COFs,MFGP,50,13.63,2.768421691579954
COFs,MFGP,50,13.69,2.768421691579954
COFs,MFGP,50,13.76,2.768421691579954
COFs,MFGP,50,13.82,2.768421691579954
COFs,MFGP,50,13.89,2.768421691579954
COFs,MFGP,50,13.95,2.768421691579954
COFs,MFGP,50,14.02,2.768421691579954
COFs,MFGP,50,14.08,2.768421691579954
COFs,MFGP,50,14.15,2.768421691579954
COFs,MFGP,50,14.21,2.768421691579954
COFs,MFGP,50,14.28,2.768421691579954
COFs,MFGP,50,14.34,2.768421691579954
COFs,MFGP,50,15.34,2.768421691579954
COFs,MFGP,50,15.41,2.768421691579954
COFs,MFGP,50,15.47,2.768421691579954
COFs,MFGP,50,15.54,2.768421691579954
COFs,MFGP,50,15.6,2.768421691579954
COFs,MFGP,50,15.67,2.768421691579954
COFs,MFGP,50,15.73,2.768421691579954
COFs,MFGP,50,15.8,2.768421691579954
COFs,MFGP,50,15.86,2.768421691579954
COFs,MFGP,50,15.93,2.768421691579954
COFs,MFGP,50,15.99,2.768421691579954
COFs,MFGP,50,16.06,2.768421691579954
COFs,MFGP,50,16.12,2.768421691579954
COFs,MFGP,50,16.19,2.768421691579954
COFs,MFGP,50,16.25,2.768421691579954
COFs,MFGP,50,16.32,2.768421691579954
COFs,MFGP,50,17.32,2.768421691579954
COFs,MFGP,50,17.38,2.768421691579954
COFs,MFGP,50,17.45,2.768421691579954
COFs,MFGP,50,17.51,2.768421691579954
COFs,MFGP,50,17.58,2.768421691579954
COFs,MFGP,50,17.64,2.768421691579954
COFs,MFGP,50,17.71,2.768421691579954
COFs,MFGP,50,17.77,2.768421691579954
COFs,MFGP,50,17.84,2.768421691579954
COFs,MFGP,50,17.9,2.768421691579954
COFs,MFGP,50,17.97,2.768421691579954
COFs,MFGP,50,18.04,2.768421691579954
COFs,MFGP,50,18.1,2.768421691579954
COFs,MFGP,50,18.17,2.768421691579954
COFs,MFGP,50,18.23,2.768421691579954
COFs,MFGP,50,18.3,2.768421691579954
COFs,MFGP,50,19.3,2.768421691579954
COFs,MFGP,50,19.36,2.768421691579954
COFs,MFGP,50,19.43,2.768421691579954
COFs,MFGP,50,19.49,2.768421691579954
COFs,MFGP,50,19.56,2.768421691579954
COFs,MFGP,50,19.62,2.768421691579954
COFs,MFGP,50,19.69,2.768421691579954
COFs,MFGP,50,19.75,2.768421691579954
COFs,MFGP,50,19.82,2.768421691579954
COFs,MFGP,50,19.88,2.768421691579954
COFs,MFGP,50,19.95,2.768421691579954
COFs,MFGP,50,20.01,2.768421691579954
COFs,MFGP,50,20.08,2.768421691579954
COFs,MFGP,50,20.14,2.768421691579954
COFs,MFGP,50,20.21,2.768421691579954
COFs,MFGP,50,20.27,2.768421691579954
COFs,MFGP,50,21.27,2.768421691579954
COFs,MFGP,50,21.34,2.768421691579954
COFs,MFGP,50,21.4,2.768421691579954
COFs,MFGP,50,21.47,2.768421691579954
COFs,MFGP,50,21.53,2.768421691579954
COFs,MFGP,50,21.6,2.768421691579954
COFs,MFGP,50,21.66,2.768421691579954
COFs,MFGP,50,21.73,2.768421691579954
COFs,MFGP,50,21.79,2.768421691579954
COFs,MFGP,50,21.86,2.768421691579954
COFs,MFGP,50,21.92,2.768421691579954
COFs,MFGP,50,21.99,2.768421691579954
COFs,MFGP,50,22.05,2.768421691579954
COFs,MFGP,50,22.12,2.768421691579954
COFs,MFGP,50,22.18,2.768421691579954
COFs,MFGP,50,22.25,2.768421691579954
COFs,MFGP,50,23.25,2.768421691579954
COFs,MFGP,50,23.31,2.768421691579954
COFs,MFGP,50,23.38,2.768421691579954
COFs,MFGP,50,23.44,2.768421691579954
COFs,MFGP,50,23.51,2.768421691579954
COFs,MFGP,50,23.57,2.768421691579954
COFs,MFGP,50,23.64,2.768421691579954
COFs,MFGP,50,23.7,2.768421691579954
COFs,MFGP,50,23.77,2.768421691579954
COFs,MFGP,50,23.83,2.768421691579954
COFs,MFGP,50,23.9,2.768421691579954
COFs,MFGP,50,23.96,2.768421691579954
COFs,MFGP,50,24.03,2.768421691579954
COFs,MFGP,50,24.09,2.768421691579954
COFs,MFGP,50,24.16,2.768421691579954
COFs,MFGP,50,24.22,2.768421691579954
COFs,MFGP,50,25.22,2.768421691579954
COFs,MFGP,50,25.29,2.768421691579954
COFs,MFGP,50,25.35,2.768421691579954
COFs,MFGP,50,25.42,2.768421691579954
COFs,MFGP,50,25.48,2.768421691579954
COFs,MFGP,50,25.55,2.768421691579954
COFs,MFGP,50,25.61,2.768421691579954
COFs,MFGP,50,25.68,2.768421691579954
COFs,MFGP,50,25.74,2.768421691579954
COFs,MFGP,50,25.81,2.768421691579954
COFs,MFGP,50,25.87,2.768421691579954
COFs,MFGP,50,25.94,2.768421691579954
COFs,MFGP,50,26.0,2.768421691579954
COFs,MFGP,50,26.07,2.768421691579954
COFs,MFGP,50,26.13,2.768421691579954
COFs,MFGP,50,26.2,2.768421691579954
COFs,MFGP,50,27.2,2.768421691579954
COFs,MFGP,50,27.26,2.768421691579954
COFs,MFGP,50,27.33,2.768421691579954
COFs,MFGP,50,27.39,2.768421691579954
COFs,MFGP,50,27.46,2.768421691579954
COFs,MFGP,50,27.52,2.768421691579954
COFs,MFGP,50,27.59,2.768421691579954
COFs,MFGP,50,27.65,2.768421691579954
COFs,MFGP,50,27.72,2.768421691579954
COFs,MFGP,50,27.78,2.768421691579954
COFs,MFGP,50,27.85,2.768421691579954
COFs,MFGP,50,27.91,2.768421691579954
COFs,MFGP,50,27.98,2.768421691579954
COFs,MFGP,50,28.04,2.768421691579954
COFs,MFGP,50,28.11,2.768421691579954
COFs,MFGP,50,28.17,2.768421691579954
COFs,MFGP,50,29.17,2.768421691579954
COFs,MFGP,50,29.24,2.768421691579954
COFs,MFGP,50,29.3,2.768421691579954
COFs,MFGP,50,29.37,2.768421691579954
COFs,MFGP,50,29.43,2.768421691579954
COFs,MFGP,50,29.5,2.768421691579954
COFs,MFGP,50,29.56,2.768421691579954
COFs,MFGP,50,29.63,2.768421691579954
COFs,MFGP,50,29.69,2.768421691579954
COFs,MFGP,50,29.76,2.768421691579954
COFs,MFGP,50,29.82,2.768421691579954
COFs,MFGP,50,29.89,2.768421691579954
COFs,MFGP,50,29.95,2.768421691579954
COFs,MFGP,51,3.5,15.631027496035156
COFs,MFGP,51,3.56,15.631027496035156
COFs,MFGP,51,3.62,15.631027496035156
COFs,MFGP,51,3.69,15.631027496035156
COFs,MFGP,51,3.75,15.631027496035156
COFs,MFGP,51,3.82,15.631027496035156
COFs,MFGP,51,3.88,15.631027496035156
COFs,MFGP,51,3.95,15.631027496035156
COFs,MFGP,51,4.01,15.631027496035156
COFs,MFGP,51,4.08,15.631027496035156
COFs,MFGP,51,4.15,15.631027496035156
COFs,MFGP,51,4.21,15.631027496035156
COFs,MFGP,51,4.28,15.631027496035156
COFs,MFGP,51,4.34,15.631027496035156
COFs,MFGP,51,4.41,15.631027496035156
COFs,MFGP,51,4.47,15.631027496035156
COFs,MFGP,51,5.47,15.631027496035156
COFs,MFGP,51,5.54,15.631027496035156
COFs,MFGP,51,5.6,15.631027496035156
COFs,MFGP,51,5.67,15.631027496035156
COFs,MFGP,51,5.73,15.631027496035156
COFs,MFGP,51,5.8,15.631027496035156
COFs,MFGP,51,5.86,15.631027496035156
COFs,MFGP,51,5.93,15.631027496035156
COFs,MFGP,51,5.99,15.631027496035156
COFs,MFGP,51,6.06,15.631027496035156
COFs,MFGP,51,6.12,15.631027496035156
COFs,MFGP,51,6.19,15.631027496035156
COFs,MFGP,51,6.25,15.631027496035156
COFs,MFGP,51,6.32,15.631027496035156
COFs,MFGP,51,6.38,15.631027496035156
COFs,MFGP,51,6.45,15.631027496035156
COFs,MFGP,51,7.45,11.966908014866847
COFs,MFGP,51,7.51,11.966908014866847
COFs,MFGP,51,7.58,11.966908014866847
COFs,MFGP,51,7.64,11.966908014866847
COFs,MFGP,51,7.71,11.966908014866847
COFs,MFGP,51,7.77,11.966908014866847
COFs,MFGP,51,7.84,11.966908014866847
COFs,MFGP,51,7.9,11.966908014866847
COFs,MFGP,51,7.97,11.966908014866847
COFs,MFGP,51,8.03,11.966908014866847
COFs,MFGP,51,8.1,11.966908014866847
COFs,MFGP,51,8.16,11.966908014866847
COFs,MFGP,51,8.23,11.966908014866847
COFs,MFGP,51,8.29,11.966908014866847
COFs,MFGP,51,8.36,11.966908014866847
COFs,MFGP,51,8.42,11.966908014866847
COFs,MFGP,51,9.42,11.966908014866847
COFs,MFGP,51,9.49,11.966908014866847
COFs,MFGP,51,9.55,11.966908014866847
COFs,MFGP,51,9.62,11.966908014866847
COFs,MFGP,51,9.68,11.966908014866847
COFs,MFGP,51,9.75,11.966908014866847
COFs,MFGP,51,9.81,11.966908014866847
COFs,MFGP,51,9.88,11.966908014866847
COFs,MFGP,51,9.94,11.966908014866847
COFs,MFGP,51,10.01,11.966908014866847
COFs,MFGP,51,10.07,11.966908014866847
COFs,MFGP,51,10.14,11.966908014866847
COFs,MFGP,51,10.2,11.966908014866847
COFs,MFGP,51,10.27,11.966908014866847
COFs,MFGP,51,10.33,11.966908014866847
COFs,MFGP,51,10.4,11.966908014866847
COFs,MFGP,51,11.4,11.966908014866847
COFs,MFGP,51,11.46,11.966908014866847
COFs,MFGP,51,11.53,11.966908014866847
COFs,MFGP,51,11.59,11.966908014866847
COFs,MFGP,51,11.65,11.966908014866847
COFs,MFGP,51,11.72,11.966908014866847
COFs,MFGP,51,11.78,11.966908014866847
COFs,MFGP,51,11.85,11.966908014866847
COFs,MFGP,51,11.91,11.966908014866847
COFs,MFGP,51,11.98,11.966908014866847
COFs,MFGP,51,12.04,11.966908014866847
COFs,MFGP,51,12.11,11.966908014866847
COFs,MFGP,51,12.17,11.966908014866847
COFs,MFGP,51,12.24,11.966908014866847
COFs,MFGP,51,12.3,11.966908014866847
COFs,MFGP,51,12.37,11.966908014866847
COFs,MFGP,51,13.37,11.966908014866847
COFs,MFGP,51,13.43,11.966908014866847
COFs,MFGP,51,13.5,11.966908014866847
COFs,MFGP,51,13.56,11.966908014866847
COFs,MFGP,51,13.63,11.966908014866847
COFs,MFGP,51,13.69,11.966908014866847
COFs,MFGP,51,13.76,11.966908014866847
COFs,MFGP,51,13.82,11.966908014866847
COFs,MFGP,51,13.89,11.966908014866847
COFs,MFGP,51,13.95,11.966908014866847
COFs,MFGP,51,14.02,11.966908014866847
COFs,MFGP,51,14.08,11.966908014866847
COFs,MFGP,51,14.15,11.966908014866847
COFs,MFGP,51,14.21,11.966908014866847
COFs,MFGP,51,14.28,11.966908014866847
COFs,MFGP,51,14.34,11.966908014866847
COFs,MFGP,51,15.34,11.966908014866847
COFs,MFGP,51,15.41,11.966908014866847
COFs,MFGP,51,15.47,11.966908014866847
COFs,MFGP,51,15.54,11.966908014866847
COFs,MFGP,51,15.6,11.966908014866847
COFs,MFGP,51,15.67,11.966908014866847
COFs,MFGP,51,15.73,11.966908014866847
COFs,MFGP,51,15.8,11.966908014866847
COFs,MFGP,51,15.86,11.966908014866847
COFs,MFGP,51,15.93,11.966908014866847
COFs,MFGP,51,15.99,11.966908014866847
COFs,MFGP,51,16.06,11.966908014866847
COFs,MFGP,51,16.12,11.966908014866847
COFs,MFGP,51,16.19,11.966908014866847
COFs,MFGP,51,16.25,11.966908014866847
COFs,MFGP,51,16.32,11.966908014866847
COFs,MFGP,51,17.32,11.966908014866847
COFs,MFGP,51,17.38,11.966908014866847
COFs,MFGP,51,17.45,11.966908014866847
COFs,MFGP,51,17.51,11.966908014866847
COFs,MFGP,51,17.58,11.966908014866847
COFs,MFGP,51,17.64,11.966908014866847
COFs,MFGP,51,17.71,11.966908014866847
COFs,MFGP,51,17.77,11.966908014866847
COFs,MFGP,51,17.84,11.966908014866847
COFs,MFGP,51,17.9,11.966908014866847
COFs,MFGP,51,17.97,11.966908014866847
COFs,MFGP,51,18.04,11.966908014866847
COFs,MFGP,51,18.1,11.966908014866847
COFs,MFGP,51,18.17,11.966908014866847
COFs,MFGP,51,18.23,11.966908014866847
COFs,MFGP,51,18.3,11.966908014866847
COFs,MFGP,51,19.3,11.966908014866847
COFs,MFGP,51,19.36,11.966908014866847
COFs,MFGP,51,19.43,11.966908014866847
COFs,MFGP,51,19.49,11.966908014866847
COFs,MFGP,51,19.56,11.966908014866847
COFs,MFGP,51,19.62,11.966908014866847
COFs,MFGP,51,19.69,11.966908014866847
COFs,MFGP,51,19.75,11.966908014866847
COFs,MFGP,51,19.82,11.966908014866847
COFs,MFGP,51,19.88,11.966908014866847
COFs,MFGP,51,19.95,11.966908014866847
COFs,MFGP,51,20.01,11.966908014866847
COFs,MFGP,51,20.08,11.966908014866847
COFs,MFGP,51,20.14,11.966908014866847
COFs,MFGP,51,20.21,11.966908014866847
COFs,MFGP,51,20.27,11.966908014866847
COFs,MFGP,51,21.27,11.966908014866847
COFs,MFGP,51,21.34,11.966908014866847
COFs,MFGP,51,21.4,11.966908014866847
COFs,MFGP,51,21.47,11.966908014866847
COFs,MFGP,51,21.53,11.966908014866847
COFs,MFGP,51,21.6,11.966908014866847
COFs,MFGP,51,21.66,11.966908014866847
COFs,MFGP,51,21.73,11.966908014866847
COFs,MFGP,51,21.79,11.966908014866847
COFs,MFGP,51,21.86,11.966908014866847
COFs,MFGP,51,21.92,11.966908014866847
COFs,MFGP,51,21.99,11.966908014866847
COFs,MFGP,51,22.05,11.966908014866847
COFs,MFGP,51,22.12,11.966908014866847
COFs,MFGP,51,22.18,11.966908014866847
COFs,MFGP,51,22.25,11.966908014866847
COFs,MFGP,51,23.25,11.966908014866847
COFs,MFGP,51,23.31,11.966908014866847
COFs,MFGP,51,23.38,11.966908014866847
COFs,MFGP,51,23.44,11.966908014866847
COFs,MFGP,51,23.51,11.966908014866847
COFs,MFGP,51,23.57,11.966908014866847
COFs,MFGP,51,23.64,11.966908014866847
COFs,MFGP,51,23.7,11.966908014866847
COFs,MFGP,51,23.77,11.966908014866847
COFs,MFGP,51,23.83,11.966908014866847
COFs,MFGP,51,23.9,11.966908014866847
COFs,MFGP,51,23.96,11.966908014866847
COFs,MFGP,51,24.03,11.966908014866847
COFs,MFGP,51,24.09,11.966908014866847
COFs,MFGP,51,24.16,11.966908014866847
COFs,MFGP,51,24.22,11.966908014866847
COFs,MFGP,51,25.22,11.966908014866847
COFs,MFGP,51,25.29,11.966908014866847
COFs,MFGP,51,25.35,11.966908014866847
COFs,MFGP,51,25.42,11.966908014866847
COFs,MFGP,51,25.48,11.966908014866847
COFs,MFGP,51,25.55,11.966908014866847
COFs,MFGP,51,25.61,11.966908014866847
COFs,MFGP,51,25.68,11.966908014866847
COFs,MFGP,51,25.74,11.966908014866847
COFs,MFGP,51,25.81,11.966908014866847
COFs,MFGP,51,25.87,11.966908014866847
COFs,MFGP,51,25.94,11.966908014866847
COFs,MFGP,51,26.0,11.966908014866847
COFs,MFGP,51,26.07,11.966908014866847
COFs,MFGP,51,26.13,11.966908014866847
COFs,MFGP,51,26.2,11.966908014866847
COFs,MFGP,51,27.2,11.966908014866847
COFs,MFGP,51,27.26,11.966908014866847
COFs,MFGP,51,27.33,11.966908014866847
COFs,MFGP,51,27.39,11.966908014866847
COFs,MFGP,51,27.46,11.966908014866847
COFs,MFGP,51,27.52,11.966908014866847
COFs,MFGP,51,27.59,11.966908014866847
COFs,MFGP,51,27.65,11.966908014866847
COFs,MFGP,51,27.72,11.966908014866847
COFs,MFGP,51,27.78,11.966908014866847
COFs,MFGP,51,27.85,11.966908014866847
COFs,MFGP,51,27.91,11.966908014866847
COFs,MFGP,51,27.98,11.966908014866847
COFs,MFGP,51,28.04,11.966908014866847
COFs,MFGP,51,28.11,11.966908014866847
COFs,MFGP,51,28.17,11.966908014866847
COFs,MFGP,51,29.17,11.966908014866847
COFs,MFGP,51,29.24,11.966908014866847
COFs,MFGP,51,29.3,11.966908014866847
COFs,MFGP,51,29.37,11.966908014866847
COFs,MFGP,51,29.43,11.966908014866847
COFs,MFGP,51,29.5,11.966908014866847
COFs,MFGP,51,29.56,11.966908014866847
COFs,MFGP,51,29.63,11.966908014866847
COFs,MFGP,51,29.69,11.966908014866847
COFs,MFGP,51,29.76,11.966908014866847
COFs,MFGP,51,29.82,11.966908014866847
COFs,MFGP,51,29.89,11.966908014866847
COFs,MFGP,51,29.95,11.966908014866847
COFs,MFGP,52,3.5,14.284141411021764
COFs,MFGP,52,3.56,14.284141411021764
COFs,MFGP,52,3.62,14.284141411021764
COFs,MFGP,52,3.69,14.284141411021764
COFs,MFGP,52,3.75,14.284141411021764
COFs,MFGP,52,3.82,14.284141411021764
COFs,MFGP,52,3.88,14.284141411021764
COFs,MFGP,52,3.95,14.284141411021764
COFs,MFGP,52,4.01,14.284141411021764
COFs,MFGP,52,4.08,14.284141411021764
COFs,MFGP,52,4.15,14.284141411021764
COFs,MFGP,52,4.21,14.284141411021764
COFs,MFGP,52,4.28,14.284141411021764
COFs,MFGP,52,4.34,14.284141411021764
COFs,MFGP,52,4.41,14.284141411021764
COFs,MFGP,52,4.47,14.284141411021764
COFs,MFGP,52,5.47,7.6293969821581396
COFs,MFGP,52,5.54,7.6293969821581396
COFs,MFGP,52,5.6,7.6293969821581396
COFs,MFGP,52,5.67,7.6293969821581396
COFs,MFGP,52,5.73,7.6293969821581396
COFs,MFGP,52,5.8,7.6293969821581396
COFs,MFGP,52,5.86,7.6293969821581396
COFs,MFGP,52,5.93,7.6293969821581396
COFs,MFGP,52,5.99,7.6293969821581396
COFs,MFGP,52,6.06,7.6293969821581396
COFs,MFGP,52,6.12,7.6293969821581396
COFs,MFGP,52,6.19,7.6293969821581396
COFs,MFGP,52,6.25,7.6293969821581396
COFs,MFGP,52,6.32,7.6293969821581396
COFs,MFGP,52,6.38,7.6293969821581396
COFs,MFGP,52,6.45,7.6293969821581396
COFs,MFGP,52,7.45,0.0
COFs,MFGP,52,7.51,0.0
COFs,MFGP,52,7.58,0.0
COFs,MFGP,52,7.64,0.0
COFs,MFGP,52,7.71,0.0
COFs,MFGP,52,7.77,0.0
COFs,MFGP,52,7.84,0.0
COFs,MFGP,52,7.9,0.0
COFs,MFGP,52,7.97,0.0
COFs,MFGP,52,8.03,0.0
COFs,MFGP,52,8.1,0.0
COFs,MFGP,52,8.16,0.0
COFs,MFGP,52,8.23,0.0
COFs,MFGP,52,8.29,0.0
COFs,MFGP,52,8.36,0.0
COFs,MFGP,52,8.42,0.0
COFs,MFGP,52,9.42,0.0
COFs,MFGP,52,9.49,0.0
COFs,MFGP,52,9.55,0.0
COFs,MFGP,52,9.62,0.0
COFs,MFGP,52,9.68,0.0
COFs,MFGP,52,9.75,0.0
COFs,MFGP,52,9.81,0.0
COFs,MFGP,52,9.88,0.0
COFs,MFGP,52,9.94,0.0
COFs,MFGP,52,10.01,0.0
COFs,MFGP,52,10.07,0.0
COFs,MFGP,52,10.14,0.0
COFs,MFGP,52,10.2,0.0
COFs,MFGP,52,10.27,0.0
COFs,MFGP,52,10.33,0.0
COFs,MFGP,52,10.4,0.0
COFs,MFGP,52,11.4,0.0
COFs,MFGP,52,11.46,0.0
COFs,MFGP,52,11.53,0.0
COFs,MFGP,52,11.59,0.0
COFs,MFGP,52,11.65,0.0
COFs,MFGP,52,11.72,0.0
COFs,MFGP,52,11.78,0.0
COFs,MFGP,52,11.85,0.0
COFs,MFGP,52,11.91,0.0
COFs,MFGP,52,11.98,0.0
COFs,MFGP,52,12.04,0.0
COFs,MFGP,52,12.11,0.0
COFs,MFGP,52,12.17,0.0
COFs,MFGP,52,12.24,0.0
COFs,MFGP,52,12.3,0.0
COFs,MFGP,52,12.37,0.0
COFs,MFGP,52,13.37,0.0
COFs,MFGP,52,13.43,0.0
COFs,MFGP,52,13.5,0.0
COFs,MFGP,52,13.56,0.0
COFs,MFGP,52,13.63,0.0
COFs,MFGP,52,13.69,0.0
COFs,MFGP,52,13.76,0.0
COFs,MFGP,52,13.82,0.0
COFs,MFGP,52,13.89,0.0
COFs,MFGP,52,13.95,0.0
COFs,MFGP,52,14.02,0.0
COFs,MFGP,52,14.08,0.0
COFs,MFGP,52,14.15,0.0
COFs,MFGP,52,14.21,0.0
COFs,MFGP,52,14.28,0.0
COFs,MFGP,52,14.34,0.0
COFs,MFGP,52,15.34,0.0
COFs,MFGP,52,15.41,0.0
COFs,MFGP,52,15.47,0.0
COFs,MFGP,52,15.54,0.0
COFs,MFGP,52,15.6,0.0
COFs,MFGP,52,15.67,0.0
COFs,MFGP,52,15.73,0.0
COFs,MFGP,52,15.8,0.0
COFs,MFGP,52,15.86,0.0
COFs,MFGP,52,15.93,0.0
COFs,MFGP,52,15.99,0.0
COFs,MFGP,52,16.06,0.0
COFs,MFGP,52,16.12,0.0
COFs,MFGP,52,16.19,0.0
COFs,MFGP,52,16.25,0.0
COFs,MFGP,52,16.32,0.0
COFs,MFGP,52,17.32,0.0
COFs,MFGP,52,17.38,0.0
COFs,MFGP,52,17.45,0.0
COFs,MFGP,52,17.51,0.0
COFs,MFGP,52,17.58,0.0
COFs,MFGP,52,17.64,0.0
COFs,MFGP,52,17.71,0.0
COFs,MFGP,52,17.77,0.0
COFs,MFGP,52,17.84,0.0
COFs,MFGP,52,17.9,0.0
COFs,MFGP,52,17.97,0.0
COFs,MFGP,52,18.04,0.0
COFs,MFGP,52,18.1,0.0
COFs,MFGP,52,18.17,0.0
COFs,MFGP,52,18.23,0.0
COFs,MFGP,52,18.3,0.0
COFs,MFGP,52,19.3,0.0
COFs,MFGP,52,19.36,0.0
COFs,MFGP,52,19.43,0.0
COFs,MFGP,52,19.49,0.0
COFs,MFGP,52,19.56,0.0
COFs,MFGP,52,19.62,0.0
COFs,MFGP,52,19.69,0.0
COFs,MFGP,52,19.75,0.0
COFs,MFGP,52,19.82,0.0
COFs,MFGP,52,19.88,0.0
COFs,MFGP,52,19.95,0.0
COFs,MFGP,52,20.01,0.0
COFs,MFGP,52,20.08,0.0
COFs,MFGP,52,20.14,0.0
COFs,MFGP,52,20.21,0.0
COFs,MFGP,52,20.27,0.0
COFs,MFGP,52,21.27,0.0
COFs,MFGP,52,21.34,0.0
COFs,MFGP,52,21.4,0.0
COFs,MFGP,52,21.47,0.0
COFs,MFGP,52,21.53,0.0
COFs,MFGP,52,21.6,0.0
COFs,MFGP,52,21.66,0.0
COFs,MFGP,52,21.73,0.0
COFs,MFGP,52,21.79,0.0
COFs,MFGP,52,21.86,0.0
COFs,MFGP,52,21.92,0.0
COFs,MFGP,52,21.99,0.0
COFs,MFGP,52,22.05,0.0
COFs,MFGP,52,22.12,0.0
COFs,MFGP,52,22.18,0.0
COFs,MFGP,52,22.25,0.0
COFs,MFGP,52,23.25,0.0
COFs,MFGP,52,23.31,0.0
COFs,MFGP,52,23.38,0.0
COFs,MFGP,52,23.44,0.0
COFs,MFGP,52,23.51,0.0
COFs,MFGP,52,23.57,0.0
COFs,MFGP,52,23.64,0.0
COFs,MFGP,52,23.7,0.0
COFs,MFGP,52,23.77,0.0
COFs,MFGP,52,23.83,0.0
COFs,MFGP,52,23.9,0.0
COFs,MFGP,52,23.96,0.0
COFs,MFGP,52,24.03,0.0
COFs,MFGP,52,24.09,0.0
COFs,MFGP,52,24.16,0.0
COFs,MFGP,52,24.22,0.0
COFs,MFGP,52,25.22,0.0
COFs,MFGP,52,25.29,0.0
COFs,MFGP,52,25.35,0.0
COFs,MFGP,52,25.42,0.0
COFs,MFGP,52,25.48,0.0
COFs,MFGP,52,25.55,0.0
COFs,MFGP,52,25.61,0.0
COFs,MFGP,52,25.68,0.0
COFs,MFGP,52,25.74,0.0
COFs,MFGP,52,25.81,0.0
COFs,MFGP,52,25.87,0.0
COFs,MFGP,52,25.94,0.0
COFs,MFGP,52,26.0,0.0
COFs,MFGP,52,26.07,0.0
COFs,MFGP,52,26.13,0.0
COFs,MFGP,52,26.2,0.0
COFs,MFGP,52,27.2,0.0
COFs,MFGP,52,27.26,0.0
COFs,MFGP,52,27.33,0.0
COFs,MFGP,52,27.39,0.0
COFs,MFGP,52,27.46,0.0
COFs,MFGP,52,27.52,0.0
COFs,MFGP,52,27.59,0.0
COFs,MFGP,52,27.65,0.0
COFs,MFGP,52,27.72,0.0
COFs,MFGP,52,27.78,0.0
COFs,MFGP,52,27.85,0.0
COFs,MFGP,52,27.91,0.0
COFs,MFGP,52,27.98,0.0
COFs,MFGP,52,28.04,0.0
COFs,MFGP,52,28.11,0.0
COFs,MFGP,52,28.17,0.0
COFs,MFGP,52,29.17,0.0
COFs,MFGP,52,29.24,0.0
COFs,MFGP,52,29.3,0.0
COFs,MFGP,52,29.37,0.0
COFs,MFGP,52,29.43,0.0
COFs,MFGP,52,29.5,0.0
COFs,MFGP,52,29.56,0.0
COFs,MFGP,52,29.63,0.0
COFs,MFGP,52,29.69,0.0
COFs,MFGP,52,29.76,0.0
COFs,MFGP,52,29.82,0.0
COFs,MFGP,52,29.89,0.0
COFs,MFGP,52,29.95,0.0
COFs,MFGP,53,3.5,14.985327132158876
COFs,MFGP,53,3.56,14.985327132158876
COFs,MFGP,53,3.62,14.985327132158876
COFs,MFGP,53,3.69,14.985327132158876
COFs,MFGP,53,3.75,14.985327132158876
COFs,MFGP,53,3.82,14.985327132158876
COFs,MFGP,53,3.88,14.985327132158876
COFs,MFGP,53,3.95,14.985327132158876
COFs,MFGP,53,4.01,14.985327132158876
COFs,MFGP,53,4.08,14.985327132158876
COFs,MFGP,53,4.15,14.985327132158876
COFs,MFGP,53,4.21,14.985327132158876
COFs,MFGP,53,4.28,14.985327132158876
COFs,MFGP,53,4.34,14.985327132158876
COFs,MFGP,53,4.41,14.985327132158876
COFs,MFGP,53,4.47,14.985327132158876
COFs,MFGP,53,5.47,8.627397315961137
COFs,MFGP,53,5.54,8.627397315961137
COFs,MFGP,53,5.6,8.627397315961137
COFs,MFGP,53,5.67,8.627397315961137
COFs,MFGP,53,5.73,8.627397315961137
COFs,MFGP,53,5.8,8.627397315961137
COFs,MFGP,53,5.86,8.627397315961137
COFs,MFGP,53,5.93,8.627397315961137
COFs,MFGP,53,5.99,8.627397315961137
COFs,MFGP,53,6.06,8.627397315961137
COFs,MFGP,53,6.12,8.627397315961137
COFs,MFGP,53,6.19,8.627397315961137
COFs,MFGP,53,6.25,8.627397315961137
COFs,MFGP,53,6.32,8.627397315961137
COFs,MFGP,53,6.38,8.627397315961137
COFs,MFGP,53,6.45,8.627397315961137
COFs,MFGP,53,7.45,8.627397315961137
COFs,MFGP,53,7.51,8.627397315961137
COFs,MFGP,53,7.58,8.627397315961137
COFs,MFGP,53,7.64,8.627397315961137
COFs,MFGP,53,7.71,8.627397315961137
COFs,MFGP,53,7.77,8.627397315961137
COFs,MFGP,53,7.84,8.627397315961137
COFs,MFGP,53,7.9,8.627397315961137
COFs,MFGP,53,7.97,8.627397315961137
COFs,MFGP,53,8.03,8.627397315961137
COFs,MFGP,53,8.1,8.627397315961137
COFs,MFGP,53,8.16,8.627397315961137
COFs,MFGP,53,8.23,8.627397315961137
COFs,MFGP,53,8.29,8.627397315961137
COFs,MFGP,53,8.36,8.627397315961137
COFs,MFGP,53,8.42,8.627397315961137
COFs,MFGP,53,9.42,8.627397315961137
COFs,MFGP,53,9.49,8.627397315961137
COFs,MFGP,53,9.55,8.627397315961137
COFs,MFGP,53,9.62,8.627397315961137
COFs,MFGP,53,9.68,8.627397315961137
COFs,MFGP,53,9.75,8.627397315961137
COFs,MFGP,53,9.81,8.627397315961137
COFs,MFGP,53,9.88,8.627397315961137
COFs,MFGP,53,9.94,8.627397315961137
COFs,MFGP,53,10.01,8.627397315961137
COFs,MFGP,53,10.07,8.627397315961137
COFs,MFGP,53,10.14,8.627397315961137
COFs,MFGP,53,10.2,8.627397315961137
COFs,MFGP,53,10.27,8.627397315961137
COFs,MFGP,53,10.33,8.627397315961137
COFs,MFGP,53,10.4,8.627397315961137
COFs,MFGP,53,11.4,8.627397315961137
COFs,MFGP,53,11.46,8.627397315961137
COFs,MFGP,53,11.53,8.627397315961137
COFs,MFGP,53,11.59,8.627397315961137
COFs,MFGP,53,11.65,8.627397315961137
COFs,MFGP,53,11.72,8.627397315961137
COFs,MFGP,53,11.78,8.627397315961137
COFs,MFGP,53,11.85,8.627397315961137
COFs,MFGP,53,11.91,8.627397315961137
COFs,MFGP,53,11.98,8.627397315961137
COFs,MFGP,53,12.04,8.627397315961137
COFs,MFGP,53,12.11,8.627397315961137
COFs,MFGP,53,12.17,8.627397315961137
COFs,MFGP,53,12.24,8.627397315961137
COFs,MFGP,53,12.3,8.627397315961137
COFs,MFGP,53,12.37,8.627397315961137
COFs,MFGP,53,13.37,8.627397315961137
COFs,MFGP,53,13.43,8.627397315961137
COFs,MFGP,53,13.5,8.627397315961137
COFs,MFGP,53,13.56,8.627397315961137
COFs,MFGP,53,13.63,8.627397315961137
COFs,MFGP,53,13.69,8.627397315961137
COFs,MFGP,53,13.76,8.627397315961137
COFs,MFGP,53,13.82,8.627397315961137
COFs,MFGP,53,13.89,8.627397315961137
COFs,MFGP,53,13.95,8.627397315961137
COFs,MFGP,53,14.02,8.627397315961137
COFs,MFGP,53,14.08,8.627397315961137
COFs,MFGP,53,14.15,8.627397315961137
COFs,MFGP,53,14.21,8.627397315961137
COFs,MFGP,53,14.28,8.627397315961137
COFs,MFGP,53,14.34,8.627397315961137
COFs,MFGP,53,15.34,8.627397315961137
COFs,MFGP,53,15.41,8.627397315961137
COFs,MFGP,53,15.47,8.627397315961137
COFs,MFGP,53,15.54,8.627397315961137
COFs,MFGP,53,15.6,8.627397315961137
COFs,MFGP,53,15.67,8.627397315961137
COFs,MFGP,53,15.73,8.627397315961137
COFs,MFGP,53,15.8,8.627397315961137
COFs,MFGP,53,15.86,8.627397315961137
COFs,MFGP,53,15.93,8.627397315961137
COFs,MFGP,53,15.99,8.627397315961137
COFs,MFGP,53,16.06,8.627397315961137
COFs,MFGP,53,16.12,8.627397315961137
COFs,MFGP,53,16.19,8.627397315961137
COFs,MFGP,53,16.25,8.627397315961137
COFs,MFGP,53,16.32,8.627397315961137
COFs,MFGP,53,17.32,8.627397315961137
COFs,MFGP,53,17.38,8.627397315961137
COFs,MFGP,53,17.45,8.627397315961137
COFs,MFGP,53,17.51,8.627397315961137
COFs,MFGP,53,17.58,8.627397315961137
COFs,MFGP,53,17.64,8.627397315961137
COFs,MFGP,53,17.71,8.627397315961137
COFs,MFGP,53,17.77,8.627397315961137
COFs,MFGP,53,17.84,8.627397315961137
COFs,MFGP,53,17.9,8.627397315961137
COFs,MFGP,53,17.97,8.627397315961137
COFs,MFGP,53,18.04,8.627397315961137
COFs,MFGP,53,18.1,8.627397315961137
COFs,MFGP,53,18.17,8.627397315961137
COFs,MFGP,53,18.23,8.627397315961137
COFs,MFGP,53,18.3,8.627397315961137
COFs,MFGP,53,19.3,8.627397315961137
COFs,MFGP,53,19.36,8.627397315961137
COFs,MFGP,53,19.43,8.627397315961137
COFs,MFGP,53,19.49,8.627397315961137
COFs,MFGP,53,19.56,8.627397315961137
COFs,MFGP,53,19.62,8.627397315961137
COFs,MFGP,53,19.69,8.627397315961137
COFs,MFGP,53,19.75,8.627397315961137
COFs,MFGP,53,19.82,8.627397315961137
COFs,MFGP,53,19.88,8.627397315961137
COFs,MFGP,53,19.95,8.627397315961137
COFs,MFGP,53,20.01,8.627397315961137
COFs,MFGP,53,20.08,8.627397315961137
COFs,MFGP,53,20.14,8.627397315961137
COFs,MFGP,53,20.21,8.627397315961137
COFs,MFGP,53,20.27,8.627397315961137
COFs,MFGP,53,21.27,8.627397315961137
COFs,MFGP,53,21.34,8.627397315961137
COFs,MFGP,53,21.4,8.627397315961137
COFs,MFGP,53,21.47,8.627397315961137
COFs,MFGP,53,21.53,8.627397315961137
COFs,MFGP,53,21.6,8.627397315961137
COFs,MFGP,53,21.66,8.627397315961137
COFs,MFGP,53,21.73,8.627397315961137
COFs,MFGP,53,21.79,8.627397315961137
COFs,MFGP,53,21.86,8.627397315961137
COFs,MFGP,53,21.92,8.627397315961137
COFs,MFGP,53,21.99,8.627397315961137
COFs,MFGP,53,22.05,8.627397315961137
COFs,MFGP,53,22.12,8.627397315961137
COFs,MFGP,53,22.18,8.627397315961137
COFs,MFGP,53,22.25,8.627397315961137
COFs,MFGP,53,23.25,8.627397315961137
COFs,MFGP,53,23.31,8.627397315961137
COFs,MFGP,53,23.38,8.627397315961137
COFs,MFGP,53,23.44,8.627397315961137
COFs,MFGP,53,23.51,8.627397315961137
COFs,MFGP,53,23.57,8.627397315961137
COFs,MFGP,53,23.64,8.627397315961137
COFs,MFGP,53,23.7,8.627397315961137
COFs,MFGP,53,23.77,8.627397315961137
COFs,MFGP,53,23.83,8.627397315961137
COFs,MFGP,53,23.9,8.627397315961137
COFs,MFGP,53,23.96,8.627397315961137
COFs,MFGP,53,24.03,8.627397315961137
COFs,MFGP,53,24.09,8.627397315961137
COFs,MFGP,53,24.16,8.627397315961137
COFs,MFGP,53,24.22,8.627397315961137
COFs,MFGP,53,25.22,8.627397315961137
COFs,MFGP,53,25.29,8.627397315961137
COFs,MFGP,53,25.35,8.627397315961137
COFs,MFGP,53,25.42,8.627397315961137
COFs,MFGP,53,25.48,8.627397315961137
COFs,MFGP,53,25.55,8.627397315961137
COFs,MFGP,53,25.61,8.627397315961137
COFs,MFGP,53,25.68,8.627397315961137
COFs,MFGP,53,25.74,8.627397315961137
COFs,MFGP,53,25.81,8.627397315961137
COFs,MFGP,53,25.87,8.627397315961137
COFs,MFGP,53,25.94,8.627397315961137
COFs,MFGP,53,26.0,8.627397315961137
COFs,MFGP,53,26.07,8.627397315961137
COFs,MFGP,53,26.13,8.627397315961137
COFs,MFGP,53,26.2,8.627397315961137
COFs,MFGP,53,27.2,8.627397315961137
COFs,MFGP,53,27.26,8.627397315961137
COFs,MFGP,53,27.33,8.627397315961137
COFs,MFGP,53,27.39,8.627397315961137
COFs,MFGP,53,27.46,8.627397315961137
COFs,MFGP,53,27.52,8.627397315961137
COFs,MFGP,53,27.59,8.627397315961137
COFs,MFGP,53,27.65,8.627397315961137
COFs,MFGP,53,27.72,8.627397315961137
COFs,MFGP,53,27.78,8.627397315961137
COFs,MFGP,53,27.85,8.627397315961137
COFs,MFGP,53,27.91,8.627397315961137
COFs,MFGP,53,27.98,8.627397315961137
COFs,MFGP,53,28.04,8.627397315961137
COFs,MFGP,53,28.11,8.627397315961137
COFs,MFGP,53,28.17,8.627397315961137
COFs,MFGP,53,29.17,8.627397315961137
COFs,MFGP,53,29.24,8.627397315961137
COFs,MFGP,53,29.3,8.627397315961137
COFs,MFGP,53,29.37,8.627397315961137
COFs,MFGP,53,29.43,8.627397315961137
COFs,MFGP,53,29.5,8.627397315961137
COFs,MFGP,53,29.56,8.627397315961137
COFs,MFGP,53,29.63,8.627397315961137
COFs,MFGP,53,29.69,8.627397315961137
COFs,MFGP,53,29.76,8.627397315961137
COFs,MFGP,53,29.82,8.627397315961137
COFs,MFGP,53,29.89,8.627397315961137
COFs,MFGP,53,29.95,8.627397315961137
COFs,MFGP,54,3.5,12.286313844166015
COFs,MFGP,54,3.56,12.286313844166015
COFs,MFGP,54,3.62,12.286313844166015
COFs,MFGP,54,3.69,12.286313844166015
COFs,MFGP,54,3.75,12.286313844166015
COFs,MFGP,54,3.82,12.286313844166015
COFs,MFGP,54,3.88,12.286313844166015
COFs,MFGP,54,3.95,12.286313844166015
COFs,MFGP,54,4.01,12.286313844166015
COFs,MFGP,54,4.08,12.286313844166015
COFs,MFGP,54,4.15,12.286313844166015
COFs,MFGP,54,4.21,12.286313844166015
COFs,MFGP,54,4.28,12.286313844166015
COFs,MFGP,54,4.34,12.286313844166015
COFs,MFGP,54,4.41,12.286313844166015
COFs,MFGP,54,4.47,12.286313844166015
COFs,MFGP,54,5.47,12.286313844166015
COFs,MFGP,54,5.54,12.286313844166015
COFs,MFGP,54,5.6,12.286313844166015
COFs,MFGP,54,5.67,12.286313844166015
COFs,MFGP,54,5.73,12.286313844166015
COFs,MFGP,54,5.8,12.286313844166015
COFs,MFGP,54,5.86,12.286313844166015
COFs,MFGP,54,5.93,12.286313844166015
COFs,MFGP,54,5.99,12.286313844166015
COFs,MFGP,54,6.06,12.286313844166015
COFs,MFGP,54,6.12,12.286313844166015
COFs,MFGP,54,6.19,12.286313844166015
COFs,MFGP,54,6.25,12.286313844166015
COFs,MFGP,54,6.32,12.286313844166015
COFs,MFGP,54,6.38,12.286313844166015
COFs,MFGP,54,6.45,12.286313844166015
COFs,MFGP,54,7.45,6.806015904275972
COFs,MFGP,54,7.51,6.806015904275972
COFs,MFGP,54,7.58,6.806015904275972
COFs,MFGP,54,7.64,6.806015904275972
COFs,MFGP,54,7.71,6.806015904275972
COFs,MFGP,54,7.77,6.806015904275972
COFs,MFGP,54,7.84,6.806015904275972
COFs,MFGP,54,7.9,6.806015904275972
COFs,MFGP,54,7.97,6.806015904275972
COFs,MFGP,54,8.03,6.806015904275972
COFs,MFGP,54,8.1,6.806015904275972
COFs,MFGP,54,8.16,6.806015904275972
COFs,MFGP,54,8.23,6.806015904275972
COFs,MFGP,54,8.29,6.806015904275972
COFs,MFGP,54,8.36,6.806015904275972
COFs,MFGP,54,8.42,6.806015904275972
COFs,MFGP,54,9.42,6.806015904275972
COFs,MFGP,54,9.49,6.806015904275972
COFs,MFGP,54,9.55,6.806015904275972
COFs,MFGP,54,9.62,6.806015904275972
COFs,MFGP,54,9.68,6.806015904275972
COFs,MFGP,54,9.75,6.806015904275972
COFs,MFGP,54,9.81,6.806015904275972
COFs,MFGP,54,9.88,6.806015904275972
COFs,MFGP,54,9.94,6.806015904275972
COFs,MFGP,54,10.01,6.806015904275972
COFs,MFGP,54,10.07,6.806015904275972
COFs,MFGP,54,10.14,6.806015904275972
COFs,MFGP,54,10.2,6.806015904275972
COFs,MFGP,54,10.27,6.806015904275972
COFs,MFGP,54,10.33,6.806015904275972
COFs,MFGP,54,10.4,6.806015904275972
COFs,MFGP,54,11.4,6.806015904275972
COFs,MFGP,54,11.46,6.806015904275972
COFs,MFGP,54,11.53,6.806015904275972
COFs,MFGP,54,11.59,6.806015904275972
COFs,MFGP,54,11.65,6.806015904275972
COFs,MFGP,54,11.72,6.806015904275972
COFs,MFGP,54,11.78,6.806015904275972
COFs,MFGP,54,11.85,6.806015904275972
COFs,MFGP,54,11.91,6.806015904275972
COFs,MFGP,54,11.98,6.806015904275972
COFs,MFGP,54,12.04,6.806015904275972
COFs,MFGP,54,12.11,6.806015904275972
COFs,MFGP,54,12.17,6.806015904275972
COFs,MFGP,54,12.24,6.806015904275972
COFs,MFGP,54,12.3,6.806015904275972
COFs,MFGP,54,12.37,6.806015904275972
COFs,MFGP,54,13.37,6.806015904275972
COFs,MFGP,54,13.43,6.806015904275972
COFs,MFGP,54,13.5,6.806015904275972
COFs,MFGP,54,13.56,6.806015904275972
COFs,MFGP,54,13.63,6.806015904275972
COFs,MFGP,54,13.69,6.806015904275972
COFs,MFGP,54,13.76,6.806015904275972
COFs,MFGP,54,13.82,6.806015904275972
COFs,MFGP,54,13.89,6.806015904275972
COFs,MFGP,54,13.95,6.806015904275972
COFs,MFGP,54,14.02,6.806015904275972
COFs,MFGP,54,14.08,6.806015904275972
COFs,MFGP,54,14.15,6.806015904275972
COFs,MFGP,54,14.21,6.806015904275972
COFs,MFGP,54,14.28,6.806015904275972
COFs,MFGP,54,14.34,6.806015904275972
COFs,MFGP,54,15.34,6.806015904275972
COFs,MFGP,54,15.41,6.806015904275972
COFs,MFGP,54,15.47,6.806015904275972
COFs,MFGP,54,15.54,6.806015904275972
COFs,MFGP,54,15.6,6.806015904275972
COFs,MFGP,54,15.67,6.806015904275972
COFs,MFGP,54,15.73,6.806015904275972
COFs,MFGP,54,15.8,6.806015904275972
COFs,MFGP,54,15.86,6.806015904275972
COFs,MFGP,54,15.93,6.806015904275972
COFs,MFGP,54,15.99,6.806015904275972
COFs,MFGP,54,16.06,6.806015904275972
COFs,MFGP,54,16.12,6.806015904275972
COFs,MFGP,54,16.19,6.806015904275972
COFs,MFGP,54,16.25,6.806015904275972
COFs,MFGP,54,16.32,6.806015904275972
COFs,MFGP,54,17.32,6.806015904275972
COFs,MFGP,54,17.38,6.806015904275972
COFs,MFGP,54,17.45,6.806015904275972
COFs,MFGP,54,17.51,6.806015904275972
COFs,MFGP,54,17.58,6.806015904275972
COFs,MFGP,54,17.64,6.806015904275972
COFs,MFGP,54,17.71,6.806015904275972
COFs,MFGP,54,17.77,6.806015904275972
COFs,MFGP,54,17.84,6.806015904275972
COFs,MFGP,54,17.9,6.806015904275972
COFs,MFGP,54,17.97,6.806015904275972
COFs,MFGP,54,18.04,6.806015904275972
COFs,MFGP,54,18.1,6.806015904275972
COFs,MFGP,54,18.17,6.806015904275972
COFs,MFGP,54,18.23,6.806015904275972
COFs,MFGP,54,18.3,6.806015904275972
COFs,MFGP,54,19.3,6.806015904275972
COFs,MFGP,54,19.36,6.806015904275972
COFs,MFGP,54,19.43,6.806015904275972
COFs,MFGP,54,19.49,6.806015904275972
COFs,MFGP,54,19.56,6.806015904275972
COFs,MFGP,54,19.62,6.806015904275972
COFs,MFGP,54,19.69,6.806015904275972
COFs,MFGP,54,19.75,6.806015904275972
COFs,MFGP,54,19.82,6.806015904275972
COFs,MFGP,54,19.88,6.806015904275972
COFs,MFGP,54,19.95,6.806015904275972
COFs,MFGP,54,20.01,6.806015904275972
COFs,MFGP,54,20.08,6.806015904275972
COFs,MFGP,54,20.14,6.806015904275972
COFs,MFGP,54,20.21,6.806015904275972
COFs,MFGP,54,20.27,6.806015904275972
COFs,MFGP,54,21.27,6.806015904275972
COFs,MFGP,54,21.34,6.806015904275972
COFs,MFGP,54,21.4,6.806015904275972
COFs,MFGP,54,21.47,6.806015904275972
COFs,MFGP,54,21.53,6.806015904275972
COFs,MFGP,54,21.6,6.806015904275972
COFs,MFGP,54,21.66,6.806015904275972
COFs,MFGP,54,21.73,6.806015904275972
COFs,MFGP,54,21.79,6.806015904275972
COFs,MFGP,54,21.86,6.806015904275972
COFs,MFGP,54,21.92,6.806015904275972
COFs,MFGP,54,21.99,6.806015904275972
COFs,MFGP,54,22.05,6.806015904275972
COFs,MFGP,54,22.12,6.806015904275972
COFs,MFGP,54,22.18,6.806015904275972
COFs,MFGP,54,22.25,6.806015904275972
COFs,MFGP,54,23.25,6.806015904275972
COFs,MFGP,54,23.31,6.806015904275972
COFs,MFGP,54,23.38,6.806015904275972
COFs,MFGP,54,23.44,6.806015904275972
COFs,MFGP,54,23.51,6.806015904275972
COFs,MFGP,54,23.57,6.806015904275972
COFs,MFGP,54,23.64,6.806015904275972
COFs,MFGP,54,23.7,6.806015904275972
COFs,MFGP,54,23.77,6.806015904275972
COFs,MFGP,54,23.83,6.806015904275972
COFs,MFGP,54,23.9,6.806015904275972
COFs,MFGP,54,23.96,6.806015904275972
COFs,MFGP,54,24.03,6.806015904275972
COFs,MFGP,54,24.09,6.806015904275972
COFs,MFGP,54,24.16,6.806015904275972
COFs,MFGP,54,24.22,6.806015904275972
COFs,MFGP,54,25.22,6.806015904275972
COFs,MFGP,54,25.29,6.806015904275972
COFs,MFGP,54,25.35,6.806015904275972
COFs,MFGP,54,25.42,6.806015904275972
COFs,MFGP,54,25.48,6.806015904275972
COFs,MFGP,54,25.55,6.806015904275972
COFs,MFGP,54,25.61,6.806015904275972
COFs,MFGP,54,25.68,6.806015904275972
COFs,MFGP,54,25.74,6.806015904275972
COFs,MFGP,54,25.81,6.806015904275972
COFs,MFGP,54,25.87,6.806015904275972
COFs,MFGP,54,25.94,6.806015904275972
COFs,MFGP,54,26.0,6.806015904275972
COFs,MFGP,54,26.07,6.806015904275972
COFs,MFGP,54,26.13,6.806015904275972
COFs,MFGP,54,26.2,6.806015904275972
COFs,MFGP,54,27.2,6.806015904275972
COFs,MFGP,54,27.26,6.806015904275972
COFs,MFGP,54,27.33,6.806015904275972
COFs,MFGP,54,27.39,6.806015904275972
COFs,MFGP,54,27.46,6.806015904275972
COFs,MFGP,54,27.52,6.806015904275972
COFs,MFGP,54,27.59,6.806015904275972
COFs,MFGP,54,27.65,6.806015904275972
COFs,MFGP,54,27.72,6.806015904275972
COFs,MFGP,54,27.78,6.806015904275972
COFs,MFGP,54,27.85,6.806015904275972
COFs,MFGP,54,27.91,6.806015904275972
COFs,MFGP,54,27.98,6.806015904275972
COFs,MFGP,54,28.04,6.806015904275972
COFs,MFGP,54,28.11,6.806015904275972
COFs,MFGP,54,28.17,6.806015904275972
COFs,MFGP,54,29.17,6.806015904275972
COFs,MFGP,54,29.24,6.806015904275972
COFs,MFGP,54,29.3,6.806015904275972
COFs,MFGP,54,29.37,6.806015904275972
COFs,MFGP,54,29.43,6.806015904275972
COFs,MFGP,54,29.5,6.806015904275972
COFs,MFGP,54,29.56,6.806015904275972
COFs,MFGP,54,29.63,6.806015904275972
COFs,MFGP,54,29.69,6.806015904275972
COFs,MFGP,54,29.76,6.806015904275972
COFs,MFGP,54,29.82,6.806015904275972
COFs,MFGP,54,29.89,6.806015904275972
COFs,MFGP,54,29.95,6.806015904275972
COFs,MFGP,55,3.5,15.734422241958349
COFs,MFGP,55,3.56,15.734422241958349
COFs,MFGP,55,3.62,15.734422241958349
COFs,MFGP,55,3.69,15.734422241958349
COFs,MFGP,55,3.75,15.734422241958349
COFs,MFGP,55,3.82,15.734422241958349
COFs,MFGP,55,3.88,15.734422241958349
COFs,MFGP,55,3.95,15.734422241958349
COFs,MFGP,55,4.01,15.734422241958349
COFs,MFGP,55,4.08,15.734422241958349
COFs,MFGP,55,4.15,15.734422241958349
COFs,MFGP,55,4.21,15.734422241958349
COFs,MFGP,55,4.28,15.734422241958349
COFs,MFGP,55,4.34,15.734422241958349
COFs,MFGP,55,4.41,15.734422241958349
COFs,MFGP,55,4.47,15.734422241958349
COFs,MFGP,55,5.47,10.19479018503442
COFs,MFGP,55,5.54,10.19479018503442
COFs,MFGP,55,5.6,10.19479018503442
COFs,MFGP,55,5.67,10.19479018503442
COFs,MFGP,55,5.73,10.19479018503442
COFs,MFGP,55,5.8,10.19479018503442
COFs,MFGP,55,5.86,10.19479018503442
COFs,MFGP,55,5.93,10.19479018503442
COFs,MFGP,55,5.99,10.19479018503442
COFs,MFGP,55,6.06,10.19479018503442
COFs,MFGP,55,6.12,10.19479018503442
COFs,MFGP,55,6.19,10.19479018503442
COFs,MFGP,55,6.25,10.19479018503442
COFs,MFGP,55,6.32,10.19479018503442
COFs,MFGP,55,6.38,10.19479018503442
COFs,MFGP,55,6.45,10.19479018503442
COFs,MFGP,55,7.45,10.19479018503442
COFs,MFGP,55,7.51,10.19479018503442
COFs,MFGP,55,7.58,10.19479018503442
COFs,MFGP,55,7.64,10.19479018503442
COFs,MFGP,55,7.71,10.19479018503442
COFs,MFGP,55,7.77,10.19479018503442
COFs,MFGP,55,7.84,10.19479018503442
COFs,MFGP,55,7.9,10.19479018503442
COFs,MFGP,55,7.97,10.19479018503442
COFs,MFGP,55,8.03,10.19479018503442
COFs,MFGP,55,8.1,10.19479018503442
COFs,MFGP,55,8.16,10.19479018503442
COFs,MFGP,55,8.23,10.19479018503442
COFs,MFGP,55,8.29,10.19479018503442
COFs,MFGP,55,8.36,10.19479018503442
COFs,MFGP,55,8.42,10.19479018503442
COFs,MFGP,55,9.42,10.19479018503442
COFs,MFGP,55,9.49,10.19479018503442
COFs,MFGP,55,9.55,10.19479018503442
COFs,MFGP,55,9.62,10.19479018503442
COFs,MFGP,55,9.68,10.19479018503442
COFs,MFGP,55,9.75,10.19479018503442
COFs,MFGP,55,9.81,10.19479018503442
COFs,MFGP,55,9.88,10.19479018503442
COFs,MFGP,55,9.94,10.19479018503442
COFs,MFGP,55,10.01,10.19479018503442
COFs,MFGP,55,10.07,10.19479018503442
COFs,MFGP,55,10.14,10.19479018503442
COFs,MFGP,55,10.2,10.19479018503442
COFs,MFGP,55,10.27,10.19479018503442
COFs,MFGP,55,10.33,10.19479018503442
COFs,MFGP,55,10.4,10.19479018503442
COFs,MFGP,55,11.4,10.19479018503442
COFs,MFGP,55,11.46,10.19479018503442
COFs,MFGP,55,11.53,10.19479018503442
COFs,MFGP,55,11.59,10.19479018503442
COFs,MFGP,55,11.65,10.19479018503442
COFs,MFGP,55,11.72,10.19479018503442
COFs,MFGP,55,11.78,10.19479018503442
COFs,MFGP,55,11.85,10.19479018503442
COFs,MFGP,55,11.91,10.19479018503442
COFs,MFGP,55,11.98,10.19479018503442
COFs,MFGP,55,12.04,10.19479018503442
COFs,MFGP,55,12.11,10.19479018503442
COFs,MFGP,55,12.17,10.19479018503442
COFs,MFGP,55,12.24,10.19479018503442
COFs,MFGP,55,12.3,10.19479018503442
COFs,MFGP,55,12.37,10.19479018503442
COFs,MFGP,55,13.37,10.19479018503442
COFs,MFGP,55,13.43,10.19479018503442
COFs,MFGP,55,13.5,10.19479018503442
COFs,MFGP,55,13.56,10.19479018503442
COFs,MFGP,55,13.63,10.19479018503442
COFs,MFGP,55,13.69,10.19479018503442
COFs,MFGP,55,13.76,10.19479018503442
COFs,MFGP,55,13.82,10.19479018503442
COFs,MFGP,55,13.89,10.19479018503442
COFs,MFGP,55,13.95,10.19479018503442
COFs,MFGP,55,14.02,10.19479018503442
COFs,MFGP,55,14.08,10.19479018503442
COFs,MFGP,55,14.15,10.19479018503442
COFs,MFGP,55,14.21,10.19479018503442
COFs,MFGP,55,14.28,10.19479018503442
COFs,MFGP,55,14.34,10.19479018503442
COFs,MFGP,55,15.34,10.19479018503442
COFs,MFGP,55,15.41,10.19479018503442
COFs,MFGP,55,15.47,10.19479018503442
COFs,MFGP,55,15.54,10.19479018503442
COFs,MFGP,55,15.6,10.19479018503442
COFs,MFGP,55,15.67,10.19479018503442
COFs,MFGP,55,15.73,10.19479018503442
COFs,MFGP,55,15.8,10.19479018503442
COFs,MFGP,55,15.86,10.19479018503442
COFs,MFGP,55,15.93,10.19479018503442
COFs,MFGP,55,15.99,10.19479018503442
COFs,MFGP,55,16.06,10.19479018503442
COFs,MFGP,55,16.12,10.19479018503442
COFs,MFGP,55,16.19,10.19479018503442
COFs,MFGP,55,16.25,10.19479018503442
COFs,MFGP,55,16.32,10.19479018503442
COFs,MFGP,55,17.32,10.19479018503442
COFs,MFGP,55,17.38,10.19479018503442
COFs,MFGP,55,17.45,10.19479018503442
COFs,MFGP,55,17.51,10.19479018503442
COFs,MFGP,55,17.58,10.19479018503442
COFs,MFGP,55,17.64,10.19479018503442
COFs,MFGP,55,17.71,10.19479018503442
COFs,MFGP,55,17.77,10.19479018503442
COFs,MFGP,55,17.84,10.19479018503442
COFs,MFGP,55,17.9,10.19479018503442
COFs,MFGP,55,17.97,10.19479018503442
COFs,MFGP,55,18.04,10.19479018503442
COFs,MFGP,55,18.1,10.19479018503442
COFs,MFGP,55,18.17,10.19479018503442
COFs,MFGP,55,18.23,10.19479018503442
COFs,MFGP,55,18.3,10.19479018503442
COFs,MFGP,55,19.3,10.19479018503442
COFs,MFGP,55,19.36,10.19479018503442
COFs,MFGP,55,19.43,10.19479018503442
COFs,MFGP,55,19.49,10.19479018503442
COFs,MFGP,55,19.56,10.19479018503442
COFs,MFGP,55,19.62,10.19479018503442
COFs,MFGP,55,19.69,10.19479018503442
COFs,MFGP,55,19.75,10.19479018503442
COFs,MFGP,55,19.82,10.19479018503442
COFs,MFGP,55,19.88,10.19479018503442
COFs,MFGP,55,19.95,10.19479018503442
COFs,MFGP,55,20.01,10.19479018503442
COFs,MFGP,55,20.08,10.19479018503442
COFs,MFGP,55,20.14,10.19479018503442
COFs,MFGP,55,20.21,10.19479018503442
COFs,MFGP,55,20.27,10.19479018503442
COFs,MFGP,55,21.27,10.19479018503442
COFs,MFGP,55,21.34,10.19479018503442
COFs,MFGP,55,21.4,10.19479018503442
COFs,MFGP,55,21.47,10.19479018503442
COFs,MFGP,55,21.53,10.19479018503442
COFs,MFGP,55,21.6,10.19479018503442
COFs,MFGP,55,21.66,10.19479018503442
COFs,MFGP,55,21.73,10.19479018503442
COFs,MFGP,55,21.79,10.19479018503442
COFs,MFGP,55,21.86,10.19479018503442
COFs,MFGP,55,21.92,10.19479018503442
COFs,MFGP,55,21.99,10.19479018503442
COFs,MFGP,55,22.05,10.19479018503442
COFs,MFGP,55,22.12,10.19479018503442
COFs,MFGP,55,22.18,10.19479018503442
COFs,MFGP,55,22.25,10.19479018503442
COFs,MFGP,55,23.25,10.19479018503442
COFs,MFGP,55,23.31,10.19479018503442
COFs,MFGP,55,23.38,10.19479018503442
COFs,MFGP,55,23.44,10.19479018503442
COFs,MFGP,55,23.51,10.19479018503442
COFs,MFGP,55,23.57,10.19479018503442
COFs,MFGP,55,23.64,10.19479018503442
COFs,MFGP,55,23.7,10.19479018503442
COFs,MFGP,55,23.77,10.19479018503442
COFs,MFGP,55,23.83,10.19479018503442
COFs,MFGP,55,23.9,10.19479018503442
COFs,MFGP,55,23.96,10.19479018503442
COFs,MFGP,55,24.03,10.19479018503442
COFs,MFGP,55,24.09,10.19479018503442
COFs,MFGP,55,24.16,10.19479018503442
COFs,MFGP,55,24.22,10.19479018503442
COFs,MFGP,55,25.22,10.19479018503442
COFs,MFGP,55,25.29,10.19479018503442
COFs,MFGP,55,25.35,10.19479018503442
COFs,MFGP,55,25.42,10.19479018503442
COFs,MFGP,55,25.48,10.19479018503442
COFs,MFGP,55,25.55,10.19479018503442
COFs,MFGP,55,25.61,10.19479018503442
COFs,MFGP,55,25.68,10.19479018503442
COFs,MFGP,55,25.74,10.19479018503442
COFs,MFGP,55,25.81,10.19479018503442
COFs,MFGP,55,25.87,10.19479018503442
COFs,MFGP,55,25.94,10.19479018503442
COFs,MFGP,55,26.0,10.19479018503442
COFs,MFGP,55,26.07,10.19479018503442
COFs,MFGP,55,26.13,10.19479018503442
COFs,MFGP,55,26.2,10.19479018503442
COFs,MFGP,55,27.2,10.19479018503442
COFs,MFGP,55,27.26,10.19479018503442
COFs,MFGP,55,27.33,10.19479018503442
COFs,MFGP,55,27.39,10.19479018503442
COFs,MFGP,55,27.46,10.19479018503442
COFs,MFGP,55,27.52,10.19479018503442
COFs,MFGP,55,27.59,10.19479018503442
COFs,MFGP,55,27.65,10.19479018503442
COFs,MFGP,55,27.72,10.19479018503442
COFs,MFGP,55,27.78,10.19479018503442
COFs,MFGP,55,27.85,10.19479018503442
COFs,MFGP,55,27.91,10.19479018503442
COFs,MFGP,55,27.98,10.19479018503442
COFs,MFGP,55,28.04,10.19479018503442
COFs,MFGP,55,28.11,10.19479018503442
COFs,MFGP,55,28.17,10.19479018503442
COFs,MFGP,55,29.17,10.19479018503442
COFs,MFGP,55,29.24,10.19479018503442
COFs,MFGP,55,29.3,10.19479018503442
COFs,MFGP,55,29.37,10.19479018503442
COFs,MFGP,55,29.43,10.19479018503442
COFs,MFGP,55,29.5,10.19479018503442
COFs,MFGP,55,29.56,10.19479018503442
COFs,MFGP,55,29.63,10.19479018503442
COFs,MFGP,55,29.69,10.19479018503442
COFs,MFGP,55,29.76,10.19479018503442
COFs,MFGP,55,29.82,10.19479018503442
COFs,MFGP,55,29.89,10.19479018503442
COFs,MFGP,55,29.95,10.19479018503442
COFs,MFGP,56,3.5,2.768421691579954
COFs,MFGP,56,3.56,2.768421691579954
COFs,MFGP,56,3.62,2.768421691579954
COFs,MFGP,56,3.69,2.768421691579954
COFs,MFGP,56,3.75,2.768421691579954
COFs,MFGP,56,3.82,2.768421691579954
COFs,MFGP,56,3.88,2.768421691579954
COFs,MFGP,56,3.95,2.768421691579954
COFs,MFGP,56,4.01,2.768421691579954
COFs,MFGP,56,4.08,2.768421691579954
COFs,MFGP,56,4.15,2.768421691579954
COFs,MFGP,56,4.21,2.768421691579954
COFs,MFGP,56,4.28,2.768421691579954
COFs,MFGP,56,4.34,2.768421691579954
COFs,MFGP,56,4.41,2.768421691579954
COFs,MFGP,56,4.47,2.768421691579954
COFs,MFGP,56,5.47,2.768421691579954
COFs,MFGP,56,5.54,2.768421691579954
COFs,MFGP,56,5.6,2.768421691579954
COFs,MFGP,56,5.67,2.768421691579954
COFs,MFGP,56,5.73,2.768421691579954
COFs,MFGP,56,5.8,2.768421691579954
COFs,MFGP,56,5.86,2.768421691579954
COFs,MFGP,56,5.93,2.768421691579954
COFs,MFGP,56,5.99,2.768421691579954
COFs,MFGP,56,6.06,2.768421691579954
COFs,MFGP,56,6.12,2.768421691579954
COFs,MFGP,56,6.19,2.768421691579954
COFs,MFGP,56,6.25,2.768421691579954
COFs,MFGP,56,6.32,2.768421691579954
COFs,MFGP,56,6.38,2.768421691579954
COFs,MFGP,56,6.45,2.768421691579954
COFs,MFGP,56,7.45,2.768421691579954
COFs,MFGP,56,7.51,2.768421691579954
COFs,MFGP,56,7.58,2.768421691579954
COFs,MFGP,56,7.64,2.768421691579954
COFs,MFGP,56,7.71,2.768421691579954
COFs,MFGP,56,7.77,2.768421691579954
COFs,MFGP,56,7.84,2.768421691579954
COFs,MFGP,56,7.9,2.768421691579954
COFs,MFGP,56,7.97,2.768421691579954
COFs,MFGP,56,8.03,2.768421691579954
COFs,MFGP,56,8.1,2.768421691579954
COFs,MFGP,56,8.16,2.768421691579954
COFs,MFGP,56,8.23,2.768421691579954
COFs,MFGP,56,8.29,2.768421691579954
COFs,MFGP,56,8.36,2.768421691579954
COFs,MFGP,56,8.42,2.768421691579954
COFs,MFGP,56,9.42,2.768421691579954
COFs,MFGP,56,9.49,2.768421691579954
COFs,MFGP,56,9.55,2.768421691579954
COFs,MFGP,56,9.62,2.768421691579954
COFs,MFGP,56,9.68,2.768421691579954
COFs,MFGP,56,9.75,2.768421691579954
COFs,MFGP,56,9.81,2.768421691579954
COFs,MFGP,56,9.88,2.768421691579954
COFs,MFGP,56,9.94,2.768421691579954
COFs,MFGP,56,10.01,2.768421691579954
COFs,MFGP,56,10.07,2.768421691579954
COFs,MFGP,56,10.14,2.768421691579954
COFs,MFGP,56,10.2,2.768421691579954
COFs,MFGP,56,10.27,2.768421691579954
COFs,MFGP,56,10.33,2.768421691579954
COFs,MFGP,56,10.4,2.768421691579954
COFs,MFGP,56,11.4,2.768421691579954
COFs,MFGP,56,11.46,2.768421691579954
COFs,MFGP,56,11.53,2.768421691579954
COFs,MFGP,56,11.59,2.768421691579954
COFs,MFGP,56,11.65,2.768421691579954
COFs,MFGP,56,11.72,2.768421691579954
COFs,MFGP,56,11.78,2.768421691579954
COFs,MFGP,56,11.85,2.768421691579954
COFs,MFGP,56,11.91,2.768421691579954
COFs,MFGP,56,11.98,2.768421691579954
COFs,MFGP,56,12.04,2.768421691579954
COFs,MFGP,56,12.11,2.768421691579954
COFs,MFGP,56,12.17,2.768421691579954
COFs,MFGP,56,12.24,2.768421691579954
COFs,MFGP,56,12.3,2.768421691579954
COFs,MFGP,56,12.37,2.768421691579954
COFs,MFGP,56,13.37,2.768421691579954
COFs,MFGP,56,13.43,2.768421691579954
COFs,MFGP,56,13.5,2.768421691579954
COFs,MFGP,56,13.56,2.768421691579954
COFs,MFGP,56,13.63,2.768421691579954
COFs,MFGP,56,13.69,2.768421691579954
COFs,MFGP,56,13.76,2.768421691579954
COFs,MFGP,56,13.82,2.768421691579954
COFs,MFGP,56,13.89,2.768421691579954
COFs,MFGP,56,13.95,2.768421691579954
COFs,MFGP,56,14.02,2.768421691579954
COFs,MFGP,56,14.08,2.768421691579954
COFs,MFGP,56,14.15,2.768421691579954
COFs,MFGP,56,14.21,2.768421691579954
COFs,MFGP,56,14.28,2.768421691579954
COFs,MFGP,56,14.34,2.768421691579954
COFs,MFGP,56,15.34,2.768421691579954
COFs,MFGP,56,15.41,2.768421691579954
COFs,MFGP,56,15.47,2.768421691579954
COFs,MFGP,56,15.54,2.768421691579954
COFs,MFGP,56,15.6,2.768421691579954
COFs,MFGP,56,15.67,2.768421691579954
COFs,MFGP,56,15.73,2.768421691579954
COFs,MFGP,56,15.8,2.768421691579954
COFs,MFGP,56,15.86,2.768421691579954
COFs,MFGP,56,15.93,2.768421691579954
COFs,MFGP,56,15.99,2.768421691579954
COFs,MFGP,56,16.06,2.768421691579954
COFs,MFGP,56,16.12,2.768421691579954
COFs,MFGP,56,16.19,2.768421691579954
COFs,MFGP,56,16.25,2.768421691579954
COFs,MFGP,56,16.32,2.768421691579954
COFs,MFGP,56,17.32,2.768421691579954
COFs,MFGP,56,17.38,2.768421691579954
COFs,MFGP,56,17.45,2.768421691579954
COFs,MFGP,56,17.51,2.768421691579954
COFs,MFGP,56,17.58,2.768421691579954
COFs,MFGP,56,17.64,2.768421691579954
COFs,MFGP,56,17.71,2.768421691579954
COFs,MFGP,56,17.77,2.768421691579954
COFs,MFGP,56,17.84,2.768421691579954
COFs,MFGP,56,17.9,2.768421691579954
COFs,MFGP,56,17.97,2.768421691579954
COFs,MFGP,56,18.04,2.768421691579954
COFs,MFGP,56,18.1,2.768421691579954
COFs,MFGP,56,18.17,2.768421691579954
COFs,MFGP,56,18.23,2.768421691579954
COFs,MFGP,56,18.3,2.768421691579954
COFs,MFGP,56,19.3,2.768421691579954
COFs,MFGP,56,19.36,2.768421691579954
COFs,MFGP,56,19.43,2.768421691579954
COFs,MFGP,56,19.49,2.768421691579954
COFs,MFGP,56,19.56,2.768421691579954
COFs,MFGP,56,19.62,2.768421691579954
COFs,MFGP,56,19.69,2.768421691579954
COFs,MFGP,56,19.75,2.768421691579954
COFs,MFGP,56,19.82,2.768421691579954
COFs,MFGP,56,19.88,2.768421691579954
COFs,MFGP,56,19.95,2.768421691579954
COFs,MFGP,56,20.01,2.768421691579954
COFs,MFGP,56,20.08,2.768421691579954
COFs,MFGP,56,20.14,2.768421691579954
COFs,MFGP,56,20.21,2.768421691579954
COFs,MFGP,56,20.27,2.768421691579954
COFs,MFGP,56,21.27,2.768421691579954
COFs,MFGP,56,21.34,2.768421691579954
COFs,MFGP,56,21.4,2.768421691579954
COFs,MFGP,56,21.47,2.768421691579954
COFs,MFGP,56,21.53,2.768421691579954
COFs,MFGP,56,21.6,2.768421691579954
COFs,MFGP,56,21.66,2.768421691579954
COFs,MFGP,56,21.73,2.768421691579954
COFs,MFGP,56,21.79,2.768421691579954
COFs,MFGP,56,21.86,2.768421691579954
COFs,MFGP,56,21.92,2.768421691579954
COFs,MFGP,56,21.99,2.768421691579954
COFs,MFGP,56,22.05,2.768421691579954
COFs,MFGP,56,22.12,2.768421691579954
COFs,MFGP,56,22.18,2.768421691579954
COFs,MFGP,56,22.25,2.768421691579954
COFs,MFGP,56,23.25,2.768421691579954
COFs,MFGP,56,23.31,2.768421691579954
COFs,MFGP,56,23.38,2.768421691579954
COFs,MFGP,56,23.44,2.768421691579954
COFs,MFGP,56,23.51,2.768421691579954
COFs,MFGP,56,23.57,2.768421691579954
COFs,MFGP,56,23.64,2.768421691579954
COFs,MFGP,56,23.7,2.768421691579954
COFs,MFGP,56,23.77,2.768421691579954
COFs,MFGP,56,23.83,2.768421691579954
COFs,MFGP,56,23.9,2.768421691579954
COFs,MFGP,56,23.96,2.768421691579954
COFs,MFGP,56,24.03,2.768421691579954
COFs,MFGP,56,24.09,2.768421691579954
COFs,MFGP,56,24.16,2.768421691579954
COFs,MFGP,56,24.22,2.768421691579954
COFs,MFGP,56,25.22,2.768421691579954
COFs,MFGP,56,25.29,2.768421691579954
COFs,MFGP,56,25.35,2.768421691579954
COFs,MFGP,56,25.42,2.768421691579954
COFs,MFGP,56,25.48,2.768421691579954
COFs,MFGP,56,25.55,2.768421691579954
COFs,MFGP,56,25.61,2.768421691579954
COFs,MFGP,56,25.68,2.768421691579954
COFs,MFGP,56,25.74,2.768421691579954
COFs,MFGP,56,25.81,2.768421691579954
COFs,MFGP,56,25.87,2.768421691579954
COFs,MFGP,56,25.94,2.768421691579954
COFs,MFGP,56,26.0,2.768421691579954
COFs,MFGP,56,26.07,2.768421691579954
COFs,MFGP,56,26.13,2.768421691579954
COFs,MFGP,56,26.2,2.768421691579954
COFs,MFGP,56,27.2,2.768421691579954
COFs,MFGP,56,27.26,2.768421691579954
COFs,MFGP,56,27.33,2.768421691579954
COFs,MFGP,56,27.39,2.768421691579954
COFs,MFGP,56,27.46,2.768421691579954
COFs,MFGP,56,27.52,2.768421691579954
COFs,MFGP,56,27.59,2.768421691579954
COFs,MFGP,56,27.65,2.768421691579954
COFs,MFGP,56,27.72,2.768421691579954
COFs,MFGP,56,27.78,2.768421691579954
COFs,MFGP,56,27.85,2.768421691579954
COFs,MFGP,56,27.91,2.768421691579954
COFs,MFGP,56,27.98,2.768421691579954
COFs,MFGP,56,28.04,2.768421691579954
COFs,MFGP,56,28.11,2.768421691579954
COFs,MFGP,56,28.17,2.768421691579954
COFs,MFGP,56,29.17,2.768421691579954
COFs,MFGP,56,29.24,2.768421691579954
COFs,MFGP,56,29.3,2.768421691579954
COFs,MFGP,56,29.37,2.768421691579954
COFs,MFGP,56,29.43,2.768421691579954
COFs,MFGP,56,29.5,2.768421691579954
COFs,MFGP,56,29.56,2.768421691579954
COFs,MFGP,56,29.63,2.768421691579954
COFs,MFGP,56,29.69,2.768421691579954
COFs,MFGP,56,29.76,2.768421691579954
COFs,MFGP,56,29.82,2.768421691579954
COFs,MFGP,56,29.89,2.768421691579954
COFs,MFGP,56,29.95,2.768421691579954
COFs,MFGP,57,3.5,16.312287703873416
COFs,MFGP,57,3.56,16.312287703873416
COFs,MFGP,57,3.62,16.312287703873416
COFs,MFGP,57,3.69,16.312287703873416
COFs,MFGP,57,3.75,16.312287703873416
COFs,MFGP,57,3.82,16.312287703873416
COFs,MFGP,57,3.88,16.312287703873416
COFs,MFGP,57,3.95,16.312287703873416
COFs,MFGP,57,4.01,16.312287703873416
COFs,MFGP,57,4.08,16.312287703873416
COFs,MFGP,57,4.15,16.312287703873416
COFs,MFGP,57,4.21,16.312287703873416
COFs,MFGP,57,4.28,16.312287703873416
COFs,MFGP,57,4.34,16.312287703873416
COFs,MFGP,57,4.41,16.312287703873416
COFs,MFGP,57,4.47,16.312287703873416
COFs,MFGP,57,5.47,10.380263743224344
COFs,MFGP,57,5.54,10.380263743224344
COFs,MFGP,57,5.6,10.380263743224344
COFs,MFGP,57,5.67,10.380263743224344
COFs,MFGP,57,5.73,10.380263743224344
COFs,MFGP,57,5.8,10.380263743224344
COFs,MFGP,57,5.86,10.380263743224344
COFs,MFGP,57,5.93,10.380263743224344
COFs,MFGP,57,5.99,10.380263743224344
COFs,MFGP,57,6.06,10.380263743224344
COFs,MFGP,57,6.12,10.380263743224344
COFs,MFGP,57,6.19,10.380263743224344
COFs,MFGP,57,6.25,10.380263743224344
COFs,MFGP,57,6.32,10.380263743224344
COFs,MFGP,57,6.38,10.380263743224344
COFs,MFGP,57,6.45,10.380263743224344
COFs,MFGP,57,7.45,10.380263743224344
COFs,MFGP,57,7.51,10.380263743224344
COFs,MFGP,57,7.58,10.380263743224344
COFs,MFGP,57,7.64,10.380263743224344
COFs,MFGP,57,7.71,10.380263743224344
COFs,MFGP,57,7.77,10.380263743224344
COFs,MFGP,57,7.84,10.380263743224344
COFs,MFGP,57,7.9,10.380263743224344
COFs,MFGP,57,7.97,10.380263743224344
COFs,MFGP,57,8.03,10.380263743224344
COFs,MFGP,57,8.1,10.380263743224344
COFs,MFGP,57,8.16,10.380263743224344
COFs,MFGP,57,8.23,10.380263743224344
COFs,MFGP,57,8.29,10.380263743224344
COFs,MFGP,57,8.36,10.380263743224344
COFs,MFGP,57,8.42,10.380263743224344
COFs,MFGP,57,9.42,10.380263743224344
COFs,MFGP,57,9.49,10.380263743224344
COFs,MFGP,57,9.55,10.380263743224344
COFs,MFGP,57,9.62,10.380263743224344
COFs,MFGP,57,9.68,10.380263743224344
COFs,MFGP,57,9.75,10.380263743224344
COFs,MFGP,57,9.81,10.380263743224344
COFs,MFGP,57,9.88,10.380263743224344
COFs,MFGP,57,9.94,10.380263743224344
COFs,MFGP,57,10.01,10.380263743224344
COFs,MFGP,57,10.07,10.380263743224344
COFs,MFGP,57,10.14,10.380263743224344
COFs,MFGP,57,10.2,10.380263743224344
COFs,MFGP,57,10.27,10.380263743224344
COFs,MFGP,57,10.33,10.380263743224344
COFs,MFGP,57,10.4,10.380263743224344
COFs,MFGP,57,11.4,10.380263743224344
COFs,MFGP,57,11.46,10.380263743224344
COFs,MFGP,57,11.53,10.380263743224344
COFs,MFGP,57,11.59,10.380263743224344
COFs,MFGP,57,11.65,10.380263743224344
COFs,MFGP,57,11.72,10.380263743224344
COFs,MFGP,57,11.78,10.380263743224344
COFs,MFGP,57,11.85,10.380263743224344
COFs,MFGP,57,11.91,10.380263743224344
COFs,MFGP,57,11.98,10.380263743224344
COFs,MFGP,57,12.04,10.380263743224344
COFs,MFGP,57,12.11,10.380263743224344
COFs,MFGP,57,12.17,10.380263743224344
COFs,MFGP,57,12.24,10.380263743224344
COFs,MFGP,57,12.3,10.380263743224344
COFs,MFGP,57,12.37,10.380263743224344
COFs,MFGP,57,13.37,10.380263743224344
COFs,MFGP,57,13.43,10.380263743224344
COFs,MFGP,57,13.5,10.380263743224344
COFs,MFGP,57,13.56,10.380263743224344
COFs,MFGP,57,13.63,10.380263743224344
COFs,MFGP,57,13.69,10.380263743224344
COFs,MFGP,57,13.76,10.380263743224344
COFs,MFGP,57,13.82,10.380263743224344
COFs,MFGP,57,13.89,10.380263743224344
COFs,MFGP,57,13.95,10.380263743224344
COFs,MFGP,57,14.02,10.380263743224344
COFs,MFGP,57,14.08,10.380263743224344
COFs,MFGP,57,14.15,10.380263743224344
COFs,MFGP,57,14.21,10.380263743224344
COFs,MFGP,57,14.28,10.380263743224344
COFs,MFGP,57,14.34,10.380263743224344
COFs,MFGP,57,15.34,10.380263743224344
COFs,MFGP,57,15.41,10.380263743224344
COFs,MFGP,57,15.47,10.380263743224344
COFs,MFGP,57,15.54,10.380263743224344
COFs,MFGP,57,15.6,10.380263743224344
COFs,MFGP,57,15.67,10.380263743224344
COFs,MFGP,57,15.73,10.380263743224344
COFs,MFGP,57,15.8,10.380263743224344
COFs,MFGP,57,15.86,10.380263743224344
COFs,MFGP,57,15.93,10.380263743224344
COFs,MFGP,57,15.99,10.380263743224344
COFs,MFGP,57,16.06,10.380263743224344
COFs,MFGP,57,16.12,10.380263743224344
COFs,MFGP,57,16.19,10.380263743224344
COFs,MFGP,57,16.25,10.380263743224344
COFs,MFGP,57,16.32,10.380263743224344
COFs,MFGP,57,17.32,10.380263743224344
COFs,MFGP,57,17.38,10.380263743224344
COFs,MFGP,57,17.45,10.380263743224344
COFs,MFGP,57,17.51,10.380263743224344
COFs,MFGP,57,17.58,10.380263743224344
COFs,MFGP,57,17.64,10.380263743224344
COFs,MFGP,57,17.71,10.380263743224344
COFs,MFGP,57,17.77,10.380263743224344
COFs,MFGP,57,17.84,10.380263743224344
COFs,MFGP,57,17.9,10.380263743224344
COFs,MFGP,57,17.97,10.380263743224344
COFs,MFGP,57,18.04,10.380263743224344
COFs,MFGP,57,18.1,10.380263743224344
COFs,MFGP,57,18.17,10.380263743224344
COFs,MFGP,57,18.23,10.380263743224344
COFs,MFGP,57,18.3,10.380263743224344
COFs,MFGP,57,19.3,10.380263743224344
COFs,MFGP,57,19.36,10.380263743224344
COFs,MFGP,57,19.43,10.380263743224344
COFs,MFGP,57,19.49,10.380263743224344
COFs,MFGP,57,19.56,10.380263743224344
COFs,MFGP,57,19.62,10.380263743224344
COFs,MFGP,57,19.69,10.380263743224344
COFs,MFGP,57,19.75,10.380263743224344
COFs,MFGP,57,19.82,10.380263743224344
COFs,MFGP,57,19.88,10.380263743224344
COFs,MFGP,57,19.95,10.380263743224344
COFs,MFGP,57,20.01,10.380263743224344
COFs,MFGP,57,20.08,10.380263743224344
COFs,MFGP,57,20.14,10.380263743224344
COFs,MFGP,57,20.21,10.380263743224344
COFs,MFGP,57,20.27,10.380263743224344
COFs,MFGP,57,21.27,10.380263743224344
COFs,MFGP,57,21.34,10.380263743224344
COFs,MFGP,57,21.4,10.380263743224344
COFs,MFGP,57,21.47,10.380263743224344
COFs,MFGP,57,21.53,10.380263743224344
COFs,MFGP,57,21.6,10.380263743224344
COFs,MFGP,57,21.66,10.380263743224344
COFs,MFGP,57,21.73,10.380263743224344
COFs,MFGP,57,21.79,10.380263743224344
COFs,MFGP,57,21.86,10.380263743224344
COFs,MFGP,57,21.92,10.380263743224344
COFs,MFGP,57,21.99,10.380263743224344
COFs,MFGP,57,22.05,10.380263743224344
COFs,MFGP,57,22.12,10.380263743224344
COFs,MFGP,57,22.18,10.380263743224344
COFs,MFGP,57,22.25,10.380263743224344
COFs,MFGP,57,23.25,10.380263743224344
COFs,MFGP,57,23.31,10.380263743224344
COFs,MFGP,57,23.38,10.380263743224344
COFs,MFGP,57,23.44,10.380263743224344
COFs,MFGP,57,23.51,10.380263743224344
COFs,MFGP,57,23.57,10.380263743224344
COFs,MFGP,57,23.64,10.380263743224344
COFs,MFGP,57,23.7,10.380263743224344
COFs,MFGP,57,23.77,10.380263743224344
COFs,MFGP,57,23.83,10.380263743224344
COFs,MFGP,57,23.9,10.380263743224344
COFs,MFGP,57,23.96,10.380263743224344
COFs,MFGP,57,24.03,10.380263743224344
COFs,MFGP,57,24.09,10.380263743224344
COFs,MFGP,57,24.16,10.380263743224344
COFs,MFGP,57,24.22,10.380263743224344
COFs,MFGP,57,25.22,10.380263743224344
COFs,MFGP,57,25.29,10.380263743224344
COFs,MFGP,57,25.35,10.380263743224344
COFs,MFGP,57,25.42,10.380263743224344
COFs,MFGP,57,25.48,10.380263743224344
COFs,MFGP,57,25.55,10.380263743224344
COFs,MFGP,57,25.61,10.380263743224344
COFs,MFGP,57,25.68,10.380263743224344
COFs,MFGP,57,25.74,10.380263743224344
COFs,MFGP,57,25.81,10.380263743224344
COFs,MFGP,57,25.87,10.380263743224344
COFs,MFGP,57,25.94,10.380263743224344
COFs,MFGP,57,26.0,10.380263743224344
COFs,MFGP,57,26.07,10.380263743224344
COFs,MFGP,57,26.13,10.380263743224344
COFs,MFGP,57,26.2,10.380263743224344
COFs,MFGP,57,27.2,10.380263743224344
COFs,MFGP,57,27.26,10.380263743224344
COFs,MFGP,57,27.33,10.380263743224344
COFs,MFGP,57,27.39,10.380263743224344
COFs,MFGP,57,27.46,10.380263743224344
COFs,MFGP,57,27.52,10.380263743224344
COFs,MFGP,57,27.59,10.380263743224344
COFs,MFGP,57,27.65,10.380263743224344
COFs,MFGP,57,27.72,10.380263743224344
COFs,MFGP,57,27.78,10.380263743224344
COFs,MFGP,57,27.85,10.380263743224344
COFs,MFGP,57,27.91,10.380263743224344
COFs,MFGP,57,27.98,10.380263743224344
COFs,MFGP,57,28.04,10.380263743224344
COFs,MFGP,57,28.11,10.380263743224344
COFs,MFGP,57,28.17,10.380263743224344
COFs,MFGP,57,29.17,10.380263743224344
COFs,MFGP,57,29.24,10.380263743224344
COFs,MFGP,57,29.3,10.380263743224344
COFs,MFGP,57,29.37,10.380263743224344
COFs,MFGP,57,29.43,10.380263743224344
COFs,MFGP,57,29.5,10.380263743224344
COFs,MFGP,57,29.56,10.380263743224344
COFs,MFGP,57,29.63,10.380263743224344
COFs,MFGP,57,29.69,10.380263743224344
COFs,MFGP,57,29.76,10.380263743224344
COFs,MFGP,57,29.82,10.380263743224344
COFs,MFGP,57,29.89,10.380263743224344
COFs,MFGP,57,29.95,10.380263743224344
COFs,MFGP,58,3.5,14.284141411021764
COFs,MFGP,58,3.56,14.284141411021764
COFs,MFGP,58,3.62,14.284141411021764
COFs,MFGP,58,3.69,14.284141411021764
COFs,MFGP,58,3.75,14.284141411021764
COFs,MFGP,58,3.82,14.284141411021764
COFs,MFGP,58,3.88,14.284141411021764
COFs,MFGP,58,3.95,14.284141411021764
COFs,MFGP,58,4.01,14.284141411021764
COFs,MFGP,58,4.08,14.284141411021764
COFs,MFGP,58,4.15,14.284141411021764
COFs,MFGP,58,4.21,14.284141411021764
COFs,MFGP,58,4.28,14.284141411021764
COFs,MFGP,58,4.34,14.284141411021764
COFs,MFGP,58,4.41,14.284141411021764
COFs,MFGP,58,4.47,14.284141411021764
COFs,MFGP,58,5.47,14.284141411021764
COFs,MFGP,58,5.54,14.284141411021764
COFs,MFGP,58,5.6,14.284141411021764
COFs,MFGP,58,5.67,14.284141411021764
COFs,MFGP,58,5.73,14.284141411021764
COFs,MFGP,58,5.8,14.284141411021764
COFs,MFGP,58,5.86,14.284141411021764
COFs,MFGP,58,5.93,14.284141411021764
COFs,MFGP,58,5.99,14.284141411021764
COFs,MFGP,58,6.06,14.284141411021764
COFs,MFGP,58,6.12,14.284141411021764
COFs,MFGP,58,6.19,14.284141411021764
COFs,MFGP,58,6.25,14.284141411021764
COFs,MFGP,58,6.32,14.284141411021764
COFs,MFGP,58,6.38,14.284141411021764
COFs,MFGP,58,6.45,14.284141411021764
COFs,MFGP,58,7.45,12.97338760728174
COFs,MFGP,58,7.51,12.97338760728174
COFs,MFGP,58,7.58,12.97338760728174
COFs,MFGP,58,7.64,12.97338760728174
COFs,MFGP,58,7.71,12.97338760728174
COFs,MFGP,58,7.77,12.97338760728174
COFs,MFGP,58,7.84,12.97338760728174
COFs,MFGP,58,7.9,12.97338760728174
COFs,MFGP,58,7.97,12.97338760728174
COFs,MFGP,58,8.03,12.97338760728174
COFs,MFGP,58,8.1,12.97338760728174
COFs,MFGP,58,8.16,12.97338760728174
COFs,MFGP,58,8.23,12.97338760728174
COFs,MFGP,58,8.29,12.97338760728174
COFs,MFGP,58,8.36,12.97338760728174
COFs,MFGP,58,8.42,12.97338760728174
COFs,MFGP,58,9.42,11.98436617207042
COFs,MFGP,58,9.49,11.98436617207042
COFs,MFGP,58,9.55,11.98436617207042
COFs,MFGP,58,9.62,11.98436617207042
COFs,MFGP,58,9.68,11.98436617207042
COFs,MFGP,58,9.75,11.98436617207042
COFs,MFGP,58,9.81,11.98436617207042
COFs,MFGP,58,9.88,11.98436617207042
COFs,MFGP,58,9.94,11.98436617207042
COFs,MFGP,58,10.01,11.98436617207042
COFs,MFGP,58,10.07,11.98436617207042
COFs,MFGP,58,10.14,11.98436617207042
COFs,MFGP,58,10.2,11.98436617207042
COFs,MFGP,58,10.27,11.98436617207042
COFs,MFGP,58,10.33,11.98436617207042
COFs,MFGP,58,10.4,11.98436617207042
COFs,MFGP,58,11.4,7.3926220436067585
COFs,MFGP,58,11.46,7.3926220436067585
COFs,MFGP,58,11.53,7.3926220436067585
COFs,MFGP,58,11.59,7.3926220436067585
COFs,MFGP,58,11.65,7.3926220436067585
COFs,MFGP,58,11.72,7.3926220436067585
COFs,MFGP,58,11.78,7.3926220436067585
COFs,MFGP,58,11.85,7.3926220436067585
COFs,MFGP,58,11.91,7.3926220436067585
COFs,MFGP,58,11.98,7.3926220436067585
COFs,MFGP,58,12.04,7.3926220436067585
COFs,MFGP,58,12.11,7.3926220436067585
COFs,MFGP,58,12.17,7.3926220436067585
COFs,MFGP,58,12.24,7.3926220436067585
COFs,MFGP,58,12.3,7.3926220436067585
COFs,MFGP,58,12.37,7.3926220436067585
COFs,MFGP,58,13.37,7.3926220436067585
COFs,MFGP,58,13.43,7.3926220436067585
COFs,MFGP,58,13.5,7.3926220436067585
COFs,MFGP,58,13.56,7.3926220436067585
COFs,MFGP,58,13.63,7.3926220436067585
COFs,MFGP,58,13.69,7.3926220436067585
COFs,MFGP,58,13.76,7.3926220436067585
COFs,MFGP,58,13.82,7.3926220436067585
COFs,MFGP,58,13.89,7.3926220436067585
COFs,MFGP,58,13.95,7.3926220436067585
COFs,MFGP,58,14.02,7.3926220436067585
COFs,MFGP,58,14.08,7.3926220436067585
COFs,MFGP,58,14.15,7.3926220436067585
COFs,MFGP,58,14.21,7.3926220436067585
COFs,MFGP,58,14.28,7.3926220436067585
COFs,MFGP,58,14.34,7.3926220436067585
COFs,MFGP,58,15.34,7.3926220436067585
COFs,MFGP,58,15.41,7.3926220436067585
COFs,MFGP,58,15.47,7.3926220436067585
COFs,MFGP,58,15.54,7.3926220436067585
COFs,MFGP,58,15.6,7.3926220436067585
COFs,MFGP,58,15.67,7.3926220436067585
COFs,MFGP,58,15.73,7.3926220436067585
COFs,MFGP,58,15.8,7.3926220436067585
COFs,MFGP,58,15.86,7.3926220436067585
COFs,MFGP,58,15.93,7.3926220436067585
COFs,MFGP,58,15.99,7.3926220436067585
COFs,MFGP,58,16.06,7.3926220436067585
COFs,MFGP,58,16.12,7.3926220436067585
COFs,MFGP,58,16.19,7.3926220436067585
COFs,MFGP,58,16.25,7.3926220436067585
COFs,MFGP,58,16.32,7.3926220436067585
COFs,MFGP,58,17.32,7.3926220436067585
COFs,MFGP,58,17.38,7.3926220436067585
COFs,MFGP,58,17.45,7.3926220436067585
COFs,MFGP,58,17.51,7.3926220436067585
COFs,MFGP,58,17.58,7.3926220436067585
COFs,MFGP,58,17.64,7.3926220436067585
COFs,MFGP,58,17.71,7.3926220436067585
COFs,MFGP,58,17.77,7.3926220436067585
COFs,MFGP,58,17.84,7.3926220436067585
COFs,MFGP,58,17.9,7.3926220436067585
COFs,MFGP,58,17.97,7.3926220436067585
COFs,MFGP,58,18.04,7.3926220436067585
COFs,MFGP,58,18.1,7.3926220436067585
COFs,MFGP,58,18.17,7.3926220436067585
COFs,MFGP,58,18.23,7.3926220436067585
COFs,MFGP,58,18.3,7.3926220436067585
COFs,MFGP,58,19.3,7.3926220436067585
COFs,MFGP,58,19.36,7.3926220436067585
COFs,MFGP,58,19.43,7.3926220436067585
COFs,MFGP,58,19.49,7.3926220436067585
COFs,MFGP,58,19.56,7.3926220436067585
COFs,MFGP,58,19.62,7.3926220436067585
COFs,MFGP,58,19.69,7.3926220436067585
COFs,MFGP,58,19.75,7.3926220436067585
COFs,MFGP,58,19.82,7.3926220436067585
COFs,MFGP,58,19.88,7.3926220436067585
COFs,MFGP,58,19.95,7.3926220436067585
COFs,MFGP,58,20.01,7.3926220436067585
COFs,MFGP,58,20.08,7.3926220436067585
COFs,MFGP,58,20.14,7.3926220436067585
COFs,MFGP,58,20.21,7.3926220436067585
COFs,MFGP,58,20.27,7.3926220436067585
COFs,MFGP,58,21.27,7.3926220436067585
COFs,MFGP,58,21.34,7.3926220436067585
COFs,MFGP,58,21.4,7.3926220436067585
COFs,MFGP,58,21.47,7.3926220436067585
COFs,MFGP,58,21.53,7.3926220436067585
COFs,MFGP,58,21.6,7.3926220436067585
COFs,MFGP,58,21.66,7.3926220436067585
COFs,MFGP,58,21.73,7.3926220436067585
COFs,MFGP,58,21.79,7.3926220436067585
COFs,MFGP,58,21.86,7.3926220436067585
COFs,MFGP,58,21.92,7.3926220436067585
COFs,MFGP,58,21.99,7.3926220436067585
COFs,MFGP,58,22.05,7.3926220436067585
COFs,MFGP,58,22.12,7.3926220436067585
COFs,MFGP,58,22.18,7.3926220436067585
COFs,MFGP,58,22.25,7.3926220436067585
COFs,MFGP,58,23.25,7.3926220436067585
COFs,MFGP,58,23.31,7.3926220436067585
COFs,MFGP,58,23.38,7.3926220436067585
COFs,MFGP,58,23.44,7.3926220436067585
COFs,MFGP,58,23.51,7.3926220436067585
COFs,MFGP,58,23.57,7.3926220436067585
COFs,MFGP,58,23.64,7.3926220436067585
COFs,MFGP,58,23.7,7.3926220436067585
COFs,MFGP,58,23.77,7.3926220436067585
COFs,MFGP,58,23.83,7.3926220436067585
COFs,MFGP,58,23.9,7.3926220436067585
COFs,MFGP,58,23.96,7.3926220436067585
COFs,MFGP,58,24.03,7.3926220436067585
COFs,MFGP,58,24.09,7.3926220436067585
COFs,MFGP,58,24.16,7.3926220436067585
COFs,MFGP,58,24.22,7.3926220436067585
COFs,MFGP,58,25.22,7.3926220436067585
COFs,MFGP,58,25.29,7.3926220436067585
COFs,MFGP,58,25.35,7.3926220436067585
COFs,MFGP,58,25.42,7.3926220436067585
COFs,MFGP,58,25.48,7.3926220436067585
COFs,MFGP,58,25.55,7.3926220436067585
COFs,MFGP,58,25.61,7.3926220436067585
COFs,MFGP,58,25.68,7.3926220436067585
COFs,MFGP,58,25.74,7.3926220436067585
COFs,MFGP,58,25.81,7.3926220436067585
COFs,MFGP,58,25.87,7.3926220436067585
COFs,MFGP,58,25.94,7.3926220436067585
COFs,MFGP,58,26.0,7.3926220436067585
COFs,MFGP,58,26.07,7.3926220436067585
COFs,MFGP,58,26.13,7.3926220436067585
COFs,MFGP,58,26.2,7.3926220436067585
COFs,MFGP,58,27.2,7.3926220436067585
COFs,MFGP,58,27.26,7.3926220436067585
COFs,MFGP,58,27.33,7.3926220436067585
COFs,MFGP,58,27.39,7.3926220436067585
COFs,MFGP,58,27.46,7.3926220436067585
COFs,MFGP,58,27.52,7.3926220436067585
COFs,MFGP,58,27.59,7.3926220436067585
COFs,MFGP,58,27.65,7.3926220436067585
COFs,MFGP,58,27.72,7.3926220436067585
COFs,MFGP,58,27.78,7.3926220436067585
COFs,MFGP,58,27.85,7.3926220436067585
COFs,MFGP,58,27.91,7.3926220436067585
COFs,MFGP,58,27.98,7.3926220436067585
COFs,MFGP,58,28.04,7.3926220436067585
COFs,MFGP,58,28.11,7.3926220436067585
COFs,MFGP,58,28.17,7.3926220436067585
COFs,MFGP,58,29.17,7.3926220436067585
COFs,MFGP,58,29.24,7.3926220436067585
COFs,MFGP,58,29.3,7.3926220436067585
COFs,MFGP,58,29.37,7.3926220436067585
COFs,MFGP,58,29.43,7.3926220436067585
COFs,MFGP,58,29.5,7.3926220436067585
COFs,MFGP,58,29.56,7.3926220436067585
COFs,MFGP,58,29.63,7.3926220436067585
COFs,MFGP,58,29.69,7.3926220436067585
COFs,MFGP,58,29.76,7.3926220436067585
COFs,MFGP,58,29.82,7.3926220436067585
COFs,MFGP,58,29.89,7.3926220436067585
COFs,MFGP,58,29.95,7.3926220436067585
COFs,MFGP,59,3.5,2.768421691579954
COFs,MFGP,59,3.56,2.768421691579954
COFs,MFGP,59,3.62,2.768421691579954
COFs,MFGP,59,3.69,2.768421691579954
COFs,MFGP,59,3.75,2.768421691579954
COFs,MFGP,59,3.82,2.768421691579954
COFs,MFGP,59,3.88,2.768421691579954
COFs,MFGP,59,3.95,2.768421691579954
COFs,MFGP,59,4.01,2.768421691579954
COFs,MFGP,59,4.08,2.768421691579954
COFs,MFGP,59,4.15,2.768421691579954
COFs,MFGP,59,4.21,2.768421691579954
COFs,MFGP,59,4.28,2.768421691579954
COFs,MFGP,59,4.34,2.768421691579954
COFs,MFGP,59,4.41,2.768421691579954
COFs,MFGP,59,4.47,2.768421691579954
COFs,MFGP,59,5.47,2.768421691579954
COFs,MFGP,59,5.54,2.768421691579954
COFs,MFGP,59,5.6,2.768421691579954
COFs,MFGP,59,5.67,2.768421691579954
COFs,MFGP,59,5.73,2.768421691579954
COFs,MFGP,59,5.8,2.768421691579954
COFs,MFGP,59,5.86,2.768421691579954
COFs,MFGP,59,5.93,2.768421691579954
COFs,MFGP,59,5.99,2.768421691579954
COFs,MFGP,59,6.06,2.768421691579954
COFs,MFGP,59,6.12,2.768421691579954
COFs,MFGP,59,6.19,2.768421691579954
COFs,MFGP,59,6.25,2.768421691579954
COFs,MFGP,59,6.32,2.768421691579954
COFs,MFGP,59,6.38,2.768421691579954
COFs,MFGP,59,6.45,2.768421691579954
COFs,MFGP,59,7.45,2.768421691579954
COFs,MFGP,59,7.51,2.768421691579954
COFs,MFGP,59,7.58,2.768421691579954
COFs,MFGP,59,7.64,2.768421691579954
COFs,MFGP,59,7.71,2.768421691579954
COFs,MFGP,59,7.77,2.768421691579954
COFs,MFGP,59,7.84,2.768421691579954
COFs,MFGP,59,7.9,2.768421691579954
COFs,MFGP,59,7.97,2.768421691579954
COFs,MFGP,59,8.03,2.768421691579954
COFs,MFGP,59,8.1,2.768421691579954
COFs,MFGP,59,8.16,2.768421691579954
COFs,MFGP,59,8.23,2.768421691579954
COFs,MFGP,59,8.29,2.768421691579954
COFs,MFGP,59,8.36,2.768421691579954
COFs,MFGP,59,8.42,2.768421691579954
COFs,MFGP,59,9.42,2.768421691579954
COFs,MFGP,59,9.49,2.768421691579954
COFs,MFGP,59,9.55,2.768421691579954
COFs,MFGP,59,9.62,2.768421691579954
COFs,MFGP,59,9.68,2.768421691579954
COFs,MFGP,59,9.75,2.768421691579954
COFs,MFGP,59,9.81,2.768421691579954
COFs,MFGP,59,9.88,2.768421691579954
COFs,MFGP,59,9.94,2.768421691579954
COFs,MFGP,59,10.01,2.768421691579954
COFs,MFGP,59,10.07,2.768421691579954
COFs,MFGP,59,10.14,2.768421691579954
COFs,MFGP,59,10.2,2.768421691579954
COFs,MFGP,59,10.27,2.768421691579954
COFs,MFGP,59,10.33,2.768421691579954
COFs,MFGP,59,10.4,2.768421691579954
COFs,MFGP,59,11.4,2.768421691579954
COFs,MFGP,59,11.46,2.768421691579954
COFs,MFGP,59,11.53,2.768421691579954
COFs,MFGP,59,11.59,2.768421691579954
COFs,MFGP,59,11.65,2.768421691579954
COFs,MFGP,59,11.72,2.768421691579954
COFs,MFGP,59,11.78,2.768421691579954
COFs,MFGP,59,11.85,2.768421691579954
COFs,MFGP,59,11.91,2.768421691579954
COFs,MFGP,59,11.98,2.768421691579954
COFs,MFGP,59,12.04,2.768421691579954
COFs,MFGP,59,12.11,2.768421691579954
COFs,MFGP,59,12.17,2.768421691579954
COFs,MFGP,59,12.24,2.768421691579954
COFs,MFGP,59,12.3,2.768421691579954
COFs,MFGP,59,12.37,2.768421691579954
COFs,MFGP,59,13.37,2.768421691579954
COFs,MFGP,59,13.43,2.768421691579954
COFs,MFGP,59,13.5,2.768421691579954
COFs,MFGP,59,13.56,2.768421691579954
COFs,MFGP,59,13.63,2.768421691579954
COFs,MFGP,59,13.69,2.768421691579954
COFs,MFGP,59,13.76,2.768421691579954
COFs,MFGP,59,13.82,2.768421691579954
COFs,MFGP,59,13.89,2.768421691579954
COFs,MFGP,59,13.95,2.768421691579954
COFs,MFGP,59,14.02,2.768421691579954
COFs,MFGP,59,14.08,2.768421691579954
COFs,MFGP,59,14.15,2.768421691579954
COFs,MFGP,59,14.21,2.768421691579954
COFs,MFGP,59,14.28,2.768421691579954
COFs,MFGP,59,14.34,2.768421691579954
COFs,MFGP,59,15.34,2.768421691579954
COFs,MFGP,59,15.41,2.768421691579954
COFs,MFGP,59,15.47,2.768421691579954
COFs,MFGP,59,15.54,2.768421691579954
COFs,MFGP,59,15.6,2.768421691579954
COFs,MFGP,59,15.67,2.768421691579954
COFs,MFGP,59,15.73,2.768421691579954
COFs,MFGP,59,15.8,2.768421691579954
COFs,MFGP,59,15.86,2.768421691579954
COFs,MFGP,59,15.93,2.768421691579954
COFs,MFGP,59,15.99,2.768421691579954
COFs,MFGP,59,16.06,2.768421691579954
COFs,MFGP,59,16.12,2.768421691579954
COFs,MFGP,59,16.19,2.768421691579954
COFs,MFGP,59,16.25,2.768421691579954
COFs,MFGP,59,16.32,2.768421691579954
COFs,MFGP,59,17.32,2.768421691579954
COFs,MFGP,59,17.38,2.768421691579954
COFs,MFGP,59,17.45,2.768421691579954
COFs,MFGP,59,17.51,2.768421691579954
COFs,MFGP,59,17.58,2.768421691579954
COFs,MFGP,59,17.64,2.768421691579954
COFs,MFGP,59,17.71,2.768421691579954
COFs,MFGP,59,17.77,2.768421691579954
COFs,MFGP,59,17.84,2.768421691579954
COFs,MFGP,59,17.9,2.768421691579954
COFs,MFGP,59,17.97,2.768421691579954
COFs,MFGP,59,18.04,2.768421691579954
COFs,MFGP,59,18.1,2.768421691579954
COFs,MFGP,59,18.17,2.768421691579954
COFs,MFGP,59,18.23,2.768421691579954
COFs,MFGP,59,18.3,2.768421691579954
COFs,MFGP,59,19.3,2.768421691579954
COFs,MFGP,59,19.36,2.768421691579954
COFs,MFGP,59,19.43,2.768421691579954
COFs,MFGP,59,19.49,2.768421691579954
COFs,MFGP,59,19.56,2.768421691579954
COFs,MFGP,59,19.62,2.768421691579954
COFs,MFGP,59,19.69,2.768421691579954
COFs,MFGP,59,19.75,2.768421691579954
COFs,MFGP,59,19.82,2.768421691579954
COFs,MFGP,59,19.88,2.768421691579954
COFs,MFGP,59,19.95,2.768421691579954
COFs,MFGP,59,20.01,2.768421691579954
COFs,MFGP,59,20.08,2.768421691579954
COFs,MFGP,59,20.14,2.768421691579954
COFs,MFGP,59,20.21,2.768421691579954
COFs,MFGP,59,20.27,2.768421691579954
COFs,MFGP,59,21.27,2.768421691579954
COFs,MFGP,59,21.34,2.768421691579954
COFs,MFGP,59,21.4,2.768421691579954
COFs,MFGP,59,21.47,2.768421691579954
COFs,MFGP,59,21.53,2.768421691579954
COFs,MFGP,59,21.6,2.768421691579954
COFs,MFGP,59,21.66,2.768421691579954
COFs,MFGP,59,21.73,2.768421691579954
COFs,MFGP,59,21.79,2.768421691579954
COFs,MFGP,59,21.86,2.768421691579954
COFs,MFGP,59,21.92,2.768421691579954
COFs,MFGP,59,21.99,2.768421691579954
COFs,MFGP,59,22.05,2.768421691579954
COFs,MFGP,59,22.12,2.768421691579954
COFs,MFGP,59,22.18,2.768421691579954
COFs,MFGP,59,22.25,2.768421691579954
COFs,MFGP,59,23.25,2.768421691579954
COFs,MFGP,59,23.31,2.768421691579954
COFs,MFGP,59,23.38,2.768421691579954
COFs,MFGP,59,23.44,2.768421691579954
COFs,MFGP,59,23.51,2.768421691579954
COFs,MFGP,59,23.57,2.768421691579954
COFs,MFGP,59,23.64,2.768421691579954
COFs,MFGP,59,23.7,2.768421691579954
COFs,MFGP,59,23.77,2.768421691579954
COFs,MFGP,59,23.83,2.768421691579954
COFs,MFGP,59,23.9,2.768421691579954
COFs,MFGP,59,23.96,2.768421691579954
COFs,MFGP,59,24.03,2.768421691579954
COFs,MFGP,59,24.09,2.768421691579954
COFs,MFGP,59,24.16,2.768421691579954
COFs,MFGP,59,24.22,2.768421691579954
COFs,MFGP,59,25.22,2.768421691579954
COFs,MFGP,59,25.29,2.768421691579954
COFs,MFGP,59,25.35,2.768421691579954
COFs,MFGP,59,25.42,2.768421691579954
COFs,MFGP,59,25.48,2.768421691579954
COFs,MFGP,59,25.55,2.768421691579954
COFs,MFGP,59,25.61,2.768421691579954
COFs,MFGP,59,25.68,2.768421691579954
COFs,MFGP,59,25.74,2.768421691579954
COFs,MFGP,59,25.81,2.768421691579954
COFs,MFGP,59,25.87,2.768421691579954
COFs,MFGP,59,25.94,2.768421691579954
COFs,MFGP,59,26.0,2.768421691579954
COFs,MFGP,59,26.07,2.768421691579954
COFs,MFGP,59,26.13,2.768421691579954
COFs,MFGP,59,26.2,2.768421691579954
COFs,MFGP,59,27.2,2.768421691579954
COFs,MFGP,59,27.26,2.768421691579954
COFs,MFGP,59,27.33,2.768421691579954
COFs,MFGP,59,27.39,2.768421691579954
COFs,MFGP,59,27.46,2.768421691579954
COFs,MFGP,59,27.52,2.768421691579954
COFs,MFGP,59,27.59,2.768421691579954
COFs,MFGP,59,27.65,2.768421691579954
COFs,MFGP,59,27.72,2.768421691579954
COFs,MFGP,59,27.78,2.768421691579954
COFs,MFGP,59,27.85,2.768421691579954
COFs,MFGP,59,27.91,2.768421691579954
COFs,MFGP,59,27.98,2.768421691579954
COFs,MFGP,59,28.04,2.768421691579954
COFs,MFGP,59,28.11,2.768421691579954
COFs,MFGP,59,28.17,2.768421691579954
COFs,MFGP,59,29.17,2.768421691579954
COFs,MFGP,59,29.24,2.768421691579954
COFs,MFGP,59,29.3,2.768421691579954
COFs,MFGP,59,29.37,2.768421691579954
COFs,MFGP,59,29.43,2.768421691579954
COFs,MFGP,59,29.5,2.768421691579954
COFs,MFGP,59,29.56,2.768421691579954
COFs,MFGP,59,29.63,2.768421691579954
COFs,MFGP,59,29.69,2.768421691579954
COFs,MFGP,59,29.76,2.768421691579954
COFs,MFGP,59,29.82,2.768421691579954
COFs,MFGP,59,29.89,2.768421691579954
COFs,MFGP,59,29.95,2.768421691579954
COFs,MFGP,60,3.5,2.768421691579954
COFs,MFGP,60,3.56,2.768421691579954
COFs,MFGP,60,3.62,2.768421691579954
COFs,MFGP,60,3.69,2.768421691579954
COFs,MFGP,60,3.75,2.768421691579954
COFs,MFGP,60,3.82,2.768421691579954
COFs,MFGP,60,3.88,2.768421691579954
COFs,MFGP,60,3.95,2.768421691579954
COFs,MFGP,60,4.01,2.768421691579954
COFs,MFGP,60,4.08,2.768421691579954
COFs,MFGP,60,4.15,2.768421691579954
COFs,MFGP,60,4.21,2.768421691579954
COFs,MFGP,60,4.28,2.768421691579954
COFs,MFGP,60,4.34,2.768421691579954
COFs,MFGP,60,4.41,2.768421691579954
COFs,MFGP,60,4.47,2.768421691579954
COFs,MFGP,60,5.47,2.768421691579954
COFs,MFGP,60,5.54,2.768421691579954
COFs,MFGP,60,5.6,2.768421691579954
COFs,MFGP,60,5.67,2.768421691579954
COFs,MFGP,60,5.73,2.768421691579954
COFs,MFGP,60,5.8,2.768421691579954
COFs,MFGP,60,5.86,2.768421691579954
COFs,MFGP,60,5.93,2.768421691579954
COFs,MFGP,60,5.99,2.768421691579954
COFs,MFGP,60,6.06,2.768421691579954
COFs,MFGP,60,6.12,2.768421691579954
COFs,MFGP,60,6.19,2.768421691579954
COFs,MFGP,60,6.25,2.768421691579954
COFs,MFGP,60,6.32,2.768421691579954
COFs,MFGP,60,6.38,2.768421691579954
COFs,MFGP,60,6.45,2.768421691579954
COFs,MFGP,60,7.45,2.768421691579954
COFs,MFGP,60,7.51,2.768421691579954
COFs,MFGP,60,7.58,2.768421691579954
COFs,MFGP,60,7.64,2.768421691579954
COFs,MFGP,60,7.71,2.768421691579954
COFs,MFGP,60,7.77,2.768421691579954
COFs,MFGP,60,7.84,2.768421691579954
COFs,MFGP,60,7.9,2.768421691579954
COFs,MFGP,60,7.97,2.768421691579954
COFs,MFGP,60,8.03,2.768421691579954
COFs,MFGP,60,8.1,2.768421691579954
COFs,MFGP,60,8.16,2.768421691579954
COFs,MFGP,60,8.23,2.768421691579954
COFs,MFGP,60,8.29,2.768421691579954
COFs,MFGP,60,8.36,2.768421691579954
COFs,MFGP,60,8.42,2.768421691579954
COFs,MFGP,60,9.42,0.1384703736115966
COFs,MFGP,60,9.49,0.1384703736115966
COFs,MFGP,60,9.55,0.1384703736115966
COFs,MFGP,60,9.62,0.1384703736115966
COFs,MFGP,60,9.68,0.1384703736115966
COFs,MFGP,60,9.75,0.1384703736115966
COFs,MFGP,60,9.81,0.1384703736115966
COFs,MFGP,60,9.88,0.1384703736115966
COFs,MFGP,60,9.94,0.1384703736115966
COFs,MFGP,60,10.01,0.1384703736115966
COFs,MFGP,60,10.07,0.1384703736115966
COFs,MFGP,60,10.14,0.1384703736115966
COFs,MFGP,60,10.2,0.1384703736115966
COFs,MFGP,60,10.27,0.1384703736115966
COFs,MFGP,60,10.33,0.1384703736115966
COFs,MFGP,60,10.4,0.1384703736115966
COFs,MFGP,60,11.4,0.1384703736115966
COFs,MFGP,60,11.46,0.1384703736115966
COFs,MFGP,60,11.53,0.1384703736115966
COFs,MFGP,60,11.59,0.1384703736115966
COFs,MFGP,60,11.65,0.1384703736115966
COFs,MFGP,60,11.72,0.1384703736115966
COFs,MFGP,60,11.78,0.1384703736115966
COFs,MFGP,60,11.85,0.1384703736115966
COFs,MFGP,60,11.91,0.1384703736115966
COFs,MFGP,60,11.98,0.1384703736115966
COFs,MFGP,60,12.04,0.1384703736115966
COFs,MFGP,60,12.11,0.1384703736115966
COFs,MFGP,60,12.17,0.1384703736115966
COFs,MFGP,60,12.24,0.1384703736115966
COFs,MFGP,60,12.3,0.1384703736115966
COFs,MFGP,60,12.37,0.1384703736115966
COFs,MFGP,60,13.37,0.1384703736115966
COFs,MFGP,60,13.43,0.1384703736115966
COFs,MFGP,60,13.5,0.1384703736115966
COFs,MFGP,60,13.56,0.1384703736115966
COFs,MFGP,60,13.63,0.1384703736115966
COFs,MFGP,60,13.69,0.1384703736115966
COFs,MFGP,60,13.76,0.1384703736115966
COFs,MFGP,60,13.82,0.1384703736115966
COFs,MFGP,60,13.89,0.1384703736115966
COFs,MFGP,60,13.95,0.1384703736115966
COFs,MFGP,60,14.02,0.1384703736115966
COFs,MFGP,60,14.08,0.1384703736115966
COFs,MFGP,60,14.15,0.1384703736115966
COFs,MFGP,60,14.21,0.1384703736115966
COFs,MFGP,60,14.28,0.1384703736115966
COFs,MFGP,60,14.34,0.1384703736115966
COFs,MFGP,60,15.34,0.1384703736115966
COFs,MFGP,60,15.41,0.1384703736115966
COFs,MFGP,60,15.47,0.1384703736115966
COFs,MFGP,60,15.54,0.1384703736115966
COFs,MFGP,60,15.6,0.1384703736115966
COFs,MFGP,60,15.67,0.1384703736115966
COFs,MFGP,60,15.73,0.1384703736115966
COFs,MFGP,60,15.8,0.1384703736115966
COFs,MFGP,60,15.86,0.1384703736115966
COFs,MFGP,60,15.93,0.1384703736115966
COFs,MFGP,60,15.99,0.1384703736115966
COFs,MFGP,60,16.06,0.1384703736115966
COFs,MFGP,60,16.12,0.1384703736115966
COFs,MFGP,60,16.19,0.1384703736115966
COFs,MFGP,60,16.25,0.1384703736115966
COFs,MFGP,60,16.32,0.1384703736115966
COFs,MFGP,60,17.32,0.1384703736115966
COFs,MFGP,60,17.38,0.1384703736115966
COFs,MFGP,60,17.45,0.1384703736115966
COFs,MFGP,60,17.51,0.1384703736115966
COFs,MFGP,60,17.58,0.1384703736115966
COFs,MFGP,60,17.64,0.1384703736115966
COFs,MFGP,60,17.71,0.1384703736115966
COFs,MFGP,60,17.77,0.1384703736115966
COFs,MFGP,60,17.84,0.1384703736115966
COFs,MFGP,60,17.9,0.1384703736115966
COFs,MFGP,60,17.97,0.1384703736115966
COFs,MFGP,60,18.04,0.1384703736115966
COFs,MFGP,60,18.1,0.1384703736115966
COFs,MFGP,60,18.17,0.1384703736115966
COFs,MFGP,60,18.23,0.1384703736115966
COFs,MFGP,60,18.3,0.1384703736115966
COFs,MFGP,60,19.3,0.1384703736115966
COFs,MFGP,60,19.36,0.1384703736115966
COFs,MFGP,60,19.43,0.1384703736115966
COFs,MFGP,60,19.49,0.1384703736115966
COFs,MFGP,60,19.56,0.1384703736115966
COFs,MFGP,60,19.62,0.1384703736115966
COFs,MFGP,60,19.69,0.1384703736115966
COFs,MFGP,60,19.75,0.1384703736115966
COFs,MFGP,60,19.82,0.1384703736115966
COFs,MFGP,60,19.88,0.1384703736115966
COFs,MFGP,60,19.95,0.1384703736115966
COFs,MFGP,60,20.01,0.1384703736115966
COFs,MFGP,60,20.08,0.1384703736115966
COFs,MFGP,60,20.14,0.1384703736115966
COFs,MFGP,60,20.21,0.1384703736115966
COFs,MFGP,60,20.27,0.1384703736115966
COFs,MFGP,60,21.27,0.1384703736115966
COFs,MFGP,60,21.34,0.1384703736115966
COFs,MFGP,60,21.4,0.1384703736115966
COFs,MFGP,60,21.47,0.1384703736115966
COFs,MFGP,60,21.53,0.1384703736115966
COFs,MFGP,60,21.6,0.1384703736115966
COFs,MFGP,60,21.66,0.1384703736115966
COFs,MFGP,60,21.73,0.1384703736115966
COFs,MFGP,60,21.79,0.1384703736115966
COFs,MFGP,60,21.86,0.1384703736115966
COFs,MFGP,60,21.92,0.1384703736115966
COFs,MFGP,60,21.99,0.1384703736115966
COFs,MFGP,60,22.05,0.1384703736115966
COFs,MFGP,60,22.12,0.1384703736115966
COFs,MFGP,60,22.18,0.1384703736115966
COFs,MFGP,60,22.25,0.1384703736115966
COFs,MFGP,60,23.25,0.1384703736115966
COFs,MFGP,60,23.31,0.1384703736115966
COFs,MFGP,60,23.38,0.1384703736115966
COFs,MFGP,60,23.44,0.1384703736115966
COFs,MFGP,60,23.51,0.1384703736115966
COFs,MFGP,60,23.57,0.1384703736115966
COFs,MFGP,60,23.64,0.1384703736115966
COFs,MFGP,60,23.7,0.1384703736115966
COFs,MFGP,60,23.77,0.1384703736115966
COFs,MFGP,60,23.83,0.1384703736115966
COFs,MFGP,60,23.9,0.1384703736115966
COFs,MFGP,60,23.96,0.1384703736115966
COFs,MFGP,60,24.03,0.1384703736115966
COFs,MFGP,60,24.09,0.1384703736115966
COFs,MFGP,60,24.16,0.1384703736115966
COFs,MFGP,60,24.22,0.1384703736115966
COFs,MFGP,60,25.22,0.1384703736115966
COFs,MFGP,60,25.29,0.1384703736115966
COFs,MFGP,60,25.35,0.1384703736115966
COFs,MFGP,60,25.42,0.1384703736115966
COFs,MFGP,60,25.48,0.1384703736115966
COFs,MFGP,60,25.55,0.1384703736115966
COFs,MFGP,60,25.61,0.1384703736115966
COFs,MFGP,60,25.68,0.1384703736115966
COFs,MFGP,60,25.74,0.1384703736115966
COFs,MFGP,60,25.81,0.1384703736115966
COFs,MFGP,60,25.87,0.1384703736115966
COFs,MFGP,60,25.94,0.1384703736115966
COFs,MFGP,60,26.0,0.1384703736115966
COFs,MFGP,60,26.07,0.1384703736115966
COFs,MFGP,60,26.13,0.1384703736115966
COFs,MFGP,60,26.2,0.1384703736115966
COFs,MFGP,60,27.2,0.1384703736115966
COFs,MFGP,60,27.26,0.1384703736115966
COFs,MFGP,60,27.33,0.1384703736115966
COFs,MFGP,60,27.39,0.1384703736115966
COFs,MFGP,60,27.46,0.1384703736115966
COFs,MFGP,60,27.52,0.1384703736115966
COFs,MFGP,60,27.59,0.1384703736115966
COFs,MFGP,60,27.65,0.1384703736115966
COFs,MFGP,60,27.72,0.1384703736115966
COFs,MFGP,60,27.78,0.1384703736115966
COFs,MFGP,60,27.85,0.1384703736115966
COFs,MFGP,60,27.91,0.1384703736115966
COFs,MFGP,60,27.98,0.1384703736115966
COFs,MFGP,60,28.04,0.1384703736115966
COFs,MFGP,60,28.11,0.1384703736115966
COFs,MFGP,60,28.17,0.1384703736115966
COFs,MFGP,60,29.17,0.1384703736115966
COFs,MFGP,60,29.24,0.1384703736115966
COFs,MFGP,60,29.3,0.1384703736115966
COFs,MFGP,60,29.37,0.1384703736115966
COFs,MFGP,60,29.43,0.1384703736115966
COFs,MFGP,60,29.5,0.1384703736115966
COFs,MFGP,60,29.56,0.1384703736115966
COFs,MFGP,60,29.63,0.1384703736115966
COFs,MFGP,60,29.69,0.1384703736115966
COFs,MFGP,60,29.76,0.1384703736115966
COFs,MFGP,60,29.82,0.1384703736115966
COFs,MFGP,60,29.89,0.1384703736115966
COFs,MFGP,60,29.95,0.1384703736115966
COFs,MFGP,61,3.5,12.286313844166015
COFs,MFGP,61,3.56,12.286313844166015
COFs,MFGP,61,3.62,12.286313844166015
COFs,MFGP,61,3.69,12.286313844166015
COFs,MFGP,61,3.75,12.286313844166015
COFs,MFGP,61,3.82,12.286313844166015
COFs,MFGP,61,3.88,12.286313844166015
COFs,MFGP,61,3.95,12.286313844166015
COFs,MFGP,61,4.01,12.286313844166015
COFs,MFGP,61,4.08,12.286313844166015
COFs,MFGP,61,4.15,12.286313844166015
COFs,MFGP,61,4.21,12.286313844166015
COFs,MFGP,61,4.28,12.286313844166015
COFs,MFGP,61,4.34,12.286313844166015
COFs,MFGP,61,4.41,12.286313844166015
COFs,MFGP,61,4.47,12.286313844166015
COFs,MFGP,61,5.47,12.286313844166015
COFs,MFGP,61,5.54,12.286313844166015
COFs,MFGP,61,5.6,12.286313844166015
COFs,MFGP,61,5.67,12.286313844166015
COFs,MFGP,61,5.73,12.286313844166015
COFs,MFGP,61,5.8,12.286313844166015
COFs,MFGP,61,5.86,12.286313844166015
COFs,MFGP,61,5.93,12.286313844166015
COFs,MFGP,61,5.99,12.286313844166015
COFs,MFGP,61,6.06,12.286313844166015
COFs,MFGP,61,6.12,12.286313844166015
COFs,MFGP,61,6.19,12.286313844166015
COFs,MFGP,61,6.25,12.286313844166015
COFs,MFGP,61,6.32,12.286313844166015
COFs,MFGP,61,6.38,12.286313844166015
COFs,MFGP,61,6.45,12.286313844166015
COFs,MFGP,61,7.45,12.286313844166015
COFs,MFGP,61,7.51,12.286313844166015
COFs,MFGP,61,7.58,12.286313844166015
COFs,MFGP,61,7.64,12.286313844166015
COFs,MFGP,61,7.71,12.286313844166015
COFs,MFGP,61,7.77,12.286313844166015
COFs,MFGP,61,7.84,12.286313844166015
COFs,MFGP,61,7.9,12.286313844166015
COFs,MFGP,61,7.97,12.286313844166015
COFs,MFGP,61,8.03,12.286313844166015
COFs,MFGP,61,8.1,12.286313844166015
COFs,MFGP,61,8.16,12.286313844166015
COFs,MFGP,61,8.23,12.286313844166015
COFs,MFGP,61,8.29,12.286313844166015
COFs,MFGP,61,8.36,12.286313844166015
COFs,MFGP,61,8.42,12.286313844166015
COFs,MFGP,61,9.42,12.286313844166015
COFs,MFGP,61,9.49,12.286313844166015
COFs,MFGP,61,9.55,12.286313844166015
COFs,MFGP,61,9.62,12.286313844166015
COFs,MFGP,61,9.68,12.286313844166015
COFs,MFGP,61,9.75,12.286313844166015
COFs,MFGP,61,9.81,12.286313844166015
COFs,MFGP,61,9.88,12.286313844166015
COFs,MFGP,61,9.94,12.286313844166015
COFs,MFGP,61,10.01,12.286313844166015
COFs,MFGP,61,10.07,12.286313844166015
COFs,MFGP,61,10.14,12.286313844166015
COFs,MFGP,61,10.2,12.286313844166015
COFs,MFGP,61,10.27,12.286313844166015
COFs,MFGP,61,10.33,12.286313844166015
COFs,MFGP,61,10.4,12.286313844166015
COFs,MFGP,61,11.4,12.286313844166015
COFs,MFGP,61,11.46,12.286313844166015
COFs,MFGP,61,11.53,12.286313844166015
COFs,MFGP,61,11.59,12.286313844166015
COFs,MFGP,61,11.65,12.286313844166015
COFs,MFGP,61,11.72,12.286313844166015
COFs,MFGP,61,11.78,12.286313844166015
COFs,MFGP,61,11.85,12.286313844166015
COFs,MFGP,61,11.91,12.286313844166015
COFs,MFGP,61,11.98,12.286313844166015
COFs,MFGP,61,12.04,12.286313844166015
COFs,MFGP,61,12.11,12.286313844166015
COFs,MFGP,61,12.17,12.286313844166015
COFs,MFGP,61,12.24,12.286313844166015
COFs,MFGP,61,12.3,12.286313844166015
COFs,MFGP,61,12.37,12.286313844166015
COFs,MFGP,61,13.37,12.286313844166015
COFs,MFGP,61,13.43,12.286313844166015
COFs,MFGP,61,13.5,12.286313844166015
COFs,MFGP,61,13.56,12.286313844166015
COFs,MFGP,61,13.63,12.286313844166015
COFs,MFGP,61,13.69,12.286313844166015
COFs,MFGP,61,13.76,12.286313844166015
COFs,MFGP,61,13.82,12.286313844166015
COFs,MFGP,61,13.89,12.286313844166015
COFs,MFGP,61,13.95,12.286313844166015
COFs,MFGP,61,14.02,12.286313844166015
COFs,MFGP,61,14.08,12.286313844166015
COFs,MFGP,61,14.15,12.286313844166015
COFs,MFGP,61,14.21,12.286313844166015
COFs,MFGP,61,14.28,12.286313844166015
COFs,MFGP,61,14.34,12.286313844166015
COFs,MFGP,61,15.34,12.286313844166015
COFs,MFGP,61,15.41,12.286313844166015
COFs,MFGP,61,15.47,12.286313844166015
COFs,MFGP,61,15.54,12.286313844166015
COFs,MFGP,61,15.6,12.286313844166015
COFs,MFGP,61,15.67,12.286313844166015
COFs,MFGP,61,15.73,12.286313844166015
COFs,MFGP,61,15.8,12.286313844166015
COFs,MFGP,61,15.86,12.286313844166015
COFs,MFGP,61,15.93,12.286313844166015
COFs,MFGP,61,15.99,12.286313844166015
COFs,MFGP,61,16.06,12.286313844166015
COFs,MFGP,61,16.12,12.286313844166015
COFs,MFGP,61,16.19,12.286313844166015
COFs,MFGP,61,16.25,12.286313844166015
COFs,MFGP,61,16.32,12.286313844166015
COFs,MFGP,61,17.32,12.286313844166015
COFs,MFGP,61,17.38,12.286313844166015
COFs,MFGP,61,17.45,12.286313844166015
COFs,MFGP,61,17.51,12.286313844166015
COFs,MFGP,61,17.58,12.286313844166015
COFs,MFGP,61,17.64,12.286313844166015
COFs,MFGP,61,17.71,12.286313844166015
COFs,MFGP,61,17.77,12.286313844166015
COFs,MFGP,61,17.84,12.286313844166015
COFs,MFGP,61,17.9,12.286313844166015
COFs,MFGP,61,17.97,12.286313844166015
COFs,MFGP,61,18.04,12.286313844166015
COFs,MFGP,61,18.1,12.286313844166015
COFs,MFGP,61,18.17,12.286313844166015
COFs,MFGP,61,18.23,12.286313844166015
COFs,MFGP,61,18.3,12.286313844166015
COFs,MFGP,61,19.3,12.286313844166015
COFs,MFGP,61,19.36,12.286313844166015
COFs,MFGP,61,19.43,12.286313844166015
COFs,MFGP,61,19.49,12.286313844166015
COFs,MFGP,61,19.56,12.286313844166015
COFs,MFGP,61,19.62,12.286313844166015
COFs,MFGP,61,19.69,12.286313844166015
COFs,MFGP,61,19.75,12.286313844166015
COFs,MFGP,61,19.82,12.286313844166015
COFs,MFGP,61,19.88,12.286313844166015
COFs,MFGP,61,19.95,12.286313844166015
COFs,MFGP,61,20.01,12.286313844166015
COFs,MFGP,61,20.08,12.286313844166015
COFs,MFGP,61,20.14,12.286313844166015
COFs,MFGP,61,20.21,12.286313844166015
COFs,MFGP,61,20.27,12.286313844166015
COFs,MFGP,61,21.27,12.286313844166015
COFs,MFGP,61,21.34,12.286313844166015
COFs,MFGP,61,21.4,12.286313844166015
COFs,MFGP,61,21.47,12.286313844166015
COFs,MFGP,61,21.53,12.286313844166015
COFs,MFGP,61,21.6,12.286313844166015
COFs,MFGP,61,21.66,12.286313844166015
COFs,MFGP,61,21.73,12.286313844166015
COFs,MFGP,61,21.79,12.286313844166015
COFs,MFGP,61,21.86,12.286313844166015
COFs,MFGP,61,21.92,12.286313844166015
COFs,MFGP,61,21.99,12.286313844166015
COFs,MFGP,61,22.05,12.286313844166015
COFs,MFGP,61,22.12,12.286313844166015
COFs,MFGP,61,22.18,12.286313844166015
COFs,MFGP,61,22.25,12.286313844166015
COFs,MFGP,61,23.25,12.286313844166015
COFs,MFGP,61,23.31,12.286313844166015
COFs,MFGP,61,23.38,12.286313844166015
COFs,MFGP,61,23.44,12.286313844166015
COFs,MFGP,61,23.51,12.286313844166015
COFs,MFGP,61,23.57,12.286313844166015
COFs,MFGP,61,23.64,12.286313844166015
COFs,MFGP,61,23.7,12.286313844166015
COFs,MFGP,61,23.77,12.286313844166015
COFs,MFGP,61,23.83,12.286313844166015
COFs,MFGP,61,23.9,12.286313844166015
COFs,MFGP,61,23.96,12.286313844166015
COFs,MFGP,61,24.03,12.286313844166015
COFs,MFGP,61,24.09,12.286313844166015
COFs,MFGP,61,24.16,12.286313844166015
COFs,MFGP,61,24.22,12.286313844166015
COFs,MFGP,61,25.22,12.286313844166015
COFs,MFGP,61,25.29,12.286313844166015
COFs,MFGP,61,25.35,12.286313844166015
COFs,MFGP,61,25.42,12.286313844166015
COFs,MFGP,61,25.48,12.286313844166015
COFs,MFGP,61,25.55,12.286313844166015
COFs,MFGP,61,25.61,12.286313844166015
COFs,MFGP,61,25.68,12.286313844166015
COFs,MFGP,61,25.74,12.286313844166015
COFs,MFGP,61,25.81,12.286313844166015
COFs,MFGP,61,25.87,12.286313844166015
COFs,MFGP,61,25.94,12.286313844166015
COFs,MFGP,61,26.0,12.286313844166015
COFs,MFGP,61,26.07,12.286313844166015
COFs,MFGP,61,26.13,12.286313844166015
COFs,MFGP,61,26.2,12.286313844166015
COFs,MFGP,61,27.2,12.286313844166015
COFs,MFGP,61,27.26,12.286313844166015
COFs,MFGP,61,27.33,12.286313844166015
COFs,MFGP,61,27.39,12.286313844166015
COFs,MFGP,61,27.46,12.286313844166015
COFs,MFGP,61,27.52,12.286313844166015
COFs,MFGP,61,27.59,12.286313844166015
COFs,MFGP,61,27.65,12.286313844166015
COFs,MFGP,61,27.72,12.286313844166015
COFs,MFGP,61,27.78,12.286313844166015
COFs,MFGP,61,27.85,12.286313844166015
COFs,MFGP,61,27.91,12.286313844166015
COFs,MFGP,61,27.98,12.286313844166015
COFs,MFGP,61,28.04,12.286313844166015
COFs,MFGP,61,28.11,12.286313844166015
COFs,MFGP,61,28.17,12.286313844166015
COFs,MFGP,61,29.17,12.286313844166015
COFs,MFGP,61,29.24,12.286313844166015
COFs,MFGP,61,29.3,12.286313844166015
COFs,MFGP,61,29.37,12.286313844166015
COFs,MFGP,61,29.43,12.286313844166015
COFs,MFGP,61,29.5,12.286313844166015
COFs,MFGP,61,29.56,12.286313844166015
COFs,MFGP,61,29.63,12.286313844166015
COFs,MFGP,61,29.69,12.286313844166015
COFs,MFGP,61,29.76,12.286313844166015
COFs,MFGP,61,29.82,12.286313844166015
COFs,MFGP,61,29.89,12.286313844166015
COFs,MFGP,61,29.95,12.286313844166015
FreeSolv,MFGP,42,4.5,0.27
FreeSolv,MFGP,42,4.6,0.27
FreeSolv,MFGP,42,4.7,0.27
FreeSolv,MFGP,42,4.8,0.27
FreeSolv,MFGP,42,4.9,0.27
FreeSolv,MFGP,42,5.0,0.27
FreeSolv,MFGP,42,5.1,0.27
FreeSolv,MFGP,42,5.2,0.27
FreeSolv,MFGP,42,5.3,0.27
FreeSolv,MFGP,42,5.4,0.27
FreeSolv,MFGP,42,5.5,0.27
FreeSolv,MFGP,42,6.5,0.27
FreeSolv,MFGP,42,6.6,0.27
FreeSolv,MFGP,42,6.7,0.27
FreeSolv,MFGP,42,6.8,0.27
FreeSolv,MFGP,42,6.9,0.27
FreeSolv,MFGP,42,7.0,0.27
FreeSolv,MFGP,42,7.1,0.27
FreeSolv,MFGP,42,7.2,0.27
FreeSolv,MFGP,42,7.3,0.27
FreeSolv,MFGP,42,7.4,0.27
FreeSolv,MFGP,42,7.5,0.27
FreeSolv,MFGP,42,8.5,0.27
FreeSolv,MFGP,42,8.6,0.27
FreeSolv,MFGP,42,8.7,0.27
FreeSolv,MFGP,42,8.8,0.27
FreeSolv,MFGP,42,8.9,0.27
FreeSolv,MFGP,42,9.0,0.27
FreeSolv,MFGP,42,9.1,0.27
FreeSolv,MFGP,42,9.2,0.27
FreeSolv,MFGP,42,9.3,0.27
FreeSolv,MFGP,42,9.4,0.27
FreeSolv,MFGP,42,9.5,0.27
FreeSolv,MFGP,42,10.5,0.27
FreeSolv,MFGP,42,10.6,0.27
FreeSolv,MFGP,42,10.7,0.27
FreeSolv,MFGP,42,10.8,0.27
FreeSolv,MFGP,42,10.9,0.27
FreeSolv,MFGP,42,11.0,0.27
FreeSolv,MFGP,42,11.1,0.27
FreeSolv,MFGP,42,11.2,0.27
FreeSolv,MFGP,42,11.3,0.27
FreeSolv,MFGP,42,11.4,0.27
FreeSolv,MFGP,42,11.5,0.27
FreeSolv,MFGP,42,12.5,0.27
FreeSolv,MFGP,42,12.6,0.27
FreeSolv,MFGP,42,12.7,0.27
FreeSolv,MFGP,42,12.8,0.27
FreeSolv,MFGP,42,12.9,0.27
FreeSolv,MFGP,42,13.0,0.27
FreeSolv,MFGP,42,13.1,0.27
FreeSolv,MFGP,42,13.2,0.27
FreeSolv,MFGP,42,13.3,0.27
FreeSolv,MFGP,42,13.4,0.27
FreeSolv,MFGP,42,13.5,0.27
FreeSolv,MFGP,42,14.5,0.27
FreeSolv,MFGP,42,14.6,0.27
FreeSolv,MFGP,42,14.7,0.27
FreeSolv,MFGP,42,14.8,0.27
FreeSolv,MFGP,42,14.9,0.27
FreeSolv,MFGP,42,15.0,0.27
FreeSolv,MFGP,42,15.1,0.27
FreeSolv,MFGP,42,15.2,0.27
FreeSolv,MFGP,42,15.3,0.27
FreeSolv,MFGP,42,15.4,0.27
FreeSolv,MFGP,42,15.5,0.27
FreeSolv,MFGP,42,16.5,0.27
FreeSolv,MFGP,42,16.6,0.27
FreeSolv,MFGP,42,16.7,0.27
FreeSolv,MFGP,42,16.8,0.27
FreeSolv,MFGP,42,16.9,0.27
FreeSolv,MFGP,42,17.0,0.27
FreeSolv,MFGP,42,17.1,0.27
FreeSolv,MFGP,42,17.2,0.27
FreeSolv,MFGP,42,17.3,0.27
FreeSolv,MFGP,42,17.4,0.27
FreeSolv,MFGP,42,17.5,0.27
FreeSolv,MFGP,42,18.5,0.27
FreeSolv,MFGP,42,18.6,0.27
FreeSolv,MFGP,42,18.7,0.27
FreeSolv,MFGP,42,18.8,0.27
FreeSolv,MFGP,42,18.9,0.27
FreeSolv,MFGP,42,19.0,0.27
FreeSolv,MFGP,42,19.1,0.27
FreeSolv,MFGP,42,19.2,0.27
FreeSolv,MFGP,42,19.3,0.27
FreeSolv,MFGP,42,19.4,0.27
FreeSolv,MFGP,42,19.5,0.27
FreeSolv,MFGP,42,20.5,0.27
FreeSolv,MFGP,42,20.6,0.27
FreeSolv,MFGP,42,20.7,0.27
FreeSolv,MFGP,42,20.8,0.27
FreeSolv,MFGP,42,20.9,0.27
FreeSolv,MFGP,42,21.0,0.27
FreeSolv,MFGP,42,21.1,0.27
FreeSolv,MFGP,42,21.2,0.27
FreeSolv,MFGP,42,21.3,0.27
FreeSolv,MFGP,42,21.4,0.27
FreeSolv,MFGP,42,21.5,0.27
FreeSolv,MFGP,42,22.5,0.27
FreeSolv,MFGP,42,22.6,0.27
FreeSolv,MFGP,42,22.7,0.27
FreeSolv,MFGP,42,22.8,0.27
FreeSolv,MFGP,42,22.9,0.27
FreeSolv,MFGP,42,23.0,0.27
FreeSolv,MFGP,42,23.1,0.27
FreeSolv,MFGP,42,23.2,0.27
FreeSolv,MFGP,42,23.3,0.27
FreeSolv,MFGP,42,23.4,0.27
FreeSolv,MFGP,42,23.5,0.27
FreeSolv,MFGP,42,24.5,0.27
FreeSolv,MFGP,42,24.6,0.27
FreeSolv,MFGP,42,24.7,0.27
FreeSolv,MFGP,42,24.8,0.27
FreeSolv,MFGP,42,24.9,0.27
FreeSolv,MFGP,42,25.0,0.27
FreeSolv,MFGP,42,25.1,0.27
FreeSolv,MFGP,42,25.2,0.27
FreeSolv,MFGP,42,25.3,0.27
FreeSolv,MFGP,42,25.4,0.27
FreeSolv,MFGP,42,25.5,0.27
FreeSolv,MFGP,42,26.5,0.27
FreeSolv,MFGP,42,26.6,0.27
FreeSolv,MFGP,42,26.7,0.27
FreeSolv,MFGP,42,26.8,0.27
FreeSolv,MFGP,42,26.9,0.27
FreeSolv,MFGP,42,27.0,0.27
FreeSolv,MFGP,42,27.1,0.27
FreeSolv,MFGP,42,27.2,0.27
FreeSolv,MFGP,42,27.3,0.27
FreeSolv,MFGP,42,27.4,0.27
FreeSolv,MFGP,42,27.5,0.27
FreeSolv,MFGP,42,28.5,0.27
FreeSolv,MFGP,42,28.6,0.27
FreeSolv,MFGP,42,28.7,0.27
FreeSolv,MFGP,42,28.8,0.27
FreeSolv,MFGP,42,28.9,0.27
FreeSolv,MFGP,42,29.0,0.27
FreeSolv,MFGP,42,29.1,0.27
FreeSolv,MFGP,42,29.2,0.27
FreeSolv,MFGP,42,29.3,0.27
FreeSolv,MFGP,42,29.4,0.27
FreeSolv,MFGP,42,29.5,0.27
FreeSolv,MFGP,42,30.5,0.27
FreeSolv,MFGP,42,30.6,0.27
FreeSolv,MFGP,42,30.7,0.27
FreeSolv,MFGP,42,30.8,0.27
FreeSolv,MFGP,42,30.9,0.27
FreeSolv,MFGP,42,31.0,0.27
FreeSolv,MFGP,42,31.1,0.27
FreeSolv,MFGP,42,31.2,0.27
FreeSolv,MFGP,42,31.3,0.27
FreeSolv,MFGP,42,31.4,0.27
FreeSolv,MFGP,42,31.5,0.27
FreeSolv,MFGP,42,32.5,0.27
FreeSolv,MFGP,42,32.6,0.27
FreeSolv,MFGP,42,32.7,0.27
FreeSolv,MFGP,42,32.8,0.27
FreeSolv,MFGP,42,32.9,0.27
FreeSolv,MFGP,42,33.0,0.27
FreeSolv,MFGP,42,33.1,0.27
FreeSolv,MFGP,42,33.2,0.27
FreeSolv,MFGP,42,33.3,0.27
FreeSolv,MFGP,42,33.4,0.27
FreeSolv,MFGP,42,33.5,0.27
FreeSolv,MFGP,42,34.5,0.27
FreeSolv,MFGP,42,34.6,0.27
FreeSolv,MFGP,42,34.7,0.27
FreeSolv,MFGP,42,34.8,0.27
FreeSolv,MFGP,42,34.9,0.27
FreeSolv,MFGP,42,35.0,0.27
FreeSolv,MFGP,42,35.1,0.27
FreeSolv,MFGP,42,35.2,0.27
FreeSolv,MFGP,42,35.3,0.27
FreeSolv,MFGP,42,35.4,0.27
FreeSolv,MFGP,42,35.5,0.27
FreeSolv,MFGP,42,36.5,0.27
FreeSolv,MFGP,42,36.6,0.27
FreeSolv,MFGP,42,36.7,0.27
FreeSolv,MFGP,42,36.8,0.27
FreeSolv,MFGP,42,36.9,0.27
FreeSolv,MFGP,42,37.0,0.27
FreeSolv,MFGP,42,37.1,0.27
FreeSolv,MFGP,42,37.2,0.27
FreeSolv,MFGP,42,37.3,0.27
FreeSolv,MFGP,42,37.4,0.27
FreeSolv,MFGP,42,37.5,0.27
FreeSolv,MFGP,42,38.5,0.27
FreeSolv,MFGP,42,38.6,0.27
FreeSolv,MFGP,42,38.7,0.27
FreeSolv,MFGP,42,38.8,0.27
FreeSolv,MFGP,42,38.9,0.27
FreeSolv,MFGP,42,39.0,0.27
FreeSolv,MFGP,42,39.1,0.27
FreeSolv,MFGP,42,39.2,0.27
FreeSolv,MFGP,42,39.3,0.27
FreeSolv,MFGP,42,39.4,0.27
FreeSolv,MFGP,42,39.5,0.27
FreeSolv,MFGP,42,40.5,0.27
FreeSolv,MFGP,42,40.6,0.27
FreeSolv,MFGP,42,40.7,0.27
FreeSolv,MFGP,42,40.8,0.27
FreeSolv,MFGP,42,40.9,0.27
FreeSolv,MFGP,42,41.0,0.27
FreeSolv,MFGP,42,41.1,0.27
FreeSolv,MFGP,42,41.2,0.27
FreeSolv,MFGP,42,41.3,0.27
FreeSolv,MFGP,42,41.4,0.27
FreeSolv,MFGP,42,41.5,0.27
FreeSolv,MFGP,42,42.5,0.27
FreeSolv,MFGP,42,42.6,0.27
FreeSolv,MFGP,42,42.7,0.27
FreeSolv,MFGP,42,42.8,0.27
FreeSolv,MFGP,42,42.9,0.27
FreeSolv,MFGP,42,43.0,0.27
FreeSolv,MFGP,42,43.1,0.27
FreeSolv,MFGP,42,43.2,0.27
FreeSolv,MFGP,42,43.3,0.27
FreeSolv,MFGP,42,43.4,0.27
FreeSolv,MFGP,42,43.5,0.27
FreeSolv,MFGP,42,44.5,0.27
FreeSolv,MFGP,42,44.6,0.27
FreeSolv,MFGP,42,44.7,0.27
FreeSolv,MFGP,42,44.8,0.27
FreeSolv,MFGP,42,44.9,0.27
FreeSolv,MFGP,42,45.0,0.27
FreeSolv,MFGP,42,45.1,0.27
FreeSolv,MFGP,42,45.2,0.27
FreeSolv,MFGP,42,45.3,0.27
FreeSolv,MFGP,42,45.4,0.27
FreeSolv,MFGP,42,45.5,0.27
FreeSolv,MFGP,42,46.5,0.27
FreeSolv,MFGP,42,46.6,0.27
FreeSolv,MFGP,42,46.7,0.27
FreeSolv,MFGP,42,46.8,0.27
FreeSolv,MFGP,42,46.9,0.27
FreeSolv,MFGP,42,47.0,0.27
FreeSolv,MFGP,42,47.1,0.27
FreeSolv,MFGP,42,47.2,0.27
FreeSolv,MFGP,42,47.3,0.27
FreeSolv,MFGP,42,47.4,0.27
FreeSolv,MFGP,42,47.5,0.27
FreeSolv,MFGP,42,48.5,0.27
FreeSolv,MFGP,42,48.6,0.27
FreeSolv,MFGP,42,48.7,0.27
FreeSolv,MFGP,42,48.8,0.27
FreeSolv,MFGP,42,48.9,0.27
FreeSolv,MFGP,42,49.0,0.27
FreeSolv,MFGP,42,49.1,0.27
FreeSolv,MFGP,42,49.2,0.27
FreeSolv,MFGP,42,49.3,0.27
FreeSolv,MFGP,42,49.4,0.27
FreeSolv,MFGP,42,49.5,0.27
FreeSolv,MFGP,42,49.6,0.27
FreeSolv,MFGP,42,49.7,0.27
FreeSolv,MFGP,42,49.8,0.27
FreeSolv,MFGP,42,49.9,0.27
FreeSolv,MFGP,43,4.5,5.58
FreeSolv,MFGP,43,4.6,5.58
FreeSolv,MFGP,43,4.7,5.58
FreeSolv,MFGP,43,4.8,5.58
FreeSolv,MFGP,43,4.9,5.58
FreeSolv,MFGP,43,5.0,5.58
FreeSolv,MFGP,43,5.1,5.58
FreeSolv,MFGP,43,5.2,5.58
FreeSolv,MFGP,43,5.3,5.58
FreeSolv,MFGP,43,5.4,5.58
FreeSolv,MFGP,43,5.5,5.58
FreeSolv,MFGP,43,6.5,5.58
FreeSolv,MFGP,43,6.6,5.58
FreeSolv,MFGP,43,6.7,5.58
FreeSolv,MFGP,43,6.8,5.58
FreeSolv,MFGP,43,6.9,5.58
FreeSolv,MFGP,43,7.0,5.58
FreeSolv,MFGP,43,7.1,5.58
FreeSolv,MFGP,43,7.2,5.58
FreeSolv,MFGP,43,7.3,5.58
FreeSolv,MFGP,43,7.4,5.58
FreeSolv,MFGP,43,7.5,5.58
FreeSolv,MFGP,43,8.5,5.58
FreeSolv,MFGP,43,8.6,5.58
FreeSolv,MFGP,43,8.7,5.58
FreeSolv,MFGP,43,8.8,5.58
FreeSolv,MFGP,43,8.9,5.58
FreeSolv,MFGP,43,9.0,5.58
FreeSolv,MFGP,43,9.1,5.58
FreeSolv,MFGP,43,9.2,5.58
FreeSolv,MFGP,43,9.3,5.58
FreeSolv,MFGP,43,9.4,5.58
FreeSolv,MFGP,43,9.5,5.58
FreeSolv,MFGP,43,10.5,5.58
FreeSolv,MFGP,43,10.6,5.58
FreeSolv,MFGP,43,10.7,5.58
FreeSolv,MFGP,43,10.8,5.58
FreeSolv,MFGP,43,10.9,5.58
FreeSolv,MFGP,43,11.0,5.58
FreeSolv,MFGP,43,11.1,5.58
FreeSolv,MFGP,43,11.2,5.58
FreeSolv,MFGP,43,11.3,5.58
FreeSolv,MFGP,43,11.4,5.58
FreeSolv,MFGP,43,11.5,5.58
FreeSolv,MFGP,43,12.5,5.58
FreeSolv,MFGP,43,12.6,5.58
FreeSolv,MFGP,43,12.7,5.58
FreeSolv,MFGP,43,12.8,5.58
FreeSolv,MFGP,43,12.9,5.58
FreeSolv,MFGP,43,13.0,5.58
FreeSolv,MFGP,43,13.1,5.58
FreeSolv,MFGP,43,13.2,5.58
FreeSolv,MFGP,43,13.3,5.58
FreeSolv,MFGP,43,13.4,5.58
FreeSolv,MFGP,43,13.5,5.58
FreeSolv,MFGP,43,14.5,5.58
FreeSolv,MFGP,43,14.6,5.58
FreeSolv,MFGP,43,14.7,5.58
FreeSolv,MFGP,43,14.8,5.58
FreeSolv,MFGP,43,14.9,5.58
FreeSolv,MFGP,43,15.0,5.58
FreeSolv,MFGP,43,15.1,5.58
FreeSolv,MFGP,43,15.2,5.58
FreeSolv,MFGP,43,15.3,5.58
FreeSolv,MFGP,43,15.4,5.58
FreeSolv,MFGP,43,15.5,5.58
FreeSolv,MFGP,43,16.5,5.36
FreeSolv,MFGP,43,16.6,5.36
FreeSolv,MFGP,43,16.7,5.36
FreeSolv,MFGP,43,16.8,5.36
FreeSolv,MFGP,43,16.9,5.36
FreeSolv,MFGP,43,17.0,5.36
FreeSolv,MFGP,43,17.1,5.36
FreeSolv,MFGP,43,17.2,5.36
FreeSolv,MFGP,43,17.3,5.36
FreeSolv,MFGP,43,17.4,5.36
FreeSolv,MFGP,43,17.5,5.36
FreeSolv,MFGP,43,18.5,3.96
FreeSolv,MFGP,43,18.6,3.96
FreeSolv,MFGP,43,18.7,3.96
FreeSolv,MFGP,43,18.8,3.96
FreeSolv,MFGP,43,18.9,3.96
FreeSolv,MFGP,43,19.0,3.96
FreeSolv,MFGP,43,19.1,3.96
FreeSolv,MFGP,43,19.2,3.96
FreeSolv,MFGP,43,19.3,3.96
FreeSolv,MFGP,43,19.4,3.96
FreeSolv,MFGP,43,19.5,3.96
FreeSolv,MFGP,43,20.5,3.96
FreeSolv,MFGP,43,20.6,3.96
FreeSolv,MFGP,43,20.7,3.96
FreeSolv,MFGP,43,20.8,3.96
FreeSolv,MFGP,43,20.9,3.96
FreeSolv,MFGP,43,21.0,3.96
FreeSolv,MFGP,43,21.1,3.96
FreeSolv,MFGP,43,21.2,3.96
FreeSolv,MFGP,43,21.3,3.96
FreeSolv,MFGP,43,21.4,3.96
FreeSolv,MFGP,43,21.5,3.96
FreeSolv,MFGP,43,22.5,1.7500000000000002
FreeSolv,MFGP,43,22.6,1.7500000000000002
FreeSolv,MFGP,43,22.7,1.7500000000000002
FreeSolv,MFGP,43,22.8,1.7500000000000002
FreeSolv,MFGP,43,22.9,1.7500000000000002
FreeSolv,MFGP,43,23.0,1.7500000000000002
FreeSolv,MFGP,43,23.1,1.7500000000000002
FreeSolv,MFGP,43,23.2,1.7500000000000002
FreeSolv,MFGP,43,23.3,1.7500000000000002
FreeSolv,MFGP,43,23.4,1.7500000000000002
FreeSolv,MFGP,43,23.5,1.7500000000000002
FreeSolv,MFGP,43,24.5,0.8700000000000001
FreeSolv,MFGP,43,24.6,0.8700000000000001
FreeSolv,MFGP,43,24.7,0.8700000000000001
FreeSolv,MFGP,43,24.8,0.8700000000000001
FreeSolv,MFGP,43,24.9,0.8700000000000001
FreeSolv,MFGP,43,25.0,0.8700000000000001
FreeSolv,MFGP,43,25.1,0.8700000000000001
FreeSolv,MFGP,43,25.2,0.8700000000000001
FreeSolv,MFGP,43,25.3,0.8700000000000001
FreeSolv,MFGP,43,25.4,0.8700000000000001
FreeSolv,MFGP,43,25.5,0.8700000000000001
FreeSolv,MFGP,43,26.5,0.8700000000000001
FreeSolv,MFGP,43,26.6,0.8700000000000001
FreeSolv,MFGP,43,26.7,0.8700000000000001
FreeSolv,MFGP,43,26.8,0.8700000000000001
FreeSolv,MFGP,43,26.9,0.8700000000000001
FreeSolv,MFGP,43,27.0,0.8700000000000001
FreeSolv,MFGP,43,27.1,0.8700000000000001
FreeSolv,MFGP,43,27.2,0.8700000000000001
FreeSolv,MFGP,43,27.3,0.8700000000000001
FreeSolv,MFGP,43,27.4,0.8700000000000001
FreeSolv,MFGP,43,27.5,0.8700000000000001
FreeSolv,MFGP,43,28.5,0.8700000000000001
FreeSolv,MFGP,43,28.6,0.8700000000000001
FreeSolv,MFGP,43,28.7,0.8700000000000001
FreeSolv,MFGP,43,28.8,0.8700000000000001
FreeSolv,MFGP,43,28.9,0.8700000000000001
FreeSolv,MFGP,43,29.0,0.8700000000000001
FreeSolv,MFGP,43,29.1,0.8700000000000001
FreeSolv,MFGP,43,29.2,0.8700000000000001
FreeSolv,MFGP,43,29.3,0.8700000000000001
FreeSolv,MFGP,43,29.4,0.8700000000000001
FreeSolv,MFGP,43,29.5,0.8700000000000001
FreeSolv,MFGP,43,30.5,0.8700000000000001
FreeSolv,MFGP,43,30.6,0.8700000000000001
FreeSolv,MFGP,43,30.7,0.8700000000000001
FreeSolv,MFGP,43,30.8,0.8700000000000001
FreeSolv,MFGP,43,30.9,0.8700000000000001
FreeSolv,MFGP,43,31.0,0.8700000000000001
FreeSolv,MFGP,43,31.1,0.8700000000000001
FreeSolv,MFGP,43,31.2,0.8700000000000001
FreeSolv,MFGP,43,31.3,0.8700000000000001
FreeSolv,MFGP,43,31.4,0.8700000000000001
FreeSolv,MFGP,43,31.5,0.8700000000000001
FreeSolv,MFGP,43,32.5,0.8700000000000001
FreeSolv,MFGP,43,32.6,0.8700000000000001
FreeSolv,MFGP,43,32.7,0.8700000000000001
FreeSolv,MFGP,43,32.8,0.8700000000000001
FreeSolv,MFGP,43,32.9,0.8700000000000001
FreeSolv,MFGP,43,33.0,0.8700000000000001
FreeSolv,MFGP,43,33.1,0.8700000000000001
FreeSolv,MFGP,43,33.2,0.8700000000000001
FreeSolv,MFGP,43,33.3,0.8700000000000001
FreeSolv,MFGP,43,33.4,0.8700000000000001
FreeSolv,MFGP,43,33.5,0.8700000000000001
FreeSolv,MFGP,43,34.5,0.8700000000000001
FreeSolv,MFGP,43,34.6,0.8700000000000001
FreeSolv,MFGP,43,34.7,0.8700000000000001
FreeSolv,MFGP,43,34.8,0.8700000000000001
FreeSolv,MFGP,43,34.9,0.8700000000000001
FreeSolv,MFGP,43,35.0,0.8700000000000001
FreeSolv,MFGP,43,35.1,0.8700000000000001
FreeSolv,MFGP,43,35.2,0.8700000000000001
FreeSolv,MFGP,43,35.3,0.8700000000000001
FreeSolv,MFGP,43,35.4,0.8700000000000001
FreeSolv,MFGP,43,35.5,0.8700000000000001
FreeSolv,MFGP,43,36.5,0.8700000000000001
FreeSolv,MFGP,43,36.6,0.8700000000000001
FreeSolv,MFGP,43,36.7,0.8700000000000001
FreeSolv,MFGP,43,36.8,0.8700000000000001
FreeSolv,MFGP,43,36.9,0.8700000000000001
FreeSolv,MFGP,43,37.0,0.8700000000000001
FreeSolv,MFGP,43,37.1,0.8700000000000001
FreeSolv,MFGP,43,37.2,0.8700000000000001
FreeSolv,MFGP,43,37.3,0.8700000000000001
FreeSolv,MFGP,43,37.4,0.8700000000000001
FreeSolv,MFGP,43,37.5,0.8700000000000001
FreeSolv,MFGP,43,38.5,0.8700000000000001
FreeSolv,MFGP,43,38.6,0.8700000000000001
FreeSolv,MFGP,43,38.7,0.8700000000000001
FreeSolv,MFGP,43,38.8,0.8700000000000001
FreeSolv,MFGP,43,38.9,0.8700000000000001
FreeSolv,MFGP,43,39.0,0.8700000000000001
FreeSolv,MFGP,43,39.1,0.8700000000000001
FreeSolv,MFGP,43,39.2,0.8700000000000001
FreeSolv,MFGP,43,39.3,0.8700000000000001
FreeSolv,MFGP,43,39.4,0.8700000000000001
FreeSolv,MFGP,43,39.5,0.8700000000000001
FreeSolv,MFGP,43,40.5,0.8700000000000001
FreeSolv,MFGP,43,40.6,0.8700000000000001
FreeSolv,MFGP,43,40.7,0.8700000000000001
FreeSolv,MFGP,43,40.8,0.8700000000000001
FreeSolv,MFGP,43,40.9,0.8700000000000001
FreeSolv,MFGP,43,41.0,0.8700000000000001
FreeSolv,MFGP,43,41.1,0.8700000000000001
FreeSolv,MFGP,43,41.2,0.8700000000000001
FreeSolv,MFGP,43,41.3,0.8700000000000001
FreeSolv,MFGP,43,41.4,0.8700000000000001
FreeSolv,MFGP,43,41.5,0.8700000000000001
FreeSolv,MFGP,43,42.5,0.8700000000000001
FreeSolv,MFGP,43,42.6,0.8700000000000001
FreeSolv,MFGP,43,42.7,0.8700000000000001
FreeSolv,MFGP,43,42.8,0.8700000000000001
FreeSolv,MFGP,43,42.9,0.8700000000000001
FreeSolv,MFGP,43,43.0,0.8700000000000001
FreeSolv,MFGP,43,43.1,0.8700000000000001
FreeSolv,MFGP,43,43.2,0.8700000000000001
FreeSolv,MFGP,43,43.3,0.8700000000000001
FreeSolv,MFGP,43,43.4,0.8700000000000001
FreeSolv,MFGP,43,43.5,0.8700000000000001
FreeSolv,MFGP,43,44.5,0.8700000000000001
FreeSolv,MFGP,43,44.6,0.8700000000000001
FreeSolv,MFGP,43,44.7,0.8700000000000001
FreeSolv,MFGP,43,44.8,0.8700000000000001
FreeSolv,MFGP,43,44.9,0.8700000000000001
FreeSolv,MFGP,43,45.0,0.8700000000000001
FreeSolv,MFGP,43,45.1,0.8700000000000001
FreeSolv,MFGP,43,45.2,0.8700000000000001
FreeSolv,MFGP,43,45.3,0.8700000000000001
FreeSolv,MFGP,43,45.4,0.8700000000000001
FreeSolv,MFGP,43,45.5,0.8700000000000001
FreeSolv,MFGP,43,46.5,0.8700000000000001
FreeSolv,MFGP,43,46.6,0.8700000000000001
FreeSolv,MFGP,43,46.7,0.8700000000000001
FreeSolv,MFGP,43,46.8,0.8700000000000001
FreeSolv,MFGP,43,46.9,0.8700000000000001
FreeSolv,MFGP,43,47.0,0.8700000000000001
FreeSolv,MFGP,43,47.1,0.8700000000000001
FreeSolv,MFGP,43,47.2,0.8700000000000001
FreeSolv,MFGP,43,47.3,0.8700000000000001
FreeSolv,MFGP,43,47.4,0.8700000000000001
FreeSolv,MFGP,43,47.5,0.8700000000000001
FreeSolv,MFGP,43,48.5,0.8700000000000001
FreeSolv,MFGP,43,48.6,0.8700000000000001
FreeSolv,MFGP,43,48.7,0.8700000000000001
FreeSolv,MFGP,43,48.8,0.8700000000000001
FreeSolv,MFGP,43,48.9,0.8700000000000001
FreeSolv,MFGP,43,49.0,0.8700000000000001
FreeSolv,MFGP,43,49.1,0.8700000000000001
FreeSolv,MFGP,43,49.2,0.8700000000000001
FreeSolv,MFGP,43,49.3,0.8700000000000001
FreeSolv,MFGP,43,49.4,0.8700000000000001
FreeSolv,MFGP,43,49.5,0.8700000000000001
FreeSolv,MFGP,43,49.6,0.8700000000000001
FreeSolv,MFGP,43,49.7,0.8700000000000001
FreeSolv,MFGP,43,49.8,0.8700000000000001
FreeSolv,MFGP,43,49.9,0.8700000000000001
FreeSolv,MFGP,44,4.5,8.65
FreeSolv,MFGP,44,4.6,8.65
FreeSolv,MFGP,44,4.7,8.65
FreeSolv,MFGP,44,4.8,8.65
FreeSolv,MFGP,44,4.9,8.65
FreeSolv,MFGP,44,5.0,8.65
FreeSolv,MFGP,44,5.1,8.65
FreeSolv,MFGP,44,5.2,8.65
FreeSolv,MFGP,44,5.3,8.65
FreeSolv,MFGP,44,5.4,8.65
FreeSolv,MFGP,44,5.5,8.65
FreeSolv,MFGP,44,6.5,3.29
FreeSolv,MFGP,44,6.6,3.29
FreeSolv,MFGP,44,6.7,3.29
FreeSolv,MFGP,44,6.8,3.29
FreeSolv,MFGP,44,6.9,3.29
FreeSolv,MFGP,44,7.0,3.29
FreeSolv,MFGP,44,7.1,3.29
FreeSolv,MFGP,44,7.2,3.29
FreeSolv,MFGP,44,7.3,3.29
FreeSolv,MFGP,44,7.4,3.29
FreeSolv,MFGP,44,7.5,3.29
FreeSolv,MFGP,44,8.5,1.1300000000000003
FreeSolv,MFGP,44,8.6,1.1300000000000003
FreeSolv,MFGP,44,8.7,1.1300000000000003
FreeSolv,MFGP,44,8.8,1.1300000000000003
FreeSolv,MFGP,44,8.9,1.1300000000000003
FreeSolv,MFGP,44,9.0,1.1300000000000003
FreeSolv,MFGP,44,9.1,1.1300000000000003
FreeSolv,MFGP,44,9.2,1.1300000000000003
FreeSolv,MFGP,44,9.3,1.1300000000000003
FreeSolv,MFGP,44,9.4,1.1300000000000003
FreeSolv,MFGP,44,9.5,1.1300000000000003
FreeSolv,MFGP,44,10.5,0.91
FreeSolv,MFGP,44,10.6,0.91
FreeSolv,MFGP,44,10.7,0.91
FreeSolv,MFGP,44,10.8,0.91
FreeSolv,MFGP,44,10.9,0.91
FreeSolv,MFGP,44,11.0,0.91
FreeSolv,MFGP,44,11.1,0.91
FreeSolv,MFGP,44,11.2,0.91
FreeSolv,MFGP,44,11.3,0.91
FreeSolv,MFGP,44,11.4,0.91
FreeSolv,MFGP,44,11.5,0.91
FreeSolv,MFGP,44,12.5,0.91
FreeSolv,MFGP,44,12.6,0.91
FreeSolv,MFGP,44,12.7,0.91
FreeSolv,MFGP,44,12.8,0.91
FreeSolv,MFGP,44,12.9,0.91
FreeSolv,MFGP,44,13.0,0.91
FreeSolv,MFGP,44,13.1,0.91
FreeSolv,MFGP,44,13.2,0.91
FreeSolv,MFGP,44,13.3,0.91
FreeSolv,MFGP,44,13.4,0.91
FreeSolv,MFGP,44,13.5,0.91
FreeSolv,MFGP,44,14.5,0.91
FreeSolv,MFGP,44,14.6,0.91
FreeSolv,MFGP,44,14.7,0.91
FreeSolv,MFGP,44,14.8,0.91
FreeSolv,MFGP,44,14.9,0.91
FreeSolv,MFGP,44,15.0,0.91
FreeSolv,MFGP,44,15.1,0.91
FreeSolv,MFGP,44,15.2,0.91
FreeSolv,MFGP,44,15.3,0.91
FreeSolv,MFGP,44,15.4,0.91
FreeSolv,MFGP,44,15.5,0.91
FreeSolv,MFGP,44,16.5,0.91
FreeSolv,MFGP,44,16.6,0.91
FreeSolv,MFGP,44,16.7,0.91
FreeSolv,MFGP,44,16.8,0.91
FreeSolv,MFGP,44,16.9,0.91
FreeSolv,MFGP,44,17.0,0.91
FreeSolv,MFGP,44,17.1,0.91
FreeSolv,MFGP,44,17.2,0.91
FreeSolv,MFGP,44,17.3,0.91
FreeSolv,MFGP,44,17.4,0.91
FreeSolv,MFGP,44,17.5,0.91
FreeSolv,MFGP,44,18.5,0.91
FreeSolv,MFGP,44,18.6,0.91
FreeSolv,MFGP,44,18.7,0.91
FreeSolv,MFGP,44,18.8,0.91
FreeSolv,MFGP,44,18.9,0.91
FreeSolv,MFGP,44,19.0,0.91
FreeSolv,MFGP,44,19.1,0.91
FreeSolv,MFGP,44,19.2,0.91
FreeSolv,MFGP,44,19.3,0.91
FreeSolv,MFGP,44,19.4,0.91
FreeSolv,MFGP,44,19.5,0.91
FreeSolv,MFGP,44,20.5,0.91
FreeSolv,MFGP,44,20.6,0.91
FreeSolv,MFGP,44,20.7,0.91
FreeSolv,MFGP,44,20.8,0.91
FreeSolv,MFGP,44,20.9,0.91
FreeSolv,MFGP,44,21.0,0.91
FreeSolv,MFGP,44,21.1,0.91
FreeSolv,MFGP,44,21.2,0.91
FreeSolv,MFGP,44,21.3,0.91
FreeSolv,MFGP,44,21.4,0.91
FreeSolv,MFGP,44,21.5,0.91
FreeSolv,MFGP,44,22.5,0.91
FreeSolv,MFGP,44,22.6,0.91
FreeSolv,MFGP,44,22.7,0.91
FreeSolv,MFGP,44,22.8,0.91
FreeSolv,MFGP,44,22.9,0.91
FreeSolv,MFGP,44,23.0,0.91
FreeSolv,MFGP,44,23.1,0.91
FreeSolv,MFGP,44,23.2,0.91
FreeSolv,MFGP,44,23.3,0.91
FreeSolv,MFGP,44,23.4,0.91
FreeSolv,MFGP,44,23.5,0.91
FreeSolv,MFGP,44,24.5,0.91
FreeSolv,MFGP,44,24.6,0.91
FreeSolv,MFGP,44,24.7,0.91
FreeSolv,MFGP,44,24.8,0.91
FreeSolv,MFGP,44,24.9,0.91
FreeSolv,MFGP,44,25.0,0.91
FreeSolv,MFGP,44,25.1,0.91
FreeSolv,MFGP,44,25.2,0.91
FreeSolv,MFGP,44,25.3,0.91
FreeSolv,MFGP,44,25.4,0.91
FreeSolv,MFGP,44,25.5,0.91
FreeSolv,MFGP,44,26.5,0.91
FreeSolv,MFGP,44,26.6,0.91
FreeSolv,MFGP,44,26.7,0.91
FreeSolv,MFGP,44,26.8,0.91
FreeSolv,MFGP,44,26.9,0.91
FreeSolv,MFGP,44,27.0,0.91
FreeSolv,MFGP,44,27.1,0.91
FreeSolv,MFGP,44,27.2,0.91
FreeSolv,MFGP,44,27.3,0.91
FreeSolv,MFGP,44,27.4,0.91
FreeSolv,MFGP,44,27.5,0.91
FreeSolv,MFGP,44,28.5,0.91
FreeSolv,MFGP,44,28.6,0.91
FreeSolv,MFGP,44,28.7,0.91
FreeSolv,MFGP,44,28.8,0.91
FreeSolv,MFGP,44,28.9,0.91
FreeSolv,MFGP,44,29.0,0.91
FreeSolv,MFGP,44,29.1,0.91
FreeSolv,MFGP,44,29.2,0.91
FreeSolv,MFGP,44,29.3,0.91
FreeSolv,MFGP,44,29.4,0.91
FreeSolv,MFGP,44,29.5,0.91
FreeSolv,MFGP,44,30.5,0.91
FreeSolv,MFGP,44,30.6,0.91
FreeSolv,MFGP,44,30.7,0.91
FreeSolv,MFGP,44,30.8,0.91
FreeSolv,MFGP,44,30.9,0.91
FreeSolv,MFGP,44,31.0,0.91
FreeSolv,MFGP,44,31.1,0.91
FreeSolv,MFGP,44,31.2,0.91
FreeSolv,MFGP,44,31.3,0.91
FreeSolv,MFGP,44,31.4,0.91
FreeSolv,MFGP,44,31.5,0.91
FreeSolv,MFGP,44,32.5,0.91
FreeSolv,MFGP,44,32.6,0.91
FreeSolv,MFGP,44,32.7,0.91
FreeSolv,MFGP,44,32.8,0.91
FreeSolv,MFGP,44,32.9,0.91
FreeSolv,MFGP,44,33.0,0.91
FreeSolv,MFGP,44,33.1,0.91
FreeSolv,MFGP,44,33.2,0.91
FreeSolv,MFGP,44,33.3,0.91
FreeSolv,MFGP,44,33.4,0.91
FreeSolv,MFGP,44,33.5,0.91
FreeSolv,MFGP,44,34.5,0.91
FreeSolv,MFGP,44,34.6,0.91
FreeSolv,MFGP,44,34.7,0.91
FreeSolv,MFGP,44,34.8,0.91
FreeSolv,MFGP,44,34.9,0.91
FreeSolv,MFGP,44,35.0,0.91
FreeSolv,MFGP,44,35.1,0.91
FreeSolv,MFGP,44,35.2,0.91
FreeSolv,MFGP,44,35.3,0.91
FreeSolv,MFGP,44,35.4,0.91
FreeSolv,MFGP,44,35.5,0.91
FreeSolv,MFGP,44,36.5,0.91
FreeSolv,MFGP,44,36.6,0.91
FreeSolv,MFGP,44,36.7,0.91
FreeSolv,MFGP,44,36.8,0.91
FreeSolv,MFGP,44,36.9,0.91
FreeSolv,MFGP,44,37.0,0.91
FreeSolv,MFGP,44,37.1,0.91
FreeSolv,MFGP,44,37.2,0.91
FreeSolv,MFGP,44,37.3,0.91
FreeSolv,MFGP,44,37.4,0.91
FreeSolv,MFGP,44,37.5,0.91
FreeSolv,MFGP,44,38.5,0.91
FreeSolv,MFGP,44,38.6,0.91
FreeSolv,MFGP,44,38.7,0.91
FreeSolv,MFGP,44,38.8,0.91
FreeSolv,MFGP,44,38.9,0.91
FreeSolv,MFGP,44,39.0,0.91
FreeSolv,MFGP,44,39.1,0.91
FreeSolv,MFGP,44,39.2,0.91
FreeSolv,MFGP,44,39.3,0.91
FreeSolv,MFGP,44,39.4,0.91
FreeSolv,MFGP,44,39.5,0.91
FreeSolv,MFGP,44,40.5,0.91
FreeSolv,MFGP,44,40.6,0.91
FreeSolv,MFGP,44,40.7,0.91
FreeSolv,MFGP,44,40.8,0.91
FreeSolv,MFGP,44,40.9,0.91
FreeSolv,MFGP,44,41.0,0.91
FreeSolv,MFGP,44,41.1,0.91
FreeSolv,MFGP,44,41.2,0.91
FreeSolv,MFGP,44,41.3,0.91
FreeSolv,MFGP,44,41.4,0.91
FreeSolv,MFGP,44,41.5,0.91
FreeSolv,MFGP,44,42.5,0.91
FreeSolv,MFGP,44,42.6,0.91
FreeSolv,MFGP,44,42.7,0.91
FreeSolv,MFGP,44,42.8,0.91
FreeSolv,MFGP,44,42.9,0.91
FreeSolv,MFGP,44,43.0,0.91
FreeSolv,MFGP,44,43.1,0.91
FreeSolv,MFGP,44,43.2,0.91
FreeSolv,MFGP,44,43.3,0.91
FreeSolv,MFGP,44,43.4,0.91
FreeSolv,MFGP,44,43.5,0.91
FreeSolv,MFGP,44,44.5,0.91
FreeSolv,MFGP,44,44.6,0.91
FreeSolv,MFGP,44,44.7,0.91
FreeSolv,MFGP,44,44.8,0.91
FreeSolv,MFGP,44,44.9,0.91
FreeSolv,MFGP,44,45.0,0.91
FreeSolv,MFGP,44,45.1,0.91
FreeSolv,MFGP,44,45.2,0.91
FreeSolv,MFGP,44,45.3,0.91
FreeSolv,MFGP,44,45.4,0.91
FreeSolv,MFGP,44,45.5,0.91
FreeSolv,MFGP,44,46.5,0.91
FreeSolv,MFGP,44,46.6,0.91
FreeSolv,MFGP,44,46.7,0.91
FreeSolv,MFGP,44,46.8,0.91
FreeSolv,MFGP,44,46.9,0.91
FreeSolv,MFGP,44,47.0,0.91
FreeSolv,MFGP,44,47.1,0.91
FreeSolv,MFGP,44,47.2,0.91
FreeSolv,MFGP,44,47.3,0.91
FreeSolv,MFGP,44,47.4,0.91
FreeSolv,MFGP,44,47.5,0.91
FreeSolv,MFGP,44,48.5,0.91
FreeSolv,MFGP,44,48.6,0.91
FreeSolv,MFGP,44,48.7,0.91
FreeSolv,MFGP,44,48.8,0.91
FreeSolv,MFGP,44,48.9,0.91
FreeSolv,MFGP,44,49.0,0.91
FreeSolv,MFGP,44,49.1,0.91
FreeSolv,MFGP,44,49.2,0.91
FreeSolv,MFGP,44,49.3,0.91
FreeSolv,MFGP,44,49.4,0.91
FreeSolv,MFGP,44,49.5,0.91
FreeSolv,MFGP,44,49.6,0.91
FreeSolv,MFGP,44,49.7,0.91
FreeSolv,MFGP,44,49.8,0.91
FreeSolv,MFGP,44,49.9,0.91
FreeSolv,MFGP,45,4.5,8.99
FreeSolv,MFGP,45,4.6,8.99
FreeSolv,MFGP,45,4.7,8.99
FreeSolv,MFGP,45,4.8,8.99
FreeSolv,MFGP,45,4.9,8.99
FreeSolv,MFGP,45,5.0,8.99
FreeSolv,MFGP,45,5.1,8.99
FreeSolv,MFGP,45,5.2,8.99
FreeSolv,MFGP,45,5.3,8.99
FreeSolv,MFGP,45,5.4,8.99
FreeSolv,MFGP,45,5.5,8.99
FreeSolv,MFGP,45,6.5,1.7500000000000002
FreeSolv,MFGP,45,6.6,1.7500000000000002
FreeSolv,MFGP,45,6.7,1.7500000000000002
FreeSolv,MFGP,45,6.8,1.7500000000000002
FreeSolv,MFGP,45,6.9,1.7500000000000002
FreeSolv,MFGP,45,7.0,1.7500000000000002
FreeSolv,MFGP,45,7.1,1.7500000000000002
FreeSolv,MFGP,45,7.2,1.7500000000000002
FreeSolv,MFGP,45,7.3,1.7500000000000002
FreeSolv,MFGP,45,7.4,1.7500000000000002
FreeSolv,MFGP,45,7.5,1.7500000000000002
FreeSolv,MFGP,45,8.5,1.7500000000000002
FreeSolv,MFGP,45,8.6,1.7500000000000002
FreeSolv,MFGP,45,8.7,1.7500000000000002
FreeSolv,MFGP,45,8.8,1.7500000000000002
FreeSolv,MFGP,45,8.9,1.7500000000000002
FreeSolv,MFGP,45,9.0,1.7500000000000002
FreeSolv,MFGP,45,9.1,1.7500000000000002
FreeSolv,MFGP,45,9.2,1.7500000000000002
FreeSolv,MFGP,45,9.3,1.7500000000000002
FreeSolv,MFGP,45,9.4,1.7500000000000002
FreeSolv,MFGP,45,9.5,1.7500000000000002
FreeSolv,MFGP,45,10.5,1.37
FreeSolv,MFGP,45,10.6,1.37
FreeSolv,MFGP,45,10.7,1.37
FreeSolv,MFGP,45,10.8,1.37
FreeSolv,MFGP,45,10.9,1.37
FreeSolv,MFGP,45,11.0,1.37
FreeSolv,MFGP,45,11.1,1.37
FreeSolv,MFGP,45,11.2,1.37
FreeSolv,MFGP,45,11.3,1.37
FreeSolv,MFGP,45,11.4,1.37
FreeSolv,MFGP,45,11.5,1.37
FreeSolv,MFGP,45,12.5,1.37
FreeSolv,MFGP,45,12.6,1.37
FreeSolv,MFGP,45,12.7,1.37
FreeSolv,MFGP,45,12.8,1.37
FreeSolv,MFGP,45,12.9,1.37
FreeSolv,MFGP,45,13.0,1.37
FreeSolv,MFGP,45,13.1,1.37
FreeSolv,MFGP,45,13.2,1.37
FreeSolv,MFGP,45,13.3,1.37
FreeSolv,MFGP,45,13.4,1.37
FreeSolv,MFGP,45,13.5,1.37
FreeSolv,MFGP,45,14.5,1.37
FreeSolv,MFGP,45,14.6,1.37
FreeSolv,MFGP,45,14.7,1.37
FreeSolv,MFGP,45,14.8,1.37
FreeSolv,MFGP,45,14.9,1.37
FreeSolv,MFGP,45,15.0,1.37
FreeSolv,MFGP,45,15.1,1.37
FreeSolv,MFGP,45,15.2,1.37
FreeSolv,MFGP,45,15.3,1.37
FreeSolv,MFGP,45,15.4,1.37
FreeSolv,MFGP,45,15.5,1.37
FreeSolv,MFGP,45,16.5,1.37
FreeSolv,MFGP,45,16.6,1.37
FreeSolv,MFGP,45,16.7,1.37
FreeSolv,MFGP,45,16.8,1.37
FreeSolv,MFGP,45,16.9,1.37
FreeSolv,MFGP,45,17.0,1.37
FreeSolv,MFGP,45,17.1,1.37
FreeSolv,MFGP,45,17.2,1.37
FreeSolv,MFGP,45,17.3,1.37
FreeSolv,MFGP,45,17.4,1.37
FreeSolv,MFGP,45,17.5,1.37
FreeSolv,MFGP,45,18.5,1.37
FreeSolv,MFGP,45,18.6,1.37
FreeSolv,MFGP,45,18.7,1.37
FreeSolv,MFGP,45,18.8,1.37
FreeSolv,MFGP,45,18.9,1.37
FreeSolv,MFGP,45,19.0,1.37
FreeSolv,MFGP,45,19.1,1.37
FreeSolv,MFGP,45,19.2,1.37
FreeSolv,MFGP,45,19.3,1.37
FreeSolv,MFGP,45,19.4,1.37
FreeSolv,MFGP,45,19.5,1.37
FreeSolv,MFGP,45,20.5,1.37
FreeSolv,MFGP,45,20.6,1.37
FreeSolv,MFGP,45,20.7,1.37
FreeSolv,MFGP,45,20.8,1.37
FreeSolv,MFGP,45,20.9,1.37
FreeSolv,MFGP,45,21.0,1.37
FreeSolv,MFGP,45,21.1,1.37
FreeSolv,MFGP,45,21.2,1.37
FreeSolv,MFGP,45,21.3,1.37
FreeSolv,MFGP,45,21.4,1.37
FreeSolv,MFGP,45,21.5,1.37
FreeSolv,MFGP,45,22.5,1.37
FreeSolv,MFGP,45,22.6,1.37
FreeSolv,MFGP,45,22.7,1.37
FreeSolv,MFGP,45,22.8,1.37
FreeSolv,MFGP,45,22.9,1.37
FreeSolv,MFGP,45,23.0,1.37
FreeSolv,MFGP,45,23.1,1.37
FreeSolv,MFGP,45,23.2,1.37
FreeSolv,MFGP,45,23.3,1.37
FreeSolv,MFGP,45,23.4,1.37
FreeSolv,MFGP,45,23.5,1.37
FreeSolv,MFGP,45,24.5,1.37
FreeSolv,MFGP,45,24.6,1.37
FreeSolv,MFGP,45,24.7,1.37
FreeSolv,MFGP,45,24.8,1.37
FreeSolv,MFGP,45,24.9,1.37
FreeSolv,MFGP,45,25.0,1.37
FreeSolv,MFGP,45,25.1,1.37
FreeSolv,MFGP,45,25.2,1.37
FreeSolv,MFGP,45,25.3,1.37
FreeSolv,MFGP,45,25.4,1.37
FreeSolv,MFGP,45,25.5,1.37
FreeSolv,MFGP,45,26.5,1.37
FreeSolv,MFGP,45,26.6,1.37
FreeSolv,MFGP,45,26.7,1.37
FreeSolv,MFGP,45,26.8,1.37
FreeSolv,MFGP,45,26.9,1.37
FreeSolv,MFGP,45,27.0,1.37
FreeSolv,MFGP,45,27.1,1.37
FreeSolv,MFGP,45,27.2,1.37
FreeSolv,MFGP,45,27.3,1.37
FreeSolv,MFGP,45,27.4,1.37
FreeSolv,MFGP,45,27.5,1.37
FreeSolv,MFGP,45,28.5,1.37
FreeSolv,MFGP,45,28.6,1.37
FreeSolv,MFGP,45,28.7,1.37
FreeSolv,MFGP,45,28.8,1.37
FreeSolv,MFGP,45,28.9,1.37
FreeSolv,MFGP,45,29.0,1.37
FreeSolv,MFGP,45,29.1,1.37
FreeSolv,MFGP,45,29.2,1.37
FreeSolv,MFGP,45,29.3,1.37
FreeSolv,MFGP,45,29.4,1.37
FreeSolv,MFGP,45,29.5,1.37
FreeSolv,MFGP,45,30.5,1.37
FreeSolv,MFGP,45,30.6,1.37
FreeSolv,MFGP,45,30.7,1.37
FreeSolv,MFGP,45,30.8,1.37
FreeSolv,MFGP,45,30.9,1.37
FreeSolv,MFGP,45,31.0,1.37
FreeSolv,MFGP,45,31.1,1.37
FreeSolv,MFGP,45,31.2,1.37
FreeSolv,MFGP,45,31.3,1.37
FreeSolv,MFGP,45,31.4,1.37
FreeSolv,MFGP,45,31.5,1.37
FreeSolv,MFGP,45,32.5,1.37
FreeSolv,MFGP,45,32.6,1.37
FreeSolv,MFGP,45,32.7,1.37
FreeSolv,MFGP,45,32.8,1.37
FreeSolv,MFGP,45,32.9,1.37
FreeSolv,MFGP,45,33.0,1.37
FreeSolv,MFGP,45,33.1,1.37
FreeSolv,MFGP,45,33.2,1.37
FreeSolv,MFGP,45,33.3,1.37
FreeSolv,MFGP,45,33.4,1.37
FreeSolv,MFGP,45,33.5,1.37
FreeSolv,MFGP,45,34.5,1.37
FreeSolv,MFGP,45,34.6,1.37
FreeSolv,MFGP,45,34.7,1.37
FreeSolv,MFGP,45,34.8,1.37
FreeSolv,MFGP,45,34.9,1.37
FreeSolv,MFGP,45,35.0,1.37
FreeSolv,MFGP,45,35.1,1.37
FreeSolv,MFGP,45,35.2,1.37
FreeSolv,MFGP,45,35.3,1.37
FreeSolv,MFGP,45,35.4,1.37
FreeSolv,MFGP,45,35.5,1.37
FreeSolv,MFGP,45,36.5,1.37
FreeSolv,MFGP,45,36.6,1.37
FreeSolv,MFGP,45,36.7,1.37
FreeSolv,MFGP,45,36.8,1.37
FreeSolv,MFGP,45,36.9,1.37
FreeSolv,MFGP,45,37.0,1.37
FreeSolv,MFGP,45,37.1,1.37
FreeSolv,MFGP,45,37.2,1.37
FreeSolv,MFGP,45,37.3,1.37
FreeSolv,MFGP,45,37.4,1.37
FreeSolv,MFGP,45,37.5,1.37
FreeSolv,MFGP,45,38.5,1.37
FreeSolv,MFGP,45,38.6,1.37
FreeSolv,MFGP,45,38.7,1.37
FreeSolv,MFGP,45,38.8,1.37
FreeSolv,MFGP,45,38.9,1.37
FreeSolv,MFGP,45,39.0,1.37
FreeSolv,MFGP,45,39.1,1.37
FreeSolv,MFGP,45,39.2,1.37
FreeSolv,MFGP,45,39.3,1.37
FreeSolv,MFGP,45,39.4,1.37
FreeSolv,MFGP,45,39.5,1.37
FreeSolv,MFGP,45,40.5,1.37
FreeSolv,MFGP,45,40.6,1.37
FreeSolv,MFGP,45,40.7,1.37
FreeSolv,MFGP,45,40.8,1.37
FreeSolv,MFGP,45,40.9,1.37
FreeSolv,MFGP,45,41.0,1.37
FreeSolv,MFGP,45,41.1,1.37
FreeSolv,MFGP,45,41.2,1.37
FreeSolv,MFGP,45,41.3,1.37
FreeSolv,MFGP,45,41.4,1.37
FreeSolv,MFGP,45,41.5,1.37
FreeSolv,MFGP,45,42.5,1.37
FreeSolv,MFGP,45,42.6,1.37
FreeSolv,MFGP,45,42.7,1.37
FreeSolv,MFGP,45,42.8,1.37
FreeSolv,MFGP,45,42.9,1.37
FreeSolv,MFGP,45,43.0,1.37
FreeSolv,MFGP,45,43.1,1.37
FreeSolv,MFGP,45,43.2,1.37
FreeSolv,MFGP,45,43.3,1.37
FreeSolv,MFGP,45,43.4,1.37
FreeSolv,MFGP,45,43.5,1.37
FreeSolv,MFGP,45,44.5,1.37
FreeSolv,MFGP,45,44.6,1.37
FreeSolv,MFGP,45,44.7,1.37
FreeSolv,MFGP,45,44.8,1.37
FreeSolv,MFGP,45,44.9,1.37
FreeSolv,MFGP,45,45.0,1.37
FreeSolv,MFGP,45,45.1,1.37
FreeSolv,MFGP,45,45.2,1.37
FreeSolv,MFGP,45,45.3,1.37
FreeSolv,MFGP,45,45.4,1.37
FreeSolv,MFGP,45,45.5,1.37
FreeSolv,MFGP,45,46.5,1.37
FreeSolv,MFGP,45,46.6,1.37
FreeSolv,MFGP,45,46.7,1.37
FreeSolv,MFGP,45,46.8,1.37
FreeSolv,MFGP,45,46.9,1.37
FreeSolv,MFGP,45,47.0,1.37
FreeSolv,MFGP,45,47.1,1.37
FreeSolv,MFGP,45,47.2,1.37
FreeSolv,MFGP,45,47.3,1.37
FreeSolv,MFGP,45,47.4,1.37
FreeSolv,MFGP,45,47.5,1.37
FreeSolv,MFGP,45,48.5,1.37
FreeSolv,MFGP,45,48.6,1.37
FreeSolv,MFGP,45,48.7,1.37
FreeSolv,MFGP,45,48.8,1.37
FreeSolv,MFGP,45,48.9,1.37
FreeSolv,MFGP,45,49.0,1.37
FreeSolv,MFGP,45,49.1,1.37
FreeSolv,MFGP,45,49.2,1.37
FreeSolv,MFGP,45,49.3,1.37
FreeSolv,MFGP,45,49.4,1.37
FreeSolv,MFGP,45,49.5,1.37
FreeSolv,MFGP,45,49.6,1.37
FreeSolv,MFGP,45,49.7,1.37
FreeSolv,MFGP,45,49.8,1.37
FreeSolv,MFGP,45,49.9,1.37
FreeSolv,MFGP,46,4.5,13.7
FreeSolv,MFGP,46,4.6,13.7
FreeSolv,MFGP,46,4.7,13.7
FreeSolv,MFGP,46,4.8,13.7
FreeSolv,MFGP,46,4.9,13.7
FreeSolv,MFGP,46,5.0,13.7
FreeSolv,MFGP,46,5.1,13.7
FreeSolv,MFGP,46,5.2,13.7
FreeSolv,MFGP,46,5.3,13.7
FreeSolv,MFGP,46,5.4,13.7
FreeSolv,MFGP,46,5.5,13.7
FreeSolv,MFGP,46,6.5,1.7500000000000002
FreeSolv,MFGP,46,6.6,1.7500000000000002
FreeSolv,MFGP,46,6.7,1.7500000000000002
FreeSolv,MFGP,46,6.8,1.7500000000000002
FreeSolv,MFGP,46,6.9,1.7500000000000002
FreeSolv,MFGP,46,7.0,1.7500000000000002
FreeSolv,MFGP,46,7.1,1.7500000000000002
FreeSolv,MFGP,46,7.2,1.7500000000000002
FreeSolv,MFGP,46,7.3,1.7500000000000002
FreeSolv,MFGP,46,7.4,1.7500000000000002
FreeSolv,MFGP,46,7.5,1.7500000000000002
FreeSolv,MFGP,46,8.5,1.7500000000000002
FreeSolv,MFGP,46,8.6,1.7500000000000002
FreeSolv,MFGP,46,8.7,1.7500000000000002
FreeSolv,MFGP,46,8.8,1.7500000000000002
FreeSolv,MFGP,46,8.9,1.7500000000000002
FreeSolv,MFGP,46,9.0,1.7500000000000002
FreeSolv,MFGP,46,9.1,1.7500000000000002
FreeSolv,MFGP,46,9.2,1.7500000000000002
FreeSolv,MFGP,46,9.3,1.7500000000000002
FreeSolv,MFGP,46,9.4,1.7500000000000002
FreeSolv,MFGP,46,9.5,1.7500000000000002
FreeSolv,MFGP,46,10.5,0.9200000000000004
FreeSolv,MFGP,46,10.6,0.9200000000000004
FreeSolv,MFGP,46,10.7,0.9200000000000004
FreeSolv,MFGP,46,10.8,0.9200000000000004
FreeSolv,MFGP,46,10.9,0.9200000000000004
FreeSolv,MFGP,46,11.0,0.9200000000000004
FreeSolv,MFGP,46,11.1,0.9200000000000004
FreeSolv,MFGP,46,11.2,0.9200000000000004
FreeSolv,MFGP,46,11.3,0.9200000000000004
FreeSolv,MFGP,46,11.4,0.9200000000000004
FreeSolv,MFGP,46,11.5,0.9200000000000004
FreeSolv,MFGP,46,12.5,0.9200000000000004
FreeSolv,MFGP,46,12.6,0.9200000000000004
FreeSolv,MFGP,46,12.7,0.9200000000000004
FreeSolv,MFGP,46,12.8,0.9200000000000004
FreeSolv,MFGP,46,12.9,0.9200000000000004
FreeSolv,MFGP,46,13.0,0.9200000000000004
FreeSolv,MFGP,46,13.1,0.9200000000000004
FreeSolv,MFGP,46,13.2,0.9200000000000004
FreeSolv,MFGP,46,13.3,0.9200000000000004
FreeSolv,MFGP,46,13.4,0.9200000000000004
FreeSolv,MFGP,46,13.5,0.9200000000000004
FreeSolv,MFGP,46,14.5,0.9200000000000004
FreeSolv,MFGP,46,14.6,0.9200000000000004
FreeSolv,MFGP,46,14.7,0.9200000000000004
FreeSolv,MFGP,46,14.8,0.9200000000000004
FreeSolv,MFGP,46,14.9,0.9200000000000004
FreeSolv,MFGP,46,15.0,0.9200000000000004
FreeSolv,MFGP,46,15.1,0.9200000000000004
FreeSolv,MFGP,46,15.2,0.9200000000000004
FreeSolv,MFGP,46,15.3,0.9200000000000004
FreeSolv,MFGP,46,15.4,0.9200000000000004
FreeSolv,MFGP,46,15.5,0.9200000000000004
FreeSolv,MFGP,46,16.5,0.9200000000000004
FreeSolv,MFGP,46,16.6,0.9200000000000004
FreeSolv,MFGP,46,16.7,0.9200000000000004
FreeSolv,MFGP,46,16.8,0.9200000000000004
FreeSolv,MFGP,46,16.9,0.9200000000000004
FreeSolv,MFGP,46,17.0,0.9200000000000004
FreeSolv,MFGP,46,17.1,0.9200000000000004
FreeSolv,MFGP,46,17.2,0.9200000000000004
FreeSolv,MFGP,46,17.3,0.9200000000000004
FreeSolv,MFGP,46,17.4,0.9200000000000004
FreeSolv,MFGP,46,17.5,0.9200000000000004
FreeSolv,MFGP,46,18.5,0.9200000000000004
FreeSolv,MFGP,46,18.6,0.9200000000000004
FreeSolv,MFGP,46,18.7,0.9200000000000004
FreeSolv,MFGP,46,18.8,0.9200000000000004
FreeSolv,MFGP,46,18.9,0.9200000000000004
FreeSolv,MFGP,46,19.0,0.9200000000000004
FreeSolv,MFGP,46,19.1,0.9200000000000004
FreeSolv,MFGP,46,19.2,0.9200000000000004
FreeSolv,MFGP,46,19.3,0.9200000000000004
FreeSolv,MFGP,46,19.4,0.9200000000000004
FreeSolv,MFGP,46,19.5,0.9200000000000004
FreeSolv,MFGP,46,20.5,0.9200000000000004
FreeSolv,MFGP,46,20.6,0.9200000000000004
FreeSolv,MFGP,46,20.7,0.9200000000000004
FreeSolv,MFGP,46,20.8,0.9200000000000004
FreeSolv,MFGP,46,20.9,0.9200000000000004
FreeSolv,MFGP,46,21.0,0.9200000000000004
FreeSolv,MFGP,46,21.1,0.9200000000000004
FreeSolv,MFGP,46,21.2,0.9200000000000004
FreeSolv,MFGP,46,21.3,0.9200000000000004
FreeSolv,MFGP,46,21.4,0.9200000000000004
FreeSolv,MFGP,46,21.5,0.9200000000000004
FreeSolv,MFGP,46,22.5,0.9200000000000004
FreeSolv,MFGP,46,22.6,0.9200000000000004
FreeSolv,MFGP,46,22.7,0.9200000000000004
FreeSolv,MFGP,46,22.8,0.9200000000000004
FreeSolv,MFGP,46,22.9,0.9200000000000004
FreeSolv,MFGP,46,23.0,0.9200000000000004
FreeSolv,MFGP,46,23.1,0.9200000000000004
FreeSolv,MFGP,46,23.2,0.9200000000000004
FreeSolv,MFGP,46,23.3,0.9200000000000004
FreeSolv,MFGP,46,23.4,0.9200000000000004
FreeSolv,MFGP,46,23.5,0.9200000000000004
FreeSolv,MFGP,46,24.5,0.9200000000000004
FreeSolv,MFGP,46,24.6,0.9200000000000004
FreeSolv,MFGP,46,24.7,0.9200000000000004
FreeSolv,MFGP,46,24.8,0.9200000000000004
FreeSolv,MFGP,46,24.9,0.9200000000000004
FreeSolv,MFGP,46,25.0,0.9200000000000004
FreeSolv,MFGP,46,25.1,0.9200000000000004
FreeSolv,MFGP,46,25.2,0.9200000000000004
FreeSolv,MFGP,46,25.3,0.9200000000000004
FreeSolv,MFGP,46,25.4,0.9200000000000004
FreeSolv,MFGP,46,25.5,0.9200000000000004
FreeSolv,MFGP,46,26.5,0.9200000000000004
FreeSolv,MFGP,46,26.6,0.9200000000000004
FreeSolv,MFGP,46,26.7,0.9200000000000004
FreeSolv,MFGP,46,26.8,0.9200000000000004
FreeSolv,MFGP,46,26.9,0.9200000000000004
FreeSolv,MFGP,46,27.0,0.9200000000000004
FreeSolv,MFGP,46,27.1,0.9200000000000004
FreeSolv,MFGP,46,27.2,0.9200000000000004
FreeSolv,MFGP,46,27.3,0.9200000000000004
FreeSolv,MFGP,46,27.4,0.9200000000000004
FreeSolv,MFGP,46,27.5,0.9200000000000004
FreeSolv,MFGP,46,28.5,0.9200000000000004
FreeSolv,MFGP,46,28.6,0.9200000000000004
FreeSolv,MFGP,46,28.7,0.9200000000000004
FreeSolv,MFGP,46,28.8,0.9200000000000004
FreeSolv,MFGP,46,28.9,0.9200000000000004
FreeSolv,MFGP,46,29.0,0.9200000000000004
FreeSolv,MFGP,46,29.1,0.9200000000000004
FreeSolv,MFGP,46,29.2,0.9200000000000004
FreeSolv,MFGP,46,29.3,0.9200000000000004
FreeSolv,MFGP,46,29.4,0.9200000000000004
FreeSolv,MFGP,46,29.5,0.9200000000000004
FreeSolv,MFGP,46,30.5,0.9200000000000004
FreeSolv,MFGP,46,30.6,0.9200000000000004
FreeSolv,MFGP,46,30.7,0.9200000000000004
FreeSolv,MFGP,46,30.8,0.9200000000000004
FreeSolv,MFGP,46,30.9,0.9200000000000004
FreeSolv,MFGP,46,31.0,0.9200000000000004
FreeSolv,MFGP,46,31.1,0.9200000000000004
FreeSolv,MFGP,46,31.2,0.9200000000000004
FreeSolv,MFGP,46,31.3,0.9200000000000004
FreeSolv,MFGP,46,31.4,0.9200000000000004
FreeSolv,MFGP,46,31.5,0.9200000000000004
FreeSolv,MFGP,46,32.5,0.9200000000000004
FreeSolv,MFGP,46,32.6,0.9200000000000004
FreeSolv,MFGP,46,32.7,0.9200000000000004
FreeSolv,MFGP,46,32.8,0.9200000000000004
FreeSolv,MFGP,46,32.9,0.9200000000000004
FreeSolv,MFGP,46,33.0,0.9200000000000004
FreeSolv,MFGP,46,33.1,0.9200000000000004
FreeSolv,MFGP,46,33.2,0.9200000000000004
FreeSolv,MFGP,46,33.3,0.9200000000000004
FreeSolv,MFGP,46,33.4,0.9200000000000004
FreeSolv,MFGP,46,33.5,0.9200000000000004
FreeSolv,MFGP,46,34.5,0.9200000000000004
FreeSolv,MFGP,46,34.6,0.9200000000000004
FreeSolv,MFGP,46,34.7,0.9200000000000004
FreeSolv,MFGP,46,34.8,0.9200000000000004
FreeSolv,MFGP,46,34.9,0.9200000000000004
FreeSolv,MFGP,46,35.0,0.9200000000000004
FreeSolv,MFGP,46,35.1,0.9200000000000004
FreeSolv,MFGP,46,35.2,0.9200000000000004
FreeSolv,MFGP,46,35.3,0.9200000000000004
FreeSolv,MFGP,46,35.4,0.9200000000000004
FreeSolv,MFGP,46,35.5,0.9200000000000004
FreeSolv,MFGP,46,36.5,0.9200000000000004
FreeSolv,MFGP,46,36.6,0.9200000000000004
FreeSolv,MFGP,46,36.7,0.9200000000000004
FreeSolv,MFGP,46,36.8,0.9200000000000004
FreeSolv,MFGP,46,36.9,0.9200000000000004
FreeSolv,MFGP,46,37.0,0.9200000000000004
FreeSolv,MFGP,46,37.1,0.9200000000000004
FreeSolv,MFGP,46,37.2,0.9200000000000004
FreeSolv,MFGP,46,37.3,0.9200000000000004
FreeSolv,MFGP,46,37.4,0.9200000000000004
FreeSolv,MFGP,46,37.5,0.9200000000000004
FreeSolv,MFGP,46,38.5,0.9200000000000004
FreeSolv,MFGP,46,38.6,0.9200000000000004
FreeSolv,MFGP,46,38.7,0.9200000000000004
FreeSolv,MFGP,46,38.8,0.9200000000000004
FreeSolv,MFGP,46,38.9,0.9200000000000004
FreeSolv,MFGP,46,39.0,0.9200000000000004
FreeSolv,MFGP,46,39.1,0.9200000000000004
FreeSolv,MFGP,46,39.2,0.9200000000000004
FreeSolv,MFGP,46,39.3,0.9200000000000004
FreeSolv,MFGP,46,39.4,0.9200000000000004
FreeSolv,MFGP,46,39.5,0.9200000000000004
FreeSolv,MFGP,46,40.5,0.9200000000000004
FreeSolv,MFGP,46,40.6,0.9200000000000004
FreeSolv,MFGP,46,40.7,0.9200000000000004
FreeSolv,MFGP,46,40.8,0.9200000000000004
FreeSolv,MFGP,46,40.9,0.9200000000000004
FreeSolv,MFGP,46,41.0,0.9200000000000004
FreeSolv,MFGP,46,41.1,0.9200000000000004
FreeSolv,MFGP,46,41.2,0.9200000000000004
FreeSolv,MFGP,46,41.3,0.9200000000000004
FreeSolv,MFGP,46,41.4,0.9200000000000004
FreeSolv,MFGP,46,41.5,0.9200000000000004
FreeSolv,MFGP,46,42.5,0.9200000000000004
FreeSolv,MFGP,46,42.6,0.9200000000000004
FreeSolv,MFGP,46,42.7,0.9200000000000004
FreeSolv,MFGP,46,42.8,0.9200000000000004
FreeSolv,MFGP,46,42.9,0.9200000000000004
FreeSolv,MFGP,46,43.0,0.9200000000000004
FreeSolv,MFGP,46,43.1,0.9200000000000004
FreeSolv,MFGP,46,43.2,0.9200000000000004
FreeSolv,MFGP,46,43.3,0.9200000000000004
FreeSolv,MFGP,46,43.4,0.9200000000000004
FreeSolv,MFGP,46,43.5,0.9200000000000004
FreeSolv,MFGP,46,44.5,0.9200000000000004
FreeSolv,MFGP,46,44.6,0.9200000000000004
FreeSolv,MFGP,46,44.7,0.9200000000000004
FreeSolv,MFGP,46,44.8,0.9200000000000004
FreeSolv,MFGP,46,44.9,0.9200000000000004
FreeSolv,MFGP,46,45.0,0.9200000000000004
FreeSolv,MFGP,46,45.1,0.9200000000000004
FreeSolv,MFGP,46,45.2,0.9200000000000004
FreeSolv,MFGP,46,45.3,0.9200000000000004
FreeSolv,MFGP,46,45.4,0.9200000000000004
FreeSolv,MFGP,46,45.5,0.9200000000000004
FreeSolv,MFGP,46,46.5,0.9200000000000004
FreeSolv,MFGP,46,46.6,0.9200000000000004
FreeSolv,MFGP,46,46.7,0.9200000000000004
FreeSolv,MFGP,46,46.8,0.9200000000000004
FreeSolv,MFGP,46,46.9,0.9200000000000004
FreeSolv,MFGP,46,47.0,0.9200000000000004
FreeSolv,MFGP,46,47.1,0.9200000000000004
FreeSolv,MFGP,46,47.2,0.9200000000000004
FreeSolv,MFGP,46,47.3,0.9200000000000004
FreeSolv,MFGP,46,47.4,0.9200000000000004
FreeSolv,MFGP,46,47.5,0.9200000000000004
FreeSolv,MFGP,46,48.5,0.9200000000000004
FreeSolv,MFGP,46,48.6,0.9200000000000004
FreeSolv,MFGP,46,48.7,0.9200000000000004
FreeSolv,MFGP,46,48.8,0.9200000000000004
FreeSolv,MFGP,46,48.9,0.9200000000000004
FreeSolv,MFGP,46,49.0,0.9200000000000004
FreeSolv,MFGP,46,49.1,0.9200000000000004
FreeSolv,MFGP,46,49.2,0.9200000000000004
FreeSolv,MFGP,46,49.3,0.9200000000000004
FreeSolv,MFGP,46,49.4,0.9200000000000004
FreeSolv,MFGP,46,49.5,0.9200000000000004
FreeSolv,MFGP,46,49.6,0.9200000000000004
FreeSolv,MFGP,46,49.7,0.9200000000000004
FreeSolv,MFGP,46,49.8,0.9200000000000004
FreeSolv,MFGP,46,49.9,0.9200000000000004
FreeSolv,MFGP,47,4.5,9.31
FreeSolv,MFGP,47,4.6,9.31
FreeSolv,MFGP,47,4.7,9.31
FreeSolv,MFGP,47,4.8,9.31
FreeSolv,MFGP,47,4.9,9.31
FreeSolv,MFGP,47,5.0,9.31
FreeSolv,MFGP,47,5.1,9.31
FreeSolv,MFGP,47,5.2,9.31
FreeSolv,MFGP,47,5.3,9.31
FreeSolv,MFGP,47,5.4,9.31
FreeSolv,MFGP,47,5.5,9.31
FreeSolv,MFGP,47,6.5,1.7500000000000002
FreeSolv,MFGP,47,6.6,1.7500000000000002
FreeSolv,MFGP,47,6.7,1.7500000000000002
FreeSolv,MFGP,47,6.8,1.7500000000000002
FreeSolv,MFGP,47,6.9,1.7500000000000002
FreeSolv,MFGP,47,7.0,1.7500000000000002
FreeSolv,MFGP,47,7.1,1.7500000000000002
FreeSolv,MFGP,47,7.2,1.7500000000000002
FreeSolv,MFGP,47,7.3,1.7500000000000002
FreeSolv,MFGP,47,7.4,1.7500000000000002
FreeSolv,MFGP,47,7.5,1.7500000000000002
FreeSolv,MFGP,47,8.5,1.7500000000000002
FreeSolv,MFGP,47,8.6,1.7500000000000002
FreeSolv,MFGP,47,8.7,1.7500000000000002
FreeSolv,MFGP,47,8.8,1.7500000000000002
FreeSolv,MFGP,47,8.9,1.7500000000000002
FreeSolv,MFGP,47,9.0,1.7500000000000002
FreeSolv,MFGP,47,9.1,1.7500000000000002
FreeSolv,MFGP,47,9.2,1.7500000000000002
FreeSolv,MFGP,47,9.3,1.7500000000000002
FreeSolv,MFGP,47,9.4,1.7500000000000002
FreeSolv,MFGP,47,9.5,1.7500000000000002
FreeSolv,MFGP,47,10.5,0.9200000000000004
FreeSolv,MFGP,47,10.6,0.9200000000000004
FreeSolv,MFGP,47,10.7,0.9200000000000004
FreeSolv,MFGP,47,10.8,0.9200000000000004
FreeSolv,MFGP,47,10.9,0.9200000000000004
FreeSolv,MFGP,47,11.0,0.9200000000000004
FreeSolv,MFGP,47,11.1,0.9200000000000004
FreeSolv,MFGP,47,11.2,0.9200000000000004
FreeSolv,MFGP,47,11.3,0.9200000000000004
FreeSolv,MFGP,47,11.4,0.9200000000000004
FreeSolv,MFGP,47,11.5,0.9200000000000004
FreeSolv,MFGP,47,12.5,0.9200000000000004
FreeSolv,MFGP,47,12.6,0.9200000000000004
FreeSolv,MFGP,47,12.7,0.9200000000000004
FreeSolv,MFGP,47,12.8,0.9200000000000004
FreeSolv,MFGP,47,12.9,0.9200000000000004
FreeSolv,MFGP,47,13.0,0.9200000000000004
FreeSolv,MFGP,47,13.1,0.9200000000000004
FreeSolv,MFGP,47,13.2,0.9200000000000004
FreeSolv,MFGP,47,13.3,0.9200000000000004
FreeSolv,MFGP,47,13.4,0.9200000000000004
FreeSolv,MFGP,47,13.5,0.9200000000000004
FreeSolv,MFGP,47,14.5,0.9200000000000004
FreeSolv,MFGP,47,14.6,0.9200000000000004
FreeSolv,MFGP,47,14.7,0.9200000000000004
FreeSolv,MFGP,47,14.8,0.9200000000000004
FreeSolv,MFGP,47,14.9,0.9200000000000004
FreeSolv,MFGP,47,15.0,0.9200000000000004
FreeSolv,MFGP,47,15.1,0.9200000000000004
FreeSolv,MFGP,47,15.2,0.9200000000000004
FreeSolv,MFGP,47,15.3,0.9200000000000004
FreeSolv,MFGP,47,15.4,0.9200000000000004
FreeSolv,MFGP,47,15.5,0.9200000000000004
FreeSolv,MFGP,47,16.5,0.9200000000000004
FreeSolv,MFGP,47,16.6,0.9200000000000004
FreeSolv,MFGP,47,16.7,0.9200000000000004
FreeSolv,MFGP,47,16.8,0.9200000000000004
FreeSolv,MFGP,47,16.9,0.9200000000000004
FreeSolv,MFGP,47,17.0,0.9200000000000004
FreeSolv,MFGP,47,17.1,0.9200000000000004
FreeSolv,MFGP,47,17.2,0.9200000000000004
FreeSolv,MFGP,47,17.3,0.9200000000000004
FreeSolv,MFGP,47,17.4,0.9200000000000004
FreeSolv,MFGP,47,17.5,0.9200000000000004
FreeSolv,MFGP,47,18.5,0.9200000000000004
FreeSolv,MFGP,47,18.6,0.9200000000000004
FreeSolv,MFGP,47,18.7,0.9200000000000004
FreeSolv,MFGP,47,18.8,0.9200000000000004
FreeSolv,MFGP,47,18.9,0.9200000000000004
FreeSolv,MFGP,47,19.0,0.9200000000000004
FreeSolv,MFGP,47,19.1,0.9200000000000004
FreeSolv,MFGP,47,19.2,0.9200000000000004
FreeSolv,MFGP,47,19.3,0.9200000000000004
FreeSolv,MFGP,47,19.4,0.9200000000000004
FreeSolv,MFGP,47,19.5,0.9200000000000004
FreeSolv,MFGP,47,20.5,0.9200000000000004
FreeSolv,MFGP,47,20.6,0.9200000000000004
FreeSolv,MFGP,47,20.7,0.9200000000000004
FreeSolv,MFGP,47,20.8,0.9200000000000004
FreeSolv,MFGP,47,20.9,0.9200000000000004
FreeSolv,MFGP,47,21.0,0.9200000000000004
FreeSolv,MFGP,47,21.1,0.9200000000000004
FreeSolv,MFGP,47,21.2,0.9200000000000004
FreeSolv,MFGP,47,21.3,0.9200000000000004
FreeSolv,MFGP,47,21.4,0.9200000000000004
FreeSolv,MFGP,47,21.5,0.9200000000000004
FreeSolv,MFGP,47,22.5,0.9200000000000004
FreeSolv,MFGP,47,22.6,0.9200000000000004
FreeSolv,MFGP,47,22.7,0.9200000000000004
FreeSolv,MFGP,47,22.8,0.9200000000000004
FreeSolv,MFGP,47,22.9,0.9200000000000004
FreeSolv,MFGP,47,23.0,0.9200000000000004
FreeSolv,MFGP,47,23.1,0.9200000000000004
FreeSolv,MFGP,47,23.2,0.9200000000000004
FreeSolv,MFGP,47,23.3,0.9200000000000004
FreeSolv,MFGP,47,23.4,0.9200000000000004
FreeSolv,MFGP,47,23.5,0.9200000000000004
FreeSolv,MFGP,47,24.5,0.9200000000000004
FreeSolv,MFGP,47,24.6,0.9200000000000004
FreeSolv,MFGP,47,24.7,0.9200000000000004
FreeSolv,MFGP,47,24.8,0.9200000000000004
FreeSolv,MFGP,47,24.9,0.9200000000000004
FreeSolv,MFGP,47,25.0,0.9200000000000004
FreeSolv,MFGP,47,25.1,0.9200000000000004
FreeSolv,MFGP,47,25.2,0.9200000000000004
FreeSolv,MFGP,47,25.3,0.9200000000000004
FreeSolv,MFGP,47,25.4,0.9200000000000004
FreeSolv,MFGP,47,25.5,0.9200000000000004
FreeSolv,MFGP,47,26.5,0.9200000000000004
FreeSolv,MFGP,47,26.6,0.9200000000000004
FreeSolv,MFGP,47,26.7,0.9200000000000004
FreeSolv,MFGP,47,26.8,0.9200000000000004
FreeSolv,MFGP,47,26.9,0.9200000000000004
FreeSolv,MFGP,47,27.0,0.9200000000000004
FreeSolv,MFGP,47,27.1,0.9200000000000004
FreeSolv,MFGP,47,27.2,0.9200000000000004
FreeSolv,MFGP,47,27.3,0.9200000000000004
FreeSolv,MFGP,47,27.4,0.9200000000000004
FreeSolv,MFGP,47,27.5,0.9200000000000004
FreeSolv,MFGP,47,28.5,0.9200000000000004
FreeSolv,MFGP,47,28.6,0.9200000000000004
FreeSolv,MFGP,47,28.7,0.9200000000000004
FreeSolv,MFGP,47,28.8,0.9200000000000004
FreeSolv,MFGP,47,28.9,0.9200000000000004
FreeSolv,MFGP,47,29.0,0.9200000000000004
FreeSolv,MFGP,47,29.1,0.9200000000000004
FreeSolv,MFGP,47,29.2,0.9200000000000004
FreeSolv,MFGP,47,29.3,0.9200000000000004
FreeSolv,MFGP,47,29.4,0.9200000000000004
FreeSolv,MFGP,47,29.5,0.9200000000000004
FreeSolv,MFGP,47,30.5,0.9200000000000004
FreeSolv,MFGP,47,30.6,0.9200000000000004
FreeSolv,MFGP,47,30.7,0.9200000000000004
FreeSolv,MFGP,47,30.8,0.9200000000000004
FreeSolv,MFGP,47,30.9,0.9200000000000004
FreeSolv,MFGP,47,31.0,0.9200000000000004
FreeSolv,MFGP,47,31.1,0.9200000000000004
FreeSolv,MFGP,47,31.2,0.9200000000000004
FreeSolv,MFGP,47,31.3,0.9200000000000004
FreeSolv,MFGP,47,31.4,0.9200000000000004
FreeSolv,MFGP,47,31.5,0.9200000000000004
FreeSolv,MFGP,47,32.5,0.9200000000000004
FreeSolv,MFGP,47,32.6,0.9200000000000004
FreeSolv,MFGP,47,32.7,0.9200000000000004
FreeSolv,MFGP,47,32.8,0.9200000000000004
FreeSolv,MFGP,47,32.9,0.9200000000000004
FreeSolv,MFGP,47,33.0,0.9200000000000004
FreeSolv,MFGP,47,33.1,0.9200000000000004
FreeSolv,MFGP,47,33.2,0.9200000000000004
FreeSolv,MFGP,47,33.3,0.9200000000000004
FreeSolv,MFGP,47,33.4,0.9200000000000004
FreeSolv,MFGP,47,33.5,0.9200000000000004
FreeSolv,MFGP,47,34.5,0.9200000000000004
FreeSolv,MFGP,47,34.6,0.9200000000000004
FreeSolv,MFGP,47,34.7,0.9200000000000004
FreeSolv,MFGP,47,34.8,0.9200000000000004
FreeSolv,MFGP,47,34.9,0.9200000000000004
FreeSolv,MFGP,47,35.0,0.9200000000000004
FreeSolv,MFGP,47,35.1,0.9200000000000004
FreeSolv,MFGP,47,35.2,0.9200000000000004
FreeSolv,MFGP,47,35.3,0.9200000000000004
FreeSolv,MFGP,47,35.4,0.9200000000000004
FreeSolv,MFGP,47,35.5,0.9200000000000004
FreeSolv,MFGP,47,36.5,0.9200000000000004
FreeSolv,MFGP,47,36.6,0.9200000000000004
FreeSolv,MFGP,47,36.7,0.9200000000000004
FreeSolv,MFGP,47,36.8,0.9200000000000004
FreeSolv,MFGP,47,36.9,0.9200000000000004
FreeSolv,MFGP,47,37.0,0.9200000000000004
FreeSolv,MFGP,47,37.1,0.9200000000000004
FreeSolv,MFGP,47,37.2,0.9200000000000004
FreeSolv,MFGP,47,37.3,0.9200000000000004
FreeSolv,MFGP,47,37.4,0.9200000000000004
FreeSolv,MFGP,47,37.5,0.9200000000000004
FreeSolv,MFGP,47,38.5,0.9200000000000004
FreeSolv,MFGP,47,38.6,0.9200000000000004
FreeSolv,MFGP,47,38.7,0.9200000000000004
FreeSolv,MFGP,47,38.8,0.9200000000000004
FreeSolv,MFGP,47,38.9,0.9200000000000004
FreeSolv,MFGP,47,39.0,0.9200000000000004
FreeSolv,MFGP,47,39.1,0.9200000000000004
FreeSolv,MFGP,47,39.2,0.9200000000000004
FreeSolv,MFGP,47,39.3,0.9200000000000004
FreeSolv,MFGP,47,39.4,0.9200000000000004
FreeSolv,MFGP,47,39.5,0.9200000000000004
FreeSolv,MFGP,47,40.5,0.9200000000000004
FreeSolv,MFGP,47,40.6,0.9200000000000004
FreeSolv,MFGP,47,40.7,0.9200000000000004
FreeSolv,MFGP,47,40.8,0.9200000000000004
FreeSolv,MFGP,47,40.9,0.9200000000000004
FreeSolv,MFGP,47,41.0,0.9200000000000004
FreeSolv,MFGP,47,41.1,0.9200000000000004
FreeSolv,MFGP,47,41.2,0.9200000000000004
FreeSolv,MFGP,47,41.3,0.9200000000000004
FreeSolv,MFGP,47,41.4,0.9200000000000004
FreeSolv,MFGP,47,41.5,0.9200000000000004
FreeSolv,MFGP,47,42.5,0.9200000000000004
FreeSolv,MFGP,47,42.6,0.9200000000000004
FreeSolv,MFGP,47,42.7,0.9200000000000004
FreeSolv,MFGP,47,42.8,0.9200000000000004
FreeSolv,MFGP,47,42.9,0.9200000000000004
FreeSolv,MFGP,47,43.0,0.9200000000000004
FreeSolv,MFGP,47,43.1,0.9200000000000004
FreeSolv,MFGP,47,43.2,0.9200000000000004
FreeSolv,MFGP,47,43.3,0.9200000000000004
FreeSolv,MFGP,47,43.4,0.9200000000000004
FreeSolv,MFGP,47,43.5,0.9200000000000004
FreeSolv,MFGP,47,44.5,0.9200000000000004
FreeSolv,MFGP,47,44.6,0.9200000000000004
FreeSolv,MFGP,47,44.7,0.9200000000000004
FreeSolv,MFGP,47,44.8,0.9200000000000004
FreeSolv,MFGP,47,44.9,0.9200000000000004
FreeSolv,MFGP,47,45.0,0.9200000000000004
FreeSolv,MFGP,47,45.1,0.9200000000000004
FreeSolv,MFGP,47,45.2,0.9200000000000004
FreeSolv,MFGP,47,45.3,0.9200000000000004
FreeSolv,MFGP,47,45.4,0.9200000000000004
FreeSolv,MFGP,47,45.5,0.9200000000000004
FreeSolv,MFGP,47,46.5,0.9200000000000004
FreeSolv,MFGP,47,46.6,0.9200000000000004
FreeSolv,MFGP,47,46.7,0.9200000000000004
FreeSolv,MFGP,47,46.8,0.9200000000000004
FreeSolv,MFGP,47,46.9,0.9200000000000004
FreeSolv,MFGP,47,47.0,0.9200000000000004
FreeSolv,MFGP,47,47.1,0.9200000000000004
FreeSolv,MFGP,47,47.2,0.9200000000000004
FreeSolv,MFGP,47,47.3,0.9200000000000004
FreeSolv,MFGP,47,47.4,0.9200000000000004
FreeSolv,MFGP,47,47.5,0.9200000000000004
FreeSolv,MFGP,47,48.5,0.9200000000000004
FreeSolv,MFGP,47,48.6,0.9200000000000004
FreeSolv,MFGP,47,48.7,0.9200000000000004
FreeSolv,MFGP,47,48.8,0.9200000000000004
FreeSolv,MFGP,47,48.9,0.9200000000000004
FreeSolv,MFGP,47,49.0,0.9200000000000004
FreeSolv,MFGP,47,49.1,0.9200000000000004
FreeSolv,MFGP,47,49.2,0.9200000000000004
FreeSolv,MFGP,47,49.3,0.9200000000000004
FreeSolv,MFGP,47,49.4,0.9200000000000004
FreeSolv,MFGP,47,49.5,0.9200000000000004
FreeSolv,MFGP,47,49.6,0.9200000000000004
FreeSolv,MFGP,47,49.7,0.9200000000000004
FreeSolv,MFGP,47,49.8,0.9200000000000004
FreeSolv,MFGP,47,49.9,0.9200000000000004
FreeSolv,MFGP,48,4.5,8.99
FreeSolv,MFGP,48,4.6,8.99
FreeSolv,MFGP,48,4.7,8.99
FreeSolv,MFGP,48,4.8,8.99
FreeSolv,MFGP,48,4.9,8.99
FreeSolv,MFGP,48,5.0,8.99
FreeSolv,MFGP,48,5.1,8.99
FreeSolv,MFGP,48,5.2,8.99
FreeSolv,MFGP,48,5.3,8.99
FreeSolv,MFGP,48,5.4,8.99
FreeSolv,MFGP,48,5.5,8.99
FreeSolv,MFGP,48,6.5,1.7500000000000002
FreeSolv,MFGP,48,6.6,1.7500000000000002
FreeSolv,MFGP,48,6.7,1.7500000000000002
FreeSolv,MFGP,48,6.8,1.7500000000000002
FreeSolv,MFGP,48,6.9,1.7500000000000002
FreeSolv,MFGP,48,7.0,1.7500000000000002
FreeSolv,MFGP,48,7.1,1.7500000000000002
FreeSolv,MFGP,48,7.2,1.7500000000000002
FreeSolv,MFGP,48,7.3,1.7500000000000002
FreeSolv,MFGP,48,7.4,1.7500000000000002
FreeSolv,MFGP,48,7.5,1.7500000000000002
FreeSolv,MFGP,48,8.5,1.7500000000000002
FreeSolv,MFGP,48,8.6,1.7500000000000002
FreeSolv,MFGP,48,8.7,1.7500000000000002
FreeSolv,MFGP,48,8.8,1.7500000000000002
FreeSolv,MFGP,48,8.9,1.7500000000000002
FreeSolv,MFGP,48,9.0,1.7500000000000002
FreeSolv,MFGP,48,9.1,1.7500000000000002
FreeSolv,MFGP,48,9.2,1.7500000000000002
FreeSolv,MFGP,48,9.3,1.7500000000000002
FreeSolv,MFGP,48,9.4,1.7500000000000002
FreeSolv,MFGP,48,9.5,1.7500000000000002
FreeSolv,MFGP,48,10.5,1.37
FreeSolv,MFGP,48,10.6,1.37
FreeSolv,MFGP,48,10.7,1.37
FreeSolv,MFGP,48,10.8,1.37
FreeSolv,MFGP,48,10.9,1.37
FreeSolv,MFGP,48,11.0,1.37
FreeSolv,MFGP,48,11.1,1.37
FreeSolv,MFGP,48,11.2,1.37
FreeSolv,MFGP,48,11.3,1.37
FreeSolv,MFGP,48,11.4,1.37
FreeSolv,MFGP,48,11.5,1.37
FreeSolv,MFGP,48,12.5,1.37
FreeSolv,MFGP,48,12.6,1.37
FreeSolv,MFGP,48,12.7,1.37
FreeSolv,MFGP,48,12.8,1.37
FreeSolv,MFGP,48,12.9,1.37
FreeSolv,MFGP,48,13.0,1.37
FreeSolv,MFGP,48,13.1,1.37
FreeSolv,MFGP,48,13.2,1.37
FreeSolv,MFGP,48,13.3,1.37
FreeSolv,MFGP,48,13.4,1.37
FreeSolv,MFGP,48,13.5,1.37
FreeSolv,MFGP,48,14.5,1.37
FreeSolv,MFGP,48,14.6,1.37
FreeSolv,MFGP,48,14.7,1.37
FreeSolv,MFGP,48,14.8,1.37
FreeSolv,MFGP,48,14.9,1.37
FreeSolv,MFGP,48,15.0,1.37
FreeSolv,MFGP,48,15.1,1.37
FreeSolv,MFGP,48,15.2,1.37
FreeSolv,MFGP,48,15.3,1.37
FreeSolv,MFGP,48,15.4,1.37
FreeSolv,MFGP,48,15.5,1.37
FreeSolv,MFGP,48,16.5,1.37
FreeSolv,MFGP,48,16.6,1.37
FreeSolv,MFGP,48,16.7,1.37
FreeSolv,MFGP,48,16.8,1.37
FreeSolv,MFGP,48,16.9,1.37
FreeSolv,MFGP,48,17.0,1.37
FreeSolv,MFGP,48,17.1,1.37
FreeSolv,MFGP,48,17.2,1.37
FreeSolv,MFGP,48,17.3,1.37
FreeSolv,MFGP,48,17.4,1.37
FreeSolv,MFGP,48,17.5,1.37
FreeSolv,MFGP,48,18.5,1.37
FreeSolv,MFGP,48,18.6,1.37
FreeSolv,MFGP,48,18.7,1.37
FreeSolv,MFGP,48,18.8,1.37
FreeSolv,MFGP,48,18.9,1.37
FreeSolv,MFGP,48,19.0,1.37
FreeSolv,MFGP,48,19.1,1.37
FreeSolv,MFGP,48,19.2,1.37
FreeSolv,MFGP,48,19.3,1.37
FreeSolv,MFGP,48,19.4,1.37
FreeSolv,MFGP,48,19.5,1.37
FreeSolv,MFGP,48,20.5,1.37
FreeSolv,MFGP,48,20.6,1.37
FreeSolv,MFGP,48,20.7,1.37
FreeSolv,MFGP,48,20.8,1.37
FreeSolv,MFGP,48,20.9,1.37
FreeSolv,MFGP,48,21.0,1.37
FreeSolv,MFGP,48,21.1,1.37
FreeSolv,MFGP,48,21.2,1.37
FreeSolv,MFGP,48,21.3,1.37
FreeSolv,MFGP,48,21.4,1.37
FreeSolv,MFGP,48,21.5,1.37
FreeSolv,MFGP,48,22.5,1.37
FreeSolv,MFGP,48,22.6,1.37
FreeSolv,MFGP,48,22.7,1.37
FreeSolv,MFGP,48,22.8,1.37
FreeSolv,MFGP,48,22.9,1.37
FreeSolv,MFGP,48,23.0,1.37
FreeSolv,MFGP,48,23.1,1.37
FreeSolv,MFGP,48,23.2,1.37
FreeSolv,MFGP,48,23.3,1.37
FreeSolv,MFGP,48,23.4,1.37
FreeSolv,MFGP,48,23.5,1.37
FreeSolv,MFGP,48,24.5,1.37
FreeSolv,MFGP,48,24.6,1.37
FreeSolv,MFGP,48,24.7,1.37
FreeSolv,MFGP,48,24.8,1.37
FreeSolv,MFGP,48,24.9,1.37
FreeSolv,MFGP,48,25.0,1.37
FreeSolv,MFGP,48,25.1,1.37
FreeSolv,MFGP,48,25.2,1.37
FreeSolv,MFGP,48,25.3,1.37
FreeSolv,MFGP,48,25.4,1.37
FreeSolv,MFGP,48,25.5,1.37
FreeSolv,MFGP,48,26.5,1.37
FreeSolv,MFGP,48,26.6,1.37
FreeSolv,MFGP,48,26.7,1.37
FreeSolv,MFGP,48,26.8,1.37
FreeSolv,MFGP,48,26.9,1.37
FreeSolv,MFGP,48,27.0,1.37
FreeSolv,MFGP,48,27.1,1.37
FreeSolv,MFGP,48,27.2,1.37
FreeSolv,MFGP,48,27.3,1.37
FreeSolv,MFGP,48,27.4,1.37
FreeSolv,MFGP,48,27.5,1.37
FreeSolv,MFGP,48,28.5,1.37
FreeSolv,MFGP,48,28.6,1.37
FreeSolv,MFGP,48,28.7,1.37
FreeSolv,MFGP,48,28.8,1.37
FreeSolv,MFGP,48,28.9,1.37
FreeSolv,MFGP,48,29.0,1.37
FreeSolv,MFGP,48,29.1,1.37
FreeSolv,MFGP,48,29.2,1.37
FreeSolv,MFGP,48,29.3,1.37
FreeSolv,MFGP,48,29.4,1.37
FreeSolv,MFGP,48,29.5,1.37
FreeSolv,MFGP,48,30.5,1.37
FreeSolv,MFGP,48,30.6,1.37
FreeSolv,MFGP,48,30.7,1.37
FreeSolv,MFGP,48,30.8,1.37
FreeSolv,MFGP,48,30.9,1.37
FreeSolv,MFGP,48,31.0,1.37
FreeSolv,MFGP,48,31.1,1.37
FreeSolv,MFGP,48,31.2,1.37
FreeSolv,MFGP,48,31.3,1.37
FreeSolv,MFGP,48,31.4,1.37
FreeSolv,MFGP,48,31.5,1.37
FreeSolv,MFGP,48,32.5,1.37
FreeSolv,MFGP,48,32.6,1.37
FreeSolv,MFGP,48,32.7,1.37
FreeSolv,MFGP,48,32.8,1.37
FreeSolv,MFGP,48,32.9,1.37
FreeSolv,MFGP,48,33.0,1.37
FreeSolv,MFGP,48,33.1,1.37
FreeSolv,MFGP,48,33.2,1.37
FreeSolv,MFGP,48,33.3,1.37
FreeSolv,MFGP,48,33.4,1.37
FreeSolv,MFGP,48,33.5,1.37
FreeSolv,MFGP,48,34.5,1.37
FreeSolv,MFGP,48,34.6,1.37
FreeSolv,MFGP,48,34.7,1.37
FreeSolv,MFGP,48,34.8,1.37
FreeSolv,MFGP,48,34.9,1.37
FreeSolv,MFGP,48,35.0,1.37
FreeSolv,MFGP,48,35.1,1.37
FreeSolv,MFGP,48,35.2,1.37
FreeSolv,MFGP,48,35.3,1.37
FreeSolv,MFGP,48,35.4,1.37
FreeSolv,MFGP,48,35.5,1.37
FreeSolv,MFGP,48,36.5,1.37
FreeSolv,MFGP,48,36.6,1.37
FreeSolv,MFGP,48,36.7,1.37
FreeSolv,MFGP,48,36.8,1.37
FreeSolv,MFGP,48,36.9,1.37
FreeSolv,MFGP,48,37.0,1.37
FreeSolv,MFGP,48,37.1,1.37
FreeSolv,MFGP,48,37.2,1.37
FreeSolv,MFGP,48,37.3,1.37
FreeSolv,MFGP,48,37.4,1.37
FreeSolv,MFGP,48,37.5,1.37
FreeSolv,MFGP,48,38.5,1.37
FreeSolv,MFGP,48,38.6,1.37
FreeSolv,MFGP,48,38.7,1.37
FreeSolv,MFGP,48,38.8,1.37
FreeSolv,MFGP,48,38.9,1.37
FreeSolv,MFGP,48,39.0,1.37
FreeSolv,MFGP,48,39.1,1.37
FreeSolv,MFGP,48,39.2,1.37
FreeSolv,MFGP,48,39.3,1.37
FreeSolv,MFGP,48,39.4,1.37
FreeSolv,MFGP,48,39.5,1.37
FreeSolv,MFGP,48,40.5,1.37
FreeSolv,MFGP,48,40.6,1.37
FreeSolv,MFGP,48,40.7,1.37
FreeSolv,MFGP,48,40.8,1.37
FreeSolv,MFGP,48,40.9,1.37
FreeSolv,MFGP,48,41.0,1.37
FreeSolv,MFGP,48,41.1,1.37
FreeSolv,MFGP,48,41.2,1.37
FreeSolv,MFGP,48,41.3,1.37
FreeSolv,MFGP,48,41.4,1.37
FreeSolv,MFGP,48,41.5,1.37
FreeSolv,MFGP,48,42.5,1.37
FreeSolv,MFGP,48,42.6,1.37
FreeSolv,MFGP,48,42.7,1.37
FreeSolv,MFGP,48,42.8,1.37
FreeSolv,MFGP,48,42.9,1.37
FreeSolv,MFGP,48,43.0,1.37
FreeSolv,MFGP,48,43.1,1.37
FreeSolv,MFGP,48,43.2,1.37
FreeSolv,MFGP,48,43.3,1.37
FreeSolv,MFGP,48,43.4,1.37
FreeSolv,MFGP,48,43.5,1.37
FreeSolv,MFGP,48,44.5,1.37
FreeSolv,MFGP,48,44.6,1.37
FreeSolv,MFGP,48,44.7,1.37
FreeSolv,MFGP,48,44.8,1.37
FreeSolv,MFGP,48,44.9,1.37
FreeSolv,MFGP,48,45.0,1.37
FreeSolv,MFGP,48,45.1,1.37
FreeSolv,MFGP,48,45.2,1.37
FreeSolv,MFGP,48,45.3,1.37
FreeSolv,MFGP,48,45.4,1.37
FreeSolv,MFGP,48,45.5,1.37
FreeSolv,MFGP,48,46.5,1.37
FreeSolv,MFGP,48,46.6,1.37
FreeSolv,MFGP,48,46.7,1.37
FreeSolv,MFGP,48,46.8,1.37
FreeSolv,MFGP,48,46.9,1.37
FreeSolv,MFGP,48,47.0,1.37
FreeSolv,MFGP,48,47.1,1.37
FreeSolv,MFGP,48,47.2,1.37
FreeSolv,MFGP,48,47.3,1.37
FreeSolv,MFGP,48,47.4,1.37
FreeSolv,MFGP,48,47.5,1.37
FreeSolv,MFGP,48,48.5,1.37
FreeSolv,MFGP,48,48.6,1.37
FreeSolv,MFGP,48,48.7,1.37
FreeSolv,MFGP,48,48.8,1.37
FreeSolv,MFGP,48,48.9,1.37
FreeSolv,MFGP,48,49.0,1.37
FreeSolv,MFGP,48,49.1,1.37
FreeSolv,MFGP,48,49.2,1.37
FreeSolv,MFGP,48,49.3,1.37
FreeSolv,MFGP,48,49.4,1.37
FreeSolv,MFGP,48,49.5,1.37
FreeSolv,MFGP,48,49.6,1.37
FreeSolv,MFGP,48,49.7,1.37
FreeSolv,MFGP,48,49.8,1.37
FreeSolv,MFGP,48,49.9,1.37
FreeSolv,MFGP,49,4.5,6.58
FreeSolv,MFGP,49,4.6,6.58
FreeSolv,MFGP,49,4.7,6.58
FreeSolv,MFGP,49,4.8,6.58
FreeSolv,MFGP,49,4.9,6.58
FreeSolv,MFGP,49,5.0,6.58
FreeSolv,MFGP,49,5.1,6.58
FreeSolv,MFGP,49,5.2,6.58
FreeSolv,MFGP,49,5.3,6.58
FreeSolv,MFGP,49,5.4,6.58
FreeSolv,MFGP,49,5.5,6.58
FreeSolv,MFGP,49,6.5,6.58
FreeSolv,MFGP,49,6.6,6.58
FreeSolv,MFGP,49,6.7,6.58
FreeSolv,MFGP,49,6.8,6.58
FreeSolv,MFGP,49,6.9,6.58
FreeSolv,MFGP,49,7.0,6.58
FreeSolv,MFGP,49,7.1,6.58
FreeSolv,MFGP,49,7.2,6.58
FreeSolv,MFGP,49,7.3,6.58
FreeSolv,MFGP,49,7.4,6.58
FreeSolv,MFGP,49,7.5,6.58
FreeSolv,MFGP,49,8.5,4.66
FreeSolv,MFGP,49,8.6,4.66
FreeSolv,MFGP,49,8.7,4.66
FreeSolv,MFGP,49,8.8,4.66
FreeSolv,MFGP,49,8.9,4.66
FreeSolv,MFGP,49,9.0,4.66
FreeSolv,MFGP,49,9.1,4.66
FreeSolv,MFGP,49,9.2,4.66
FreeSolv,MFGP,49,9.3,4.66
FreeSolv,MFGP,49,9.4,4.66
FreeSolv,MFGP,49,9.5,4.66
FreeSolv,MFGP,49,10.5,3.76
FreeSolv,MFGP,49,10.6,3.76
FreeSolv,MFGP,49,10.7,3.76
FreeSolv,MFGP,49,10.8,3.76
FreeSolv,MFGP,49,10.9,3.76
FreeSolv,MFGP,49,11.0,3.76
FreeSolv,MFGP,49,11.1,3.76
FreeSolv,MFGP,49,11.2,3.76
FreeSolv,MFGP,49,11.3,3.76
FreeSolv,MFGP,49,11.4,3.76
FreeSolv,MFGP,49,11.5,3.76
FreeSolv,MFGP,49,12.5,2.12
FreeSolv,MFGP,49,12.6,2.12
FreeSolv,MFGP,49,12.7,2.12
FreeSolv,MFGP,49,12.8,2.12
FreeSolv,MFGP,49,12.9,2.12
FreeSolv,MFGP,49,13.0,2.12
FreeSolv,MFGP,49,13.1,2.12
FreeSolv,MFGP,49,13.2,2.12
FreeSolv,MFGP,49,13.3,2.12
FreeSolv,MFGP,49,13.4,2.12
FreeSolv,MFGP,49,13.5,2.12
FreeSolv,MFGP,49,14.5,0.9200000000000004
FreeSolv,MFGP,49,14.6,0.9200000000000004
FreeSolv,MFGP,49,14.7,0.9200000000000004
FreeSolv,MFGP,49,14.8,0.9200000000000004
FreeSolv,MFGP,49,14.9,0.9200000000000004
FreeSolv,MFGP,49,15.0,0.9200000000000004
FreeSolv,MFGP,49,15.1,0.9200000000000004
FreeSolv,MFGP,49,15.2,0.9200000000000004
FreeSolv,MFGP,49,15.3,0.9200000000000004
FreeSolv,MFGP,49,15.4,0.9200000000000004
FreeSolv,MFGP,49,15.5,0.9200000000000004
FreeSolv,MFGP,49,16.5,0.9200000000000004
FreeSolv,MFGP,49,16.6,0.9200000000000004
FreeSolv,MFGP,49,16.7,0.9200000000000004
FreeSolv,MFGP,49,16.8,0.9200000000000004
FreeSolv,MFGP,49,16.9,0.9200000000000004
FreeSolv,MFGP,49,17.0,0.9200000000000004
FreeSolv,MFGP,49,17.1,0.9200000000000004
FreeSolv,MFGP,49,17.2,0.9200000000000004
FreeSolv,MFGP,49,17.3,0.9200000000000004
FreeSolv,MFGP,49,17.4,0.9200000000000004
FreeSolv,MFGP,49,17.5,0.9200000000000004
FreeSolv,MFGP,49,18.5,0.5500000000000003
FreeSolv,MFGP,49,18.6,0.5500000000000003
FreeSolv,MFGP,49,18.7,0.5500000000000003
FreeSolv,MFGP,49,18.8,0.5500000000000003
FreeSolv,MFGP,49,18.9,0.5500000000000003
FreeSolv,MFGP,49,19.0,0.5500000000000003
FreeSolv,MFGP,49,19.1,0.5500000000000003
FreeSolv,MFGP,49,19.2,0.5500000000000003
FreeSolv,MFGP,49,19.3,0.5500000000000003
FreeSolv,MFGP,49,19.4,0.5500000000000003
FreeSolv,MFGP,49,19.5,0.5500000000000003
FreeSolv,MFGP,49,20.5,0.5500000000000003
FreeSolv,MFGP,49,20.6,0.5500000000000003
FreeSolv,MFGP,49,20.7,0.5500000000000003
FreeSolv,MFGP,49,20.8,0.5500000000000003
FreeSolv,MFGP,49,20.9,0.5500000000000003
FreeSolv,MFGP,49,21.0,0.5500000000000003
FreeSolv,MFGP,49,21.1,0.5500000000000003
FreeSolv,MFGP,49,21.2,0.5500000000000003
FreeSolv,MFGP,49,21.3,0.5500000000000003
FreeSolv,MFGP,49,21.4,0.5500000000000003
FreeSolv,MFGP,49,21.5,0.5500000000000003
FreeSolv,MFGP,49,22.5,0.5500000000000003
FreeSolv,MFGP,49,22.6,0.5500000000000003
FreeSolv,MFGP,49,22.7,0.5500000000000003
FreeSolv,MFGP,49,22.8,0.5500000000000003
FreeSolv,MFGP,49,22.9,0.5500000000000003
FreeSolv,MFGP,49,23.0,0.5500000000000003
FreeSolv,MFGP,49,23.1,0.5500000000000003
FreeSolv,MFGP,49,23.2,0.5500000000000003
FreeSolv,MFGP,49,23.3,0.5500000000000003
FreeSolv,MFGP,49,23.4,0.5500000000000003
FreeSolv,MFGP,49,23.5,0.5500000000000003
FreeSolv,MFGP,49,24.5,0.5500000000000003
FreeSolv,MFGP,49,24.6,0.5500000000000003
FreeSolv,MFGP,49,24.7,0.5500000000000003
FreeSolv,MFGP,49,24.8,0.5500000000000003
FreeSolv,MFGP,49,24.9,0.5500000000000003
FreeSolv,MFGP,49,25.0,0.5500000000000003
FreeSolv,MFGP,49,25.1,0.5500000000000003
FreeSolv,MFGP,49,25.2,0.5500000000000003
FreeSolv,MFGP,49,25.3,0.5500000000000003
FreeSolv,MFGP,49,25.4,0.5500000000000003
FreeSolv,MFGP,49,25.5,0.5500000000000003
FreeSolv,MFGP,49,26.5,0.5500000000000003
FreeSolv,MFGP,49,26.6,0.5500000000000003
FreeSolv,MFGP,49,26.7,0.5500000000000003
FreeSolv,MFGP,49,26.8,0.5500000000000003
FreeSolv,MFGP,49,26.9,0.5500000000000003
FreeSolv,MFGP,49,27.0,0.5500000000000003
FreeSolv,MFGP,49,27.1,0.5500000000000003
FreeSolv,MFGP,49,27.2,0.5500000000000003
FreeSolv,MFGP,49,27.3,0.5500000000000003
FreeSolv,MFGP,49,27.4,0.5500000000000003
FreeSolv,MFGP,49,27.5,0.5500000000000003
FreeSolv,MFGP,49,28.5,0.5500000000000003
FreeSolv,MFGP,49,28.6,0.5500000000000003
FreeSolv,MFGP,49,28.7,0.5500000000000003
FreeSolv,MFGP,49,28.8,0.5500000000000003
FreeSolv,MFGP,49,28.9,0.5500000000000003
FreeSolv,MFGP,49,29.0,0.5500000000000003
FreeSolv,MFGP,49,29.1,0.5500000000000003
FreeSolv,MFGP,49,29.2,0.5500000000000003
FreeSolv,MFGP,49,29.3,0.5500000000000003
FreeSolv,MFGP,49,29.4,0.5500000000000003
FreeSolv,MFGP,49,29.5,0.5500000000000003
FreeSolv,MFGP,49,30.5,0.5500000000000003
FreeSolv,MFGP,49,30.6,0.5500000000000003
FreeSolv,MFGP,49,30.7,0.5500000000000003
FreeSolv,MFGP,49,30.8,0.5500000000000003
FreeSolv,MFGP,49,30.9,0.5500000000000003
FreeSolv,MFGP,49,31.0,0.5500000000000003
FreeSolv,MFGP,49,31.1,0.5500000000000003
FreeSolv,MFGP,49,31.2,0.5500000000000003
FreeSolv,MFGP,49,31.3,0.5500000000000003
FreeSolv,MFGP,49,31.4,0.5500000000000003
FreeSolv,MFGP,49,31.5,0.5500000000000003
FreeSolv,MFGP,49,32.5,0.5500000000000003
FreeSolv,MFGP,49,32.6,0.5500000000000003
FreeSolv,MFGP,49,32.7,0.5500000000000003
FreeSolv,MFGP,49,32.8,0.5500000000000003
FreeSolv,MFGP,49,32.9,0.5500000000000003
FreeSolv,MFGP,49,33.0,0.5500000000000003
FreeSolv,MFGP,49,33.1,0.5500000000000003
FreeSolv,MFGP,49,33.2,0.5500000000000003
FreeSolv,MFGP,49,33.3,0.5500000000000003
FreeSolv,MFGP,49,33.4,0.5500000000000003
FreeSolv,MFGP,49,33.5,0.5500000000000003
FreeSolv,MFGP,49,34.5,0.5500000000000003
FreeSolv,MFGP,49,34.6,0.5500000000000003
FreeSolv,MFGP,49,34.7,0.5500000000000003
FreeSolv,MFGP,49,34.8,0.5500000000000003
FreeSolv,MFGP,49,34.9,0.5500000000000003
FreeSolv,MFGP,49,35.0,0.5500000000000003
FreeSolv,MFGP,49,35.1,0.5500000000000003
FreeSolv,MFGP,49,35.2,0.5500000000000003
FreeSolv,MFGP,49,35.3,0.5500000000000003
FreeSolv,MFGP,49,35.4,0.5500000000000003
FreeSolv,MFGP,49,35.5,0.5500000000000003
FreeSolv,MFGP,49,36.5,0.5500000000000003
FreeSolv,MFGP,49,36.6,0.5500000000000003
FreeSolv,MFGP,49,36.7,0.5500000000000003
FreeSolv,MFGP,49,36.8,0.5500000000000003
FreeSolv,MFGP,49,36.9,0.5500000000000003
FreeSolv,MFGP,49,37.0,0.5500000000000003
FreeSolv,MFGP,49,37.1,0.5500000000000003
FreeSolv,MFGP,49,37.2,0.5500000000000003
FreeSolv,MFGP,49,37.3,0.5500000000000003
FreeSolv,MFGP,49,37.4,0.5500000000000003
FreeSolv,MFGP,49,37.5,0.5500000000000003
FreeSolv,MFGP,49,38.5,0.5500000000000003
FreeSolv,MFGP,49,38.6,0.5500000000000003
FreeSolv,MFGP,49,38.7,0.5500000000000003
FreeSolv,MFGP,49,38.8,0.5500000000000003
FreeSolv,MFGP,49,38.9,0.5500000000000003
FreeSolv,MFGP,49,39.0,0.5500000000000003
FreeSolv,MFGP,49,39.1,0.5500000000000003
FreeSolv,MFGP,49,39.2,0.5500000000000003
FreeSolv,MFGP,49,39.3,0.5500000000000003
FreeSolv,MFGP,49,39.4,0.5500000000000003
FreeSolv,MFGP,49,39.5,0.5500000000000003
FreeSolv,MFGP,49,40.5,0.5500000000000003
FreeSolv,MFGP,49,40.6,0.5500000000000003
FreeSolv,MFGP,49,40.7,0.5500000000000003
FreeSolv,MFGP,49,40.8,0.5500000000000003
FreeSolv,MFGP,49,40.9,0.5500000000000003
FreeSolv,MFGP,49,41.0,0.5500000000000003
FreeSolv,MFGP,49,41.1,0.5500000000000003
FreeSolv,MFGP,49,41.2,0.5500000000000003
FreeSolv,MFGP,49,41.3,0.5500000000000003
FreeSolv,MFGP,49,41.4,0.5500000000000003
FreeSolv,MFGP,49,41.5,0.5500000000000003
FreeSolv,MFGP,49,42.5,0.5500000000000003
FreeSolv,MFGP,49,42.6,0.5500000000000003
FreeSolv,MFGP,49,42.7,0.5500000000000003
FreeSolv,MFGP,49,42.8,0.5500000000000003
FreeSolv,MFGP,49,42.9,0.5500000000000003
FreeSolv,MFGP,49,43.0,0.5500000000000003
FreeSolv,MFGP,49,43.1,0.5500000000000003
FreeSolv,MFGP,49,43.2,0.5500000000000003
FreeSolv,MFGP,49,43.3,0.5500000000000003
FreeSolv,MFGP,49,43.4,0.5500000000000003
FreeSolv,MFGP,49,43.5,0.5500000000000003
FreeSolv,MFGP,49,44.5,0.5500000000000003
FreeSolv,MFGP,49,44.6,0.5500000000000003
FreeSolv,MFGP,49,44.7,0.5500000000000003
FreeSolv,MFGP,49,44.8,0.5500000000000003
FreeSolv,MFGP,49,44.9,0.5500000000000003
FreeSolv,MFGP,49,45.0,0.5500000000000003
FreeSolv,MFGP,49,45.1,0.5500000000000003
FreeSolv,MFGP,49,45.2,0.5500000000000003
FreeSolv,MFGP,49,45.3,0.5500000000000003
FreeSolv,MFGP,49,45.4,0.5500000000000003
FreeSolv,MFGP,49,45.5,0.5500000000000003
FreeSolv,MFGP,49,46.5,0.5500000000000003
FreeSolv,MFGP,49,46.6,0.5500000000000003
FreeSolv,MFGP,49,46.7,0.5500000000000003
FreeSolv,MFGP,49,46.8,0.5500000000000003
FreeSolv,MFGP,49,46.9,0.5500000000000003
FreeSolv,MFGP,49,47.0,0.5500000000000003
FreeSolv,MFGP,49,47.1,0.5500000000000003
FreeSolv,MFGP,49,47.2,0.5500000000000003
FreeSolv,MFGP,49,47.3,0.5500000000000003
FreeSolv,MFGP,49,47.4,0.5500000000000003
FreeSolv,MFGP,49,47.5,0.5500000000000003
FreeSolv,MFGP,49,48.5,0.5500000000000003
FreeSolv,MFGP,49,48.6,0.5500000000000003
FreeSolv,MFGP,49,48.7,0.5500000000000003
FreeSolv,MFGP,49,48.8,0.5500000000000003
FreeSolv,MFGP,49,48.9,0.5500000000000003
FreeSolv,MFGP,49,49.0,0.5500000000000003
FreeSolv,MFGP,49,49.1,0.5500000000000003
FreeSolv,MFGP,49,49.2,0.5500000000000003
FreeSolv,MFGP,49,49.3,0.5500000000000003
FreeSolv,MFGP,49,49.4,0.5500000000000003
FreeSolv,MFGP,49,49.5,0.5500000000000003
FreeSolv,MFGP,49,49.6,0.5500000000000003
FreeSolv,MFGP,49,49.7,0.5500000000000003
FreeSolv,MFGP,49,49.8,0.5500000000000003
FreeSolv,MFGP,49,49.9,0.5500000000000003
FreeSolv,MFGP,50,4.5,15.38
FreeSolv,MFGP,50,4.6,15.38
FreeSolv,MFGP,50,4.7,15.38
FreeSolv,MFGP,50,4.8,15.38
FreeSolv,MFGP,50,4.9,15.38
FreeSolv,MFGP,50,5.0,15.38
FreeSolv,MFGP,50,5.1,15.38
FreeSolv,MFGP,50,5.2,15.38
FreeSolv,MFGP,50,5.3,15.38
FreeSolv,MFGP,50,5.4,15.38
FreeSolv,MFGP,50,5.5,15.38
FreeSolv,MFGP,50,6.5,6.6
FreeSolv,MFGP,50,6.6,6.6
FreeSolv,MFGP,50,6.7,6.6
FreeSolv,MFGP,50,6.8,6.6
FreeSolv,MFGP,50,6.9,6.6
FreeSolv,MFGP,50,7.0,6.6
FreeSolv,MFGP,50,7.1,6.6
FreeSolv,MFGP,50,7.2,6.6
FreeSolv,MFGP,50,7.3,6.6
FreeSolv,MFGP,50,7.4,6.6
FreeSolv,MFGP,50,7.5,6.6
FreeSolv,MFGP,50,8.5,6.6
FreeSolv,MFGP,50,8.6,6.6
FreeSolv,MFGP,50,8.7,6.6
FreeSolv,MFGP,50,8.8,6.6
FreeSolv,MFGP,50,8.9,6.6
FreeSolv,MFGP,50,9.0,6.6
FreeSolv,MFGP,50,9.1,6.6
FreeSolv,MFGP,50,9.2,6.6
FreeSolv,MFGP,50,9.3,6.6
FreeSolv,MFGP,50,9.4,6.6
FreeSolv,MFGP,50,9.5,6.6
FreeSolv,MFGP,50,10.5,6.21
FreeSolv,MFGP,50,10.6,6.21
FreeSolv,MFGP,50,10.7,6.21
FreeSolv,MFGP,50,10.8,6.21
FreeSolv,MFGP,50,10.9,6.21
FreeSolv,MFGP,50,11.0,6.21
FreeSolv,MFGP,50,11.1,6.21
FreeSolv,MFGP,50,11.2,6.21
FreeSolv,MFGP,50,11.3,6.21
FreeSolv,MFGP,50,11.4,6.21
FreeSolv,MFGP,50,11.5,6.21
FreeSolv,MFGP,50,12.5,4.33
FreeSolv,MFGP,50,12.6,4.33
FreeSolv,MFGP,50,12.7,4.33
FreeSolv,MFGP,50,12.8,4.33
FreeSolv,MFGP,50,12.9,4.33
FreeSolv,MFGP,50,13.0,4.33
FreeSolv,MFGP,50,13.1,4.33
FreeSolv,MFGP,50,13.2,4.33
FreeSolv,MFGP,50,13.3,4.33
FreeSolv,MFGP,50,13.4,4.33
FreeSolv,MFGP,50,13.5,4.33
FreeSolv,MFGP,50,14.5,3.83
FreeSolv,MFGP,50,14.6,3.83
FreeSolv,MFGP,50,14.7,3.83
FreeSolv,MFGP,50,14.8,3.83
FreeSolv,MFGP,50,14.9,3.83
FreeSolv,MFGP,50,15.0,3.83
FreeSolv,MFGP,50,15.1,3.83
FreeSolv,MFGP,50,15.2,3.83
FreeSolv,MFGP,50,15.3,3.83
FreeSolv,MFGP,50,15.4,3.83
FreeSolv,MFGP,50,15.5,3.83
FreeSolv,MFGP,50,16.5,3.83
FreeSolv,MFGP,50,16.6,3.83
FreeSolv,MFGP,50,16.7,3.83
FreeSolv,MFGP,50,16.8,3.83
FreeSolv,MFGP,50,16.9,3.83
FreeSolv,MFGP,50,17.0,3.83
FreeSolv,MFGP,50,17.1,3.83
FreeSolv,MFGP,50,17.2,3.83
FreeSolv,MFGP,50,17.3,3.83
FreeSolv,MFGP,50,17.4,3.83
FreeSolv,MFGP,50,17.5,3.83
FreeSolv,MFGP,50,18.5,0.9200000000000004
FreeSolv,MFGP,50,18.6,0.9200000000000004
FreeSolv,MFGP,50,18.7,0.9200000000000004
FreeSolv,MFGP,50,18.8,0.9200000000000004
FreeSolv,MFGP,50,18.9,0.9200000000000004
FreeSolv,MFGP,50,19.0,0.9200000000000004
FreeSolv,MFGP,50,19.1,0.9200000000000004
FreeSolv,MFGP,50,19.2,0.9200000000000004
FreeSolv,MFGP,50,19.3,0.9200000000000004
FreeSolv,MFGP,50,19.4,0.9200000000000004
FreeSolv,MFGP,50,19.5,0.9200000000000004
FreeSolv,MFGP,50,20.5,0.4599999999999999
FreeSolv,MFGP,50,20.6,0.4599999999999999
FreeSolv,MFGP,50,20.7,0.4599999999999999
FreeSolv,MFGP,50,20.8,0.4599999999999999
FreeSolv,MFGP,50,20.9,0.4599999999999999
FreeSolv,MFGP,50,21.0,0.4599999999999999
FreeSolv,MFGP,50,21.1,0.4599999999999999
FreeSolv,MFGP,50,21.2,0.4599999999999999
FreeSolv,MFGP,50,21.3,0.4599999999999999
FreeSolv,MFGP,50,21.4,0.4599999999999999
FreeSolv,MFGP,50,21.5,0.4599999999999999
FreeSolv,MFGP,50,22.5,0.3000000000000002
FreeSolv,MFGP,50,22.6,0.3000000000000002
FreeSolv,MFGP,50,22.7,0.3000000000000002
FreeSolv,MFGP,50,22.8,0.3000000000000002
FreeSolv,MFGP,50,22.9,0.3000000000000002
FreeSolv,MFGP,50,23.0,0.3000000000000002
FreeSolv,MFGP,50,23.1,0.3000000000000002
FreeSolv,MFGP,50,23.2,0.3000000000000002
FreeSolv,MFGP,50,23.3,0.3000000000000002
FreeSolv,MFGP,50,23.4,0.3000000000000002
FreeSolv,MFGP,50,23.5,0.3000000000000002
FreeSolv,MFGP,50,24.5,0.3000000000000002
FreeSolv,MFGP,50,24.6,0.3000000000000002
FreeSolv,MFGP,50,24.7,0.3000000000000002
FreeSolv,MFGP,50,24.8,0.3000000000000002
FreeSolv,MFGP,50,24.9,0.3000000000000002
FreeSolv,MFGP,50,25.0,0.3000000000000002
FreeSolv,MFGP,50,25.1,0.3000000000000002
FreeSolv,MFGP,50,25.2,0.3000000000000002
FreeSolv,MFGP,50,25.3,0.3000000000000002
FreeSolv,MFGP,50,25.4,0.3000000000000002
FreeSolv,MFGP,50,25.5,0.3000000000000002
FreeSolv,MFGP,50,26.5,0.3000000000000002
FreeSolv,MFGP,50,26.6,0.3000000000000002
FreeSolv,MFGP,50,26.7,0.3000000000000002
FreeSolv,MFGP,50,26.8,0.3000000000000002
FreeSolv,MFGP,50,26.9,0.3000000000000002
FreeSolv,MFGP,50,27.0,0.3000000000000002
FreeSolv,MFGP,50,27.1,0.3000000000000002
FreeSolv,MFGP,50,27.2,0.3000000000000002
FreeSolv,MFGP,50,27.3,0.3000000000000002
FreeSolv,MFGP,50,27.4,0.3000000000000002
FreeSolv,MFGP,50,27.5,0.3000000000000002
FreeSolv,MFGP,50,28.5,0.3000000000000002
FreeSolv,MFGP,50,28.6,0.3000000000000002
FreeSolv,MFGP,50,28.7,0.3000000000000002
FreeSolv,MFGP,50,28.8,0.3000000000000002
FreeSolv,MFGP,50,28.9,0.3000000000000002
FreeSolv,MFGP,50,29.0,0.3000000000000002
FreeSolv,MFGP,50,29.1,0.3000000000000002
FreeSolv,MFGP,50,29.2,0.3000000000000002
FreeSolv,MFGP,50,29.3,0.3000000000000002
FreeSolv,MFGP,50,29.4,0.3000000000000002
FreeSolv,MFGP,50,29.5,0.3000000000000002
FreeSolv,MFGP,50,30.5,0.3000000000000002
FreeSolv,MFGP,50,30.6,0.3000000000000002
FreeSolv,MFGP,50,30.7,0.3000000000000002
FreeSolv,MFGP,50,30.8,0.3000000000000002
FreeSolv,MFGP,50,30.9,0.3000000000000002
FreeSolv,MFGP,50,31.0,0.3000000000000002
FreeSolv,MFGP,50,31.1,0.3000000000000002
FreeSolv,MFGP,50,31.2,0.3000000000000002
FreeSolv,MFGP,50,31.3,0.3000000000000002
FreeSolv,MFGP,50,31.4,0.3000000000000002
FreeSolv,MFGP,50,31.5,0.3000000000000002
FreeSolv,MFGP,50,32.5,0.3000000000000002
FreeSolv,MFGP,50,32.6,0.3000000000000002
FreeSolv,MFGP,50,32.7,0.3000000000000002
FreeSolv,MFGP,50,32.8,0.3000000000000002
FreeSolv,MFGP,50,32.9,0.3000000000000002
FreeSolv,MFGP,50,33.0,0.3000000000000002
FreeSolv,MFGP,50,33.1,0.3000000000000002
FreeSolv,MFGP,50,33.2,0.3000000000000002
FreeSolv,MFGP,50,33.3,0.3000000000000002
FreeSolv,MFGP,50,33.4,0.3000000000000002
FreeSolv,MFGP,50,33.5,0.3000000000000002
FreeSolv,MFGP,50,34.5,0.3000000000000002
FreeSolv,MFGP,50,34.6,0.3000000000000002
FreeSolv,MFGP,50,34.7,0.3000000000000002
FreeSolv,MFGP,50,34.8,0.3000000000000002
FreeSolv,MFGP,50,34.9,0.3000000000000002
FreeSolv,MFGP,50,35.0,0.3000000000000002
FreeSolv,MFGP,50,35.1,0.3000000000000002
FreeSolv,MFGP,50,35.2,0.3000000000000002
FreeSolv,MFGP,50,35.3,0.3000000000000002
FreeSolv,MFGP,50,35.4,0.3000000000000002
FreeSolv,MFGP,50,35.5,0.3000000000000002
FreeSolv,MFGP,50,36.5,0.3000000000000002
FreeSolv,MFGP,50,36.6,0.3000000000000002
FreeSolv,MFGP,50,36.7,0.3000000000000002
FreeSolv,MFGP,50,36.8,0.3000000000000002
FreeSolv,MFGP,50,36.9,0.3000000000000002
FreeSolv,MFGP,50,37.0,0.3000000000000002
FreeSolv,MFGP,50,37.1,0.3000000000000002
FreeSolv,MFGP,50,37.2,0.3000000000000002
FreeSolv,MFGP,50,37.3,0.3000000000000002
FreeSolv,MFGP,50,37.4,0.3000000000000002
FreeSolv,MFGP,50,37.5,0.3000000000000002
FreeSolv,MFGP,50,38.5,0.3000000000000002
FreeSolv,MFGP,50,38.6,0.3000000000000002
FreeSolv,MFGP,50,38.7,0.3000000000000002
FreeSolv,MFGP,50,38.8,0.3000000000000002
FreeSolv,MFGP,50,38.9,0.3000000000000002
FreeSolv,MFGP,50,39.0,0.3000000000000002
FreeSolv,MFGP,50,39.1,0.3000000000000002
FreeSolv,MFGP,50,39.2,0.3000000000000002
FreeSolv,MFGP,50,39.3,0.3000000000000002
FreeSolv,MFGP,50,39.4,0.3000000000000002
FreeSolv,MFGP,50,39.5,0.3000000000000002
FreeSolv,MFGP,50,40.5,0.3000000000000002
FreeSolv,MFGP,50,40.6,0.3000000000000002
FreeSolv,MFGP,50,40.7,0.3000000000000002
FreeSolv,MFGP,50,40.8,0.3000000000000002
FreeSolv,MFGP,50,40.9,0.3000000000000002
FreeSolv,MFGP,50,41.0,0.3000000000000002
FreeSolv,MFGP,50,41.1,0.3000000000000002
FreeSolv,MFGP,50,41.2,0.3000000000000002
FreeSolv,MFGP,50,41.3,0.3000000000000002
FreeSolv,MFGP,50,41.4,0.3000000000000002
FreeSolv,MFGP,50,41.5,0.3000000000000002
FreeSolv,MFGP,50,42.5,0.3000000000000002
FreeSolv,MFGP,50,42.6,0.3000000000000002
FreeSolv,MFGP,50,42.7,0.3000000000000002
FreeSolv,MFGP,50,42.8,0.3000000000000002
FreeSolv,MFGP,50,42.9,0.3000000000000002
FreeSolv,MFGP,50,43.0,0.3000000000000002
FreeSolv,MFGP,50,43.1,0.3000000000000002
FreeSolv,MFGP,50,43.2,0.3000000000000002
FreeSolv,MFGP,50,43.3,0.3000000000000002
FreeSolv,MFGP,50,43.4,0.3000000000000002
FreeSolv,MFGP,50,43.5,0.3000000000000002
FreeSolv,MFGP,50,44.5,0.3000000000000002
FreeSolv,MFGP,50,44.6,0.3000000000000002
FreeSolv,MFGP,50,44.7,0.3000000000000002
FreeSolv,MFGP,50,44.8,0.3000000000000002
FreeSolv,MFGP,50,44.9,0.3000000000000002
FreeSolv,MFGP,50,45.0,0.3000000000000002
FreeSolv,MFGP,50,45.1,0.3000000000000002
FreeSolv,MFGP,50,45.2,0.3000000000000002
FreeSolv,MFGP,50,45.3,0.3000000000000002
FreeSolv,MFGP,50,45.4,0.3000000000000002
FreeSolv,MFGP,50,45.5,0.3000000000000002
FreeSolv,MFGP,50,46.5,0.3000000000000002
FreeSolv,MFGP,50,46.6,0.3000000000000002
FreeSolv,MFGP,50,46.7,0.3000000000000002
FreeSolv,MFGP,50,46.8,0.3000000000000002
FreeSolv,MFGP,50,46.9,0.3000000000000002
FreeSolv,MFGP,50,47.0,0.3000000000000002
FreeSolv,MFGP,50,47.1,0.3000000000000002
FreeSolv,MFGP,50,47.2,0.3000000000000002
FreeSolv,MFGP,50,47.3,0.3000000000000002
FreeSolv,MFGP,50,47.4,0.3000000000000002
FreeSolv,MFGP,50,47.5,0.3000000000000002
FreeSolv,MFGP,50,48.5,0.3000000000000002
FreeSolv,MFGP,50,48.6,0.3000000000000002
FreeSolv,MFGP,50,48.7,0.3000000000000002
FreeSolv,MFGP,50,48.8,0.3000000000000002
FreeSolv,MFGP,50,48.9,0.3000000000000002
FreeSolv,MFGP,50,49.0,0.3000000000000002
FreeSolv,MFGP,50,49.1,0.3000000000000002
FreeSolv,MFGP,50,49.2,0.3000000000000002
FreeSolv,MFGP,50,49.3,0.3000000000000002
FreeSolv,MFGP,50,49.4,0.3000000000000002
FreeSolv,MFGP,50,49.5,0.3000000000000002
FreeSolv,MFGP,50,49.6,0.3000000000000002
FreeSolv,MFGP,50,49.7,0.3000000000000002
FreeSolv,MFGP,50,49.8,0.3000000000000002
FreeSolv,MFGP,50,49.9,0.3000000000000002
FreeSolv,MFGP,51,4.5,6.58
FreeSolv,MFGP,51,4.6,6.58
FreeSolv,MFGP,51,4.7,6.58
FreeSolv,MFGP,51,4.8,6.58
FreeSolv,MFGP,51,4.9,6.58
FreeSolv,MFGP,51,5.0,6.58
FreeSolv,MFGP,51,5.1,6.58
FreeSolv,MFGP,51,5.2,6.58
FreeSolv,MFGP,51,5.3,6.58
FreeSolv,MFGP,51,5.4,6.58
FreeSolv,MFGP,51,5.5,6.58
FreeSolv,MFGP,51,6.5,1.7500000000000002
FreeSolv,MFGP,51,6.6,1.7500000000000002
FreeSolv,MFGP,51,6.7,1.7500000000000002
FreeSolv,MFGP,51,6.8,1.7500000000000002
FreeSolv,MFGP,51,6.9,1.7500000000000002
FreeSolv,MFGP,51,7.0,1.7500000000000002
FreeSolv,MFGP,51,7.1,1.7500000000000002
FreeSolv,MFGP,51,7.2,1.7500000000000002
FreeSolv,MFGP,51,7.3,1.7500000000000002
FreeSolv,MFGP,51,7.4,1.7500000000000002
FreeSolv,MFGP,51,7.5,1.7500000000000002
FreeSolv,MFGP,51,8.5,1.6
FreeSolv,MFGP,51,8.6,1.6
FreeSolv,MFGP,51,8.7,1.6
FreeSolv,MFGP,51,8.8,1.6
FreeSolv,MFGP,51,8.9,1.6
FreeSolv,MFGP,51,9.0,1.6
FreeSolv,MFGP,51,9.1,1.6
FreeSolv,MFGP,51,9.2,1.6
FreeSolv,MFGP,51,9.3,1.6
FreeSolv,MFGP,51,9.4,1.6
FreeSolv,MFGP,51,9.5,1.6
FreeSolv,MFGP,51,10.5,1.37
FreeSolv,MFGP,51,10.6,1.37
FreeSolv,MFGP,51,10.7,1.37
FreeSolv,MFGP,51,10.8,1.37
FreeSolv,MFGP,51,10.9,1.37
FreeSolv,MFGP,51,11.0,1.37
FreeSolv,MFGP,51,11.1,1.37
FreeSolv,MFGP,51,11.2,1.37
FreeSolv,MFGP,51,11.3,1.37
FreeSolv,MFGP,51,11.4,1.37
FreeSolv,MFGP,51,11.5,1.37
FreeSolv,MFGP,51,12.5,1.37
FreeSolv,MFGP,51,12.6,1.37
FreeSolv,MFGP,51,12.7,1.37
FreeSolv,MFGP,51,12.8,1.37
FreeSolv,MFGP,51,12.9,1.37
FreeSolv,MFGP,51,13.0,1.37
FreeSolv,MFGP,51,13.1,1.37
FreeSolv,MFGP,51,13.2,1.37
FreeSolv,MFGP,51,13.3,1.37
FreeSolv,MFGP,51,13.4,1.37
FreeSolv,MFGP,51,13.5,1.37
FreeSolv,MFGP,51,14.5,1.37
FreeSolv,MFGP,51,14.6,1.37
FreeSolv,MFGP,51,14.7,1.37
FreeSolv,MFGP,51,14.8,1.37
FreeSolv,MFGP,51,14.9,1.37
FreeSolv,MFGP,51,15.0,1.37
FreeSolv,MFGP,51,15.1,1.37
FreeSolv,MFGP,51,15.2,1.37
FreeSolv,MFGP,51,15.3,1.37
FreeSolv,MFGP,51,15.4,1.37
FreeSolv,MFGP,51,15.5,1.37
FreeSolv,MFGP,51,16.5,1.37
FreeSolv,MFGP,51,16.6,1.37
FreeSolv,MFGP,51,16.7,1.37
FreeSolv,MFGP,51,16.8,1.37
FreeSolv,MFGP,51,16.9,1.37
FreeSolv,MFGP,51,17.0,1.37
FreeSolv,MFGP,51,17.1,1.37
FreeSolv,MFGP,51,17.2,1.37
FreeSolv,MFGP,51,17.3,1.37
FreeSolv,MFGP,51,17.4,1.37
FreeSolv,MFGP,51,17.5,1.37
FreeSolv,MFGP,51,18.5,1.37
FreeSolv,MFGP,51,18.6,1.37
FreeSolv,MFGP,51,18.7,1.37
FreeSolv,MFGP,51,18.8,1.37
FreeSolv,MFGP,51,18.9,1.37
FreeSolv,MFGP,51,19.0,1.37
FreeSolv,MFGP,51,19.1,1.37
FreeSolv,MFGP,51,19.2,1.37
FreeSolv,MFGP,51,19.3,1.37
FreeSolv,MFGP,51,19.4,1.37
FreeSolv,MFGP,51,19.5,1.37
FreeSolv,MFGP,51,20.5,1.37
FreeSolv,MFGP,51,20.6,1.37
FreeSolv,MFGP,51,20.7,1.37
FreeSolv,MFGP,51,20.8,1.37
FreeSolv,MFGP,51,20.9,1.37
FreeSolv,MFGP,51,21.0,1.37
FreeSolv,MFGP,51,21.1,1.37
FreeSolv,MFGP,51,21.2,1.37
FreeSolv,MFGP,51,21.3,1.37
FreeSolv,MFGP,51,21.4,1.37
FreeSolv,MFGP,51,21.5,1.37
FreeSolv,MFGP,51,22.5,1.3200000000000005
FreeSolv,MFGP,51,22.6,1.3200000000000005
FreeSolv,MFGP,51,22.7,1.3200000000000005
FreeSolv,MFGP,51,22.8,1.3200000000000005
FreeSolv,MFGP,51,22.9,1.3200000000000005
FreeSolv,MFGP,51,23.0,1.3200000000000005
FreeSolv,MFGP,51,23.1,1.3200000000000005
FreeSolv,MFGP,51,23.2,1.3200000000000005
FreeSolv,MFGP,51,23.3,1.3200000000000005
FreeSolv,MFGP,51,23.4,1.3200000000000005
FreeSolv,MFGP,51,23.5,1.3200000000000005
FreeSolv,MFGP,51,24.5,1.3200000000000005
FreeSolv,MFGP,51,24.6,1.3200000000000005
FreeSolv,MFGP,51,24.7,1.3200000000000005
FreeSolv,MFGP,51,24.8,1.3200000000000005
FreeSolv,MFGP,51,24.9,1.3200000000000005
FreeSolv,MFGP,51,25.0,1.3200000000000005
FreeSolv,MFGP,51,25.1,1.3200000000000005
FreeSolv,MFGP,51,25.2,1.3200000000000005
FreeSolv,MFGP,51,25.3,1.3200000000000005
FreeSolv,MFGP,51,25.4,1.3200000000000005
FreeSolv,MFGP,51,25.5,1.3200000000000005
FreeSolv,MFGP,51,26.5,1.3200000000000005
FreeSolv,MFGP,51,26.6,1.3200000000000005
FreeSolv,MFGP,51,26.7,1.3200000000000005
FreeSolv,MFGP,51,26.8,1.3200000000000005
FreeSolv,MFGP,51,26.9,1.3200000000000005
FreeSolv,MFGP,51,27.0,1.3200000000000005
FreeSolv,MFGP,51,27.1,1.3200000000000005
FreeSolv,MFGP,51,27.2,1.3200000000000005
FreeSolv,MFGP,51,27.3,1.3200000000000005
FreeSolv,MFGP,51,27.4,1.3200000000000005
FreeSolv,MFGP,51,27.5,1.3200000000000005
FreeSolv,MFGP,51,28.5,1.3200000000000005
FreeSolv,MFGP,51,28.6,1.3200000000000005
FreeSolv,MFGP,51,28.7,1.3200000000000005
FreeSolv,MFGP,51,28.8,1.3200000000000005
FreeSolv,MFGP,51,28.9,1.3200000000000005
FreeSolv,MFGP,51,29.0,1.3200000000000005
FreeSolv,MFGP,51,29.1,1.3200000000000005
FreeSolv,MFGP,51,29.2,1.3200000000000005
FreeSolv,MFGP,51,29.3,1.3200000000000005
FreeSolv,MFGP,51,29.4,1.3200000000000005
FreeSolv,MFGP,51,29.5,1.3200000000000005
FreeSolv,MFGP,51,30.5,1.3200000000000005
FreeSolv,MFGP,51,30.6,1.3200000000000005
FreeSolv,MFGP,51,30.7,1.3200000000000005
FreeSolv,MFGP,51,30.8,1.3200000000000005
FreeSolv,MFGP,51,30.9,1.3200000000000005
FreeSolv,MFGP,51,31.0,1.3200000000000005
FreeSolv,MFGP,51,31.1,1.3200000000000005
FreeSolv,MFGP,51,31.2,1.3200000000000005
FreeSolv,MFGP,51,31.3,1.3200000000000005
FreeSolv,MFGP,51,31.4,1.3200000000000005
FreeSolv,MFGP,51,31.5,1.3200000000000005
FreeSolv,MFGP,51,32.5,1.3200000000000005
FreeSolv,MFGP,51,32.6,1.3200000000000005
FreeSolv,MFGP,51,32.7,1.3200000000000005
FreeSolv,MFGP,51,32.8,1.3200000000000005
FreeSolv,MFGP,51,32.9,1.3200000000000005
FreeSolv,MFGP,51,33.0,1.3200000000000005
FreeSolv,MFGP,51,33.1,1.3200000000000005
FreeSolv,MFGP,51,33.2,1.3200000000000005
FreeSolv,MFGP,51,33.3,1.3200000000000005
FreeSolv,MFGP,51,33.4,1.3200000000000005
FreeSolv,MFGP,51,33.5,1.3200000000000005
FreeSolv,MFGP,51,34.5,1.3200000000000005
FreeSolv,MFGP,51,34.6,1.3200000000000005
FreeSolv,MFGP,51,34.7,1.3200000000000005
FreeSolv,MFGP,51,34.8,1.3200000000000005
FreeSolv,MFGP,51,34.9,1.3200000000000005
FreeSolv,MFGP,51,35.0,1.3200000000000005
FreeSolv,MFGP,51,35.1,1.3200000000000005
FreeSolv,MFGP,51,35.2,1.3200000000000005
FreeSolv,MFGP,51,35.3,1.3200000000000005
FreeSolv,MFGP,51,35.4,1.3200000000000005
FreeSolv,MFGP,51,35.5,1.3200000000000005
FreeSolv,MFGP,51,36.5,1.3200000000000005
FreeSolv,MFGP,51,36.6,1.3200000000000005
FreeSolv,MFGP,51,36.7,1.3200000000000005
FreeSolv,MFGP,51,36.8,1.3200000000000005
FreeSolv,MFGP,51,36.9,1.3200000000000005
FreeSolv,MFGP,51,37.0,1.3200000000000005
FreeSolv,MFGP,51,37.1,1.3200000000000005
FreeSolv,MFGP,51,37.2,1.3200000000000005
FreeSolv,MFGP,51,37.3,1.3200000000000005
FreeSolv,MFGP,51,37.4,1.3200000000000005
FreeSolv,MFGP,51,37.5,1.3200000000000005
FreeSolv,MFGP,51,38.5,1.3200000000000005
FreeSolv,MFGP,51,38.6,1.3200000000000005
FreeSolv,MFGP,51,38.7,1.3200000000000005
FreeSolv,MFGP,51,38.8,1.3200000000000005
FreeSolv,MFGP,51,38.9,1.3200000000000005
FreeSolv,MFGP,51,39.0,1.3200000000000005
FreeSolv,MFGP,51,39.1,1.3200000000000005
FreeSolv,MFGP,51,39.2,1.3200000000000005
FreeSolv,MFGP,51,39.3,1.3200000000000005
FreeSolv,MFGP,51,39.4,1.3200000000000005
FreeSolv,MFGP,51,39.5,1.3200000000000005
FreeSolv,MFGP,51,40.5,1.3200000000000005
FreeSolv,MFGP,51,40.6,1.3200000000000005
FreeSolv,MFGP,51,40.7,1.3200000000000005
FreeSolv,MFGP,51,40.8,1.3200000000000005
FreeSolv,MFGP,51,40.9,1.3200000000000005
FreeSolv,MFGP,51,41.0,1.3200000000000005
FreeSolv,MFGP,51,41.1,1.3200000000000005
FreeSolv,MFGP,51,41.2,1.3200000000000005
FreeSolv,MFGP,51,41.3,1.3200000000000005
FreeSolv,MFGP,51,41.4,1.3200000000000005
FreeSolv,MFGP,51,41.5,1.3200000000000005
FreeSolv,MFGP,51,42.5,1.3200000000000005
FreeSolv,MFGP,51,42.6,1.3200000000000005
FreeSolv,MFGP,51,42.7,1.3200000000000005
FreeSolv,MFGP,51,42.8,1.3200000000000005
FreeSolv,MFGP,51,42.9,1.3200000000000005
FreeSolv,MFGP,51,43.0,1.3200000000000005
FreeSolv,MFGP,51,43.1,1.3200000000000005
FreeSolv,MFGP,51,43.2,1.3200000000000005
FreeSolv,MFGP,51,43.3,1.3200000000000005
FreeSolv,MFGP,51,43.4,1.3200000000000005
FreeSolv,MFGP,51,43.5,1.3200000000000005
FreeSolv,MFGP,51,44.5,1.3200000000000005
FreeSolv,MFGP,51,44.6,1.3200000000000005
FreeSolv,MFGP,51,44.7,1.3200000000000005
FreeSolv,MFGP,51,44.8,1.3200000000000005
FreeSolv,MFGP,51,44.9,1.3200000000000005
FreeSolv,MFGP,51,45.0,1.3200000000000005
FreeSolv,MFGP,51,45.1,1.3200000000000005
FreeSolv,MFGP,51,45.2,1.3200000000000005
FreeSolv,MFGP,51,45.3,1.3200000000000005
FreeSolv,MFGP,51,45.4,1.3200000000000005
FreeSolv,MFGP,51,45.5,1.3200000000000005
FreeSolv,MFGP,51,46.5,1.3200000000000005
FreeSolv,MFGP,51,46.6,1.3200000000000005
FreeSolv,MFGP,51,46.7,1.3200000000000005
FreeSolv,MFGP,51,46.8,1.3200000000000005
FreeSolv,MFGP,51,46.9,1.3200000000000005
FreeSolv,MFGP,51,47.0,1.3200000000000005
FreeSolv,MFGP,51,47.1,1.3200000000000005
FreeSolv,MFGP,51,47.2,1.3200000000000005
FreeSolv,MFGP,51,47.3,1.3200000000000005
FreeSolv,MFGP,51,47.4,1.3200000000000005
FreeSolv,MFGP,51,47.5,1.3200000000000005
FreeSolv,MFGP,51,48.5,1.3200000000000005
FreeSolv,MFGP,51,48.6,1.3200000000000005
FreeSolv,MFGP,51,48.7,1.3200000000000005
FreeSolv,MFGP,51,48.8,1.3200000000000005
FreeSolv,MFGP,51,48.9,1.3200000000000005
FreeSolv,MFGP,51,49.0,1.3200000000000005
FreeSolv,MFGP,51,49.1,1.3200000000000005
FreeSolv,MFGP,51,49.2,1.3200000000000005
FreeSolv,MFGP,51,49.3,1.3200000000000005
FreeSolv,MFGP,51,49.4,1.3200000000000005
FreeSolv,MFGP,51,49.5,1.3200000000000005
FreeSolv,MFGP,51,49.6,1.3200000000000005
FreeSolv,MFGP,51,49.7,1.3200000000000005
FreeSolv,MFGP,51,49.8,1.3200000000000005
FreeSolv,MFGP,51,49.9,1.3200000000000005
FreeSolv,MFGP,52,4.5,14.21
FreeSolv,MFGP,52,4.6,14.21
FreeSolv,MFGP,52,4.7,14.21
FreeSolv,MFGP,52,4.8,14.21
FreeSolv,MFGP,52,4.9,14.21
FreeSolv,MFGP,52,5.0,14.21
FreeSolv,MFGP,52,5.1,14.21
FreeSolv,MFGP,52,5.2,14.21
FreeSolv,MFGP,52,5.3,14.21
FreeSolv,MFGP,52,5.4,14.21
FreeSolv,MFGP,52,5.5,14.21
FreeSolv,MFGP,52,6.5,6.99
FreeSolv,MFGP,52,6.6,6.99
FreeSolv,MFGP,52,6.7,6.99
FreeSolv,MFGP,52,6.8,6.99
FreeSolv,MFGP,52,6.9,6.99
FreeSolv,MFGP,52,7.0,6.99
FreeSolv,MFGP,52,7.1,6.99
FreeSolv,MFGP,52,7.2,6.99
FreeSolv,MFGP,52,7.3,6.99
FreeSolv,MFGP,52,7.4,6.99
FreeSolv,MFGP,52,7.5,6.99
FreeSolv,MFGP,52,8.5,6.99
FreeSolv,MFGP,52,8.6,6.99
FreeSolv,MFGP,52,8.7,6.99
FreeSolv,MFGP,52,8.8,6.99
FreeSolv,MFGP,52,8.9,6.99
FreeSolv,MFGP,52,9.0,6.99
FreeSolv,MFGP,52,9.1,6.99
FreeSolv,MFGP,52,9.2,6.99
FreeSolv,MFGP,52,9.3,6.99
FreeSolv,MFGP,52,9.4,6.99
FreeSolv,MFGP,52,9.5,6.99
FreeSolv,MFGP,52,10.5,1.85
FreeSolv,MFGP,52,10.6,1.85
FreeSolv,MFGP,52,10.7,1.85
FreeSolv,MFGP,52,10.8,1.85
FreeSolv,MFGP,52,10.9,1.85
FreeSolv,MFGP,52,11.0,1.85
FreeSolv,MFGP,52,11.1,1.85
FreeSolv,MFGP,52,11.2,1.85
FreeSolv,MFGP,52,11.3,1.85
FreeSolv,MFGP,52,11.4,1.85
FreeSolv,MFGP,52,11.5,1.85
FreeSolv,MFGP,52,12.5,0.9500000000000002
FreeSolv,MFGP,52,12.6,0.9500000000000002
FreeSolv,MFGP,52,12.7,0.9500000000000002
FreeSolv,MFGP,52,12.8,0.9500000000000002
FreeSolv,MFGP,52,12.9,0.9500000000000002
FreeSolv,MFGP,52,13.0,0.9500000000000002
FreeSolv,MFGP,52,13.1,0.9500000000000002
FreeSolv,MFGP,52,13.2,0.9500000000000002
FreeSolv,MFGP,52,13.3,0.9500000000000002
FreeSolv,MFGP,52,13.4,0.9500000000000002
FreeSolv,MFGP,52,13.5,0.9500000000000002
FreeSolv,MFGP,52,14.5,0.54
FreeSolv,MFGP,52,14.6,0.54
FreeSolv,MFGP,52,14.7,0.54
FreeSolv,MFGP,52,14.8,0.54
FreeSolv,MFGP,52,14.9,0.54
FreeSolv,MFGP,52,15.0,0.54
FreeSolv,MFGP,52,15.1,0.54
FreeSolv,MFGP,52,15.2,0.54
FreeSolv,MFGP,52,15.3,0.54
FreeSolv,MFGP,52,15.4,0.54
FreeSolv,MFGP,52,15.5,0.54
FreeSolv,MFGP,52,16.5,0.54
FreeSolv,MFGP,52,16.6,0.54
FreeSolv,MFGP,52,16.7,0.54
FreeSolv,MFGP,52,16.8,0.54
FreeSolv,MFGP,52,16.9,0.54
FreeSolv,MFGP,52,17.0,0.54
FreeSolv,MFGP,52,17.1,0.54
FreeSolv,MFGP,52,17.2,0.54
FreeSolv,MFGP,52,17.3,0.54
FreeSolv,MFGP,52,17.4,0.54
FreeSolv,MFGP,52,17.5,0.54
FreeSolv,MFGP,52,18.5,0.54
FreeSolv,MFGP,52,18.6,0.54
FreeSolv,MFGP,52,18.7,0.54
FreeSolv,MFGP,52,18.8,0.54
FreeSolv,MFGP,52,18.9,0.54
FreeSolv,MFGP,52,19.0,0.54
FreeSolv,MFGP,52,19.1,0.54
FreeSolv,MFGP,52,19.2,0.54
FreeSolv,MFGP,52,19.3,0.54
FreeSolv,MFGP,52,19.4,0.54
FreeSolv,MFGP,52,19.5,0.54
FreeSolv,MFGP,52,20.5,0.54
FreeSolv,MFGP,52,20.6,0.54
FreeSolv,MFGP,52,20.7,0.54
FreeSolv,MFGP,52,20.8,0.54
FreeSolv,MFGP,52,20.9,0.54
FreeSolv,MFGP,52,21.0,0.54
FreeSolv,MFGP,52,21.1,0.54
FreeSolv,MFGP,52,21.2,0.54
FreeSolv,MFGP,52,21.3,0.54
FreeSolv,MFGP,52,21.4,0.54
FreeSolv,MFGP,52,21.5,0.54
FreeSolv,MFGP,52,22.5,0.54
FreeSolv,MFGP,52,22.6,0.54
FreeSolv,MFGP,52,22.7,0.54
FreeSolv,MFGP,52,22.8,0.54
FreeSolv,MFGP,52,22.9,0.54
FreeSolv,MFGP,52,23.0,0.54
FreeSolv,MFGP,52,23.1,0.54
FreeSolv,MFGP,52,23.2,0.54
FreeSolv,MFGP,52,23.3,0.54
FreeSolv,MFGP,52,23.4,0.54
FreeSolv,MFGP,52,23.5,0.54
FreeSolv,MFGP,52,24.5,0.54
FreeSolv,MFGP,52,24.6,0.54
FreeSolv,MFGP,52,24.7,0.54
FreeSolv,MFGP,52,24.8,0.54
FreeSolv,MFGP,52,24.9,0.54
FreeSolv,MFGP,52,25.0,0.54
FreeSolv,MFGP,52,25.1,0.54
FreeSolv,MFGP,52,25.2,0.54
FreeSolv,MFGP,52,25.3,0.54
FreeSolv,MFGP,52,25.4,0.54
FreeSolv,MFGP,52,25.5,0.54
FreeSolv,MFGP,52,26.5,0.54
FreeSolv,MFGP,52,26.6,0.54
FreeSolv,MFGP,52,26.7,0.54
FreeSolv,MFGP,52,26.8,0.54
FreeSolv,MFGP,52,26.9,0.54
FreeSolv,MFGP,52,27.0,0.54
FreeSolv,MFGP,52,27.1,0.54
FreeSolv,MFGP,52,27.2,0.54
FreeSolv,MFGP,52,27.3,0.54
FreeSolv,MFGP,52,27.4,0.54
FreeSolv,MFGP,52,27.5,0.54
FreeSolv,MFGP,52,28.5,0.54
FreeSolv,MFGP,52,28.6,0.54
FreeSolv,MFGP,52,28.7,0.54
FreeSolv,MFGP,52,28.8,0.54
FreeSolv,MFGP,52,28.9,0.54
FreeSolv,MFGP,52,29.0,0.54
FreeSolv,MFGP,52,29.1,0.54
FreeSolv,MFGP,52,29.2,0.54
FreeSolv,MFGP,52,29.3,0.54
FreeSolv,MFGP,52,29.4,0.54
FreeSolv,MFGP,52,29.5,0.54
FreeSolv,MFGP,52,30.5,0.54
FreeSolv,MFGP,52,30.6,0.54
FreeSolv,MFGP,52,30.7,0.54
FreeSolv,MFGP,52,30.8,0.54
FreeSolv,MFGP,52,30.9,0.54
FreeSolv,MFGP,52,31.0,0.54
FreeSolv,MFGP,52,31.1,0.54
FreeSolv,MFGP,52,31.2,0.54
FreeSolv,MFGP,52,31.3,0.54
FreeSolv,MFGP,52,31.4,0.54
FreeSolv,MFGP,52,31.5,0.54
FreeSolv,MFGP,52,32.5,0.54
FreeSolv,MFGP,52,32.6,0.54
FreeSolv,MFGP,52,32.7,0.54
FreeSolv,MFGP,52,32.8,0.54
FreeSolv,MFGP,52,32.9,0.54
FreeSolv,MFGP,52,33.0,0.54
FreeSolv,MFGP,52,33.1,0.54
FreeSolv,MFGP,52,33.2,0.54
FreeSolv,MFGP,52,33.3,0.54
FreeSolv,MFGP,52,33.4,0.54
FreeSolv,MFGP,52,33.5,0.54
FreeSolv,MFGP,52,34.5,0.54
FreeSolv,MFGP,52,34.6,0.54
FreeSolv,MFGP,52,34.7,0.54
FreeSolv,MFGP,52,34.8,0.54
FreeSolv,MFGP,52,34.9,0.54
FreeSolv,MFGP,52,35.0,0.54
FreeSolv,MFGP,52,35.1,0.54
FreeSolv,MFGP,52,35.2,0.54
FreeSolv,MFGP,52,35.3,0.54
FreeSolv,MFGP,52,35.4,0.54
FreeSolv,MFGP,52,35.5,0.54
FreeSolv,MFGP,52,36.5,0.54
FreeSolv,MFGP,52,36.6,0.54
FreeSolv,MFGP,52,36.7,0.54
FreeSolv,MFGP,52,36.8,0.54
FreeSolv,MFGP,52,36.9,0.54
FreeSolv,MFGP,52,37.0,0.54
FreeSolv,MFGP,52,37.1,0.54
FreeSolv,MFGP,52,37.2,0.54
FreeSolv,MFGP,52,37.3,0.54
FreeSolv,MFGP,52,37.4,0.54
FreeSolv,MFGP,52,37.5,0.54
FreeSolv,MFGP,52,38.5,0.54
FreeSolv,MFGP,52,38.6,0.54
FreeSolv,MFGP,52,38.7,0.54
FreeSolv,MFGP,52,38.8,0.54
FreeSolv,MFGP,52,38.9,0.54
FreeSolv,MFGP,52,39.0,0.54
FreeSolv,MFGP,52,39.1,0.54
FreeSolv,MFGP,52,39.2,0.54
FreeSolv,MFGP,52,39.3,0.54
FreeSolv,MFGP,52,39.4,0.54
FreeSolv,MFGP,52,39.5,0.54
FreeSolv,MFGP,52,40.5,0.54
FreeSolv,MFGP,52,40.6,0.54
FreeSolv,MFGP,52,40.7,0.54
FreeSolv,MFGP,52,40.8,0.54
FreeSolv,MFGP,52,40.9,0.54
FreeSolv,MFGP,52,41.0,0.54
FreeSolv,MFGP,52,41.1,0.54
FreeSolv,MFGP,52,41.2,0.54
FreeSolv,MFGP,52,41.3,0.54
FreeSolv,MFGP,52,41.4,0.54
FreeSolv,MFGP,52,41.5,0.54
FreeSolv,MFGP,52,42.5,0.54
FreeSolv,MFGP,52,42.6,0.54
FreeSolv,MFGP,52,42.7,0.54
FreeSolv,MFGP,52,42.8,0.54
FreeSolv,MFGP,52,42.9,0.54
FreeSolv,MFGP,52,43.0,0.54
FreeSolv,MFGP,52,43.1,0.54
FreeSolv,MFGP,52,43.2,0.54
FreeSolv,MFGP,52,43.3,0.54
FreeSolv,MFGP,52,43.4,0.54
FreeSolv,MFGP,52,43.5,0.54
FreeSolv,MFGP,52,44.5,0.54
FreeSolv,MFGP,52,44.6,0.54
FreeSolv,MFGP,52,44.7,0.54
FreeSolv,MFGP,52,44.8,0.54
FreeSolv,MFGP,52,44.9,0.54
FreeSolv,MFGP,52,45.0,0.54
FreeSolv,MFGP,52,45.1,0.54
FreeSolv,MFGP,52,45.2,0.54
FreeSolv,MFGP,52,45.3,0.54
FreeSolv,MFGP,52,45.4,0.54
FreeSolv,MFGP,52,45.5,0.54
FreeSolv,MFGP,52,46.5,0.54
FreeSolv,MFGP,52,46.6,0.54
FreeSolv,MFGP,52,46.7,0.54
FreeSolv,MFGP,52,46.8,0.54
FreeSolv,MFGP,52,46.9,0.54
FreeSolv,MFGP,52,47.0,0.54
FreeSolv,MFGP,52,47.1,0.54
FreeSolv,MFGP,52,47.2,0.54
FreeSolv,MFGP,52,47.3,0.54
FreeSolv,MFGP,52,47.4,0.54
FreeSolv,MFGP,52,47.5,0.54
FreeSolv,MFGP,52,48.5,0.54
FreeSolv,MFGP,52,48.6,0.54
FreeSolv,MFGP,52,48.7,0.54
FreeSolv,MFGP,52,48.8,0.54
FreeSolv,MFGP,52,48.9,0.54
FreeSolv,MFGP,52,49.0,0.54
FreeSolv,MFGP,52,49.1,0.54
FreeSolv,MFGP,52,49.2,0.54
FreeSolv,MFGP,52,49.3,0.54
FreeSolv,MFGP,52,49.4,0.54
FreeSolv,MFGP,52,49.5,0.54
FreeSolv,MFGP,52,49.6,0.54
FreeSolv,MFGP,52,49.7,0.54
FreeSolv,MFGP,52,49.8,0.54
FreeSolv,MFGP,52,49.9,0.54
FreeSolv,MFGP,53,4.5,10.11
FreeSolv,MFGP,53,4.6,10.11
FreeSolv,MFGP,53,4.7,10.11
FreeSolv,MFGP,53,4.8,10.11
FreeSolv,MFGP,53,4.9,10.11
FreeSolv,MFGP,53,5.0,10.11
FreeSolv,MFGP,53,5.1,10.11
FreeSolv,MFGP,53,5.2,10.11
FreeSolv,MFGP,53,5.3,10.11
FreeSolv,MFGP,53,5.4,10.11
FreeSolv,MFGP,53,5.5,10.11
FreeSolv,MFGP,53,6.5,7.24
FreeSolv,MFGP,53,6.6,7.24
FreeSolv,MFGP,53,6.7,7.24
FreeSolv,MFGP,53,6.8,7.24
FreeSolv,MFGP,53,6.9,7.24
FreeSolv,MFGP,53,7.0,7.24
FreeSolv,MFGP,53,7.1,7.24
FreeSolv,MFGP,53,7.2,7.24
FreeSolv,MFGP,53,7.3,7.24
FreeSolv,MFGP,53,7.4,7.24
FreeSolv,MFGP,53,7.5,7.24
FreeSolv,MFGP,53,8.5,7.24
FreeSolv,MFGP,53,8.6,7.24
FreeSolv,MFGP,53,8.7,7.24
FreeSolv,MFGP,53,8.8,7.24
FreeSolv,MFGP,53,8.9,7.24
FreeSolv,MFGP,53,9.0,7.24
FreeSolv,MFGP,53,9.1,7.24
FreeSolv,MFGP,53,9.2,7.24
FreeSolv,MFGP,53,9.3,7.24
FreeSolv,MFGP,53,9.4,7.24
FreeSolv,MFGP,53,9.5,7.24
FreeSolv,MFGP,53,10.5,7.24
FreeSolv,MFGP,53,10.6,7.24
FreeSolv,MFGP,53,10.7,7.24
FreeSolv,MFGP,53,10.8,7.24
FreeSolv,MFGP,53,10.9,7.24
FreeSolv,MFGP,53,11.0,7.24
FreeSolv,MFGP,53,11.1,7.24
FreeSolv,MFGP,53,11.2,7.24
FreeSolv,MFGP,53,11.3,7.24
FreeSolv,MFGP,53,11.4,7.24
FreeSolv,MFGP,53,11.5,7.24
FreeSolv,MFGP,53,12.5,7.24
FreeSolv,MFGP,53,12.6,7.24
FreeSolv,MFGP,53,12.7,7.24
FreeSolv,MFGP,53,12.8,7.24
FreeSolv,MFGP,53,12.9,7.24
FreeSolv,MFGP,53,13.0,7.24
FreeSolv,MFGP,53,13.1,7.24
FreeSolv,MFGP,53,13.2,7.24
FreeSolv,MFGP,53,13.3,7.24
FreeSolv,MFGP,53,13.4,7.24
FreeSolv,MFGP,53,13.5,7.24
FreeSolv,MFGP,53,14.5,4.59
FreeSolv,MFGP,53,14.6,4.59
FreeSolv,MFGP,53,14.7,4.59
FreeSolv,MFGP,53,14.8,4.59
FreeSolv,MFGP,53,14.9,4.59
FreeSolv,MFGP,53,15.0,4.59
FreeSolv,MFGP,53,15.1,4.59
FreeSolv,MFGP,53,15.2,4.59
FreeSolv,MFGP,53,15.3,4.59
FreeSolv,MFGP,53,15.4,4.59
FreeSolv,MFGP,53,15.5,4.59
FreeSolv,MFGP,53,16.5,4.59
FreeSolv,MFGP,53,16.6,4.59
FreeSolv,MFGP,53,16.7,4.59
FreeSolv,MFGP,53,16.8,4.59
FreeSolv,MFGP,53,16.9,4.59
FreeSolv,MFGP,53,17.0,4.59
FreeSolv,MFGP,53,17.1,4.59
FreeSolv,MFGP,53,17.2,4.59
FreeSolv,MFGP,53,17.3,4.59
FreeSolv,MFGP,53,17.4,4.59
FreeSolv,MFGP,53,17.5,4.59
FreeSolv,MFGP,53,18.5,3.53
FreeSolv,MFGP,53,18.6,3.53
FreeSolv,MFGP,53,18.7,3.53
FreeSolv,MFGP,53,18.8,3.53
FreeSolv,MFGP,53,18.9,3.53
FreeSolv,MFGP,53,19.0,3.53
FreeSolv,MFGP,53,19.1,3.53
FreeSolv,MFGP,53,19.2,3.53
FreeSolv,MFGP,53,19.3,3.53
FreeSolv,MFGP,53,19.4,3.53
FreeSolv,MFGP,53,19.5,3.53
FreeSolv,MFGP,53,20.5,1.5100000000000002
FreeSolv,MFGP,53,20.6,1.5100000000000002
FreeSolv,MFGP,53,20.7,1.5100000000000002
FreeSolv,MFGP,53,20.8,1.5100000000000002
FreeSolv,MFGP,53,20.9,1.5100000000000002
FreeSolv,MFGP,53,21.0,1.5100000000000002
FreeSolv,MFGP,53,21.1,1.5100000000000002
FreeSolv,MFGP,53,21.2,1.5100000000000002
FreeSolv,MFGP,53,21.3,1.5100000000000002
FreeSolv,MFGP,53,21.4,1.5100000000000002
FreeSolv,MFGP,53,21.5,1.5100000000000002
FreeSolv,MFGP,53,22.5,0.9200000000000004
FreeSolv,MFGP,53,22.6,0.9200000000000004
FreeSolv,MFGP,53,22.7,0.9200000000000004
FreeSolv,MFGP,53,22.8,0.9200000000000004
FreeSolv,MFGP,53,22.9,0.9200000000000004
FreeSolv,MFGP,53,23.0,0.9200000000000004
FreeSolv,MFGP,53,23.1,0.9200000000000004
FreeSolv,MFGP,53,23.2,0.9200000000000004
FreeSolv,MFGP,53,23.3,0.9200000000000004
FreeSolv,MFGP,53,23.4,0.9200000000000004
FreeSolv,MFGP,53,23.5,0.9200000000000004
FreeSolv,MFGP,53,24.5,0.9200000000000004
FreeSolv,MFGP,53,24.6,0.9200000000000004
FreeSolv,MFGP,53,24.7,0.9200000000000004
FreeSolv,MFGP,53,24.8,0.9200000000000004
FreeSolv,MFGP,53,24.9,0.9200000000000004
FreeSolv,MFGP,53,25.0,0.9200000000000004
FreeSolv,MFGP,53,25.1,0.9200000000000004
FreeSolv,MFGP,53,25.2,0.9200000000000004
FreeSolv,MFGP,53,25.3,0.9200000000000004
FreeSolv,MFGP,53,25.4,0.9200000000000004
FreeSolv,MFGP,53,25.5,0.9200000000000004
FreeSolv,MFGP,53,26.5,0.27
FreeSolv,MFGP,53,26.6,0.27
FreeSolv,MFGP,53,26.7,0.27
FreeSolv,MFGP,53,26.8,0.27
FreeSolv,MFGP,53,26.9,0.27
FreeSolv,MFGP,53,27.0,0.27
FreeSolv,MFGP,53,27.1,0.27
FreeSolv,MFGP,53,27.2,0.27
FreeSolv,MFGP,53,27.3,0.27
FreeSolv,MFGP,53,27.4,0.27
FreeSolv,MFGP,53,27.5,0.27
FreeSolv,MFGP,53,28.5,0.27
FreeSolv,MFGP,53,28.6,0.27
FreeSolv,MFGP,53,28.7,0.27
FreeSolv,MFGP,53,28.8,0.27
FreeSolv,MFGP,53,28.9,0.27
FreeSolv,MFGP,53,29.0,0.27
FreeSolv,MFGP,53,29.1,0.27
FreeSolv,MFGP,53,29.2,0.27
FreeSolv,MFGP,53,29.3,0.27
FreeSolv,MFGP,53,29.4,0.27
FreeSolv,MFGP,53,29.5,0.27
FreeSolv,MFGP,53,30.5,0.27
FreeSolv,MFGP,53,30.6,0.27
FreeSolv,MFGP,53,30.7,0.27
FreeSolv,MFGP,53,30.8,0.27
FreeSolv,MFGP,53,30.9,0.27
FreeSolv,MFGP,53,31.0,0.27
FreeSolv,MFGP,53,31.1,0.27
FreeSolv,MFGP,53,31.2,0.27
FreeSolv,MFGP,53,31.3,0.27
FreeSolv,MFGP,53,31.4,0.27
FreeSolv,MFGP,53,31.5,0.27
FreeSolv,MFGP,53,32.5,0.27
FreeSolv,MFGP,53,32.6,0.27
FreeSolv,MFGP,53,32.7,0.27
FreeSolv,MFGP,53,32.8,0.27
FreeSolv,MFGP,53,32.9,0.27
FreeSolv,MFGP,53,33.0,0.27
FreeSolv,MFGP,53,33.1,0.27
FreeSolv,MFGP,53,33.2,0.27
FreeSolv,MFGP,53,33.3,0.27
FreeSolv,MFGP,53,33.4,0.27
FreeSolv,MFGP,53,33.5,0.27
FreeSolv,MFGP,53,34.5,0.27
FreeSolv,MFGP,53,34.6,0.27
FreeSolv,MFGP,53,34.7,0.27
FreeSolv,MFGP,53,34.8,0.27
FreeSolv,MFGP,53,34.9,0.27
FreeSolv,MFGP,53,35.0,0.27
FreeSolv,MFGP,53,35.1,0.27
FreeSolv,MFGP,53,35.2,0.27
FreeSolv,MFGP,53,35.3,0.27
FreeSolv,MFGP,53,35.4,0.27
FreeSolv,MFGP,53,35.5,0.27
FreeSolv,MFGP,53,36.5,0.27
FreeSolv,MFGP,53,36.6,0.27
FreeSolv,MFGP,53,36.7,0.27
FreeSolv,MFGP,53,36.8,0.27
FreeSolv,MFGP,53,36.9,0.27
FreeSolv,MFGP,53,37.0,0.27
FreeSolv,MFGP,53,37.1,0.27
FreeSolv,MFGP,53,37.2,0.27
FreeSolv,MFGP,53,37.3,0.27
FreeSolv,MFGP,53,37.4,0.27
FreeSolv,MFGP,53,37.5,0.27
FreeSolv,MFGP,53,38.5,0.27
FreeSolv,MFGP,53,38.6,0.27
FreeSolv,MFGP,53,38.7,0.27
FreeSolv,MFGP,53,38.8,0.27
FreeSolv,MFGP,53,38.9,0.27
FreeSolv,MFGP,53,39.0,0.27
FreeSolv,MFGP,53,39.1,0.27
FreeSolv,MFGP,53,39.2,0.27
FreeSolv,MFGP,53,39.3,0.27
FreeSolv,MFGP,53,39.4,0.27
FreeSolv,MFGP,53,39.5,0.27
FreeSolv,MFGP,53,40.5,0.27
FreeSolv,MFGP,53,40.6,0.27
FreeSolv,MFGP,53,40.7,0.27
FreeSolv,MFGP,53,40.8,0.27
FreeSolv,MFGP,53,40.9,0.27
FreeSolv,MFGP,53,41.0,0.27
FreeSolv,MFGP,53,41.1,0.27
FreeSolv,MFGP,53,41.2,0.27
FreeSolv,MFGP,53,41.3,0.27
FreeSolv,MFGP,53,41.4,0.27
FreeSolv,MFGP,53,41.5,0.27
FreeSolv,MFGP,53,42.5,0.27
FreeSolv,MFGP,53,42.6,0.27
FreeSolv,MFGP,53,42.7,0.27
FreeSolv,MFGP,53,42.8,0.27
FreeSolv,MFGP,53,42.9,0.27
FreeSolv,MFGP,53,43.0,0.27
FreeSolv,MFGP,53,43.1,0.27
FreeSolv,MFGP,53,43.2,0.27
FreeSolv,MFGP,53,43.3,0.27
FreeSolv,MFGP,53,43.4,0.27
FreeSolv,MFGP,53,43.5,0.27
FreeSolv,MFGP,53,44.5,0.27
FreeSolv,MFGP,53,44.6,0.27
FreeSolv,MFGP,53,44.7,0.27
FreeSolv,MFGP,53,44.8,0.27
FreeSolv,MFGP,53,44.9,0.27
FreeSolv,MFGP,53,45.0,0.27
FreeSolv,MFGP,53,45.1,0.27
FreeSolv,MFGP,53,45.2,0.27
FreeSolv,MFGP,53,45.3,0.27
FreeSolv,MFGP,53,45.4,0.27
FreeSolv,MFGP,53,45.5,0.27
FreeSolv,MFGP,53,46.5,0.27
FreeSolv,MFGP,53,46.6,0.27
FreeSolv,MFGP,53,46.7,0.27
FreeSolv,MFGP,53,46.8,0.27
FreeSolv,MFGP,53,46.9,0.27
FreeSolv,MFGP,53,47.0,0.27
FreeSolv,MFGP,53,47.1,0.27
FreeSolv,MFGP,53,47.2,0.27
FreeSolv,MFGP,53,47.3,0.27
FreeSolv,MFGP,53,47.4,0.27
FreeSolv,MFGP,53,47.5,0.27
FreeSolv,MFGP,53,48.5,0.27
FreeSolv,MFGP,53,48.6,0.27
FreeSolv,MFGP,53,48.7,0.27
FreeSolv,MFGP,53,48.8,0.27
FreeSolv,MFGP,53,48.9,0.27
FreeSolv,MFGP,53,49.0,0.27
FreeSolv,MFGP,53,49.1,0.27
FreeSolv,MFGP,53,49.2,0.27
FreeSolv,MFGP,53,49.3,0.27
FreeSolv,MFGP,53,49.4,0.27
FreeSolv,MFGP,53,49.5,0.27
FreeSolv,MFGP,53,49.6,0.27
FreeSolv,MFGP,53,49.7,0.27
FreeSolv,MFGP,53,49.8,0.27
FreeSolv,MFGP,53,49.9,0.27
FreeSolv,MFGP,54,4.5,0.5
FreeSolv,MFGP,54,4.6,0.5
FreeSolv,MFGP,54,4.7,0.5
FreeSolv,MFGP,54,4.8,0.5
FreeSolv,MFGP,54,4.9,0.5
FreeSolv,MFGP,54,5.0,0.5
FreeSolv,MFGP,54,5.1,0.5
FreeSolv,MFGP,54,5.2,0.5
FreeSolv,MFGP,54,5.3,0.5
FreeSolv,MFGP,54,5.4,0.5
FreeSolv,MFGP,54,5.5,0.5
FreeSolv,MFGP,54,6.5,0.5
FreeSolv,MFGP,54,6.6,0.5
FreeSolv,MFGP,54,6.7,0.5
FreeSolv,MFGP,54,6.8,0.5
FreeSolv,MFGP,54,6.9,0.5
FreeSolv,MFGP,54,7.0,0.5
FreeSolv,MFGP,54,7.1,0.5
FreeSolv,MFGP,54,7.2,0.5
FreeSolv,MFGP,54,7.3,0.5
FreeSolv,MFGP,54,7.4,0.5
FreeSolv,MFGP,54,7.5,0.5
FreeSolv,MFGP,54,8.5,0.5
FreeSolv,MFGP,54,8.6,0.5
FreeSolv,MFGP,54,8.7,0.5
FreeSolv,MFGP,54,8.8,0.5
FreeSolv,MFGP,54,8.9,0.5
FreeSolv,MFGP,54,9.0,0.5
FreeSolv,MFGP,54,9.1,0.5
FreeSolv,MFGP,54,9.2,0.5
FreeSolv,MFGP,54,9.3,0.5
FreeSolv,MFGP,54,9.4,0.5
FreeSolv,MFGP,54,9.5,0.5
FreeSolv,MFGP,54,10.5,0.5
FreeSolv,MFGP,54,10.6,0.5
FreeSolv,MFGP,54,10.7,0.5
FreeSolv,MFGP,54,10.8,0.5
FreeSolv,MFGP,54,10.9,0.5
FreeSolv,MFGP,54,11.0,0.5
FreeSolv,MFGP,54,11.1,0.5
FreeSolv,MFGP,54,11.2,0.5
FreeSolv,MFGP,54,11.3,0.5
FreeSolv,MFGP,54,11.4,0.5
FreeSolv,MFGP,54,11.5,0.5
FreeSolv,MFGP,54,12.5,0.5
FreeSolv,MFGP,54,12.6,0.5
FreeSolv,MFGP,54,12.7,0.5
FreeSolv,MFGP,54,12.8,0.5
FreeSolv,MFGP,54,12.9,0.5
FreeSolv,MFGP,54,13.0,0.5
FreeSolv,MFGP,54,13.1,0.5
FreeSolv,MFGP,54,13.2,0.5
FreeSolv,MFGP,54,13.3,0.5
FreeSolv,MFGP,54,13.4,0.5
FreeSolv,MFGP,54,13.5,0.5
FreeSolv,MFGP,54,14.5,0.5
FreeSolv,MFGP,54,14.6,0.5
FreeSolv,MFGP,54,14.7,0.5
FreeSolv,MFGP,54,14.8,0.5
FreeSolv,MFGP,54,14.9,0.5
FreeSolv,MFGP,54,15.0,0.5
FreeSolv,MFGP,54,15.1,0.5
FreeSolv,MFGP,54,15.2,0.5
FreeSolv,MFGP,54,15.3,0.5
FreeSolv,MFGP,54,15.4,0.5
FreeSolv,MFGP,54,15.5,0.5
FreeSolv,MFGP,54,16.5,0.5
FreeSolv,MFGP,54,16.6,0.5
FreeSolv,MFGP,54,16.7,0.5
FreeSolv,MFGP,54,16.8,0.5
FreeSolv,MFGP,54,16.9,0.5
FreeSolv,MFGP,54,17.0,0.5
FreeSolv,MFGP,54,17.1,0.5
FreeSolv,MFGP,54,17.2,0.5
FreeSolv,MFGP,54,17.3,0.5
FreeSolv,MFGP,54,17.4,0.5
FreeSolv,MFGP,54,17.5,0.5
FreeSolv,MFGP,54,18.5,0.5
FreeSolv,MFGP,54,18.6,0.5
FreeSolv,MFGP,54,18.7,0.5
FreeSolv,MFGP,54,18.8,0.5
FreeSolv,MFGP,54,18.9,0.5
FreeSolv,MFGP,54,19.0,0.5
FreeSolv,MFGP,54,19.1,0.5
FreeSolv,MFGP,54,19.2,0.5
FreeSolv,MFGP,54,19.3,0.5
FreeSolv,MFGP,54,19.4,0.5
FreeSolv,MFGP,54,19.5,0.5
FreeSolv,MFGP,54,20.5,0.3000000000000002
FreeSolv,MFGP,54,20.6,0.3000000000000002
FreeSolv,MFGP,54,20.7,0.3000000000000002
FreeSolv,MFGP,54,20.8,0.3000000000000002
FreeSolv,MFGP,54,20.9,0.3000000000000002
FreeSolv,MFGP,54,21.0,0.3000000000000002
FreeSolv,MFGP,54,21.1,0.3000000000000002
FreeSolv,MFGP,54,21.2,0.3000000000000002
FreeSolv,MFGP,54,21.3,0.3000000000000002
FreeSolv,MFGP,54,21.4,0.3000000000000002
FreeSolv,MFGP,54,21.5,0.3000000000000002
FreeSolv,MFGP,54,22.5,0.3000000000000002
FreeSolv,MFGP,54,22.6,0.3000000000000002
FreeSolv,MFGP,54,22.7,0.3000000000000002
FreeSolv,MFGP,54,22.8,0.3000000000000002
FreeSolv,MFGP,54,22.9,0.3000000000000002
FreeSolv,MFGP,54,23.0,0.3000000000000002
FreeSolv,MFGP,54,23.1,0.3000000000000002
FreeSolv,MFGP,54,23.2,0.3000000000000002
FreeSolv,MFGP,54,23.3,0.3000000000000002
FreeSolv,MFGP,54,23.4,0.3000000000000002
FreeSolv,MFGP,54,23.5,0.3000000000000002
FreeSolv,MFGP,54,24.5,0.3000000000000002
FreeSolv,MFGP,54,24.6,0.3000000000000002
FreeSolv,MFGP,54,24.7,0.3000000000000002
FreeSolv,MFGP,54,24.8,0.3000000000000002
FreeSolv,MFGP,54,24.9,0.3000000000000002
FreeSolv,MFGP,54,25.0,0.3000000000000002
FreeSolv,MFGP,54,25.1,0.3000000000000002
FreeSolv,MFGP,54,25.2,0.3000000000000002
FreeSolv,MFGP,54,25.3,0.3000000000000002
FreeSolv,MFGP,54,25.4,0.3000000000000002
FreeSolv,MFGP,54,25.5,0.3000000000000002
FreeSolv,MFGP,54,26.5,0.3000000000000002
FreeSolv,MFGP,54,26.6,0.3000000000000002
FreeSolv,MFGP,54,26.7,0.3000000000000002
FreeSolv,MFGP,54,26.8,0.3000000000000002
FreeSolv,MFGP,54,26.9,0.3000000000000002
FreeSolv,MFGP,54,27.0,0.3000000000000002
FreeSolv,MFGP,54,27.1,0.3000000000000002
FreeSolv,MFGP,54,27.2,0.3000000000000002
FreeSolv,MFGP,54,27.3,0.3000000000000002
FreeSolv,MFGP,54,27.4,0.3000000000000002
FreeSolv,MFGP,54,27.5,0.3000000000000002
FreeSolv,MFGP,54,28.5,0.3000000000000002
FreeSolv,MFGP,54,28.6,0.3000000000000002
FreeSolv,MFGP,54,28.7,0.3000000000000002
FreeSolv,MFGP,54,28.8,0.3000000000000002
FreeSolv,MFGP,54,28.9,0.3000000000000002
FreeSolv,MFGP,54,29.0,0.3000000000000002
FreeSolv,MFGP,54,29.1,0.3000000000000002
FreeSolv,MFGP,54,29.2,0.3000000000000002
FreeSolv,MFGP,54,29.3,0.3000000000000002
FreeSolv,MFGP,54,29.4,0.3000000000000002
FreeSolv,MFGP,54,29.5,0.3000000000000002
FreeSolv,MFGP,54,30.5,0.3000000000000002
FreeSolv,MFGP,54,30.6,0.3000000000000002
FreeSolv,MFGP,54,30.7,0.3000000000000002
FreeSolv,MFGP,54,30.8,0.3000000000000002
FreeSolv,MFGP,54,30.9,0.3000000000000002
FreeSolv,MFGP,54,31.0,0.3000000000000002
FreeSolv,MFGP,54,31.1,0.3000000000000002
FreeSolv,MFGP,54,31.2,0.3000000000000002
FreeSolv,MFGP,54,31.3,0.3000000000000002
FreeSolv,MFGP,54,31.4,0.3000000000000002
FreeSolv,MFGP,54,31.5,0.3000000000000002
FreeSolv,MFGP,54,32.5,0.3000000000000002
FreeSolv,MFGP,54,32.6,0.3000000000000002
FreeSolv,MFGP,54,32.7,0.3000000000000002
FreeSolv,MFGP,54,32.8,0.3000000000000002
FreeSolv,MFGP,54,32.9,0.3000000000000002
FreeSolv,MFGP,54,33.0,0.3000000000000002
FreeSolv,MFGP,54,33.1,0.3000000000000002
FreeSolv,MFGP,54,33.2,0.3000000000000002
FreeSolv,MFGP,54,33.3,0.3000000000000002
FreeSolv,MFGP,54,33.4,0.3000000000000002
FreeSolv,MFGP,54,33.5,0.3000000000000002
FreeSolv,MFGP,54,34.5,0.3000000000000002
FreeSolv,MFGP,54,34.6,0.3000000000000002
FreeSolv,MFGP,54,34.7,0.3000000000000002
FreeSolv,MFGP,54,34.8,0.3000000000000002
FreeSolv,MFGP,54,34.9,0.3000000000000002
FreeSolv,MFGP,54,35.0,0.3000000000000002
FreeSolv,MFGP,54,35.1,0.3000000000000002
FreeSolv,MFGP,54,35.2,0.3000000000000002
FreeSolv,MFGP,54,35.3,0.3000000000000002
FreeSolv,MFGP,54,35.4,0.3000000000000002
FreeSolv,MFGP,54,35.5,0.3000000000000002
FreeSolv,MFGP,54,36.5,0.3000000000000002
FreeSolv,MFGP,54,36.6,0.3000000000000002
FreeSolv,MFGP,54,36.7,0.3000000000000002
FreeSolv,MFGP,54,36.8,0.3000000000000002
FreeSolv,MFGP,54,36.9,0.3000000000000002
FreeSolv,MFGP,54,37.0,0.3000000000000002
FreeSolv,MFGP,54,37.1,0.3000000000000002
FreeSolv,MFGP,54,37.2,0.3000000000000002
FreeSolv,MFGP,54,37.3,0.3000000000000002
FreeSolv,MFGP,54,37.4,0.3000000000000002
FreeSolv,MFGP,54,37.5,0.3000000000000002
FreeSolv,MFGP,54,38.5,0.3000000000000002
FreeSolv,MFGP,54,38.6,0.3000000000000002
FreeSolv,MFGP,54,38.7,0.3000000000000002
FreeSolv,MFGP,54,38.8,0.3000000000000002
FreeSolv,MFGP,54,38.9,0.3000000000000002
FreeSolv,MFGP,54,39.0,0.3000000000000002
FreeSolv,MFGP,54,39.1,0.3000000000000002
FreeSolv,MFGP,54,39.2,0.3000000000000002
FreeSolv,MFGP,54,39.3,0.3000000000000002
FreeSolv,MFGP,54,39.4,0.3000000000000002
FreeSolv,MFGP,54,39.5,0.3000000000000002
FreeSolv,MFGP,54,40.5,0.3000000000000002
FreeSolv,MFGP,54,40.6,0.3000000000000002
FreeSolv,MFGP,54,40.7,0.3000000000000002
FreeSolv,MFGP,54,40.8,0.3000000000000002
FreeSolv,MFGP,54,40.9,0.3000000000000002
FreeSolv,MFGP,54,41.0,0.3000000000000002
FreeSolv,MFGP,54,41.1,0.3000000000000002
FreeSolv,MFGP,54,41.2,0.3000000000000002
FreeSolv,MFGP,54,41.3,0.3000000000000002
FreeSolv,MFGP,54,41.4,0.3000000000000002
FreeSolv,MFGP,54,41.5,0.3000000000000002
FreeSolv,MFGP,54,42.5,0.3000000000000002
FreeSolv,MFGP,54,42.6,0.3000000000000002
FreeSolv,MFGP,54,42.7,0.3000000000000002
FreeSolv,MFGP,54,42.8,0.3000000000000002
FreeSolv,MFGP,54,42.9,0.3000000000000002
FreeSolv,MFGP,54,43.0,0.3000000000000002
FreeSolv,MFGP,54,43.1,0.3000000000000002
FreeSolv,MFGP,54,43.2,0.3000000000000002
FreeSolv,MFGP,54,43.3,0.3000000000000002
FreeSolv,MFGP,54,43.4,0.3000000000000002
FreeSolv,MFGP,54,43.5,0.3000000000000002
FreeSolv,MFGP,54,44.5,0.3000000000000002
FreeSolv,MFGP,54,44.6,0.3000000000000002
FreeSolv,MFGP,54,44.7,0.3000000000000002
FreeSolv,MFGP,54,44.8,0.3000000000000002
FreeSolv,MFGP,54,44.9,0.3000000000000002
FreeSolv,MFGP,54,45.0,0.3000000000000002
FreeSolv,MFGP,54,45.1,0.3000000000000002
FreeSolv,MFGP,54,45.2,0.3000000000000002
FreeSolv,MFGP,54,45.3,0.3000000000000002
FreeSolv,MFGP,54,45.4,0.3000000000000002
FreeSolv,MFGP,54,45.5,0.3000000000000002
FreeSolv,MFGP,54,46.5,0.3000000000000002
FreeSolv,MFGP,54,46.6,0.3000000000000002
FreeSolv,MFGP,54,46.7,0.3000000000000002
FreeSolv,MFGP,54,46.8,0.3000000000000002
FreeSolv,MFGP,54,46.9,0.3000000000000002
FreeSolv,MFGP,54,47.0,0.3000000000000002
FreeSolv,MFGP,54,47.1,0.3000000000000002
FreeSolv,MFGP,54,47.2,0.3000000000000002
FreeSolv,MFGP,54,47.3,0.3000000000000002
FreeSolv,MFGP,54,47.4,0.3000000000000002
FreeSolv,MFGP,54,47.5,0.3000000000000002
FreeSolv,MFGP,54,48.5,0.3000000000000002
FreeSolv,MFGP,54,48.6,0.3000000000000002
FreeSolv,MFGP,54,48.7,0.3000000000000002
FreeSolv,MFGP,54,48.8,0.3000000000000002
FreeSolv,MFGP,54,48.9,0.3000000000000002
FreeSolv,MFGP,54,49.0,0.3000000000000002
FreeSolv,MFGP,54,49.1,0.3000000000000002
FreeSolv,MFGP,54,49.2,0.3000000000000002
FreeSolv,MFGP,54,49.3,0.3000000000000002
FreeSolv,MFGP,54,49.4,0.3000000000000002
FreeSolv,MFGP,54,49.5,0.3000000000000002
FreeSolv,MFGP,54,49.6,0.3000000000000002
FreeSolv,MFGP,54,49.7,0.3000000000000002
FreeSolv,MFGP,54,49.8,0.3000000000000002
FreeSolv,MFGP,54,49.9,0.3000000000000002
FreeSolv,MFGP,55,4.5,0.5
FreeSolv,MFGP,55,4.6,0.5
FreeSolv,MFGP,55,4.7,0.5
FreeSolv,MFGP,55,4.8,0.5
FreeSolv,MFGP,55,4.9,0.5
FreeSolv,MFGP,55,5.0,0.5
FreeSolv,MFGP,55,5.1,0.5
FreeSolv,MFGP,55,5.2,0.5
FreeSolv,MFGP,55,5.3,0.5
FreeSolv,MFGP,55,5.4,0.5
FreeSolv,MFGP,55,5.5,0.5
FreeSolv,MFGP,55,6.5,0.5
FreeSolv,MFGP,55,6.6,0.5
FreeSolv,MFGP,55,6.7,0.5
FreeSolv,MFGP,55,6.8,0.5
FreeSolv,MFGP,55,6.9,0.5
FreeSolv,MFGP,55,7.0,0.5
FreeSolv,MFGP,55,7.1,0.5
FreeSolv,MFGP,55,7.2,0.5
FreeSolv,MFGP,55,7.3,0.5
FreeSolv,MFGP,55,7.4,0.5
FreeSolv,MFGP,55,7.5,0.5
FreeSolv,MFGP,55,8.5,0.5
FreeSolv,MFGP,55,8.6,0.5
FreeSolv,MFGP,55,8.7,0.5
FreeSolv,MFGP,55,8.8,0.5
FreeSolv,MFGP,55,8.9,0.5
FreeSolv,MFGP,55,9.0,0.5
FreeSolv,MFGP,55,9.1,0.5
FreeSolv,MFGP,55,9.2,0.5
FreeSolv,MFGP,55,9.3,0.5
FreeSolv,MFGP,55,9.4,0.5
FreeSolv,MFGP,55,9.5,0.5
FreeSolv,MFGP,55,10.5,0.5
FreeSolv,MFGP,55,10.6,0.5
FreeSolv,MFGP,55,10.7,0.5
FreeSolv,MFGP,55,10.8,0.5
FreeSolv,MFGP,55,10.9,0.5
FreeSolv,MFGP,55,11.0,0.5
FreeSolv,MFGP,55,11.1,0.5
FreeSolv,MFGP,55,11.2,0.5
FreeSolv,MFGP,55,11.3,0.5
FreeSolv,MFGP,55,11.4,0.5
FreeSolv,MFGP,55,11.5,0.5
FreeSolv,MFGP,55,12.5,0.27
FreeSolv,MFGP,55,12.6,0.27
FreeSolv,MFGP,55,12.7,0.27
FreeSolv,MFGP,55,12.8,0.27
FreeSolv,MFGP,55,12.9,0.27
FreeSolv,MFGP,55,13.0,0.27
FreeSolv,MFGP,55,13.1,0.27
FreeSolv,MFGP,55,13.2,0.27
FreeSolv,MFGP,55,13.3,0.27
FreeSolv,MFGP,55,13.4,0.27
FreeSolv,MFGP,55,13.5,0.27
FreeSolv,MFGP,55,14.5,0.27
FreeSolv,MFGP,55,14.6,0.27
FreeSolv,MFGP,55,14.7,0.27
FreeSolv,MFGP,55,14.8,0.27
FreeSolv,MFGP,55,14.9,0.27
FreeSolv,MFGP,55,15.0,0.27
FreeSolv,MFGP,55,15.1,0.27
FreeSolv,MFGP,55,15.2,0.27
FreeSolv,MFGP,55,15.3,0.27
FreeSolv,MFGP,55,15.4,0.27
FreeSolv,MFGP,55,15.5,0.27
FreeSolv,MFGP,55,16.5,0.27
FreeSolv,MFGP,55,16.6,0.27
FreeSolv,MFGP,55,16.7,0.27
FreeSolv,MFGP,55,16.8,0.27
FreeSolv,MFGP,55,16.9,0.27
FreeSolv,MFGP,55,17.0,0.27
FreeSolv,MFGP,55,17.1,0.27
FreeSolv,MFGP,55,17.2,0.27
FreeSolv,MFGP,55,17.3,0.27
FreeSolv,MFGP,55,17.4,0.27
FreeSolv,MFGP,55,17.5,0.27
FreeSolv,MFGP,55,18.5,0.27
FreeSolv,MFGP,55,18.6,0.27
FreeSolv,MFGP,55,18.7,0.27
FreeSolv,MFGP,55,18.8,0.27
FreeSolv,MFGP,55,18.9,0.27
FreeSolv,MFGP,55,19.0,0.27
FreeSolv,MFGP,55,19.1,0.27
FreeSolv,MFGP,55,19.2,0.27
FreeSolv,MFGP,55,19.3,0.27
FreeSolv,MFGP,55,19.4,0.27
FreeSolv,MFGP,55,19.5,0.27
FreeSolv,MFGP,55,20.5,0.27
FreeSolv,MFGP,55,20.6,0.27
FreeSolv,MFGP,55,20.7,0.27
FreeSolv,MFGP,55,20.8,0.27
FreeSolv,MFGP,55,20.9,0.27
FreeSolv,MFGP,55,21.0,0.27
FreeSolv,MFGP,55,21.1,0.27
FreeSolv,MFGP,55,21.2,0.27
FreeSolv,MFGP,55,21.3,0.27
FreeSolv,MFGP,55,21.4,0.27
FreeSolv,MFGP,55,21.5,0.27
FreeSolv,MFGP,55,22.5,0.27
FreeSolv,MFGP,55,22.6,0.27
FreeSolv,MFGP,55,22.7,0.27
FreeSolv,MFGP,55,22.8,0.27
FreeSolv,MFGP,55,22.9,0.27
FreeSolv,MFGP,55,23.0,0.27
FreeSolv,MFGP,55,23.1,0.27
FreeSolv,MFGP,55,23.2,0.27
FreeSolv,MFGP,55,23.3,0.27
FreeSolv,MFGP,55,23.4,0.27
FreeSolv,MFGP,55,23.5,0.27
FreeSolv,MFGP,55,24.5,0.27
FreeSolv,MFGP,55,24.6,0.27
FreeSolv,MFGP,55,24.7,0.27
FreeSolv,MFGP,55,24.8,0.27
FreeSolv,MFGP,55,24.9,0.27
FreeSolv,MFGP,55,25.0,0.27
FreeSolv,MFGP,55,25.1,0.27
FreeSolv,MFGP,55,25.2,0.27
FreeSolv,MFGP,55,25.3,0.27
FreeSolv,MFGP,55,25.4,0.27
FreeSolv,MFGP,55,25.5,0.27
FreeSolv,MFGP,55,26.5,0.27
FreeSolv,MFGP,55,26.6,0.27
FreeSolv,MFGP,55,26.7,0.27
FreeSolv,MFGP,55,26.8,0.27
FreeSolv,MFGP,55,26.9,0.27
FreeSolv,MFGP,55,27.0,0.27
FreeSolv,MFGP,55,27.1,0.27
FreeSolv,MFGP,55,27.2,0.27
FreeSolv,MFGP,55,27.3,0.27
FreeSolv,MFGP,55,27.4,0.27
FreeSolv,MFGP,55,27.5,0.27
FreeSolv,MFGP,55,28.5,0.27
FreeSolv,MFGP,55,28.6,0.27
FreeSolv,MFGP,55,28.7,0.27
FreeSolv,MFGP,55,28.8,0.27
FreeSolv,MFGP,55,28.9,0.27
FreeSolv,MFGP,55,29.0,0.27
FreeSolv,MFGP,55,29.1,0.27
FreeSolv,MFGP,55,29.2,0.27
FreeSolv,MFGP,55,29.3,0.27
FreeSolv,MFGP,55,29.4,0.27
FreeSolv,MFGP,55,29.5,0.27
FreeSolv,MFGP,55,30.5,0.27
FreeSolv,MFGP,55,30.6,0.27
FreeSolv,MFGP,55,30.7,0.27
FreeSolv,MFGP,55,30.8,0.27
FreeSolv,MFGP,55,30.9,0.27
FreeSolv,MFGP,55,31.0,0.27
FreeSolv,MFGP,55,31.1,0.27
FreeSolv,MFGP,55,31.2,0.27
FreeSolv,MFGP,55,31.3,0.27
FreeSolv,MFGP,55,31.4,0.27
FreeSolv,MFGP,55,31.5,0.27
FreeSolv,MFGP,55,32.5,0.27
FreeSolv,MFGP,55,32.6,0.27
FreeSolv,MFGP,55,32.7,0.27
FreeSolv,MFGP,55,32.8,0.27
FreeSolv,MFGP,55,32.9,0.27
FreeSolv,MFGP,55,33.0,0.27
FreeSolv,MFGP,55,33.1,0.27
FreeSolv,MFGP,55,33.2,0.27
FreeSolv,MFGP,55,33.3,0.27
FreeSolv,MFGP,55,33.4,0.27
FreeSolv,MFGP,55,33.5,0.27
FreeSolv,MFGP,55,34.5,0.27
FreeSolv,MFGP,55,34.6,0.27
FreeSolv,MFGP,55,34.7,0.27
FreeSolv,MFGP,55,34.8,0.27
FreeSolv,MFGP,55,34.9,0.27
FreeSolv,MFGP,55,35.0,0.27
FreeSolv,MFGP,55,35.1,0.27
FreeSolv,MFGP,55,35.2,0.27
FreeSolv,MFGP,55,35.3,0.27
FreeSolv,MFGP,55,35.4,0.27
FreeSolv,MFGP,55,35.5,0.27
FreeSolv,MFGP,55,36.5,0.27
FreeSolv,MFGP,55,36.6,0.27
FreeSolv,MFGP,55,36.7,0.27
FreeSolv,MFGP,55,36.8,0.27
FreeSolv,MFGP,55,36.9,0.27
FreeSolv,MFGP,55,37.0,0.27
FreeSolv,MFGP,55,37.1,0.27
FreeSolv,MFGP,55,37.2,0.27
FreeSolv,MFGP,55,37.3,0.27
FreeSolv,MFGP,55,37.4,0.27
FreeSolv,MFGP,55,37.5,0.27
FreeSolv,MFGP,55,38.5,0.27
FreeSolv,MFGP,55,38.6,0.27
FreeSolv,MFGP,55,38.7,0.27
FreeSolv,MFGP,55,38.8,0.27
FreeSolv,MFGP,55,38.9,0.27
FreeSolv,MFGP,55,39.0,0.27
FreeSolv,MFGP,55,39.1,0.27
FreeSolv,MFGP,55,39.2,0.27
FreeSolv,MFGP,55,39.3,0.27
FreeSolv,MFGP,55,39.4,0.27
FreeSolv,MFGP,55,39.5,0.27
FreeSolv,MFGP,55,40.5,0.27
FreeSolv,MFGP,55,40.6,0.27
FreeSolv,MFGP,55,40.7,0.27
FreeSolv,MFGP,55,40.8,0.27
FreeSolv,MFGP,55,40.9,0.27
FreeSolv,MFGP,55,41.0,0.27
FreeSolv,MFGP,55,41.1,0.27
FreeSolv,MFGP,55,41.2,0.27
FreeSolv,MFGP,55,41.3,0.27
FreeSolv,MFGP,55,41.4,0.27
FreeSolv,MFGP,55,41.5,0.27
FreeSolv,MFGP,55,42.5,0.27
FreeSolv,MFGP,55,42.6,0.27
FreeSolv,MFGP,55,42.7,0.27
FreeSolv,MFGP,55,42.8,0.27
FreeSolv,MFGP,55,42.9,0.27
FreeSolv,MFGP,55,43.0,0.27
FreeSolv,MFGP,55,43.1,0.27
FreeSolv,MFGP,55,43.2,0.27
FreeSolv,MFGP,55,43.3,0.27
FreeSolv,MFGP,55,43.4,0.27
FreeSolv,MFGP,55,43.5,0.27
FreeSolv,MFGP,55,44.5,0.27
FreeSolv,MFGP,55,44.6,0.27
FreeSolv,MFGP,55,44.7,0.27
FreeSolv,MFGP,55,44.8,0.27
FreeSolv,MFGP,55,44.9,0.27
FreeSolv,MFGP,55,45.0,0.27
FreeSolv,MFGP,55,45.1,0.27
FreeSolv,MFGP,55,45.2,0.27
FreeSolv,MFGP,55,45.3,0.27
FreeSolv,MFGP,55,45.4,0.27
FreeSolv,MFGP,55,45.5,0.27
FreeSolv,MFGP,55,46.5,0.27
FreeSolv,MFGP,55,46.6,0.27
FreeSolv,MFGP,55,46.7,0.27
FreeSolv,MFGP,55,46.8,0.27
FreeSolv,MFGP,55,46.9,0.27
FreeSolv,MFGP,55,47.0,0.27
FreeSolv,MFGP,55,47.1,0.27
FreeSolv,MFGP,55,47.2,0.27
FreeSolv,MFGP,55,47.3,0.27
FreeSolv,MFGP,55,47.4,0.27
FreeSolv,MFGP,55,47.5,0.27
FreeSolv,MFGP,55,48.5,0.27
FreeSolv,MFGP,55,48.6,0.27
FreeSolv,MFGP,55,48.7,0.27
FreeSolv,MFGP,55,48.8,0.27
FreeSolv,MFGP,55,48.9,0.27
FreeSolv,MFGP,55,49.0,0.27
FreeSolv,MFGP,55,49.1,0.27
FreeSolv,MFGP,55,49.2,0.27
FreeSolv,MFGP,55,49.3,0.27
FreeSolv,MFGP,55,49.4,0.27
FreeSolv,MFGP,55,49.5,0.27
FreeSolv,MFGP,55,49.6,0.27
FreeSolv,MFGP,55,49.7,0.27
FreeSolv,MFGP,55,49.8,0.27
FreeSolv,MFGP,55,49.9,0.27
FreeSolv,MFGP,56,4.5,8.92
FreeSolv,MFGP,56,4.6,8.92
FreeSolv,MFGP,56,4.7,8.92
FreeSolv,MFGP,56,4.8,8.92
FreeSolv,MFGP,56,4.9,8.92
FreeSolv,MFGP,56,5.0,8.92
FreeSolv,MFGP,56,5.1,8.92
FreeSolv,MFGP,56,5.2,8.92
FreeSolv,MFGP,56,5.3,8.92
FreeSolv,MFGP,56,5.4,8.92
FreeSolv,MFGP,56,5.5,8.92
FreeSolv,MFGP,56,6.5,8.92
FreeSolv,MFGP,56,6.6,8.92
FreeSolv,MFGP,56,6.7,8.92
FreeSolv,MFGP,56,6.8,8.92
FreeSolv,MFGP,56,6.9,8.92
FreeSolv,MFGP,56,7.0,8.92
FreeSolv,MFGP,56,7.1,8.92
FreeSolv,MFGP,56,7.2,8.92
FreeSolv,MFGP,56,7.3,8.92
FreeSolv,MFGP,56,7.4,8.92
FreeSolv,MFGP,56,7.5,8.92
FreeSolv,MFGP,56,8.5,5.220000000000001
FreeSolv,MFGP,56,8.6,5.220000000000001
FreeSolv,MFGP,56,8.7,5.220000000000001
FreeSolv,MFGP,56,8.8,5.220000000000001
FreeSolv,MFGP,56,8.9,5.220000000000001
FreeSolv,MFGP,56,9.0,5.220000000000001
FreeSolv,MFGP,56,9.1,5.220000000000001
FreeSolv,MFGP,56,9.2,5.220000000000001
FreeSolv,MFGP,56,9.3,5.220000000000001
FreeSolv,MFGP,56,9.4,5.220000000000001
FreeSolv,MFGP,56,9.5,5.220000000000001
FreeSolv,MFGP,56,10.5,4.0200000000000005
FreeSolv,MFGP,56,10.6,4.0200000000000005
FreeSolv,MFGP,56,10.7,4.0200000000000005
FreeSolv,MFGP,56,10.8,4.0200000000000005
FreeSolv,MFGP,56,10.9,4.0200000000000005
FreeSolv,MFGP,56,11.0,4.0200000000000005
FreeSolv,MFGP,56,11.1,4.0200000000000005
FreeSolv,MFGP,56,11.2,4.0200000000000005
FreeSolv,MFGP,56,11.3,4.0200000000000005
FreeSolv,MFGP,56,11.4,4.0200000000000005
FreeSolv,MFGP,56,11.5,4.0200000000000005
FreeSolv,MFGP,56,12.5,2.42
FreeSolv,MFGP,56,12.6,2.42
FreeSolv,MFGP,56,12.7,2.42
FreeSolv,MFGP,56,12.8,2.42
FreeSolv,MFGP,56,12.9,2.42
FreeSolv,MFGP,56,13.0,2.42
FreeSolv,MFGP,56,13.1,2.42
FreeSolv,MFGP,56,13.2,2.42
FreeSolv,MFGP,56,13.3,2.42
FreeSolv,MFGP,56,13.4,2.42
FreeSolv,MFGP,56,13.5,2.42
FreeSolv,MFGP,56,14.5,0.5
FreeSolv,MFGP,56,14.6,0.5
FreeSolv,MFGP,56,14.7,0.5
FreeSolv,MFGP,56,14.8,0.5
FreeSolv,MFGP,56,14.9,0.5
FreeSolv,MFGP,56,15.0,0.5
FreeSolv,MFGP,56,15.1,0.5
FreeSolv,MFGP,56,15.2,0.5
FreeSolv,MFGP,56,15.3,0.5
FreeSolv,MFGP,56,15.4,0.5
FreeSolv,MFGP,56,15.5,0.5
FreeSolv,MFGP,56,16.5,0.5
FreeSolv,MFGP,56,16.6,0.5
FreeSolv,MFGP,56,16.7,0.5
FreeSolv,MFGP,56,16.8,0.5
FreeSolv,MFGP,56,16.9,0.5
FreeSolv,MFGP,56,17.0,0.5
FreeSolv,MFGP,56,17.1,0.5
FreeSolv,MFGP,56,17.2,0.5
FreeSolv,MFGP,56,17.3,0.5
FreeSolv,MFGP,56,17.4,0.5
FreeSolv,MFGP,56,17.5,0.5
FreeSolv,MFGP,56,18.5,0.5
FreeSolv,MFGP,56,18.6,0.5
FreeSolv,MFGP,56,18.7,0.5
FreeSolv,MFGP,56,18.8,0.5
FreeSolv,MFGP,56,18.9,0.5
FreeSolv,MFGP,56,19.0,0.5
FreeSolv,MFGP,56,19.1,0.5
FreeSolv,MFGP,56,19.2,0.5
FreeSolv,MFGP,56,19.3,0.5
FreeSolv,MFGP,56,19.4,0.5
FreeSolv,MFGP,56,19.5,0.5
FreeSolv,MFGP,56,20.5,0.5
FreeSolv,MFGP,56,20.6,0.5
FreeSolv,MFGP,56,20.7,0.5
FreeSolv,MFGP,56,20.8,0.5
FreeSolv,MFGP,56,20.9,0.5
FreeSolv,MFGP,56,21.0,0.5
FreeSolv,MFGP,56,21.1,0.5
FreeSolv,MFGP,56,21.2,0.5
FreeSolv,MFGP,56,21.3,0.5
FreeSolv,MFGP,56,21.4,0.5
FreeSolv,MFGP,56,21.5,0.5
FreeSolv,MFGP,56,22.5,0.5
FreeSolv,MFGP,56,22.6,0.5
FreeSolv,MFGP,56,22.7,0.5
FreeSolv,MFGP,56,22.8,0.5
FreeSolv,MFGP,56,22.9,0.5
FreeSolv,MFGP,56,23.0,0.5
FreeSolv,MFGP,56,23.1,0.5
FreeSolv,MFGP,56,23.2,0.5
FreeSolv,MFGP,56,23.3,0.5
FreeSolv,MFGP,56,23.4,0.5
FreeSolv,MFGP,56,23.5,0.5
FreeSolv,MFGP,56,24.5,0.5
FreeSolv,MFGP,56,24.6,0.5
FreeSolv,MFGP,56,24.7,0.5
FreeSolv,MFGP,56,24.8,0.5
FreeSolv,MFGP,56,24.9,0.5
FreeSolv,MFGP,56,25.0,0.5
FreeSolv,MFGP,56,25.1,0.5
FreeSolv,MFGP,56,25.2,0.5
FreeSolv,MFGP,56,25.3,0.5
FreeSolv,MFGP,56,25.4,0.5
FreeSolv,MFGP,56,25.5,0.5
FreeSolv,MFGP,56,26.5,0.5
FreeSolv,MFGP,56,26.6,0.5
FreeSolv,MFGP,56,26.7,0.5
FreeSolv,MFGP,56,26.8,0.5
FreeSolv,MFGP,56,26.9,0.5
FreeSolv,MFGP,56,27.0,0.5
FreeSolv,MFGP,56,27.1,0.5
FreeSolv,MFGP,56,27.2,0.5
FreeSolv,MFGP,56,27.3,0.5
FreeSolv,MFGP,56,27.4,0.5
FreeSolv,MFGP,56,27.5,0.5
FreeSolv,MFGP,56,28.5,0.5
FreeSolv,MFGP,56,28.6,0.5
FreeSolv,MFGP,56,28.7,0.5
FreeSolv,MFGP,56,28.8,0.5
FreeSolv,MFGP,56,28.9,0.5
FreeSolv,MFGP,56,29.0,0.5
FreeSolv,MFGP,56,29.1,0.5
FreeSolv,MFGP,56,29.2,0.5
FreeSolv,MFGP,56,29.3,0.5
FreeSolv,MFGP,56,29.4,0.5
FreeSolv,MFGP,56,29.5,0.5
FreeSolv,MFGP,56,30.5,0.5
FreeSolv,MFGP,56,30.6,0.5
FreeSolv,MFGP,56,30.7,0.5
FreeSolv,MFGP,56,30.8,0.5
FreeSolv,MFGP,56,30.9,0.5
FreeSolv,MFGP,56,31.0,0.5
FreeSolv,MFGP,56,31.1,0.5
FreeSolv,MFGP,56,31.2,0.5
FreeSolv,MFGP,56,31.3,0.5
FreeSolv,MFGP,56,31.4,0.5
FreeSolv,MFGP,56,31.5,0.5
FreeSolv,MFGP,56,32.5,0.5
FreeSolv,MFGP,56,32.6,0.5
FreeSolv,MFGP,56,32.7,0.5
FreeSolv,MFGP,56,32.8,0.5
FreeSolv,MFGP,56,32.9,0.5
FreeSolv,MFGP,56,33.0,0.5
FreeSolv,MFGP,56,33.1,0.5
FreeSolv,MFGP,56,33.2,0.5
FreeSolv,MFGP,56,33.3,0.5
FreeSolv,MFGP,56,33.4,0.5
FreeSolv,MFGP,56,33.5,0.5
FreeSolv,MFGP,56,34.5,0.5
FreeSolv,MFGP,56,34.6,0.5
FreeSolv,MFGP,56,34.7,0.5
FreeSolv,MFGP,56,34.8,0.5
FreeSolv,MFGP,56,34.9,0.5
FreeSolv,MFGP,56,35.0,0.5
FreeSolv,MFGP,56,35.1,0.5
FreeSolv,MFGP,56,35.2,0.5
FreeSolv,MFGP,56,35.3,0.5
FreeSolv,MFGP,56,35.4,0.5
FreeSolv,MFGP,56,35.5,0.5
FreeSolv,MFGP,56,36.5,0.5
FreeSolv,MFGP,56,36.6,0.5
FreeSolv,MFGP,56,36.7,0.5
FreeSolv,MFGP,56,36.8,0.5
FreeSolv,MFGP,56,36.9,0.5
FreeSolv,MFGP,56,37.0,0.5
FreeSolv,MFGP,56,37.1,0.5
FreeSolv,MFGP,56,37.2,0.5
FreeSolv,MFGP,56,37.3,0.5
FreeSolv,MFGP,56,37.4,0.5
FreeSolv,MFGP,56,37.5,0.5
FreeSolv,MFGP,56,38.5,0.5
FreeSolv,MFGP,56,38.6,0.5
FreeSolv,MFGP,56,38.7,0.5
FreeSolv,MFGP,56,38.8,0.5
FreeSolv,MFGP,56,38.9,0.5
FreeSolv,MFGP,56,39.0,0.5
FreeSolv,MFGP,56,39.1,0.5
FreeSolv,MFGP,56,39.2,0.5
FreeSolv,MFGP,56,39.3,0.5
FreeSolv,MFGP,56,39.4,0.5
FreeSolv,MFGP,56,39.5,0.5
FreeSolv,MFGP,56,40.5,0.5
FreeSolv,MFGP,56,40.6,0.5
FreeSolv,MFGP,56,40.7,0.5
FreeSolv,MFGP,56,40.8,0.5
FreeSolv,MFGP,56,40.9,0.5
FreeSolv,MFGP,56,41.0,0.5
FreeSolv,MFGP,56,41.1,0.5
FreeSolv,MFGP,56,41.2,0.5
FreeSolv,MFGP,56,41.3,0.5
FreeSolv,MFGP,56,41.4,0.5
FreeSolv,MFGP,56,41.5,0.5
FreeSolv,MFGP,56,42.5,0.5
FreeSolv,MFGP,56,42.6,0.5
FreeSolv,MFGP,56,42.7,0.5
FreeSolv,MFGP,56,42.8,0.5
FreeSolv,MFGP,56,42.9,0.5
FreeSolv,MFGP,56,43.0,0.5
FreeSolv,MFGP,56,43.1,0.5
FreeSolv,MFGP,56,43.2,0.5
FreeSolv,MFGP,56,43.3,0.5
FreeSolv,MFGP,56,43.4,0.5
FreeSolv,MFGP,56,43.5,0.5
FreeSolv,MFGP,56,44.5,0.5
FreeSolv,MFGP,56,44.6,0.5
FreeSolv,MFGP,56,44.7,0.5
FreeSolv,MFGP,56,44.8,0.5
FreeSolv,MFGP,56,44.9,0.5
FreeSolv,MFGP,56,45.0,0.5
FreeSolv,MFGP,56,45.1,0.5
FreeSolv,MFGP,56,45.2,0.5
FreeSolv,MFGP,56,45.3,0.5
FreeSolv,MFGP,56,45.4,0.5
FreeSolv,MFGP,56,45.5,0.5
FreeSolv,MFGP,56,46.5,0.5
FreeSolv,MFGP,56,46.6,0.5
FreeSolv,MFGP,56,46.7,0.5
FreeSolv,MFGP,56,46.8,0.5
FreeSolv,MFGP,56,46.9,0.5
FreeSolv,MFGP,56,47.0,0.5
FreeSolv,MFGP,56,47.1,0.5
FreeSolv,MFGP,56,47.2,0.5
FreeSolv,MFGP,56,47.3,0.5
FreeSolv,MFGP,56,47.4,0.5
FreeSolv,MFGP,56,47.5,0.5
FreeSolv,MFGP,56,48.5,0.5
FreeSolv,MFGP,56,48.6,0.5
FreeSolv,MFGP,56,48.7,0.5
FreeSolv,MFGP,56,48.8,0.5
FreeSolv,MFGP,56,48.9,0.5
FreeSolv,MFGP,56,49.0,0.5
FreeSolv,MFGP,56,49.1,0.5
FreeSolv,MFGP,56,49.2,0.5
FreeSolv,MFGP,56,49.3,0.5
FreeSolv,MFGP,56,49.4,0.5
FreeSolv,MFGP,56,49.5,0.5
FreeSolv,MFGP,56,49.6,0.5
FreeSolv,MFGP,56,49.7,0.5
FreeSolv,MFGP,56,49.8,0.5
FreeSolv,MFGP,56,49.9,0.5
FreeSolv,MFGP,57,4.5,6.630000000000001
FreeSolv,MFGP,57,4.6,6.630000000000001
FreeSolv,MFGP,57,4.7,6.630000000000001
FreeSolv,MFGP,57,4.8,6.630000000000001
FreeSolv,MFGP,57,4.9,6.630000000000001
FreeSolv,MFGP,57,5.0,6.630000000000001
FreeSolv,MFGP,57,5.1,6.630000000000001
FreeSolv,MFGP,57,5.2,6.630000000000001
FreeSolv,MFGP,57,5.3,6.630000000000001
FreeSolv,MFGP,57,5.4,6.630000000000001
FreeSolv,MFGP,57,5.5,6.630000000000001
FreeSolv,MFGP,57,6.5,1.7500000000000002
FreeSolv,MFGP,57,6.6,1.7500000000000002
FreeSolv,MFGP,57,6.7,1.7500000000000002
FreeSolv,MFGP,57,6.8,1.7500000000000002
FreeSolv,MFGP,57,6.9,1.7500000000000002
FreeSolv,MFGP,57,7.0,1.7500000000000002
FreeSolv,MFGP,57,7.1,1.7500000000000002
FreeSolv,MFGP,57,7.2,1.7500000000000002
FreeSolv,MFGP,57,7.3,1.7500000000000002
FreeSolv,MFGP,57,7.4,1.7500000000000002
FreeSolv,MFGP,57,7.5,1.7500000000000002
FreeSolv,MFGP,57,8.5,1.7500000000000002
FreeSolv,MFGP,57,8.6,1.7500000000000002
FreeSolv,MFGP,57,8.7,1.7500000000000002
FreeSolv,MFGP,57,8.8,1.7500000000000002
FreeSolv,MFGP,57,8.9,1.7500000000000002
FreeSolv,MFGP,57,9.0,1.7500000000000002
FreeSolv,MFGP,57,9.1,1.7500000000000002
FreeSolv,MFGP,57,9.2,1.7500000000000002
FreeSolv,MFGP,57,9.3,1.7500000000000002
FreeSolv,MFGP,57,9.4,1.7500000000000002
FreeSolv,MFGP,57,9.5,1.7500000000000002
FreeSolv,MFGP,57,10.5,0.9200000000000004
FreeSolv,MFGP,57,10.6,0.9200000000000004
FreeSolv,MFGP,57,10.7,0.9200000000000004
FreeSolv,MFGP,57,10.8,0.9200000000000004
FreeSolv,MFGP,57,10.9,0.9200000000000004
FreeSolv,MFGP,57,11.0,0.9200000000000004
FreeSolv,MFGP,57,11.1,0.9200000000000004
FreeSolv,MFGP,57,11.2,0.9200000000000004
FreeSolv,MFGP,57,11.3,0.9200000000000004
FreeSolv,MFGP,57,11.4,0.9200000000000004
FreeSolv,MFGP,57,11.5,0.9200000000000004
FreeSolv,MFGP,57,12.5,0.9200000000000004
FreeSolv,MFGP,57,12.6,0.9200000000000004
FreeSolv,MFGP,57,12.7,0.9200000000000004
FreeSolv,MFGP,57,12.8,0.9200000000000004
FreeSolv,MFGP,57,12.9,0.9200000000000004
FreeSolv,MFGP,57,13.0,0.9200000000000004
FreeSolv,MFGP,57,13.1,0.9200000000000004
FreeSolv,MFGP,57,13.2,0.9200000000000004
FreeSolv,MFGP,57,13.3,0.9200000000000004
FreeSolv,MFGP,57,13.4,0.9200000000000004
FreeSolv,MFGP,57,13.5,0.9200000000000004
FreeSolv,MFGP,57,14.5,0.9200000000000004
FreeSolv,MFGP,57,14.6,0.9200000000000004
FreeSolv,MFGP,57,14.7,0.9200000000000004
FreeSolv,MFGP,57,14.8,0.9200000000000004
FreeSolv,MFGP,57,14.9,0.9200000000000004
FreeSolv,MFGP,57,15.0,0.9200000000000004
FreeSolv,MFGP,57,15.1,0.9200000000000004
FreeSolv,MFGP,57,15.2,0.9200000000000004
FreeSolv,MFGP,57,15.3,0.9200000000000004
FreeSolv,MFGP,57,15.4,0.9200000000000004
FreeSolv,MFGP,57,15.5,0.9200000000000004
FreeSolv,MFGP,57,16.5,0.9200000000000004
FreeSolv,MFGP,57,16.6,0.9200000000000004
FreeSolv,MFGP,57,16.7,0.9200000000000004
FreeSolv,MFGP,57,16.8,0.9200000000000004
FreeSolv,MFGP,57,16.9,0.9200000000000004
FreeSolv,MFGP,57,17.0,0.9200000000000004
FreeSolv,MFGP,57,17.1,0.9200000000000004
FreeSolv,MFGP,57,17.2,0.9200000000000004
FreeSolv,MFGP,57,17.3,0.9200000000000004
FreeSolv,MFGP,57,17.4,0.9200000000000004
FreeSolv,MFGP,57,17.5,0.9200000000000004
FreeSolv,MFGP,57,18.5,0.9200000000000004
FreeSolv,MFGP,57,18.6,0.9200000000000004
FreeSolv,MFGP,57,18.7,0.9200000000000004
FreeSolv,MFGP,57,18.8,0.9200000000000004
FreeSolv,MFGP,57,18.9,0.9200000000000004
FreeSolv,MFGP,57,19.0,0.9200000000000004
FreeSolv,MFGP,57,19.1,0.9200000000000004
FreeSolv,MFGP,57,19.2,0.9200000000000004
FreeSolv,MFGP,57,19.3,0.9200000000000004
FreeSolv,MFGP,57,19.4,0.9200000000000004
FreeSolv,MFGP,57,19.5,0.9200000000000004
FreeSolv,MFGP,57,20.5,0.9200000000000004
FreeSolv,MFGP,57,20.6,0.9200000000000004
FreeSolv,MFGP,57,20.7,0.9200000000000004
FreeSolv,MFGP,57,20.8,0.9200000000000004
FreeSolv,MFGP,57,20.9,0.9200000000000004
FreeSolv,MFGP,57,21.0,0.9200000000000004
FreeSolv,MFGP,57,21.1,0.9200000000000004
FreeSolv,MFGP,57,21.2,0.9200000000000004
FreeSolv,MFGP,57,21.3,0.9200000000000004
FreeSolv,MFGP,57,21.4,0.9200000000000004
FreeSolv,MFGP,57,21.5,0.9200000000000004
FreeSolv,MFGP,57,22.5,0.9200000000000004
FreeSolv,MFGP,57,22.6,0.9200000000000004
FreeSolv,MFGP,57,22.7,0.9200000000000004
FreeSolv,MFGP,57,22.8,0.9200000000000004
FreeSolv,MFGP,57,22.9,0.9200000000000004
FreeSolv,MFGP,57,23.0,0.9200000000000004
FreeSolv,MFGP,57,23.1,0.9200000000000004
FreeSolv,MFGP,57,23.2,0.9200000000000004
FreeSolv,MFGP,57,23.3,0.9200000000000004
FreeSolv,MFGP,57,23.4,0.9200000000000004
FreeSolv,MFGP,57,23.5,0.9200000000000004
FreeSolv,MFGP,57,24.5,0.9200000000000004
FreeSolv,MFGP,57,24.6,0.9200000000000004
FreeSolv,MFGP,57,24.7,0.9200000000000004
FreeSolv,MFGP,57,24.8,0.9200000000000004
FreeSolv,MFGP,57,24.9,0.9200000000000004
FreeSolv,MFGP,57,25.0,0.9200000000000004
FreeSolv,MFGP,57,25.1,0.9200000000000004
FreeSolv,MFGP,57,25.2,0.9200000000000004
FreeSolv,MFGP,57,25.3,0.9200000000000004
FreeSolv,MFGP,57,25.4,0.9200000000000004
FreeSolv,MFGP,57,25.5,0.9200000000000004
FreeSolv,MFGP,57,26.5,0.9200000000000004
FreeSolv,MFGP,57,26.6,0.9200000000000004
FreeSolv,MFGP,57,26.7,0.9200000000000004
FreeSolv,MFGP,57,26.8,0.9200000000000004
FreeSolv,MFGP,57,26.9,0.9200000000000004
FreeSolv,MFGP,57,27.0,0.9200000000000004
FreeSolv,MFGP,57,27.1,0.9200000000000004
FreeSolv,MFGP,57,27.2,0.9200000000000004
FreeSolv,MFGP,57,27.3,0.9200000000000004
FreeSolv,MFGP,57,27.4,0.9200000000000004
FreeSolv,MFGP,57,27.5,0.9200000000000004
FreeSolv,MFGP,57,28.5,0.9200000000000004
FreeSolv,MFGP,57,28.6,0.9200000000000004
FreeSolv,MFGP,57,28.7,0.9200000000000004
FreeSolv,MFGP,57,28.8,0.9200000000000004
FreeSolv,MFGP,57,28.9,0.9200000000000004
FreeSolv,MFGP,57,29.0,0.9200000000000004
FreeSolv,MFGP,57,29.1,0.9200000000000004
FreeSolv,MFGP,57,29.2,0.9200000000000004
FreeSolv,MFGP,57,29.3,0.9200000000000004
FreeSolv,MFGP,57,29.4,0.9200000000000004
FreeSolv,MFGP,57,29.5,0.9200000000000004
FreeSolv,MFGP,57,30.5,0.9200000000000004
FreeSolv,MFGP,57,30.6,0.9200000000000004
FreeSolv,MFGP,57,30.7,0.9200000000000004
FreeSolv,MFGP,57,30.8,0.9200000000000004
FreeSolv,MFGP,57,30.9,0.9200000000000004
FreeSolv,MFGP,57,31.0,0.9200000000000004
FreeSolv,MFGP,57,31.1,0.9200000000000004
FreeSolv,MFGP,57,31.2,0.9200000000000004
FreeSolv,MFGP,57,31.3,0.9200000000000004
FreeSolv,MFGP,57,31.4,0.9200000000000004
FreeSolv,MFGP,57,31.5,0.9200000000000004
FreeSolv,MFGP,57,32.5,0.9200000000000004
FreeSolv,MFGP,57,32.6,0.9200000000000004
FreeSolv,MFGP,57,32.7,0.9200000000000004
FreeSolv,MFGP,57,32.8,0.9200000000000004
FreeSolv,MFGP,57,32.9,0.9200000000000004
FreeSolv,MFGP,57,33.0,0.9200000000000004
FreeSolv,MFGP,57,33.1,0.9200000000000004
FreeSolv,MFGP,57,33.2,0.9200000000000004
FreeSolv,MFGP,57,33.3,0.9200000000000004
FreeSolv,MFGP,57,33.4,0.9200000000000004
FreeSolv,MFGP,57,33.5,0.9200000000000004
FreeSolv,MFGP,57,34.5,0.9200000000000004
FreeSolv,MFGP,57,34.6,0.9200000000000004
FreeSolv,MFGP,57,34.7,0.9200000000000004
FreeSolv,MFGP,57,34.8,0.9200000000000004
FreeSolv,MFGP,57,34.9,0.9200000000000004
FreeSolv,MFGP,57,35.0,0.9200000000000004
FreeSolv,MFGP,57,35.1,0.9200000000000004
FreeSolv,MFGP,57,35.2,0.9200000000000004
FreeSolv,MFGP,57,35.3,0.9200000000000004
FreeSolv,MFGP,57,35.4,0.9200000000000004
FreeSolv,MFGP,57,35.5,0.9200000000000004
FreeSolv,MFGP,57,36.5,0.9200000000000004
FreeSolv,MFGP,57,36.6,0.9200000000000004
FreeSolv,MFGP,57,36.7,0.9200000000000004
FreeSolv,MFGP,57,36.8,0.9200000000000004
FreeSolv,MFGP,57,36.9,0.9200000000000004
FreeSolv,MFGP,57,37.0,0.9200000000000004
FreeSolv,MFGP,57,37.1,0.9200000000000004
FreeSolv,MFGP,57,37.2,0.9200000000000004
FreeSolv,MFGP,57,37.3,0.9200000000000004
FreeSolv,MFGP,57,37.4,0.9200000000000004
FreeSolv,MFGP,57,37.5,0.9200000000000004
FreeSolv,MFGP,57,38.5,0.9200000000000004
FreeSolv,MFGP,57,38.6,0.9200000000000004
FreeSolv,MFGP,57,38.7,0.9200000000000004
FreeSolv,MFGP,57,38.8,0.9200000000000004
FreeSolv,MFGP,57,38.9,0.9200000000000004
FreeSolv,MFGP,57,39.0,0.9200000000000004
FreeSolv,MFGP,57,39.1,0.9200000000000004
FreeSolv,MFGP,57,39.2,0.9200000000000004
FreeSolv,MFGP,57,39.3,0.9200000000000004
FreeSolv,MFGP,57,39.4,0.9200000000000004
FreeSolv,MFGP,57,39.5,0.9200000000000004
FreeSolv,MFGP,57,40.5,0.9200000000000004
FreeSolv,MFGP,57,40.6,0.9200000000000004
FreeSolv,MFGP,57,40.7,0.9200000000000004
FreeSolv,MFGP,57,40.8,0.9200000000000004
FreeSolv,MFGP,57,40.9,0.9200000000000004
FreeSolv,MFGP,57,41.0,0.9200000000000004
FreeSolv,MFGP,57,41.1,0.9200000000000004
FreeSolv,MFGP,57,41.2,0.9200000000000004
FreeSolv,MFGP,57,41.3,0.9200000000000004
FreeSolv,MFGP,57,41.4,0.9200000000000004
FreeSolv,MFGP,57,41.5,0.9200000000000004
FreeSolv,MFGP,57,42.5,0.9200000000000004
FreeSolv,MFGP,57,42.6,0.9200000000000004
FreeSolv,MFGP,57,42.7,0.9200000000000004
FreeSolv,MFGP,57,42.8,0.9200000000000004
FreeSolv,MFGP,57,42.9,0.9200000000000004
FreeSolv,MFGP,57,43.0,0.9200000000000004
FreeSolv,MFGP,57,43.1,0.9200000000000004
FreeSolv,MFGP,57,43.2,0.9200000000000004
FreeSolv,MFGP,57,43.3,0.9200000000000004
FreeSolv,MFGP,57,43.4,0.9200000000000004
FreeSolv,MFGP,57,43.5,0.9200000000000004
FreeSolv,MFGP,57,44.5,0.9200000000000004
FreeSolv,MFGP,57,44.6,0.9200000000000004
FreeSolv,MFGP,57,44.7,0.9200000000000004
FreeSolv,MFGP,57,44.8,0.9200000000000004
FreeSolv,MFGP,57,44.9,0.9200000000000004
FreeSolv,MFGP,57,45.0,0.9200000000000004
FreeSolv,MFGP,57,45.1,0.9200000000000004
FreeSolv,MFGP,57,45.2,0.9200000000000004
FreeSolv,MFGP,57,45.3,0.9200000000000004
FreeSolv,MFGP,57,45.4,0.9200000000000004
FreeSolv,MFGP,57,45.5,0.9200000000000004
FreeSolv,MFGP,57,46.5,0.31
FreeSolv,MFGP,57,46.6,0.31
FreeSolv,MFGP,57,46.7,0.31
FreeSolv,MFGP,57,46.8,0.31
FreeSolv,MFGP,57,46.9,0.31
FreeSolv,MFGP,57,47.0,0.31
FreeSolv,MFGP,57,47.1,0.31
FreeSolv,MFGP,57,47.2,0.31
FreeSolv,MFGP,57,47.3,0.31
FreeSolv,MFGP,57,47.4,0.31
FreeSolv,MFGP,57,47.5,0.31
FreeSolv,MFGP,57,48.5,0.31
FreeSolv,MFGP,57,48.6,0.31
FreeSolv,MFGP,57,48.7,0.31
FreeSolv,MFGP,57,48.8,0.31
FreeSolv,MFGP,57,48.9,0.31
FreeSolv,MFGP,57,49.0,0.31
FreeSolv,MFGP,57,49.1,0.31
FreeSolv,MFGP,57,49.2,0.31
FreeSolv,MFGP,57,49.3,0.31
FreeSolv,MFGP,57,49.4,0.31
FreeSolv,MFGP,57,49.5,0.31
FreeSolv,MFGP,57,49.6,0.31
FreeSolv,MFGP,57,49.7,0.31
FreeSolv,MFGP,57,49.8,0.31
FreeSolv,MFGP,57,49.9,0.31
FreeSolv,MFGP,58,4.5,0.5
FreeSolv,MFGP,58,4.6,0.5
FreeSolv,MFGP,58,4.7,0.5
FreeSolv,MFGP,58,4.8,0.5
FreeSolv,MFGP,58,4.9,0.5
FreeSolv,MFGP,58,5.0,0.5
FreeSolv,MFGP,58,5.1,0.5
FreeSolv,MFGP,58,5.2,0.5
FreeSolv,MFGP,58,5.3,0.5
FreeSolv,MFGP,58,5.4,0.5
FreeSolv,MFGP,58,5.5,0.5
FreeSolv,MFGP,58,6.5,0.5
FreeSolv,MFGP,58,6.6,0.5
FreeSolv,MFGP,58,6.7,0.5
FreeSolv,MFGP,58,6.8,0.5
FreeSolv,MFGP,58,6.9,0.5
FreeSolv,MFGP,58,7.0,0.5
FreeSolv,MFGP,58,7.1,0.5
FreeSolv,MFGP,58,7.2,0.5
FreeSolv,MFGP,58,7.3,0.5
FreeSolv,MFGP,58,7.4,0.5
FreeSolv,MFGP,58,7.5,0.5
FreeSolv,MFGP,58,8.5,0.5
FreeSolv,MFGP,58,8.6,0.5
FreeSolv,MFGP,58,8.7,0.5
FreeSolv,MFGP,58,8.8,0.5
FreeSolv,MFGP,58,8.9,0.5
FreeSolv,MFGP,58,9.0,0.5
FreeSolv,MFGP,58,9.1,0.5
FreeSolv,MFGP,58,9.2,0.5
FreeSolv,MFGP,58,9.3,0.5
FreeSolv,MFGP,58,9.4,0.5
FreeSolv,MFGP,58,9.5,0.5
FreeSolv,MFGP,58,10.5,0.5
FreeSolv,MFGP,58,10.6,0.5
FreeSolv,MFGP,58,10.7,0.5
FreeSolv,MFGP,58,10.8,0.5
FreeSolv,MFGP,58,10.9,0.5
FreeSolv,MFGP,58,11.0,0.5
FreeSolv,MFGP,58,11.1,0.5
FreeSolv,MFGP,58,11.2,0.5
FreeSolv,MFGP,58,11.3,0.5
FreeSolv,MFGP,58,11.4,0.5
FreeSolv,MFGP,58,11.5,0.5
FreeSolv,MFGP,58,12.5,0.5
FreeSolv,MFGP,58,12.6,0.5
FreeSolv,MFGP,58,12.7,0.5
FreeSolv,MFGP,58,12.8,0.5
FreeSolv,MFGP,58,12.9,0.5
FreeSolv,MFGP,58,13.0,0.5
FreeSolv,MFGP,58,13.1,0.5
FreeSolv,MFGP,58,13.2,0.5
FreeSolv,MFGP,58,13.3,0.5
FreeSolv,MFGP,58,13.4,0.5
FreeSolv,MFGP,58,13.5,0.5
FreeSolv,MFGP,58,14.5,0.5
FreeSolv,MFGP,58,14.6,0.5
FreeSolv,MFGP,58,14.7,0.5
FreeSolv,MFGP,58,14.8,0.5
FreeSolv,MFGP,58,14.9,0.5
FreeSolv,MFGP,58,15.0,0.5
FreeSolv,MFGP,58,15.1,0.5
FreeSolv,MFGP,58,15.2,0.5
FreeSolv,MFGP,58,15.3,0.5
FreeSolv,MFGP,58,15.4,0.5
FreeSolv,MFGP,58,15.5,0.5
FreeSolv,MFGP,58,16.5,0.5
FreeSolv,MFGP,58,16.6,0.5
FreeSolv,MFGP,58,16.7,0.5
FreeSolv,MFGP,58,16.8,0.5
FreeSolv,MFGP,58,16.9,0.5
FreeSolv,MFGP,58,17.0,0.5
FreeSolv,MFGP,58,17.1,0.5
FreeSolv,MFGP,58,17.2,0.5
FreeSolv,MFGP,58,17.3,0.5
FreeSolv,MFGP,58,17.4,0.5
FreeSolv,MFGP,58,17.5,0.5
FreeSolv,MFGP,58,18.5,0.5
FreeSolv,MFGP,58,18.6,0.5
FreeSolv,MFGP,58,18.7,0.5
FreeSolv,MFGP,58,18.8,0.5
FreeSolv,MFGP,58,18.9,0.5
FreeSolv,MFGP,58,19.0,0.5
FreeSolv,MFGP,58,19.1,0.5
FreeSolv,MFGP,58,19.2,0.5
FreeSolv,MFGP,58,19.3,0.5
FreeSolv,MFGP,58,19.4,0.5
FreeSolv,MFGP,58,19.5,0.5
FreeSolv,MFGP,58,20.5,0.5
FreeSolv,MFGP,58,20.6,0.5
FreeSolv,MFGP,58,20.7,0.5
FreeSolv,MFGP,58,20.8,0.5
FreeSolv,MFGP,58,20.9,0.5
FreeSolv,MFGP,58,21.0,0.5
FreeSolv,MFGP,58,21.1,0.5
FreeSolv,MFGP,58,21.2,0.5
FreeSolv,MFGP,58,21.3,0.5
FreeSolv,MFGP,58,21.4,0.5
FreeSolv,MFGP,58,21.5,0.5
FreeSolv,MFGP,58,22.5,0.5
FreeSolv,MFGP,58,22.6,0.5
FreeSolv,MFGP,58,22.7,0.5
FreeSolv,MFGP,58,22.8,0.5
FreeSolv,MFGP,58,22.9,0.5
FreeSolv,MFGP,58,23.0,0.5
FreeSolv,MFGP,58,23.1,0.5
FreeSolv,MFGP,58,23.2,0.5
FreeSolv,MFGP,58,23.3,0.5
FreeSolv,MFGP,58,23.4,0.5
FreeSolv,MFGP,58,23.5,0.5
FreeSolv,MFGP,58,24.5,0.5
FreeSolv,MFGP,58,24.6,0.5
FreeSolv,MFGP,58,24.7,0.5
FreeSolv,MFGP,58,24.8,0.5
FreeSolv,MFGP,58,24.9,0.5
FreeSolv,MFGP,58,25.0,0.5
FreeSolv,MFGP,58,25.1,0.5
FreeSolv,MFGP,58,25.2,0.5
FreeSolv,MFGP,58,25.3,0.5
FreeSolv,MFGP,58,25.4,0.5
FreeSolv,MFGP,58,25.5,0.5
FreeSolv,MFGP,58,26.5,0.5
FreeSolv,MFGP,58,26.6,0.5
FreeSolv,MFGP,58,26.7,0.5
FreeSolv,MFGP,58,26.8,0.5
FreeSolv,MFGP,58,26.9,0.5
FreeSolv,MFGP,58,27.0,0.5
FreeSolv,MFGP,58,27.1,0.5
FreeSolv,MFGP,58,27.2,0.5
FreeSolv,MFGP,58,27.3,0.5
FreeSolv,MFGP,58,27.4,0.5
FreeSolv,MFGP,58,27.5,0.5
FreeSolv,MFGP,58,28.5,0.5
FreeSolv,MFGP,58,28.6,0.5
FreeSolv,MFGP,58,28.7,0.5
FreeSolv,MFGP,58,28.8,0.5
FreeSolv,MFGP,58,28.9,0.5
FreeSolv,MFGP,58,29.0,0.5
FreeSolv,MFGP,58,29.1,0.5
FreeSolv,MFGP,58,29.2,0.5
FreeSolv,MFGP,58,29.3,0.5
FreeSolv,MFGP,58,29.4,0.5
FreeSolv,MFGP,58,29.5,0.5
FreeSolv,MFGP,58,30.5,0.5
FreeSolv,MFGP,58,30.6,0.5
FreeSolv,MFGP,58,30.7,0.5
FreeSolv,MFGP,58,30.8,0.5
FreeSolv,MFGP,58,30.9,0.5
FreeSolv,MFGP,58,31.0,0.5
FreeSolv,MFGP,58,31.1,0.5
FreeSolv,MFGP,58,31.2,0.5
FreeSolv,MFGP,58,31.3,0.5
FreeSolv,MFGP,58,31.4,0.5
FreeSolv,MFGP,58,31.5,0.5
FreeSolv,MFGP,58,32.5,0.5
FreeSolv,MFGP,58,32.6,0.5
FreeSolv,MFGP,58,32.7,0.5
FreeSolv,MFGP,58,32.8,0.5
FreeSolv,MFGP,58,32.9,0.5
FreeSolv,MFGP,58,33.0,0.5
FreeSolv,MFGP,58,33.1,0.5
FreeSolv,MFGP,58,33.2,0.5
FreeSolv,MFGP,58,33.3,0.5
FreeSolv,MFGP,58,33.4,0.5
FreeSolv,MFGP,58,33.5,0.5
FreeSolv,MFGP,58,34.5,0.5
FreeSolv,MFGP,58,34.6,0.5
FreeSolv,MFGP,58,34.7,0.5
FreeSolv,MFGP,58,34.8,0.5
FreeSolv,MFGP,58,34.9,0.5
FreeSolv,MFGP,58,35.0,0.5
FreeSolv,MFGP,58,35.1,0.5
FreeSolv,MFGP,58,35.2,0.5
FreeSolv,MFGP,58,35.3,0.5
FreeSolv,MFGP,58,35.4,0.5
FreeSolv,MFGP,58,35.5,0.5
FreeSolv,MFGP,58,36.5,0.5
FreeSolv,MFGP,58,36.6,0.5
FreeSolv,MFGP,58,36.7,0.5
FreeSolv,MFGP,58,36.8,0.5
FreeSolv,MFGP,58,36.9,0.5
FreeSolv,MFGP,58,37.0,0.5
FreeSolv,MFGP,58,37.1,0.5
FreeSolv,MFGP,58,37.2,0.5
FreeSolv,MFGP,58,37.3,0.5
FreeSolv,MFGP,58,37.4,0.5
FreeSolv,MFGP,58,37.5,0.5
FreeSolv,MFGP,58,38.5,0.5
FreeSolv,MFGP,58,38.6,0.5
FreeSolv,MFGP,58,38.7,0.5
FreeSolv,MFGP,58,38.8,0.5
FreeSolv,MFGP,58,38.9,0.5
FreeSolv,MFGP,58,39.0,0.5
FreeSolv,MFGP,58,39.1,0.5
FreeSolv,MFGP,58,39.2,0.5
FreeSolv,MFGP,58,39.3,0.5
FreeSolv,MFGP,58,39.4,0.5
FreeSolv,MFGP,58,39.5,0.5
FreeSolv,MFGP,58,40.5,0.5
FreeSolv,MFGP,58,40.6,0.5
FreeSolv,MFGP,58,40.7,0.5
FreeSolv,MFGP,58,40.8,0.5
FreeSolv,MFGP,58,40.9,0.5
FreeSolv,MFGP,58,41.0,0.5
FreeSolv,MFGP,58,41.1,0.5
FreeSolv,MFGP,58,41.2,0.5
FreeSolv,MFGP,58,41.3,0.5
FreeSolv,MFGP,58,41.4,0.5
FreeSolv,MFGP,58,41.5,0.5
FreeSolv,MFGP,58,42.5,0.5
FreeSolv,MFGP,58,42.6,0.5
FreeSolv,MFGP,58,42.7,0.5
FreeSolv,MFGP,58,42.8,0.5
FreeSolv,MFGP,58,42.9,0.5
FreeSolv,MFGP,58,43.0,0.5
FreeSolv,MFGP,58,43.1,0.5
FreeSolv,MFGP,58,43.2,0.5
FreeSolv,MFGP,58,43.3,0.5
FreeSolv,MFGP,58,43.4,0.5
FreeSolv,MFGP,58,43.5,0.5
FreeSolv,MFGP,58,44.5,0.5
FreeSolv,MFGP,58,44.6,0.5
FreeSolv,MFGP,58,44.7,0.5
FreeSolv,MFGP,58,44.8,0.5
FreeSolv,MFGP,58,44.9,0.5
FreeSolv,MFGP,58,45.0,0.5
FreeSolv,MFGP,58,45.1,0.5
FreeSolv,MFGP,58,45.2,0.5
FreeSolv,MFGP,58,45.3,0.5
FreeSolv,MFGP,58,45.4,0.5
FreeSolv,MFGP,58,45.5,0.5
FreeSolv,MFGP,58,46.5,0.5
FreeSolv,MFGP,58,46.6,0.5
FreeSolv,MFGP,58,46.7,0.5
FreeSolv,MFGP,58,46.8,0.5
FreeSolv,MFGP,58,46.9,0.5
FreeSolv,MFGP,58,47.0,0.5
FreeSolv,MFGP,58,47.1,0.5
FreeSolv,MFGP,58,47.2,0.5
FreeSolv,MFGP,58,47.3,0.5
FreeSolv,MFGP,58,47.4,0.5
FreeSolv,MFGP,58,47.5,0.5
FreeSolv,MFGP,58,48.5,0.5
FreeSolv,MFGP,58,48.6,0.5
FreeSolv,MFGP,58,48.7,0.5
FreeSolv,MFGP,58,48.8,0.5
FreeSolv,MFGP,58,48.9,0.5
FreeSolv,MFGP,58,49.0,0.5
FreeSolv,MFGP,58,49.1,0.5
FreeSolv,MFGP,58,49.2,0.5
FreeSolv,MFGP,58,49.3,0.5
FreeSolv,MFGP,58,49.4,0.5
FreeSolv,MFGP,58,49.5,0.5
FreeSolv,MFGP,58,49.6,0.5
FreeSolv,MFGP,58,49.7,0.5
FreeSolv,MFGP,58,49.8,0.5
FreeSolv,MFGP,58,49.9,0.5
FreeSolv,MFGP,59,4.5,11.58
FreeSolv,MFGP,59,4.6,11.58
FreeSolv,MFGP,59,4.7,11.58
FreeSolv,MFGP,59,4.8,11.58
FreeSolv,MFGP,59,4.9,11.58
FreeSolv,MFGP,59,5.0,11.58
FreeSolv,MFGP,59,5.1,11.58
FreeSolv,MFGP,59,5.2,11.58
FreeSolv,MFGP,59,5.3,11.58
FreeSolv,MFGP,59,5.4,11.58
FreeSolv,MFGP,59,5.5,11.58
FreeSolv,MFGP,59,6.5,1.7500000000000002
FreeSolv,MFGP,59,6.6,1.7500000000000002
FreeSolv,MFGP,59,6.7,1.7500000000000002
FreeSolv,MFGP,59,6.8,1.7500000000000002
FreeSolv,MFGP,59,6.9,1.7500000000000002
FreeSolv,MFGP,59,7.0,1.7500000000000002
FreeSolv,MFGP,59,7.1,1.7500000000000002
FreeSolv,MFGP,59,7.2,1.7500000000000002
FreeSolv,MFGP,59,7.3,1.7500000000000002
FreeSolv,MFGP,59,7.4,1.7500000000000002
FreeSolv,MFGP,59,7.5,1.7500000000000002
FreeSolv,MFGP,59,8.5,1.5100000000000002
FreeSolv,MFGP,59,8.6,1.5100000000000002
FreeSolv,MFGP,59,8.7,1.5100000000000002
FreeSolv,MFGP,59,8.8,1.5100000000000002
FreeSolv,MFGP,59,8.9,1.5100000000000002
FreeSolv,MFGP,59,9.0,1.5100000000000002
FreeSolv,MFGP,59,9.1,1.5100000000000002
FreeSolv,MFGP,59,9.2,1.5100000000000002
FreeSolv,MFGP,59,9.3,1.5100000000000002
FreeSolv,MFGP,59,9.4,1.5100000000000002
FreeSolv,MFGP,59,9.5,1.5100000000000002
FreeSolv,MFGP,59,10.5,1.5100000000000002
FreeSolv,MFGP,59,10.6,1.5100000000000002
FreeSolv,MFGP,59,10.7,1.5100000000000002
FreeSolv,MFGP,59,10.8,1.5100000000000002
FreeSolv,MFGP,59,10.9,1.5100000000000002
FreeSolv,MFGP,59,11.0,1.5100000000000002
FreeSolv,MFGP,59,11.1,1.5100000000000002
FreeSolv,MFGP,59,11.2,1.5100000000000002
FreeSolv,MFGP,59,11.3,1.5100000000000002
FreeSolv,MFGP,59,11.4,1.5100000000000002
FreeSolv,MFGP,59,11.5,1.5100000000000002
FreeSolv,MFGP,59,12.5,1.5100000000000002
FreeSolv,MFGP,59,12.6,1.5100000000000002
FreeSolv,MFGP,59,12.7,1.5100000000000002
FreeSolv,MFGP,59,12.8,1.5100000000000002
FreeSolv,MFGP,59,12.9,1.5100000000000002
FreeSolv,MFGP,59,13.0,1.5100000000000002
FreeSolv,MFGP,59,13.1,1.5100000000000002
FreeSolv,MFGP,59,13.2,1.5100000000000002
FreeSolv,MFGP,59,13.3,1.5100000000000002
FreeSolv,MFGP,59,13.4,1.5100000000000002
FreeSolv,MFGP,59,13.5,1.5100000000000002
FreeSolv,MFGP,59,14.5,1.5100000000000002
FreeSolv,MFGP,59,14.6,1.5100000000000002
FreeSolv,MFGP,59,14.7,1.5100000000000002
FreeSolv,MFGP,59,14.8,1.5100000000000002
FreeSolv,MFGP,59,14.9,1.5100000000000002
FreeSolv,MFGP,59,15.0,1.5100000000000002
FreeSolv,MFGP,59,15.1,1.5100000000000002
FreeSolv,MFGP,59,15.2,1.5100000000000002
FreeSolv,MFGP,59,15.3,1.5100000000000002
FreeSolv,MFGP,59,15.4,1.5100000000000002
FreeSolv,MFGP,59,15.5,1.5100000000000002
FreeSolv,MFGP,59,16.5,1.5100000000000002
FreeSolv,MFGP,59,16.6,1.5100000000000002
FreeSolv,MFGP,59,16.7,1.5100000000000002
FreeSolv,MFGP,59,16.8,1.5100000000000002
FreeSolv,MFGP,59,16.9,1.5100000000000002
FreeSolv,MFGP,59,17.0,1.5100000000000002
FreeSolv,MFGP,59,17.1,1.5100000000000002
FreeSolv,MFGP,59,17.2,1.5100000000000002
FreeSolv,MFGP,59,17.3,1.5100000000000002
FreeSolv,MFGP,59,17.4,1.5100000000000002
FreeSolv,MFGP,59,17.5,1.5100000000000002
FreeSolv,MFGP,59,18.5,1.5100000000000002
FreeSolv,MFGP,59,18.6,1.5100000000000002
FreeSolv,MFGP,59,18.7,1.5100000000000002
FreeSolv,MFGP,59,18.8,1.5100000000000002
FreeSolv,MFGP,59,18.9,1.5100000000000002
FreeSolv,MFGP,59,19.0,1.5100000000000002
FreeSolv,MFGP,59,19.1,1.5100000000000002
FreeSolv,MFGP,59,19.2,1.5100000000000002
FreeSolv,MFGP,59,19.3,1.5100000000000002
FreeSolv,MFGP,59,19.4,1.5100000000000002
FreeSolv,MFGP,59,19.5,1.5100000000000002
FreeSolv,MFGP,59,20.5,1.5100000000000002
FreeSolv,MFGP,59,20.6,1.5100000000000002
FreeSolv,MFGP,59,20.7,1.5100000000000002
FreeSolv,MFGP,59,20.8,1.5100000000000002
FreeSolv,MFGP,59,20.9,1.5100000000000002
FreeSolv,MFGP,59,21.0,1.5100000000000002
FreeSolv,MFGP,59,21.1,1.5100000000000002
FreeSolv,MFGP,59,21.2,1.5100000000000002
FreeSolv,MFGP,59,21.3,1.5100000000000002
FreeSolv,MFGP,59,21.4,1.5100000000000002
FreeSolv,MFGP,59,21.5,1.5100000000000002
FreeSolv,MFGP,59,22.5,1.5100000000000002
FreeSolv,MFGP,59,22.6,1.5100000000000002
FreeSolv,MFGP,59,22.7,1.5100000000000002
FreeSolv,MFGP,59,22.8,1.5100000000000002
FreeSolv,MFGP,59,22.9,1.5100000000000002
FreeSolv,MFGP,59,23.0,1.5100000000000002
FreeSolv,MFGP,59,23.1,1.5100000000000002
FreeSolv,MFGP,59,23.2,1.5100000000000002
FreeSolv,MFGP,59,23.3,1.5100000000000002
FreeSolv,MFGP,59,23.4,1.5100000000000002
FreeSolv,MFGP,59,23.5,1.5100000000000002
FreeSolv,MFGP,59,24.5,1.5100000000000002
FreeSolv,MFGP,59,24.6,1.5100000000000002
FreeSolv,MFGP,59,24.7,1.5100000000000002
FreeSolv,MFGP,59,24.8,1.5100000000000002
FreeSolv,MFGP,59,24.9,1.5100000000000002
FreeSolv,MFGP,59,25.0,1.5100000000000002
FreeSolv,MFGP,59,25.1,1.5100000000000002
FreeSolv,MFGP,59,25.2,1.5100000000000002
FreeSolv,MFGP,59,25.3,1.5100000000000002
FreeSolv,MFGP,59,25.4,1.5100000000000002
FreeSolv,MFGP,59,25.5,1.5100000000000002
FreeSolv,MFGP,59,26.5,1.5100000000000002
FreeSolv,MFGP,59,26.6,1.5100000000000002
FreeSolv,MFGP,59,26.7,1.5100000000000002
FreeSolv,MFGP,59,26.8,1.5100000000000002
FreeSolv,MFGP,59,26.9,1.5100000000000002
FreeSolv,MFGP,59,27.0,1.5100000000000002
FreeSolv,MFGP,59,27.1,1.5100000000000002
FreeSolv,MFGP,59,27.2,1.5100000000000002
FreeSolv,MFGP,59,27.3,1.5100000000000002
FreeSolv,MFGP,59,27.4,1.5100000000000002
FreeSolv,MFGP,59,27.5,1.5100000000000002
FreeSolv,MFGP,59,28.5,1.5100000000000002
FreeSolv,MFGP,59,28.6,1.5100000000000002
FreeSolv,MFGP,59,28.7,1.5100000000000002
FreeSolv,MFGP,59,28.8,1.5100000000000002
FreeSolv,MFGP,59,28.9,1.5100000000000002
FreeSolv,MFGP,59,29.0,1.5100000000000002
FreeSolv,MFGP,59,29.1,1.5100000000000002
FreeSolv,MFGP,59,29.2,1.5100000000000002
FreeSolv,MFGP,59,29.3,1.5100000000000002
FreeSolv,MFGP,59,29.4,1.5100000000000002
FreeSolv,MFGP,59,29.5,1.5100000000000002
FreeSolv,MFGP,59,30.5,1.5100000000000002
FreeSolv,MFGP,59,30.6,1.5100000000000002
FreeSolv,MFGP,59,30.7,1.5100000000000002
FreeSolv,MFGP,59,30.8,1.5100000000000002
FreeSolv,MFGP,59,30.9,1.5100000000000002
FreeSolv,MFGP,59,31.0,1.5100000000000002
FreeSolv,MFGP,59,31.1,1.5100000000000002
FreeSolv,MFGP,59,31.2,1.5100000000000002
FreeSolv,MFGP,59,31.3,1.5100000000000002
FreeSolv,MFGP,59,31.4,1.5100000000000002
FreeSolv,MFGP,59,31.5,1.5100000000000002
FreeSolv,MFGP,59,32.5,1.5100000000000002
FreeSolv,MFGP,59,32.6,1.5100000000000002
FreeSolv,MFGP,59,32.7,1.5100000000000002
FreeSolv,MFGP,59,32.8,1.5100000000000002
FreeSolv,MFGP,59,32.9,1.5100000000000002
FreeSolv,MFGP,59,33.0,1.5100000000000002
FreeSolv,MFGP,59,33.1,1.5100000000000002
FreeSolv,MFGP,59,33.2,1.5100000000000002
FreeSolv,MFGP,59,33.3,1.5100000000000002
FreeSolv,MFGP,59,33.4,1.5100000000000002
FreeSolv,MFGP,59,33.5,1.5100000000000002
FreeSolv,MFGP,59,34.5,1.5100000000000002
FreeSolv,MFGP,59,34.6,1.5100000000000002
FreeSolv,MFGP,59,34.7,1.5100000000000002
FreeSolv,MFGP,59,34.8,1.5100000000000002
FreeSolv,MFGP,59,34.9,1.5100000000000002
FreeSolv,MFGP,59,35.0,1.5100000000000002
FreeSolv,MFGP,59,35.1,1.5100000000000002
FreeSolv,MFGP,59,35.2,1.5100000000000002
FreeSolv,MFGP,59,35.3,1.5100000000000002
FreeSolv,MFGP,59,35.4,1.5100000000000002
FreeSolv,MFGP,59,35.5,1.5100000000000002
FreeSolv,MFGP,59,36.5,1.5100000000000002
FreeSolv,MFGP,59,36.6,1.5100000000000002
FreeSolv,MFGP,59,36.7,1.5100000000000002
FreeSolv,MFGP,59,36.8,1.5100000000000002
FreeSolv,MFGP,59,36.9,1.5100000000000002
FreeSolv,MFGP,59,37.0,1.5100000000000002
FreeSolv,MFGP,59,37.1,1.5100000000000002
FreeSolv,MFGP,59,37.2,1.5100000000000002
FreeSolv,MFGP,59,37.3,1.5100000000000002
FreeSolv,MFGP,59,37.4,1.5100000000000002
FreeSolv,MFGP,59,37.5,1.5100000000000002
FreeSolv,MFGP,59,38.5,1.5100000000000002
FreeSolv,MFGP,59,38.6,1.5100000000000002
FreeSolv,MFGP,59,38.7,1.5100000000000002
FreeSolv,MFGP,59,38.8,1.5100000000000002
FreeSolv,MFGP,59,38.9,1.5100000000000002
FreeSolv,MFGP,59,39.0,1.5100000000000002
FreeSolv,MFGP,59,39.1,1.5100000000000002
FreeSolv,MFGP,59,39.2,1.5100000000000002
FreeSolv,MFGP,59,39.3,1.5100000000000002
FreeSolv,MFGP,59,39.4,1.5100000000000002
FreeSolv,MFGP,59,39.5,1.5100000000000002
FreeSolv,MFGP,59,40.5,1.5100000000000002
FreeSolv,MFGP,59,40.6,1.5100000000000002
FreeSolv,MFGP,59,40.7,1.5100000000000002
FreeSolv,MFGP,59,40.8,1.5100000000000002
FreeSolv,MFGP,59,40.9,1.5100000000000002
FreeSolv,MFGP,59,41.0,1.5100000000000002
FreeSolv,MFGP,59,41.1,1.5100000000000002
FreeSolv,MFGP,59,41.2,1.5100000000000002
FreeSolv,MFGP,59,41.3,1.5100000000000002
FreeSolv,MFGP,59,41.4,1.5100000000000002
FreeSolv,MFGP,59,41.5,1.5100000000000002
FreeSolv,MFGP,59,42.5,1.5100000000000002
FreeSolv,MFGP,59,42.6,1.5100000000000002
FreeSolv,MFGP,59,42.7,1.5100000000000002
FreeSolv,MFGP,59,42.8,1.5100000000000002
FreeSolv,MFGP,59,42.9,1.5100000000000002
FreeSolv,MFGP,59,43.0,1.5100000000000002
FreeSolv,MFGP,59,43.1,1.5100000000000002
FreeSolv,MFGP,59,43.2,1.5100000000000002
FreeSolv,MFGP,59,43.3,1.5100000000000002
FreeSolv,MFGP,59,43.4,1.5100000000000002
FreeSolv,MFGP,59,43.5,1.5100000000000002
FreeSolv,MFGP,59,44.5,1.5100000000000002
FreeSolv,MFGP,59,44.6,1.5100000000000002
FreeSolv,MFGP,59,44.7,1.5100000000000002
FreeSolv,MFGP,59,44.8,1.5100000000000002
FreeSolv,MFGP,59,44.9,1.5100000000000002
FreeSolv,MFGP,59,45.0,1.5100000000000002
FreeSolv,MFGP,59,45.1,1.5100000000000002
FreeSolv,MFGP,59,45.2,1.5100000000000002
FreeSolv,MFGP,59,45.3,1.5100000000000002
FreeSolv,MFGP,59,45.4,1.5100000000000002
FreeSolv,MFGP,59,45.5,1.5100000000000002
FreeSolv,MFGP,59,46.5,1.5100000000000002
FreeSolv,MFGP,59,46.6,1.5100000000000002
FreeSolv,MFGP,59,46.7,1.5100000000000002
FreeSolv,MFGP,59,46.8,1.5100000000000002
FreeSolv,MFGP,59,46.9,1.5100000000000002
FreeSolv,MFGP,59,47.0,1.5100000000000002
FreeSolv,MFGP,59,47.1,1.5100000000000002
FreeSolv,MFGP,59,47.2,1.5100000000000002
FreeSolv,MFGP,59,47.3,1.5100000000000002
FreeSolv,MFGP,59,47.4,1.5100000000000002
FreeSolv,MFGP,59,47.5,1.5100000000000002
FreeSolv,MFGP,59,48.5,1.5100000000000002
FreeSolv,MFGP,59,48.6,1.5100000000000002
FreeSolv,MFGP,59,48.7,1.5100000000000002
FreeSolv,MFGP,59,48.8,1.5100000000000002
FreeSolv,MFGP,59,48.9,1.5100000000000002
FreeSolv,MFGP,59,49.0,1.5100000000000002
FreeSolv,MFGP,59,49.1,1.5100000000000002
FreeSolv,MFGP,59,49.2,1.5100000000000002
FreeSolv,MFGP,59,49.3,1.5100000000000002
FreeSolv,MFGP,59,49.4,1.5100000000000002
FreeSolv,MFGP,59,49.5,1.5100000000000002
FreeSolv,MFGP,59,49.6,1.5100000000000002
FreeSolv,MFGP,59,49.7,1.5100000000000002
FreeSolv,MFGP,59,49.8,1.5100000000000002
FreeSolv,MFGP,59,49.9,1.5100000000000002
FreeSolv,MFGP,60,4.5,0.5
FreeSolv,MFGP,60,4.6,0.5
FreeSolv,MFGP,60,4.7,0.5
FreeSolv,MFGP,60,4.8,0.5
FreeSolv,MFGP,60,4.9,0.5
FreeSolv,MFGP,60,5.0,0.5
FreeSolv,MFGP,60,5.1,0.5
FreeSolv,MFGP,60,5.2,0.5
FreeSolv,MFGP,60,5.3,0.5
FreeSolv,MFGP,60,5.4,0.5
FreeSolv,MFGP,60,5.5,0.5
FreeSolv,MFGP,60,6.5,0.5
FreeSolv,MFGP,60,6.6,0.5
FreeSolv,MFGP,60,6.7,0.5
FreeSolv,MFGP,60,6.8,0.5
FreeSolv,MFGP,60,6.9,0.5
FreeSolv,MFGP,60,7.0,0.5
FreeSolv,MFGP,60,7.1,0.5
FreeSolv,MFGP,60,7.2,0.5
FreeSolv,MFGP,60,7.3,0.5
FreeSolv,MFGP,60,7.4,0.5
FreeSolv,MFGP,60,7.5,0.5
FreeSolv,MFGP,60,8.5,0.5
FreeSolv,MFGP,60,8.6,0.5
FreeSolv,MFGP,60,8.7,0.5
FreeSolv,MFGP,60,8.8,0.5
FreeSolv,MFGP,60,8.9,0.5
FreeSolv,MFGP,60,9.0,0.5
FreeSolv,MFGP,60,9.1,0.5
FreeSolv,MFGP,60,9.2,0.5
FreeSolv,MFGP,60,9.3,0.5
FreeSolv,MFGP,60,9.4,0.5
FreeSolv,MFGP,60,9.5,0.5
FreeSolv,MFGP,60,10.5,0.5
FreeSolv,MFGP,60,10.6,0.5
FreeSolv,MFGP,60,10.7,0.5
FreeSolv,MFGP,60,10.8,0.5
FreeSolv,MFGP,60,10.9,0.5
FreeSolv,MFGP,60,11.0,0.5
FreeSolv,MFGP,60,11.1,0.5
FreeSolv,MFGP,60,11.2,0.5
FreeSolv,MFGP,60,11.3,0.5
FreeSolv,MFGP,60,11.4,0.5
FreeSolv,MFGP,60,11.5,0.5
FreeSolv,MFGP,60,12.5,0.5
FreeSolv,MFGP,60,12.6,0.5
FreeSolv,MFGP,60,12.7,0.5
FreeSolv,MFGP,60,12.8,0.5
FreeSolv,MFGP,60,12.9,0.5
FreeSolv,MFGP,60,13.0,0.5
FreeSolv,MFGP,60,13.1,0.5
FreeSolv,MFGP,60,13.2,0.5
FreeSolv,MFGP,60,13.3,0.5
FreeSolv,MFGP,60,13.4,0.5
FreeSolv,MFGP,60,13.5,0.5
FreeSolv,MFGP,60,14.5,0.5
FreeSolv,MFGP,60,14.6,0.5
FreeSolv,MFGP,60,14.7,0.5
FreeSolv,MFGP,60,14.8,0.5
FreeSolv,MFGP,60,14.9,0.5
FreeSolv,MFGP,60,15.0,0.5
FreeSolv,MFGP,60,15.1,0.5
FreeSolv,MFGP,60,15.2,0.5
FreeSolv,MFGP,60,15.3,0.5
FreeSolv,MFGP,60,15.4,0.5
FreeSolv,MFGP,60,15.5,0.5
FreeSolv,MFGP,60,16.5,0.5
FreeSolv,MFGP,60,16.6,0.5
FreeSolv,MFGP,60,16.7,0.5
FreeSolv,MFGP,60,16.8,0.5
FreeSolv,MFGP,60,16.9,0.5
FreeSolv,MFGP,60,17.0,0.5
FreeSolv,MFGP,60,17.1,0.5
FreeSolv,MFGP,60,17.2,0.5
FreeSolv,MFGP,60,17.3,0.5
FreeSolv,MFGP,60,17.4,0.5
FreeSolv,MFGP,60,17.5,0.5
FreeSolv,MFGP,60,18.5,0.5
FreeSolv,MFGP,60,18.6,0.5
FreeSolv,MFGP,60,18.7,0.5
FreeSolv,MFGP,60,18.8,0.5
FreeSolv,MFGP,60,18.9,0.5
FreeSolv,MFGP,60,19.0,0.5
FreeSolv,MFGP,60,19.1,0.5
FreeSolv,MFGP,60,19.2,0.5
FreeSolv,MFGP,60,19.3,0.5
FreeSolv,MFGP,60,19.4,0.5
FreeSolv,MFGP,60,19.5,0.5
FreeSolv,MFGP,60,20.5,0.5
FreeSolv,MFGP,60,20.6,0.5
FreeSolv,MFGP,60,20.7,0.5
FreeSolv,MFGP,60,20.8,0.5
FreeSolv,MFGP,60,20.9,0.5
FreeSolv,MFGP,60,21.0,0.5
FreeSolv,MFGP,60,21.1,0.5
FreeSolv,MFGP,60,21.2,0.5
FreeSolv,MFGP,60,21.3,0.5
FreeSolv,MFGP,60,21.4,0.5
FreeSolv,MFGP,60,21.5,0.5
FreeSolv,MFGP,60,22.5,0.5
FreeSolv,MFGP,60,22.6,0.5
FreeSolv,MFGP,60,22.7,0.5
FreeSolv,MFGP,60,22.8,0.5
FreeSolv,MFGP,60,22.9,0.5
FreeSolv,MFGP,60,23.0,0.5
FreeSolv,MFGP,60,23.1,0.5
FreeSolv,MFGP,60,23.2,0.5
FreeSolv,MFGP,60,23.3,0.5
FreeSolv,MFGP,60,23.4,0.5
FreeSolv,MFGP,60,23.5,0.5
FreeSolv,MFGP,60,24.5,0.5
FreeSolv,MFGP,60,24.6,0.5
FreeSolv,MFGP,60,24.7,0.5
FreeSolv,MFGP,60,24.8,0.5
FreeSolv,MFGP,60,24.9,0.5
FreeSolv,MFGP,60,25.0,0.5
FreeSolv,MFGP,60,25.1,0.5
FreeSolv,MFGP,60,25.2,0.5
FreeSolv,MFGP,60,25.3,0.5
FreeSolv,MFGP,60,25.4,0.5
FreeSolv,MFGP,60,25.5,0.5
FreeSolv,MFGP,60,26.5,0.5
FreeSolv,MFGP,60,26.6,0.5
FreeSolv,MFGP,60,26.7,0.5
FreeSolv,MFGP,60,26.8,0.5
FreeSolv,MFGP,60,26.9,0.5
FreeSolv,MFGP,60,27.0,0.5
FreeSolv,MFGP,60,27.1,0.5
FreeSolv,MFGP,60,27.2,0.5
FreeSolv,MFGP,60,27.3,0.5
FreeSolv,MFGP,60,27.4,0.5
FreeSolv,MFGP,60,27.5,0.5
FreeSolv,MFGP,60,28.5,0.5
FreeSolv,MFGP,60,28.6,0.5
FreeSolv,MFGP,60,28.7,0.5
FreeSolv,MFGP,60,28.8,0.5
FreeSolv,MFGP,60,28.9,0.5
FreeSolv,MFGP,60,29.0,0.5
FreeSolv,MFGP,60,29.1,0.5
FreeSolv,MFGP,60,29.2,0.5
FreeSolv,MFGP,60,29.3,0.5
FreeSolv,MFGP,60,29.4,0.5
FreeSolv,MFGP,60,29.5,0.5
FreeSolv,MFGP,60,30.5,0.5
FreeSolv,MFGP,60,30.6,0.5
FreeSolv,MFGP,60,30.7,0.5
FreeSolv,MFGP,60,30.8,0.5
FreeSolv,MFGP,60,30.9,0.5
FreeSolv,MFGP,60,31.0,0.5
FreeSolv,MFGP,60,31.1,0.5
FreeSolv,MFGP,60,31.2,0.5
FreeSolv,MFGP,60,31.3,0.5
FreeSolv,MFGP,60,31.4,0.5
FreeSolv,MFGP,60,31.5,0.5
FreeSolv,MFGP,60,32.5,0.5
FreeSolv,MFGP,60,32.6,0.5
FreeSolv,MFGP,60,32.7,0.5
FreeSolv,MFGP,60,32.8,0.5
FreeSolv,MFGP,60,32.9,0.5
FreeSolv,MFGP,60,33.0,0.5
FreeSolv,MFGP,60,33.1,0.5
FreeSolv,MFGP,60,33.2,0.5
FreeSolv,MFGP,60,33.3,0.5
FreeSolv,MFGP,60,33.4,0.5
FreeSolv,MFGP,60,33.5,0.5
FreeSolv,MFGP,60,34.5,0.5
FreeSolv,MFGP,60,34.6,0.5
FreeSolv,MFGP,60,34.7,0.5
FreeSolv,MFGP,60,34.8,0.5
FreeSolv,MFGP,60,34.9,0.5
FreeSolv,MFGP,60,35.0,0.5
FreeSolv,MFGP,60,35.1,0.5
FreeSolv,MFGP,60,35.2,0.5
FreeSolv,MFGP,60,35.3,0.5
FreeSolv,MFGP,60,35.4,0.5
FreeSolv,MFGP,60,35.5,0.5
FreeSolv,MFGP,60,36.5,0.5
FreeSolv,MFGP,60,36.6,0.5
FreeSolv,MFGP,60,36.7,0.5
FreeSolv,MFGP,60,36.8,0.5
FreeSolv,MFGP,60,36.9,0.5
FreeSolv,MFGP,60,37.0,0.5
FreeSolv,MFGP,60,37.1,0.5
FreeSolv,MFGP,60,37.2,0.5
FreeSolv,MFGP,60,37.3,0.5
FreeSolv,MFGP,60,37.4,0.5
FreeSolv,MFGP,60,37.5,0.5
FreeSolv,MFGP,60,38.5,0.5
FreeSolv,MFGP,60,38.6,0.5
FreeSolv,MFGP,60,38.7,0.5
FreeSolv,MFGP,60,38.8,0.5
FreeSolv,MFGP,60,38.9,0.5
FreeSolv,MFGP,60,39.0,0.5
FreeSolv,MFGP,60,39.1,0.5
FreeSolv,MFGP,60,39.2,0.5
FreeSolv,MFGP,60,39.3,0.5
FreeSolv,MFGP,60,39.4,0.5
FreeSolv,MFGP,60,39.5,0.5
FreeSolv,MFGP,60,40.5,0.5
FreeSolv,MFGP,60,40.6,0.5
FreeSolv,MFGP,60,40.7,0.5
FreeSolv,MFGP,60,40.8,0.5
FreeSolv,MFGP,60,40.9,0.5
FreeSolv,MFGP,60,41.0,0.5
FreeSolv,MFGP,60,41.1,0.5
FreeSolv,MFGP,60,41.2,0.5
FreeSolv,MFGP,60,41.3,0.5
FreeSolv,MFGP,60,41.4,0.5
FreeSolv,MFGP,60,41.5,0.5
FreeSolv,MFGP,60,42.5,0.5
FreeSolv,MFGP,60,42.6,0.5
FreeSolv,MFGP,60,42.7,0.5
FreeSolv,MFGP,60,42.8,0.5
FreeSolv,MFGP,60,42.9,0.5
FreeSolv,MFGP,60,43.0,0.5
FreeSolv,MFGP,60,43.1,0.5
FreeSolv,MFGP,60,43.2,0.5
FreeSolv,MFGP,60,43.3,0.5
FreeSolv,MFGP,60,43.4,0.5
FreeSolv,MFGP,60,43.5,0.5
FreeSolv,MFGP,60,44.5,0.5
FreeSolv,MFGP,60,44.6,0.5
FreeSolv,MFGP,60,44.7,0.5
FreeSolv,MFGP,60,44.8,0.5
FreeSolv,MFGP,60,44.9,0.5
FreeSolv,MFGP,60,45.0,0.5
FreeSolv,MFGP,60,45.1,0.5
FreeSolv,MFGP,60,45.2,0.5
FreeSolv,MFGP,60,45.3,0.5
FreeSolv,MFGP,60,45.4,0.5
FreeSolv,MFGP,60,45.5,0.5
FreeSolv,MFGP,60,46.5,0.5
FreeSolv,MFGP,60,46.6,0.5
FreeSolv,MFGP,60,46.7,0.5
FreeSolv,MFGP,60,46.8,0.5
FreeSolv,MFGP,60,46.9,0.5
FreeSolv,MFGP,60,47.0,0.5
FreeSolv,MFGP,60,47.1,0.5
FreeSolv,MFGP,60,47.2,0.5
FreeSolv,MFGP,60,47.3,0.5
FreeSolv,MFGP,60,47.4,0.5
FreeSolv,MFGP,60,47.5,0.5
FreeSolv,MFGP,60,48.5,0.5
FreeSolv,MFGP,60,48.6,0.5
FreeSolv,MFGP,60,48.7,0.5
FreeSolv,MFGP,60,48.8,0.5
FreeSolv,MFGP,60,48.9,0.5
FreeSolv,MFGP,60,49.0,0.5
FreeSolv,MFGP,60,49.1,0.5
FreeSolv,MFGP,60,49.2,0.5
FreeSolv,MFGP,60,49.3,0.5
FreeSolv,MFGP,60,49.4,0.5
FreeSolv,MFGP,60,49.5,0.5
FreeSolv,MFGP,60,49.6,0.5
FreeSolv,MFGP,60,49.7,0.5
FreeSolv,MFGP,60,49.8,0.5
FreeSolv,MFGP,60,49.9,0.5
FreeSolv,MFGP,61,4.5,9.16
FreeSolv,MFGP,61,4.6,9.16
FreeSolv,MFGP,61,4.7,9.16
FreeSolv,MFGP,61,4.8,9.16
FreeSolv,MFGP,61,4.9,9.16
FreeSolv,MFGP,61,5.0,9.16
FreeSolv,MFGP,61,5.1,9.16
FreeSolv,MFGP,61,5.2,9.16
FreeSolv,MFGP,61,5.3,9.16
FreeSolv,MFGP,61,5.4,9.16
FreeSolv,MFGP,61,5.5,9.16
FreeSolv,MFGP,61,6.5,3.35
FreeSolv,MFGP,61,6.6,3.35
FreeSolv,MFGP,61,6.7,3.35
FreeSolv,MFGP,61,6.8,3.35
FreeSolv,MFGP,61,6.9,3.35
FreeSolv,MFGP,61,7.0,3.35
FreeSolv,MFGP,61,7.1,3.35
FreeSolv,MFGP,61,7.2,3.35
FreeSolv,MFGP,61,7.3,3.35
FreeSolv,MFGP,61,7.4,3.35
FreeSolv,MFGP,61,7.5,3.35
FreeSolv,MFGP,61,8.5,3.35
FreeSolv,MFGP,61,8.6,3.35
FreeSolv,MFGP,61,8.7,3.35
FreeSolv,MFGP,61,8.8,3.35
FreeSolv,MFGP,61,8.9,3.35
FreeSolv,MFGP,61,9.0,3.35
FreeSolv,MFGP,61,9.1,3.35
FreeSolv,MFGP,61,9.2,3.35
FreeSolv,MFGP,61,9.3,3.35
FreeSolv,MFGP,61,9.4,3.35
FreeSolv,MFGP,61,9.5,3.35
FreeSolv,MFGP,61,10.5,3.18
FreeSolv,MFGP,61,10.6,3.18
FreeSolv,MFGP,61,10.7,3.18
FreeSolv,MFGP,61,10.8,3.18
FreeSolv,MFGP,61,10.9,3.18
FreeSolv,MFGP,61,11.0,3.18
FreeSolv,MFGP,61,11.1,3.18
FreeSolv,MFGP,61,11.2,3.18
FreeSolv,MFGP,61,11.3,3.18
FreeSolv,MFGP,61,11.4,3.18
FreeSolv,MFGP,61,11.5,3.18
FreeSolv,MFGP,61,12.5,2.5
FreeSolv,MFGP,61,12.6,2.5
FreeSolv,MFGP,61,12.7,2.5
FreeSolv,MFGP,61,12.8,2.5
FreeSolv,MFGP,61,12.9,2.5
FreeSolv,MFGP,61,13.0,2.5
FreeSolv,MFGP,61,13.1,2.5
FreeSolv,MFGP,61,13.2,2.5
FreeSolv,MFGP,61,13.3,2.5
FreeSolv,MFGP,61,13.4,2.5
FreeSolv,MFGP,61,13.5,2.5
FreeSolv,MFGP,61,14.5,2.5
FreeSolv,MFGP,61,14.6,2.5
FreeSolv,MFGP,61,14.7,2.5
FreeSolv,MFGP,61,14.8,2.5
FreeSolv,MFGP,61,14.9,2.5
FreeSolv,MFGP,61,15.0,2.5
FreeSolv,MFGP,61,15.1,2.5
FreeSolv,MFGP,61,15.2,2.5
FreeSolv,MFGP,61,15.3,2.5
FreeSolv,MFGP,61,15.4,2.5
FreeSolv,MFGP,61,15.5,2.5
FreeSolv,MFGP,61,16.5,2.5
FreeSolv,MFGP,61,16.6,2.5
FreeSolv,MFGP,61,16.7,2.5
FreeSolv,MFGP,61,16.8,2.5
FreeSolv,MFGP,61,16.9,2.5
FreeSolv,MFGP,61,17.0,2.5
FreeSolv,MFGP,61,17.1,2.5
FreeSolv,MFGP,61,17.2,2.5
FreeSolv,MFGP,61,17.3,2.5
FreeSolv,MFGP,61,17.4,2.5
FreeSolv,MFGP,61,17.5,2.5
FreeSolv,MFGP,61,18.5,0.5
FreeSolv,MFGP,61,18.6,0.5
FreeSolv,MFGP,61,18.7,0.5
FreeSolv,MFGP,61,18.8,0.5
FreeSolv,MFGP,61,18.9,0.5
FreeSolv,MFGP,61,19.0,0.5
FreeSolv,MFGP,61,19.1,0.5
FreeSolv,MFGP,61,19.2,0.5
FreeSolv,MFGP,61,19.3,0.5
FreeSolv,MFGP,61,19.4,0.5
FreeSolv,MFGP,61,19.5,0.5
FreeSolv,MFGP,61,20.5,0.5
FreeSolv,MFGP,61,20.6,0.5
FreeSolv,MFGP,61,20.7,0.5
FreeSolv,MFGP,61,20.8,0.5
FreeSolv,MFGP,61,20.9,0.5
FreeSolv,MFGP,61,21.0,0.5
FreeSolv,MFGP,61,21.1,0.5
FreeSolv,MFGP,61,21.2,0.5
FreeSolv,MFGP,61,21.3,0.5
FreeSolv,MFGP,61,21.4,0.5
FreeSolv,MFGP,61,21.5,0.5
FreeSolv,MFGP,61,22.5,0.5
FreeSolv,MFGP,61,22.6,0.5
FreeSolv,MFGP,61,22.7,0.5
FreeSolv,MFGP,61,22.8,0.5
FreeSolv,MFGP,61,22.9,0.5
FreeSolv,MFGP,61,23.0,0.5
FreeSolv,MFGP,61,23.1,0.5
FreeSolv,MFGP,61,23.2,0.5
FreeSolv,MFGP,61,23.3,0.5
FreeSolv,MFGP,61,23.4,0.5
FreeSolv,MFGP,61,23.5,0.5
FreeSolv,MFGP,61,24.5,0.5
FreeSolv,MFGP,61,24.6,0.5
FreeSolv,MFGP,61,24.7,0.5
FreeSolv,MFGP,61,24.8,0.5
FreeSolv,MFGP,61,24.9,0.5
FreeSolv,MFGP,61,25.0,0.5
FreeSolv,MFGP,61,25.1,0.5
FreeSolv,MFGP,61,25.2,0.5
FreeSolv,MFGP,61,25.3,0.5
FreeSolv,MFGP,61,25.4,0.5
FreeSolv,MFGP,61,25.5,0.5
FreeSolv,MFGP,61,26.5,0.5
FreeSolv,MFGP,61,26.6,0.5
FreeSolv,MFGP,61,26.7,0.5
FreeSolv,MFGP,61,26.8,0.5
FreeSolv,MFGP,61,26.9,0.5
FreeSolv,MFGP,61,27.0,0.5
FreeSolv,MFGP,61,27.1,0.5
FreeSolv,MFGP,61,27.2,0.5
FreeSolv,MFGP,61,27.3,0.5
FreeSolv,MFGP,61,27.4,0.5
FreeSolv,MFGP,61,27.5,0.5
FreeSolv,MFGP,61,28.5,0.5
FreeSolv,MFGP,61,28.6,0.5
FreeSolv,MFGP,61,28.7,0.5
FreeSolv,MFGP,61,28.8,0.5
FreeSolv,MFGP,61,28.9,0.5
FreeSolv,MFGP,61,29.0,0.5
FreeSolv,MFGP,61,29.1,0.5
FreeSolv,MFGP,61,29.2,0.5
FreeSolv,MFGP,61,29.3,0.5
FreeSolv,MFGP,61,29.4,0.5
FreeSolv,MFGP,61,29.5,0.5
FreeSolv,MFGP,61,30.5,0.5
FreeSolv,MFGP,61,30.6,0.5
FreeSolv,MFGP,61,30.7,0.5
FreeSolv,MFGP,61,30.8,0.5
FreeSolv,MFGP,61,30.9,0.5
FreeSolv,MFGP,61,31.0,0.5
FreeSolv,MFGP,61,31.1,0.5
FreeSolv,MFGP,61,31.2,0.5
FreeSolv,MFGP,61,31.3,0.5
FreeSolv,MFGP,61,31.4,0.5
FreeSolv,MFGP,61,31.5,0.5
FreeSolv,MFGP,61,32.5,0.5
FreeSolv,MFGP,61,32.6,0.5
FreeSolv,MFGP,61,32.7,0.5
FreeSolv,MFGP,61,32.8,0.5
FreeSolv,MFGP,61,32.9,0.5
FreeSolv,MFGP,61,33.0,0.5
FreeSolv,MFGP,61,33.1,0.5
FreeSolv,MFGP,61,33.2,0.5
FreeSolv,MFGP,61,33.3,0.5
FreeSolv,MFGP,61,33.4,0.5
FreeSolv,MFGP,61,33.5,0.5
FreeSolv,MFGP,61,34.5,0.5
FreeSolv,MFGP,61,34.6,0.5
FreeSolv,MFGP,61,34.7,0.5
FreeSolv,MFGP,61,34.8,0.5
FreeSolv,MFGP,61,34.9,0.5
FreeSolv,MFGP,61,35.0,0.5
FreeSolv,MFGP,61,35.1,0.5
FreeSolv,MFGP,61,35.2,0.5
FreeSolv,MFGP,61,35.3,0.5
FreeSolv,MFGP,61,35.4,0.5
FreeSolv,MFGP,61,35.5,0.5
FreeSolv,MFGP,61,36.5,0.5
FreeSolv,MFGP,61,36.6,0.5
FreeSolv,MFGP,61,36.7,0.5
FreeSolv,MFGP,61,36.8,0.5
FreeSolv,MFGP,61,36.9,0.5
FreeSolv,MFGP,61,37.0,0.5
FreeSolv,MFGP,61,37.1,0.5
FreeSolv,MFGP,61,37.2,0.5
FreeSolv,MFGP,61,37.3,0.5
FreeSolv,MFGP,61,37.4,0.5
FreeSolv,MFGP,61,37.5,0.5
FreeSolv,MFGP,61,38.5,0.5
FreeSolv,MFGP,61,38.6,0.5
FreeSolv,MFGP,61,38.7,0.5
FreeSolv,MFGP,61,38.8,0.5
FreeSolv,MFGP,61,38.9,0.5
FreeSolv,MFGP,61,39.0,0.5
FreeSolv,MFGP,61,39.1,0.5
FreeSolv,MFGP,61,39.2,0.5
FreeSolv,MFGP,61,39.3,0.5
FreeSolv,MFGP,61,39.4,0.5
FreeSolv,MFGP,61,39.5,0.5
FreeSolv,MFGP,61,40.5,0.5
FreeSolv,MFGP,61,40.6,0.5
FreeSolv,MFGP,61,40.7,0.5
FreeSolv,MFGP,61,40.8,0.5
FreeSolv,MFGP,61,40.9,0.5
FreeSolv,MFGP,61,41.0,0.5
FreeSolv,MFGP,61,41.1,0.5
FreeSolv,MFGP,61,41.2,0.5
FreeSolv,MFGP,61,41.3,0.5
FreeSolv,MFGP,61,41.4,0.5
FreeSolv,MFGP,61,41.5,0.5
FreeSolv,MFGP,61,42.5,0.5
FreeSolv,MFGP,61,42.6,0.5
FreeSolv,MFGP,61,42.7,0.5
FreeSolv,MFGP,61,42.8,0.5
FreeSolv,MFGP,61,42.9,0.5
FreeSolv,MFGP,61,43.0,0.5
FreeSolv,MFGP,61,43.1,0.5
FreeSolv,MFGP,61,43.2,0.5
FreeSolv,MFGP,61,43.3,0.5
FreeSolv,MFGP,61,43.4,0.5
FreeSolv,MFGP,61,43.5,0.5
FreeSolv,MFGP,61,44.5,0.5
FreeSolv,MFGP,61,44.6,0.5
FreeSolv,MFGP,61,44.7,0.5
FreeSolv,MFGP,61,44.8,0.5
FreeSolv,MFGP,61,44.9,0.5
FreeSolv,MFGP,61,45.0,0.5
FreeSolv,MFGP,61,45.1,0.5
FreeSolv,MFGP,61,45.2,0.5
FreeSolv,MFGP,61,45.3,0.5
FreeSolv,MFGP,61,45.4,0.5
FreeSolv,MFGP,61,45.5,0.5
FreeSolv,MFGP,61,46.5,0.5
FreeSolv,MFGP,61,46.6,0.5
FreeSolv,MFGP,61,46.7,0.5
FreeSolv,MFGP,61,46.8,0.5
FreeSolv,MFGP,61,46.9,0.5
FreeSolv,MFGP,61,47.0,0.5
FreeSolv,MFGP,61,47.1,0.5
FreeSolv,MFGP,61,47.2,0.5
FreeSolv,MFGP,61,47.3,0.5
FreeSolv,MFGP,61,47.4,0.5
FreeSolv,MFGP,61,47.5,0.5
FreeSolv,MFGP,61,48.5,0.5
FreeSolv,MFGP,61,48.6,0.5
FreeSolv,MFGP,61,48.7,0.5
FreeSolv,MFGP,61,48.8,0.5
FreeSolv,MFGP,61,48.9,0.5
FreeSolv,MFGP,61,49.0,0.5
FreeSolv,MFGP,61,49.1,0.5
FreeSolv,MFGP,61,49.2,0.5
FreeSolv,MFGP,61,49.3,0.5
FreeSolv,MFGP,61,49.4,0.5
FreeSolv,MFGP,61,49.5,0.5
FreeSolv,MFGP,61,49.6,0.5
FreeSolv,MFGP,61,49.7,0.5
FreeSolv,MFGP,61,49.8,0.5
FreeSolv,MFGP,61,49.9,0.5
Park-Fav,MFGP,42,4.5,7.540938598669365
Park-Fav,MFGP,42,4.6,7.540938598669365
Park-Fav,MFGP,42,4.7,7.540938598669365
Park-Fav,MFGP,42,4.8,7.540938598669365
Park-Fav,MFGP,42,4.9,7.540938598669365
Park-Fav,MFGP,42,5.0,7.540938598669365
Park-Fav,MFGP,42,5.1,7.540938598669365
Park-Fav,MFGP,42,5.2,7.540938598669365
Park-Fav,MFGP,42,5.3,7.540938598669365
Park-Fav,MFGP,42,5.4,7.540938598669365
Park-Fav,MFGP,42,5.5,7.540938598669365
Park-Fav,MFGP,42,6.5,2.5930335532473125e-07
Park-Fav,MFGP,42,6.6,2.5930335532473125e-07
Park-Fav,MFGP,42,6.7,2.5930335532473125e-07
Park-Fav,MFGP,42,6.8,2.5930335532473125e-07
Park-Fav,MFGP,42,6.9,2.5930335532473125e-07
Park-Fav,MFGP,42,7.0,2.5930335532473125e-07
Park-Fav,MFGP,42,7.1,2.5930335532473125e-07
Park-Fav,MFGP,42,7.2,2.5930335532473125e-07
Park-Fav,MFGP,42,7.3,2.5930335532473125e-07
Park-Fav,MFGP,42,7.4,2.5930335532473125e-07
Park-Fav,MFGP,42,7.5,2.5930335532473125e-07
Park-Fav,MFGP,42,8.5,2.5930335532473125e-07
Park-Fav,MFGP,42,8.6,2.5930335532473125e-07
Park-Fav,MFGP,42,8.7,2.5930335532473125e-07
Park-Fav,MFGP,42,8.8,2.5930335532473125e-07
Park-Fav,MFGP,42,8.9,2.5930335532473125e-07
Park-Fav,MFGP,42,9.0,2.5930335532473125e-07
Park-Fav,MFGP,42,9.1,2.5930335532473125e-07
Park-Fav,MFGP,42,9.2,2.5930335532473125e-07
Park-Fav,MFGP,42,9.3,2.5930335532473125e-07
Park-Fav,MFGP,42,9.4,2.5930335532473125e-07
Park-Fav,MFGP,42,9.5,2.5930335532473125e-07
Park-Fav,MFGP,42,10.5,2.5930335532473125e-07
Park-Fav,MFGP,42,10.6,2.5930335532473125e-07
Park-Fav,MFGP,42,10.7,2.5930335532473125e-07
Park-Fav,MFGP,42,10.8,2.5930335532473125e-07
Park-Fav,MFGP,42,10.9,2.5930335532473125e-07
Park-Fav,MFGP,42,11.0,2.5930335532473125e-07
Park-Fav,MFGP,42,11.1,2.5930335532473125e-07
Park-Fav,MFGP,42,11.2,2.5930335532473125e-07
Park-Fav,MFGP,42,11.3,2.5930335532473125e-07
Park-Fav,MFGP,42,11.4,2.5930335532473125e-07
Park-Fav,MFGP,42,11.5,2.5930335532473125e-07
Park-Fav,MFGP,42,12.5,2.5930335532473125e-07
Park-Fav,MFGP,42,12.6,2.5930335532473125e-07
Park-Fav,MFGP,42,12.7,2.5930335532473125e-07
Park-Fav,MFGP,42,12.8,2.5930335532473125e-07
Park-Fav,MFGP,42,12.9,2.5930335532473125e-07
Park-Fav,MFGP,42,13.0,2.5930335532473125e-07
Park-Fav,MFGP,42,13.1,2.5930335532473125e-07
Park-Fav,MFGP,42,13.2,2.5930335532473125e-07
Park-Fav,MFGP,42,13.3,2.5930335532473125e-07
Park-Fav,MFGP,42,13.4,2.5930335532473125e-07
Park-Fav,MFGP,42,13.5,2.5930335532473125e-07
Park-Fav,MFGP,42,14.5,2.5930335532473125e-07
Park-Fav,MFGP,42,14.6,2.5930335532473125e-07
Park-Fav,MFGP,42,14.7,2.5930335532473125e-07
Park-Fav,MFGP,42,14.8,2.5930335532473125e-07
Park-Fav,MFGP,42,14.9,2.5930335532473125e-07
Park-Fav,MFGP,42,15.0,2.5930335532473125e-07
Park-Fav,MFGP,42,15.1,2.5930335532473125e-07
Park-Fav,MFGP,42,15.2,2.5930335532473125e-07
Park-Fav,MFGP,42,15.3,2.5930335532473125e-07
Park-Fav,MFGP,42,15.4,2.5930335532473125e-07
Park-Fav,MFGP,42,15.5,2.5930335532473125e-07
Park-Fav,MFGP,42,16.5,2.5930335532473125e-07
Park-Fav,MFGP,42,16.6,2.5930335532473125e-07
Park-Fav,MFGP,42,16.7,2.5930335532473125e-07
Park-Fav,MFGP,42,16.8,2.5930335532473125e-07
Park-Fav,MFGP,42,16.9,2.5930335532473125e-07
Park-Fav,MFGP,42,17.0,2.5930335532473125e-07
Park-Fav,MFGP,42,17.1,2.5930335532473125e-07
Park-Fav,MFGP,42,17.2,2.5930335532473125e-07
Park-Fav,MFGP,42,17.3,2.5930335532473125e-07
Park-Fav,MFGP,42,17.4,2.5930335532473125e-07
Park-Fav,MFGP,42,17.5,2.5930335532473125e-07
Park-Fav,MFGP,42,18.5,2.5930335532473125e-07
Park-Fav,MFGP,42,18.6,2.5930335532473125e-07
Park-Fav,MFGP,42,18.7,2.5930335532473125e-07
Park-Fav,MFGP,42,18.8,2.5930335532473125e-07
Park-Fav,MFGP,42,18.9,2.5930335532473125e-07
Park-Fav,MFGP,42,19.0,2.5930335532473125e-07
Park-Fav,MFGP,42,19.1,2.5930335532473125e-07
Park-Fav,MFGP,42,19.2,2.5930335532473125e-07
Park-Fav,MFGP,42,19.3,2.5930335532473125e-07
Park-Fav,MFGP,42,19.4,2.5930335532473125e-07
Park-Fav,MFGP,42,19.5,2.5930335532473125e-07
Park-Fav,MFGP,42,20.5,2.5930335532473125e-07
Park-Fav,MFGP,42,20.6,2.5930335532473125e-07
Park-Fav,MFGP,42,20.7,2.5930335532473125e-07
Park-Fav,MFGP,42,20.8,2.5930335532473125e-07
Park-Fav,MFGP,42,20.9,2.5930335532473125e-07
Park-Fav,MFGP,42,21.0,2.5930335532473125e-07
Park-Fav,MFGP,42,21.1,2.5930335532473125e-07
Park-Fav,MFGP,42,21.2,2.5930335532473125e-07
Park-Fav,MFGP,42,21.3,2.5930335532473125e-07
Park-Fav,MFGP,42,21.4,2.5930335532473125e-07
Park-Fav,MFGP,42,21.5,2.5930335532473125e-07
Park-Fav,MFGP,42,22.5,2.5930335532473125e-07
Park-Fav,MFGP,42,22.6,2.5930335532473125e-07
Park-Fav,MFGP,42,22.7,2.5930335532473125e-07
Park-Fav,MFGP,42,22.8,2.5930335532473125e-07
Park-Fav,MFGP,42,22.9,2.5930335532473125e-07
Park-Fav,MFGP,42,23.0,2.5930335532473125e-07
Park-Fav,MFGP,42,23.1,2.5930335532473125e-07
Park-Fav,MFGP,42,23.2,2.5930335532473125e-07
Park-Fav,MFGP,42,23.3,2.5930335532473125e-07
Park-Fav,MFGP,42,23.4,2.5930335532473125e-07
Park-Fav,MFGP,42,23.5,2.5930335532473125e-07
Park-Fav,MFGP,42,24.5,2.5930335532473125e-07
Park-Fav,MFGP,42,24.6,2.5930335532473125e-07
Park-Fav,MFGP,42,24.7,2.5930335532473125e-07
Park-Fav,MFGP,42,24.8,2.5930335532473125e-07
Park-Fav,MFGP,42,24.9,2.5930335532473125e-07
Park-Fav,MFGP,42,25.0,2.5930335532473125e-07
Park-Fav,MFGP,42,25.1,2.5930335532473125e-07
Park-Fav,MFGP,42,25.2,2.5930335532473125e-07
Park-Fav,MFGP,42,25.3,2.5930335532473125e-07
Park-Fav,MFGP,42,25.4,2.5930335532473125e-07
Park-Fav,MFGP,42,25.5,2.5930335532473125e-07
Park-Fav,MFGP,42,26.5,2.5930335532473125e-07
Park-Fav,MFGP,42,26.6,2.5930335532473125e-07
Park-Fav,MFGP,42,26.7,2.5930335532473125e-07
Park-Fav,MFGP,42,26.8,2.5930335532473125e-07
Park-Fav,MFGP,42,26.9,2.5930335532473125e-07
Park-Fav,MFGP,42,27.0,2.5930335532473125e-07
Park-Fav,MFGP,42,27.1,2.5930335532473125e-07
Park-Fav,MFGP,42,27.2,2.5930335532473125e-07
Park-Fav,MFGP,42,27.3,2.5930335532473125e-07
Park-Fav,MFGP,42,27.4,2.5930335532473125e-07
Park-Fav,MFGP,42,27.5,2.5930335532473125e-07
Park-Fav,MFGP,42,28.5,2.5930335532473125e-07
Park-Fav,MFGP,42,28.6,2.5930335532473125e-07
Park-Fav,MFGP,42,28.7,2.5930335532473125e-07
Park-Fav,MFGP,42,28.8,2.5930335532473125e-07
Park-Fav,MFGP,42,28.9,2.5930335532473125e-07
Park-Fav,MFGP,42,29.0,2.5930335532473125e-07
Park-Fav,MFGP,42,29.1,2.5930335532473125e-07
Park-Fav,MFGP,42,29.2,2.5930335532473125e-07
Park-Fav,MFGP,42,29.3,2.5930335532473125e-07
Park-Fav,MFGP,42,29.4,2.5930335532473125e-07
Park-Fav,MFGP,42,29.5,2.5930335532473125e-07
Park-Fav,MFGP,42,30.5,2.5930335532473125e-07
Park-Fav,MFGP,42,30.6,2.5930335532473125e-07
Park-Fav,MFGP,42,30.7,2.5930335532473125e-07
Park-Fav,MFGP,42,30.8,2.5930335532473125e-07
Park-Fav,MFGP,42,30.9,2.5930335532473125e-07
Park-Fav,MFGP,42,31.0,2.5930335532473125e-07
Park-Fav,MFGP,42,31.1,2.5930335532473125e-07
Park-Fav,MFGP,42,31.2,2.5930335532473125e-07
Park-Fav,MFGP,42,31.3,2.5930335532473125e-07
Park-Fav,MFGP,42,31.4,2.5930335532473125e-07
Park-Fav,MFGP,42,31.5,2.5930335532473125e-07
Park-Fav,MFGP,42,32.5,2.5930335532473125e-07
Park-Fav,MFGP,42,32.6,2.5930335532473125e-07
Park-Fav,MFGP,42,32.7,2.5930335532473125e-07
Park-Fav,MFGP,42,32.8,2.5930335532473125e-07
Park-Fav,MFGP,42,32.9,2.5930335532473125e-07
Park-Fav,MFGP,42,33.0,2.5930335532473125e-07
Park-Fav,MFGP,42,33.1,2.5930335532473125e-07
Park-Fav,MFGP,42,33.2,2.5930335532473125e-07
Park-Fav,MFGP,42,33.3,2.5930335532473125e-07
Park-Fav,MFGP,42,33.4,2.5930335532473125e-07
Park-Fav,MFGP,42,33.5,2.5930335532473125e-07
Park-Fav,MFGP,42,34.5,2.5930335532473125e-07
Park-Fav,MFGP,42,34.6,2.5930335532473125e-07
Park-Fav,MFGP,42,34.7,2.5930335532473125e-07
Park-Fav,MFGP,42,34.8,2.5930335532473125e-07
Park-Fav,MFGP,42,34.9,2.5930335532473125e-07
Park-Fav,MFGP,42,35.0,2.5930335532473125e-07
Park-Fav,MFGP,42,35.1,2.5930335532473125e-07
Park-Fav,MFGP,42,35.2,2.5930335532473125e-07
Park-Fav,MFGP,42,35.3,2.5930335532473125e-07
Park-Fav,MFGP,42,35.4,2.5930335532473125e-07
Park-Fav,MFGP,42,35.5,2.5930335532473125e-07
Park-Fav,MFGP,42,36.5,2.5930335532473125e-07
Park-Fav,MFGP,42,36.6,2.5930335532473125e-07
Park-Fav,MFGP,42,36.7,2.5930335532473125e-07
Park-Fav,MFGP,42,36.8,2.5930335532473125e-07
Park-Fav,MFGP,42,36.9,2.5930335532473125e-07
Park-Fav,MFGP,42,37.0,2.5930335532473125e-07
Park-Fav,MFGP,42,37.1,2.5930335532473125e-07
Park-Fav,MFGP,42,37.2,2.5930335532473125e-07
Park-Fav,MFGP,42,37.3,2.5930335532473125e-07
Park-Fav,MFGP,42,37.4,2.5930335532473125e-07
Park-Fav,MFGP,42,37.5,2.5930335532473125e-07
Park-Fav,MFGP,42,38.5,2.5930335532473125e-07
Park-Fav,MFGP,42,38.6,2.5930335532473125e-07
Park-Fav,MFGP,42,38.7,2.5930335532473125e-07
Park-Fav,MFGP,42,38.8,2.5930335532473125e-07
Park-Fav,MFGP,42,38.9,2.5930335532473125e-07
Park-Fav,MFGP,42,39.0,2.5930335532473125e-07
Park-Fav,MFGP,42,39.1,2.5930335532473125e-07
Park-Fav,MFGP,42,39.2,2.5930335532473125e-07
Park-Fav,MFGP,42,39.3,2.5930335532473125e-07
Park-Fav,MFGP,42,39.4,2.5930335532473125e-07
Park-Fav,MFGP,42,39.5,2.5930335532473125e-07
Park-Fav,MFGP,42,40.5,2.5930335532473125e-07
Park-Fav,MFGP,42,40.6,2.5930335532473125e-07
Park-Fav,MFGP,42,40.7,2.5930335532473125e-07
Park-Fav,MFGP,42,40.8,2.5930335532473125e-07
Park-Fav,MFGP,42,40.9,2.5930335532473125e-07
Park-Fav,MFGP,42,41.0,2.5930335532473125e-07
Park-Fav,MFGP,42,41.1,2.5930335532473125e-07
Park-Fav,MFGP,42,41.2,2.5930335532473125e-07
Park-Fav,MFGP,42,41.3,2.5930335532473125e-07
Park-Fav,MFGP,42,41.4,2.5930335532473125e-07
Park-Fav,MFGP,42,41.5,2.5930335532473125e-07
Park-Fav,MFGP,42,42.5,2.5930335532473125e-07
Park-Fav,MFGP,42,42.6,2.5930335532473125e-07
Park-Fav,MFGP,42,42.7,2.5930335532473125e-07
Park-Fav,MFGP,42,42.8,2.5930335532473125e-07
Park-Fav,MFGP,42,42.9,2.5930335532473125e-07
Park-Fav,MFGP,42,43.0,2.5930335532473125e-07
Park-Fav,MFGP,42,43.1,2.5930335532473125e-07
Park-Fav,MFGP,42,43.2,2.5930335532473125e-07
Park-Fav,MFGP,42,43.3,2.5930335532473125e-07
Park-Fav,MFGP,42,43.4,2.5930335532473125e-07
Park-Fav,MFGP,42,43.5,2.5930335532473125e-07
Park-Fav,MFGP,42,44.5,2.5930335532473125e-07
Park-Fav,MFGP,42,44.6,2.5930335532473125e-07
Park-Fav,MFGP,42,44.7,2.5930335532473125e-07
Park-Fav,MFGP,42,44.8,2.5930335532473125e-07
Park-Fav,MFGP,42,44.9,2.5930335532473125e-07
Park-Fav,MFGP,42,45.0,2.5930335532473125e-07
Park-Fav,MFGP,42,45.1,2.5930335532473125e-07
Park-Fav,MFGP,42,45.2,2.5930335532473125e-07
Park-Fav,MFGP,42,45.3,2.5930335532473125e-07
Park-Fav,MFGP,42,45.4,2.5930335532473125e-07
Park-Fav,MFGP,42,45.5,2.5930335532473125e-07
Park-Fav,MFGP,42,46.5,1.087312731383618e-07
Park-Fav,MFGP,42,46.6,1.087312731383618e-07
Park-Fav,MFGP,42,46.7,1.087312731383618e-07
Park-Fav,MFGP,42,46.8,1.087312731383618e-07
Park-Fav,MFGP,42,46.9,1.087312731383618e-07
Park-Fav,MFGP,42,47.0,1.087312731383618e-07
Park-Fav,MFGP,42,47.1,1.087312731383618e-07
Park-Fav,MFGP,42,47.2,1.087312731383618e-07
Park-Fav,MFGP,42,47.3,1.087312731383618e-07
Park-Fav,MFGP,42,47.4,1.087312731383618e-07
Park-Fav,MFGP,42,47.5,1.087312731383618e-07
Park-Fav,MFGP,42,48.5,1.087312731383618e-07
Park-Fav,MFGP,42,48.6,1.087312731383618e-07
Park-Fav,MFGP,42,48.7,1.087312731383618e-07
Park-Fav,MFGP,42,48.8,1.087312731383618e-07
Park-Fav,MFGP,42,48.9,1.087312731383618e-07
Park-Fav,MFGP,42,49.0,1.087312731383618e-07
Park-Fav,MFGP,42,49.1,1.087312731383618e-07
Park-Fav,MFGP,42,49.2,1.087312731383618e-07
Park-Fav,MFGP,42,49.3,1.087312731383618e-07
Park-Fav,MFGP,42,49.4,1.087312731383618e-07
Park-Fav,MFGP,42,49.5,1.087312731383618e-07
Park-Fav,MFGP,42,49.6,1.087312731383618e-07
Park-Fav,MFGP,42,49.7,1.087312731383618e-07
Park-Fav,MFGP,42,49.8,1.087312731383618e-07
Park-Fav,MFGP,42,49.9,1.087312731383618e-07
Park-Fav,MFGP,43,4.5,5.43660450892975
Park-Fav,MFGP,43,4.6,5.43660450892975
Park-Fav,MFGP,43,4.7,5.43660450892975
Park-Fav,MFGP,43,4.8,5.43660450892975
Park-Fav,MFGP,43,4.9,5.43660450892975
Park-Fav,MFGP,43,5.0,5.43660450892975
Park-Fav,MFGP,43,5.1,5.43660450892975
Park-Fav,MFGP,43,5.2,5.43660450892975
Park-Fav,MFGP,43,5.3,5.43660450892975
Park-Fav,MFGP,43,5.4,5.43660450892975
Park-Fav,MFGP,43,5.5,5.43660450892975
Park-Fav,MFGP,43,6.5,1.5248471779533417e-07
Park-Fav,MFGP,43,6.6,1.5248471779533417e-07
Park-Fav,MFGP,43,6.7,1.5248471779533417e-07
Park-Fav,MFGP,43,6.8,1.5248471779533417e-07
Park-Fav,MFGP,43,6.9,1.5248471779533417e-07
Park-Fav,MFGP,43,7.0,1.5248471779533417e-07
Park-Fav,MFGP,43,7.1,1.5248471779533417e-07
Park-Fav,MFGP,43,7.2,1.5248471779533417e-07
Park-Fav,MFGP,43,7.3,1.5248471779533417e-07
Park-Fav,MFGP,43,7.4,1.5248471779533417e-07
Park-Fav,MFGP,43,7.5,1.5248471779533417e-07
Park-Fav,MFGP,43,8.5,1.5248471779533417e-07
Park-Fav,MFGP,43,8.6,1.5248471779533417e-07
Park-Fav,MFGP,43,8.7,1.5248471779533417e-07
Park-Fav,MFGP,43,8.8,1.5248471779533417e-07
Park-Fav,MFGP,43,8.9,1.5248471779533417e-07
Park-Fav,MFGP,43,9.0,1.5248471779533417e-07
Park-Fav,MFGP,43,9.1,1.5248471779533417e-07
Park-Fav,MFGP,43,9.2,1.5248471779533417e-07
Park-Fav,MFGP,43,9.3,1.5248471779533417e-07
Park-Fav,MFGP,43,9.4,1.5248471779533417e-07
Park-Fav,MFGP,43,9.5,1.5248471779533417e-07
Park-Fav,MFGP,43,10.5,1.5248471779533417e-07
Park-Fav,MFGP,43,10.6,1.5248471779533417e-07
Park-Fav,MFGP,43,10.7,1.5248471779533417e-07
Park-Fav,MFGP,43,10.8,1.5248471779533417e-07
Park-Fav,MFGP,43,10.9,1.5248471779533417e-07
Park-Fav,MFGP,43,11.0,1.5248471779533417e-07
Park-Fav,MFGP,43,11.1,1.5248471779533417e-07
Park-Fav,MFGP,43,11.2,1.5248471779533417e-07
Park-Fav,MFGP,43,11.3,1.5248471779533417e-07
Park-Fav,MFGP,43,11.4,1.5248471779533417e-07
Park-Fav,MFGP,43,11.5,1.5248471779533417e-07
Park-Fav,MFGP,43,12.5,1.5248471779533417e-07
Park-Fav,MFGP,43,12.6,1.5248471779533417e-07
Park-Fav,MFGP,43,12.7,1.5248471779533417e-07
Park-Fav,MFGP,43,12.8,1.5248471779533417e-07
Park-Fav,MFGP,43,12.9,1.5248471779533417e-07
Park-Fav,MFGP,43,13.0,1.5248471779533417e-07
Park-Fav,MFGP,43,13.1,1.5248471779533417e-07
Park-Fav,MFGP,43,13.2,1.5248471779533417e-07
Park-Fav,MFGP,43,13.3,1.5248471779533417e-07
Park-Fav,MFGP,43,13.4,1.5248471779533417e-07
Park-Fav,MFGP,43,13.5,1.5248471779533417e-07
Park-Fav,MFGP,43,14.5,1.5248471779533417e-07
Park-Fav,MFGP,43,14.6,1.5248471779533417e-07
Park-Fav,MFGP,43,14.7,1.5248471779533417e-07
Park-Fav,MFGP,43,14.8,1.5248471779533417e-07
Park-Fav,MFGP,43,14.9,1.5248471779533417e-07
Park-Fav,MFGP,43,15.0,1.5248471779533417e-07
Park-Fav,MFGP,43,15.1,1.5248471779533417e-07
Park-Fav,MFGP,43,15.2,1.5248471779533417e-07
Park-Fav,MFGP,43,15.3,1.5248471779533417e-07
Park-Fav,MFGP,43,15.4,1.5248471779533417e-07
Park-Fav,MFGP,43,15.5,1.5248471779533417e-07
Park-Fav,MFGP,43,16.5,1.5248471779533417e-07
Park-Fav,MFGP,43,16.6,1.5248471779533417e-07
Park-Fav,MFGP,43,16.7,1.5248471779533417e-07
Park-Fav,MFGP,43,16.8,1.5248471779533417e-07
Park-Fav,MFGP,43,16.9,1.5248471779533417e-07
Park-Fav,MFGP,43,17.0,1.5248471779533417e-07
Park-Fav,MFGP,43,17.1,1.5248471779533417e-07
Park-Fav,MFGP,43,17.2,1.5248471779533417e-07
Park-Fav,MFGP,43,17.3,1.5248471779533417e-07
Park-Fav,MFGP,43,17.4,1.5248471779533417e-07
Park-Fav,MFGP,43,17.5,1.5248471779533417e-07
Park-Fav,MFGP,43,18.5,1.5248471779533417e-07
Park-Fav,MFGP,43,18.6,1.5248471779533417e-07
Park-Fav,MFGP,43,18.7,1.5248471779533417e-07
Park-Fav,MFGP,43,18.8,1.5248471779533417e-07
Park-Fav,MFGP,43,18.9,1.5248471779533417e-07
Park-Fav,MFGP,43,19.0,1.5248471779533417e-07
Park-Fav,MFGP,43,19.1,1.5248471779533417e-07
Park-Fav,MFGP,43,19.2,1.5248471779533417e-07
Park-Fav,MFGP,43,19.3,1.5248471779533417e-07
Park-Fav,MFGP,43,19.4,1.5248471779533417e-07
Park-Fav,MFGP,43,19.5,1.5248471779533417e-07
Park-Fav,MFGP,43,20.5,1.5248471779533417e-07
Park-Fav,MFGP,43,20.6,1.5248471779533417e-07
Park-Fav,MFGP,43,20.7,1.5248471779533417e-07
Park-Fav,MFGP,43,20.8,1.5248471779533417e-07
Park-Fav,MFGP,43,20.9,1.5248471779533417e-07
Park-Fav,MFGP,43,21.0,1.5248471779533417e-07
Park-Fav,MFGP,43,21.1,1.5248471779533417e-07
Park-Fav,MFGP,43,21.2,1.5248471779533417e-07
Park-Fav,MFGP,43,21.3,1.5248471779533417e-07
Park-Fav,MFGP,43,21.4,1.5248471779533417e-07
Park-Fav,MFGP,43,21.5,1.5248471779533417e-07
Park-Fav,MFGP,43,22.5,1.5248471779533417e-07
Park-Fav,MFGP,43,22.6,1.5248471779533417e-07
Park-Fav,MFGP,43,22.7,1.5248471779533417e-07
Park-Fav,MFGP,43,22.8,1.5248471779533417e-07
Park-Fav,MFGP,43,22.9,1.5248471779533417e-07
Park-Fav,MFGP,43,23.0,1.5248471779533417e-07
Park-Fav,MFGP,43,23.1,1.5248471779533417e-07
Park-Fav,MFGP,43,23.2,1.5248471779533417e-07
Park-Fav,MFGP,43,23.3,1.5248471779533417e-07
Park-Fav,MFGP,43,23.4,1.5248471779533417e-07
Park-Fav,MFGP,43,23.5,1.5248471779533417e-07
Park-Fav,MFGP,43,24.5,1.5248471779533417e-07
Park-Fav,MFGP,43,24.6,1.5248471779533417e-07
Park-Fav,MFGP,43,24.7,1.5248471779533417e-07
Park-Fav,MFGP,43,24.8,1.5248471779533417e-07
Park-Fav,MFGP,43,24.9,1.5248471779533417e-07
Park-Fav,MFGP,43,25.0,1.5248471779533417e-07
Park-Fav,MFGP,43,25.1,1.5248471779533417e-07
Park-Fav,MFGP,43,25.2,1.5248471779533417e-07
Park-Fav,MFGP,43,25.3,1.5248471779533417e-07
Park-Fav,MFGP,43,25.4,1.5248471779533417e-07
Park-Fav,MFGP,43,25.5,1.5248471779533417e-07
Park-Fav,MFGP,43,26.5,1.5248471779533417e-07
Park-Fav,MFGP,43,26.6,1.5248471779533417e-07
Park-Fav,MFGP,43,26.7,1.5248471779533417e-07
Park-Fav,MFGP,43,26.8,1.5248471779533417e-07
Park-Fav,MFGP,43,26.9,1.5248471779533417e-07
Park-Fav,MFGP,43,27.0,1.5248471779533417e-07
Park-Fav,MFGP,43,27.1,1.5248471779533417e-07
Park-Fav,MFGP,43,27.2,1.5248471779533417e-07
Park-Fav,MFGP,43,27.3,1.5248471779533417e-07
Park-Fav,MFGP,43,27.4,1.5248471779533417e-07
Park-Fav,MFGP,43,27.5,1.5248471779533417e-07
Park-Fav,MFGP,43,28.5,1.5248471779533417e-07
Park-Fav,MFGP,43,28.6,1.5248471779533417e-07
Park-Fav,MFGP,43,28.7,1.5248471779533417e-07
Park-Fav,MFGP,43,28.8,1.5248471779533417e-07
Park-Fav,MFGP,43,28.9,1.5248471779533417e-07
Park-Fav,MFGP,43,29.0,1.5248471779533417e-07
Park-Fav,MFGP,43,29.1,1.5248471779533417e-07
Park-Fav,MFGP,43,29.2,1.5248471779533417e-07
Park-Fav,MFGP,43,29.3,1.5248471779533417e-07
Park-Fav,MFGP,43,29.4,1.5248471779533417e-07
Park-Fav,MFGP,43,29.5,1.5248471779533417e-07
Park-Fav,MFGP,43,30.5,1.5248471779533417e-07
Park-Fav,MFGP,43,30.6,1.5248471779533417e-07
Park-Fav,MFGP,43,30.7,1.5248471779533417e-07
Park-Fav,MFGP,43,30.8,1.5248471779533417e-07
Park-Fav,MFGP,43,30.9,1.5248471779533417e-07
Park-Fav,MFGP,43,31.0,1.5248471779533417e-07
Park-Fav,MFGP,43,31.1,1.5248471779533417e-07
Park-Fav,MFGP,43,31.2,1.5248471779533417e-07
Park-Fav,MFGP,43,31.3,1.5248471779533417e-07
Park-Fav,MFGP,43,31.4,1.5248471779533417e-07
Park-Fav,MFGP,43,31.5,1.5248471779533417e-07
Park-Fav,MFGP,43,32.5,1.5248471779533417e-07
Park-Fav,MFGP,43,32.6,1.5248471779533417e-07
Park-Fav,MFGP,43,32.7,1.5248471779533417e-07
Park-Fav,MFGP,43,32.8,1.5248471779533417e-07
Park-Fav,MFGP,43,32.9,1.5248471779533417e-07
Park-Fav,MFGP,43,33.0,1.5248471779533417e-07
Park-Fav,MFGP,43,33.1,1.5248471779533417e-07
Park-Fav,MFGP,43,33.2,1.5248471779533417e-07
Park-Fav,MFGP,43,33.3,1.5248471779533417e-07
Park-Fav,MFGP,43,33.4,1.5248471779533417e-07
Park-Fav,MFGP,43,33.5,1.5248471779533417e-07
Park-Fav,MFGP,43,34.5,1.5248471779533417e-07
Park-Fav,MFGP,43,34.6,1.5248471779533417e-07
Park-Fav,MFGP,43,34.7,1.5248471779533417e-07
Park-Fav,MFGP,43,34.8,1.5248471779533417e-07
Park-Fav,MFGP,43,34.9,1.5248471779533417e-07
Park-Fav,MFGP,43,35.0,1.5248471779533417e-07
Park-Fav,MFGP,43,35.1,1.5248471779533417e-07
Park-Fav,MFGP,43,35.2,1.5248471779533417e-07
Park-Fav,MFGP,43,35.3,1.5248471779533417e-07
Park-Fav,MFGP,43,35.4,1.5248471779533417e-07
Park-Fav,MFGP,43,35.5,1.5248471779533417e-07
Park-Fav,MFGP,43,36.5,1.5248471779533417e-07
Park-Fav,MFGP,43,36.6,1.5248471779533417e-07
Park-Fav,MFGP,43,36.7,1.5248471779533417e-07
Park-Fav,MFGP,43,36.8,1.5248471779533417e-07
Park-Fav,MFGP,43,36.9,1.5248471779533417e-07
Park-Fav,MFGP,43,37.0,1.5248471779533417e-07
Park-Fav,MFGP,43,37.1,1.5248471779533417e-07
Park-Fav,MFGP,43,37.2,1.5248471779533417e-07
Park-Fav,MFGP,43,37.3,1.5248471779533417e-07
Park-Fav,MFGP,43,37.4,1.5248471779533417e-07
Park-Fav,MFGP,43,37.5,1.5248471779533417e-07
Park-Fav,MFGP,43,38.5,1.5248471779533417e-07
Park-Fav,MFGP,43,38.6,1.5248471779533417e-07
Park-Fav,MFGP,43,38.7,1.5248471779533417e-07
Park-Fav,MFGP,43,38.8,1.5248471779533417e-07
Park-Fav,MFGP,43,38.9,1.5248471779533417e-07
Park-Fav,MFGP,43,39.0,1.5248471779533417e-07
Park-Fav,MFGP,43,39.1,1.5248471779533417e-07
Park-Fav,MFGP,43,39.2,1.5248471779533417e-07
Park-Fav,MFGP,43,39.3,1.5248471779533417e-07
Park-Fav,MFGP,43,39.4,1.5248471779533417e-07
Park-Fav,MFGP,43,39.5,1.5248471779533417e-07
Park-Fav,MFGP,43,40.5,1.5248471779533417e-07
Park-Fav,MFGP,43,40.6,1.5248471779533417e-07
Park-Fav,MFGP,43,40.7,1.5248471779533417e-07
Park-Fav,MFGP,43,40.8,1.5248471779533417e-07
Park-Fav,MFGP,43,40.9,1.5248471779533417e-07
Park-Fav,MFGP,43,41.0,1.5248471779533417e-07
Park-Fav,MFGP,43,41.1,1.5248471779533417e-07
Park-Fav,MFGP,43,41.2,1.5248471779533417e-07
Park-Fav,MFGP,43,41.3,1.5248471779533417e-07
Park-Fav,MFGP,43,41.4,1.5248471779533417e-07
Park-Fav,MFGP,43,41.5,1.5248471779533417e-07
Park-Fav,MFGP,43,42.5,1.5248471779533417e-07
Park-Fav,MFGP,43,42.6,1.5248471779533417e-07
Park-Fav,MFGP,43,42.7,1.5248471779533417e-07
Park-Fav,MFGP,43,42.8,1.5248471779533417e-07
Park-Fav,MFGP,43,42.9,1.5248471779533417e-07
Park-Fav,MFGP,43,43.0,1.5248471779533417e-07
Park-Fav,MFGP,43,43.1,1.5248471779533417e-07
Park-Fav,MFGP,43,43.2,1.5248471779533417e-07
Park-Fav,MFGP,43,43.3,1.5248471779533417e-07
Park-Fav,MFGP,43,43.4,1.5248471779533417e-07
Park-Fav,MFGP,43,43.5,1.5248471779533417e-07
Park-Fav,MFGP,43,44.5,1.5248471779533417e-07
Park-Fav,MFGP,43,44.6,1.5248471779533417e-07
Park-Fav,MFGP,43,44.7,1.5248471779533417e-07
Park-Fav,MFGP,43,44.8,1.5248471779533417e-07
Park-Fav,MFGP,43,44.9,1.5248471779533417e-07
Park-Fav,MFGP,43,45.0,1.5248471779533417e-07
Park-Fav,MFGP,43,45.1,1.5248471779533417e-07
Park-Fav,MFGP,43,45.2,1.5248471779533417e-07
Park-Fav,MFGP,43,45.3,1.5248471779533417e-07
Park-Fav,MFGP,43,45.4,1.5248471779533417e-07
Park-Fav,MFGP,43,45.5,1.5248471779533417e-07
Park-Fav,MFGP,43,46.5,1.087312731383618e-07
Park-Fav,MFGP,43,46.6,1.087312731383618e-07
Park-Fav,MFGP,43,46.7,1.087312731383618e-07
Park-Fav,MFGP,43,46.8,1.087312731383618e-07
Park-Fav,MFGP,43,46.9,1.087312731383618e-07
Park-Fav,MFGP,43,47.0,1.087312731383618e-07
Park-Fav,MFGP,43,47.1,1.087312731383618e-07
Park-Fav,MFGP,43,47.2,1.087312731383618e-07
Park-Fav,MFGP,43,47.3,1.087312731383618e-07
Park-Fav,MFGP,43,47.4,1.087312731383618e-07
Park-Fav,MFGP,43,47.5,1.087312731383618e-07
Park-Fav,MFGP,43,48.5,1.087312731383618e-07
Park-Fav,MFGP,43,48.6,1.087312731383618e-07
Park-Fav,MFGP,43,48.7,1.087312731383618e-07
Park-Fav,MFGP,43,48.8,1.087312731383618e-07
Park-Fav,MFGP,43,48.9,1.087312731383618e-07
Park-Fav,MFGP,43,49.0,1.087312731383618e-07
Park-Fav,MFGP,43,49.1,1.087312731383618e-07
Park-Fav,MFGP,43,49.2,1.087312731383618e-07
Park-Fav,MFGP,43,49.3,1.087312731383618e-07
Park-Fav,MFGP,43,49.4,1.087312731383618e-07
Park-Fav,MFGP,43,49.5,1.087312731383618e-07
Park-Fav,MFGP,43,49.6,1.087312731383618e-07
Park-Fav,MFGP,43,49.7,1.087312731383618e-07
Park-Fav,MFGP,43,49.8,1.087312731383618e-07
Park-Fav,MFGP,43,49.9,1.087312731383618e-07
Park-Fav,MFGP,44,4.5,8.74107623660737
Park-Fav,MFGP,44,4.6,8.74107623660737
Park-Fav,MFGP,44,4.7,8.74107623660737
Park-Fav,MFGP,44,4.8,8.74107623660737
Park-Fav,MFGP,44,4.9,8.74107623660737
Park-Fav,MFGP,44,5.0,8.74107623660737
Park-Fav,MFGP,44,5.1,8.74107623660737
Park-Fav,MFGP,44,5.2,8.74107623660737
Park-Fav,MFGP,44,5.3,8.74107623660737
Park-Fav,MFGP,44,5.4,8.74107623660737
Park-Fav,MFGP,44,5.5,8.74107623660737
Park-Fav,MFGP,44,6.5,1.087312731383618e-07
Park-Fav,MFGP,44,6.6,1.087312731383618e-07
Park-Fav,MFGP,44,6.7,1.087312731383618e-07
Park-Fav,MFGP,44,6.8,1.087312731383618e-07
Park-Fav,MFGP,44,6.9,1.087312731383618e-07
Park-Fav,MFGP,44,7.0,1.087312731383618e-07
Park-Fav,MFGP,44,7.1,1.087312731383618e-07
Park-Fav,MFGP,44,7.2,1.087312731383618e-07
Park-Fav,MFGP,44,7.3,1.087312731383618e-07
Park-Fav,MFGP,44,7.4,1.087312731383618e-07
Park-Fav,MFGP,44,7.5,1.087312731383618e-07
Park-Fav,MFGP,44,8.5,1.087312731383618e-07
Park-Fav,MFGP,44,8.6,1.087312731383618e-07
Park-Fav,MFGP,44,8.7,1.087312731383618e-07
Park-Fav,MFGP,44,8.8,1.087312731383618e-07
Park-Fav,MFGP,44,8.9,1.087312731383618e-07
Park-Fav,MFGP,44,9.0,1.087312731383618e-07
Park-Fav,MFGP,44,9.1,1.087312731383618e-07
Park-Fav,MFGP,44,9.2,1.087312731383618e-07
Park-Fav,MFGP,44,9.3,1.087312731383618e-07
Park-Fav,MFGP,44,9.4,1.087312731383618e-07
Park-Fav,MFGP,44,9.5,1.087312731383618e-07
Park-Fav,MFGP,44,10.5,1.087312731383618e-07
Park-Fav,MFGP,44,10.6,1.087312731383618e-07
Park-Fav,MFGP,44,10.7,1.087312731383618e-07
Park-Fav,MFGP,44,10.8,1.087312731383618e-07
Park-Fav,MFGP,44,10.9,1.087312731383618e-07
Park-Fav,MFGP,44,11.0,1.087312731383618e-07
Park-Fav,MFGP,44,11.1,1.087312731383618e-07
Park-Fav,MFGP,44,11.2,1.087312731383618e-07
Park-Fav,MFGP,44,11.3,1.087312731383618e-07
Park-Fav,MFGP,44,11.4,1.087312731383618e-07
Park-Fav,MFGP,44,11.5,1.087312731383618e-07
Park-Fav,MFGP,44,12.5,1.087312731383618e-07
Park-Fav,MFGP,44,12.6,1.087312731383618e-07
Park-Fav,MFGP,44,12.7,1.087312731383618e-07
Park-Fav,MFGP,44,12.8,1.087312731383618e-07
Park-Fav,MFGP,44,12.9,1.087312731383618e-07
Park-Fav,MFGP,44,13.0,1.087312731383618e-07
Park-Fav,MFGP,44,13.1,1.087312731383618e-07
Park-Fav,MFGP,44,13.2,1.087312731383618e-07
Park-Fav,MFGP,44,13.3,1.087312731383618e-07
Park-Fav,MFGP,44,13.4,1.087312731383618e-07
Park-Fav,MFGP,44,13.5,1.087312731383618e-07
Park-Fav,MFGP,44,14.5,1.087312731383618e-07
Park-Fav,MFGP,44,14.6,1.087312731383618e-07
Park-Fav,MFGP,44,14.7,1.087312731383618e-07
Park-Fav,MFGP,44,14.8,1.087312731383618e-07
Park-Fav,MFGP,44,14.9,1.087312731383618e-07
Park-Fav,MFGP,44,15.0,1.087312731383618e-07
Park-Fav,MFGP,44,15.1,1.087312731383618e-07
Park-Fav,MFGP,44,15.2,1.087312731383618e-07
Park-Fav,MFGP,44,15.3,1.087312731383618e-07
Park-Fav,MFGP,44,15.4,1.087312731383618e-07
Park-Fav,MFGP,44,15.5,1.087312731383618e-07
Park-Fav,MFGP,44,16.5,1.087312731383618e-07
Park-Fav,MFGP,44,16.6,1.087312731383618e-07
Park-Fav,MFGP,44,16.7,1.087312731383618e-07
Park-Fav,MFGP,44,16.8,1.087312731383618e-07
Park-Fav,MFGP,44,16.9,1.087312731383618e-07
Park-Fav,MFGP,44,17.0,1.087312731383618e-07
Park-Fav,MFGP,44,17.1,1.087312731383618e-07
Park-Fav,MFGP,44,17.2,1.087312731383618e-07
Park-Fav,MFGP,44,17.3,1.087312731383618e-07
Park-Fav,MFGP,44,17.4,1.087312731383618e-07
Park-Fav,MFGP,44,17.5,1.087312731383618e-07
Park-Fav,MFGP,44,18.5,1.087312731383618e-07
Park-Fav,MFGP,44,18.6,1.087312731383618e-07
Park-Fav,MFGP,44,18.7,1.087312731383618e-07
Park-Fav,MFGP,44,18.8,1.087312731383618e-07
Park-Fav,MFGP,44,18.9,1.087312731383618e-07
Park-Fav,MFGP,44,19.0,1.087312731383618e-07
Park-Fav,MFGP,44,19.1,1.087312731383618e-07
Park-Fav,MFGP,44,19.2,1.087312731383618e-07
Park-Fav,MFGP,44,19.3,1.087312731383618e-07
Park-Fav,MFGP,44,19.4,1.087312731383618e-07
Park-Fav,MFGP,44,19.5,1.087312731383618e-07
Park-Fav,MFGP,44,20.5,1.087312731383618e-07
Park-Fav,MFGP,44,20.6,1.087312731383618e-07
Park-Fav,MFGP,44,20.7,1.087312731383618e-07
Park-Fav,MFGP,44,20.8,1.087312731383618e-07
Park-Fav,MFGP,44,20.9,1.087312731383618e-07
Park-Fav,MFGP,44,21.0,1.087312731383618e-07
Park-Fav,MFGP,44,21.1,1.087312731383618e-07
Park-Fav,MFGP,44,21.2,1.087312731383618e-07
Park-Fav,MFGP,44,21.3,1.087312731383618e-07
Park-Fav,MFGP,44,21.4,1.087312731383618e-07
Park-Fav,MFGP,44,21.5,1.087312731383618e-07
Park-Fav,MFGP,44,22.5,1.087312731383618e-07
Park-Fav,MFGP,44,22.6,1.087312731383618e-07
Park-Fav,MFGP,44,22.7,1.087312731383618e-07
Park-Fav,MFGP,44,22.8,1.087312731383618e-07
Park-Fav,MFGP,44,22.9,1.087312731383618e-07
Park-Fav,MFGP,44,23.0,1.087312731383618e-07
Park-Fav,MFGP,44,23.1,1.087312731383618e-07
Park-Fav,MFGP,44,23.2,1.087312731383618e-07
Park-Fav,MFGP,44,23.3,1.087312731383618e-07
Park-Fav,MFGP,44,23.4,1.087312731383618e-07
Park-Fav,MFGP,44,23.5,1.087312731383618e-07
Park-Fav,MFGP,44,24.5,1.087312731383618e-07
Park-Fav,MFGP,44,24.6,1.087312731383618e-07
Park-Fav,MFGP,44,24.7,1.087312731383618e-07
Park-Fav,MFGP,44,24.8,1.087312731383618e-07
Park-Fav,MFGP,44,24.9,1.087312731383618e-07
Park-Fav,MFGP,44,25.0,1.087312731383618e-07
Park-Fav,MFGP,44,25.1,1.087312731383618e-07
Park-Fav,MFGP,44,25.2,1.087312731383618e-07
Park-Fav,MFGP,44,25.3,1.087312731383618e-07
Park-Fav,MFGP,44,25.4,1.087312731383618e-07
Park-Fav,MFGP,44,25.5,1.087312731383618e-07
Park-Fav,MFGP,44,26.5,1.087312731383618e-07
Park-Fav,MFGP,44,26.6,1.087312731383618e-07
Park-Fav,MFGP,44,26.7,1.087312731383618e-07
Park-Fav,MFGP,44,26.8,1.087312731383618e-07
Park-Fav,MFGP,44,26.9,1.087312731383618e-07
Park-Fav,MFGP,44,27.0,1.087312731383618e-07
Park-Fav,MFGP,44,27.1,1.087312731383618e-07
Park-Fav,MFGP,44,27.2,1.087312731383618e-07
Park-Fav,MFGP,44,27.3,1.087312731383618e-07
Park-Fav,MFGP,44,27.4,1.087312731383618e-07
Park-Fav,MFGP,44,27.5,1.087312731383618e-07
Park-Fav,MFGP,44,28.5,1.087312731383618e-07
Park-Fav,MFGP,44,28.6,1.087312731383618e-07
Park-Fav,MFGP,44,28.7,1.087312731383618e-07
Park-Fav,MFGP,44,28.8,1.087312731383618e-07
Park-Fav,MFGP,44,28.9,1.087312731383618e-07
Park-Fav,MFGP,44,29.0,1.087312731383618e-07
Park-Fav,MFGP,44,29.1,1.087312731383618e-07
Park-Fav,MFGP,44,29.2,1.087312731383618e-07
Park-Fav,MFGP,44,29.3,1.087312731383618e-07
Park-Fav,MFGP,44,29.4,1.087312731383618e-07
Park-Fav,MFGP,44,29.5,1.087312731383618e-07
Park-Fav,MFGP,44,30.5,1.087312731383618e-07
Park-Fav,MFGP,44,30.6,1.087312731383618e-07
Park-Fav,MFGP,44,30.7,1.087312731383618e-07
Park-Fav,MFGP,44,30.8,1.087312731383618e-07
Park-Fav,MFGP,44,30.9,1.087312731383618e-07
Park-Fav,MFGP,44,31.0,1.087312731383618e-07
Park-Fav,MFGP,44,31.1,1.087312731383618e-07
Park-Fav,MFGP,44,31.2,1.087312731383618e-07
Park-Fav,MFGP,44,31.3,1.087312731383618e-07
Park-Fav,MFGP,44,31.4,1.087312731383618e-07
Park-Fav,MFGP,44,31.5,1.087312731383618e-07
Park-Fav,MFGP,44,32.5,1.087312731383618e-07
Park-Fav,MFGP,44,32.6,1.087312731383618e-07
Park-Fav,MFGP,44,32.7,1.087312731383618e-07
Park-Fav,MFGP,44,32.8,1.087312731383618e-07
Park-Fav,MFGP,44,32.9,1.087312731383618e-07
Park-Fav,MFGP,44,33.0,1.087312731383618e-07
Park-Fav,MFGP,44,33.1,1.087312731383618e-07
Park-Fav,MFGP,44,33.2,1.087312731383618e-07
Park-Fav,MFGP,44,33.3,1.087312731383618e-07
Park-Fav,MFGP,44,33.4,1.087312731383618e-07
Park-Fav,MFGP,44,33.5,1.087312731383618e-07
Park-Fav,MFGP,44,34.5,1.087312731383618e-07
Park-Fav,MFGP,44,34.6,1.087312731383618e-07
Park-Fav,MFGP,44,34.7,1.087312731383618e-07
Park-Fav,MFGP,44,34.8,1.087312731383618e-07
Park-Fav,MFGP,44,34.9,1.087312731383618e-07
Park-Fav,MFGP,44,35.0,1.087312731383618e-07
Park-Fav,MFGP,44,35.1,1.087312731383618e-07
Park-Fav,MFGP,44,35.2,1.087312731383618e-07
Park-Fav,MFGP,44,35.3,1.087312731383618e-07
Park-Fav,MFGP,44,35.4,1.087312731383618e-07
Park-Fav,MFGP,44,35.5,1.087312731383618e-07
Park-Fav,MFGP,44,36.5,1.087312731383618e-07
Park-Fav,MFGP,44,36.6,1.087312731383618e-07
Park-Fav,MFGP,44,36.7,1.087312731383618e-07
Park-Fav,MFGP,44,36.8,1.087312731383618e-07
Park-Fav,MFGP,44,36.9,1.087312731383618e-07
Park-Fav,MFGP,44,37.0,1.087312731383618e-07
Park-Fav,MFGP,44,37.1,1.087312731383618e-07
Park-Fav,MFGP,44,37.2,1.087312731383618e-07
Park-Fav,MFGP,44,37.3,1.087312731383618e-07
Park-Fav,MFGP,44,37.4,1.087312731383618e-07
Park-Fav,MFGP,44,37.5,1.087312731383618e-07
Park-Fav,MFGP,44,38.5,1.087312731383618e-07
Park-Fav,MFGP,44,38.6,1.087312731383618e-07
Park-Fav,MFGP,44,38.7,1.087312731383618e-07
Park-Fav,MFGP,44,38.8,1.087312731383618e-07
Park-Fav,MFGP,44,38.9,1.087312731383618e-07
Park-Fav,MFGP,44,39.0,1.087312731383618e-07
Park-Fav,MFGP,44,39.1,1.087312731383618e-07
Park-Fav,MFGP,44,39.2,1.087312731383618e-07
Park-Fav,MFGP,44,39.3,1.087312731383618e-07
Park-Fav,MFGP,44,39.4,1.087312731383618e-07
Park-Fav,MFGP,44,39.5,1.087312731383618e-07
Park-Fav,MFGP,44,40.5,1.087312731383618e-07
Park-Fav,MFGP,44,40.6,1.087312731383618e-07
Park-Fav,MFGP,44,40.7,1.087312731383618e-07
Park-Fav,MFGP,44,40.8,1.087312731383618e-07
Park-Fav,MFGP,44,40.9,1.087312731383618e-07
Park-Fav,MFGP,44,41.0,1.087312731383618e-07
Park-Fav,MFGP,44,41.1,1.087312731383618e-07
Park-Fav,MFGP,44,41.2,1.087312731383618e-07
Park-Fav,MFGP,44,41.3,1.087312731383618e-07
Park-Fav,MFGP,44,41.4,1.087312731383618e-07
Park-Fav,MFGP,44,41.5,1.087312731383618e-07
Park-Fav,MFGP,44,42.5,1.087312731383618e-07
Park-Fav,MFGP,44,42.6,1.087312731383618e-07
Park-Fav,MFGP,44,42.7,1.087312731383618e-07
Park-Fav,MFGP,44,42.8,1.087312731383618e-07
Park-Fav,MFGP,44,42.9,1.087312731383618e-07
Park-Fav,MFGP,44,43.0,1.087312731383618e-07
Park-Fav,MFGP,44,43.1,1.087312731383618e-07
Park-Fav,MFGP,44,43.2,1.087312731383618e-07
Park-Fav,MFGP,44,43.3,1.087312731383618e-07
Park-Fav,MFGP,44,43.4,1.087312731383618e-07
Park-Fav,MFGP,44,43.5,1.087312731383618e-07
Park-Fav,MFGP,44,44.5,1.087312731383618e-07
Park-Fav,MFGP,44,44.6,1.087312731383618e-07
Park-Fav,MFGP,44,44.7,1.087312731383618e-07
Park-Fav,MFGP,44,44.8,1.087312731383618e-07
Park-Fav,MFGP,44,44.9,1.087312731383618e-07
Park-Fav,MFGP,44,45.0,1.087312731383618e-07
Park-Fav,MFGP,44,45.1,1.087312731383618e-07
Park-Fav,MFGP,44,45.2,1.087312731383618e-07
Park-Fav,MFGP,44,45.3,1.087312731383618e-07
Park-Fav,MFGP,44,45.4,1.087312731383618e-07
Park-Fav,MFGP,44,45.5,1.087312731383618e-07
Park-Fav,MFGP,44,46.5,1.087312731383618e-07
Park-Fav,MFGP,44,46.6,1.087312731383618e-07
Park-Fav,MFGP,44,46.7,1.087312731383618e-07
Park-Fav,MFGP,44,46.8,1.087312731383618e-07
Park-Fav,MFGP,44,46.9,1.087312731383618e-07
Park-Fav,MFGP,44,47.0,1.087312731383618e-07
Park-Fav,MFGP,44,47.1,1.087312731383618e-07
Park-Fav,MFGP,44,47.2,1.087312731383618e-07
Park-Fav,MFGP,44,47.3,1.087312731383618e-07
Park-Fav,MFGP,44,47.4,1.087312731383618e-07
Park-Fav,MFGP,44,47.5,1.087312731383618e-07
Park-Fav,MFGP,44,48.5,1.087312731383618e-07
Park-Fav,MFGP,44,48.6,1.087312731383618e-07
Park-Fav,MFGP,44,48.7,1.087312731383618e-07
Park-Fav,MFGP,44,48.8,1.087312731383618e-07
Park-Fav,MFGP,44,48.9,1.087312731383618e-07
Park-Fav,MFGP,44,49.0,1.087312731383618e-07
Park-Fav,MFGP,44,49.1,1.087312731383618e-07
Park-Fav,MFGP,44,49.2,1.087312731383618e-07
Park-Fav,MFGP,44,49.3,1.087312731383618e-07
Park-Fav,MFGP,44,49.4,1.087312731383618e-07
Park-Fav,MFGP,44,49.5,1.087312731383618e-07
Park-Fav,MFGP,44,49.6,1.087312731383618e-07
Park-Fav,MFGP,44,49.7,1.087312731383618e-07
Park-Fav,MFGP,44,49.8,1.087312731383618e-07
Park-Fav,MFGP,44,49.9,1.087312731383618e-07
Park-Fav,MFGP,45,4.5,1.6816640788637525
Park-Fav,MFGP,45,4.6,1.6816640788637525
Park-Fav,MFGP,45,4.7,1.6816640788637525
Park-Fav,MFGP,45,4.8,1.6816640788637525
Park-Fav,MFGP,45,4.9,1.6816640788637525
Park-Fav,MFGP,45,5.0,1.6816640788637525
Park-Fav,MFGP,45,5.1,1.6816640788637525
Park-Fav,MFGP,45,5.2,1.6816640788637525
Park-Fav,MFGP,45,5.3,1.6816640788637525
Park-Fav,MFGP,45,5.4,1.6816640788637525
Park-Fav,MFGP,45,5.5,1.6816640788637525
Park-Fav,MFGP,45,6.5,1.552276366333939e-07
Park-Fav,MFGP,45,6.6,1.552276366333939e-07
Park-Fav,MFGP,45,6.7,1.552276366333939e-07
Park-Fav,MFGP,45,6.8,1.552276366333939e-07
Park-Fav,MFGP,45,6.9,1.552276366333939e-07
Park-Fav,MFGP,45,7.0,1.552276366333939e-07
Park-Fav,MFGP,45,7.1,1.552276366333939e-07
Park-Fav,MFGP,45,7.2,1.552276366333939e-07
Park-Fav,MFGP,45,7.3,1.552276366333939e-07
Park-Fav,MFGP,45,7.4,1.552276366333939e-07
Park-Fav,MFGP,45,7.5,1.552276366333939e-07
Park-Fav,MFGP,45,8.5,1.552276366333939e-07
Park-Fav,MFGP,45,8.6,1.552276366333939e-07
Park-Fav,MFGP,45,8.7,1.552276366333939e-07
Park-Fav,MFGP,45,8.8,1.552276366333939e-07
Park-Fav,MFGP,45,8.9,1.552276366333939e-07
Park-Fav,MFGP,45,9.0,1.552276366333939e-07
Park-Fav,MFGP,45,9.1,1.552276366333939e-07
Park-Fav,MFGP,45,9.2,1.552276366333939e-07
Park-Fav,MFGP,45,9.3,1.552276366333939e-07
Park-Fav,MFGP,45,9.4,1.552276366333939e-07
Park-Fav,MFGP,45,9.5,1.552276366333939e-07
Park-Fav,MFGP,45,10.5,1.552276366333939e-07
Park-Fav,MFGP,45,10.6,1.552276366333939e-07
Park-Fav,MFGP,45,10.7,1.552276366333939e-07
Park-Fav,MFGP,45,10.8,1.552276366333939e-07
Park-Fav,MFGP,45,10.9,1.552276366333939e-07
Park-Fav,MFGP,45,11.0,1.552276366333939e-07
Park-Fav,MFGP,45,11.1,1.552276366333939e-07
Park-Fav,MFGP,45,11.2,1.552276366333939e-07
Park-Fav,MFGP,45,11.3,1.552276366333939e-07
Park-Fav,MFGP,45,11.4,1.552276366333939e-07
Park-Fav,MFGP,45,11.5,1.552276366333939e-07
Park-Fav,MFGP,45,12.5,1.552276366333939e-07
Park-Fav,MFGP,45,12.6,1.552276366333939e-07
Park-Fav,MFGP,45,12.7,1.552276366333939e-07
Park-Fav,MFGP,45,12.8,1.552276366333939e-07
Park-Fav,MFGP,45,12.9,1.552276366333939e-07
Park-Fav,MFGP,45,13.0,1.552276366333939e-07
Park-Fav,MFGP,45,13.1,1.552276366333939e-07
Park-Fav,MFGP,45,13.2,1.552276366333939e-07
Park-Fav,MFGP,45,13.3,1.552276366333939e-07
Park-Fav,MFGP,45,13.4,1.552276366333939e-07
Park-Fav,MFGP,45,13.5,1.552276366333939e-07
Park-Fav,MFGP,45,14.5,1.552276366333939e-07
Park-Fav,MFGP,45,14.6,1.552276366333939e-07
Park-Fav,MFGP,45,14.7,1.552276366333939e-07
Park-Fav,MFGP,45,14.8,1.552276366333939e-07
Park-Fav,MFGP,45,14.9,1.552276366333939e-07
Park-Fav,MFGP,45,15.0,1.552276366333939e-07
Park-Fav,MFGP,45,15.1,1.552276366333939e-07
Park-Fav,MFGP,45,15.2,1.552276366333939e-07
Park-Fav,MFGP,45,15.3,1.552276366333939e-07
Park-Fav,MFGP,45,15.4,1.552276366333939e-07
Park-Fav,MFGP,45,15.5,1.552276366333939e-07
Park-Fav,MFGP,45,16.5,1.552276366333939e-07
Park-Fav,MFGP,45,16.6,1.552276366333939e-07
Park-Fav,MFGP,45,16.7,1.552276366333939e-07
Park-Fav,MFGP,45,16.8,1.552276366333939e-07
Park-Fav,MFGP,45,16.9,1.552276366333939e-07
Park-Fav,MFGP,45,17.0,1.552276366333939e-07
Park-Fav,MFGP,45,17.1,1.552276366333939e-07
Park-Fav,MFGP,45,17.2,1.552276366333939e-07
Park-Fav,MFGP,45,17.3,1.552276366333939e-07
Park-Fav,MFGP,45,17.4,1.552276366333939e-07
Park-Fav,MFGP,45,17.5,1.552276366333939e-07
Park-Fav,MFGP,45,18.5,1.552276366333939e-07
Park-Fav,MFGP,45,18.6,1.552276366333939e-07
Park-Fav,MFGP,45,18.7,1.552276366333939e-07
Park-Fav,MFGP,45,18.8,1.552276366333939e-07
Park-Fav,MFGP,45,18.9,1.552276366333939e-07
Park-Fav,MFGP,45,19.0,1.552276366333939e-07
Park-Fav,MFGP,45,19.1,1.552276366333939e-07
Park-Fav,MFGP,45,19.2,1.552276366333939e-07
Park-Fav,MFGP,45,19.3,1.552276366333939e-07
Park-Fav,MFGP,45,19.4,1.552276366333939e-07
Park-Fav,MFGP,45,19.5,1.552276366333939e-07
Park-Fav,MFGP,45,20.5,1.552276366333939e-07
Park-Fav,MFGP,45,20.6,1.552276366333939e-07
Park-Fav,MFGP,45,20.7,1.552276366333939e-07
Park-Fav,MFGP,45,20.8,1.552276366333939e-07
Park-Fav,MFGP,45,20.9,1.552276366333939e-07
Park-Fav,MFGP,45,21.0,1.552276366333939e-07
Park-Fav,MFGP,45,21.1,1.552276366333939e-07
Park-Fav,MFGP,45,21.2,1.552276366333939e-07
Park-Fav,MFGP,45,21.3,1.552276366333939e-07
Park-Fav,MFGP,45,21.4,1.552276366333939e-07
Park-Fav,MFGP,45,21.5,1.552276366333939e-07
Park-Fav,MFGP,45,22.5,1.552276366333939e-07
Park-Fav,MFGP,45,22.6,1.552276366333939e-07
Park-Fav,MFGP,45,22.7,1.552276366333939e-07
Park-Fav,MFGP,45,22.8,1.552276366333939e-07
Park-Fav,MFGP,45,22.9,1.552276366333939e-07
Park-Fav,MFGP,45,23.0,1.552276366333939e-07
Park-Fav,MFGP,45,23.1,1.552276366333939e-07
Park-Fav,MFGP,45,23.2,1.552276366333939e-07
Park-Fav,MFGP,45,23.3,1.552276366333939e-07
Park-Fav,MFGP,45,23.4,1.552276366333939e-07
Park-Fav,MFGP,45,23.5,1.552276366333939e-07
Park-Fav,MFGP,45,24.5,1.552276366333939e-07
Park-Fav,MFGP,45,24.6,1.552276366333939e-07
Park-Fav,MFGP,45,24.7,1.552276366333939e-07
Park-Fav,MFGP,45,24.8,1.552276366333939e-07
Park-Fav,MFGP,45,24.9,1.552276366333939e-07
Park-Fav,MFGP,45,25.0,1.552276366333939e-07
Park-Fav,MFGP,45,25.1,1.552276366333939e-07
Park-Fav,MFGP,45,25.2,1.552276366333939e-07
Park-Fav,MFGP,45,25.3,1.552276366333939e-07
Park-Fav,MFGP,45,25.4,1.552276366333939e-07
Park-Fav,MFGP,45,25.5,1.552276366333939e-07
Park-Fav,MFGP,45,26.5,1.552276366333939e-07
Park-Fav,MFGP,45,26.6,1.552276366333939e-07
Park-Fav,MFGP,45,26.7,1.552276366333939e-07
Park-Fav,MFGP,45,26.8,1.552276366333939e-07
Park-Fav,MFGP,45,26.9,1.552276366333939e-07
Park-Fav,MFGP,45,27.0,1.552276366333939e-07
Park-Fav,MFGP,45,27.1,1.552276366333939e-07
Park-Fav,MFGP,45,27.2,1.552276366333939e-07
Park-Fav,MFGP,45,27.3,1.552276366333939e-07
Park-Fav,MFGP,45,27.4,1.552276366333939e-07
Park-Fav,MFGP,45,27.5,1.552276366333939e-07
Park-Fav,MFGP,45,28.5,1.552276366333939e-07
Park-Fav,MFGP,45,28.6,1.552276366333939e-07
Park-Fav,MFGP,45,28.7,1.552276366333939e-07
Park-Fav,MFGP,45,28.8,1.552276366333939e-07
Park-Fav,MFGP,45,28.9,1.552276366333939e-07
Park-Fav,MFGP,45,29.0,1.552276366333939e-07
Park-Fav,MFGP,45,29.1,1.552276366333939e-07
Park-Fav,MFGP,45,29.2,1.552276366333939e-07
Park-Fav,MFGP,45,29.3,1.552276366333939e-07
Park-Fav,MFGP,45,29.4,1.552276366333939e-07
Park-Fav,MFGP,45,29.5,1.552276366333939e-07
Park-Fav,MFGP,45,30.5,1.552276366333939e-07
Park-Fav,MFGP,45,30.6,1.552276366333939e-07
Park-Fav,MFGP,45,30.7,1.552276366333939e-07
Park-Fav,MFGP,45,30.8,1.552276366333939e-07
Park-Fav,MFGP,45,30.9,1.552276366333939e-07
Park-Fav,MFGP,45,31.0,1.552276366333939e-07
Park-Fav,MFGP,45,31.1,1.552276366333939e-07
Park-Fav,MFGP,45,31.2,1.552276366333939e-07
Park-Fav,MFGP,45,31.3,1.552276366333939e-07
Park-Fav,MFGP,45,31.4,1.552276366333939e-07
Park-Fav,MFGP,45,31.5,1.552276366333939e-07
Park-Fav,MFGP,45,32.5,1.552276366333939e-07
Park-Fav,MFGP,45,32.6,1.552276366333939e-07
Park-Fav,MFGP,45,32.7,1.552276366333939e-07
Park-Fav,MFGP,45,32.8,1.552276366333939e-07
Park-Fav,MFGP,45,32.9,1.552276366333939e-07
Park-Fav,MFGP,45,33.0,1.552276366333939e-07
Park-Fav,MFGP,45,33.1,1.552276366333939e-07
Park-Fav,MFGP,45,33.2,1.552276366333939e-07
Park-Fav,MFGP,45,33.3,1.552276366333939e-07
Park-Fav,MFGP,45,33.4,1.552276366333939e-07
Park-Fav,MFGP,45,33.5,1.552276366333939e-07
Park-Fav,MFGP,45,34.5,1.552276366333939e-07
Park-Fav,MFGP,45,34.6,1.552276366333939e-07
Park-Fav,MFGP,45,34.7,1.552276366333939e-07
Park-Fav,MFGP,45,34.8,1.552276366333939e-07
Park-Fav,MFGP,45,34.9,1.552276366333939e-07
Park-Fav,MFGP,45,35.0,1.552276366333939e-07
Park-Fav,MFGP,45,35.1,1.552276366333939e-07
Park-Fav,MFGP,45,35.2,1.552276366333939e-07
Park-Fav,MFGP,45,35.3,1.552276366333939e-07
Park-Fav,MFGP,45,35.4,1.552276366333939e-07
Park-Fav,MFGP,45,35.5,1.552276366333939e-07
Park-Fav,MFGP,45,36.5,1.552276366333939e-07
Park-Fav,MFGP,45,36.6,1.552276366333939e-07
Park-Fav,MFGP,45,36.7,1.552276366333939e-07
Park-Fav,MFGP,45,36.8,1.552276366333939e-07
Park-Fav,MFGP,45,36.9,1.552276366333939e-07
Park-Fav,MFGP,45,37.0,1.552276366333939e-07
Park-Fav,MFGP,45,37.1,1.552276366333939e-07
Park-Fav,MFGP,45,37.2,1.552276366333939e-07
Park-Fav,MFGP,45,37.3,1.552276366333939e-07
Park-Fav,MFGP,45,37.4,1.552276366333939e-07
Park-Fav,MFGP,45,37.5,1.552276366333939e-07
Park-Fav,MFGP,45,38.5,1.552276366333939e-07
Park-Fav,MFGP,45,38.6,1.552276366333939e-07
Park-Fav,MFGP,45,38.7,1.552276366333939e-07
Park-Fav,MFGP,45,38.8,1.552276366333939e-07
Park-Fav,MFGP,45,38.9,1.552276366333939e-07
Park-Fav,MFGP,45,39.0,1.552276366333939e-07
Park-Fav,MFGP,45,39.1,1.552276366333939e-07
Park-Fav,MFGP,45,39.2,1.552276366333939e-07
Park-Fav,MFGP,45,39.3,1.552276366333939e-07
Park-Fav,MFGP,45,39.4,1.552276366333939e-07
Park-Fav,MFGP,45,39.5,1.552276366333939e-07
Park-Fav,MFGP,45,40.5,1.552276366333939e-07
Park-Fav,MFGP,45,40.6,1.552276366333939e-07
Park-Fav,MFGP,45,40.7,1.552276366333939e-07
Park-Fav,MFGP,45,40.8,1.552276366333939e-07
Park-Fav,MFGP,45,40.9,1.552276366333939e-07
Park-Fav,MFGP,45,41.0,1.552276366333939e-07
Park-Fav,MFGP,45,41.1,1.552276366333939e-07
Park-Fav,MFGP,45,41.2,1.552276366333939e-07
Park-Fav,MFGP,45,41.3,1.552276366333939e-07
Park-Fav,MFGP,45,41.4,1.552276366333939e-07
Park-Fav,MFGP,45,41.5,1.552276366333939e-07
Park-Fav,MFGP,45,42.5,1.552276366333939e-07
Park-Fav,MFGP,45,42.6,1.552276366333939e-07
Park-Fav,MFGP,45,42.7,1.552276366333939e-07
Park-Fav,MFGP,45,42.8,1.552276366333939e-07
Park-Fav,MFGP,45,42.9,1.552276366333939e-07
Park-Fav,MFGP,45,43.0,1.552276366333939e-07
Park-Fav,MFGP,45,43.1,1.552276366333939e-07
Park-Fav,MFGP,45,43.2,1.552276366333939e-07
Park-Fav,MFGP,45,43.3,1.552276366333939e-07
Park-Fav,MFGP,45,43.4,1.552276366333939e-07
Park-Fav,MFGP,45,43.5,1.552276366333939e-07
Park-Fav,MFGP,45,44.5,1.552276366333939e-07
Park-Fav,MFGP,45,44.6,1.552276366333939e-07
Park-Fav,MFGP,45,44.7,1.552276366333939e-07
Park-Fav,MFGP,45,44.8,1.552276366333939e-07
Park-Fav,MFGP,45,44.9,1.552276366333939e-07
Park-Fav,MFGP,45,45.0,1.552276366333939e-07
Park-Fav,MFGP,45,45.1,1.552276366333939e-07
Park-Fav,MFGP,45,45.2,1.552276366333939e-07
Park-Fav,MFGP,45,45.3,1.552276366333939e-07
Park-Fav,MFGP,45,45.4,1.552276366333939e-07
Park-Fav,MFGP,45,45.5,1.552276366333939e-07
Park-Fav,MFGP,45,46.5,1.087312731383618e-07
Park-Fav,MFGP,45,46.6,1.087312731383618e-07
Park-Fav,MFGP,45,46.7,1.087312731383618e-07
Park-Fav,MFGP,45,46.8,1.087312731383618e-07
Park-Fav,MFGP,45,46.9,1.087312731383618e-07
Park-Fav,MFGP,45,47.0,1.087312731383618e-07
Park-Fav,MFGP,45,47.1,1.087312731383618e-07
Park-Fav,MFGP,45,47.2,1.087312731383618e-07
Park-Fav,MFGP,45,47.3,1.087312731383618e-07
Park-Fav,MFGP,45,47.4,1.087312731383618e-07
Park-Fav,MFGP,45,47.5,1.087312731383618e-07
Park-Fav,MFGP,45,48.5,1.087312731383618e-07
Park-Fav,MFGP,45,48.6,1.087312731383618e-07
Park-Fav,MFGP,45,48.7,1.087312731383618e-07
Park-Fav,MFGP,45,48.8,1.087312731383618e-07
Park-Fav,MFGP,45,48.9,1.087312731383618e-07
Park-Fav,MFGP,45,49.0,1.087312731383618e-07
Park-Fav,MFGP,45,49.1,1.087312731383618e-07
Park-Fav,MFGP,45,49.2,1.087312731383618e-07
Park-Fav,MFGP,45,49.3,1.087312731383618e-07
Park-Fav,MFGP,45,49.4,1.087312731383618e-07
Park-Fav,MFGP,45,49.5,1.087312731383618e-07
Park-Fav,MFGP,45,49.6,1.087312731383618e-07
Park-Fav,MFGP,45,49.7,1.087312731383618e-07
Park-Fav,MFGP,45,49.8,1.087312731383618e-07
Park-Fav,MFGP,45,49.9,1.087312731383618e-07
Park-Fav,MFGP,46,4.5,3.363299907195902
Park-Fav,MFGP,46,4.6,3.363299907195902
Park-Fav,MFGP,46,4.7,3.363299907195902
Park-Fav,MFGP,46,4.8,3.363299907195902
Park-Fav,MFGP,46,4.9,3.363299907195902
Park-Fav,MFGP,46,5.0,3.363299907195902
Park-Fav,MFGP,46,5.1,3.363299907195902
Park-Fav,MFGP,46,5.2,3.363299907195902
Park-Fav,MFGP,46,5.3,3.363299907195902
Park-Fav,MFGP,46,5.4,3.363299907195902
Park-Fav,MFGP,46,5.5,3.363299907195902
Park-Fav,MFGP,46,6.5,1.5248471779533417e-07
Park-Fav,MFGP,46,6.6,1.5248471779533417e-07
Park-Fav,MFGP,46,6.7,1.5248471779533417e-07
Park-Fav,MFGP,46,6.8,1.5248471779533417e-07
Park-Fav,MFGP,46,6.9,1.5248471779533417e-07
Park-Fav,MFGP,46,7.0,1.5248471779533417e-07
Park-Fav,MFGP,46,7.1,1.5248471779533417e-07
Park-Fav,MFGP,46,7.2,1.5248471779533417e-07
Park-Fav,MFGP,46,7.3,1.5248471779533417e-07
Park-Fav,MFGP,46,7.4,1.5248471779533417e-07
Park-Fav,MFGP,46,7.5,1.5248471779533417e-07
Park-Fav,MFGP,46,8.5,1.5248471779533417e-07
Park-Fav,MFGP,46,8.6,1.5248471779533417e-07
Park-Fav,MFGP,46,8.7,1.5248471779533417e-07
Park-Fav,MFGP,46,8.8,1.5248471779533417e-07
Park-Fav,MFGP,46,8.9,1.5248471779533417e-07
Park-Fav,MFGP,46,9.0,1.5248471779533417e-07
Park-Fav,MFGP,46,9.1,1.5248471779533417e-07
Park-Fav,MFGP,46,9.2,1.5248471779533417e-07
Park-Fav,MFGP,46,9.3,1.5248471779533417e-07
Park-Fav,MFGP,46,9.4,1.5248471779533417e-07
Park-Fav,MFGP,46,9.5,1.5248471779533417e-07
Park-Fav,MFGP,46,10.5,1.5248471779533417e-07
Park-Fav,MFGP,46,10.6,1.5248471779533417e-07
Park-Fav,MFGP,46,10.7,1.5248471779533417e-07
Park-Fav,MFGP,46,10.8,1.5248471779533417e-07
Park-Fav,MFGP,46,10.9,1.5248471779533417e-07
Park-Fav,MFGP,46,11.0,1.5248471779533417e-07
Park-Fav,MFGP,46,11.1,1.5248471779533417e-07
Park-Fav,MFGP,46,11.2,1.5248471779533417e-07
Park-Fav,MFGP,46,11.3,1.5248471779533417e-07
Park-Fav,MFGP,46,11.4,1.5248471779533417e-07
Park-Fav,MFGP,46,11.5,1.5248471779533417e-07
Park-Fav,MFGP,46,12.5,1.5248471779533417e-07
Park-Fav,MFGP,46,12.6,1.5248471779533417e-07
Park-Fav,MFGP,46,12.7,1.5248471779533417e-07
Park-Fav,MFGP,46,12.8,1.5248471779533417e-07
Park-Fav,MFGP,46,12.9,1.5248471779533417e-07
Park-Fav,MFGP,46,13.0,1.5248471779533417e-07
Park-Fav,MFGP,46,13.1,1.5248471779533417e-07
Park-Fav,MFGP,46,13.2,1.5248471779533417e-07
Park-Fav,MFGP,46,13.3,1.5248471779533417e-07
Park-Fav,MFGP,46,13.4,1.5248471779533417e-07
Park-Fav,MFGP,46,13.5,1.5248471779533417e-07
Park-Fav,MFGP,46,14.5,1.5248471779533417e-07
Park-Fav,MFGP,46,14.6,1.5248471779533417e-07
Park-Fav,MFGP,46,14.7,1.5248471779533417e-07
Park-Fav,MFGP,46,14.8,1.5248471779533417e-07
Park-Fav,MFGP,46,14.9,1.5248471779533417e-07
Park-Fav,MFGP,46,15.0,1.5248471779533417e-07
Park-Fav,MFGP,46,15.1,1.5248471779533417e-07
Park-Fav,MFGP,46,15.2,1.5248471779533417e-07
Park-Fav,MFGP,46,15.3,1.5248471779533417e-07
Park-Fav,MFGP,46,15.4,1.5248471779533417e-07
Park-Fav,MFGP,46,15.5,1.5248471779533417e-07
Park-Fav,MFGP,46,16.5,1.5248471779533417e-07
Park-Fav,MFGP,46,16.6,1.5248471779533417e-07
Park-Fav,MFGP,46,16.7,1.5248471779533417e-07
Park-Fav,MFGP,46,16.8,1.5248471779533417e-07
Park-Fav,MFGP,46,16.9,1.5248471779533417e-07
Park-Fav,MFGP,46,17.0,1.5248471779533417e-07
Park-Fav,MFGP,46,17.1,1.5248471779533417e-07
Park-Fav,MFGP,46,17.2,1.5248471779533417e-07
Park-Fav,MFGP,46,17.3,1.5248471779533417e-07
Park-Fav,MFGP,46,17.4,1.5248471779533417e-07
Park-Fav,MFGP,46,17.5,1.5248471779533417e-07
Park-Fav,MFGP,46,18.5,1.5248471779533417e-07
Park-Fav,MFGP,46,18.6,1.5248471779533417e-07
Park-Fav,MFGP,46,18.7,1.5248471779533417e-07
Park-Fav,MFGP,46,18.8,1.5248471779533417e-07
Park-Fav,MFGP,46,18.9,1.5248471779533417e-07
Park-Fav,MFGP,46,19.0,1.5248471779533417e-07
Park-Fav,MFGP,46,19.1,1.5248471779533417e-07
Park-Fav,MFGP,46,19.2,1.5248471779533417e-07
Park-Fav,MFGP,46,19.3,1.5248471779533417e-07
Park-Fav,MFGP,46,19.4,1.5248471779533417e-07
Park-Fav,MFGP,46,19.5,1.5248471779533417e-07
Park-Fav,MFGP,46,20.5,1.5248471779533417e-07
Park-Fav,MFGP,46,20.6,1.5248471779533417e-07
Park-Fav,MFGP,46,20.7,1.5248471779533417e-07
Park-Fav,MFGP,46,20.8,1.5248471779533417e-07
Park-Fav,MFGP,46,20.9,1.5248471779533417e-07
Park-Fav,MFGP,46,21.0,1.5248471779533417e-07
Park-Fav,MFGP,46,21.1,1.5248471779533417e-07
Park-Fav,MFGP,46,21.2,1.5248471779533417e-07
Park-Fav,MFGP,46,21.3,1.5248471779533417e-07
Park-Fav,MFGP,46,21.4,1.5248471779533417e-07
Park-Fav,MFGP,46,21.5,1.5248471779533417e-07
Park-Fav,MFGP,46,22.5,1.5248471779533417e-07
Park-Fav,MFGP,46,22.6,1.5248471779533417e-07
Park-Fav,MFGP,46,22.7,1.5248471779533417e-07
Park-Fav,MFGP,46,22.8,1.5248471779533417e-07
Park-Fav,MFGP,46,22.9,1.5248471779533417e-07
Park-Fav,MFGP,46,23.0,1.5248471779533417e-07
Park-Fav,MFGP,46,23.1,1.5248471779533417e-07
Park-Fav,MFGP,46,23.2,1.5248471779533417e-07
Park-Fav,MFGP,46,23.3,1.5248471779533417e-07
Park-Fav,MFGP,46,23.4,1.5248471779533417e-07
Park-Fav,MFGP,46,23.5,1.5248471779533417e-07
Park-Fav,MFGP,46,24.5,1.5248471779533417e-07
Park-Fav,MFGP,46,24.6,1.5248471779533417e-07
Park-Fav,MFGP,46,24.7,1.5248471779533417e-07
Park-Fav,MFGP,46,24.8,1.5248471779533417e-07
Park-Fav,MFGP,46,24.9,1.5248471779533417e-07
Park-Fav,MFGP,46,25.0,1.5248471779533417e-07
Park-Fav,MFGP,46,25.1,1.5248471779533417e-07
Park-Fav,MFGP,46,25.2,1.5248471779533417e-07
Park-Fav,MFGP,46,25.3,1.5248471779533417e-07
Park-Fav,MFGP,46,25.4,1.5248471779533417e-07
Park-Fav,MFGP,46,25.5,1.5248471779533417e-07
Park-Fav,MFGP,46,26.5,1.5248471779533417e-07
Park-Fav,MFGP,46,26.6,1.5248471779533417e-07
Park-Fav,MFGP,46,26.7,1.5248471779533417e-07
Park-Fav,MFGP,46,26.8,1.5248471779533417e-07
Park-Fav,MFGP,46,26.9,1.5248471779533417e-07
Park-Fav,MFGP,46,27.0,1.5248471779533417e-07
Park-Fav,MFGP,46,27.1,1.5248471779533417e-07
Park-Fav,MFGP,46,27.2,1.5248471779533417e-07
Park-Fav,MFGP,46,27.3,1.5248471779533417e-07
Park-Fav,MFGP,46,27.4,1.5248471779533417e-07
Park-Fav,MFGP,46,27.5,1.5248471779533417e-07
Park-Fav,MFGP,46,28.5,1.5248471779533417e-07
Park-Fav,MFGP,46,28.6,1.5248471779533417e-07
Park-Fav,MFGP,46,28.7,1.5248471779533417e-07
Park-Fav,MFGP,46,28.8,1.5248471779533417e-07
Park-Fav,MFGP,46,28.9,1.5248471779533417e-07
Park-Fav,MFGP,46,29.0,1.5248471779533417e-07
Park-Fav,MFGP,46,29.1,1.5248471779533417e-07
Park-Fav,MFGP,46,29.2,1.5248471779533417e-07
Park-Fav,MFGP,46,29.3,1.5248471779533417e-07
Park-Fav,MFGP,46,29.4,1.5248471779533417e-07
Park-Fav,MFGP,46,29.5,1.5248471779533417e-07
Park-Fav,MFGP,46,30.5,1.5248471779533417e-07
Park-Fav,MFGP,46,30.6,1.5248471779533417e-07
Park-Fav,MFGP,46,30.7,1.5248471779533417e-07
Park-Fav,MFGP,46,30.8,1.5248471779533417e-07
Park-Fav,MFGP,46,30.9,1.5248471779533417e-07
Park-Fav,MFGP,46,31.0,1.5248471779533417e-07
Park-Fav,MFGP,46,31.1,1.5248471779533417e-07
Park-Fav,MFGP,46,31.2,1.5248471779533417e-07
Park-Fav,MFGP,46,31.3,1.5248471779533417e-07
Park-Fav,MFGP,46,31.4,1.5248471779533417e-07
Park-Fav,MFGP,46,31.5,1.5248471779533417e-07
Park-Fav,MFGP,46,32.5,1.5248471779533417e-07
Park-Fav,MFGP,46,32.6,1.5248471779533417e-07
Park-Fav,MFGP,46,32.7,1.5248471779533417e-07
Park-Fav,MFGP,46,32.8,1.5248471779533417e-07
Park-Fav,MFGP,46,32.9,1.5248471779533417e-07
Park-Fav,MFGP,46,33.0,1.5248471779533417e-07
Park-Fav,MFGP,46,33.1,1.5248471779533417e-07
Park-Fav,MFGP,46,33.2,1.5248471779533417e-07
Park-Fav,MFGP,46,33.3,1.5248471779533417e-07
Park-Fav,MFGP,46,33.4,1.5248471779533417e-07
Park-Fav,MFGP,46,33.5,1.5248471779533417e-07
Park-Fav,MFGP,46,34.5,1.5248471779533417e-07
Park-Fav,MFGP,46,34.6,1.5248471779533417e-07
Park-Fav,MFGP,46,34.7,1.5248471779533417e-07
Park-Fav,MFGP,46,34.8,1.5248471779533417e-07
Park-Fav,MFGP,46,34.9,1.5248471779533417e-07
Park-Fav,MFGP,46,35.0,1.5248471779533417e-07
Park-Fav,MFGP,46,35.1,1.5248471779533417e-07
Park-Fav,MFGP,46,35.2,1.5248471779533417e-07
Park-Fav,MFGP,46,35.3,1.5248471779533417e-07
Park-Fav,MFGP,46,35.4,1.5248471779533417e-07
Park-Fav,MFGP,46,35.5,1.5248471779533417e-07
Park-Fav,MFGP,46,36.5,1.5248471779533417e-07
Park-Fav,MFGP,46,36.6,1.5248471779533417e-07
Park-Fav,MFGP,46,36.7,1.5248471779533417e-07
Park-Fav,MFGP,46,36.8,1.5248471779533417e-07
Park-Fav,MFGP,46,36.9,1.5248471779533417e-07
Park-Fav,MFGP,46,37.0,1.5248471779533417e-07
Park-Fav,MFGP,46,37.1,1.5248471779533417e-07
Park-Fav,MFGP,46,37.2,1.5248471779533417e-07
Park-Fav,MFGP,46,37.3,1.5248471779533417e-07
Park-Fav,MFGP,46,37.4,1.5248471779533417e-07
Park-Fav,MFGP,46,37.5,1.5248471779533417e-07
Park-Fav,MFGP,46,38.5,1.5248471779533417e-07
Park-Fav,MFGP,46,38.6,1.5248471779533417e-07
Park-Fav,MFGP,46,38.7,1.5248471779533417e-07
Park-Fav,MFGP,46,38.8,1.5248471779533417e-07
Park-Fav,MFGP,46,38.9,1.5248471779533417e-07
Park-Fav,MFGP,46,39.0,1.5248471779533417e-07
Park-Fav,MFGP,46,39.1,1.5248471779533417e-07
Park-Fav,MFGP,46,39.2,1.5248471779533417e-07
Park-Fav,MFGP,46,39.3,1.5248471779533417e-07
Park-Fav,MFGP,46,39.4,1.5248471779533417e-07
Park-Fav,MFGP,46,39.5,1.5248471779533417e-07
Park-Fav,MFGP,46,40.5,1.5248471779533417e-07
Park-Fav,MFGP,46,40.6,1.5248471779533417e-07
Park-Fav,MFGP,46,40.7,1.5248471779533417e-07
Park-Fav,MFGP,46,40.8,1.5248471779533417e-07
Park-Fav,MFGP,46,40.9,1.5248471779533417e-07
Park-Fav,MFGP,46,41.0,1.5248471779533417e-07
Park-Fav,MFGP,46,41.1,1.5248471779533417e-07
Park-Fav,MFGP,46,41.2,1.5248471779533417e-07
Park-Fav,MFGP,46,41.3,1.5248471779533417e-07
Park-Fav,MFGP,46,41.4,1.5248471779533417e-07
Park-Fav,MFGP,46,41.5,1.5248471779533417e-07
Park-Fav,MFGP,46,42.5,1.5248471779533417e-07
Park-Fav,MFGP,46,42.6,1.5248471779533417e-07
Park-Fav,MFGP,46,42.7,1.5248471779533417e-07
Park-Fav,MFGP,46,42.8,1.5248471779533417e-07
Park-Fav,MFGP,46,42.9,1.5248471779533417e-07
Park-Fav,MFGP,46,43.0,1.5248471779533417e-07
Park-Fav,MFGP,46,43.1,1.5248471779533417e-07
Park-Fav,MFGP,46,43.2,1.5248471779533417e-07
Park-Fav,MFGP,46,43.3,1.5248471779533417e-07
Park-Fav,MFGP,46,43.4,1.5248471779533417e-07
Park-Fav,MFGP,46,43.5,1.5248471779533417e-07
Park-Fav,MFGP,46,44.5,1.5248471779533417e-07
Park-Fav,MFGP,46,44.6,1.5248471779533417e-07
Park-Fav,MFGP,46,44.7,1.5248471779533417e-07
Park-Fav,MFGP,46,44.8,1.5248471779533417e-07
Park-Fav,MFGP,46,44.9,1.5248471779533417e-07
Park-Fav,MFGP,46,45.0,1.5248471779533417e-07
Park-Fav,MFGP,46,45.1,1.5248471779533417e-07
Park-Fav,MFGP,46,45.2,1.5248471779533417e-07
Park-Fav,MFGP,46,45.3,1.5248471779533417e-07
Park-Fav,MFGP,46,45.4,1.5248471779533417e-07
Park-Fav,MFGP,46,45.5,1.5248471779533417e-07
Park-Fav,MFGP,46,46.5,1.087312731383618e-07
Park-Fav,MFGP,46,46.6,1.087312731383618e-07
Park-Fav,MFGP,46,46.7,1.087312731383618e-07
Park-Fav,MFGP,46,46.8,1.087312731383618e-07
Park-Fav,MFGP,46,46.9,1.087312731383618e-07
Park-Fav,MFGP,46,47.0,1.087312731383618e-07
Park-Fav,MFGP,46,47.1,1.087312731383618e-07
Park-Fav,MFGP,46,47.2,1.087312731383618e-07
Park-Fav,MFGP,46,47.3,1.087312731383618e-07
Park-Fav,MFGP,46,47.4,1.087312731383618e-07
Park-Fav,MFGP,46,47.5,1.087312731383618e-07
Park-Fav,MFGP,46,48.5,1.087312731383618e-07
Park-Fav,MFGP,46,48.6,1.087312731383618e-07
Park-Fav,MFGP,46,48.7,1.087312731383618e-07
Park-Fav,MFGP,46,48.8,1.087312731383618e-07
Park-Fav,MFGP,46,48.9,1.087312731383618e-07
Park-Fav,MFGP,46,49.0,1.087312731383618e-07
Park-Fav,MFGP,46,49.1,1.087312731383618e-07
Park-Fav,MFGP,46,49.2,1.087312731383618e-07
Park-Fav,MFGP,46,49.3,1.087312731383618e-07
Park-Fav,MFGP,46,49.4,1.087312731383618e-07
Park-Fav,MFGP,46,49.5,1.087312731383618e-07
Park-Fav,MFGP,46,49.6,1.087312731383618e-07
Park-Fav,MFGP,46,49.7,1.087312731383618e-07
Park-Fav,MFGP,46,49.8,1.087312731383618e-07
Park-Fav,MFGP,46,49.9,1.087312731383618e-07
Park-Fav,MFGP,47,4.5,4.697136378890074
Park-Fav,MFGP,47,4.6,4.697136378890074
Park-Fav,MFGP,47,4.7,4.697136378890074
Park-Fav,MFGP,47,4.8,4.697136378890074
Park-Fav,MFGP,47,4.9,4.697136378890074
Park-Fav,MFGP,47,5.0,4.697136378890074
Park-Fav,MFGP,47,5.1,4.697136378890074
Park-Fav,MFGP,47,5.2,4.697136378890074
Park-Fav,MFGP,47,5.3,4.697136378890074
Park-Fav,MFGP,47,5.4,4.697136378890074
Park-Fav,MFGP,47,5.5,4.697136378890074
Park-Fav,MFGP,47,6.5,1.552276366333939e-07
Park-Fav,MFGP,47,6.6,1.552276366333939e-07
Park-Fav,MFGP,47,6.7,1.552276366333939e-07
Park-Fav,MFGP,47,6.8,1.552276366333939e-07
Park-Fav,MFGP,47,6.9,1.552276366333939e-07
Park-Fav,MFGP,47,7.0,1.552276366333939e-07
Park-Fav,MFGP,47,7.1,1.552276366333939e-07
Park-Fav,MFGP,47,7.2,1.552276366333939e-07
Park-Fav,MFGP,47,7.3,1.552276366333939e-07
Park-Fav,MFGP,47,7.4,1.552276366333939e-07
Park-Fav,MFGP,47,7.5,1.552276366333939e-07
Park-Fav,MFGP,47,8.5,1.552276366333939e-07
Park-Fav,MFGP,47,8.6,1.552276366333939e-07
Park-Fav,MFGP,47,8.7,1.552276366333939e-07
Park-Fav,MFGP,47,8.8,1.552276366333939e-07
Park-Fav,MFGP,47,8.9,1.552276366333939e-07
Park-Fav,MFGP,47,9.0,1.552276366333939e-07
Park-Fav,MFGP,47,9.1,1.552276366333939e-07
Park-Fav,MFGP,47,9.2,1.552276366333939e-07
Park-Fav,MFGP,47,9.3,1.552276366333939e-07
Park-Fav,MFGP,47,9.4,1.552276366333939e-07
Park-Fav,MFGP,47,9.5,1.552276366333939e-07
Park-Fav,MFGP,47,10.5,1.552276366333939e-07
Park-Fav,MFGP,47,10.6,1.552276366333939e-07
Park-Fav,MFGP,47,10.7,1.552276366333939e-07
Park-Fav,MFGP,47,10.8,1.552276366333939e-07
Park-Fav,MFGP,47,10.9,1.552276366333939e-07
Park-Fav,MFGP,47,11.0,1.552276366333939e-07
Park-Fav,MFGP,47,11.1,1.552276366333939e-07
Park-Fav,MFGP,47,11.2,1.552276366333939e-07
Park-Fav,MFGP,47,11.3,1.552276366333939e-07
Park-Fav,MFGP,47,11.4,1.552276366333939e-07
Park-Fav,MFGP,47,11.5,1.552276366333939e-07
Park-Fav,MFGP,47,12.5,1.552276366333939e-07
Park-Fav,MFGP,47,12.6,1.552276366333939e-07
Park-Fav,MFGP,47,12.7,1.552276366333939e-07
Park-Fav,MFGP,47,12.8,1.552276366333939e-07
Park-Fav,MFGP,47,12.9,1.552276366333939e-07
Park-Fav,MFGP,47,13.0,1.552276366333939e-07
Park-Fav,MFGP,47,13.1,1.552276366333939e-07
Park-Fav,MFGP,47,13.2,1.552276366333939e-07
Park-Fav,MFGP,47,13.3,1.552276366333939e-07
Park-Fav,MFGP,47,13.4,1.552276366333939e-07
Park-Fav,MFGP,47,13.5,1.552276366333939e-07
Park-Fav,MFGP,47,14.5,1.552276366333939e-07
Park-Fav,MFGP,47,14.6,1.552276366333939e-07
Park-Fav,MFGP,47,14.7,1.552276366333939e-07
Park-Fav,MFGP,47,14.8,1.552276366333939e-07
Park-Fav,MFGP,47,14.9,1.552276366333939e-07
Park-Fav,MFGP,47,15.0,1.552276366333939e-07
Park-Fav,MFGP,47,15.1,1.552276366333939e-07
Park-Fav,MFGP,47,15.2,1.552276366333939e-07
Park-Fav,MFGP,47,15.3,1.552276366333939e-07
Park-Fav,MFGP,47,15.4,1.552276366333939e-07
Park-Fav,MFGP,47,15.5,1.552276366333939e-07
Park-Fav,MFGP,47,16.5,1.552276366333939e-07
Park-Fav,MFGP,47,16.6,1.552276366333939e-07
Park-Fav,MFGP,47,16.7,1.552276366333939e-07
Park-Fav,MFGP,47,16.8,1.552276366333939e-07
Park-Fav,MFGP,47,16.9,1.552276366333939e-07
Park-Fav,MFGP,47,17.0,1.552276366333939e-07
Park-Fav,MFGP,47,17.1,1.552276366333939e-07
Park-Fav,MFGP,47,17.2,1.552276366333939e-07
Park-Fav,MFGP,47,17.3,1.552276366333939e-07
Park-Fav,MFGP,47,17.4,1.552276366333939e-07
Park-Fav,MFGP,47,17.5,1.552276366333939e-07
Park-Fav,MFGP,47,18.5,1.552276366333939e-07
Park-Fav,MFGP,47,18.6,1.552276366333939e-07
Park-Fav,MFGP,47,18.7,1.552276366333939e-07
Park-Fav,MFGP,47,18.8,1.552276366333939e-07
Park-Fav,MFGP,47,18.9,1.552276366333939e-07
Park-Fav,MFGP,47,19.0,1.552276366333939e-07
Park-Fav,MFGP,47,19.1,1.552276366333939e-07
Park-Fav,MFGP,47,19.2,1.552276366333939e-07
Park-Fav,MFGP,47,19.3,1.552276366333939e-07
Park-Fav,MFGP,47,19.4,1.552276366333939e-07
Park-Fav,MFGP,47,19.5,1.552276366333939e-07
Park-Fav,MFGP,47,20.5,1.552276366333939e-07
Park-Fav,MFGP,47,20.6,1.552276366333939e-07
Park-Fav,MFGP,47,20.7,1.552276366333939e-07
Park-Fav,MFGP,47,20.8,1.552276366333939e-07
Park-Fav,MFGP,47,20.9,1.552276366333939e-07
Park-Fav,MFGP,47,21.0,1.552276366333939e-07
Park-Fav,MFGP,47,21.1,1.552276366333939e-07
Park-Fav,MFGP,47,21.2,1.552276366333939e-07
Park-Fav,MFGP,47,21.3,1.552276366333939e-07
Park-Fav,MFGP,47,21.4,1.552276366333939e-07
Park-Fav,MFGP,47,21.5,1.552276366333939e-07
Park-Fav,MFGP,47,22.5,1.552276366333939e-07
Park-Fav,MFGP,47,22.6,1.552276366333939e-07
Park-Fav,MFGP,47,22.7,1.552276366333939e-07
Park-Fav,MFGP,47,22.8,1.552276366333939e-07
Park-Fav,MFGP,47,22.9,1.552276366333939e-07
Park-Fav,MFGP,47,23.0,1.552276366333939e-07
Park-Fav,MFGP,47,23.1,1.552276366333939e-07
Park-Fav,MFGP,47,23.2,1.552276366333939e-07
Park-Fav,MFGP,47,23.3,1.552276366333939e-07
Park-Fav,MFGP,47,23.4,1.552276366333939e-07
Park-Fav,MFGP,47,23.5,1.552276366333939e-07
Park-Fav,MFGP,47,24.5,1.552276366333939e-07
Park-Fav,MFGP,47,24.6,1.552276366333939e-07
Park-Fav,MFGP,47,24.7,1.552276366333939e-07
Park-Fav,MFGP,47,24.8,1.552276366333939e-07
Park-Fav,MFGP,47,24.9,1.552276366333939e-07
Park-Fav,MFGP,47,25.0,1.552276366333939e-07
Park-Fav,MFGP,47,25.1,1.552276366333939e-07
Park-Fav,MFGP,47,25.2,1.552276366333939e-07
Park-Fav,MFGP,47,25.3,1.552276366333939e-07
Park-Fav,MFGP,47,25.4,1.552276366333939e-07
Park-Fav,MFGP,47,25.5,1.552276366333939e-07
Park-Fav,MFGP,47,26.5,1.552276366333939e-07
Park-Fav,MFGP,47,26.6,1.552276366333939e-07
Park-Fav,MFGP,47,26.7,1.552276366333939e-07
Park-Fav,MFGP,47,26.8,1.552276366333939e-07
Park-Fav,MFGP,47,26.9,1.552276366333939e-07
Park-Fav,MFGP,47,27.0,1.552276366333939e-07
Park-Fav,MFGP,47,27.1,1.552276366333939e-07
Park-Fav,MFGP,47,27.2,1.552276366333939e-07
Park-Fav,MFGP,47,27.3,1.552276366333939e-07
Park-Fav,MFGP,47,27.4,1.552276366333939e-07
Park-Fav,MFGP,47,27.5,1.552276366333939e-07
Park-Fav,MFGP,47,28.5,1.552276366333939e-07
Park-Fav,MFGP,47,28.6,1.552276366333939e-07
Park-Fav,MFGP,47,28.7,1.552276366333939e-07
Park-Fav,MFGP,47,28.8,1.552276366333939e-07
Park-Fav,MFGP,47,28.9,1.552276366333939e-07
Park-Fav,MFGP,47,29.0,1.552276366333939e-07
Park-Fav,MFGP,47,29.1,1.552276366333939e-07
Park-Fav,MFGP,47,29.2,1.552276366333939e-07
Park-Fav,MFGP,47,29.3,1.552276366333939e-07
Park-Fav,MFGP,47,29.4,1.552276366333939e-07
Park-Fav,MFGP,47,29.5,1.552276366333939e-07
Park-Fav,MFGP,47,30.5,1.552276366333939e-07
Park-Fav,MFGP,47,30.6,1.552276366333939e-07
Park-Fav,MFGP,47,30.7,1.552276366333939e-07
Park-Fav,MFGP,47,30.8,1.552276366333939e-07
Park-Fav,MFGP,47,30.9,1.552276366333939e-07
Park-Fav,MFGP,47,31.0,1.552276366333939e-07
Park-Fav,MFGP,47,31.1,1.552276366333939e-07
Park-Fav,MFGP,47,31.2,1.552276366333939e-07
Park-Fav,MFGP,47,31.3,1.552276366333939e-07
Park-Fav,MFGP,47,31.4,1.552276366333939e-07
Park-Fav,MFGP,47,31.5,1.552276366333939e-07
Park-Fav,MFGP,47,32.5,1.552276366333939e-07
Park-Fav,MFGP,47,32.6,1.552276366333939e-07
Park-Fav,MFGP,47,32.7,1.552276366333939e-07
Park-Fav,MFGP,47,32.8,1.552276366333939e-07
Park-Fav,MFGP,47,32.9,1.552276366333939e-07
Park-Fav,MFGP,47,33.0,1.552276366333939e-07
Park-Fav,MFGP,47,33.1,1.552276366333939e-07
Park-Fav,MFGP,47,33.2,1.552276366333939e-07
Park-Fav,MFGP,47,33.3,1.552276366333939e-07
Park-Fav,MFGP,47,33.4,1.552276366333939e-07
Park-Fav,MFGP,47,33.5,1.552276366333939e-07
Park-Fav,MFGP,47,34.5,1.552276366333939e-07
Park-Fav,MFGP,47,34.6,1.552276366333939e-07
Park-Fav,MFGP,47,34.7,1.552276366333939e-07
Park-Fav,MFGP,47,34.8,1.552276366333939e-07
Park-Fav,MFGP,47,34.9,1.552276366333939e-07
Park-Fav,MFGP,47,35.0,1.552276366333939e-07
Park-Fav,MFGP,47,35.1,1.552276366333939e-07
Park-Fav,MFGP,47,35.2,1.552276366333939e-07
Park-Fav,MFGP,47,35.3,1.552276366333939e-07
Park-Fav,MFGP,47,35.4,1.552276366333939e-07
Park-Fav,MFGP,47,35.5,1.552276366333939e-07
Park-Fav,MFGP,47,36.5,1.552276366333939e-07
Park-Fav,MFGP,47,36.6,1.552276366333939e-07
Park-Fav,MFGP,47,36.7,1.552276366333939e-07
Park-Fav,MFGP,47,36.8,1.552276366333939e-07
Park-Fav,MFGP,47,36.9,1.552276366333939e-07
Park-Fav,MFGP,47,37.0,1.552276366333939e-07
Park-Fav,MFGP,47,37.1,1.552276366333939e-07
Park-Fav,MFGP,47,37.2,1.552276366333939e-07
Park-Fav,MFGP,47,37.3,1.552276366333939e-07
Park-Fav,MFGP,47,37.4,1.552276366333939e-07
Park-Fav,MFGP,47,37.5,1.552276366333939e-07
Park-Fav,MFGP,47,38.5,1.552276366333939e-07
Park-Fav,MFGP,47,38.6,1.552276366333939e-07
Park-Fav,MFGP,47,38.7,1.552276366333939e-07
Park-Fav,MFGP,47,38.8,1.552276366333939e-07
Park-Fav,MFGP,47,38.9,1.552276366333939e-07
Park-Fav,MFGP,47,39.0,1.552276366333939e-07
Park-Fav,MFGP,47,39.1,1.552276366333939e-07
Park-Fav,MFGP,47,39.2,1.552276366333939e-07
Park-Fav,MFGP,47,39.3,1.552276366333939e-07
Park-Fav,MFGP,47,39.4,1.552276366333939e-07
Park-Fav,MFGP,47,39.5,1.552276366333939e-07
Park-Fav,MFGP,47,40.5,1.552276366333939e-07
Park-Fav,MFGP,47,40.6,1.552276366333939e-07
Park-Fav,MFGP,47,40.7,1.552276366333939e-07
Park-Fav,MFGP,47,40.8,1.552276366333939e-07
Park-Fav,MFGP,47,40.9,1.552276366333939e-07
Park-Fav,MFGP,47,41.0,1.552276366333939e-07
Park-Fav,MFGP,47,41.1,1.552276366333939e-07
Park-Fav,MFGP,47,41.2,1.552276366333939e-07
Park-Fav,MFGP,47,41.3,1.552276366333939e-07
Park-Fav,MFGP,47,41.4,1.552276366333939e-07
Park-Fav,MFGP,47,41.5,1.552276366333939e-07
Park-Fav,MFGP,47,42.5,1.552276366333939e-07
Park-Fav,MFGP,47,42.6,1.552276366333939e-07
Park-Fav,MFGP,47,42.7,1.552276366333939e-07
Park-Fav,MFGP,47,42.8,1.552276366333939e-07
Park-Fav,MFGP,47,42.9,1.552276366333939e-07
Park-Fav,MFGP,47,43.0,1.552276366333939e-07
Park-Fav,MFGP,47,43.1,1.552276366333939e-07
Park-Fav,MFGP,47,43.2,1.552276366333939e-07
Park-Fav,MFGP,47,43.3,1.552276366333939e-07
Park-Fav,MFGP,47,43.4,1.552276366333939e-07
Park-Fav,MFGP,47,43.5,1.552276366333939e-07
Park-Fav,MFGP,47,44.5,1.552276366333939e-07
Park-Fav,MFGP,47,44.6,1.552276366333939e-07
Park-Fav,MFGP,47,44.7,1.552276366333939e-07
Park-Fav,MFGP,47,44.8,1.552276366333939e-07
Park-Fav,MFGP,47,44.9,1.552276366333939e-07
Park-Fav,MFGP,47,45.0,1.552276366333939e-07
Park-Fav,MFGP,47,45.1,1.552276366333939e-07
Park-Fav,MFGP,47,45.2,1.552276366333939e-07
Park-Fav,MFGP,47,45.3,1.552276366333939e-07
Park-Fav,MFGP,47,45.4,1.552276366333939e-07
Park-Fav,MFGP,47,45.5,1.552276366333939e-07
Park-Fav,MFGP,47,46.5,1.087312731383618e-07
Park-Fav,MFGP,47,46.6,1.087312731383618e-07
Park-Fav,MFGP,47,46.7,1.087312731383618e-07
Park-Fav,MFGP,47,46.8,1.087312731383618e-07
Park-Fav,MFGP,47,46.9,1.087312731383618e-07
Park-Fav,MFGP,47,47.0,1.087312731383618e-07
Park-Fav,MFGP,47,47.1,1.087312731383618e-07
Park-Fav,MFGP,47,47.2,1.087312731383618e-07
Park-Fav,MFGP,47,47.3,1.087312731383618e-07
Park-Fav,MFGP,47,47.4,1.087312731383618e-07
Park-Fav,MFGP,47,47.5,1.087312731383618e-07
Park-Fav,MFGP,47,48.5,1.087312731383618e-07
Park-Fav,MFGP,47,48.6,1.087312731383618e-07
Park-Fav,MFGP,47,48.7,1.087312731383618e-07
Park-Fav,MFGP,47,48.8,1.087312731383618e-07
Park-Fav,MFGP,47,48.9,1.087312731383618e-07
Park-Fav,MFGP,47,49.0,1.087312731383618e-07
Park-Fav,MFGP,47,49.1,1.087312731383618e-07
Park-Fav,MFGP,47,49.2,1.087312731383618e-07
Park-Fav,MFGP,47,49.3,1.087312731383618e-07
Park-Fav,MFGP,47,49.4,1.087312731383618e-07
Park-Fav,MFGP,47,49.5,1.087312731383618e-07
Park-Fav,MFGP,47,49.6,1.087312731383618e-07
Park-Fav,MFGP,47,49.7,1.087312731383618e-07
Park-Fav,MFGP,47,49.8,1.087312731383618e-07
Park-Fav,MFGP,47,49.9,1.087312731383618e-07
Park-Fav,MFGP,48,4.5,1.560885138775958e-07
Park-Fav,MFGP,48,4.6,1.560885138775958e-07
Park-Fav,MFGP,48,4.7,1.560885138775958e-07
Park-Fav,MFGP,48,4.8,1.560885138775958e-07
Park-Fav,MFGP,48,4.9,1.560885138775958e-07
Park-Fav,MFGP,48,5.0,1.560885138775958e-07
Park-Fav,MFGP,48,5.1,1.560885138775958e-07
Park-Fav,MFGP,48,5.2,1.560885138775958e-07
Park-Fav,MFGP,48,5.3,1.560885138775958e-07
Park-Fav,MFGP,48,5.4,1.560885138775958e-07
Park-Fav,MFGP,48,5.5,1.560885138775958e-07
Park-Fav,MFGP,48,6.5,1.560885138775958e-07
Park-Fav,MFGP,48,6.6,1.560885138775958e-07
Park-Fav,MFGP,48,6.7,1.560885138775958e-07
Park-Fav,MFGP,48,6.8,1.560885138775958e-07
Park-Fav,MFGP,48,6.9,1.560885138775958e-07
Park-Fav,MFGP,48,7.0,1.560885138775958e-07
Park-Fav,MFGP,48,7.1,1.560885138775958e-07
Park-Fav,MFGP,48,7.2,1.560885138775958e-07
Park-Fav,MFGP,48,7.3,1.560885138775958e-07
Park-Fav,MFGP,48,7.4,1.560885138775958e-07
Park-Fav,MFGP,48,7.5,1.560885138775958e-07
Park-Fav,MFGP,48,8.5,1.560885138775958e-07
Park-Fav,MFGP,48,8.6,1.560885138775958e-07
Park-Fav,MFGP,48,8.7,1.560885138775958e-07
Park-Fav,MFGP,48,8.8,1.560885138775958e-07
Park-Fav,MFGP,48,8.9,1.560885138775958e-07
Park-Fav,MFGP,48,9.0,1.560885138775958e-07
Park-Fav,MFGP,48,9.1,1.560885138775958e-07
Park-Fav,MFGP,48,9.2,1.560885138775958e-07
Park-Fav,MFGP,48,9.3,1.560885138775958e-07
Park-Fav,MFGP,48,9.4,1.560885138775958e-07
Park-Fav,MFGP,48,9.5,1.560885138775958e-07
Park-Fav,MFGP,48,10.5,1.560885138775958e-07
Park-Fav,MFGP,48,10.6,1.560885138775958e-07
Park-Fav,MFGP,48,10.7,1.560885138775958e-07
Park-Fav,MFGP,48,10.8,1.560885138775958e-07
Park-Fav,MFGP,48,10.9,1.560885138775958e-07
Park-Fav,MFGP,48,11.0,1.560885138775958e-07
Park-Fav,MFGP,48,11.1,1.560885138775958e-07
Park-Fav,MFGP,48,11.2,1.560885138775958e-07
Park-Fav,MFGP,48,11.3,1.560885138775958e-07
Park-Fav,MFGP,48,11.4,1.560885138775958e-07
Park-Fav,MFGP,48,11.5,1.560885138775958e-07
Park-Fav,MFGP,48,12.5,1.560885138775958e-07
Park-Fav,MFGP,48,12.6,1.560885138775958e-07
Park-Fav,MFGP,48,12.7,1.560885138775958e-07
Park-Fav,MFGP,48,12.8,1.560885138775958e-07
Park-Fav,MFGP,48,12.9,1.560885138775958e-07
Park-Fav,MFGP,48,13.0,1.560885138775958e-07
Park-Fav,MFGP,48,13.1,1.560885138775958e-07
Park-Fav,MFGP,48,13.2,1.560885138775958e-07
Park-Fav,MFGP,48,13.3,1.560885138775958e-07
Park-Fav,MFGP,48,13.4,1.560885138775958e-07
Park-Fav,MFGP,48,13.5,1.560885138775958e-07
Park-Fav,MFGP,48,14.5,1.560885138775958e-07
Park-Fav,MFGP,48,14.6,1.560885138775958e-07
Park-Fav,MFGP,48,14.7,1.560885138775958e-07
Park-Fav,MFGP,48,14.8,1.560885138775958e-07
Park-Fav,MFGP,48,14.9,1.560885138775958e-07
Park-Fav,MFGP,48,15.0,1.560885138775958e-07
Park-Fav,MFGP,48,15.1,1.560885138775958e-07
Park-Fav,MFGP,48,15.2,1.560885138775958e-07
Park-Fav,MFGP,48,15.3,1.560885138775958e-07
Park-Fav,MFGP,48,15.4,1.560885138775958e-07
Park-Fav,MFGP,48,15.5,1.560885138775958e-07
Park-Fav,MFGP,48,16.5,1.560885138775958e-07
Park-Fav,MFGP,48,16.6,1.560885138775958e-07
Park-Fav,MFGP,48,16.7,1.560885138775958e-07
Park-Fav,MFGP,48,16.8,1.560885138775958e-07
Park-Fav,MFGP,48,16.9,1.560885138775958e-07
Park-Fav,MFGP,48,17.0,1.560885138775958e-07
Park-Fav,MFGP,48,17.1,1.560885138775958e-07
Park-Fav,MFGP,48,17.2,1.560885138775958e-07
Park-Fav,MFGP,48,17.3,1.560885138775958e-07
Park-Fav,MFGP,48,17.4,1.560885138775958e-07
Park-Fav,MFGP,48,17.5,1.560885138775958e-07
Park-Fav,MFGP,48,18.5,1.560885138775958e-07
Park-Fav,MFGP,48,18.6,1.560885138775958e-07
Park-Fav,MFGP,48,18.7,1.560885138775958e-07
Park-Fav,MFGP,48,18.8,1.560885138775958e-07
Park-Fav,MFGP,48,18.9,1.560885138775958e-07
Park-Fav,MFGP,48,19.0,1.560885138775958e-07
Park-Fav,MFGP,48,19.1,1.560885138775958e-07
Park-Fav,MFGP,48,19.2,1.560885138775958e-07
Park-Fav,MFGP,48,19.3,1.560885138775958e-07
Park-Fav,MFGP,48,19.4,1.560885138775958e-07
Park-Fav,MFGP,48,19.5,1.560885138775958e-07
Park-Fav,MFGP,48,20.5,1.560885138775958e-07
Park-Fav,MFGP,48,20.6,1.560885138775958e-07
Park-Fav,MFGP,48,20.7,1.560885138775958e-07
Park-Fav,MFGP,48,20.8,1.560885138775958e-07
Park-Fav,MFGP,48,20.9,1.560885138775958e-07
Park-Fav,MFGP,48,21.0,1.560885138775958e-07
Park-Fav,MFGP,48,21.1,1.560885138775958e-07
Park-Fav,MFGP,48,21.2,1.560885138775958e-07
Park-Fav,MFGP,48,21.3,1.560885138775958e-07
Park-Fav,MFGP,48,21.4,1.560885138775958e-07
Park-Fav,MFGP,48,21.5,1.560885138775958e-07
Park-Fav,MFGP,48,22.5,1.560885138775958e-07
Park-Fav,MFGP,48,22.6,1.560885138775958e-07
Park-Fav,MFGP,48,22.7,1.560885138775958e-07
Park-Fav,MFGP,48,22.8,1.560885138775958e-07
Park-Fav,MFGP,48,22.9,1.560885138775958e-07
Park-Fav,MFGP,48,23.0,1.560885138775958e-07
Park-Fav,MFGP,48,23.1,1.560885138775958e-07
Park-Fav,MFGP,48,23.2,1.560885138775958e-07
Park-Fav,MFGP,48,23.3,1.560885138775958e-07
Park-Fav,MFGP,48,23.4,1.560885138775958e-07
Park-Fav,MFGP,48,23.5,1.560885138775958e-07
Park-Fav,MFGP,48,24.5,1.560885138775958e-07
Park-Fav,MFGP,48,24.6,1.560885138775958e-07
Park-Fav,MFGP,48,24.7,1.560885138775958e-07
Park-Fav,MFGP,48,24.8,1.560885138775958e-07
Park-Fav,MFGP,48,24.9,1.560885138775958e-07
Park-Fav,MFGP,48,25.0,1.560885138775958e-07
Park-Fav,MFGP,48,25.1,1.560885138775958e-07
Park-Fav,MFGP,48,25.2,1.560885138775958e-07
Park-Fav,MFGP,48,25.3,1.560885138775958e-07
Park-Fav,MFGP,48,25.4,1.560885138775958e-07
Park-Fav,MFGP,48,25.5,1.560885138775958e-07
Park-Fav,MFGP,48,26.5,1.560885138775958e-07
Park-Fav,MFGP,48,26.6,1.560885138775958e-07
Park-Fav,MFGP,48,26.7,1.560885138775958e-07
Park-Fav,MFGP,48,26.8,1.560885138775958e-07
Park-Fav,MFGP,48,26.9,1.560885138775958e-07
Park-Fav,MFGP,48,27.0,1.560885138775958e-07
Park-Fav,MFGP,48,27.1,1.560885138775958e-07
Park-Fav,MFGP,48,27.2,1.560885138775958e-07
Park-Fav,MFGP,48,27.3,1.560885138775958e-07
Park-Fav,MFGP,48,27.4,1.560885138775958e-07
Park-Fav,MFGP,48,27.5,1.560885138775958e-07
Park-Fav,MFGP,48,28.5,1.560885138775958e-07
Park-Fav,MFGP,48,28.6,1.560885138775958e-07
Park-Fav,MFGP,48,28.7,1.560885138775958e-07
Park-Fav,MFGP,48,28.8,1.560885138775958e-07
Park-Fav,MFGP,48,28.9,1.560885138775958e-07
Park-Fav,MFGP,48,29.0,1.560885138775958e-07
Park-Fav,MFGP,48,29.1,1.560885138775958e-07
Park-Fav,MFGP,48,29.2,1.560885138775958e-07
Park-Fav,MFGP,48,29.3,1.560885138775958e-07
Park-Fav,MFGP,48,29.4,1.560885138775958e-07
Park-Fav,MFGP,48,29.5,1.560885138775958e-07
Park-Fav,MFGP,48,30.5,1.560885138775958e-07
Park-Fav,MFGP,48,30.6,1.560885138775958e-07
Park-Fav,MFGP,48,30.7,1.560885138775958e-07
Park-Fav,MFGP,48,30.8,1.560885138775958e-07
Park-Fav,MFGP,48,30.9,1.560885138775958e-07
Park-Fav,MFGP,48,31.0,1.560885138775958e-07
Park-Fav,MFGP,48,31.1,1.560885138775958e-07
Park-Fav,MFGP,48,31.2,1.560885138775958e-07
Park-Fav,MFGP,48,31.3,1.560885138775958e-07
Park-Fav,MFGP,48,31.4,1.560885138775958e-07
Park-Fav,MFGP,48,31.5,1.560885138775958e-07
Park-Fav,MFGP,48,32.5,1.560885138775958e-07
Park-Fav,MFGP,48,32.6,1.560885138775958e-07
Park-Fav,MFGP,48,32.7,1.560885138775958e-07
Park-Fav,MFGP,48,32.8,1.560885138775958e-07
Park-Fav,MFGP,48,32.9,1.560885138775958e-07
Park-Fav,MFGP,48,33.0,1.560885138775958e-07
Park-Fav,MFGP,48,33.1,1.560885138775958e-07
Park-Fav,MFGP,48,33.2,1.560885138775958e-07
Park-Fav,MFGP,48,33.3,1.560885138775958e-07
Park-Fav,MFGP,48,33.4,1.560885138775958e-07
Park-Fav,MFGP,48,33.5,1.560885138775958e-07
Park-Fav,MFGP,48,34.5,1.560885138775958e-07
Park-Fav,MFGP,48,34.6,1.560885138775958e-07
Park-Fav,MFGP,48,34.7,1.560885138775958e-07
Park-Fav,MFGP,48,34.8,1.560885138775958e-07
Park-Fav,MFGP,48,34.9,1.560885138775958e-07
Park-Fav,MFGP,48,35.0,1.560885138775958e-07
Park-Fav,MFGP,48,35.1,1.560885138775958e-07
Park-Fav,MFGP,48,35.2,1.560885138775958e-07
Park-Fav,MFGP,48,35.3,1.560885138775958e-07
Park-Fav,MFGP,48,35.4,1.560885138775958e-07
Park-Fav,MFGP,48,35.5,1.560885138775958e-07
Park-Fav,MFGP,48,36.5,1.560885138775958e-07
Park-Fav,MFGP,48,36.6,1.560885138775958e-07
Park-Fav,MFGP,48,36.7,1.560885138775958e-07
Park-Fav,MFGP,48,36.8,1.560885138775958e-07
Park-Fav,MFGP,48,36.9,1.560885138775958e-07
Park-Fav,MFGP,48,37.0,1.560885138775958e-07
Park-Fav,MFGP,48,37.1,1.560885138775958e-07
Park-Fav,MFGP,48,37.2,1.560885138775958e-07
Park-Fav,MFGP,48,37.3,1.560885138775958e-07
Park-Fav,MFGP,48,37.4,1.560885138775958e-07
Park-Fav,MFGP,48,37.5,1.560885138775958e-07
Park-Fav,MFGP,48,38.5,1.560885138775958e-07
Park-Fav,MFGP,48,38.6,1.560885138775958e-07
Park-Fav,MFGP,48,38.7,1.560885138775958e-07
Park-Fav,MFGP,48,38.8,1.560885138775958e-07
Park-Fav,MFGP,48,38.9,1.560885138775958e-07
Park-Fav,MFGP,48,39.0,1.560885138775958e-07
Park-Fav,MFGP,48,39.1,1.560885138775958e-07
Park-Fav,MFGP,48,39.2,1.560885138775958e-07
Park-Fav,MFGP,48,39.3,1.560885138775958e-07
Park-Fav,MFGP,48,39.4,1.560885138775958e-07
Park-Fav,MFGP,48,39.5,1.560885138775958e-07
Park-Fav,MFGP,48,40.5,1.560885138775958e-07
Park-Fav,MFGP,48,40.6,1.560885138775958e-07
Park-Fav,MFGP,48,40.7,1.560885138775958e-07
Park-Fav,MFGP,48,40.8,1.560885138775958e-07
Park-Fav,MFGP,48,40.9,1.560885138775958e-07
Park-Fav,MFGP,48,41.0,1.560885138775958e-07
Park-Fav,MFGP,48,41.1,1.560885138775958e-07
Park-Fav,MFGP,48,41.2,1.560885138775958e-07
Park-Fav,MFGP,48,41.3,1.560885138775958e-07
Park-Fav,MFGP,48,41.4,1.560885138775958e-07
Park-Fav,MFGP,48,41.5,1.560885138775958e-07
Park-Fav,MFGP,48,42.5,1.560885138775958e-07
Park-Fav,MFGP,48,42.6,1.560885138775958e-07
Park-Fav,MFGP,48,42.7,1.560885138775958e-07
Park-Fav,MFGP,48,42.8,1.560885138775958e-07
Park-Fav,MFGP,48,42.9,1.560885138775958e-07
Park-Fav,MFGP,48,43.0,1.560885138775958e-07
Park-Fav,MFGP,48,43.1,1.560885138775958e-07
Park-Fav,MFGP,48,43.2,1.560885138775958e-07
Park-Fav,MFGP,48,43.3,1.560885138775958e-07
Park-Fav,MFGP,48,43.4,1.560885138775958e-07
Park-Fav,MFGP,48,43.5,1.560885138775958e-07
Park-Fav,MFGP,48,44.5,1.560885138775958e-07
Park-Fav,MFGP,48,44.6,1.560885138775958e-07
Park-Fav,MFGP,48,44.7,1.560885138775958e-07
Park-Fav,MFGP,48,44.8,1.560885138775958e-07
Park-Fav,MFGP,48,44.9,1.560885138775958e-07
Park-Fav,MFGP,48,45.0,1.560885138775958e-07
Park-Fav,MFGP,48,45.1,1.560885138775958e-07
Park-Fav,MFGP,48,45.2,1.560885138775958e-07
Park-Fav,MFGP,48,45.3,1.560885138775958e-07
Park-Fav,MFGP,48,45.4,1.560885138775958e-07
Park-Fav,MFGP,48,45.5,1.560885138775958e-07
Park-Fav,MFGP,48,46.5,1.087312731383618e-07
Park-Fav,MFGP,48,46.6,1.087312731383618e-07
Park-Fav,MFGP,48,46.7,1.087312731383618e-07
Park-Fav,MFGP,48,46.8,1.087312731383618e-07
Park-Fav,MFGP,48,46.9,1.087312731383618e-07
Park-Fav,MFGP,48,47.0,1.087312731383618e-07
Park-Fav,MFGP,48,47.1,1.087312731383618e-07
Park-Fav,MFGP,48,47.2,1.087312731383618e-07
Park-Fav,MFGP,48,47.3,1.087312731383618e-07
Park-Fav,MFGP,48,47.4,1.087312731383618e-07
Park-Fav,MFGP,48,47.5,1.087312731383618e-07
Park-Fav,MFGP,48,48.5,1.087312731383618e-07
Park-Fav,MFGP,48,48.6,1.087312731383618e-07
Park-Fav,MFGP,48,48.7,1.087312731383618e-07
Park-Fav,MFGP,48,48.8,1.087312731383618e-07
Park-Fav,MFGP,48,48.9,1.087312731383618e-07
Park-Fav,MFGP,48,49.0,1.087312731383618e-07
Park-Fav,MFGP,48,49.1,1.087312731383618e-07
Park-Fav,MFGP,48,49.2,1.087312731383618e-07
Park-Fav,MFGP,48,49.3,1.087312731383618e-07
Park-Fav,MFGP,48,49.4,1.087312731383618e-07
Park-Fav,MFGP,48,49.5,1.087312731383618e-07
Park-Fav,MFGP,48,49.6,1.087312731383618e-07
Park-Fav,MFGP,48,49.7,1.087312731383618e-07
Park-Fav,MFGP,48,49.8,1.087312731383618e-07
Park-Fav,MFGP,48,49.9,1.087312731383618e-07
Park-Fav,MFGP,49,4.5,5.044878790451775
Park-Fav,MFGP,49,4.6,5.044878790451775
Park-Fav,MFGP,49,4.7,5.044878790451775
Park-Fav,MFGP,49,4.8,5.044878790451775
Park-Fav,MFGP,49,4.9,5.044878790451775
Park-Fav,MFGP,49,5.0,5.044878790451775
Park-Fav,MFGP,49,5.1,5.044878790451775
Park-Fav,MFGP,49,5.2,5.044878790451775
Park-Fav,MFGP,49,5.3,5.044878790451775
Park-Fav,MFGP,49,5.4,5.044878790451775
Park-Fav,MFGP,49,5.5,5.044878790451775
Park-Fav,MFGP,49,6.5,1.087312731383618e-07
Park-Fav,MFGP,49,6.6,1.087312731383618e-07
Park-Fav,MFGP,49,6.7,1.087312731383618e-07
Park-Fav,MFGP,49,6.8,1.087312731383618e-07
Park-Fav,MFGP,49,6.9,1.087312731383618e-07
Park-Fav,MFGP,49,7.0,1.087312731383618e-07
Park-Fav,MFGP,49,7.1,1.087312731383618e-07
Park-Fav,MFGP,49,7.2,1.087312731383618e-07
Park-Fav,MFGP,49,7.3,1.087312731383618e-07
Park-Fav,MFGP,49,7.4,1.087312731383618e-07
Park-Fav,MFGP,49,7.5,1.087312731383618e-07
Park-Fav,MFGP,49,8.5,1.087312731383618e-07
Park-Fav,MFGP,49,8.6,1.087312731383618e-07
Park-Fav,MFGP,49,8.7,1.087312731383618e-07
Park-Fav,MFGP,49,8.8,1.087312731383618e-07
Park-Fav,MFGP,49,8.9,1.087312731383618e-07
Park-Fav,MFGP,49,9.0,1.087312731383618e-07
Park-Fav,MFGP,49,9.1,1.087312731383618e-07
Park-Fav,MFGP,49,9.2,1.087312731383618e-07
Park-Fav,MFGP,49,9.3,1.087312731383618e-07
Park-Fav,MFGP,49,9.4,1.087312731383618e-07
Park-Fav,MFGP,49,9.5,1.087312731383618e-07
Park-Fav,MFGP,49,10.5,1.087312731383618e-07
Park-Fav,MFGP,49,10.6,1.087312731383618e-07
Park-Fav,MFGP,49,10.7,1.087312731383618e-07
Park-Fav,MFGP,49,10.8,1.087312731383618e-07
Park-Fav,MFGP,49,10.9,1.087312731383618e-07
Park-Fav,MFGP,49,11.0,1.087312731383618e-07
Park-Fav,MFGP,49,11.1,1.087312731383618e-07
Park-Fav,MFGP,49,11.2,1.087312731383618e-07
Park-Fav,MFGP,49,11.3,1.087312731383618e-07
Park-Fav,MFGP,49,11.4,1.087312731383618e-07
Park-Fav,MFGP,49,11.5,1.087312731383618e-07
Park-Fav,MFGP,49,12.5,1.087312731383618e-07
Park-Fav,MFGP,49,12.6,1.087312731383618e-07
Park-Fav,MFGP,49,12.7,1.087312731383618e-07
Park-Fav,MFGP,49,12.8,1.087312731383618e-07
Park-Fav,MFGP,49,12.9,1.087312731383618e-07
Park-Fav,MFGP,49,13.0,1.087312731383618e-07
Park-Fav,MFGP,49,13.1,1.087312731383618e-07
Park-Fav,MFGP,49,13.2,1.087312731383618e-07
Park-Fav,MFGP,49,13.3,1.087312731383618e-07
Park-Fav,MFGP,49,13.4,1.087312731383618e-07
Park-Fav,MFGP,49,13.5,1.087312731383618e-07
Park-Fav,MFGP,49,14.5,1.087312731383618e-07
Park-Fav,MFGP,49,14.6,1.087312731383618e-07
Park-Fav,MFGP,49,14.7,1.087312731383618e-07
Park-Fav,MFGP,49,14.8,1.087312731383618e-07
Park-Fav,MFGP,49,14.9,1.087312731383618e-07
Park-Fav,MFGP,49,15.0,1.087312731383618e-07
Park-Fav,MFGP,49,15.1,1.087312731383618e-07
Park-Fav,MFGP,49,15.2,1.087312731383618e-07
Park-Fav,MFGP,49,15.3,1.087312731383618e-07
Park-Fav,MFGP,49,15.4,1.087312731383618e-07
Park-Fav,MFGP,49,15.5,1.087312731383618e-07
Park-Fav,MFGP,49,16.5,1.087312731383618e-07
Park-Fav,MFGP,49,16.6,1.087312731383618e-07
Park-Fav,MFGP,49,16.7,1.087312731383618e-07
Park-Fav,MFGP,49,16.8,1.087312731383618e-07
Park-Fav,MFGP,49,16.9,1.087312731383618e-07
Park-Fav,MFGP,49,17.0,1.087312731383618e-07
Park-Fav,MFGP,49,17.1,1.087312731383618e-07
Park-Fav,MFGP,49,17.2,1.087312731383618e-07
Park-Fav,MFGP,49,17.3,1.087312731383618e-07
Park-Fav,MFGP,49,17.4,1.087312731383618e-07
Park-Fav,MFGP,49,17.5,1.087312731383618e-07
Park-Fav,MFGP,49,18.5,1.087312731383618e-07
Park-Fav,MFGP,49,18.6,1.087312731383618e-07
Park-Fav,MFGP,49,18.7,1.087312731383618e-07
Park-Fav,MFGP,49,18.8,1.087312731383618e-07
Park-Fav,MFGP,49,18.9,1.087312731383618e-07
Park-Fav,MFGP,49,19.0,1.087312731383618e-07
Park-Fav,MFGP,49,19.1,1.087312731383618e-07
Park-Fav,MFGP,49,19.2,1.087312731383618e-07
Park-Fav,MFGP,49,19.3,1.087312731383618e-07
Park-Fav,MFGP,49,19.4,1.087312731383618e-07
Park-Fav,MFGP,49,19.5,1.087312731383618e-07
Park-Fav,MFGP,49,20.5,1.087312731383618e-07
Park-Fav,MFGP,49,20.6,1.087312731383618e-07
Park-Fav,MFGP,49,20.7,1.087312731383618e-07
Park-Fav,MFGP,49,20.8,1.087312731383618e-07
Park-Fav,MFGP,49,20.9,1.087312731383618e-07
Park-Fav,MFGP,49,21.0,1.087312731383618e-07
Park-Fav,MFGP,49,21.1,1.087312731383618e-07
Park-Fav,MFGP,49,21.2,1.087312731383618e-07
Park-Fav,MFGP,49,21.3,1.087312731383618e-07
Park-Fav,MFGP,49,21.4,1.087312731383618e-07
Park-Fav,MFGP,49,21.5,1.087312731383618e-07
Park-Fav,MFGP,49,22.5,1.087312731383618e-07
Park-Fav,MFGP,49,22.6,1.087312731383618e-07
Park-Fav,MFGP,49,22.7,1.087312731383618e-07
Park-Fav,MFGP,49,22.8,1.087312731383618e-07
Park-Fav,MFGP,49,22.9,1.087312731383618e-07
Park-Fav,MFGP,49,23.0,1.087312731383618e-07
Park-Fav,MFGP,49,23.1,1.087312731383618e-07
Park-Fav,MFGP,49,23.2,1.087312731383618e-07
Park-Fav,MFGP,49,23.3,1.087312731383618e-07
Park-Fav,MFGP,49,23.4,1.087312731383618e-07
Park-Fav,MFGP,49,23.5,1.087312731383618e-07
Park-Fav,MFGP,49,24.5,1.087312731383618e-07
Park-Fav,MFGP,49,24.6,1.087312731383618e-07
Park-Fav,MFGP,49,24.7,1.087312731383618e-07
Park-Fav,MFGP,49,24.8,1.087312731383618e-07
Park-Fav,MFGP,49,24.9,1.087312731383618e-07
Park-Fav,MFGP,49,25.0,1.087312731383618e-07
Park-Fav,MFGP,49,25.1,1.087312731383618e-07
Park-Fav,MFGP,49,25.2,1.087312731383618e-07
Park-Fav,MFGP,49,25.3,1.087312731383618e-07
Park-Fav,MFGP,49,25.4,1.087312731383618e-07
Park-Fav,MFGP,49,25.5,1.087312731383618e-07
Park-Fav,MFGP,49,26.5,1.087312731383618e-07
Park-Fav,MFGP,49,26.6,1.087312731383618e-07
Park-Fav,MFGP,49,26.7,1.087312731383618e-07
Park-Fav,MFGP,49,26.8,1.087312731383618e-07
Park-Fav,MFGP,49,26.9,1.087312731383618e-07
Park-Fav,MFGP,49,27.0,1.087312731383618e-07
Park-Fav,MFGP,49,27.1,1.087312731383618e-07
Park-Fav,MFGP,49,27.2,1.087312731383618e-07
Park-Fav,MFGP,49,27.3,1.087312731383618e-07
Park-Fav,MFGP,49,27.4,1.087312731383618e-07
Park-Fav,MFGP,49,27.5,1.087312731383618e-07
Park-Fav,MFGP,49,28.5,1.087312731383618e-07
Park-Fav,MFGP,49,28.6,1.087312731383618e-07
Park-Fav,MFGP,49,28.7,1.087312731383618e-07
Park-Fav,MFGP,49,28.8,1.087312731383618e-07
Park-Fav,MFGP,49,28.9,1.087312731383618e-07
Park-Fav,MFGP,49,29.0,1.087312731383618e-07
Park-Fav,MFGP,49,29.1,1.087312731383618e-07
Park-Fav,MFGP,49,29.2,1.087312731383618e-07
Park-Fav,MFGP,49,29.3,1.087312731383618e-07
Park-Fav,MFGP,49,29.4,1.087312731383618e-07
Park-Fav,MFGP,49,29.5,1.087312731383618e-07
Park-Fav,MFGP,49,30.5,1.087312731383618e-07
Park-Fav,MFGP,49,30.6,1.087312731383618e-07
Park-Fav,MFGP,49,30.7,1.087312731383618e-07
Park-Fav,MFGP,49,30.8,1.087312731383618e-07
Park-Fav,MFGP,49,30.9,1.087312731383618e-07
Park-Fav,MFGP,49,31.0,1.087312731383618e-07
Park-Fav,MFGP,49,31.1,1.087312731383618e-07
Park-Fav,MFGP,49,31.2,1.087312731383618e-07
Park-Fav,MFGP,49,31.3,1.087312731383618e-07
Park-Fav,MFGP,49,31.4,1.087312731383618e-07
Park-Fav,MFGP,49,31.5,1.087312731383618e-07
Park-Fav,MFGP,49,32.5,1.087312731383618e-07
Park-Fav,MFGP,49,32.6,1.087312731383618e-07
Park-Fav,MFGP,49,32.7,1.087312731383618e-07
Park-Fav,MFGP,49,32.8,1.087312731383618e-07
Park-Fav,MFGP,49,32.9,1.087312731383618e-07
Park-Fav,MFGP,49,33.0,1.087312731383618e-07
Park-Fav,MFGP,49,33.1,1.087312731383618e-07
Park-Fav,MFGP,49,33.2,1.087312731383618e-07
Park-Fav,MFGP,49,33.3,1.087312731383618e-07
Park-Fav,MFGP,49,33.4,1.087312731383618e-07
Park-Fav,MFGP,49,33.5,1.087312731383618e-07
Park-Fav,MFGP,49,34.5,1.087312731383618e-07
Park-Fav,MFGP,49,34.6,1.087312731383618e-07
Park-Fav,MFGP,49,34.7,1.087312731383618e-07
Park-Fav,MFGP,49,34.8,1.087312731383618e-07
Park-Fav,MFGP,49,34.9,1.087312731383618e-07
Park-Fav,MFGP,49,35.0,1.087312731383618e-07
Park-Fav,MFGP,49,35.1,1.087312731383618e-07
Park-Fav,MFGP,49,35.2,1.087312731383618e-07
Park-Fav,MFGP,49,35.3,1.087312731383618e-07
Park-Fav,MFGP,49,35.4,1.087312731383618e-07
Park-Fav,MFGP,49,35.5,1.087312731383618e-07
Park-Fav,MFGP,49,36.5,1.087312731383618e-07
Park-Fav,MFGP,49,36.6,1.087312731383618e-07
Park-Fav,MFGP,49,36.7,1.087312731383618e-07
Park-Fav,MFGP,49,36.8,1.087312731383618e-07
Park-Fav,MFGP,49,36.9,1.087312731383618e-07
Park-Fav,MFGP,49,37.0,1.087312731383618e-07
Park-Fav,MFGP,49,37.1,1.087312731383618e-07
Park-Fav,MFGP,49,37.2,1.087312731383618e-07
Park-Fav,MFGP,49,37.3,1.087312731383618e-07
Park-Fav,MFGP,49,37.4,1.087312731383618e-07
Park-Fav,MFGP,49,37.5,1.087312731383618e-07
Park-Fav,MFGP,49,38.5,1.087312731383618e-07
Park-Fav,MFGP,49,38.6,1.087312731383618e-07
Park-Fav,MFGP,49,38.7,1.087312731383618e-07
Park-Fav,MFGP,49,38.8,1.087312731383618e-07
Park-Fav,MFGP,49,38.9,1.087312731383618e-07
Park-Fav,MFGP,49,39.0,1.087312731383618e-07
Park-Fav,MFGP,49,39.1,1.087312731383618e-07
Park-Fav,MFGP,49,39.2,1.087312731383618e-07
Park-Fav,MFGP,49,39.3,1.087312731383618e-07
Park-Fav,MFGP,49,39.4,1.087312731383618e-07
Park-Fav,MFGP,49,39.5,1.087312731383618e-07
Park-Fav,MFGP,49,40.5,1.087312731383618e-07
Park-Fav,MFGP,49,40.6,1.087312731383618e-07
Park-Fav,MFGP,49,40.7,1.087312731383618e-07
Park-Fav,MFGP,49,40.8,1.087312731383618e-07
Park-Fav,MFGP,49,40.9,1.087312731383618e-07
Park-Fav,MFGP,49,41.0,1.087312731383618e-07
Park-Fav,MFGP,49,41.1,1.087312731383618e-07
Park-Fav,MFGP,49,41.2,1.087312731383618e-07
Park-Fav,MFGP,49,41.3,1.087312731383618e-07
Park-Fav,MFGP,49,41.4,1.087312731383618e-07
Park-Fav,MFGP,49,41.5,1.087312731383618e-07
Park-Fav,MFGP,49,42.5,1.087312731383618e-07
Park-Fav,MFGP,49,42.6,1.087312731383618e-07
Park-Fav,MFGP,49,42.7,1.087312731383618e-07
Park-Fav,MFGP,49,42.8,1.087312731383618e-07
Park-Fav,MFGP,49,42.9,1.087312731383618e-07
Park-Fav,MFGP,49,43.0,1.087312731383618e-07
Park-Fav,MFGP,49,43.1,1.087312731383618e-07
Park-Fav,MFGP,49,43.2,1.087312731383618e-07
Park-Fav,MFGP,49,43.3,1.087312731383618e-07
Park-Fav,MFGP,49,43.4,1.087312731383618e-07
Park-Fav,MFGP,49,43.5,1.087312731383618e-07
Park-Fav,MFGP,49,44.5,1.087312731383618e-07
Park-Fav,MFGP,49,44.6,1.087312731383618e-07
Park-Fav,MFGP,49,44.7,1.087312731383618e-07
Park-Fav,MFGP,49,44.8,1.087312731383618e-07
Park-Fav,MFGP,49,44.9,1.087312731383618e-07
Park-Fav,MFGP,49,45.0,1.087312731383618e-07
Park-Fav,MFGP,49,45.1,1.087312731383618e-07
Park-Fav,MFGP,49,45.2,1.087312731383618e-07
Park-Fav,MFGP,49,45.3,1.087312731383618e-07
Park-Fav,MFGP,49,45.4,1.087312731383618e-07
Park-Fav,MFGP,49,45.5,1.087312731383618e-07
Park-Fav,MFGP,49,46.5,1.087312731383618e-07
Park-Fav,MFGP,49,46.6,1.087312731383618e-07
Park-Fav,MFGP,49,46.7,1.087312731383618e-07
Park-Fav,MFGP,49,46.8,1.087312731383618e-07
Park-Fav,MFGP,49,46.9,1.087312731383618e-07
Park-Fav,MFGP,49,47.0,1.087312731383618e-07
Park-Fav,MFGP,49,47.1,1.087312731383618e-07
Park-Fav,MFGP,49,47.2,1.087312731383618e-07
Park-Fav,MFGP,49,47.3,1.087312731383618e-07
Park-Fav,MFGP,49,47.4,1.087312731383618e-07
Park-Fav,MFGP,49,47.5,1.087312731383618e-07
Park-Fav,MFGP,49,48.5,1.087312731383618e-07
Park-Fav,MFGP,49,48.6,1.087312731383618e-07
Park-Fav,MFGP,49,48.7,1.087312731383618e-07
Park-Fav,MFGP,49,48.8,1.087312731383618e-07
Park-Fav,MFGP,49,48.9,1.087312731383618e-07
Park-Fav,MFGP,49,49.0,1.087312731383618e-07
Park-Fav,MFGP,49,49.1,1.087312731383618e-07
Park-Fav,MFGP,49,49.2,1.087312731383618e-07
Park-Fav,MFGP,49,49.3,1.087312731383618e-07
Park-Fav,MFGP,49,49.4,1.087312731383618e-07
Park-Fav,MFGP,49,49.5,1.087312731383618e-07
Park-Fav,MFGP,49,49.6,1.087312731383618e-07
Park-Fav,MFGP,49,49.7,1.087312731383618e-07
Park-Fav,MFGP,49,49.8,1.087312731383618e-07
Park-Fav,MFGP,49,49.9,1.087312731383618e-07
Park-Fav,MFGP,50,4.5,1.087312731383618e-07
Park-Fav,MFGP,50,4.6,1.087312731383618e-07
Park-Fav,MFGP,50,4.7,1.087312731383618e-07
Park-Fav,MFGP,50,4.8,1.087312731383618e-07
Park-Fav,MFGP,50,4.9,1.087312731383618e-07
Park-Fav,MFGP,50,5.0,1.087312731383618e-07
Park-Fav,MFGP,50,5.1,1.087312731383618e-07
Park-Fav,MFGP,50,5.2,1.087312731383618e-07
Park-Fav,MFGP,50,5.3,1.087312731383618e-07
Park-Fav,MFGP,50,5.4,1.087312731383618e-07
Park-Fav,MFGP,50,5.5,1.087312731383618e-07
Park-Fav,MFGP,50,6.5,1.087312731383618e-07
Park-Fav,MFGP,50,6.6,1.087312731383618e-07
Park-Fav,MFGP,50,6.7,1.087312731383618e-07
Park-Fav,MFGP,50,6.8,1.087312731383618e-07
Park-Fav,MFGP,50,6.9,1.087312731383618e-07
Park-Fav,MFGP,50,7.0,1.087312731383618e-07
Park-Fav,MFGP,50,7.1,1.087312731383618e-07
Park-Fav,MFGP,50,7.2,1.087312731383618e-07
Park-Fav,MFGP,50,7.3,1.087312731383618e-07
Park-Fav,MFGP,50,7.4,1.087312731383618e-07
Park-Fav,MFGP,50,7.5,1.087312731383618e-07
Park-Fav,MFGP,50,8.5,1.087312731383618e-07
Park-Fav,MFGP,50,8.6,1.087312731383618e-07
Park-Fav,MFGP,50,8.7,1.087312731383618e-07
Park-Fav,MFGP,50,8.8,1.087312731383618e-07
Park-Fav,MFGP,50,8.9,1.087312731383618e-07
Park-Fav,MFGP,50,9.0,1.087312731383618e-07
Park-Fav,MFGP,50,9.1,1.087312731383618e-07
Park-Fav,MFGP,50,9.2,1.087312731383618e-07
Park-Fav,MFGP,50,9.3,1.087312731383618e-07
Park-Fav,MFGP,50,9.4,1.087312731383618e-07
Park-Fav,MFGP,50,9.5,1.087312731383618e-07
Park-Fav,MFGP,50,10.5,1.087312731383618e-07
Park-Fav,MFGP,50,10.6,1.087312731383618e-07
Park-Fav,MFGP,50,10.7,1.087312731383618e-07
Park-Fav,MFGP,50,10.8,1.087312731383618e-07
Park-Fav,MFGP,50,10.9,1.087312731383618e-07
Park-Fav,MFGP,50,11.0,1.087312731383618e-07
Park-Fav,MFGP,50,11.1,1.087312731383618e-07
Park-Fav,MFGP,50,11.2,1.087312731383618e-07
Park-Fav,MFGP,50,11.3,1.087312731383618e-07
Park-Fav,MFGP,50,11.4,1.087312731383618e-07
Park-Fav,MFGP,50,11.5,1.087312731383618e-07
Park-Fav,MFGP,50,12.5,1.087312731383618e-07
Park-Fav,MFGP,50,12.6,1.087312731383618e-07
Park-Fav,MFGP,50,12.7,1.087312731383618e-07
Park-Fav,MFGP,50,12.8,1.087312731383618e-07
Park-Fav,MFGP,50,12.9,1.087312731383618e-07
Park-Fav,MFGP,50,13.0,1.087312731383618e-07
Park-Fav,MFGP,50,13.1,1.087312731383618e-07
Park-Fav,MFGP,50,13.2,1.087312731383618e-07
Park-Fav,MFGP,50,13.3,1.087312731383618e-07
Park-Fav,MFGP,50,13.4,1.087312731383618e-07
Park-Fav,MFGP,50,13.5,1.087312731383618e-07
Park-Fav,MFGP,50,14.5,1.087312731383618e-07
Park-Fav,MFGP,50,14.6,1.087312731383618e-07
Park-Fav,MFGP,50,14.7,1.087312731383618e-07
Park-Fav,MFGP,50,14.8,1.087312731383618e-07
Park-Fav,MFGP,50,14.9,1.087312731383618e-07
Park-Fav,MFGP,50,15.0,1.087312731383618e-07
Park-Fav,MFGP,50,15.1,1.087312731383618e-07
Park-Fav,MFGP,50,15.2,1.087312731383618e-07
Park-Fav,MFGP,50,15.3,1.087312731383618e-07
Park-Fav,MFGP,50,15.4,1.087312731383618e-07
Park-Fav,MFGP,50,15.5,1.087312731383618e-07
Park-Fav,MFGP,50,16.5,1.087312731383618e-07
Park-Fav,MFGP,50,16.6,1.087312731383618e-07
Park-Fav,MFGP,50,16.7,1.087312731383618e-07
Park-Fav,MFGP,50,16.8,1.087312731383618e-07
Park-Fav,MFGP,50,16.9,1.087312731383618e-07
Park-Fav,MFGP,50,17.0,1.087312731383618e-07
Park-Fav,MFGP,50,17.1,1.087312731383618e-07
Park-Fav,MFGP,50,17.2,1.087312731383618e-07
Park-Fav,MFGP,50,17.3,1.087312731383618e-07
Park-Fav,MFGP,50,17.4,1.087312731383618e-07
Park-Fav,MFGP,50,17.5,1.087312731383618e-07
Park-Fav,MFGP,50,18.5,1.087312731383618e-07
Park-Fav,MFGP,50,18.6,1.087312731383618e-07
Park-Fav,MFGP,50,18.7,1.087312731383618e-07
Park-Fav,MFGP,50,18.8,1.087312731383618e-07
Park-Fav,MFGP,50,18.9,1.087312731383618e-07
Park-Fav,MFGP,50,19.0,1.087312731383618e-07
Park-Fav,MFGP,50,19.1,1.087312731383618e-07
Park-Fav,MFGP,50,19.2,1.087312731383618e-07
Park-Fav,MFGP,50,19.3,1.087312731383618e-07
Park-Fav,MFGP,50,19.4,1.087312731383618e-07
Park-Fav,MFGP,50,19.5,1.087312731383618e-07
Park-Fav,MFGP,50,20.5,1.087312731383618e-07
Park-Fav,MFGP,50,20.6,1.087312731383618e-07
Park-Fav,MFGP,50,20.7,1.087312731383618e-07
Park-Fav,MFGP,50,20.8,1.087312731383618e-07
Park-Fav,MFGP,50,20.9,1.087312731383618e-07
Park-Fav,MFGP,50,21.0,1.087312731383618e-07
Park-Fav,MFGP,50,21.1,1.087312731383618e-07
Park-Fav,MFGP,50,21.2,1.087312731383618e-07
Park-Fav,MFGP,50,21.3,1.087312731383618e-07
Park-Fav,MFGP,50,21.4,1.087312731383618e-07
Park-Fav,MFGP,50,21.5,1.087312731383618e-07
Park-Fav,MFGP,50,22.5,1.087312731383618e-07
Park-Fav,MFGP,50,22.6,1.087312731383618e-07
Park-Fav,MFGP,50,22.7,1.087312731383618e-07
Park-Fav,MFGP,50,22.8,1.087312731383618e-07
Park-Fav,MFGP,50,22.9,1.087312731383618e-07
Park-Fav,MFGP,50,23.0,1.087312731383618e-07
Park-Fav,MFGP,50,23.1,1.087312731383618e-07
Park-Fav,MFGP,50,23.2,1.087312731383618e-07
Park-Fav,MFGP,50,23.3,1.087312731383618e-07
Park-Fav,MFGP,50,23.4,1.087312731383618e-07
Park-Fav,MFGP,50,23.5,1.087312731383618e-07
Park-Fav,MFGP,50,24.5,1.087312731383618e-07
Park-Fav,MFGP,50,24.6,1.087312731383618e-07
Park-Fav,MFGP,50,24.7,1.087312731383618e-07
Park-Fav,MFGP,50,24.8,1.087312731383618e-07
Park-Fav,MFGP,50,24.9,1.087312731383618e-07
Park-Fav,MFGP,50,25.0,1.087312731383618e-07
Park-Fav,MFGP,50,25.1,1.087312731383618e-07
Park-Fav,MFGP,50,25.2,1.087312731383618e-07
Park-Fav,MFGP,50,25.3,1.087312731383618e-07
Park-Fav,MFGP,50,25.4,1.087312731383618e-07
Park-Fav,MFGP,50,25.5,1.087312731383618e-07
Park-Fav,MFGP,50,26.5,1.087312731383618e-07
Park-Fav,MFGP,50,26.6,1.087312731383618e-07
Park-Fav,MFGP,50,26.7,1.087312731383618e-07
Park-Fav,MFGP,50,26.8,1.087312731383618e-07
Park-Fav,MFGP,50,26.9,1.087312731383618e-07
Park-Fav,MFGP,50,27.0,1.087312731383618e-07
Park-Fav,MFGP,50,27.1,1.087312731383618e-07
Park-Fav,MFGP,50,27.2,1.087312731383618e-07
Park-Fav,MFGP,50,27.3,1.087312731383618e-07
Park-Fav,MFGP,50,27.4,1.087312731383618e-07
Park-Fav,MFGP,50,27.5,1.087312731383618e-07
Park-Fav,MFGP,50,28.5,1.087312731383618e-07
Park-Fav,MFGP,50,28.6,1.087312731383618e-07
Park-Fav,MFGP,50,28.7,1.087312731383618e-07
Park-Fav,MFGP,50,28.8,1.087312731383618e-07
Park-Fav,MFGP,50,28.9,1.087312731383618e-07
Park-Fav,MFGP,50,29.0,1.087312731383618e-07
Park-Fav,MFGP,50,29.1,1.087312731383618e-07
Park-Fav,MFGP,50,29.2,1.087312731383618e-07
Park-Fav,MFGP,50,29.3,1.087312731383618e-07
Park-Fav,MFGP,50,29.4,1.087312731383618e-07
Park-Fav,MFGP,50,29.5,1.087312731383618e-07
Park-Fav,MFGP,50,30.5,1.087312731383618e-07
Park-Fav,MFGP,50,30.6,1.087312731383618e-07
Park-Fav,MFGP,50,30.7,1.087312731383618e-07
Park-Fav,MFGP,50,30.8,1.087312731383618e-07
Park-Fav,MFGP,50,30.9,1.087312731383618e-07
Park-Fav,MFGP,50,31.0,1.087312731383618e-07
Park-Fav,MFGP,50,31.1,1.087312731383618e-07
Park-Fav,MFGP,50,31.2,1.087312731383618e-07
Park-Fav,MFGP,50,31.3,1.087312731383618e-07
Park-Fav,MFGP,50,31.4,1.087312731383618e-07
Park-Fav,MFGP,50,31.5,1.087312731383618e-07
Park-Fav,MFGP,50,32.5,1.087312731383618e-07
Park-Fav,MFGP,50,32.6,1.087312731383618e-07
Park-Fav,MFGP,50,32.7,1.087312731383618e-07
Park-Fav,MFGP,50,32.8,1.087312731383618e-07
Park-Fav,MFGP,50,32.9,1.087312731383618e-07
Park-Fav,MFGP,50,33.0,1.087312731383618e-07
Park-Fav,MFGP,50,33.1,1.087312731383618e-07
Park-Fav,MFGP,50,33.2,1.087312731383618e-07
Park-Fav,MFGP,50,33.3,1.087312731383618e-07
Park-Fav,MFGP,50,33.4,1.087312731383618e-07
Park-Fav,MFGP,50,33.5,1.087312731383618e-07
Park-Fav,MFGP,50,34.5,1.087312731383618e-07
Park-Fav,MFGP,50,34.6,1.087312731383618e-07
Park-Fav,MFGP,50,34.7,1.087312731383618e-07
Park-Fav,MFGP,50,34.8,1.087312731383618e-07
Park-Fav,MFGP,50,34.9,1.087312731383618e-07
Park-Fav,MFGP,50,35.0,1.087312731383618e-07
Park-Fav,MFGP,50,35.1,1.087312731383618e-07
Park-Fav,MFGP,50,35.2,1.087312731383618e-07
Park-Fav,MFGP,50,35.3,1.087312731383618e-07
Park-Fav,MFGP,50,35.4,1.087312731383618e-07
Park-Fav,MFGP,50,35.5,1.087312731383618e-07
Park-Fav,MFGP,50,36.5,1.087312731383618e-07
Park-Fav,MFGP,50,36.6,1.087312731383618e-07
Park-Fav,MFGP,50,36.7,1.087312731383618e-07
Park-Fav,MFGP,50,36.8,1.087312731383618e-07
Park-Fav,MFGP,50,36.9,1.087312731383618e-07
Park-Fav,MFGP,50,37.0,1.087312731383618e-07
Park-Fav,MFGP,50,37.1,1.087312731383618e-07
Park-Fav,MFGP,50,37.2,1.087312731383618e-07
Park-Fav,MFGP,50,37.3,1.087312731383618e-07
Park-Fav,MFGP,50,37.4,1.087312731383618e-07
Park-Fav,MFGP,50,37.5,1.087312731383618e-07
Park-Fav,MFGP,50,38.5,1.087312731383618e-07
Park-Fav,MFGP,50,38.6,1.087312731383618e-07
Park-Fav,MFGP,50,38.7,1.087312731383618e-07
Park-Fav,MFGP,50,38.8,1.087312731383618e-07
Park-Fav,MFGP,50,38.9,1.087312731383618e-07
Park-Fav,MFGP,50,39.0,1.087312731383618e-07
Park-Fav,MFGP,50,39.1,1.087312731383618e-07
Park-Fav,MFGP,50,39.2,1.087312731383618e-07
Park-Fav,MFGP,50,39.3,1.087312731383618e-07
Park-Fav,MFGP,50,39.4,1.087312731383618e-07
Park-Fav,MFGP,50,39.5,1.087312731383618e-07
Park-Fav,MFGP,50,40.5,1.087312731383618e-07
Park-Fav,MFGP,50,40.6,1.087312731383618e-07
Park-Fav,MFGP,50,40.7,1.087312731383618e-07
Park-Fav,MFGP,50,40.8,1.087312731383618e-07
Park-Fav,MFGP,50,40.9,1.087312731383618e-07
Park-Fav,MFGP,50,41.0,1.087312731383618e-07
Park-Fav,MFGP,50,41.1,1.087312731383618e-07
Park-Fav,MFGP,50,41.2,1.087312731383618e-07
Park-Fav,MFGP,50,41.3,1.087312731383618e-07
Park-Fav,MFGP,50,41.4,1.087312731383618e-07
Park-Fav,MFGP,50,41.5,1.087312731383618e-07
Park-Fav,MFGP,50,42.5,1.087312731383618e-07
Park-Fav,MFGP,50,42.6,1.087312731383618e-07
Park-Fav,MFGP,50,42.7,1.087312731383618e-07
Park-Fav,MFGP,50,42.8,1.087312731383618e-07
Park-Fav,MFGP,50,42.9,1.087312731383618e-07
Park-Fav,MFGP,50,43.0,1.087312731383618e-07
Park-Fav,MFGP,50,43.1,1.087312731383618e-07
Park-Fav,MFGP,50,43.2,1.087312731383618e-07
Park-Fav,MFGP,50,43.3,1.087312731383618e-07
Park-Fav,MFGP,50,43.4,1.087312731383618e-07
Park-Fav,MFGP,50,43.5,1.087312731383618e-07
Park-Fav,MFGP,50,44.5,1.087312731383618e-07
Park-Fav,MFGP,50,44.6,1.087312731383618e-07
Park-Fav,MFGP,50,44.7,1.087312731383618e-07
Park-Fav,MFGP,50,44.8,1.087312731383618e-07
Park-Fav,MFGP,50,44.9,1.087312731383618e-07
Park-Fav,MFGP,50,45.0,1.087312731383618e-07
Park-Fav,MFGP,50,45.1,1.087312731383618e-07
Park-Fav,MFGP,50,45.2,1.087312731383618e-07
Park-Fav,MFGP,50,45.3,1.087312731383618e-07
Park-Fav,MFGP,50,45.4,1.087312731383618e-07
Park-Fav,MFGP,50,45.5,1.087312731383618e-07
Park-Fav,MFGP,50,46.5,1.087312731383618e-07
Park-Fav,MFGP,50,46.6,1.087312731383618e-07
Park-Fav,MFGP,50,46.7,1.087312731383618e-07
Park-Fav,MFGP,50,46.8,1.087312731383618e-07
Park-Fav,MFGP,50,46.9,1.087312731383618e-07
Park-Fav,MFGP,50,47.0,1.087312731383618e-07
Park-Fav,MFGP,50,47.1,1.087312731383618e-07
Park-Fav,MFGP,50,47.2,1.087312731383618e-07
Park-Fav,MFGP,50,47.3,1.087312731383618e-07
Park-Fav,MFGP,50,47.4,1.087312731383618e-07
Park-Fav,MFGP,50,47.5,1.087312731383618e-07
Park-Fav,MFGP,50,48.5,1.087312731383618e-07
Park-Fav,MFGP,50,48.6,1.087312731383618e-07
Park-Fav,MFGP,50,48.7,1.087312731383618e-07
Park-Fav,MFGP,50,48.8,1.087312731383618e-07
Park-Fav,MFGP,50,48.9,1.087312731383618e-07
Park-Fav,MFGP,50,49.0,1.087312731383618e-07
Park-Fav,MFGP,50,49.1,1.087312731383618e-07
Park-Fav,MFGP,50,49.2,1.087312731383618e-07
Park-Fav,MFGP,50,49.3,1.087312731383618e-07
Park-Fav,MFGP,50,49.4,1.087312731383618e-07
Park-Fav,MFGP,50,49.5,1.087312731383618e-07
Park-Fav,MFGP,50,49.6,1.087312731383618e-07
Park-Fav,MFGP,50,49.7,1.087312731383618e-07
Park-Fav,MFGP,50,49.8,1.087312731383618e-07
Park-Fav,MFGP,50,49.9,1.087312731383618e-07
Park-Fav,MFGP,51,4.5,4.766171971842273
Park-Fav,MFGP,51,4.6,4.766171971842273
Park-Fav,MFGP,51,4.7,4.766171971842273
Park-Fav,MFGP,51,4.8,4.766171971842273
Park-Fav,MFGP,51,4.9,4.766171971842273
Park-Fav,MFGP,51,5.0,4.766171971842273
Park-Fav,MFGP,51,5.1,4.766171971842273
Park-Fav,MFGP,51,5.2,4.766171971842273
Park-Fav,MFGP,51,5.3,4.766171971842273
Park-Fav,MFGP,51,5.4,4.766171971842273
Park-Fav,MFGP,51,5.5,4.766171971842273
Park-Fav,MFGP,51,6.5,1.541513844536675e-07
Park-Fav,MFGP,51,6.6,1.541513844536675e-07
Park-Fav,MFGP,51,6.7,1.541513844536675e-07
Park-Fav,MFGP,51,6.8,1.541513844536675e-07
Park-Fav,MFGP,51,6.9,1.541513844536675e-07
Park-Fav,MFGP,51,7.0,1.541513844536675e-07
Park-Fav,MFGP,51,7.1,1.541513844536675e-07
Park-Fav,MFGP,51,7.2,1.541513844536675e-07
Park-Fav,MFGP,51,7.3,1.541513844536675e-07
Park-Fav,MFGP,51,7.4,1.541513844536675e-07
Park-Fav,MFGP,51,7.5,1.541513844536675e-07
Park-Fav,MFGP,51,8.5,1.541513844536675e-07
Park-Fav,MFGP,51,8.6,1.541513844536675e-07
Park-Fav,MFGP,51,8.7,1.541513844536675e-07
Park-Fav,MFGP,51,8.8,1.541513844536675e-07
Park-Fav,MFGP,51,8.9,1.541513844536675e-07
Park-Fav,MFGP,51,9.0,1.541513844536675e-07
Park-Fav,MFGP,51,9.1,1.541513844536675e-07
Park-Fav,MFGP,51,9.2,1.541513844536675e-07
Park-Fav,MFGP,51,9.3,1.541513844536675e-07
Park-Fav,MFGP,51,9.4,1.541513844536675e-07
Park-Fav,MFGP,51,9.5,1.541513844536675e-07
Park-Fav,MFGP,51,10.5,1.541513844536675e-07
Park-Fav,MFGP,51,10.6,1.541513844536675e-07
Park-Fav,MFGP,51,10.7,1.541513844536675e-07
Park-Fav,MFGP,51,10.8,1.541513844536675e-07
Park-Fav,MFGP,51,10.9,1.541513844536675e-07
Park-Fav,MFGP,51,11.0,1.541513844536675e-07
Park-Fav,MFGP,51,11.1,1.541513844536675e-07
Park-Fav,MFGP,51,11.2,1.541513844536675e-07
Park-Fav,MFGP,51,11.3,1.541513844536675e-07
Park-Fav,MFGP,51,11.4,1.541513844536675e-07
Park-Fav,MFGP,51,11.5,1.541513844536675e-07
Park-Fav,MFGP,51,12.5,1.541513844536675e-07
Park-Fav,MFGP,51,12.6,1.541513844536675e-07
Park-Fav,MFGP,51,12.7,1.541513844536675e-07
Park-Fav,MFGP,51,12.8,1.541513844536675e-07
Park-Fav,MFGP,51,12.9,1.541513844536675e-07
Park-Fav,MFGP,51,13.0,1.541513844536675e-07
Park-Fav,MFGP,51,13.1,1.541513844536675e-07
Park-Fav,MFGP,51,13.2,1.541513844536675e-07
Park-Fav,MFGP,51,13.3,1.541513844536675e-07
Park-Fav,MFGP,51,13.4,1.541513844536675e-07
Park-Fav,MFGP,51,13.5,1.541513844536675e-07
Park-Fav,MFGP,51,14.5,1.541513844536675e-07
Park-Fav,MFGP,51,14.6,1.541513844536675e-07
Park-Fav,MFGP,51,14.7,1.541513844536675e-07
Park-Fav,MFGP,51,14.8,1.541513844536675e-07
Park-Fav,MFGP,51,14.9,1.541513844536675e-07
Park-Fav,MFGP,51,15.0,1.541513844536675e-07
Park-Fav,MFGP,51,15.1,1.541513844536675e-07
Park-Fav,MFGP,51,15.2,1.541513844536675e-07
Park-Fav,MFGP,51,15.3,1.541513844536675e-07
Park-Fav,MFGP,51,15.4,1.541513844536675e-07
Park-Fav,MFGP,51,15.5,1.541513844536675e-07
Park-Fav,MFGP,51,16.5,1.541513844536675e-07
Park-Fav,MFGP,51,16.6,1.541513844536675e-07
Park-Fav,MFGP,51,16.7,1.541513844536675e-07
Park-Fav,MFGP,51,16.8,1.541513844536675e-07
Park-Fav,MFGP,51,16.9,1.541513844536675e-07
Park-Fav,MFGP,51,17.0,1.541513844536675e-07
Park-Fav,MFGP,51,17.1,1.541513844536675e-07
Park-Fav,MFGP,51,17.2,1.541513844536675e-07
Park-Fav,MFGP,51,17.3,1.541513844536675e-07
Park-Fav,MFGP,51,17.4,1.541513844536675e-07
Park-Fav,MFGP,51,17.5,1.541513844536675e-07
Park-Fav,MFGP,51,18.5,1.541513844536675e-07
Park-Fav,MFGP,51,18.6,1.541513844536675e-07
Park-Fav,MFGP,51,18.7,1.541513844536675e-07
Park-Fav,MFGP,51,18.8,1.541513844536675e-07
Park-Fav,MFGP,51,18.9,1.541513844536675e-07
Park-Fav,MFGP,51,19.0,1.541513844536675e-07
Park-Fav,MFGP,51,19.1,1.541513844536675e-07
Park-Fav,MFGP,51,19.2,1.541513844536675e-07
Park-Fav,MFGP,51,19.3,1.541513844536675e-07
Park-Fav,MFGP,51,19.4,1.541513844536675e-07
Park-Fav,MFGP,51,19.5,1.541513844536675e-07
Park-Fav,MFGP,51,20.5,1.541513844536675e-07
Park-Fav,MFGP,51,20.6,1.541513844536675e-07
Park-Fav,MFGP,51,20.7,1.541513844536675e-07
Park-Fav,MFGP,51,20.8,1.541513844536675e-07
Park-Fav,MFGP,51,20.9,1.541513844536675e-07
Park-Fav,MFGP,51,21.0,1.541513844536675e-07
Park-Fav,MFGP,51,21.1,1.541513844536675e-07
Park-Fav,MFGP,51,21.2,1.541513844536675e-07
Park-Fav,MFGP,51,21.3,1.541513844536675e-07
Park-Fav,MFGP,51,21.4,1.541513844536675e-07
Park-Fav,MFGP,51,21.5,1.541513844536675e-07
Park-Fav,MFGP,51,22.5,1.541513844536675e-07
Park-Fav,MFGP,51,22.6,1.541513844536675e-07
Park-Fav,MFGP,51,22.7,1.541513844536675e-07
Park-Fav,MFGP,51,22.8,1.541513844536675e-07
Park-Fav,MFGP,51,22.9,1.541513844536675e-07
Park-Fav,MFGP,51,23.0,1.541513844536675e-07
Park-Fav,MFGP,51,23.1,1.541513844536675e-07
Park-Fav,MFGP,51,23.2,1.541513844536675e-07
Park-Fav,MFGP,51,23.3,1.541513844536675e-07
Park-Fav,MFGP,51,23.4,1.541513844536675e-07
Park-Fav,MFGP,51,23.5,1.541513844536675e-07
Park-Fav,MFGP,51,24.5,1.541513844536675e-07
Park-Fav,MFGP,51,24.6,1.541513844536675e-07
Park-Fav,MFGP,51,24.7,1.541513844536675e-07
Park-Fav,MFGP,51,24.8,1.541513844536675e-07
Park-Fav,MFGP,51,24.9,1.541513844536675e-07
Park-Fav,MFGP,51,25.0,1.541513844536675e-07
Park-Fav,MFGP,51,25.1,1.541513844536675e-07
Park-Fav,MFGP,51,25.2,1.541513844536675e-07
Park-Fav,MFGP,51,25.3,1.541513844536675e-07
Park-Fav,MFGP,51,25.4,1.541513844536675e-07
Park-Fav,MFGP,51,25.5,1.541513844536675e-07
Park-Fav,MFGP,51,26.5,1.541513844536675e-07
Park-Fav,MFGP,51,26.6,1.541513844536675e-07
Park-Fav,MFGP,51,26.7,1.541513844536675e-07
Park-Fav,MFGP,51,26.8,1.541513844536675e-07
Park-Fav,MFGP,51,26.9,1.541513844536675e-07
Park-Fav,MFGP,51,27.0,1.541513844536675e-07
Park-Fav,MFGP,51,27.1,1.541513844536675e-07
Park-Fav,MFGP,51,27.2,1.541513844536675e-07
Park-Fav,MFGP,51,27.3,1.541513844536675e-07
Park-Fav,MFGP,51,27.4,1.541513844536675e-07
Park-Fav,MFGP,51,27.5,1.541513844536675e-07
Park-Fav,MFGP,51,28.5,1.541513844536675e-07
Park-Fav,MFGP,51,28.6,1.541513844536675e-07
Park-Fav,MFGP,51,28.7,1.541513844536675e-07
Park-Fav,MFGP,51,28.8,1.541513844536675e-07
Park-Fav,MFGP,51,28.9,1.541513844536675e-07
Park-Fav,MFGP,51,29.0,1.541513844536675e-07
Park-Fav,MFGP,51,29.1,1.541513844536675e-07
Park-Fav,MFGP,51,29.2,1.541513844536675e-07
Park-Fav,MFGP,51,29.3,1.541513844536675e-07
Park-Fav,MFGP,51,29.4,1.541513844536675e-07
Park-Fav,MFGP,51,29.5,1.541513844536675e-07
Park-Fav,MFGP,51,30.5,1.541513844536675e-07
Park-Fav,MFGP,51,30.6,1.541513844536675e-07
Park-Fav,MFGP,51,30.7,1.541513844536675e-07
Park-Fav,MFGP,51,30.8,1.541513844536675e-07
Park-Fav,MFGP,51,30.9,1.541513844536675e-07
Park-Fav,MFGP,51,31.0,1.541513844536675e-07
Park-Fav,MFGP,51,31.1,1.541513844536675e-07
Park-Fav,MFGP,51,31.2,1.541513844536675e-07
Park-Fav,MFGP,51,31.3,1.541513844536675e-07
Park-Fav,MFGP,51,31.4,1.541513844536675e-07
Park-Fav,MFGP,51,31.5,1.541513844536675e-07
Park-Fav,MFGP,51,32.5,1.541513844536675e-07
Park-Fav,MFGP,51,32.6,1.541513844536675e-07
Park-Fav,MFGP,51,32.7,1.541513844536675e-07
Park-Fav,MFGP,51,32.8,1.541513844536675e-07
Park-Fav,MFGP,51,32.9,1.541513844536675e-07
Park-Fav,MFGP,51,33.0,1.541513844536675e-07
Park-Fav,MFGP,51,33.1,1.541513844536675e-07
Park-Fav,MFGP,51,33.2,1.541513844536675e-07
Park-Fav,MFGP,51,33.3,1.541513844536675e-07
Park-Fav,MFGP,51,33.4,1.541513844536675e-07
Park-Fav,MFGP,51,33.5,1.541513844536675e-07
Park-Fav,MFGP,51,34.5,1.541513844536675e-07
Park-Fav,MFGP,51,34.6,1.541513844536675e-07
Park-Fav,MFGP,51,34.7,1.541513844536675e-07
Park-Fav,MFGP,51,34.8,1.541513844536675e-07
Park-Fav,MFGP,51,34.9,1.541513844536675e-07
Park-Fav,MFGP,51,35.0,1.541513844536675e-07
Park-Fav,MFGP,51,35.1,1.541513844536675e-07
Park-Fav,MFGP,51,35.2,1.541513844536675e-07
Park-Fav,MFGP,51,35.3,1.541513844536675e-07
Park-Fav,MFGP,51,35.4,1.541513844536675e-07
Park-Fav,MFGP,51,35.5,1.541513844536675e-07
Park-Fav,MFGP,51,36.5,1.541513844536675e-07
Park-Fav,MFGP,51,36.6,1.541513844536675e-07
Park-Fav,MFGP,51,36.7,1.541513844536675e-07
Park-Fav,MFGP,51,36.8,1.541513844536675e-07
Park-Fav,MFGP,51,36.9,1.541513844536675e-07
Park-Fav,MFGP,51,37.0,1.541513844536675e-07
Park-Fav,MFGP,51,37.1,1.541513844536675e-07
Park-Fav,MFGP,51,37.2,1.541513844536675e-07
Park-Fav,MFGP,51,37.3,1.541513844536675e-07
Park-Fav,MFGP,51,37.4,1.541513844536675e-07
Park-Fav,MFGP,51,37.5,1.541513844536675e-07
Park-Fav,MFGP,51,38.5,1.541513844536675e-07
Park-Fav,MFGP,51,38.6,1.541513844536675e-07
Park-Fav,MFGP,51,38.7,1.541513844536675e-07
Park-Fav,MFGP,51,38.8,1.541513844536675e-07
Park-Fav,MFGP,51,38.9,1.541513844536675e-07
Park-Fav,MFGP,51,39.0,1.541513844536675e-07
Park-Fav,MFGP,51,39.1,1.541513844536675e-07
Park-Fav,MFGP,51,39.2,1.541513844536675e-07
Park-Fav,MFGP,51,39.3,1.541513844536675e-07
Park-Fav,MFGP,51,39.4,1.541513844536675e-07
Park-Fav,MFGP,51,39.5,1.541513844536675e-07
Park-Fav,MFGP,51,40.5,1.541513844536675e-07
Park-Fav,MFGP,51,40.6,1.541513844536675e-07
Park-Fav,MFGP,51,40.7,1.541513844536675e-07
Park-Fav,MFGP,51,40.8,1.541513844536675e-07
Park-Fav,MFGP,51,40.9,1.541513844536675e-07
Park-Fav,MFGP,51,41.0,1.541513844536675e-07
Park-Fav,MFGP,51,41.1,1.541513844536675e-07
Park-Fav,MFGP,51,41.2,1.541513844536675e-07
Park-Fav,MFGP,51,41.3,1.541513844536675e-07
Park-Fav,MFGP,51,41.4,1.541513844536675e-07
Park-Fav,MFGP,51,41.5,1.541513844536675e-07
Park-Fav,MFGP,51,42.5,1.541513844536675e-07
Park-Fav,MFGP,51,42.6,1.541513844536675e-07
Park-Fav,MFGP,51,42.7,1.541513844536675e-07
Park-Fav,MFGP,51,42.8,1.541513844536675e-07
Park-Fav,MFGP,51,42.9,1.541513844536675e-07
Park-Fav,MFGP,51,43.0,1.541513844536675e-07
Park-Fav,MFGP,51,43.1,1.541513844536675e-07
Park-Fav,MFGP,51,43.2,1.541513844536675e-07
Park-Fav,MFGP,51,43.3,1.541513844536675e-07
Park-Fav,MFGP,51,43.4,1.541513844536675e-07
Park-Fav,MFGP,51,43.5,1.541513844536675e-07
Park-Fav,MFGP,51,44.5,1.541513844536675e-07
Park-Fav,MFGP,51,44.6,1.541513844536675e-07
Park-Fav,MFGP,51,44.7,1.541513844536675e-07
Park-Fav,MFGP,51,44.8,1.541513844536675e-07
Park-Fav,MFGP,51,44.9,1.541513844536675e-07
Park-Fav,MFGP,51,45.0,1.541513844536675e-07
Park-Fav,MFGP,51,45.1,1.541513844536675e-07
Park-Fav,MFGP,51,45.2,1.541513844536675e-07
Park-Fav,MFGP,51,45.3,1.541513844536675e-07
Park-Fav,MFGP,51,45.4,1.541513844536675e-07
Park-Fav,MFGP,51,45.5,1.541513844536675e-07
Park-Fav,MFGP,51,46.5,1.087312731383618e-07
Park-Fav,MFGP,51,46.6,1.087312731383618e-07
Park-Fav,MFGP,51,46.7,1.087312731383618e-07
Park-Fav,MFGP,51,46.8,1.087312731383618e-07
Park-Fav,MFGP,51,46.9,1.087312731383618e-07
Park-Fav,MFGP,51,47.0,1.087312731383618e-07
Park-Fav,MFGP,51,47.1,1.087312731383618e-07
Park-Fav,MFGP,51,47.2,1.087312731383618e-07
Park-Fav,MFGP,51,47.3,1.087312731383618e-07
Park-Fav,MFGP,51,47.4,1.087312731383618e-07
Park-Fav,MFGP,51,47.5,1.087312731383618e-07
Park-Fav,MFGP,51,48.5,1.087312731383618e-07
Park-Fav,MFGP,51,48.6,1.087312731383618e-07
Park-Fav,MFGP,51,48.7,1.087312731383618e-07
Park-Fav,MFGP,51,48.8,1.087312731383618e-07
Park-Fav,MFGP,51,48.9,1.087312731383618e-07
Park-Fav,MFGP,51,49.0,1.087312731383618e-07
Park-Fav,MFGP,51,49.1,1.087312731383618e-07
Park-Fav,MFGP,51,49.2,1.087312731383618e-07
Park-Fav,MFGP,51,49.3,1.087312731383618e-07
Park-Fav,MFGP,51,49.4,1.087312731383618e-07
Park-Fav,MFGP,51,49.5,1.087312731383618e-07
Park-Fav,MFGP,51,49.6,1.087312731383618e-07
Park-Fav,MFGP,51,49.7,1.087312731383618e-07
Park-Fav,MFGP,51,49.8,1.087312731383618e-07
Park-Fav,MFGP,51,49.9,1.087312731383618e-07
Park-Fav,MFGP,52,4.5,6.98106685381129
Park-Fav,MFGP,52,4.6,6.98106685381129
Park-Fav,MFGP,52,4.7,6.98106685381129
Park-Fav,MFGP,52,4.8,6.98106685381129
Park-Fav,MFGP,52,4.9,6.98106685381129
Park-Fav,MFGP,52,5.0,6.98106685381129
Park-Fav,MFGP,52,5.1,6.98106685381129
Park-Fav,MFGP,52,5.2,6.98106685381129
Park-Fav,MFGP,52,5.3,6.98106685381129
Park-Fav,MFGP,52,5.4,6.98106685381129
Park-Fav,MFGP,52,5.5,6.98106685381129
Park-Fav,MFGP,52,6.5,1.137312731133618e-07
Park-Fav,MFGP,52,6.6,1.137312731133618e-07
Park-Fav,MFGP,52,6.7,1.137312731133618e-07
Park-Fav,MFGP,52,6.8,1.137312731133618e-07
Park-Fav,MFGP,52,6.9,1.137312731133618e-07
Park-Fav,MFGP,52,7.0,1.137312731133618e-07
Park-Fav,MFGP,52,7.1,1.137312731133618e-07
Park-Fav,MFGP,52,7.2,1.137312731133618e-07
Park-Fav,MFGP,52,7.3,1.137312731133618e-07
Park-Fav,MFGP,52,7.4,1.137312731133618e-07
Park-Fav,MFGP,52,7.5,1.137312731133618e-07
Park-Fav,MFGP,52,8.5,1.137312731133618e-07
Park-Fav,MFGP,52,8.6,1.137312731133618e-07
Park-Fav,MFGP,52,8.7,1.137312731133618e-07
Park-Fav,MFGP,52,8.8,1.137312731133618e-07
Park-Fav,MFGP,52,8.9,1.137312731133618e-07
Park-Fav,MFGP,52,9.0,1.137312731133618e-07
Park-Fav,MFGP,52,9.1,1.137312731133618e-07
Park-Fav,MFGP,52,9.2,1.137312731133618e-07
Park-Fav,MFGP,52,9.3,1.137312731133618e-07
Park-Fav,MFGP,52,9.4,1.137312731133618e-07
Park-Fav,MFGP,52,9.5,1.137312731133618e-07
Park-Fav,MFGP,52,10.5,1.137312731133618e-07
Park-Fav,MFGP,52,10.6,1.137312731133618e-07
Park-Fav,MFGP,52,10.7,1.137312731133618e-07
Park-Fav,MFGP,52,10.8,1.137312731133618e-07
Park-Fav,MFGP,52,10.9,1.137312731133618e-07
Park-Fav,MFGP,52,11.0,1.137312731133618e-07
Park-Fav,MFGP,52,11.1,1.137312731133618e-07
Park-Fav,MFGP,52,11.2,1.137312731133618e-07
Park-Fav,MFGP,52,11.3,1.137312731133618e-07
Park-Fav,MFGP,52,11.4,1.137312731133618e-07
Park-Fav,MFGP,52,11.5,1.137312731133618e-07
Park-Fav,MFGP,52,12.5,1.137312731133618e-07
Park-Fav,MFGP,52,12.6,1.137312731133618e-07
Park-Fav,MFGP,52,12.7,1.137312731133618e-07
Park-Fav,MFGP,52,12.8,1.137312731133618e-07
Park-Fav,MFGP,52,12.9,1.137312731133618e-07
Park-Fav,MFGP,52,13.0,1.137312731133618e-07
Park-Fav,MFGP,52,13.1,1.137312731133618e-07
Park-Fav,MFGP,52,13.2,1.137312731133618e-07
Park-Fav,MFGP,52,13.3,1.137312731133618e-07
Park-Fav,MFGP,52,13.4,1.137312731133618e-07
Park-Fav,MFGP,52,13.5,1.137312731133618e-07
Park-Fav,MFGP,52,14.5,1.137312731133618e-07
Park-Fav,MFGP,52,14.6,1.137312731133618e-07
Park-Fav,MFGP,52,14.7,1.137312731133618e-07
Park-Fav,MFGP,52,14.8,1.137312731133618e-07
Park-Fav,MFGP,52,14.9,1.137312731133618e-07
Park-Fav,MFGP,52,15.0,1.137312731133618e-07
Park-Fav,MFGP,52,15.1,1.137312731133618e-07
Park-Fav,MFGP,52,15.2,1.137312731133618e-07
Park-Fav,MFGP,52,15.3,1.137312731133618e-07
Park-Fav,MFGP,52,15.4,1.137312731133618e-07
Park-Fav,MFGP,52,15.5,1.137312731133618e-07
Park-Fav,MFGP,52,16.5,1.137312731133618e-07
Park-Fav,MFGP,52,16.6,1.137312731133618e-07
Park-Fav,MFGP,52,16.7,1.137312731133618e-07
Park-Fav,MFGP,52,16.8,1.137312731133618e-07
Park-Fav,MFGP,52,16.9,1.137312731133618e-07
Park-Fav,MFGP,52,17.0,1.137312731133618e-07
Park-Fav,MFGP,52,17.1,1.137312731133618e-07
Park-Fav,MFGP,52,17.2,1.137312731133618e-07
Park-Fav,MFGP,52,17.3,1.137312731133618e-07
Park-Fav,MFGP,52,17.4,1.137312731133618e-07
Park-Fav,MFGP,52,17.5,1.137312731133618e-07
Park-Fav,MFGP,52,18.5,1.137312731133618e-07
Park-Fav,MFGP,52,18.6,1.137312731133618e-07
Park-Fav,MFGP,52,18.7,1.137312731133618e-07
Park-Fav,MFGP,52,18.8,1.137312731133618e-07
Park-Fav,MFGP,52,18.9,1.137312731133618e-07
Park-Fav,MFGP,52,19.0,1.137312731133618e-07
Park-Fav,MFGP,52,19.1,1.137312731133618e-07
Park-Fav,MFGP,52,19.2,1.137312731133618e-07
Park-Fav,MFGP,52,19.3,1.137312731133618e-07
Park-Fav,MFGP,52,19.4,1.137312731133618e-07
Park-Fav,MFGP,52,19.5,1.137312731133618e-07
Park-Fav,MFGP,52,20.5,1.137312731133618e-07
Park-Fav,MFGP,52,20.6,1.137312731133618e-07
Park-Fav,MFGP,52,20.7,1.137312731133618e-07
Park-Fav,MFGP,52,20.8,1.137312731133618e-07
Park-Fav,MFGP,52,20.9,1.137312731133618e-07
Park-Fav,MFGP,52,21.0,1.137312731133618e-07
Park-Fav,MFGP,52,21.1,1.137312731133618e-07
Park-Fav,MFGP,52,21.2,1.137312731133618e-07
Park-Fav,MFGP,52,21.3,1.137312731133618e-07
Park-Fav,MFGP,52,21.4,1.137312731133618e-07
Park-Fav,MFGP,52,21.5,1.137312731133618e-07
Park-Fav,MFGP,52,22.5,1.137312731133618e-07
Park-Fav,MFGP,52,22.6,1.137312731133618e-07
Park-Fav,MFGP,52,22.7,1.137312731133618e-07
Park-Fav,MFGP,52,22.8,1.137312731133618e-07
Park-Fav,MFGP,52,22.9,1.137312731133618e-07
Park-Fav,MFGP,52,23.0,1.137312731133618e-07
Park-Fav,MFGP,52,23.1,1.137312731133618e-07
Park-Fav,MFGP,52,23.2,1.137312731133618e-07
Park-Fav,MFGP,52,23.3,1.137312731133618e-07
Park-Fav,MFGP,52,23.4,1.137312731133618e-07
Park-Fav,MFGP,52,23.5,1.137312731133618e-07
Park-Fav,MFGP,52,24.5,1.137312731133618e-07
Park-Fav,MFGP,52,24.6,1.137312731133618e-07
Park-Fav,MFGP,52,24.7,1.137312731133618e-07
Park-Fav,MFGP,52,24.8,1.137312731133618e-07
Park-Fav,MFGP,52,24.9,1.137312731133618e-07
Park-Fav,MFGP,52,25.0,1.137312731133618e-07
Park-Fav,MFGP,52,25.1,1.137312731133618e-07
Park-Fav,MFGP,52,25.2,1.137312731133618e-07
Park-Fav,MFGP,52,25.3,1.137312731133618e-07
Park-Fav,MFGP,52,25.4,1.137312731133618e-07
Park-Fav,MFGP,52,25.5,1.137312731133618e-07
Park-Fav,MFGP,52,26.5,1.137312731133618e-07
Park-Fav,MFGP,52,26.6,1.137312731133618e-07
Park-Fav,MFGP,52,26.7,1.137312731133618e-07
Park-Fav,MFGP,52,26.8,1.137312731133618e-07
Park-Fav,MFGP,52,26.9,1.137312731133618e-07
Park-Fav,MFGP,52,27.0,1.137312731133618e-07
Park-Fav,MFGP,52,27.1,1.137312731133618e-07
Park-Fav,MFGP,52,27.2,1.137312731133618e-07
Park-Fav,MFGP,52,27.3,1.137312731133618e-07
Park-Fav,MFGP,52,27.4,1.137312731133618e-07
Park-Fav,MFGP,52,27.5,1.137312731133618e-07
Park-Fav,MFGP,52,28.5,1.137312731133618e-07
Park-Fav,MFGP,52,28.6,1.137312731133618e-07
Park-Fav,MFGP,52,28.7,1.137312731133618e-07
Park-Fav,MFGP,52,28.8,1.137312731133618e-07
Park-Fav,MFGP,52,28.9,1.137312731133618e-07
Park-Fav,MFGP,52,29.0,1.137312731133618e-07
Park-Fav,MFGP,52,29.1,1.137312731133618e-07
Park-Fav,MFGP,52,29.2,1.137312731133618e-07
Park-Fav,MFGP,52,29.3,1.137312731133618e-07
Park-Fav,MFGP,52,29.4,1.137312731133618e-07
Park-Fav,MFGP,52,29.5,1.137312731133618e-07
Park-Fav,MFGP,52,30.5,1.137312731133618e-07
Park-Fav,MFGP,52,30.6,1.137312731133618e-07
Park-Fav,MFGP,52,30.7,1.137312731133618e-07
Park-Fav,MFGP,52,30.8,1.137312731133618e-07
Park-Fav,MFGP,52,30.9,1.137312731133618e-07
Park-Fav,MFGP,52,31.0,1.137312731133618e-07
Park-Fav,MFGP,52,31.1,1.137312731133618e-07
Park-Fav,MFGP,52,31.2,1.137312731133618e-07
Park-Fav,MFGP,52,31.3,1.137312731133618e-07
Park-Fav,MFGP,52,31.4,1.137312731133618e-07
Park-Fav,MFGP,52,31.5,1.137312731133618e-07
Park-Fav,MFGP,52,32.5,1.137312731133618e-07
Park-Fav,MFGP,52,32.6,1.137312731133618e-07
Park-Fav,MFGP,52,32.7,1.137312731133618e-07
Park-Fav,MFGP,52,32.8,1.137312731133618e-07
Park-Fav,MFGP,52,32.9,1.137312731133618e-07
Park-Fav,MFGP,52,33.0,1.137312731133618e-07
Park-Fav,MFGP,52,33.1,1.137312731133618e-07
Park-Fav,MFGP,52,33.2,1.137312731133618e-07
Park-Fav,MFGP,52,33.3,1.137312731133618e-07
Park-Fav,MFGP,52,33.4,1.137312731133618e-07
Park-Fav,MFGP,52,33.5,1.137312731133618e-07
Park-Fav,MFGP,52,34.5,1.137312731133618e-07
Park-Fav,MFGP,52,34.6,1.137312731133618e-07
Park-Fav,MFGP,52,34.7,1.137312731133618e-07
Park-Fav,MFGP,52,34.8,1.137312731133618e-07
Park-Fav,MFGP,52,34.9,1.137312731133618e-07
Park-Fav,MFGP,52,35.0,1.137312731133618e-07
Park-Fav,MFGP,52,35.1,1.137312731133618e-07
Park-Fav,MFGP,52,35.2,1.137312731133618e-07
Park-Fav,MFGP,52,35.3,1.137312731133618e-07
Park-Fav,MFGP,52,35.4,1.137312731133618e-07
Park-Fav,MFGP,52,35.5,1.137312731133618e-07
Park-Fav,MFGP,52,36.5,1.137312731133618e-07
Park-Fav,MFGP,52,36.6,1.137312731133618e-07
Park-Fav,MFGP,52,36.7,1.137312731133618e-07
Park-Fav,MFGP,52,36.8,1.137312731133618e-07
Park-Fav,MFGP,52,36.9,1.137312731133618e-07
Park-Fav,MFGP,52,37.0,1.137312731133618e-07
Park-Fav,MFGP,52,37.1,1.137312731133618e-07
Park-Fav,MFGP,52,37.2,1.137312731133618e-07
Park-Fav,MFGP,52,37.3,1.137312731133618e-07
Park-Fav,MFGP,52,37.4,1.137312731133618e-07
Park-Fav,MFGP,52,37.5,1.137312731133618e-07
Park-Fav,MFGP,52,38.5,1.137312731133618e-07
Park-Fav,MFGP,52,38.6,1.137312731133618e-07
Park-Fav,MFGP,52,38.7,1.137312731133618e-07
Park-Fav,MFGP,52,38.8,1.137312731133618e-07
Park-Fav,MFGP,52,38.9,1.137312731133618e-07
Park-Fav,MFGP,52,39.0,1.137312731133618e-07
Park-Fav,MFGP,52,39.1,1.137312731133618e-07
Park-Fav,MFGP,52,39.2,1.137312731133618e-07
Park-Fav,MFGP,52,39.3,1.137312731133618e-07
Park-Fav,MFGP,52,39.4,1.137312731133618e-07
Park-Fav,MFGP,52,39.5,1.137312731133618e-07
Park-Fav,MFGP,52,40.5,1.137312731133618e-07
Park-Fav,MFGP,52,40.6,1.137312731133618e-07
Park-Fav,MFGP,52,40.7,1.137312731133618e-07
Park-Fav,MFGP,52,40.8,1.137312731133618e-07
Park-Fav,MFGP,52,40.9,1.137312731133618e-07
Park-Fav,MFGP,52,41.0,1.137312731133618e-07
Park-Fav,MFGP,52,41.1,1.137312731133618e-07
Park-Fav,MFGP,52,41.2,1.137312731133618e-07
Park-Fav,MFGP,52,41.3,1.137312731133618e-07
Park-Fav,MFGP,52,41.4,1.137312731133618e-07
Park-Fav,MFGP,52,41.5,1.137312731133618e-07
Park-Fav,MFGP,52,42.5,1.137312731133618e-07
Park-Fav,MFGP,52,42.6,1.137312731133618e-07
Park-Fav,MFGP,52,42.7,1.137312731133618e-07
Park-Fav,MFGP,52,42.8,1.137312731133618e-07
Park-Fav,MFGP,52,42.9,1.137312731133618e-07
Park-Fav,MFGP,52,43.0,1.137312731133618e-07
Park-Fav,MFGP,52,43.1,1.137312731133618e-07
Park-Fav,MFGP,52,43.2,1.137312731133618e-07
Park-Fav,MFGP,52,43.3,1.137312731133618e-07
Park-Fav,MFGP,52,43.4,1.137312731133618e-07
Park-Fav,MFGP,52,43.5,1.137312731133618e-07
Park-Fav,MFGP,52,44.5,1.137312731133618e-07
Park-Fav,MFGP,52,44.6,1.137312731133618e-07
Park-Fav,MFGP,52,44.7,1.137312731133618e-07
Park-Fav,MFGP,52,44.8,1.137312731133618e-07
Park-Fav,MFGP,52,44.9,1.137312731133618e-07
Park-Fav,MFGP,52,45.0,1.137312731133618e-07
Park-Fav,MFGP,52,45.1,1.137312731133618e-07
Park-Fav,MFGP,52,45.2,1.137312731133618e-07
Park-Fav,MFGP,52,45.3,1.137312731133618e-07
Park-Fav,MFGP,52,45.4,1.137312731133618e-07
Park-Fav,MFGP,52,45.5,1.137312731133618e-07
Park-Fav,MFGP,52,46.5,1.087312731383618e-07
Park-Fav,MFGP,52,46.6,1.087312731383618e-07
Park-Fav,MFGP,52,46.7,1.087312731383618e-07
Park-Fav,MFGP,52,46.8,1.087312731383618e-07
Park-Fav,MFGP,52,46.9,1.087312731383618e-07
Park-Fav,MFGP,52,47.0,1.087312731383618e-07
Park-Fav,MFGP,52,47.1,1.087312731383618e-07
Park-Fav,MFGP,52,47.2,1.087312731383618e-07
Park-Fav,MFGP,52,47.3,1.087312731383618e-07
Park-Fav,MFGP,52,47.4,1.087312731383618e-07
Park-Fav,MFGP,52,47.5,1.087312731383618e-07
Park-Fav,MFGP,52,48.5,1.087312731383618e-07
Park-Fav,MFGP,52,48.6,1.087312731383618e-07
Park-Fav,MFGP,52,48.7,1.087312731383618e-07
Park-Fav,MFGP,52,48.8,1.087312731383618e-07
Park-Fav,MFGP,52,48.9,1.087312731383618e-07
Park-Fav,MFGP,52,49.0,1.087312731383618e-07
Park-Fav,MFGP,52,49.1,1.087312731383618e-07
Park-Fav,MFGP,52,49.2,1.087312731383618e-07
Park-Fav,MFGP,52,49.3,1.087312731383618e-07
Park-Fav,MFGP,52,49.4,1.087312731383618e-07
Park-Fav,MFGP,52,49.5,1.087312731383618e-07
Park-Fav,MFGP,52,49.6,1.087312731383618e-07
Park-Fav,MFGP,52,49.7,1.087312731383618e-07
Park-Fav,MFGP,52,49.8,1.087312731383618e-07
Park-Fav,MFGP,52,49.9,1.087312731383618e-07
Park-Fav,MFGP,53,4.5,8.154895512559703
Park-Fav,MFGP,53,4.6,8.154895512559703
Park-Fav,MFGP,53,4.7,8.154895512559703
Park-Fav,MFGP,53,4.8,8.154895512559703
Park-Fav,MFGP,53,4.9,8.154895512559703
Park-Fav,MFGP,53,5.0,8.154895512559703
Park-Fav,MFGP,53,5.1,8.154895512559703
Park-Fav,MFGP,53,5.2,8.154895512559703
Park-Fav,MFGP,53,5.3,8.154895512559703
Park-Fav,MFGP,53,5.4,8.154895512559703
Park-Fav,MFGP,53,5.5,8.154895512559703
Park-Fav,MFGP,53,6.5,1.552276366333939e-07
Park-Fav,MFGP,53,6.6,1.552276366333939e-07
Park-Fav,MFGP,53,6.7,1.552276366333939e-07
Park-Fav,MFGP,53,6.8,1.552276366333939e-07
Park-Fav,MFGP,53,6.9,1.552276366333939e-07
Park-Fav,MFGP,53,7.0,1.552276366333939e-07
Park-Fav,MFGP,53,7.1,1.552276366333939e-07
Park-Fav,MFGP,53,7.2,1.552276366333939e-07
Park-Fav,MFGP,53,7.3,1.552276366333939e-07
Park-Fav,MFGP,53,7.4,1.552276366333939e-07
Park-Fav,MFGP,53,7.5,1.552276366333939e-07
Park-Fav,MFGP,53,8.5,1.552276366333939e-07
Park-Fav,MFGP,53,8.6,1.552276366333939e-07
Park-Fav,MFGP,53,8.7,1.552276366333939e-07
Park-Fav,MFGP,53,8.8,1.552276366333939e-07
Park-Fav,MFGP,53,8.9,1.552276366333939e-07
Park-Fav,MFGP,53,9.0,1.552276366333939e-07
Park-Fav,MFGP,53,9.1,1.552276366333939e-07
Park-Fav,MFGP,53,9.2,1.552276366333939e-07
Park-Fav,MFGP,53,9.3,1.552276366333939e-07
Park-Fav,MFGP,53,9.4,1.552276366333939e-07
Park-Fav,MFGP,53,9.5,1.552276366333939e-07
Park-Fav,MFGP,53,10.5,1.552276366333939e-07
Park-Fav,MFGP,53,10.6,1.552276366333939e-07
Park-Fav,MFGP,53,10.7,1.552276366333939e-07
Park-Fav,MFGP,53,10.8,1.552276366333939e-07
Park-Fav,MFGP,53,10.9,1.552276366333939e-07
Park-Fav,MFGP,53,11.0,1.552276366333939e-07
Park-Fav,MFGP,53,11.1,1.552276366333939e-07
Park-Fav,MFGP,53,11.2,1.552276366333939e-07
Park-Fav,MFGP,53,11.3,1.552276366333939e-07
Park-Fav,MFGP,53,11.4,1.552276366333939e-07
Park-Fav,MFGP,53,11.5,1.552276366333939e-07
Park-Fav,MFGP,53,12.5,1.552276366333939e-07
Park-Fav,MFGP,53,12.6,1.552276366333939e-07
Park-Fav,MFGP,53,12.7,1.552276366333939e-07
Park-Fav,MFGP,53,12.8,1.552276366333939e-07
Park-Fav,MFGP,53,12.9,1.552276366333939e-07
Park-Fav,MFGP,53,13.0,1.552276366333939e-07
Park-Fav,MFGP,53,13.1,1.552276366333939e-07
Park-Fav,MFGP,53,13.2,1.552276366333939e-07
Park-Fav,MFGP,53,13.3,1.552276366333939e-07
Park-Fav,MFGP,53,13.4,1.552276366333939e-07
Park-Fav,MFGP,53,13.5,1.552276366333939e-07
Park-Fav,MFGP,53,14.5,1.552276366333939e-07
Park-Fav,MFGP,53,14.6,1.552276366333939e-07
Park-Fav,MFGP,53,14.7,1.552276366333939e-07
Park-Fav,MFGP,53,14.8,1.552276366333939e-07
Park-Fav,MFGP,53,14.9,1.552276366333939e-07
Park-Fav,MFGP,53,15.0,1.552276366333939e-07
Park-Fav,MFGP,53,15.1,1.552276366333939e-07
Park-Fav,MFGP,53,15.2,1.552276366333939e-07
Park-Fav,MFGP,53,15.3,1.552276366333939e-07
Park-Fav,MFGP,53,15.4,1.552276366333939e-07
Park-Fav,MFGP,53,15.5,1.552276366333939e-07
Park-Fav,MFGP,53,16.5,1.552276366333939e-07
Park-Fav,MFGP,53,16.6,1.552276366333939e-07
Park-Fav,MFGP,53,16.7,1.552276366333939e-07
Park-Fav,MFGP,53,16.8,1.552276366333939e-07
Park-Fav,MFGP,53,16.9,1.552276366333939e-07
Park-Fav,MFGP,53,17.0,1.552276366333939e-07
Park-Fav,MFGP,53,17.1,1.552276366333939e-07
Park-Fav,MFGP,53,17.2,1.552276366333939e-07
Park-Fav,MFGP,53,17.3,1.552276366333939e-07
Park-Fav,MFGP,53,17.4,1.552276366333939e-07
Park-Fav,MFGP,53,17.5,1.552276366333939e-07
Park-Fav,MFGP,53,18.5,1.552276366333939e-07
Park-Fav,MFGP,53,18.6,1.552276366333939e-07
Park-Fav,MFGP,53,18.7,1.552276366333939e-07
Park-Fav,MFGP,53,18.8,1.552276366333939e-07
Park-Fav,MFGP,53,18.9,1.552276366333939e-07
Park-Fav,MFGP,53,19.0,1.552276366333939e-07
Park-Fav,MFGP,53,19.1,1.552276366333939e-07
Park-Fav,MFGP,53,19.2,1.552276366333939e-07
Park-Fav,MFGP,53,19.3,1.552276366333939e-07
Park-Fav,MFGP,53,19.4,1.552276366333939e-07
Park-Fav,MFGP,53,19.5,1.552276366333939e-07
Park-Fav,MFGP,53,20.5,1.552276366333939e-07
Park-Fav,MFGP,53,20.6,1.552276366333939e-07
Park-Fav,MFGP,53,20.7,1.552276366333939e-07
Park-Fav,MFGP,53,20.8,1.552276366333939e-07
Park-Fav,MFGP,53,20.9,1.552276366333939e-07
Park-Fav,MFGP,53,21.0,1.552276366333939e-07
Park-Fav,MFGP,53,21.1,1.552276366333939e-07
Park-Fav,MFGP,53,21.2,1.552276366333939e-07
Park-Fav,MFGP,53,21.3,1.552276366333939e-07
Park-Fav,MFGP,53,21.4,1.552276366333939e-07
Park-Fav,MFGP,53,21.5,1.552276366333939e-07
Park-Fav,MFGP,53,22.5,1.552276366333939e-07
Park-Fav,MFGP,53,22.6,1.552276366333939e-07
Park-Fav,MFGP,53,22.7,1.552276366333939e-07
Park-Fav,MFGP,53,22.8,1.552276366333939e-07
Park-Fav,MFGP,53,22.9,1.552276366333939e-07
Park-Fav,MFGP,53,23.0,1.552276366333939e-07
Park-Fav,MFGP,53,23.1,1.552276366333939e-07
Park-Fav,MFGP,53,23.2,1.552276366333939e-07
Park-Fav,MFGP,53,23.3,1.552276366333939e-07
Park-Fav,MFGP,53,23.4,1.552276366333939e-07
Park-Fav,MFGP,53,23.5,1.552276366333939e-07
Park-Fav,MFGP,53,24.5,1.552276366333939e-07
Park-Fav,MFGP,53,24.6,1.552276366333939e-07
Park-Fav,MFGP,53,24.7,1.552276366333939e-07
Park-Fav,MFGP,53,24.8,1.552276366333939e-07
Park-Fav,MFGP,53,24.9,1.552276366333939e-07
Park-Fav,MFGP,53,25.0,1.552276366333939e-07
Park-Fav,MFGP,53,25.1,1.552276366333939e-07
Park-Fav,MFGP,53,25.2,1.552276366333939e-07
Park-Fav,MFGP,53,25.3,1.552276366333939e-07
Park-Fav,MFGP,53,25.4,1.552276366333939e-07
Park-Fav,MFGP,53,25.5,1.552276366333939e-07
Park-Fav,MFGP,53,26.5,1.552276366333939e-07
Park-Fav,MFGP,53,26.6,1.552276366333939e-07
Park-Fav,MFGP,53,26.7,1.552276366333939e-07
Park-Fav,MFGP,53,26.8,1.552276366333939e-07
Park-Fav,MFGP,53,26.9,1.552276366333939e-07
Park-Fav,MFGP,53,27.0,1.552276366333939e-07
Park-Fav,MFGP,53,27.1,1.552276366333939e-07
Park-Fav,MFGP,53,27.2,1.552276366333939e-07
Park-Fav,MFGP,53,27.3,1.552276366333939e-07
Park-Fav,MFGP,53,27.4,1.552276366333939e-07
Park-Fav,MFGP,53,27.5,1.552276366333939e-07
Park-Fav,MFGP,53,28.5,1.552276366333939e-07
Park-Fav,MFGP,53,28.6,1.552276366333939e-07
Park-Fav,MFGP,53,28.7,1.552276366333939e-07
Park-Fav,MFGP,53,28.8,1.552276366333939e-07
Park-Fav,MFGP,53,28.9,1.552276366333939e-07
Park-Fav,MFGP,53,29.0,1.552276366333939e-07
Park-Fav,MFGP,53,29.1,1.552276366333939e-07
Park-Fav,MFGP,53,29.2,1.552276366333939e-07
Park-Fav,MFGP,53,29.3,1.552276366333939e-07
Park-Fav,MFGP,53,29.4,1.552276366333939e-07
Park-Fav,MFGP,53,29.5,1.552276366333939e-07
Park-Fav,MFGP,53,30.5,1.552276366333939e-07
Park-Fav,MFGP,53,30.6,1.552276366333939e-07
Park-Fav,MFGP,53,30.7,1.552276366333939e-07
Park-Fav,MFGP,53,30.8,1.552276366333939e-07
Park-Fav,MFGP,53,30.9,1.552276366333939e-07
Park-Fav,MFGP,53,31.0,1.552276366333939e-07
Park-Fav,MFGP,53,31.1,1.552276366333939e-07
Park-Fav,MFGP,53,31.2,1.552276366333939e-07
Park-Fav,MFGP,53,31.3,1.552276366333939e-07
Park-Fav,MFGP,53,31.4,1.552276366333939e-07
Park-Fav,MFGP,53,31.5,1.552276366333939e-07
Park-Fav,MFGP,53,32.5,1.552276366333939e-07
Park-Fav,MFGP,53,32.6,1.552276366333939e-07
Park-Fav,MFGP,53,32.7,1.552276366333939e-07
Park-Fav,MFGP,53,32.8,1.552276366333939e-07
Park-Fav,MFGP,53,32.9,1.552276366333939e-07
Park-Fav,MFGP,53,33.0,1.552276366333939e-07
Park-Fav,MFGP,53,33.1,1.552276366333939e-07
Park-Fav,MFGP,53,33.2,1.552276366333939e-07
Park-Fav,MFGP,53,33.3,1.552276366333939e-07
Park-Fav,MFGP,53,33.4,1.552276366333939e-07
Park-Fav,MFGP,53,33.5,1.552276366333939e-07
Park-Fav,MFGP,53,34.5,1.552276366333939e-07
Park-Fav,MFGP,53,34.6,1.552276366333939e-07
Park-Fav,MFGP,53,34.7,1.552276366333939e-07
Park-Fav,MFGP,53,34.8,1.552276366333939e-07
Park-Fav,MFGP,53,34.9,1.552276366333939e-07
Park-Fav,MFGP,53,35.0,1.552276366333939e-07
Park-Fav,MFGP,53,35.1,1.552276366333939e-07
Park-Fav,MFGP,53,35.2,1.552276366333939e-07
Park-Fav,MFGP,53,35.3,1.552276366333939e-07
Park-Fav,MFGP,53,35.4,1.552276366333939e-07
Park-Fav,MFGP,53,35.5,1.552276366333939e-07
Park-Fav,MFGP,53,36.5,1.552276366333939e-07
Park-Fav,MFGP,53,36.6,1.552276366333939e-07
Park-Fav,MFGP,53,36.7,1.552276366333939e-07
Park-Fav,MFGP,53,36.8,1.552276366333939e-07
Park-Fav,MFGP,53,36.9,1.552276366333939e-07
Park-Fav,MFGP,53,37.0,1.552276366333939e-07
Park-Fav,MFGP,53,37.1,1.552276366333939e-07
Park-Fav,MFGP,53,37.2,1.552276366333939e-07
Park-Fav,MFGP,53,37.3,1.552276366333939e-07
Park-Fav,MFGP,53,37.4,1.552276366333939e-07
Park-Fav,MFGP,53,37.5,1.552276366333939e-07
Park-Fav,MFGP,53,38.5,1.552276366333939e-07
Park-Fav,MFGP,53,38.6,1.552276366333939e-07
Park-Fav,MFGP,53,38.7,1.552276366333939e-07
Park-Fav,MFGP,53,38.8,1.552276366333939e-07
Park-Fav,MFGP,53,38.9,1.552276366333939e-07
Park-Fav,MFGP,53,39.0,1.552276366333939e-07
Park-Fav,MFGP,53,39.1,1.552276366333939e-07
Park-Fav,MFGP,53,39.2,1.552276366333939e-07
Park-Fav,MFGP,53,39.3,1.552276366333939e-07
Park-Fav,MFGP,53,39.4,1.552276366333939e-07
Park-Fav,MFGP,53,39.5,1.552276366333939e-07
Park-Fav,MFGP,53,40.5,1.552276366333939e-07
Park-Fav,MFGP,53,40.6,1.552276366333939e-07
Park-Fav,MFGP,53,40.7,1.552276366333939e-07
Park-Fav,MFGP,53,40.8,1.552276366333939e-07
Park-Fav,MFGP,53,40.9,1.552276366333939e-07
Park-Fav,MFGP,53,41.0,1.552276366333939e-07
Park-Fav,MFGP,53,41.1,1.552276366333939e-07
Park-Fav,MFGP,53,41.2,1.552276366333939e-07
Park-Fav,MFGP,53,41.3,1.552276366333939e-07
Park-Fav,MFGP,53,41.4,1.552276366333939e-07
Park-Fav,MFGP,53,41.5,1.552276366333939e-07
Park-Fav,MFGP,53,42.5,1.552276366333939e-07
Park-Fav,MFGP,53,42.6,1.552276366333939e-07
Park-Fav,MFGP,53,42.7,1.552276366333939e-07
Park-Fav,MFGP,53,42.8,1.552276366333939e-07
Park-Fav,MFGP,53,42.9,1.552276366333939e-07
Park-Fav,MFGP,53,43.0,1.552276366333939e-07
Park-Fav,MFGP,53,43.1,1.552276366333939e-07
Park-Fav,MFGP,53,43.2,1.552276366333939e-07
Park-Fav,MFGP,53,43.3,1.552276366333939e-07
Park-Fav,MFGP,53,43.4,1.552276366333939e-07
Park-Fav,MFGP,53,43.5,1.552276366333939e-07
Park-Fav,MFGP,53,44.5,1.552276366333939e-07
Park-Fav,MFGP,53,44.6,1.552276366333939e-07
Park-Fav,MFGP,53,44.7,1.552276366333939e-07
Park-Fav,MFGP,53,44.8,1.552276366333939e-07
Park-Fav,MFGP,53,44.9,1.552276366333939e-07
Park-Fav,MFGP,53,45.0,1.552276366333939e-07
Park-Fav,MFGP,53,45.1,1.552276366333939e-07
Park-Fav,MFGP,53,45.2,1.552276366333939e-07
Park-Fav,MFGP,53,45.3,1.552276366333939e-07
Park-Fav,MFGP,53,45.4,1.552276366333939e-07
Park-Fav,MFGP,53,45.5,1.552276366333939e-07
Park-Fav,MFGP,53,46.5,1.087312731383618e-07
Park-Fav,MFGP,53,46.6,1.087312731383618e-07
Park-Fav,MFGP,53,46.7,1.087312731383618e-07
Park-Fav,MFGP,53,46.8,1.087312731383618e-07
Park-Fav,MFGP,53,46.9,1.087312731383618e-07
Park-Fav,MFGP,53,47.0,1.087312731383618e-07
Park-Fav,MFGP,53,47.1,1.087312731383618e-07
Park-Fav,MFGP,53,47.2,1.087312731383618e-07
Park-Fav,MFGP,53,47.3,1.087312731383618e-07
Park-Fav,MFGP,53,47.4,1.087312731383618e-07
Park-Fav,MFGP,53,47.5,1.087312731383618e-07
Park-Fav,MFGP,53,48.5,1.087312731383618e-07
Park-Fav,MFGP,53,48.6,1.087312731383618e-07
Park-Fav,MFGP,53,48.7,1.087312731383618e-07
Park-Fav,MFGP,53,48.8,1.087312731383618e-07
Park-Fav,MFGP,53,48.9,1.087312731383618e-07
Park-Fav,MFGP,53,49.0,1.087312731383618e-07
Park-Fav,MFGP,53,49.1,1.087312731383618e-07
Park-Fav,MFGP,53,49.2,1.087312731383618e-07
Park-Fav,MFGP,53,49.3,1.087312731383618e-07
Park-Fav,MFGP,53,49.4,1.087312731383618e-07
Park-Fav,MFGP,53,49.5,1.087312731383618e-07
Park-Fav,MFGP,53,49.6,1.087312731383618e-07
Park-Fav,MFGP,53,49.7,1.087312731383618e-07
Park-Fav,MFGP,53,49.8,1.087312731383618e-07
Park-Fav,MFGP,53,49.9,1.087312731383618e-07
Park-Fav,MFGP,54,4.5,6.918929407728693
Park-Fav,MFGP,54,4.6,6.918929407728693
Park-Fav,MFGP,54,4.7,6.918929407728693
Park-Fav,MFGP,54,4.8,6.918929407728693
Park-Fav,MFGP,54,4.9,6.918929407728693
Park-Fav,MFGP,54,5.0,6.918929407728693
Park-Fav,MFGP,54,5.1,6.918929407728693
Park-Fav,MFGP,54,5.2,6.918929407728693
Park-Fav,MFGP,54,5.3,6.918929407728693
Park-Fav,MFGP,54,5.4,6.918929407728693
Park-Fav,MFGP,54,5.5,6.918929407728693
Park-Fav,MFGP,54,6.5,1.541513844536675e-07
Park-Fav,MFGP,54,6.6,1.541513844536675e-07
Park-Fav,MFGP,54,6.7,1.541513844536675e-07
Park-Fav,MFGP,54,6.8,1.541513844536675e-07
Park-Fav,MFGP,54,6.9,1.541513844536675e-07
Park-Fav,MFGP,54,7.0,1.541513844536675e-07
Park-Fav,MFGP,54,7.1,1.541513844536675e-07
Park-Fav,MFGP,54,7.2,1.541513844536675e-07
Park-Fav,MFGP,54,7.3,1.541513844536675e-07
Park-Fav,MFGP,54,7.4,1.541513844536675e-07
Park-Fav,MFGP,54,7.5,1.541513844536675e-07
Park-Fav,MFGP,54,8.5,1.541513844536675e-07
Park-Fav,MFGP,54,8.6,1.541513844536675e-07
Park-Fav,MFGP,54,8.7,1.541513844536675e-07
Park-Fav,MFGP,54,8.8,1.541513844536675e-07
Park-Fav,MFGP,54,8.9,1.541513844536675e-07
Park-Fav,MFGP,54,9.0,1.541513844536675e-07
Park-Fav,MFGP,54,9.1,1.541513844536675e-07
Park-Fav,MFGP,54,9.2,1.541513844536675e-07
Park-Fav,MFGP,54,9.3,1.541513844536675e-07
Park-Fav,MFGP,54,9.4,1.541513844536675e-07
Park-Fav,MFGP,54,9.5,1.541513844536675e-07
Park-Fav,MFGP,54,10.5,1.541513844536675e-07
Park-Fav,MFGP,54,10.6,1.541513844536675e-07
Park-Fav,MFGP,54,10.7,1.541513844536675e-07
Park-Fav,MFGP,54,10.8,1.541513844536675e-07
Park-Fav,MFGP,54,10.9,1.541513844536675e-07
Park-Fav,MFGP,54,11.0,1.541513844536675e-07
Park-Fav,MFGP,54,11.1,1.541513844536675e-07
Park-Fav,MFGP,54,11.2,1.541513844536675e-07
Park-Fav,MFGP,54,11.3,1.541513844536675e-07
Park-Fav,MFGP,54,11.4,1.541513844536675e-07
Park-Fav,MFGP,54,11.5,1.541513844536675e-07
Park-Fav,MFGP,54,12.5,1.541513844536675e-07
Park-Fav,MFGP,54,12.6,1.541513844536675e-07
Park-Fav,MFGP,54,12.7,1.541513844536675e-07
Park-Fav,MFGP,54,12.8,1.541513844536675e-07
Park-Fav,MFGP,54,12.9,1.541513844536675e-07
Park-Fav,MFGP,54,13.0,1.541513844536675e-07
Park-Fav,MFGP,54,13.1,1.541513844536675e-07
Park-Fav,MFGP,54,13.2,1.541513844536675e-07
Park-Fav,MFGP,54,13.3,1.541513844536675e-07
Park-Fav,MFGP,54,13.4,1.541513844536675e-07
Park-Fav,MFGP,54,13.5,1.541513844536675e-07
Park-Fav,MFGP,54,14.5,1.541513844536675e-07
Park-Fav,MFGP,54,14.6,1.541513844536675e-07
Park-Fav,MFGP,54,14.7,1.541513844536675e-07
Park-Fav,MFGP,54,14.8,1.541513844536675e-07
Park-Fav,MFGP,54,14.9,1.541513844536675e-07
Park-Fav,MFGP,54,15.0,1.541513844536675e-07
Park-Fav,MFGP,54,15.1,1.541513844536675e-07
Park-Fav,MFGP,54,15.2,1.541513844536675e-07
Park-Fav,MFGP,54,15.3,1.541513844536675e-07
Park-Fav,MFGP,54,15.4,1.541513844536675e-07
Park-Fav,MFGP,54,15.5,1.541513844536675e-07
Park-Fav,MFGP,54,16.5,1.541513844536675e-07
Park-Fav,MFGP,54,16.6,1.541513844536675e-07
Park-Fav,MFGP,54,16.7,1.541513844536675e-07
Park-Fav,MFGP,54,16.8,1.541513844536675e-07
Park-Fav,MFGP,54,16.9,1.541513844536675e-07
Park-Fav,MFGP,54,17.0,1.541513844536675e-07
Park-Fav,MFGP,54,17.1,1.541513844536675e-07
Park-Fav,MFGP,54,17.2,1.541513844536675e-07
Park-Fav,MFGP,54,17.3,1.541513844536675e-07
Park-Fav,MFGP,54,17.4,1.541513844536675e-07
Park-Fav,MFGP,54,17.5,1.541513844536675e-07
Park-Fav,MFGP,54,18.5,1.541513844536675e-07
Park-Fav,MFGP,54,18.6,1.541513844536675e-07
Park-Fav,MFGP,54,18.7,1.541513844536675e-07
Park-Fav,MFGP,54,18.8,1.541513844536675e-07
Park-Fav,MFGP,54,18.9,1.541513844536675e-07
Park-Fav,MFGP,54,19.0,1.541513844536675e-07
Park-Fav,MFGP,54,19.1,1.541513844536675e-07
Park-Fav,MFGP,54,19.2,1.541513844536675e-07
Park-Fav,MFGP,54,19.3,1.541513844536675e-07
Park-Fav,MFGP,54,19.4,1.541513844536675e-07
Park-Fav,MFGP,54,19.5,1.541513844536675e-07
Park-Fav,MFGP,54,20.5,1.541513844536675e-07
Park-Fav,MFGP,54,20.6,1.541513844536675e-07
Park-Fav,MFGP,54,20.7,1.541513844536675e-07
Park-Fav,MFGP,54,20.8,1.541513844536675e-07
Park-Fav,MFGP,54,20.9,1.541513844536675e-07
Park-Fav,MFGP,54,21.0,1.541513844536675e-07
Park-Fav,MFGP,54,21.1,1.541513844536675e-07
Park-Fav,MFGP,54,21.2,1.541513844536675e-07
Park-Fav,MFGP,54,21.3,1.541513844536675e-07
Park-Fav,MFGP,54,21.4,1.541513844536675e-07
Park-Fav,MFGP,54,21.5,1.541513844536675e-07
Park-Fav,MFGP,54,22.5,1.541513844536675e-07
Park-Fav,MFGP,54,22.6,1.541513844536675e-07
Park-Fav,MFGP,54,22.7,1.541513844536675e-07
Park-Fav,MFGP,54,22.8,1.541513844536675e-07
Park-Fav,MFGP,54,22.9,1.541513844536675e-07
Park-Fav,MFGP,54,23.0,1.541513844536675e-07
Park-Fav,MFGP,54,23.1,1.541513844536675e-07
Park-Fav,MFGP,54,23.2,1.541513844536675e-07
Park-Fav,MFGP,54,23.3,1.541513844536675e-07
Park-Fav,MFGP,54,23.4,1.541513844536675e-07
Park-Fav,MFGP,54,23.5,1.541513844536675e-07
Park-Fav,MFGP,54,24.5,1.541513844536675e-07
Park-Fav,MFGP,54,24.6,1.541513844536675e-07
Park-Fav,MFGP,54,24.7,1.541513844536675e-07
Park-Fav,MFGP,54,24.8,1.541513844536675e-07
Park-Fav,MFGP,54,24.9,1.541513844536675e-07
Park-Fav,MFGP,54,25.0,1.541513844536675e-07
Park-Fav,MFGP,54,25.1,1.541513844536675e-07
Park-Fav,MFGP,54,25.2,1.541513844536675e-07
Park-Fav,MFGP,54,25.3,1.541513844536675e-07
Park-Fav,MFGP,54,25.4,1.541513844536675e-07
Park-Fav,MFGP,54,25.5,1.541513844536675e-07
Park-Fav,MFGP,54,26.5,1.541513844536675e-07
Park-Fav,MFGP,54,26.6,1.541513844536675e-07
Park-Fav,MFGP,54,26.7,1.541513844536675e-07
Park-Fav,MFGP,54,26.8,1.541513844536675e-07
Park-Fav,MFGP,54,26.9,1.541513844536675e-07
Park-Fav,MFGP,54,27.0,1.541513844536675e-07
Park-Fav,MFGP,54,27.1,1.541513844536675e-07
Park-Fav,MFGP,54,27.2,1.541513844536675e-07
Park-Fav,MFGP,54,27.3,1.541513844536675e-07
Park-Fav,MFGP,54,27.4,1.541513844536675e-07
Park-Fav,MFGP,54,27.5,1.541513844536675e-07
Park-Fav,MFGP,54,28.5,1.541513844536675e-07
Park-Fav,MFGP,54,28.6,1.541513844536675e-07
Park-Fav,MFGP,54,28.7,1.541513844536675e-07
Park-Fav,MFGP,54,28.8,1.541513844536675e-07
Park-Fav,MFGP,54,28.9,1.541513844536675e-07
Park-Fav,MFGP,54,29.0,1.541513844536675e-07
Park-Fav,MFGP,54,29.1,1.541513844536675e-07
Park-Fav,MFGP,54,29.2,1.541513844536675e-07
Park-Fav,MFGP,54,29.3,1.541513844536675e-07
Park-Fav,MFGP,54,29.4,1.541513844536675e-07
Park-Fav,MFGP,54,29.5,1.541513844536675e-07
Park-Fav,MFGP,54,30.5,1.541513844536675e-07
Park-Fav,MFGP,54,30.6,1.541513844536675e-07
Park-Fav,MFGP,54,30.7,1.541513844536675e-07
Park-Fav,MFGP,54,30.8,1.541513844536675e-07
Park-Fav,MFGP,54,30.9,1.541513844536675e-07
Park-Fav,MFGP,54,31.0,1.541513844536675e-07
Park-Fav,MFGP,54,31.1,1.541513844536675e-07
Park-Fav,MFGP,54,31.2,1.541513844536675e-07
Park-Fav,MFGP,54,31.3,1.541513844536675e-07
Park-Fav,MFGP,54,31.4,1.541513844536675e-07
Park-Fav,MFGP,54,31.5,1.541513844536675e-07
Park-Fav,MFGP,54,32.5,1.541513844536675e-07
Park-Fav,MFGP,54,32.6,1.541513844536675e-07
Park-Fav,MFGP,54,32.7,1.541513844536675e-07
Park-Fav,MFGP,54,32.8,1.541513844536675e-07
Park-Fav,MFGP,54,32.9,1.541513844536675e-07
Park-Fav,MFGP,54,33.0,1.541513844536675e-07
Park-Fav,MFGP,54,33.1,1.541513844536675e-07
Park-Fav,MFGP,54,33.2,1.541513844536675e-07
Park-Fav,MFGP,54,33.3,1.541513844536675e-07
Park-Fav,MFGP,54,33.4,1.541513844536675e-07
Park-Fav,MFGP,54,33.5,1.541513844536675e-07
Park-Fav,MFGP,54,34.5,1.541513844536675e-07
Park-Fav,MFGP,54,34.6,1.541513844536675e-07
Park-Fav,MFGP,54,34.7,1.541513844536675e-07
Park-Fav,MFGP,54,34.8,1.541513844536675e-07
Park-Fav,MFGP,54,34.9,1.541513844536675e-07
Park-Fav,MFGP,54,35.0,1.541513844536675e-07
Park-Fav,MFGP,54,35.1,1.541513844536675e-07
Park-Fav,MFGP,54,35.2,1.541513844536675e-07
Park-Fav,MFGP,54,35.3,1.541513844536675e-07
Park-Fav,MFGP,54,35.4,1.541513844536675e-07
Park-Fav,MFGP,54,35.5,1.541513844536675e-07
Park-Fav,MFGP,54,36.5,1.541513844536675e-07
Park-Fav,MFGP,54,36.6,1.541513844536675e-07
Park-Fav,MFGP,54,36.7,1.541513844536675e-07
Park-Fav,MFGP,54,36.8,1.541513844536675e-07
Park-Fav,MFGP,54,36.9,1.541513844536675e-07
Park-Fav,MFGP,54,37.0,1.541513844536675e-07
Park-Fav,MFGP,54,37.1,1.541513844536675e-07
Park-Fav,MFGP,54,37.2,1.541513844536675e-07
Park-Fav,MFGP,54,37.3,1.541513844536675e-07
Park-Fav,MFGP,54,37.4,1.541513844536675e-07
Park-Fav,MFGP,54,37.5,1.541513844536675e-07
Park-Fav,MFGP,54,38.5,1.541513844536675e-07
Park-Fav,MFGP,54,38.6,1.541513844536675e-07
Park-Fav,MFGP,54,38.7,1.541513844536675e-07
Park-Fav,MFGP,54,38.8,1.541513844536675e-07
Park-Fav,MFGP,54,38.9,1.541513844536675e-07
Park-Fav,MFGP,54,39.0,1.541513844536675e-07
Park-Fav,MFGP,54,39.1,1.541513844536675e-07
Park-Fav,MFGP,54,39.2,1.541513844536675e-07
Park-Fav,MFGP,54,39.3,1.541513844536675e-07
Park-Fav,MFGP,54,39.4,1.541513844536675e-07
Park-Fav,MFGP,54,39.5,1.541513844536675e-07
Park-Fav,MFGP,54,40.5,1.541513844536675e-07
Park-Fav,MFGP,54,40.6,1.541513844536675e-07
Park-Fav,MFGP,54,40.7,1.541513844536675e-07
Park-Fav,MFGP,54,40.8,1.541513844536675e-07
Park-Fav,MFGP,54,40.9,1.541513844536675e-07
Park-Fav,MFGP,54,41.0,1.541513844536675e-07
Park-Fav,MFGP,54,41.1,1.541513844536675e-07
Park-Fav,MFGP,54,41.2,1.541513844536675e-07
Park-Fav,MFGP,54,41.3,1.541513844536675e-07
Park-Fav,MFGP,54,41.4,1.541513844536675e-07
Park-Fav,MFGP,54,41.5,1.541513844536675e-07
Park-Fav,MFGP,54,42.5,1.541513844536675e-07
Park-Fav,MFGP,54,42.6,1.541513844536675e-07
Park-Fav,MFGP,54,42.7,1.541513844536675e-07
Park-Fav,MFGP,54,42.8,1.541513844536675e-07
Park-Fav,MFGP,54,42.9,1.541513844536675e-07
Park-Fav,MFGP,54,43.0,1.541513844536675e-07
Park-Fav,MFGP,54,43.1,1.541513844536675e-07
Park-Fav,MFGP,54,43.2,1.541513844536675e-07
Park-Fav,MFGP,54,43.3,1.541513844536675e-07
Park-Fav,MFGP,54,43.4,1.541513844536675e-07
Park-Fav,MFGP,54,43.5,1.541513844536675e-07
Park-Fav,MFGP,54,44.5,1.541513844536675e-07
Park-Fav,MFGP,54,44.6,1.541513844536675e-07
Park-Fav,MFGP,54,44.7,1.541513844536675e-07
Park-Fav,MFGP,54,44.8,1.541513844536675e-07
Park-Fav,MFGP,54,44.9,1.541513844536675e-07
Park-Fav,MFGP,54,45.0,1.541513844536675e-07
Park-Fav,MFGP,54,45.1,1.541513844536675e-07
Park-Fav,MFGP,54,45.2,1.541513844536675e-07
Park-Fav,MFGP,54,45.3,1.541513844536675e-07
Park-Fav,MFGP,54,45.4,1.541513844536675e-07
Park-Fav,MFGP,54,45.5,1.541513844536675e-07
Park-Fav,MFGP,54,46.5,1.087312731383618e-07
Park-Fav,MFGP,54,46.6,1.087312731383618e-07
Park-Fav,MFGP,54,46.7,1.087312731383618e-07
Park-Fav,MFGP,54,46.8,1.087312731383618e-07
Park-Fav,MFGP,54,46.9,1.087312731383618e-07
Park-Fav,MFGP,54,47.0,1.087312731383618e-07
Park-Fav,MFGP,54,47.1,1.087312731383618e-07
Park-Fav,MFGP,54,47.2,1.087312731383618e-07
Park-Fav,MFGP,54,47.3,1.087312731383618e-07
Park-Fav,MFGP,54,47.4,1.087312731383618e-07
Park-Fav,MFGP,54,47.5,1.087312731383618e-07
Park-Fav,MFGP,54,48.5,1.087312731383618e-07
Park-Fav,MFGP,54,48.6,1.087312731383618e-07
Park-Fav,MFGP,54,48.7,1.087312731383618e-07
Park-Fav,MFGP,54,48.8,1.087312731383618e-07
Park-Fav,MFGP,54,48.9,1.087312731383618e-07
Park-Fav,MFGP,54,49.0,1.087312731383618e-07
Park-Fav,MFGP,54,49.1,1.087312731383618e-07
Park-Fav,MFGP,54,49.2,1.087312731383618e-07
Park-Fav,MFGP,54,49.3,1.087312731383618e-07
Park-Fav,MFGP,54,49.4,1.087312731383618e-07
Park-Fav,MFGP,54,49.5,1.087312731383618e-07
Park-Fav,MFGP,54,49.6,1.087312731383618e-07
Park-Fav,MFGP,54,49.7,1.087312731383618e-07
Park-Fav,MFGP,54,49.8,1.087312731383618e-07
Park-Fav,MFGP,54,49.9,1.087312731383618e-07
Park-Fav,MFGP,55,4.5,7.582084872140787
Park-Fav,MFGP,55,4.6,7.582084872140787
Park-Fav,MFGP,55,4.7,7.582084872140787
Park-Fav,MFGP,55,4.8,7.582084872140787
Park-Fav,MFGP,55,4.9,7.582084872140787
Park-Fav,MFGP,55,5.0,7.582084872140787
Park-Fav,MFGP,55,5.1,7.582084872140787
Park-Fav,MFGP,55,5.2,7.582084872140787
Park-Fav,MFGP,55,5.3,7.582084872140787
Park-Fav,MFGP,55,5.4,7.582084872140787
Park-Fav,MFGP,55,5.5,7.582084872140787
Park-Fav,MFGP,55,6.5,1.8121879671878185
Park-Fav,MFGP,55,6.6,1.8121879671878185
Park-Fav,MFGP,55,6.7,1.8121879671878185
Park-Fav,MFGP,55,6.8,1.8121879671878185
Park-Fav,MFGP,55,6.9,1.8121879671878185
Park-Fav,MFGP,55,7.0,1.8121879671878185
Park-Fav,MFGP,55,7.1,1.8121879671878185
Park-Fav,MFGP,55,7.2,1.8121879671878185
Park-Fav,MFGP,55,7.3,1.8121879671878185
Park-Fav,MFGP,55,7.4,1.8121879671878185
Park-Fav,MFGP,55,7.5,1.8121879671878185
Park-Fav,MFGP,55,8.5,1.560885138775958e-07
Park-Fav,MFGP,55,8.6,1.560885138775958e-07
Park-Fav,MFGP,55,8.7,1.560885138775958e-07
Park-Fav,MFGP,55,8.8,1.560885138775958e-07
Park-Fav,MFGP,55,8.9,1.560885138775958e-07
Park-Fav,MFGP,55,9.0,1.560885138775958e-07
Park-Fav,MFGP,55,9.1,1.560885138775958e-07
Park-Fav,MFGP,55,9.2,1.560885138775958e-07
Park-Fav,MFGP,55,9.3,1.560885138775958e-07
Park-Fav,MFGP,55,9.4,1.560885138775958e-07
Park-Fav,MFGP,55,9.5,1.560885138775958e-07
Park-Fav,MFGP,55,10.5,1.560885138775958e-07
Park-Fav,MFGP,55,10.6,1.560885138775958e-07
Park-Fav,MFGP,55,10.7,1.560885138775958e-07
Park-Fav,MFGP,55,10.8,1.560885138775958e-07
Park-Fav,MFGP,55,10.9,1.560885138775958e-07
Park-Fav,MFGP,55,11.0,1.560885138775958e-07
Park-Fav,MFGP,55,11.1,1.560885138775958e-07
Park-Fav,MFGP,55,11.2,1.560885138775958e-07
Park-Fav,MFGP,55,11.3,1.560885138775958e-07
Park-Fav,MFGP,55,11.4,1.560885138775958e-07
Park-Fav,MFGP,55,11.5,1.560885138775958e-07
Park-Fav,MFGP,55,12.5,1.560885138775958e-07
Park-Fav,MFGP,55,12.6,1.560885138775958e-07
Park-Fav,MFGP,55,12.7,1.560885138775958e-07
Park-Fav,MFGP,55,12.8,1.560885138775958e-07
Park-Fav,MFGP,55,12.9,1.560885138775958e-07
Park-Fav,MFGP,55,13.0,1.560885138775958e-07
Park-Fav,MFGP,55,13.1,1.560885138775958e-07
Park-Fav,MFGP,55,13.2,1.560885138775958e-07
Park-Fav,MFGP,55,13.3,1.560885138775958e-07
Park-Fav,MFGP,55,13.4,1.560885138775958e-07
Park-Fav,MFGP,55,13.5,1.560885138775958e-07
Park-Fav,MFGP,55,14.5,1.560885138775958e-07
Park-Fav,MFGP,55,14.6,1.560885138775958e-07
Park-Fav,MFGP,55,14.7,1.560885138775958e-07
Park-Fav,MFGP,55,14.8,1.560885138775958e-07
Park-Fav,MFGP,55,14.9,1.560885138775958e-07
Park-Fav,MFGP,55,15.0,1.560885138775958e-07
Park-Fav,MFGP,55,15.1,1.560885138775958e-07
Park-Fav,MFGP,55,15.2,1.560885138775958e-07
Park-Fav,MFGP,55,15.3,1.560885138775958e-07
Park-Fav,MFGP,55,15.4,1.560885138775958e-07
Park-Fav,MFGP,55,15.5,1.560885138775958e-07
Park-Fav,MFGP,55,16.5,1.560885138775958e-07
Park-Fav,MFGP,55,16.6,1.560885138775958e-07
Park-Fav,MFGP,55,16.7,1.560885138775958e-07
Park-Fav,MFGP,55,16.8,1.560885138775958e-07
Park-Fav,MFGP,55,16.9,1.560885138775958e-07
Park-Fav,MFGP,55,17.0,1.560885138775958e-07
Park-Fav,MFGP,55,17.1,1.560885138775958e-07
Park-Fav,MFGP,55,17.2,1.560885138775958e-07
Park-Fav,MFGP,55,17.3,1.560885138775958e-07
Park-Fav,MFGP,55,17.4,1.560885138775958e-07
Park-Fav,MFGP,55,17.5,1.560885138775958e-07
Park-Fav,MFGP,55,18.5,1.560885138775958e-07
Park-Fav,MFGP,55,18.6,1.560885138775958e-07
Park-Fav,MFGP,55,18.7,1.560885138775958e-07
Park-Fav,MFGP,55,18.8,1.560885138775958e-07
Park-Fav,MFGP,55,18.9,1.560885138775958e-07
Park-Fav,MFGP,55,19.0,1.560885138775958e-07
Park-Fav,MFGP,55,19.1,1.560885138775958e-07
Park-Fav,MFGP,55,19.2,1.560885138775958e-07
Park-Fav,MFGP,55,19.3,1.560885138775958e-07
Park-Fav,MFGP,55,19.4,1.560885138775958e-07
Park-Fav,MFGP,55,19.5,1.560885138775958e-07
Park-Fav,MFGP,55,20.5,1.560885138775958e-07
Park-Fav,MFGP,55,20.6,1.560885138775958e-07
Park-Fav,MFGP,55,20.7,1.560885138775958e-07
Park-Fav,MFGP,55,20.8,1.560885138775958e-07
Park-Fav,MFGP,55,20.9,1.560885138775958e-07
Park-Fav,MFGP,55,21.0,1.560885138775958e-07
Park-Fav,MFGP,55,21.1,1.560885138775958e-07
Park-Fav,MFGP,55,21.2,1.560885138775958e-07
Park-Fav,MFGP,55,21.3,1.560885138775958e-07
Park-Fav,MFGP,55,21.4,1.560885138775958e-07
Park-Fav,MFGP,55,21.5,1.560885138775958e-07
Park-Fav,MFGP,55,22.5,1.560885138775958e-07
Park-Fav,MFGP,55,22.6,1.560885138775958e-07
Park-Fav,MFGP,55,22.7,1.560885138775958e-07
Park-Fav,MFGP,55,22.8,1.560885138775958e-07
Park-Fav,MFGP,55,22.9,1.560885138775958e-07
Park-Fav,MFGP,55,23.0,1.560885138775958e-07
Park-Fav,MFGP,55,23.1,1.560885138775958e-07
Park-Fav,MFGP,55,23.2,1.560885138775958e-07
Park-Fav,MFGP,55,23.3,1.560885138775958e-07
Park-Fav,MFGP,55,23.4,1.560885138775958e-07
Park-Fav,MFGP,55,23.5,1.560885138775958e-07
Park-Fav,MFGP,55,24.5,1.560885138775958e-07
Park-Fav,MFGP,55,24.6,1.560885138775958e-07
Park-Fav,MFGP,55,24.7,1.560885138775958e-07
Park-Fav,MFGP,55,24.8,1.560885138775958e-07
Park-Fav,MFGP,55,24.9,1.560885138775958e-07
Park-Fav,MFGP,55,25.0,1.560885138775958e-07
Park-Fav,MFGP,55,25.1,1.560885138775958e-07
Park-Fav,MFGP,55,25.2,1.560885138775958e-07
Park-Fav,MFGP,55,25.3,1.560885138775958e-07
Park-Fav,MFGP,55,25.4,1.560885138775958e-07
Park-Fav,MFGP,55,25.5,1.560885138775958e-07
Park-Fav,MFGP,55,26.5,1.560885138775958e-07
Park-Fav,MFGP,55,26.6,1.560885138775958e-07
Park-Fav,MFGP,55,26.7,1.560885138775958e-07
Park-Fav,MFGP,55,26.8,1.560885138775958e-07
Park-Fav,MFGP,55,26.9,1.560885138775958e-07
Park-Fav,MFGP,55,27.0,1.560885138775958e-07
Park-Fav,MFGP,55,27.1,1.560885138775958e-07
Park-Fav,MFGP,55,27.2,1.560885138775958e-07
Park-Fav,MFGP,55,27.3,1.560885138775958e-07
Park-Fav,MFGP,55,27.4,1.560885138775958e-07
Park-Fav,MFGP,55,27.5,1.560885138775958e-07
Park-Fav,MFGP,55,28.5,1.560885138775958e-07
Park-Fav,MFGP,55,28.6,1.560885138775958e-07
Park-Fav,MFGP,55,28.7,1.560885138775958e-07
Park-Fav,MFGP,55,28.8,1.560885138775958e-07
Park-Fav,MFGP,55,28.9,1.560885138775958e-07
Park-Fav,MFGP,55,29.0,1.560885138775958e-07
Park-Fav,MFGP,55,29.1,1.560885138775958e-07
Park-Fav,MFGP,55,29.2,1.560885138775958e-07
Park-Fav,MFGP,55,29.3,1.560885138775958e-07
Park-Fav,MFGP,55,29.4,1.560885138775958e-07
Park-Fav,MFGP,55,29.5,1.560885138775958e-07
Park-Fav,MFGP,55,30.5,1.560885138775958e-07
Park-Fav,MFGP,55,30.6,1.560885138775958e-07
Park-Fav,MFGP,55,30.7,1.560885138775958e-07
Park-Fav,MFGP,55,30.8,1.560885138775958e-07
Park-Fav,MFGP,55,30.9,1.560885138775958e-07
Park-Fav,MFGP,55,31.0,1.560885138775958e-07
Park-Fav,MFGP,55,31.1,1.560885138775958e-07
Park-Fav,MFGP,55,31.2,1.560885138775958e-07
Park-Fav,MFGP,55,31.3,1.560885138775958e-07
Park-Fav,MFGP,55,31.4,1.560885138775958e-07
Park-Fav,MFGP,55,31.5,1.560885138775958e-07
Park-Fav,MFGP,55,32.5,1.560885138775958e-07
Park-Fav,MFGP,55,32.6,1.560885138775958e-07
Park-Fav,MFGP,55,32.7,1.560885138775958e-07
Park-Fav,MFGP,55,32.8,1.560885138775958e-07
Park-Fav,MFGP,55,32.9,1.560885138775958e-07
Park-Fav,MFGP,55,33.0,1.560885138775958e-07
Park-Fav,MFGP,55,33.1,1.560885138775958e-07
Park-Fav,MFGP,55,33.2,1.560885138775958e-07
Park-Fav,MFGP,55,33.3,1.560885138775958e-07
Park-Fav,MFGP,55,33.4,1.560885138775958e-07
Park-Fav,MFGP,55,33.5,1.560885138775958e-07
Park-Fav,MFGP,55,34.5,1.560885138775958e-07
Park-Fav,MFGP,55,34.6,1.560885138775958e-07
Park-Fav,MFGP,55,34.7,1.560885138775958e-07
Park-Fav,MFGP,55,34.8,1.560885138775958e-07
Park-Fav,MFGP,55,34.9,1.560885138775958e-07
Park-Fav,MFGP,55,35.0,1.560885138775958e-07
Park-Fav,MFGP,55,35.1,1.560885138775958e-07
Park-Fav,MFGP,55,35.2,1.560885138775958e-07
Park-Fav,MFGP,55,35.3,1.560885138775958e-07
Park-Fav,MFGP,55,35.4,1.560885138775958e-07
Park-Fav,MFGP,55,35.5,1.560885138775958e-07
Park-Fav,MFGP,55,36.5,1.560885138775958e-07
Park-Fav,MFGP,55,36.6,1.560885138775958e-07
Park-Fav,MFGP,55,36.7,1.560885138775958e-07
Park-Fav,MFGP,55,36.8,1.560885138775958e-07
Park-Fav,MFGP,55,36.9,1.560885138775958e-07
Park-Fav,MFGP,55,37.0,1.560885138775958e-07
Park-Fav,MFGP,55,37.1,1.560885138775958e-07
Park-Fav,MFGP,55,37.2,1.560885138775958e-07
Park-Fav,MFGP,55,37.3,1.560885138775958e-07
Park-Fav,MFGP,55,37.4,1.560885138775958e-07
Park-Fav,MFGP,55,37.5,1.560885138775958e-07
Park-Fav,MFGP,55,38.5,1.560885138775958e-07
Park-Fav,MFGP,55,38.6,1.560885138775958e-07
Park-Fav,MFGP,55,38.7,1.560885138775958e-07
Park-Fav,MFGP,55,38.8,1.560885138775958e-07
Park-Fav,MFGP,55,38.9,1.560885138775958e-07
Park-Fav,MFGP,55,39.0,1.560885138775958e-07
Park-Fav,MFGP,55,39.1,1.560885138775958e-07
Park-Fav,MFGP,55,39.2,1.560885138775958e-07
Park-Fav,MFGP,55,39.3,1.560885138775958e-07
Park-Fav,MFGP,55,39.4,1.560885138775958e-07
Park-Fav,MFGP,55,39.5,1.560885138775958e-07
Park-Fav,MFGP,55,40.5,1.560885138775958e-07
Park-Fav,MFGP,55,40.6,1.560885138775958e-07
Park-Fav,MFGP,55,40.7,1.560885138775958e-07
Park-Fav,MFGP,55,40.8,1.560885138775958e-07
Park-Fav,MFGP,55,40.9,1.560885138775958e-07
Park-Fav,MFGP,55,41.0,1.560885138775958e-07
Park-Fav,MFGP,55,41.1,1.560885138775958e-07
Park-Fav,MFGP,55,41.2,1.560885138775958e-07
Park-Fav,MFGP,55,41.3,1.560885138775958e-07
Park-Fav,MFGP,55,41.4,1.560885138775958e-07
Park-Fav,MFGP,55,41.5,1.560885138775958e-07
Park-Fav,MFGP,55,42.5,1.560885138775958e-07
Park-Fav,MFGP,55,42.6,1.560885138775958e-07
Park-Fav,MFGP,55,42.7,1.560885138775958e-07
Park-Fav,MFGP,55,42.8,1.560885138775958e-07
Park-Fav,MFGP,55,42.9,1.560885138775958e-07
Park-Fav,MFGP,55,43.0,1.560885138775958e-07
Park-Fav,MFGP,55,43.1,1.560885138775958e-07
Park-Fav,MFGP,55,43.2,1.560885138775958e-07
Park-Fav,MFGP,55,43.3,1.560885138775958e-07
Park-Fav,MFGP,55,43.4,1.560885138775958e-07
Park-Fav,MFGP,55,43.5,1.560885138775958e-07
Park-Fav,MFGP,55,44.5,1.560885138775958e-07
Park-Fav,MFGP,55,44.6,1.560885138775958e-07
Park-Fav,MFGP,55,44.7,1.560885138775958e-07
Park-Fav,MFGP,55,44.8,1.560885138775958e-07
Park-Fav,MFGP,55,44.9,1.560885138775958e-07
Park-Fav,MFGP,55,45.0,1.560885138775958e-07
Park-Fav,MFGP,55,45.1,1.560885138775958e-07
Park-Fav,MFGP,55,45.2,1.560885138775958e-07
Park-Fav,MFGP,55,45.3,1.560885138775958e-07
Park-Fav,MFGP,55,45.4,1.560885138775958e-07
Park-Fav,MFGP,55,45.5,1.560885138775958e-07
Park-Fav,MFGP,55,46.5,1.087312731383618e-07
Park-Fav,MFGP,55,46.6,1.087312731383618e-07
Park-Fav,MFGP,55,46.7,1.087312731383618e-07
Park-Fav,MFGP,55,46.8,1.087312731383618e-07
Park-Fav,MFGP,55,46.9,1.087312731383618e-07
Park-Fav,MFGP,55,47.0,1.087312731383618e-07
Park-Fav,MFGP,55,47.1,1.087312731383618e-07
Park-Fav,MFGP,55,47.2,1.087312731383618e-07
Park-Fav,MFGP,55,47.3,1.087312731383618e-07
Park-Fav,MFGP,55,47.4,1.087312731383618e-07
Park-Fav,MFGP,55,47.5,1.087312731383618e-07
Park-Fav,MFGP,55,48.5,1.087312731383618e-07
Park-Fav,MFGP,55,48.6,1.087312731383618e-07
Park-Fav,MFGP,55,48.7,1.087312731383618e-07
Park-Fav,MFGP,55,48.8,1.087312731383618e-07
Park-Fav,MFGP,55,48.9,1.087312731383618e-07
Park-Fav,MFGP,55,49.0,1.087312731383618e-07
Park-Fav,MFGP,55,49.1,1.087312731383618e-07
Park-Fav,MFGP,55,49.2,1.087312731383618e-07
Park-Fav,MFGP,55,49.3,1.087312731383618e-07
Park-Fav,MFGP,55,49.4,1.087312731383618e-07
Park-Fav,MFGP,55,49.5,1.087312731383618e-07
Park-Fav,MFGP,55,49.6,1.087312731383618e-07
Park-Fav,MFGP,55,49.7,1.087312731383618e-07
Park-Fav,MFGP,55,49.8,1.087312731383618e-07
Park-Fav,MFGP,55,49.9,1.087312731383618e-07
Park-Fav,MFGP,56,4.5,5.123493411768171
Park-Fav,MFGP,56,4.6,5.123493411768171
Park-Fav,MFGP,56,4.7,5.123493411768171
Park-Fav,MFGP,56,4.8,5.123493411768171
Park-Fav,MFGP,56,4.9,5.123493411768171
Park-Fav,MFGP,56,5.0,5.123493411768171
Park-Fav,MFGP,56,5.1,5.123493411768171
Park-Fav,MFGP,56,5.2,5.123493411768171
Park-Fav,MFGP,56,5.3,5.123493411768171
Park-Fav,MFGP,56,5.4,5.123493411768171
Park-Fav,MFGP,56,5.5,5.123493411768171
Park-Fav,MFGP,56,6.5,2.0620396529616522e-07
Park-Fav,MFGP,56,6.6,2.0620396529616522e-07
Park-Fav,MFGP,56,6.7,2.0620396529616522e-07
Park-Fav,MFGP,56,6.8,2.0620396529616522e-07
Park-Fav,MFGP,56,6.9,2.0620396529616522e-07
Park-Fav,MFGP,56,7.0,2.0620396529616522e-07
Park-Fav,MFGP,56,7.1,2.0620396529616522e-07
Park-Fav,MFGP,56,7.2,2.0620396529616522e-07
Park-Fav,MFGP,56,7.3,2.0620396529616522e-07
Park-Fav,MFGP,56,7.4,2.0620396529616522e-07
Park-Fav,MFGP,56,7.5,2.0620396529616522e-07
Park-Fav,MFGP,56,8.5,2.0620396529616522e-07
Park-Fav,MFGP,56,8.6,2.0620396529616522e-07
Park-Fav,MFGP,56,8.7,2.0620396529616522e-07
Park-Fav,MFGP,56,8.8,2.0620396529616522e-07
Park-Fav,MFGP,56,8.9,2.0620396529616522e-07
Park-Fav,MFGP,56,9.0,2.0620396529616522e-07
Park-Fav,MFGP,56,9.1,2.0620396529616522e-07
Park-Fav,MFGP,56,9.2,2.0620396529616522e-07
Park-Fav,MFGP,56,9.3,2.0620396529616522e-07
Park-Fav,MFGP,56,9.4,2.0620396529616522e-07
Park-Fav,MFGP,56,9.5,2.0620396529616522e-07
Park-Fav,MFGP,56,10.5,2.0620396529616522e-07
Park-Fav,MFGP,56,10.6,2.0620396529616522e-07
Park-Fav,MFGP,56,10.7,2.0620396529616522e-07
Park-Fav,MFGP,56,10.8,2.0620396529616522e-07
Park-Fav,MFGP,56,10.9,2.0620396529616522e-07
Park-Fav,MFGP,56,11.0,2.0620396529616522e-07
Park-Fav,MFGP,56,11.1,2.0620396529616522e-07
Park-Fav,MFGP,56,11.2,2.0620396529616522e-07
Park-Fav,MFGP,56,11.3,2.0620396529616522e-07
Park-Fav,MFGP,56,11.4,2.0620396529616522e-07
Park-Fav,MFGP,56,11.5,2.0620396529616522e-07
Park-Fav,MFGP,56,12.5,2.0620396529616522e-07
Park-Fav,MFGP,56,12.6,2.0620396529616522e-07
Park-Fav,MFGP,56,12.7,2.0620396529616522e-07
Park-Fav,MFGP,56,12.8,2.0620396529616522e-07
Park-Fav,MFGP,56,12.9,2.0620396529616522e-07
Park-Fav,MFGP,56,13.0,2.0620396529616522e-07
Park-Fav,MFGP,56,13.1,2.0620396529616522e-07
Park-Fav,MFGP,56,13.2,2.0620396529616522e-07
Park-Fav,MFGP,56,13.3,2.0620396529616522e-07
Park-Fav,MFGP,56,13.4,2.0620396529616522e-07
Park-Fav,MFGP,56,13.5,2.0620396529616522e-07
Park-Fav,MFGP,56,14.5,2.0620396529616522e-07
Park-Fav,MFGP,56,14.6,2.0620396529616522e-07
Park-Fav,MFGP,56,14.7,2.0620396529616522e-07
Park-Fav,MFGP,56,14.8,2.0620396529616522e-07
Park-Fav,MFGP,56,14.9,2.0620396529616522e-07
Park-Fav,MFGP,56,15.0,2.0620396529616522e-07
Park-Fav,MFGP,56,15.1,2.0620396529616522e-07
Park-Fav,MFGP,56,15.2,2.0620396529616522e-07
Park-Fav,MFGP,56,15.3,2.0620396529616522e-07
Park-Fav,MFGP,56,15.4,2.0620396529616522e-07
Park-Fav,MFGP,56,15.5,2.0620396529616522e-07
Park-Fav,MFGP,56,16.5,2.0620396529616522e-07
Park-Fav,MFGP,56,16.6,2.0620396529616522e-07
Park-Fav,MFGP,56,16.7,2.0620396529616522e-07
Park-Fav,MFGP,56,16.8,2.0620396529616522e-07
Park-Fav,MFGP,56,16.9,2.0620396529616522e-07
Park-Fav,MFGP,56,17.0,2.0620396529616522e-07
Park-Fav,MFGP,56,17.1,2.0620396529616522e-07
Park-Fav,MFGP,56,17.2,2.0620396529616522e-07
Park-Fav,MFGP,56,17.3,2.0620396529616522e-07
Park-Fav,MFGP,56,17.4,2.0620396529616522e-07
Park-Fav,MFGP,56,17.5,2.0620396529616522e-07
Park-Fav,MFGP,56,18.5,2.0620396529616522e-07
Park-Fav,MFGP,56,18.6,2.0620396529616522e-07
Park-Fav,MFGP,56,18.7,2.0620396529616522e-07
Park-Fav,MFGP,56,18.8,2.0620396529616522e-07
Park-Fav,MFGP,56,18.9,2.0620396529616522e-07
Park-Fav,MFGP,56,19.0,2.0620396529616522e-07
Park-Fav,MFGP,56,19.1,2.0620396529616522e-07
Park-Fav,MFGP,56,19.2,2.0620396529616522e-07
Park-Fav,MFGP,56,19.3,2.0620396529616522e-07
Park-Fav,MFGP,56,19.4,2.0620396529616522e-07
Park-Fav,MFGP,56,19.5,2.0620396529616522e-07
Park-Fav,MFGP,56,20.5,2.0620396529616522e-07
Park-Fav,MFGP,56,20.6,2.0620396529616522e-07
Park-Fav,MFGP,56,20.7,2.0620396529616522e-07
Park-Fav,MFGP,56,20.8,2.0620396529616522e-07
Park-Fav,MFGP,56,20.9,2.0620396529616522e-07
Park-Fav,MFGP,56,21.0,2.0620396529616522e-07
Park-Fav,MFGP,56,21.1,2.0620396529616522e-07
Park-Fav,MFGP,56,21.2,2.0620396529616522e-07
Park-Fav,MFGP,56,21.3,2.0620396529616522e-07
Park-Fav,MFGP,56,21.4,2.0620396529616522e-07
Park-Fav,MFGP,56,21.5,2.0620396529616522e-07
Park-Fav,MFGP,56,22.5,2.0620396529616522e-07
Park-Fav,MFGP,56,22.6,2.0620396529616522e-07
Park-Fav,MFGP,56,22.7,2.0620396529616522e-07
Park-Fav,MFGP,56,22.8,2.0620396529616522e-07
Park-Fav,MFGP,56,22.9,2.0620396529616522e-07
Park-Fav,MFGP,56,23.0,2.0620396529616522e-07
Park-Fav,MFGP,56,23.1,2.0620396529616522e-07
Park-Fav,MFGP,56,23.2,2.0620396529616522e-07
Park-Fav,MFGP,56,23.3,2.0620396529616522e-07
Park-Fav,MFGP,56,23.4,2.0620396529616522e-07
Park-Fav,MFGP,56,23.5,2.0620396529616522e-07
Park-Fav,MFGP,56,24.5,2.0620396529616522e-07
Park-Fav,MFGP,56,24.6,2.0620396529616522e-07
Park-Fav,MFGP,56,24.7,2.0620396529616522e-07
Park-Fav,MFGP,56,24.8,2.0620396529616522e-07
Park-Fav,MFGP,56,24.9,2.0620396529616522e-07
Park-Fav,MFGP,56,25.0,2.0620396529616522e-07
Park-Fav,MFGP,56,25.1,2.0620396529616522e-07
Park-Fav,MFGP,56,25.2,2.0620396529616522e-07
Park-Fav,MFGP,56,25.3,2.0620396529616522e-07
Park-Fav,MFGP,56,25.4,2.0620396529616522e-07
Park-Fav,MFGP,56,25.5,2.0620396529616522e-07
Park-Fav,MFGP,56,26.5,2.0620396529616522e-07
Park-Fav,MFGP,56,26.6,2.0620396529616522e-07
Park-Fav,MFGP,56,26.7,2.0620396529616522e-07
Park-Fav,MFGP,56,26.8,2.0620396529616522e-07
Park-Fav,MFGP,56,26.9,2.0620396529616522e-07
Park-Fav,MFGP,56,27.0,2.0620396529616522e-07
Park-Fav,MFGP,56,27.1,2.0620396529616522e-07
Park-Fav,MFGP,56,27.2,2.0620396529616522e-07
Park-Fav,MFGP,56,27.3,2.0620396529616522e-07
Park-Fav,MFGP,56,27.4,2.0620396529616522e-07
Park-Fav,MFGP,56,27.5,2.0620396529616522e-07
Park-Fav,MFGP,56,28.5,2.0620396529616522e-07
Park-Fav,MFGP,56,28.6,2.0620396529616522e-07
Park-Fav,MFGP,56,28.7,2.0620396529616522e-07
Park-Fav,MFGP,56,28.8,2.0620396529616522e-07
Park-Fav,MFGP,56,28.9,2.0620396529616522e-07
Park-Fav,MFGP,56,29.0,2.0620396529616522e-07
Park-Fav,MFGP,56,29.1,2.0620396529616522e-07
Park-Fav,MFGP,56,29.2,2.0620396529616522e-07
Park-Fav,MFGP,56,29.3,2.0620396529616522e-07
Park-Fav,MFGP,56,29.4,2.0620396529616522e-07
Park-Fav,MFGP,56,29.5,2.0620396529616522e-07
Park-Fav,MFGP,56,30.5,2.0620396529616522e-07
Park-Fav,MFGP,56,30.6,2.0620396529616522e-07
Park-Fav,MFGP,56,30.7,2.0620396529616522e-07
Park-Fav,MFGP,56,30.8,2.0620396529616522e-07
Park-Fav,MFGP,56,30.9,2.0620396529616522e-07
Park-Fav,MFGP,56,31.0,2.0620396529616522e-07
Park-Fav,MFGP,56,31.1,2.0620396529616522e-07
Park-Fav,MFGP,56,31.2,2.0620396529616522e-07
Park-Fav,MFGP,56,31.3,2.0620396529616522e-07
Park-Fav,MFGP,56,31.4,2.0620396529616522e-07
Park-Fav,MFGP,56,31.5,2.0620396529616522e-07
Park-Fav,MFGP,56,32.5,2.0620396529616522e-07
Park-Fav,MFGP,56,32.6,2.0620396529616522e-07
Park-Fav,MFGP,56,32.7,2.0620396529616522e-07
Park-Fav,MFGP,56,32.8,2.0620396529616522e-07
Park-Fav,MFGP,56,32.9,2.0620396529616522e-07
Park-Fav,MFGP,56,33.0,2.0620396529616522e-07
Park-Fav,MFGP,56,33.1,2.0620396529616522e-07
Park-Fav,MFGP,56,33.2,2.0620396529616522e-07
Park-Fav,MFGP,56,33.3,2.0620396529616522e-07
Park-Fav,MFGP,56,33.4,2.0620396529616522e-07
Park-Fav,MFGP,56,33.5,2.0620396529616522e-07
Park-Fav,MFGP,56,34.5,2.0620396529616522e-07
Park-Fav,MFGP,56,34.6,2.0620396529616522e-07
Park-Fav,MFGP,56,34.7,2.0620396529616522e-07
Park-Fav,MFGP,56,34.8,2.0620396529616522e-07
Park-Fav,MFGP,56,34.9,2.0620396529616522e-07
Park-Fav,MFGP,56,35.0,2.0620396529616522e-07
Park-Fav,MFGP,56,35.1,2.0620396529616522e-07
Park-Fav,MFGP,56,35.2,2.0620396529616522e-07
Park-Fav,MFGP,56,35.3,2.0620396529616522e-07
Park-Fav,MFGP,56,35.4,2.0620396529616522e-07
Park-Fav,MFGP,56,35.5,2.0620396529616522e-07
Park-Fav,MFGP,56,36.5,2.0620396529616522e-07
Park-Fav,MFGP,56,36.6,2.0620396529616522e-07
Park-Fav,MFGP,56,36.7,2.0620396529616522e-07
Park-Fav,MFGP,56,36.8,2.0620396529616522e-07
Park-Fav,MFGP,56,36.9,2.0620396529616522e-07
Park-Fav,MFGP,56,37.0,2.0620396529616522e-07
Park-Fav,MFGP,56,37.1,2.0620396529616522e-07
Park-Fav,MFGP,56,37.2,2.0620396529616522e-07
Park-Fav,MFGP,56,37.3,2.0620396529616522e-07
Park-Fav,MFGP,56,37.4,2.0620396529616522e-07
Park-Fav,MFGP,56,37.5,2.0620396529616522e-07
Park-Fav,MFGP,56,38.5,2.0620396529616522e-07
Park-Fav,MFGP,56,38.6,2.0620396529616522e-07
Park-Fav,MFGP,56,38.7,2.0620396529616522e-07
Park-Fav,MFGP,56,38.8,2.0620396529616522e-07
Park-Fav,MFGP,56,38.9,2.0620396529616522e-07
Park-Fav,MFGP,56,39.0,2.0620396529616522e-07
Park-Fav,MFGP,56,39.1,2.0620396529616522e-07
Park-Fav,MFGP,56,39.2,2.0620396529616522e-07
Park-Fav,MFGP,56,39.3,2.0620396529616522e-07
Park-Fav,MFGP,56,39.4,2.0620396529616522e-07
Park-Fav,MFGP,56,39.5,2.0620396529616522e-07
Park-Fav,MFGP,56,40.5,2.0620396529616522e-07
Park-Fav,MFGP,56,40.6,2.0620396529616522e-07
Park-Fav,MFGP,56,40.7,2.0620396529616522e-07
Park-Fav,MFGP,56,40.8,2.0620396529616522e-07
Park-Fav,MFGP,56,40.9,2.0620396529616522e-07
Park-Fav,MFGP,56,41.0,2.0620396529616522e-07
Park-Fav,MFGP,56,41.1,2.0620396529616522e-07
Park-Fav,MFGP,56,41.2,2.0620396529616522e-07
Park-Fav,MFGP,56,41.3,2.0620396529616522e-07
Park-Fav,MFGP,56,41.4,2.0620396529616522e-07
Park-Fav,MFGP,56,41.5,2.0620396529616522e-07
Park-Fav,MFGP,56,42.5,2.0620396529616522e-07
Park-Fav,MFGP,56,42.6,2.0620396529616522e-07
Park-Fav,MFGP,56,42.7,2.0620396529616522e-07
Park-Fav,MFGP,56,42.8,2.0620396529616522e-07
Park-Fav,MFGP,56,42.9,2.0620396529616522e-07
Park-Fav,MFGP,56,43.0,2.0620396529616522e-07
Park-Fav,MFGP,56,43.1,2.0620396529616522e-07
Park-Fav,MFGP,56,43.2,2.0620396529616522e-07
Park-Fav,MFGP,56,43.3,2.0620396529616522e-07
Park-Fav,MFGP,56,43.4,2.0620396529616522e-07
Park-Fav,MFGP,56,43.5,2.0620396529616522e-07
Park-Fav,MFGP,56,44.5,2.0620396529616522e-07
Park-Fav,MFGP,56,44.6,2.0620396529616522e-07
Park-Fav,MFGP,56,44.7,2.0620396529616522e-07
Park-Fav,MFGP,56,44.8,2.0620396529616522e-07
Park-Fav,MFGP,56,44.9,2.0620396529616522e-07
Park-Fav,MFGP,56,45.0,2.0620396529616522e-07
Park-Fav,MFGP,56,45.1,2.0620396529616522e-07
Park-Fav,MFGP,56,45.2,2.0620396529616522e-07
Park-Fav,MFGP,56,45.3,2.0620396529616522e-07
Park-Fav,MFGP,56,45.4,2.0620396529616522e-07
Park-Fav,MFGP,56,45.5,2.0620396529616522e-07
Park-Fav,MFGP,56,46.5,1.087312731383618e-07
Park-Fav,MFGP,56,46.6,1.087312731383618e-07
Park-Fav,MFGP,56,46.7,1.087312731383618e-07
Park-Fav,MFGP,56,46.8,1.087312731383618e-07
Park-Fav,MFGP,56,46.9,1.087312731383618e-07
Park-Fav,MFGP,56,47.0,1.087312731383618e-07
Park-Fav,MFGP,56,47.1,1.087312731383618e-07
Park-Fav,MFGP,56,47.2,1.087312731383618e-07
Park-Fav,MFGP,56,47.3,1.087312731383618e-07
Park-Fav,MFGP,56,47.4,1.087312731383618e-07
Park-Fav,MFGP,56,47.5,1.087312731383618e-07
Park-Fav,MFGP,56,48.5,1.087312731383618e-07
Park-Fav,MFGP,56,48.6,1.087312731383618e-07
Park-Fav,MFGP,56,48.7,1.087312731383618e-07
Park-Fav,MFGP,56,48.8,1.087312731383618e-07
Park-Fav,MFGP,56,48.9,1.087312731383618e-07
Park-Fav,MFGP,56,49.0,1.087312731383618e-07
Park-Fav,MFGP,56,49.1,1.087312731383618e-07
Park-Fav,MFGP,56,49.2,1.087312731383618e-07
Park-Fav,MFGP,56,49.3,1.087312731383618e-07
Park-Fav,MFGP,56,49.4,1.087312731383618e-07
Park-Fav,MFGP,56,49.5,1.087312731383618e-07
Park-Fav,MFGP,56,49.6,1.087312731383618e-07
Park-Fav,MFGP,56,49.7,1.087312731383618e-07
Park-Fav,MFGP,56,49.8,1.087312731383618e-07
Park-Fav,MFGP,56,49.9,1.087312731383618e-07
Park-Fav,MFGP,57,4.5,1.560885138775958e-07
Park-Fav,MFGP,57,4.6,1.560885138775958e-07
Park-Fav,MFGP,57,4.7,1.560885138775958e-07
Park-Fav,MFGP,57,4.8,1.560885138775958e-07
Park-Fav,MFGP,57,4.9,1.560885138775958e-07
Park-Fav,MFGP,57,5.0,1.560885138775958e-07
Park-Fav,MFGP,57,5.1,1.560885138775958e-07
Park-Fav,MFGP,57,5.2,1.560885138775958e-07
Park-Fav,MFGP,57,5.3,1.560885138775958e-07
Park-Fav,MFGP,57,5.4,1.560885138775958e-07
Park-Fav,MFGP,57,5.5,1.560885138775958e-07
Park-Fav,MFGP,57,6.5,1.560885138775958e-07
Park-Fav,MFGP,57,6.6,1.560885138775958e-07
Park-Fav,MFGP,57,6.7,1.560885138775958e-07
Park-Fav,MFGP,57,6.8,1.560885138775958e-07
Park-Fav,MFGP,57,6.9,1.560885138775958e-07
Park-Fav,MFGP,57,7.0,1.560885138775958e-07
Park-Fav,MFGP,57,7.1,1.560885138775958e-07
Park-Fav,MFGP,57,7.2,1.560885138775958e-07
Park-Fav,MFGP,57,7.3,1.560885138775958e-07
Park-Fav,MFGP,57,7.4,1.560885138775958e-07
Park-Fav,MFGP,57,7.5,1.560885138775958e-07
Park-Fav,MFGP,57,8.5,1.560885138775958e-07
Park-Fav,MFGP,57,8.6,1.560885138775958e-07
Park-Fav,MFGP,57,8.7,1.560885138775958e-07
Park-Fav,MFGP,57,8.8,1.560885138775958e-07
Park-Fav,MFGP,57,8.9,1.560885138775958e-07
Park-Fav,MFGP,57,9.0,1.560885138775958e-07
Park-Fav,MFGP,57,9.1,1.560885138775958e-07
Park-Fav,MFGP,57,9.2,1.560885138775958e-07
Park-Fav,MFGP,57,9.3,1.560885138775958e-07
Park-Fav,MFGP,57,9.4,1.560885138775958e-07
Park-Fav,MFGP,57,9.5,1.560885138775958e-07
Park-Fav,MFGP,57,10.5,1.560885138775958e-07
Park-Fav,MFGP,57,10.6,1.560885138775958e-07
Park-Fav,MFGP,57,10.7,1.560885138775958e-07
Park-Fav,MFGP,57,10.8,1.560885138775958e-07
Park-Fav,MFGP,57,10.9,1.560885138775958e-07
Park-Fav,MFGP,57,11.0,1.560885138775958e-07
Park-Fav,MFGP,57,11.1,1.560885138775958e-07
Park-Fav,MFGP,57,11.2,1.560885138775958e-07
Park-Fav,MFGP,57,11.3,1.560885138775958e-07
Park-Fav,MFGP,57,11.4,1.560885138775958e-07
Park-Fav,MFGP,57,11.5,1.560885138775958e-07
Park-Fav,MFGP,57,12.5,1.560885138775958e-07
Park-Fav,MFGP,57,12.6,1.560885138775958e-07
Park-Fav,MFGP,57,12.7,1.560885138775958e-07
Park-Fav,MFGP,57,12.8,1.560885138775958e-07
Park-Fav,MFGP,57,12.9,1.560885138775958e-07
Park-Fav,MFGP,57,13.0,1.560885138775958e-07
Park-Fav,MFGP,57,13.1,1.560885138775958e-07
Park-Fav,MFGP,57,13.2,1.560885138775958e-07
Park-Fav,MFGP,57,13.3,1.560885138775958e-07
Park-Fav,MFGP,57,13.4,1.560885138775958e-07
Park-Fav,MFGP,57,13.5,1.560885138775958e-07
Park-Fav,MFGP,57,14.5,1.560885138775958e-07
Park-Fav,MFGP,57,14.6,1.560885138775958e-07
Park-Fav,MFGP,57,14.7,1.560885138775958e-07
Park-Fav,MFGP,57,14.8,1.560885138775958e-07
Park-Fav,MFGP,57,14.9,1.560885138775958e-07
Park-Fav,MFGP,57,15.0,1.560885138775958e-07
Park-Fav,MFGP,57,15.1,1.560885138775958e-07
Park-Fav,MFGP,57,15.2,1.560885138775958e-07
Park-Fav,MFGP,57,15.3,1.560885138775958e-07
Park-Fav,MFGP,57,15.4,1.560885138775958e-07
Park-Fav,MFGP,57,15.5,1.560885138775958e-07
Park-Fav,MFGP,57,16.5,1.560885138775958e-07
Park-Fav,MFGP,57,16.6,1.560885138775958e-07
Park-Fav,MFGP,57,16.7,1.560885138775958e-07
Park-Fav,MFGP,57,16.8,1.560885138775958e-07
Park-Fav,MFGP,57,16.9,1.560885138775958e-07
Park-Fav,MFGP,57,17.0,1.560885138775958e-07
Park-Fav,MFGP,57,17.1,1.560885138775958e-07
Park-Fav,MFGP,57,17.2,1.560885138775958e-07
Park-Fav,MFGP,57,17.3,1.560885138775958e-07
Park-Fav,MFGP,57,17.4,1.560885138775958e-07
Park-Fav,MFGP,57,17.5,1.560885138775958e-07
Park-Fav,MFGP,57,18.5,1.560885138775958e-07
Park-Fav,MFGP,57,18.6,1.560885138775958e-07
Park-Fav,MFGP,57,18.7,1.560885138775958e-07
Park-Fav,MFGP,57,18.8,1.560885138775958e-07
Park-Fav,MFGP,57,18.9,1.560885138775958e-07
Park-Fav,MFGP,57,19.0,1.560885138775958e-07
Park-Fav,MFGP,57,19.1,1.560885138775958e-07
Park-Fav,MFGP,57,19.2,1.560885138775958e-07
Park-Fav,MFGP,57,19.3,1.560885138775958e-07
Park-Fav,MFGP,57,19.4,1.560885138775958e-07
Park-Fav,MFGP,57,19.5,1.560885138775958e-07
Park-Fav,MFGP,57,20.5,1.560885138775958e-07
Park-Fav,MFGP,57,20.6,1.560885138775958e-07
Park-Fav,MFGP,57,20.7,1.560885138775958e-07
Park-Fav,MFGP,57,20.8,1.560885138775958e-07
Park-Fav,MFGP,57,20.9,1.560885138775958e-07
Park-Fav,MFGP,57,21.0,1.560885138775958e-07
Park-Fav,MFGP,57,21.1,1.560885138775958e-07
Park-Fav,MFGP,57,21.2,1.560885138775958e-07
Park-Fav,MFGP,57,21.3,1.560885138775958e-07
Park-Fav,MFGP,57,21.4,1.560885138775958e-07
Park-Fav,MFGP,57,21.5,1.560885138775958e-07
Park-Fav,MFGP,57,22.5,1.560885138775958e-07
Park-Fav,MFGP,57,22.6,1.560885138775958e-07
Park-Fav,MFGP,57,22.7,1.560885138775958e-07
Park-Fav,MFGP,57,22.8,1.560885138775958e-07
Park-Fav,MFGP,57,22.9,1.560885138775958e-07
Park-Fav,MFGP,57,23.0,1.560885138775958e-07
Park-Fav,MFGP,57,23.1,1.560885138775958e-07
Park-Fav,MFGP,57,23.2,1.560885138775958e-07
Park-Fav,MFGP,57,23.3,1.560885138775958e-07
Park-Fav,MFGP,57,23.4,1.560885138775958e-07
Park-Fav,MFGP,57,23.5,1.560885138775958e-07
Park-Fav,MFGP,57,24.5,1.560885138775958e-07
Park-Fav,MFGP,57,24.6,1.560885138775958e-07
Park-Fav,MFGP,57,24.7,1.560885138775958e-07
Park-Fav,MFGP,57,24.8,1.560885138775958e-07
Park-Fav,MFGP,57,24.9,1.560885138775958e-07
Park-Fav,MFGP,57,25.0,1.560885138775958e-07
Park-Fav,MFGP,57,25.1,1.560885138775958e-07
Park-Fav,MFGP,57,25.2,1.560885138775958e-07
Park-Fav,MFGP,57,25.3,1.560885138775958e-07
Park-Fav,MFGP,57,25.4,1.560885138775958e-07
Park-Fav,MFGP,57,25.5,1.560885138775958e-07
Park-Fav,MFGP,57,26.5,1.560885138775958e-07
Park-Fav,MFGP,57,26.6,1.560885138775958e-07
Park-Fav,MFGP,57,26.7,1.560885138775958e-07
Park-Fav,MFGP,57,26.8,1.560885138775958e-07
Park-Fav,MFGP,57,26.9,1.560885138775958e-07
Park-Fav,MFGP,57,27.0,1.560885138775958e-07
Park-Fav,MFGP,57,27.1,1.560885138775958e-07
Park-Fav,MFGP,57,27.2,1.560885138775958e-07
Park-Fav,MFGP,57,27.3,1.560885138775958e-07
Park-Fav,MFGP,57,27.4,1.560885138775958e-07
Park-Fav,MFGP,57,27.5,1.560885138775958e-07
Park-Fav,MFGP,57,28.5,1.560885138775958e-07
Park-Fav,MFGP,57,28.6,1.560885138775958e-07
Park-Fav,MFGP,57,28.7,1.560885138775958e-07
Park-Fav,MFGP,57,28.8,1.560885138775958e-07
Park-Fav,MFGP,57,28.9,1.560885138775958e-07
Park-Fav,MFGP,57,29.0,1.560885138775958e-07
Park-Fav,MFGP,57,29.1,1.560885138775958e-07
Park-Fav,MFGP,57,29.2,1.560885138775958e-07
Park-Fav,MFGP,57,29.3,1.560885138775958e-07
Park-Fav,MFGP,57,29.4,1.560885138775958e-07
Park-Fav,MFGP,57,29.5,1.560885138775958e-07
Park-Fav,MFGP,57,30.5,1.560885138775958e-07
Park-Fav,MFGP,57,30.6,1.560885138775958e-07
Park-Fav,MFGP,57,30.7,1.560885138775958e-07
Park-Fav,MFGP,57,30.8,1.560885138775958e-07
Park-Fav,MFGP,57,30.9,1.560885138775958e-07
Park-Fav,MFGP,57,31.0,1.560885138775958e-07
Park-Fav,MFGP,57,31.1,1.560885138775958e-07
Park-Fav,MFGP,57,31.2,1.560885138775958e-07
Park-Fav,MFGP,57,31.3,1.560885138775958e-07
Park-Fav,MFGP,57,31.4,1.560885138775958e-07
Park-Fav,MFGP,57,31.5,1.560885138775958e-07
Park-Fav,MFGP,57,32.5,1.560885138775958e-07
Park-Fav,MFGP,57,32.6,1.560885138775958e-07
Park-Fav,MFGP,57,32.7,1.560885138775958e-07
Park-Fav,MFGP,57,32.8,1.560885138775958e-07
Park-Fav,MFGP,57,32.9,1.560885138775958e-07
Park-Fav,MFGP,57,33.0,1.560885138775958e-07
Park-Fav,MFGP,57,33.1,1.560885138775958e-07
Park-Fav,MFGP,57,33.2,1.560885138775958e-07
Park-Fav,MFGP,57,33.3,1.560885138775958e-07
Park-Fav,MFGP,57,33.4,1.560885138775958e-07
Park-Fav,MFGP,57,33.5,1.560885138775958e-07
Park-Fav,MFGP,57,34.5,1.560885138775958e-07
Park-Fav,MFGP,57,34.6,1.560885138775958e-07
Park-Fav,MFGP,57,34.7,1.560885138775958e-07
Park-Fav,MFGP,57,34.8,1.560885138775958e-07
Park-Fav,MFGP,57,34.9,1.560885138775958e-07
Park-Fav,MFGP,57,35.0,1.560885138775958e-07
Park-Fav,MFGP,57,35.1,1.560885138775958e-07
Park-Fav,MFGP,57,35.2,1.560885138775958e-07
Park-Fav,MFGP,57,35.3,1.560885138775958e-07
Park-Fav,MFGP,57,35.4,1.560885138775958e-07
Park-Fav,MFGP,57,35.5,1.560885138775958e-07
Park-Fav,MFGP,57,36.5,1.560885138775958e-07
Park-Fav,MFGP,57,36.6,1.560885138775958e-07
Park-Fav,MFGP,57,36.7,1.560885138775958e-07
Park-Fav,MFGP,57,36.8,1.560885138775958e-07
Park-Fav,MFGP,57,36.9,1.560885138775958e-07
Park-Fav,MFGP,57,37.0,1.560885138775958e-07
Park-Fav,MFGP,57,37.1,1.560885138775958e-07
Park-Fav,MFGP,57,37.2,1.560885138775958e-07
Park-Fav,MFGP,57,37.3,1.560885138775958e-07
Park-Fav,MFGP,57,37.4,1.560885138775958e-07
Park-Fav,MFGP,57,37.5,1.560885138775958e-07
Park-Fav,MFGP,57,38.5,1.560885138775958e-07
Park-Fav,MFGP,57,38.6,1.560885138775958e-07
Park-Fav,MFGP,57,38.7,1.560885138775958e-07
Park-Fav,MFGP,57,38.8,1.560885138775958e-07
Park-Fav,MFGP,57,38.9,1.560885138775958e-07
Park-Fav,MFGP,57,39.0,1.560885138775958e-07
Park-Fav,MFGP,57,39.1,1.560885138775958e-07
Park-Fav,MFGP,57,39.2,1.560885138775958e-07
Park-Fav,MFGP,57,39.3,1.560885138775958e-07
Park-Fav,MFGP,57,39.4,1.560885138775958e-07
Park-Fav,MFGP,57,39.5,1.560885138775958e-07
Park-Fav,MFGP,57,40.5,1.560885138775958e-07
Park-Fav,MFGP,57,40.6,1.560885138775958e-07
Park-Fav,MFGP,57,40.7,1.560885138775958e-07
Park-Fav,MFGP,57,40.8,1.560885138775958e-07
Park-Fav,MFGP,57,40.9,1.560885138775958e-07
Park-Fav,MFGP,57,41.0,1.560885138775958e-07
Park-Fav,MFGP,57,41.1,1.560885138775958e-07
Park-Fav,MFGP,57,41.2,1.560885138775958e-07
Park-Fav,MFGP,57,41.3,1.560885138775958e-07
Park-Fav,MFGP,57,41.4,1.560885138775958e-07
Park-Fav,MFGP,57,41.5,1.560885138775958e-07
Park-Fav,MFGP,57,42.5,1.560885138775958e-07
Park-Fav,MFGP,57,42.6,1.560885138775958e-07
Park-Fav,MFGP,57,42.7,1.560885138775958e-07
Park-Fav,MFGP,57,42.8,1.560885138775958e-07
Park-Fav,MFGP,57,42.9,1.560885138775958e-07
Park-Fav,MFGP,57,43.0,1.560885138775958e-07
Park-Fav,MFGP,57,43.1,1.560885138775958e-07
Park-Fav,MFGP,57,43.2,1.560885138775958e-07
Park-Fav,MFGP,57,43.3,1.560885138775958e-07
Park-Fav,MFGP,57,43.4,1.560885138775958e-07
Park-Fav,MFGP,57,43.5,1.560885138775958e-07
Park-Fav,MFGP,57,44.5,1.560885138775958e-07
Park-Fav,MFGP,57,44.6,1.560885138775958e-07
Park-Fav,MFGP,57,44.7,1.560885138775958e-07
Park-Fav,MFGP,57,44.8,1.560885138775958e-07
Park-Fav,MFGP,57,44.9,1.560885138775958e-07
Park-Fav,MFGP,57,45.0,1.560885138775958e-07
Park-Fav,MFGP,57,45.1,1.560885138775958e-07
Park-Fav,MFGP,57,45.2,1.560885138775958e-07
Park-Fav,MFGP,57,45.3,1.560885138775958e-07
Park-Fav,MFGP,57,45.4,1.560885138775958e-07
Park-Fav,MFGP,57,45.5,1.560885138775958e-07
Park-Fav,MFGP,57,46.5,1.087312731383618e-07
Park-Fav,MFGP,57,46.6,1.087312731383618e-07
Park-Fav,MFGP,57,46.7,1.087312731383618e-07
Park-Fav,MFGP,57,46.8,1.087312731383618e-07
Park-Fav,MFGP,57,46.9,1.087312731383618e-07
Park-Fav,MFGP,57,47.0,1.087312731383618e-07
Park-Fav,MFGP,57,47.1,1.087312731383618e-07
Park-Fav,MFGP,57,47.2,1.087312731383618e-07
Park-Fav,MFGP,57,47.3,1.087312731383618e-07
Park-Fav,MFGP,57,47.4,1.087312731383618e-07
Park-Fav,MFGP,57,47.5,1.087312731383618e-07
Park-Fav,MFGP,57,48.5,1.087312731383618e-07
Park-Fav,MFGP,57,48.6,1.087312731383618e-07
Park-Fav,MFGP,57,48.7,1.087312731383618e-07
Park-Fav,MFGP,57,48.8,1.087312731383618e-07
Park-Fav,MFGP,57,48.9,1.087312731383618e-07
Park-Fav,MFGP,57,49.0,1.087312731383618e-07
Park-Fav,MFGP,57,49.1,1.087312731383618e-07
Park-Fav,MFGP,57,49.2,1.087312731383618e-07
Park-Fav,MFGP,57,49.3,1.087312731383618e-07
Park-Fav,MFGP,57,49.4,1.087312731383618e-07
Park-Fav,MFGP,57,49.5,1.087312731383618e-07
Park-Fav,MFGP,57,49.6,1.087312731383618e-07
Park-Fav,MFGP,57,49.7,1.087312731383618e-07
Park-Fav,MFGP,57,49.8,1.087312731383618e-07
Park-Fav,MFGP,57,49.9,1.087312731383618e-07
Park-Fav,MFGP,58,4.5,3.791042430445394
Park-Fav,MFGP,58,4.6,3.791042430445394
Park-Fav,MFGP,58,4.7,3.791042430445394
Park-Fav,MFGP,58,4.8,3.791042430445394
Park-Fav,MFGP,58,4.9,3.791042430445394
Park-Fav,MFGP,58,5.0,3.791042430445394
Park-Fav,MFGP,58,5.1,3.791042430445394
Park-Fav,MFGP,58,5.2,3.791042430445394
Park-Fav,MFGP,58,5.3,3.791042430445394
Park-Fav,MFGP,58,5.4,3.791042430445394
Park-Fav,MFGP,58,5.5,3.791042430445394
Park-Fav,MFGP,58,6.5,1.812216834700953
Park-Fav,MFGP,58,6.6,1.812216834700953
Park-Fav,MFGP,58,6.7,1.812216834700953
Park-Fav,MFGP,58,6.8,1.812216834700953
Park-Fav,MFGP,58,6.9,1.812216834700953
Park-Fav,MFGP,58,7.0,1.812216834700953
Park-Fav,MFGP,58,7.1,1.812216834700953
Park-Fav,MFGP,58,7.2,1.812216834700953
Park-Fav,MFGP,58,7.3,1.812216834700953
Park-Fav,MFGP,58,7.4,1.812216834700953
Park-Fav,MFGP,58,7.5,1.812216834700953
Park-Fav,MFGP,58,8.5,1.2568338725877952
Park-Fav,MFGP,58,8.6,1.2568338725877952
Park-Fav,MFGP,58,8.7,1.2568338725877952
Park-Fav,MFGP,58,8.8,1.2568338725877952
Park-Fav,MFGP,58,8.9,1.2568338725877952
Park-Fav,MFGP,58,9.0,1.2568338725877952
Park-Fav,MFGP,58,9.1,1.2568338725877952
Park-Fav,MFGP,58,9.2,1.2568338725877952
Park-Fav,MFGP,58,9.3,1.2568338725877952
Park-Fav,MFGP,58,9.4,1.2568338725877952
Park-Fav,MFGP,58,9.5,1.2568338725877952
Park-Fav,MFGP,58,10.5,1.2568338725877952
Park-Fav,MFGP,58,10.6,1.2568338725877952
Park-Fav,MFGP,58,10.7,1.2568338725877952
Park-Fav,MFGP,58,10.8,1.2568338725877952
Park-Fav,MFGP,58,10.9,1.2568338725877952
Park-Fav,MFGP,58,11.0,1.2568338725877952
Park-Fav,MFGP,58,11.1,1.2568338725877952
Park-Fav,MFGP,58,11.2,1.2568338725877952
Park-Fav,MFGP,58,11.3,1.2568338725877952
Park-Fav,MFGP,58,11.4,1.2568338725877952
Park-Fav,MFGP,58,11.5,1.2568338725877952
Park-Fav,MFGP,58,12.5,1.2568338725877952
Park-Fav,MFGP,58,12.6,1.2568338725877952
Park-Fav,MFGP,58,12.7,1.2568338725877952
Park-Fav,MFGP,58,12.8,1.2568338725877952
Park-Fav,MFGP,58,12.9,1.2568338725877952
Park-Fav,MFGP,58,13.0,1.2568338725877952
Park-Fav,MFGP,58,13.1,1.2568338725877952
Park-Fav,MFGP,58,13.2,1.2568338725877952
Park-Fav,MFGP,58,13.3,1.2568338725877952
Park-Fav,MFGP,58,13.4,1.2568338725877952
Park-Fav,MFGP,58,13.5,1.2568338725877952
Park-Fav,MFGP,58,14.5,1.2568338725877952
Park-Fav,MFGP,58,14.6,1.2568338725877952
Park-Fav,MFGP,58,14.7,1.2568338725877952
Park-Fav,MFGP,58,14.8,1.2568338725877952
Park-Fav,MFGP,58,14.9,1.2568338725877952
Park-Fav,MFGP,58,15.0,1.2568338725877952
Park-Fav,MFGP,58,15.1,1.2568338725877952
Park-Fav,MFGP,58,15.2,1.2568338725877952
Park-Fav,MFGP,58,15.3,1.2568338725877952
Park-Fav,MFGP,58,15.4,1.2568338725877952
Park-Fav,MFGP,58,15.5,1.2568338725877952
Park-Fav,MFGP,58,16.5,1.2568338725877952
Park-Fav,MFGP,58,16.6,1.2568338725877952
Park-Fav,MFGP,58,16.7,1.2568338725877952
Park-Fav,MFGP,58,16.8,1.2568338725877952
Park-Fav,MFGP,58,16.9,1.2568338725877952
Park-Fav,MFGP,58,17.0,1.2568338725877952
Park-Fav,MFGP,58,17.1,1.2568338725877952
Park-Fav,MFGP,58,17.2,1.2568338725877952
Park-Fav,MFGP,58,17.3,1.2568338725877952
Park-Fav,MFGP,58,17.4,1.2568338725877952
Park-Fav,MFGP,58,17.5,1.2568338725877952
Park-Fav,MFGP,58,18.5,1.2568338725877952
Park-Fav,MFGP,58,18.6,1.2568338725877952
Park-Fav,MFGP,58,18.7,1.2568338725877952
Park-Fav,MFGP,58,18.8,1.2568338725877952
Park-Fav,MFGP,58,18.9,1.2568338725877952
Park-Fav,MFGP,58,19.0,1.2568338725877952
Park-Fav,MFGP,58,19.1,1.2568338725877952
Park-Fav,MFGP,58,19.2,1.2568338725877952
Park-Fav,MFGP,58,19.3,1.2568338725877952
Park-Fav,MFGP,58,19.4,1.2568338725877952
Park-Fav,MFGP,58,19.5,1.2568338725877952
Park-Fav,MFGP,58,20.5,1.2568338725877952
Park-Fav,MFGP,58,20.6,1.2568338725877952
Park-Fav,MFGP,58,20.7,1.2568338725877952
Park-Fav,MFGP,58,20.8,1.2568338725877952
Park-Fav,MFGP,58,20.9,1.2568338725877952
Park-Fav,MFGP,58,21.0,1.2568338725877952
Park-Fav,MFGP,58,21.1,1.2568338725877952
Park-Fav,MFGP,58,21.2,1.2568338725877952
Park-Fav,MFGP,58,21.3,1.2568338725877952
Park-Fav,MFGP,58,21.4,1.2568338725877952
Park-Fav,MFGP,58,21.5,1.2568338725877952
Park-Fav,MFGP,58,22.5,1.2568338725877952
Park-Fav,MFGP,58,22.6,1.2568338725877952
Park-Fav,MFGP,58,22.7,1.2568338725877952
Park-Fav,MFGP,58,22.8,1.2568338725877952
Park-Fav,MFGP,58,22.9,1.2568338725877952
Park-Fav,MFGP,58,23.0,1.2568338725877952
Park-Fav,MFGP,58,23.1,1.2568338725877952
Park-Fav,MFGP,58,23.2,1.2568338725877952
Park-Fav,MFGP,58,23.3,1.2568338725877952
Park-Fav,MFGP,58,23.4,1.2568338725877952
Park-Fav,MFGP,58,23.5,1.2568338725877952
Park-Fav,MFGP,58,24.5,1.2568338725877952
Park-Fav,MFGP,58,24.6,1.2568338725877952
Park-Fav,MFGP,58,24.7,1.2568338725877952
Park-Fav,MFGP,58,24.8,1.2568338725877952
Park-Fav,MFGP,58,24.9,1.2568338725877952
Park-Fav,MFGP,58,25.0,1.2568338725877952
Park-Fav,MFGP,58,25.1,1.2568338725877952
Park-Fav,MFGP,58,25.2,1.2568338725877952
Park-Fav,MFGP,58,25.3,1.2568338725877952
Park-Fav,MFGP,58,25.4,1.2568338725877952
Park-Fav,MFGP,58,25.5,1.2568338725877952
Park-Fav,MFGP,58,26.5,1.2568338725877952
Park-Fav,MFGP,58,26.6,1.2568338725877952
Park-Fav,MFGP,58,26.7,1.2568338725877952
Park-Fav,MFGP,58,26.8,1.2568338725877952
Park-Fav,MFGP,58,26.9,1.2568338725877952
Park-Fav,MFGP,58,27.0,1.2568338725877952
Park-Fav,MFGP,58,27.1,1.2568338725877952
Park-Fav,MFGP,58,27.2,1.2568338725877952
Park-Fav,MFGP,58,27.3,1.2568338725877952
Park-Fav,MFGP,58,27.4,1.2568338725877952
Park-Fav,MFGP,58,27.5,1.2568338725877952
Park-Fav,MFGP,58,28.5,1.2568338725877952
Park-Fav,MFGP,58,28.6,1.2568338725877952
Park-Fav,MFGP,58,28.7,1.2568338725877952
Park-Fav,MFGP,58,28.8,1.2568338725877952
Park-Fav,MFGP,58,28.9,1.2568338725877952
Park-Fav,MFGP,58,29.0,1.2568338725877952
Park-Fav,MFGP,58,29.1,1.2568338725877952
Park-Fav,MFGP,58,29.2,1.2568338725877952
Park-Fav,MFGP,58,29.3,1.2568338725877952
Park-Fav,MFGP,58,29.4,1.2568338725877952
Park-Fav,MFGP,58,29.5,1.2568338725877952
Park-Fav,MFGP,58,30.5,1.2568338725877952
Park-Fav,MFGP,58,30.6,1.2568338725877952
Park-Fav,MFGP,58,30.7,1.2568338725877952
Park-Fav,MFGP,58,30.8,1.2568338725877952
Park-Fav,MFGP,58,30.9,1.2568338725877952
Park-Fav,MFGP,58,31.0,1.2568338725877952
Park-Fav,MFGP,58,31.1,1.2568338725877952
Park-Fav,MFGP,58,31.2,1.2568338725877952
Park-Fav,MFGP,58,31.3,1.2568338725877952
Park-Fav,MFGP,58,31.4,1.2568338725877952
Park-Fav,MFGP,58,31.5,1.2568338725877952
Park-Fav,MFGP,58,32.5,1.2568338725877952
Park-Fav,MFGP,58,32.6,1.2568338725877952
Park-Fav,MFGP,58,32.7,1.2568338725877952
Park-Fav,MFGP,58,32.8,1.2568338725877952
Park-Fav,MFGP,58,32.9,1.2568338725877952
Park-Fav,MFGP,58,33.0,1.2568338725877952
Park-Fav,MFGP,58,33.1,1.2568338725877952
Park-Fav,MFGP,58,33.2,1.2568338725877952
Park-Fav,MFGP,58,33.3,1.2568338725877952
Park-Fav,MFGP,58,33.4,1.2568338725877952
Park-Fav,MFGP,58,33.5,1.2568338725877952
Park-Fav,MFGP,58,34.5,1.2568338725877952
Park-Fav,MFGP,58,34.6,1.2568338725877952
Park-Fav,MFGP,58,34.7,1.2568338725877952
Park-Fav,MFGP,58,34.8,1.2568338725877952
Park-Fav,MFGP,58,34.9,1.2568338725877952
Park-Fav,MFGP,58,35.0,1.2568338725877952
Park-Fav,MFGP,58,35.1,1.2568338725877952
Park-Fav,MFGP,58,35.2,1.2568338725877952
Park-Fav,MFGP,58,35.3,1.2568338725877952
Park-Fav,MFGP,58,35.4,1.2568338725877952
Park-Fav,MFGP,58,35.5,1.2568338725877952
Park-Fav,MFGP,58,36.5,1.2568338725877952
Park-Fav,MFGP,58,36.6,1.2568338725877952
Park-Fav,MFGP,58,36.7,1.2568338725877952
Park-Fav,MFGP,58,36.8,1.2568338725877952
Park-Fav,MFGP,58,36.9,1.2568338725877952
Park-Fav,MFGP,58,37.0,1.2568338725877952
Park-Fav,MFGP,58,37.1,1.2568338725877952
Park-Fav,MFGP,58,37.2,1.2568338725877952
Park-Fav,MFGP,58,37.3,1.2568338725877952
Park-Fav,MFGP,58,37.4,1.2568338725877952
Park-Fav,MFGP,58,37.5,1.2568338725877952
Park-Fav,MFGP,58,38.5,1.2568338725877952
Park-Fav,MFGP,58,38.6,1.2568338725877952
Park-Fav,MFGP,58,38.7,1.2568338725877952
Park-Fav,MFGP,58,38.8,1.2568338725877952
Park-Fav,MFGP,58,38.9,1.2568338725877952
Park-Fav,MFGP,58,39.0,1.2568338725877952
Park-Fav,MFGP,58,39.1,1.2568338725877952
Park-Fav,MFGP,58,39.2,1.2568338725877952
Park-Fav,MFGP,58,39.3,1.2568338725877952
Park-Fav,MFGP,58,39.4,1.2568338725877952
Park-Fav,MFGP,58,39.5,1.2568338725877952
Park-Fav,MFGP,58,40.5,1.2568338725877952
Park-Fav,MFGP,58,40.6,1.2568338725877952
Park-Fav,MFGP,58,40.7,1.2568338725877952
Park-Fav,MFGP,58,40.8,1.2568338725877952
Park-Fav,MFGP,58,40.9,1.2568338725877952
Park-Fav,MFGP,58,41.0,1.2568338725877952
Park-Fav,MFGP,58,41.1,1.2568338725877952
Park-Fav,MFGP,58,41.2,1.2568338725877952
Park-Fav,MFGP,58,41.3,1.2568338725877952
Park-Fav,MFGP,58,41.4,1.2568338725877952
Park-Fav,MFGP,58,41.5,1.2568338725877952
Park-Fav,MFGP,58,42.5,1.2568338725877952
Park-Fav,MFGP,58,42.6,1.2568338725877952
Park-Fav,MFGP,58,42.7,1.2568338725877952
Park-Fav,MFGP,58,42.8,1.2568338725877952
Park-Fav,MFGP,58,42.9,1.2568338725877952
Park-Fav,MFGP,58,43.0,1.2568338725877952
Park-Fav,MFGP,58,43.1,1.2568338725877952
Park-Fav,MFGP,58,43.2,1.2568338725877952
Park-Fav,MFGP,58,43.3,1.2568338725877952
Park-Fav,MFGP,58,43.4,1.2568338725877952
Park-Fav,MFGP,58,43.5,1.2568338725877952
Park-Fav,MFGP,58,44.5,1.2568338725877952
Park-Fav,MFGP,58,44.6,1.2568338725877952
Park-Fav,MFGP,58,44.7,1.2568338725877952
Park-Fav,MFGP,58,44.8,1.2568338725877952
Park-Fav,MFGP,58,44.9,1.2568338725877952
Park-Fav,MFGP,58,45.0,1.2568338725877952
Park-Fav,MFGP,58,45.1,1.2568338725877952
Park-Fav,MFGP,58,45.2,1.2568338725877952
Park-Fav,MFGP,58,45.3,1.2568338725877952
Park-Fav,MFGP,58,45.4,1.2568338725877952
Park-Fav,MFGP,58,45.5,1.2568338725877952
Park-Fav,MFGP,58,46.5,1.087312731383618e-07
Park-Fav,MFGP,58,46.6,1.087312731383618e-07
Park-Fav,MFGP,58,46.7,1.087312731383618e-07
Park-Fav,MFGP,58,46.8,1.087312731383618e-07
Park-Fav,MFGP,58,46.9,1.087312731383618e-07
Park-Fav,MFGP,58,47.0,1.087312731383618e-07
Park-Fav,MFGP,58,47.1,1.087312731383618e-07
Park-Fav,MFGP,58,47.2,1.087312731383618e-07
Park-Fav,MFGP,58,47.3,1.087312731383618e-07
Park-Fav,MFGP,58,47.4,1.087312731383618e-07
Park-Fav,MFGP,58,47.5,1.087312731383618e-07
Park-Fav,MFGP,58,48.5,1.087312731383618e-07
Park-Fav,MFGP,58,48.6,1.087312731383618e-07
Park-Fav,MFGP,58,48.7,1.087312731383618e-07
Park-Fav,MFGP,58,48.8,1.087312731383618e-07
Park-Fav,MFGP,58,48.9,1.087312731383618e-07
Park-Fav,MFGP,58,49.0,1.087312731383618e-07
Park-Fav,MFGP,58,49.1,1.087312731383618e-07
Park-Fav,MFGP,58,49.2,1.087312731383618e-07
Park-Fav,MFGP,58,49.3,1.087312731383618e-07
Park-Fav,MFGP,58,49.4,1.087312731383618e-07
Park-Fav,MFGP,58,49.5,1.087312731383618e-07
Park-Fav,MFGP,58,49.6,1.087312731383618e-07
Park-Fav,MFGP,58,49.7,1.087312731383618e-07
Park-Fav,MFGP,58,49.8,1.087312731383618e-07
Park-Fav,MFGP,58,49.9,1.087312731383618e-07
Park-Fav,MFGP,59,4.5,11.447436598082602
Park-Fav,MFGP,59,4.6,11.447436598082602
Park-Fav,MFGP,59,4.7,11.447436598082602
Park-Fav,MFGP,59,4.8,11.447436598082602
Park-Fav,MFGP,59,4.9,11.447436598082602
Park-Fav,MFGP,59,5.0,11.447436598082602
Park-Fav,MFGP,59,5.1,11.447436598082602
Park-Fav,MFGP,59,5.2,11.447436598082602
Park-Fav,MFGP,59,5.3,11.447436598082602
Park-Fav,MFGP,59,5.4,11.447436598082602
Park-Fav,MFGP,59,5.5,11.447436598082602
Park-Fav,MFGP,59,6.5,1.541513844536675e-07
Park-Fav,MFGP,59,6.6,1.541513844536675e-07
Park-Fav,MFGP,59,6.7,1.541513844536675e-07
Park-Fav,MFGP,59,6.8,1.541513844536675e-07
Park-Fav,MFGP,59,6.9,1.541513844536675e-07
Park-Fav,MFGP,59,7.0,1.541513844536675e-07
Park-Fav,MFGP,59,7.1,1.541513844536675e-07
Park-Fav,MFGP,59,7.2,1.541513844536675e-07
Park-Fav,MFGP,59,7.3,1.541513844536675e-07
Park-Fav,MFGP,59,7.4,1.541513844536675e-07
Park-Fav,MFGP,59,7.5,1.541513844536675e-07
Park-Fav,MFGP,59,8.5,1.541513844536675e-07
Park-Fav,MFGP,59,8.6,1.541513844536675e-07
Park-Fav,MFGP,59,8.7,1.541513844536675e-07
Park-Fav,MFGP,59,8.8,1.541513844536675e-07
Park-Fav,MFGP,59,8.9,1.541513844536675e-07
Park-Fav,MFGP,59,9.0,1.541513844536675e-07
Park-Fav,MFGP,59,9.1,1.541513844536675e-07
Park-Fav,MFGP,59,9.2,1.541513844536675e-07
Park-Fav,MFGP,59,9.3,1.541513844536675e-07
Park-Fav,MFGP,59,9.4,1.541513844536675e-07
Park-Fav,MFGP,59,9.5,1.541513844536675e-07
Park-Fav,MFGP,59,10.5,1.541513844536675e-07
Park-Fav,MFGP,59,10.6,1.541513844536675e-07
Park-Fav,MFGP,59,10.7,1.541513844536675e-07
Park-Fav,MFGP,59,10.8,1.541513844536675e-07
Park-Fav,MFGP,59,10.9,1.541513844536675e-07
Park-Fav,MFGP,59,11.0,1.541513844536675e-07
Park-Fav,MFGP,59,11.1,1.541513844536675e-07
Park-Fav,MFGP,59,11.2,1.541513844536675e-07
Park-Fav,MFGP,59,11.3,1.541513844536675e-07
Park-Fav,MFGP,59,11.4,1.541513844536675e-07
Park-Fav,MFGP,59,11.5,1.541513844536675e-07
Park-Fav,MFGP,59,12.5,1.541513844536675e-07
Park-Fav,MFGP,59,12.6,1.541513844536675e-07
Park-Fav,MFGP,59,12.7,1.541513844536675e-07
Park-Fav,MFGP,59,12.8,1.541513844536675e-07
Park-Fav,MFGP,59,12.9,1.541513844536675e-07
Park-Fav,MFGP,59,13.0,1.541513844536675e-07
Park-Fav,MFGP,59,13.1,1.541513844536675e-07
Park-Fav,MFGP,59,13.2,1.541513844536675e-07
Park-Fav,MFGP,59,13.3,1.541513844536675e-07
Park-Fav,MFGP,59,13.4,1.541513844536675e-07
Park-Fav,MFGP,59,13.5,1.541513844536675e-07
Park-Fav,MFGP,59,14.5,1.541513844536675e-07
Park-Fav,MFGP,59,14.6,1.541513844536675e-07
Park-Fav,MFGP,59,14.7,1.541513844536675e-07
Park-Fav,MFGP,59,14.8,1.541513844536675e-07
Park-Fav,MFGP,59,14.9,1.541513844536675e-07
Park-Fav,MFGP,59,15.0,1.541513844536675e-07
Park-Fav,MFGP,59,15.1,1.541513844536675e-07
Park-Fav,MFGP,59,15.2,1.541513844536675e-07
Park-Fav,MFGP,59,15.3,1.541513844536675e-07
Park-Fav,MFGP,59,15.4,1.541513844536675e-07
Park-Fav,MFGP,59,15.5,1.541513844536675e-07
Park-Fav,MFGP,59,16.5,1.541513844536675e-07
Park-Fav,MFGP,59,16.6,1.541513844536675e-07
Park-Fav,MFGP,59,16.7,1.541513844536675e-07
Park-Fav,MFGP,59,16.8,1.541513844536675e-07
Park-Fav,MFGP,59,16.9,1.541513844536675e-07
Park-Fav,MFGP,59,17.0,1.541513844536675e-07
Park-Fav,MFGP,59,17.1,1.541513844536675e-07
Park-Fav,MFGP,59,17.2,1.541513844536675e-07
Park-Fav,MFGP,59,17.3,1.541513844536675e-07
Park-Fav,MFGP,59,17.4,1.541513844536675e-07
Park-Fav,MFGP,59,17.5,1.541513844536675e-07
Park-Fav,MFGP,59,18.5,1.541513844536675e-07
Park-Fav,MFGP,59,18.6,1.541513844536675e-07
Park-Fav,MFGP,59,18.7,1.541513844536675e-07
Park-Fav,MFGP,59,18.8,1.541513844536675e-07
Park-Fav,MFGP,59,18.9,1.541513844536675e-07
Park-Fav,MFGP,59,19.0,1.541513844536675e-07
Park-Fav,MFGP,59,19.1,1.541513844536675e-07
Park-Fav,MFGP,59,19.2,1.541513844536675e-07
Park-Fav,MFGP,59,19.3,1.541513844536675e-07
Park-Fav,MFGP,59,19.4,1.541513844536675e-07
Park-Fav,MFGP,59,19.5,1.541513844536675e-07
Park-Fav,MFGP,59,20.5,1.541513844536675e-07
Park-Fav,MFGP,59,20.6,1.541513844536675e-07
Park-Fav,MFGP,59,20.7,1.541513844536675e-07
Park-Fav,MFGP,59,20.8,1.541513844536675e-07
Park-Fav,MFGP,59,20.9,1.541513844536675e-07
Park-Fav,MFGP,59,21.0,1.541513844536675e-07
Park-Fav,MFGP,59,21.1,1.541513844536675e-07
Park-Fav,MFGP,59,21.2,1.541513844536675e-07
Park-Fav,MFGP,59,21.3,1.541513844536675e-07
Park-Fav,MFGP,59,21.4,1.541513844536675e-07
Park-Fav,MFGP,59,21.5,1.541513844536675e-07
Park-Fav,MFGP,59,22.5,1.541513844536675e-07
Park-Fav,MFGP,59,22.6,1.541513844536675e-07
Park-Fav,MFGP,59,22.7,1.541513844536675e-07
Park-Fav,MFGP,59,22.8,1.541513844536675e-07
Park-Fav,MFGP,59,22.9,1.541513844536675e-07
Park-Fav,MFGP,59,23.0,1.541513844536675e-07
Park-Fav,MFGP,59,23.1,1.541513844536675e-07
Park-Fav,MFGP,59,23.2,1.541513844536675e-07
Park-Fav,MFGP,59,23.3,1.541513844536675e-07
Park-Fav,MFGP,59,23.4,1.541513844536675e-07
Park-Fav,MFGP,59,23.5,1.541513844536675e-07
Park-Fav,MFGP,59,24.5,1.541513844536675e-07
Park-Fav,MFGP,59,24.6,1.541513844536675e-07
Park-Fav,MFGP,59,24.7,1.541513844536675e-07
Park-Fav,MFGP,59,24.8,1.541513844536675e-07
Park-Fav,MFGP,59,24.9,1.541513844536675e-07
Park-Fav,MFGP,59,25.0,1.541513844536675e-07
Park-Fav,MFGP,59,25.1,1.541513844536675e-07
Park-Fav,MFGP,59,25.2,1.541513844536675e-07
Park-Fav,MFGP,59,25.3,1.541513844536675e-07
Park-Fav,MFGP,59,25.4,1.541513844536675e-07
Park-Fav,MFGP,59,25.5,1.541513844536675e-07
Park-Fav,MFGP,59,26.5,1.541513844536675e-07
Park-Fav,MFGP,59,26.6,1.541513844536675e-07
Park-Fav,MFGP,59,26.7,1.541513844536675e-07
Park-Fav,MFGP,59,26.8,1.541513844536675e-07
Park-Fav,MFGP,59,26.9,1.541513844536675e-07
Park-Fav,MFGP,59,27.0,1.541513844536675e-07
Park-Fav,MFGP,59,27.1,1.541513844536675e-07
Park-Fav,MFGP,59,27.2,1.541513844536675e-07
Park-Fav,MFGP,59,27.3,1.541513844536675e-07
Park-Fav,MFGP,59,27.4,1.541513844536675e-07
Park-Fav,MFGP,59,27.5,1.541513844536675e-07
Park-Fav,MFGP,59,28.5,1.541513844536675e-07
Park-Fav,MFGP,59,28.6,1.541513844536675e-07
Park-Fav,MFGP,59,28.7,1.541513844536675e-07
Park-Fav,MFGP,59,28.8,1.541513844536675e-07
Park-Fav,MFGP,59,28.9,1.541513844536675e-07
Park-Fav,MFGP,59,29.0,1.541513844536675e-07
Park-Fav,MFGP,59,29.1,1.541513844536675e-07
Park-Fav,MFGP,59,29.2,1.541513844536675e-07
Park-Fav,MFGP,59,29.3,1.541513844536675e-07
Park-Fav,MFGP,59,29.4,1.541513844536675e-07
Park-Fav,MFGP,59,29.5,1.541513844536675e-07
Park-Fav,MFGP,59,30.5,1.541513844536675e-07
Park-Fav,MFGP,59,30.6,1.541513844536675e-07
Park-Fav,MFGP,59,30.7,1.541513844536675e-07
Park-Fav,MFGP,59,30.8,1.541513844536675e-07
Park-Fav,MFGP,59,30.9,1.541513844536675e-07
Park-Fav,MFGP,59,31.0,1.541513844536675e-07
Park-Fav,MFGP,59,31.1,1.541513844536675e-07
Park-Fav,MFGP,59,31.2,1.541513844536675e-07
Park-Fav,MFGP,59,31.3,1.541513844536675e-07
Park-Fav,MFGP,59,31.4,1.541513844536675e-07
Park-Fav,MFGP,59,31.5,1.541513844536675e-07
Park-Fav,MFGP,59,32.5,1.541513844536675e-07
Park-Fav,MFGP,59,32.6,1.541513844536675e-07
Park-Fav,MFGP,59,32.7,1.541513844536675e-07
Park-Fav,MFGP,59,32.8,1.541513844536675e-07
Park-Fav,MFGP,59,32.9,1.541513844536675e-07
Park-Fav,MFGP,59,33.0,1.541513844536675e-07
Park-Fav,MFGP,59,33.1,1.541513844536675e-07
Park-Fav,MFGP,59,33.2,1.541513844536675e-07
Park-Fav,MFGP,59,33.3,1.541513844536675e-07
Park-Fav,MFGP,59,33.4,1.541513844536675e-07
Park-Fav,MFGP,59,33.5,1.541513844536675e-07
Park-Fav,MFGP,59,34.5,1.541513844536675e-07
Park-Fav,MFGP,59,34.6,1.541513844536675e-07
Park-Fav,MFGP,59,34.7,1.541513844536675e-07
Park-Fav,MFGP,59,34.8,1.541513844536675e-07
Park-Fav,MFGP,59,34.9,1.541513844536675e-07
Park-Fav,MFGP,59,35.0,1.541513844536675e-07
Park-Fav,MFGP,59,35.1,1.541513844536675e-07
Park-Fav,MFGP,59,35.2,1.541513844536675e-07
Park-Fav,MFGP,59,35.3,1.541513844536675e-07
Park-Fav,MFGP,59,35.4,1.541513844536675e-07
Park-Fav,MFGP,59,35.5,1.541513844536675e-07
Park-Fav,MFGP,59,36.5,1.541513844536675e-07
Park-Fav,MFGP,59,36.6,1.541513844536675e-07
Park-Fav,MFGP,59,36.7,1.541513844536675e-07
Park-Fav,MFGP,59,36.8,1.541513844536675e-07
Park-Fav,MFGP,59,36.9,1.541513844536675e-07
Park-Fav,MFGP,59,37.0,1.541513844536675e-07
Park-Fav,MFGP,59,37.1,1.541513844536675e-07
Park-Fav,MFGP,59,37.2,1.541513844536675e-07
Park-Fav,MFGP,59,37.3,1.541513844536675e-07
Park-Fav,MFGP,59,37.4,1.541513844536675e-07
Park-Fav,MFGP,59,37.5,1.541513844536675e-07
Park-Fav,MFGP,59,38.5,1.541513844536675e-07
Park-Fav,MFGP,59,38.6,1.541513844536675e-07
Park-Fav,MFGP,59,38.7,1.541513844536675e-07
Park-Fav,MFGP,59,38.8,1.541513844536675e-07
Park-Fav,MFGP,59,38.9,1.541513844536675e-07
Park-Fav,MFGP,59,39.0,1.541513844536675e-07
Park-Fav,MFGP,59,39.1,1.541513844536675e-07
Park-Fav,MFGP,59,39.2,1.541513844536675e-07
Park-Fav,MFGP,59,39.3,1.541513844536675e-07
Park-Fav,MFGP,59,39.4,1.541513844536675e-07
Park-Fav,MFGP,59,39.5,1.541513844536675e-07
Park-Fav,MFGP,59,40.5,1.541513844536675e-07
Park-Fav,MFGP,59,40.6,1.541513844536675e-07
Park-Fav,MFGP,59,40.7,1.541513844536675e-07
Park-Fav,MFGP,59,40.8,1.541513844536675e-07
Park-Fav,MFGP,59,40.9,1.541513844536675e-07
Park-Fav,MFGP,59,41.0,1.541513844536675e-07
Park-Fav,MFGP,59,41.1,1.541513844536675e-07
Park-Fav,MFGP,59,41.2,1.541513844536675e-07
Park-Fav,MFGP,59,41.3,1.541513844536675e-07
Park-Fav,MFGP,59,41.4,1.541513844536675e-07
Park-Fav,MFGP,59,41.5,1.541513844536675e-07
Park-Fav,MFGP,59,42.5,1.541513844536675e-07
Park-Fav,MFGP,59,42.6,1.541513844536675e-07
Park-Fav,MFGP,59,42.7,1.541513844536675e-07
Park-Fav,MFGP,59,42.8,1.541513844536675e-07
Park-Fav,MFGP,59,42.9,1.541513844536675e-07
Park-Fav,MFGP,59,43.0,1.541513844536675e-07
Park-Fav,MFGP,59,43.1,1.541513844536675e-07
Park-Fav,MFGP,59,43.2,1.541513844536675e-07
Park-Fav,MFGP,59,43.3,1.541513844536675e-07
Park-Fav,MFGP,59,43.4,1.541513844536675e-07
Park-Fav,MFGP,59,43.5,1.541513844536675e-07
Park-Fav,MFGP,59,44.5,1.541513844536675e-07
Park-Fav,MFGP,59,44.6,1.541513844536675e-07
Park-Fav,MFGP,59,44.7,1.541513844536675e-07
Park-Fav,MFGP,59,44.8,1.541513844536675e-07
Park-Fav,MFGP,59,44.9,1.541513844536675e-07
Park-Fav,MFGP,59,45.0,1.541513844536675e-07
Park-Fav,MFGP,59,45.1,1.541513844536675e-07
Park-Fav,MFGP,59,45.2,1.541513844536675e-07
Park-Fav,MFGP,59,45.3,1.541513844536675e-07
Park-Fav,MFGP,59,45.4,1.541513844536675e-07
Park-Fav,MFGP,59,45.5,1.541513844536675e-07
Park-Fav,MFGP,59,46.5,1.087312731383618e-07
Park-Fav,MFGP,59,46.6,1.087312731383618e-07
Park-Fav,MFGP,59,46.7,1.087312731383618e-07
Park-Fav,MFGP,59,46.8,1.087312731383618e-07
Park-Fav,MFGP,59,46.9,1.087312731383618e-07
Park-Fav,MFGP,59,47.0,1.087312731383618e-07
Park-Fav,MFGP,59,47.1,1.087312731383618e-07
Park-Fav,MFGP,59,47.2,1.087312731383618e-07
Park-Fav,MFGP,59,47.3,1.087312731383618e-07
Park-Fav,MFGP,59,47.4,1.087312731383618e-07
Park-Fav,MFGP,59,47.5,1.087312731383618e-07
Park-Fav,MFGP,59,48.5,1.087312731383618e-07
Park-Fav,MFGP,59,48.6,1.087312731383618e-07
Park-Fav,MFGP,59,48.7,1.087312731383618e-07
Park-Fav,MFGP,59,48.8,1.087312731383618e-07
Park-Fav,MFGP,59,48.9,1.087312731383618e-07
Park-Fav,MFGP,59,49.0,1.087312731383618e-07
Park-Fav,MFGP,59,49.1,1.087312731383618e-07
Park-Fav,MFGP,59,49.2,1.087312731383618e-07
Park-Fav,MFGP,59,49.3,1.087312731383618e-07
Park-Fav,MFGP,59,49.4,1.087312731383618e-07
Park-Fav,MFGP,59,49.5,1.087312731383618e-07
Park-Fav,MFGP,59,49.6,1.087312731383618e-07
Park-Fav,MFGP,59,49.7,1.087312731383618e-07
Park-Fav,MFGP,59,49.8,1.087312731383618e-07
Park-Fav,MFGP,59,49.9,1.087312731383618e-07
Park-Fav,MFGP,60,4.5,7.248751542557454
Park-Fav,MFGP,60,4.6,7.248751542557454
Park-Fav,MFGP,60,4.7,7.248751542557454
Park-Fav,MFGP,60,4.8,7.248751542557454
Park-Fav,MFGP,60,4.9,7.248751542557454
Park-Fav,MFGP,60,5.0,7.248751542557454
Park-Fav,MFGP,60,5.1,7.248751542557454
Park-Fav,MFGP,60,5.2,7.248751542557454
Park-Fav,MFGP,60,5.3,7.248751542557454
Park-Fav,MFGP,60,5.4,7.248751542557454
Park-Fav,MFGP,60,5.5,7.248751542557454
Park-Fav,MFGP,60,6.5,2.5930335532473125e-07
Park-Fav,MFGP,60,6.6,2.5930335532473125e-07
Park-Fav,MFGP,60,6.7,2.5930335532473125e-07
Park-Fav,MFGP,60,6.8,2.5930335532473125e-07
Park-Fav,MFGP,60,6.9,2.5930335532473125e-07
Park-Fav,MFGP,60,7.0,2.5930335532473125e-07
Park-Fav,MFGP,60,7.1,2.5930335532473125e-07
Park-Fav,MFGP,60,7.2,2.5930335532473125e-07
Park-Fav,MFGP,60,7.3,2.5930335532473125e-07
Park-Fav,MFGP,60,7.4,2.5930335532473125e-07
Park-Fav,MFGP,60,7.5,2.5930335532473125e-07
Park-Fav,MFGP,60,8.5,2.5930335532473125e-07
Park-Fav,MFGP,60,8.6,2.5930335532473125e-07
Park-Fav,MFGP,60,8.7,2.5930335532473125e-07
Park-Fav,MFGP,60,8.8,2.5930335532473125e-07
Park-Fav,MFGP,60,8.9,2.5930335532473125e-07
Park-Fav,MFGP,60,9.0,2.5930335532473125e-07
Park-Fav,MFGP,60,9.1,2.5930335532473125e-07
Park-Fav,MFGP,60,9.2,2.5930335532473125e-07
Park-Fav,MFGP,60,9.3,2.5930335532473125e-07
Park-Fav,MFGP,60,9.4,2.5930335532473125e-07
Park-Fav,MFGP,60,9.5,2.5930335532473125e-07
Park-Fav,MFGP,60,10.5,2.5930335532473125e-07
Park-Fav,MFGP,60,10.6,2.5930335532473125e-07
Park-Fav,MFGP,60,10.7,2.5930335532473125e-07
Park-Fav,MFGP,60,10.8,2.5930335532473125e-07
Park-Fav,MFGP,60,10.9,2.5930335532473125e-07
Park-Fav,MFGP,60,11.0,2.5930335532473125e-07
Park-Fav,MFGP,60,11.1,2.5930335532473125e-07
Park-Fav,MFGP,60,11.2,2.5930335532473125e-07
Park-Fav,MFGP,60,11.3,2.5930335532473125e-07
Park-Fav,MFGP,60,11.4,2.5930335532473125e-07
Park-Fav,MFGP,60,11.5,2.5930335532473125e-07
Park-Fav,MFGP,60,12.5,2.5930335532473125e-07
Park-Fav,MFGP,60,12.6,2.5930335532473125e-07
Park-Fav,MFGP,60,12.7,2.5930335532473125e-07
Park-Fav,MFGP,60,12.8,2.5930335532473125e-07
Park-Fav,MFGP,60,12.9,2.5930335532473125e-07
Park-Fav,MFGP,60,13.0,2.5930335532473125e-07
Park-Fav,MFGP,60,13.1,2.5930335532473125e-07
Park-Fav,MFGP,60,13.2,2.5930335532473125e-07
Park-Fav,MFGP,60,13.3,2.5930335532473125e-07
Park-Fav,MFGP,60,13.4,2.5930335532473125e-07
Park-Fav,MFGP,60,13.5,2.5930335532473125e-07
Park-Fav,MFGP,60,14.5,2.5930335532473125e-07
Park-Fav,MFGP,60,14.6,2.5930335532473125e-07
Park-Fav,MFGP,60,14.7,2.5930335532473125e-07
Park-Fav,MFGP,60,14.8,2.5930335532473125e-07
Park-Fav,MFGP,60,14.9,2.5930335532473125e-07
Park-Fav,MFGP,60,15.0,2.5930335532473125e-07
Park-Fav,MFGP,60,15.1,2.5930335532473125e-07
Park-Fav,MFGP,60,15.2,2.5930335532473125e-07
Park-Fav,MFGP,60,15.3,2.5930335532473125e-07
Park-Fav,MFGP,60,15.4,2.5930335532473125e-07
Park-Fav,MFGP,60,15.5,2.5930335532473125e-07
Park-Fav,MFGP,60,16.5,2.5930335532473125e-07
Park-Fav,MFGP,60,16.6,2.5930335532473125e-07
Park-Fav,MFGP,60,16.7,2.5930335532473125e-07
Park-Fav,MFGP,60,16.8,2.5930335532473125e-07
Park-Fav,MFGP,60,16.9,2.5930335532473125e-07
Park-Fav,MFGP,60,17.0,2.5930335532473125e-07
Park-Fav,MFGP,60,17.1,2.5930335532473125e-07
Park-Fav,MFGP,60,17.2,2.5930335532473125e-07
Park-Fav,MFGP,60,17.3,2.5930335532473125e-07
Park-Fav,MFGP,60,17.4,2.5930335532473125e-07
Park-Fav,MFGP,60,17.5,2.5930335532473125e-07
Park-Fav,MFGP,60,18.5,2.5930335532473125e-07
Park-Fav,MFGP,60,18.6,2.5930335532473125e-07
Park-Fav,MFGP,60,18.7,2.5930335532473125e-07
Park-Fav,MFGP,60,18.8,2.5930335532473125e-07
Park-Fav,MFGP,60,18.9,2.5930335532473125e-07
Park-Fav,MFGP,60,19.0,2.5930335532473125e-07
Park-Fav,MFGP,60,19.1,2.5930335532473125e-07
Park-Fav,MFGP,60,19.2,2.5930335532473125e-07
Park-Fav,MFGP,60,19.3,2.5930335532473125e-07
Park-Fav,MFGP,60,19.4,2.5930335532473125e-07
Park-Fav,MFGP,60,19.5,2.5930335532473125e-07
Park-Fav,MFGP,60,20.5,2.5930335532473125e-07
Park-Fav,MFGP,60,20.6,2.5930335532473125e-07
Park-Fav,MFGP,60,20.7,2.5930335532473125e-07
Park-Fav,MFGP,60,20.8,2.5930335532473125e-07
Park-Fav,MFGP,60,20.9,2.5930335532473125e-07
Park-Fav,MFGP,60,21.0,2.5930335532473125e-07
Park-Fav,MFGP,60,21.1,2.5930335532473125e-07
Park-Fav,MFGP,60,21.2,2.5930335532473125e-07
Park-Fav,MFGP,60,21.3,2.5930335532473125e-07
Park-Fav,MFGP,60,21.4,2.5930335532473125e-07
Park-Fav,MFGP,60,21.5,2.5930335532473125e-07
Park-Fav,MFGP,60,22.5,2.5930335532473125e-07
Park-Fav,MFGP,60,22.6,2.5930335532473125e-07
Park-Fav,MFGP,60,22.7,2.5930335532473125e-07
Park-Fav,MFGP,60,22.8,2.5930335532473125e-07
Park-Fav,MFGP,60,22.9,2.5930335532473125e-07
Park-Fav,MFGP,60,23.0,2.5930335532473125e-07
Park-Fav,MFGP,60,23.1,2.5930335532473125e-07
Park-Fav,MFGP,60,23.2,2.5930335532473125e-07
Park-Fav,MFGP,60,23.3,2.5930335532473125e-07
Park-Fav,MFGP,60,23.4,2.5930335532473125e-07
Park-Fav,MFGP,60,23.5,2.5930335532473125e-07
Park-Fav,MFGP,60,24.5,2.5930335532473125e-07
Park-Fav,MFGP,60,24.6,2.5930335532473125e-07
Park-Fav,MFGP,60,24.7,2.5930335532473125e-07
Park-Fav,MFGP,60,24.8,2.5930335532473125e-07
Park-Fav,MFGP,60,24.9,2.5930335532473125e-07
Park-Fav,MFGP,60,25.0,2.5930335532473125e-07
Park-Fav,MFGP,60,25.1,2.5930335532473125e-07
Park-Fav,MFGP,60,25.2,2.5930335532473125e-07
Park-Fav,MFGP,60,25.3,2.5930335532473125e-07
Park-Fav,MFGP,60,25.4,2.5930335532473125e-07
Park-Fav,MFGP,60,25.5,2.5930335532473125e-07
Park-Fav,MFGP,60,26.5,2.5930335532473125e-07
Park-Fav,MFGP,60,26.6,2.5930335532473125e-07
Park-Fav,MFGP,60,26.7,2.5930335532473125e-07
Park-Fav,MFGP,60,26.8,2.5930335532473125e-07
Park-Fav,MFGP,60,26.9,2.5930335532473125e-07
Park-Fav,MFGP,60,27.0,2.5930335532473125e-07
Park-Fav,MFGP,60,27.1,2.5930335532473125e-07
Park-Fav,MFGP,60,27.2,2.5930335532473125e-07
Park-Fav,MFGP,60,27.3,2.5930335532473125e-07
Park-Fav,MFGP,60,27.4,2.5930335532473125e-07
Park-Fav,MFGP,60,27.5,2.5930335532473125e-07
Park-Fav,MFGP,60,28.5,2.5930335532473125e-07
Park-Fav,MFGP,60,28.6,2.5930335532473125e-07
Park-Fav,MFGP,60,28.7,2.5930335532473125e-07
Park-Fav,MFGP,60,28.8,2.5930335532473125e-07
Park-Fav,MFGP,60,28.9,2.5930335532473125e-07
Park-Fav,MFGP,60,29.0,2.5930335532473125e-07
Park-Fav,MFGP,60,29.1,2.5930335532473125e-07
Park-Fav,MFGP,60,29.2,2.5930335532473125e-07
Park-Fav,MFGP,60,29.3,2.5930335532473125e-07
Park-Fav,MFGP,60,29.4,2.5930335532473125e-07
Park-Fav,MFGP,60,29.5,2.5930335532473125e-07
Park-Fav,MFGP,60,30.5,2.5930335532473125e-07
Park-Fav,MFGP,60,30.6,2.5930335532473125e-07
Park-Fav,MFGP,60,30.7,2.5930335532473125e-07
Park-Fav,MFGP,60,30.8,2.5930335532473125e-07
Park-Fav,MFGP,60,30.9,2.5930335532473125e-07
Park-Fav,MFGP,60,31.0,2.5930335532473125e-07
Park-Fav,MFGP,60,31.1,2.5930335532473125e-07
Park-Fav,MFGP,60,31.2,2.5930335532473125e-07
Park-Fav,MFGP,60,31.3,2.5930335532473125e-07
Park-Fav,MFGP,60,31.4,2.5930335532473125e-07
Park-Fav,MFGP,60,31.5,2.5930335532473125e-07
Park-Fav,MFGP,60,32.5,2.5930335532473125e-07
Park-Fav,MFGP,60,32.6,2.5930335532473125e-07
Park-Fav,MFGP,60,32.7,2.5930335532473125e-07
Park-Fav,MFGP,60,32.8,2.5930335532473125e-07
Park-Fav,MFGP,60,32.9,2.5930335532473125e-07
Park-Fav,MFGP,60,33.0,2.5930335532473125e-07
Park-Fav,MFGP,60,33.1,2.5930335532473125e-07
Park-Fav,MFGP,60,33.2,2.5930335532473125e-07
Park-Fav,MFGP,60,33.3,2.5930335532473125e-07
Park-Fav,MFGP,60,33.4,2.5930335532473125e-07
Park-Fav,MFGP,60,33.5,2.5930335532473125e-07
Park-Fav,MFGP,60,34.5,2.5930335532473125e-07
Park-Fav,MFGP,60,34.6,2.5930335532473125e-07
Park-Fav,MFGP,60,34.7,2.5930335532473125e-07
Park-Fav,MFGP,60,34.8,2.5930335532473125e-07
Park-Fav,MFGP,60,34.9,2.5930335532473125e-07
Park-Fav,MFGP,60,35.0,2.5930335532473125e-07
Park-Fav,MFGP,60,35.1,2.5930335532473125e-07
Park-Fav,MFGP,60,35.2,2.5930335532473125e-07
Park-Fav,MFGP,60,35.3,2.5930335532473125e-07
Park-Fav,MFGP,60,35.4,2.5930335532473125e-07
Park-Fav,MFGP,60,35.5,2.5930335532473125e-07
Park-Fav,MFGP,60,36.5,2.5930335532473125e-07
Park-Fav,MFGP,60,36.6,2.5930335532473125e-07
Park-Fav,MFGP,60,36.7,2.5930335532473125e-07
Park-Fav,MFGP,60,36.8,2.5930335532473125e-07
Park-Fav,MFGP,60,36.9,2.5930335532473125e-07
Park-Fav,MFGP,60,37.0,2.5930335532473125e-07
Park-Fav,MFGP,60,37.1,2.5930335532473125e-07
Park-Fav,MFGP,60,37.2,2.5930335532473125e-07
Park-Fav,MFGP,60,37.3,2.5930335532473125e-07
Park-Fav,MFGP,60,37.4,2.5930335532473125e-07
Park-Fav,MFGP,60,37.5,2.5930335532473125e-07
Park-Fav,MFGP,60,38.5,2.5930335532473125e-07
Park-Fav,MFGP,60,38.6,2.5930335532473125e-07
Park-Fav,MFGP,60,38.7,2.5930335532473125e-07
Park-Fav,MFGP,60,38.8,2.5930335532473125e-07
Park-Fav,MFGP,60,38.9,2.5930335532473125e-07
Park-Fav,MFGP,60,39.0,2.5930335532473125e-07
Park-Fav,MFGP,60,39.1,2.5930335532473125e-07
Park-Fav,MFGP,60,39.2,2.5930335532473125e-07
Park-Fav,MFGP,60,39.3,2.5930335532473125e-07
Park-Fav,MFGP,60,39.4,2.5930335532473125e-07
Park-Fav,MFGP,60,39.5,2.5930335532473125e-07
Park-Fav,MFGP,60,40.5,2.5930335532473125e-07
Park-Fav,MFGP,60,40.6,2.5930335532473125e-07
Park-Fav,MFGP,60,40.7,2.5930335532473125e-07
Park-Fav,MFGP,60,40.8,2.5930335532473125e-07
Park-Fav,MFGP,60,40.9,2.5930335532473125e-07
Park-Fav,MFGP,60,41.0,2.5930335532473125e-07
Park-Fav,MFGP,60,41.1,2.5930335532473125e-07
Park-Fav,MFGP,60,41.2,2.5930335532473125e-07
Park-Fav,MFGP,60,41.3,2.5930335532473125e-07
Park-Fav,MFGP,60,41.4,2.5930335532473125e-07
Park-Fav,MFGP,60,41.5,2.5930335532473125e-07
Park-Fav,MFGP,60,42.5,2.5930335532473125e-07
Park-Fav,MFGP,60,42.6,2.5930335532473125e-07
Park-Fav,MFGP,60,42.7,2.5930335532473125e-07
Park-Fav,MFGP,60,42.8,2.5930335532473125e-07
Park-Fav,MFGP,60,42.9,2.5930335532473125e-07
Park-Fav,MFGP,60,43.0,2.5930335532473125e-07
Park-Fav,MFGP,60,43.1,2.5930335532473125e-07
Park-Fav,MFGP,60,43.2,2.5930335532473125e-07
Park-Fav,MFGP,60,43.3,2.5930335532473125e-07
Park-Fav,MFGP,60,43.4,2.5930335532473125e-07
Park-Fav,MFGP,60,43.5,2.5930335532473125e-07
Park-Fav,MFGP,60,44.5,2.5930335532473125e-07
Park-Fav,MFGP,60,44.6,2.5930335532473125e-07
Park-Fav,MFGP,60,44.7,2.5930335532473125e-07
Park-Fav,MFGP,60,44.8,2.5930335532473125e-07
Park-Fav,MFGP,60,44.9,2.5930335532473125e-07
Park-Fav,MFGP,60,45.0,2.5930335532473125e-07
Park-Fav,MFGP,60,45.1,2.5930335532473125e-07
Park-Fav,MFGP,60,45.2,2.5930335532473125e-07
Park-Fav,MFGP,60,45.3,2.5930335532473125e-07
Park-Fav,MFGP,60,45.4,2.5930335532473125e-07
Park-Fav,MFGP,60,45.5,2.5930335532473125e-07
Park-Fav,MFGP,60,46.5,1.087312731383618e-07
Park-Fav,MFGP,60,46.6,1.087312731383618e-07
Park-Fav,MFGP,60,46.7,1.087312731383618e-07
Park-Fav,MFGP,60,46.8,1.087312731383618e-07
Park-Fav,MFGP,60,46.9,1.087312731383618e-07
Park-Fav,MFGP,60,47.0,1.087312731383618e-07
Park-Fav,MFGP,60,47.1,1.087312731383618e-07
Park-Fav,MFGP,60,47.2,1.087312731383618e-07
Park-Fav,MFGP,60,47.3,1.087312731383618e-07
Park-Fav,MFGP,60,47.4,1.087312731383618e-07
Park-Fav,MFGP,60,47.5,1.087312731383618e-07
Park-Fav,MFGP,60,48.5,1.087312731383618e-07
Park-Fav,MFGP,60,48.6,1.087312731383618e-07
Park-Fav,MFGP,60,48.7,1.087312731383618e-07
Park-Fav,MFGP,60,48.8,1.087312731383618e-07
Park-Fav,MFGP,60,48.9,1.087312731383618e-07
Park-Fav,MFGP,60,49.0,1.087312731383618e-07
Park-Fav,MFGP,60,49.1,1.087312731383618e-07
Park-Fav,MFGP,60,49.2,1.087312731383618e-07
Park-Fav,MFGP,60,49.3,1.087312731383618e-07
Park-Fav,MFGP,60,49.4,1.087312731383618e-07
Park-Fav,MFGP,60,49.5,1.087312731383618e-07
Park-Fav,MFGP,60,49.6,1.087312731383618e-07
Park-Fav,MFGP,60,49.7,1.087312731383618e-07
Park-Fav,MFGP,60,49.8,1.087312731383618e-07
Park-Fav,MFGP,60,49.9,1.087312731383618e-07
Park-Fav,MFGP,61,4.5,5.28185589838558
Park-Fav,MFGP,61,4.6,5.28185589838558
Park-Fav,MFGP,61,4.7,5.28185589838558
Park-Fav,MFGP,61,4.8,5.28185589838558
Park-Fav,MFGP,61,4.9,5.28185589838558
Park-Fav,MFGP,61,5.0,5.28185589838558
Park-Fav,MFGP,61,5.1,5.28185589838558
Park-Fav,MFGP,61,5.2,5.28185589838558
Park-Fav,MFGP,61,5.3,5.28185589838558
Park-Fav,MFGP,61,5.4,5.28185589838558
Park-Fav,MFGP,61,5.5,5.28185589838558
Park-Fav,MFGP,61,6.5,2.718310723155178
Park-Fav,MFGP,61,6.6,2.718310723155178
Park-Fav,MFGP,61,6.7,2.718310723155178
Park-Fav,MFGP,61,6.8,2.718310723155178
Park-Fav,MFGP,61,6.9,2.718310723155178
Park-Fav,MFGP,61,7.0,2.718310723155178
Park-Fav,MFGP,61,7.1,2.718310723155178
Park-Fav,MFGP,61,7.2,2.718310723155178
Park-Fav,MFGP,61,7.3,2.718310723155178
Park-Fav,MFGP,61,7.4,2.718310723155178
Park-Fav,MFGP,61,7.5,2.718310723155178
Park-Fav,MFGP,61,8.5,1.812216834700953
Park-Fav,MFGP,61,8.6,1.812216834700953
Park-Fav,MFGP,61,8.7,1.812216834700953
Park-Fav,MFGP,61,8.8,1.812216834700953
Park-Fav,MFGP,61,8.9,1.812216834700953
Park-Fav,MFGP,61,9.0,1.812216834700953
Park-Fav,MFGP,61,9.1,1.812216834700953
Park-Fav,MFGP,61,9.2,1.812216834700953
Park-Fav,MFGP,61,9.3,1.812216834700953
Park-Fav,MFGP,61,9.4,1.812216834700953
Park-Fav,MFGP,61,9.5,1.812216834700953
Park-Fav,MFGP,61,10.5,1.812216834700953
Park-Fav,MFGP,61,10.6,1.812216834700953
Park-Fav,MFGP,61,10.7,1.812216834700953
Park-Fav,MFGP,61,10.8,1.812216834700953
Park-Fav,MFGP,61,10.9,1.812216834700953
Park-Fav,MFGP,61,11.0,1.812216834700953
Park-Fav,MFGP,61,11.1,1.812216834700953
Park-Fav,MFGP,61,11.2,1.812216834700953
Park-Fav,MFGP,61,11.3,1.812216834700953
Park-Fav,MFGP,61,11.4,1.812216834700953
Park-Fav,MFGP,61,11.5,1.812216834700953
Park-Fav,MFGP,61,12.5,1.812216834700953
Park-Fav,MFGP,61,12.6,1.812216834700953
Park-Fav,MFGP,61,12.7,1.812216834700953
Park-Fav,MFGP,61,12.8,1.812216834700953
Park-Fav,MFGP,61,12.9,1.812216834700953
Park-Fav,MFGP,61,13.0,1.812216834700953
Park-Fav,MFGP,61,13.1,1.812216834700953
Park-Fav,MFGP,61,13.2,1.812216834700953
Park-Fav,MFGP,61,13.3,1.812216834700953
Park-Fav,MFGP,61,13.4,1.812216834700953
Park-Fav,MFGP,61,13.5,1.812216834700953
Park-Fav,MFGP,61,14.5,1.812216834700953
Park-Fav,MFGP,61,14.6,1.812216834700953
Park-Fav,MFGP,61,14.7,1.812216834700953
Park-Fav,MFGP,61,14.8,1.812216834700953
Park-Fav,MFGP,61,14.9,1.812216834700953
Park-Fav,MFGP,61,15.0,1.812216834700953
Park-Fav,MFGP,61,15.1,1.812216834700953
Park-Fav,MFGP,61,15.2,1.812216834700953
Park-Fav,MFGP,61,15.3,1.812216834700953
Park-Fav,MFGP,61,15.4,1.812216834700953
Park-Fav,MFGP,61,15.5,1.812216834700953
Park-Fav,MFGP,61,16.5,1.812216834700953
Park-Fav,MFGP,61,16.6,1.812216834700953
Park-Fav,MFGP,61,16.7,1.812216834700953
Park-Fav,MFGP,61,16.8,1.812216834700953
Park-Fav,MFGP,61,16.9,1.812216834700953
Park-Fav,MFGP,61,17.0,1.812216834700953
Park-Fav,MFGP,61,17.1,1.812216834700953
Park-Fav,MFGP,61,17.2,1.812216834700953
Park-Fav,MFGP,61,17.3,1.812216834700953
Park-Fav,MFGP,61,17.4,1.812216834700953
Park-Fav,MFGP,61,17.5,1.812216834700953
Park-Fav,MFGP,61,18.5,1.812216834700953
Park-Fav,MFGP,61,18.6,1.812216834700953
Park-Fav,MFGP,61,18.7,1.812216834700953
Park-Fav,MFGP,61,18.8,1.812216834700953
Park-Fav,MFGP,61,18.9,1.812216834700953
Park-Fav,MFGP,61,19.0,1.812216834700953
Park-Fav,MFGP,61,19.1,1.812216834700953
Park-Fav,MFGP,61,19.2,1.812216834700953
Park-Fav,MFGP,61,19.3,1.812216834700953
Park-Fav,MFGP,61,19.4,1.812216834700953
Park-Fav,MFGP,61,19.5,1.812216834700953
Park-Fav,MFGP,61,20.5,1.812216834700953
Park-Fav,MFGP,61,20.6,1.812216834700953
Park-Fav,MFGP,61,20.7,1.812216834700953
Park-Fav,MFGP,61,20.8,1.812216834700953
Park-Fav,MFGP,61,20.9,1.812216834700953
Park-Fav,MFGP,61,21.0,1.812216834700953
Park-Fav,MFGP,61,21.1,1.812216834700953
Park-Fav,MFGP,61,21.2,1.812216834700953
Park-Fav,MFGP,61,21.3,1.812216834700953
Park-Fav,MFGP,61,21.4,1.812216834700953
Park-Fav,MFGP,61,21.5,1.812216834700953
Park-Fav,MFGP,61,22.5,1.812216834700953
Park-Fav,MFGP,61,22.6,1.812216834700953
Park-Fav,MFGP,61,22.7,1.812216834700953
Park-Fav,MFGP,61,22.8,1.812216834700953
Park-Fav,MFGP,61,22.9,1.812216834700953
Park-Fav,MFGP,61,23.0,1.812216834700953
Park-Fav,MFGP,61,23.1,1.812216834700953
Park-Fav,MFGP,61,23.2,1.812216834700953
Park-Fav,MFGP,61,23.3,1.812216834700953
Park-Fav,MFGP,61,23.4,1.812216834700953
Park-Fav,MFGP,61,23.5,1.812216834700953
Park-Fav,MFGP,61,24.5,1.812216834700953
Park-Fav,MFGP,61,24.6,1.812216834700953
Park-Fav,MFGP,61,24.7,1.812216834700953
Park-Fav,MFGP,61,24.8,1.812216834700953
Park-Fav,MFGP,61,24.9,1.812216834700953
Park-Fav,MFGP,61,25.0,1.812216834700953
Park-Fav,MFGP,61,25.1,1.812216834700953
Park-Fav,MFGP,61,25.2,1.812216834700953
Park-Fav,MFGP,61,25.3,1.812216834700953
Park-Fav,MFGP,61,25.4,1.812216834700953
Park-Fav,MFGP,61,25.5,1.812216834700953
Park-Fav,MFGP,61,26.5,1.812216834700953
Park-Fav,MFGP,61,26.6,1.812216834700953
Park-Fav,MFGP,61,26.7,1.812216834700953
Park-Fav,MFGP,61,26.8,1.812216834700953
Park-Fav,MFGP,61,26.9,1.812216834700953
Park-Fav,MFGP,61,27.0,1.812216834700953
Park-Fav,MFGP,61,27.1,1.812216834700953
Park-Fav,MFGP,61,27.2,1.812216834700953
Park-Fav,MFGP,61,27.3,1.812216834700953
Park-Fav,MFGP,61,27.4,1.812216834700953
Park-Fav,MFGP,61,27.5,1.812216834700953
Park-Fav,MFGP,61,28.5,1.812216834700953
Park-Fav,MFGP,61,28.6,1.812216834700953
Park-Fav,MFGP,61,28.7,1.812216834700953
Park-Fav,MFGP,61,28.8,1.812216834700953
Park-Fav,MFGP,61,28.9,1.812216834700953
Park-Fav,MFGP,61,29.0,1.812216834700953
Park-Fav,MFGP,61,29.1,1.812216834700953
Park-Fav,MFGP,61,29.2,1.812216834700953
Park-Fav,MFGP,61,29.3,1.812216834700953
Park-Fav,MFGP,61,29.4,1.812216834700953
Park-Fav,MFGP,61,29.5,1.812216834700953
Park-Fav,MFGP,61,30.5,1.812216834700953
Park-Fav,MFGP,61,30.6,1.812216834700953
Park-Fav,MFGP,61,30.7,1.812216834700953
Park-Fav,MFGP,61,30.8,1.812216834700953
Park-Fav,MFGP,61,30.9,1.812216834700953
Park-Fav,MFGP,61,31.0,1.812216834700953
Park-Fav,MFGP,61,31.1,1.812216834700953
Park-Fav,MFGP,61,31.2,1.812216834700953
Park-Fav,MFGP,61,31.3,1.812216834700953
Park-Fav,MFGP,61,31.4,1.812216834700953
Park-Fav,MFGP,61,31.5,1.812216834700953
Park-Fav,MFGP,61,32.5,1.812216834700953
Park-Fav,MFGP,61,32.6,1.812216834700953
Park-Fav,MFGP,61,32.7,1.812216834700953
Park-Fav,MFGP,61,32.8,1.812216834700953
Park-Fav,MFGP,61,32.9,1.812216834700953
Park-Fav,MFGP,61,33.0,1.812216834700953
Park-Fav,MFGP,61,33.1,1.812216834700953
Park-Fav,MFGP,61,33.2,1.812216834700953
Park-Fav,MFGP,61,33.3,1.812216834700953
Park-Fav,MFGP,61,33.4,1.812216834700953
Park-Fav,MFGP,61,33.5,1.812216834700953
Park-Fav,MFGP,61,34.5,1.812216834700953
Park-Fav,MFGP,61,34.6,1.812216834700953
Park-Fav,MFGP,61,34.7,1.812216834700953
Park-Fav,MFGP,61,34.8,1.812216834700953
Park-Fav,MFGP,61,34.9,1.812216834700953
Park-Fav,MFGP,61,35.0,1.812216834700953
Park-Fav,MFGP,61,35.1,1.812216834700953
Park-Fav,MFGP,61,35.2,1.812216834700953
Park-Fav,MFGP,61,35.3,1.812216834700953
Park-Fav,MFGP,61,35.4,1.812216834700953
Park-Fav,MFGP,61,35.5,1.812216834700953
Park-Fav,MFGP,61,36.5,1.812216834700953
Park-Fav,MFGP,61,36.6,1.812216834700953
Park-Fav,MFGP,61,36.7,1.812216834700953
Park-Fav,MFGP,61,36.8,1.812216834700953
Park-Fav,MFGP,61,36.9,1.812216834700953
Park-Fav,MFGP,61,37.0,1.812216834700953
Park-Fav,MFGP,61,37.1,1.812216834700953
Park-Fav,MFGP,61,37.2,1.812216834700953
Park-Fav,MFGP,61,37.3,1.812216834700953
Park-Fav,MFGP,61,37.4,1.812216834700953
Park-Fav,MFGP,61,37.5,1.812216834700953
Park-Fav,MFGP,61,38.5,1.812216834700953
Park-Fav,MFGP,61,38.6,1.812216834700953
Park-Fav,MFGP,61,38.7,1.812216834700953
Park-Fav,MFGP,61,38.8,1.812216834700953
Park-Fav,MFGP,61,38.9,1.812216834700953
Park-Fav,MFGP,61,39.0,1.812216834700953
Park-Fav,MFGP,61,39.1,1.812216834700953
Park-Fav,MFGP,61,39.2,1.812216834700953
Park-Fav,MFGP,61,39.3,1.812216834700953
Park-Fav,MFGP,61,39.4,1.812216834700953
Park-Fav,MFGP,61,39.5,1.812216834700953
Park-Fav,MFGP,61,40.5,1.812216834700953
Park-Fav,MFGP,61,40.6,1.812216834700953
Park-Fav,MFGP,61,40.7,1.812216834700953
Park-Fav,MFGP,61,40.8,1.812216834700953
Park-Fav,MFGP,61,40.9,1.812216834700953
Park-Fav,MFGP,61,41.0,1.812216834700953
Park-Fav,MFGP,61,41.1,1.812216834700953
Park-Fav,MFGP,61,41.2,1.812216834700953
Park-Fav,MFGP,61,41.3,1.812216834700953
Park-Fav,MFGP,61,41.4,1.812216834700953
Park-Fav,MFGP,61,41.5,1.812216834700953
Park-Fav,MFGP,61,42.5,1.812216834700953
Park-Fav,MFGP,61,42.6,1.812216834700953
Park-Fav,MFGP,61,42.7,1.812216834700953
Park-Fav,MFGP,61,42.8,1.812216834700953
Park-Fav,MFGP,61,42.9,1.812216834700953
Park-Fav,MFGP,61,43.0,1.812216834700953
Park-Fav,MFGP,61,43.1,1.812216834700953
Park-Fav,MFGP,61,43.2,1.812216834700953
Park-Fav,MFGP,61,43.3,1.812216834700953
Park-Fav,MFGP,61,43.4,1.812216834700953
Park-Fav,MFGP,61,43.5,1.812216834700953
Park-Fav,MFGP,61,44.5,1.812216834700953
Park-Fav,MFGP,61,44.6,1.812216834700953
Park-Fav,MFGP,61,44.7,1.812216834700953
Park-Fav,MFGP,61,44.8,1.812216834700953
Park-Fav,MFGP,61,44.9,1.812216834700953
Park-Fav,MFGP,61,45.0,1.812216834700953
Park-Fav,MFGP,61,45.1,1.812216834700953
Park-Fav,MFGP,61,45.2,1.812216834700953
Park-Fav,MFGP,61,45.3,1.812216834700953
Park-Fav,MFGP,61,45.4,1.812216834700953
Park-Fav,MFGP,61,45.5,1.812216834700953
Park-Fav,MFGP,61,46.5,1.087312731383618e-07
Park-Fav,MFGP,61,46.6,1.087312731383618e-07
Park-Fav,MFGP,61,46.7,1.087312731383618e-07
Park-Fav,MFGP,61,46.8,1.087312731383618e-07
Park-Fav,MFGP,61,46.9,1.087312731383618e-07
Park-Fav,MFGP,61,47.0,1.087312731383618e-07
Park-Fav,MFGP,61,47.1,1.087312731383618e-07
Park-Fav,MFGP,61,47.2,1.087312731383618e-07
Park-Fav,MFGP,61,47.3,1.087312731383618e-07
Park-Fav,MFGP,61,47.4,1.087312731383618e-07
Park-Fav,MFGP,61,47.5,1.087312731383618e-07
Park-Fav,MFGP,61,48.5,1.087312731383618e-07
Park-Fav,MFGP,61,48.6,1.087312731383618e-07
Park-Fav,MFGP,61,48.7,1.087312731383618e-07
Park-Fav,MFGP,61,48.8,1.087312731383618e-07
Park-Fav,MFGP,61,48.9,1.087312731383618e-07
Park-Fav,MFGP,61,49.0,1.087312731383618e-07
Park-Fav,MFGP,61,49.1,1.087312731383618e-07
Park-Fav,MFGP,61,49.2,1.087312731383618e-07
Park-Fav,MFGP,61,49.3,1.087312731383618e-07
Park-Fav,MFGP,61,49.4,1.087312731383618e-07
Park-Fav,MFGP,61,49.5,1.087312731383618e-07
Park-Fav,MFGP,61,49.6,1.087312731383618e-07
Park-Fav,MFGP,61,49.7,1.087312731383618e-07
Park-Fav,MFGP,61,49.8,1.087312731383618e-07
Park-Fav,MFGP,61,49.9,1.087312731383618e-07
Park-Unfav,MFGP,42,4.5,6.750905871830463
Park-Unfav,MFGP,42,5.0,6.750905871830463
Park-Unfav,MFGP,42,5.5,6.750905871830463
Park-Unfav,MFGP,42,6.5,1.2568613017750787
Park-Unfav,MFGP,42,7.0,1.2568613017750787
Park-Unfav,MFGP,42,7.5,1.2568613017750787
Park-Unfav,MFGP,42,8.5,1.541513844536675e-07
Park-Unfav,MFGP,42,9.0,1.541513844536675e-07
Park-Unfav,MFGP,42,9.5,1.541513844536675e-07
Park-Unfav,MFGP,42,10.5,1.541513844536675e-07
Park-Unfav,MFGP,42,11.0,1.541513844536675e-07
Park-Unfav,MFGP,42,11.5,1.541513844536675e-07
Park-Unfav,MFGP,42,12.5,1.541513844536675e-07
Park-Unfav,MFGP,42,13.0,1.541513844536675e-07
Park-Unfav,MFGP,42,13.5,1.541513844536675e-07
Park-Unfav,MFGP,42,14.5,1.137312731133618e-07
Park-Unfav,MFGP,42,15.0,1.137312731133618e-07
Park-Unfav,MFGP,42,15.5,1.137312731133618e-07
Park-Unfav,MFGP,42,16.5,1.137312731133618e-07
Park-Unfav,MFGP,42,17.0,1.137312731133618e-07
Park-Unfav,MFGP,42,17.5,1.137312731133618e-07
Park-Unfav,MFGP,42,18.5,1.137312731133618e-07
Park-Unfav,MFGP,42,19.0,1.137312731133618e-07
Park-Unfav,MFGP,42,19.5,1.137312731133618e-07
Park-Unfav,MFGP,42,20.5,1.137312731133618e-07
Park-Unfav,MFGP,42,21.0,1.137312731133618e-07
Park-Unfav,MFGP,42,21.5,1.137312731133618e-07
Park-Unfav,MFGP,42,22.5,1.137312731133618e-07
Park-Unfav,MFGP,42,23.0,1.137312731133618e-07
Park-Unfav,MFGP,42,23.5,1.137312731133618e-07
Park-Unfav,MFGP,42,24.5,1.137312731133618e-07
Park-Unfav,MFGP,42,25.0,1.137312731133618e-07
Park-Unfav,MFGP,42,25.5,1.137312731133618e-07
Park-Unfav,MFGP,42,26.5,1.137312731133618e-07
Park-Unfav,MFGP,42,27.0,1.137312731133618e-07
Park-Unfav,MFGP,42,27.5,1.137312731133618e-07
Park-Unfav,MFGP,42,28.5,1.137312731133618e-07
Park-Unfav,MFGP,42,29.0,1.137312731133618e-07
Park-Unfav,MFGP,42,29.5,1.137312731133618e-07
Park-Unfav,MFGP,42,30.5,1.137312731133618e-07
Park-Unfav,MFGP,42,31.0,1.137312731133618e-07
Park-Unfav,MFGP,42,31.5,1.137312731133618e-07
Park-Unfav,MFGP,42,32.5,1.137312731133618e-07
Park-Unfav,MFGP,42,33.0,1.137312731133618e-07
Park-Unfav,MFGP,42,33.5,1.137312731133618e-07
Park-Unfav,MFGP,42,34.5,1.137312731133618e-07
Park-Unfav,MFGP,42,35.0,1.137312731133618e-07
Park-Unfav,MFGP,42,35.5,1.137312731133618e-07
Park-Unfav,MFGP,42,36.5,1.137312731133618e-07
Park-Unfav,MFGP,42,37.0,1.137312731133618e-07
Park-Unfav,MFGP,42,37.5,1.137312731133618e-07
Park-Unfav,MFGP,42,38.5,1.137312731133618e-07
Park-Unfav,MFGP,42,39.0,1.137312731133618e-07
Park-Unfav,MFGP,42,39.5,1.137312731133618e-07
Park-Unfav,MFGP,42,40.5,1.137312731133618e-07
Park-Unfav,MFGP,42,41.0,1.137312731133618e-07
Park-Unfav,MFGP,42,41.5,1.137312731133618e-07
Park-Unfav,MFGP,42,42.5,1.137312731133618e-07
Park-Unfav,MFGP,42,43.0,1.137312731133618e-07
Park-Unfav,MFGP,42,43.5,1.137312731133618e-07
Park-Unfav,MFGP,42,44.5,1.137312731133618e-07
Park-Unfav,MFGP,42,45.0,1.137312731133618e-07
Park-Unfav,MFGP,42,45.5,1.137312731133618e-07
Park-Unfav,MFGP,42,46.5,1.137312731133618e-07
Park-Unfav,MFGP,42,47.0,1.137312731133618e-07
Park-Unfav,MFGP,42,47.5,1.137312731133618e-07
Park-Unfav,MFGP,42,48.5,1.137312731133618e-07
Park-Unfav,MFGP,42,49.0,1.137312731133618e-07
Park-Unfav,MFGP,42,49.5,1.137312731133618e-07
Park-Unfav,MFGP,42,50.0,1.137312731133618e-07
Park-Unfav,MFGP,43,4.5,5.43656365691809
Park-Unfav,MFGP,43,5.0,5.43656365691809
Park-Unfav,MFGP,43,5.5,5.43656365691809
Park-Unfav,MFGP,43,6.5,2.513687003357296
Park-Unfav,MFGP,43,7.0,2.513687003357296
Park-Unfav,MFGP,43,7.5,2.513687003357296
Park-Unfav,MFGP,43,8.5,2.513687003357296
Park-Unfav,MFGP,43,9.0,2.513687003357296
Park-Unfav,MFGP,43,9.5,2.513687003357296
Park-Unfav,MFGP,43,10.5,0.9061440243658864
Park-Unfav,MFGP,43,11.0,0.9061440243658864
Park-Unfav,MFGP,43,11.5,0.9061440243658864
Park-Unfav,MFGP,43,12.5,1.1281375602258803e-07
Park-Unfav,MFGP,43,13.0,1.1281375602258803e-07
Park-Unfav,MFGP,43,13.5,1.1281375602258803e-07
Park-Unfav,MFGP,43,14.5,1.1161802446987618e-07
Park-Unfav,MFGP,43,15.0,1.1161802446987618e-07
Park-Unfav,MFGP,43,15.5,1.1161802446987618e-07
Park-Unfav,MFGP,43,16.5,1.1161802446987618e-07
Park-Unfav,MFGP,43,17.0,1.1161802446987618e-07
Park-Unfav,MFGP,43,17.5,1.1161802446987618e-07
Park-Unfav,MFGP,43,18.5,1.1161802446987618e-07
Park-Unfav,MFGP,43,19.0,1.1161802446987618e-07
Park-Unfav,MFGP,43,19.5,1.1161802446987618e-07
Park-Unfav,MFGP,43,20.5,1.1161802446987618e-07
Park-Unfav,MFGP,43,21.0,1.1161802446987618e-07
Park-Unfav,MFGP,43,21.5,1.1161802446987618e-07
Park-Unfav,MFGP,43,22.5,1.1161802446987618e-07
Park-Unfav,MFGP,43,23.0,1.1161802446987618e-07
Park-Unfav,MFGP,43,23.5,1.1161802446987618e-07
Park-Unfav,MFGP,43,24.5,1.1161802446987618e-07
Park-Unfav,MFGP,43,25.0,1.1161802446987618e-07
Park-Unfav,MFGP,43,25.5,1.1161802446987618e-07
Park-Unfav,MFGP,43,26.5,1.1161802446987618e-07
Park-Unfav,MFGP,43,27.0,1.1161802446987618e-07
Park-Unfav,MFGP,43,27.5,1.1161802446987618e-07
Park-Unfav,MFGP,43,28.5,1.1161802446987618e-07
Park-Unfav,MFGP,43,29.0,1.1161802446987618e-07
Park-Unfav,MFGP,43,29.5,1.1161802446987618e-07
Park-Unfav,MFGP,43,30.5,1.1161802446987618e-07
Park-Unfav,MFGP,43,31.0,1.1161802446987618e-07
Park-Unfav,MFGP,43,31.5,1.1161802446987618e-07
Park-Unfav,MFGP,43,32.5,1.1161802446987618e-07
Park-Unfav,MFGP,43,33.0,1.1161802446987618e-07
Park-Unfav,MFGP,43,33.5,1.1161802446987618e-07
Park-Unfav,MFGP,43,34.5,1.1161802446987618e-07
Park-Unfav,MFGP,43,35.0,1.1161802446987618e-07
Park-Unfav,MFGP,43,35.5,1.1161802446987618e-07
Park-Unfav,MFGP,43,36.5,1.1161802446987618e-07
Park-Unfav,MFGP,43,37.0,1.1161802446987618e-07
Park-Unfav,MFGP,43,37.5,1.1161802446987618e-07
Park-Unfav,MFGP,43,38.5,1.1161802446987618e-07
Park-Unfav,MFGP,43,39.0,1.1161802446987618e-07
Park-Unfav,MFGP,43,39.5,1.1161802446987618e-07
Park-Unfav,MFGP,43,40.5,1.1161802446987618e-07
Park-Unfav,MFGP,43,41.0,1.1161802446987618e-07
Park-Unfav,MFGP,43,41.5,1.1161802446987618e-07
Park-Unfav,MFGP,43,42.5,1.1161802446987618e-07
Park-Unfav,MFGP,43,43.0,1.1161802446987618e-07
Park-Unfav,MFGP,43,43.5,1.1161802446987618e-07
Park-Unfav,MFGP,43,44.5,1.1161802446987618e-07
Park-Unfav,MFGP,43,45.0,1.1161802446987618e-07
Park-Unfav,MFGP,43,45.5,1.1161802446987618e-07
Park-Unfav,MFGP,43,46.5,1.1161802446987618e-07
Park-Unfav,MFGP,43,47.0,1.1161802446987618e-07
Park-Unfav,MFGP,43,47.5,1.1161802446987618e-07
Park-Unfav,MFGP,43,48.5,1.1161802446987618e-07
Park-Unfav,MFGP,43,49.0,1.1161802446987618e-07
Park-Unfav,MFGP,43,49.5,1.1161802446987618e-07
Park-Unfav,MFGP,43,50.0,1.1161802446987618e-07
Park-Unfav,MFGP,44,4.5,9.069885164386845
Park-Unfav,MFGP,44,5.0,9.069885164386845
Park-Unfav,MFGP,44,5.5,9.069885164386845
Park-Unfav,MFGP,44,6.5,1.2568613017750787
Park-Unfav,MFGP,44,7.0,1.2568613017750787
Park-Unfav,MFGP,44,7.5,1.2568613017750787
Park-Unfav,MFGP,44,8.5,1.2568613017750787
Park-Unfav,MFGP,44,9.0,1.2568613017750787
Park-Unfav,MFGP,44,9.5,1.2568613017750787
Park-Unfav,MFGP,44,10.5,2.586872597596253e-07
Park-Unfav,MFGP,44,11.0,2.586872597596253e-07
Park-Unfav,MFGP,44,11.5,2.586872597596253e-07
Park-Unfav,MFGP,44,12.5,1.541513844536675e-07
Park-Unfav,MFGP,44,13.0,1.541513844536675e-07
Park-Unfav,MFGP,44,13.5,1.541513844536675e-07
Park-Unfav,MFGP,44,14.5,1.5248471779533417e-07
Park-Unfav,MFGP,44,15.0,1.5248471779533417e-07
Park-Unfav,MFGP,44,15.5,1.5248471779533417e-07
Park-Unfav,MFGP,44,16.5,1.5248471779533417e-07
Park-Unfav,MFGP,44,17.0,1.5248471779533417e-07
Park-Unfav,MFGP,44,17.5,1.5248471779533417e-07
Park-Unfav,MFGP,44,18.5,1.5248471779533417e-07
Park-Unfav,MFGP,44,19.0,1.5248471779533417e-07
Park-Unfav,MFGP,44,19.5,1.5248471779533417e-07
Park-Unfav,MFGP,44,20.5,1.5248471779533417e-07
Park-Unfav,MFGP,44,21.0,1.5248471779533417e-07
Park-Unfav,MFGP,44,21.5,1.5248471779533417e-07
Park-Unfav,MFGP,44,22.5,1.5248471779533417e-07
Park-Unfav,MFGP,44,23.0,1.5248471779533417e-07
Park-Unfav,MFGP,44,23.5,1.5248471779533417e-07
Park-Unfav,MFGP,44,24.5,1.5248471779533417e-07
Park-Unfav,MFGP,44,25.0,1.5248471779533417e-07
Park-Unfav,MFGP,44,25.5,1.5248471779533417e-07
Park-Unfav,MFGP,44,26.5,1.5248471779533417e-07
Park-Unfav,MFGP,44,27.0,1.5248471779533417e-07
Park-Unfav,MFGP,44,27.5,1.5248471779533417e-07
Park-Unfav,MFGP,44,28.5,1.5248471779533417e-07
Park-Unfav,MFGP,44,29.0,1.5248471779533417e-07
Park-Unfav,MFGP,44,29.5,1.5248471779533417e-07
Park-Unfav,MFGP,44,30.5,1.5248471779533417e-07
Park-Unfav,MFGP,44,31.0,1.5248471779533417e-07
Park-Unfav,MFGP,44,31.5,1.5248471779533417e-07
Park-Unfav,MFGP,44,32.5,1.5248471779533417e-07
Park-Unfav,MFGP,44,33.0,1.5248471779533417e-07
Park-Unfav,MFGP,44,33.5,1.5248471779533417e-07
Park-Unfav,MFGP,44,34.5,1.5248471779533417e-07
Park-Unfav,MFGP,44,35.0,1.5248471779533417e-07
Park-Unfav,MFGP,44,35.5,1.5248471779533417e-07
Park-Unfav,MFGP,44,36.5,1.5248471779533417e-07
Park-Unfav,MFGP,44,37.0,1.5248471779533417e-07
Park-Unfav,MFGP,44,37.5,1.5248471779533417e-07
Park-Unfav,MFGP,44,38.5,1.5248471779533417e-07
Park-Unfav,MFGP,44,39.0,1.5248471779533417e-07
Park-Unfav,MFGP,44,39.5,1.5248471779533417e-07
Park-Unfav,MFGP,44,40.5,1.5248471779533417e-07
Park-Unfav,MFGP,44,41.0,1.5248471779533417e-07
Park-Unfav,MFGP,44,41.5,1.5248471779533417e-07
Park-Unfav,MFGP,44,42.5,1.5248471779533417e-07
Park-Unfav,MFGP,44,43.0,1.5248471779533417e-07
Park-Unfav,MFGP,44,43.5,1.5248471779533417e-07
Park-Unfav,MFGP,44,44.5,1.5248471779533417e-07
Park-Unfav,MFGP,44,45.0,1.5248471779533417e-07
Park-Unfav,MFGP,44,45.5,1.5248471779533417e-07
Park-Unfav,MFGP,44,46.5,1.5248471779533417e-07
Park-Unfav,MFGP,44,47.0,1.5248471779533417e-07
Park-Unfav,MFGP,44,47.5,1.5248471779533417e-07
Park-Unfav,MFGP,44,48.5,1.5248471779533417e-07
Park-Unfav,MFGP,44,49.0,1.5248471779533417e-07
Park-Unfav,MFGP,44,49.5,1.5248471779533417e-07
Park-Unfav,MFGP,44,50.0,1.5248471779533417e-07
Park-Unfav,MFGP,45,4.5,3.624375771278727
Park-Unfav,MFGP,45,5.0,3.624375771278727
Park-Unfav,MFGP,45,5.5,3.624375771278727
Park-Unfav,MFGP,45,6.5,3.624375771278727
Park-Unfav,MFGP,45,7.0,3.624375771278727
Park-Unfav,MFGP,45,7.5,3.624375771278727
Park-Unfav,MFGP,45,8.5,3.624375771278727
Park-Unfav,MFGP,45,9.0,3.624375771278727
Park-Unfav,MFGP,45,9.5,3.624375771278727
Park-Unfav,MFGP,45,10.5,2.513687003357296
Park-Unfav,MFGP,45,11.0,2.513687003357296
Park-Unfav,MFGP,45,11.5,2.513687003357296
Park-Unfav,MFGP,45,12.5,0.9061440243658864
Park-Unfav,MFGP,45,13.0,0.9061440243658864
Park-Unfav,MFGP,45,13.5,0.9061440243658864
Park-Unfav,MFGP,45,14.5,2.0780363189549923e-07
Park-Unfav,MFGP,45,15.0,2.0780363189549923e-07
Park-Unfav,MFGP,45,15.5,2.0780363189549923e-07
Park-Unfav,MFGP,45,16.5,2.0780363189549923e-07
Park-Unfav,MFGP,45,17.0,2.0780363189549923e-07
Park-Unfav,MFGP,45,17.5,2.0780363189549923e-07
Park-Unfav,MFGP,45,18.5,1.552276366333939e-07
Park-Unfav,MFGP,45,19.0,1.552276366333939e-07
Park-Unfav,MFGP,45,19.5,1.552276366333939e-07
Park-Unfav,MFGP,45,20.5,1.552276366333939e-07
Park-Unfav,MFGP,45,21.0,1.552276366333939e-07
Park-Unfav,MFGP,45,21.5,1.552276366333939e-07
Park-Unfav,MFGP,45,22.5,1.552276366333939e-07
Park-Unfav,MFGP,45,23.0,1.552276366333939e-07
Park-Unfav,MFGP,45,23.5,1.552276366333939e-07
Park-Unfav,MFGP,45,24.5,1.552276366333939e-07
Park-Unfav,MFGP,45,25.0,1.552276366333939e-07
Park-Unfav,MFGP,45,25.5,1.552276366333939e-07
Park-Unfav,MFGP,45,26.5,1.552276366333939e-07
Park-Unfav,MFGP,45,27.0,1.552276366333939e-07
Park-Unfav,MFGP,45,27.5,1.552276366333939e-07
Park-Unfav,MFGP,45,28.5,1.552276366333939e-07
Park-Unfav,MFGP,45,29.0,1.552276366333939e-07
Park-Unfav,MFGP,45,29.5,1.552276366333939e-07
Park-Unfav,MFGP,45,30.5,1.552276366333939e-07
Park-Unfav,MFGP,45,31.0,1.552276366333939e-07
Park-Unfav,MFGP,45,31.5,1.552276366333939e-07
Park-Unfav,MFGP,45,32.5,1.552276366333939e-07
Park-Unfav,MFGP,45,33.0,1.552276366333939e-07
Park-Unfav,MFGP,45,33.5,1.552276366333939e-07
Park-Unfav,MFGP,45,34.5,1.552276366333939e-07
Park-Unfav,MFGP,45,35.0,1.552276366333939e-07
Park-Unfav,MFGP,45,35.5,1.552276366333939e-07
Park-Unfav,MFGP,45,36.5,1.552276366333939e-07
Park-Unfav,MFGP,45,37.0,1.552276366333939e-07
Park-Unfav,MFGP,45,37.5,1.552276366333939e-07
Park-Unfav,MFGP,45,38.5,1.552276366333939e-07
Park-Unfav,MFGP,45,39.0,1.552276366333939e-07
Park-Unfav,MFGP,45,39.5,1.552276366333939e-07
Park-Unfav,MFGP,45,40.5,1.552276366333939e-07
Park-Unfav,MFGP,45,41.0,1.552276366333939e-07
Park-Unfav,MFGP,45,41.5,1.552276366333939e-07
Park-Unfav,MFGP,45,42.5,1.552276366333939e-07
Park-Unfav,MFGP,45,43.0,1.552276366333939e-07
Park-Unfav,MFGP,45,43.5,1.552276366333939e-07
Park-Unfav,MFGP,45,44.5,1.552276366333939e-07
Park-Unfav,MFGP,45,45.0,1.552276366333939e-07
Park-Unfav,MFGP,45,45.5,1.552276366333939e-07
Park-Unfav,MFGP,45,46.5,1.552276366333939e-07
Park-Unfav,MFGP,45,47.0,1.552276366333939e-07
Park-Unfav,MFGP,45,47.5,1.552276366333939e-07
Park-Unfav,MFGP,45,48.5,1.552276366333939e-07
Park-Unfav,MFGP,45,49.0,1.552276366333939e-07
Park-Unfav,MFGP,45,49.5,1.552276366333939e-07
Park-Unfav,MFGP,45,50.0,1.552276366333939e-07
Park-Unfav,MFGP,46,4.5,7.484453800301319
Park-Unfav,MFGP,46,5.0,7.484453800301319
Park-Unfav,MFGP,46,5.5,7.484453800301319
Park-Unfav,MFGP,46,6.5,2.1019936537670456
Park-Unfav,MFGP,46,7.0,2.1019936537670456
Park-Unfav,MFGP,46,7.5,2.1019936537670456
Park-Unfav,MFGP,46,8.5,2.0620396529616522e-07
Park-Unfav,MFGP,46,9.0,2.0620396529616522e-07
Park-Unfav,MFGP,46,9.5,2.0620396529616522e-07
Park-Unfav,MFGP,46,10.5,1.1161802446987618e-07
Park-Unfav,MFGP,46,11.0,1.1161802446987618e-07
Park-Unfav,MFGP,46,11.5,1.1161802446987618e-07
Park-Unfav,MFGP,46,12.5,1.1161802446987618e-07
Park-Unfav,MFGP,46,13.0,1.1161802446987618e-07
Park-Unfav,MFGP,46,13.5,1.1161802446987618e-07
Park-Unfav,MFGP,46,14.5,1.1161802446987618e-07
Park-Unfav,MFGP,46,15.0,1.1161802446987618e-07
Park-Unfav,MFGP,46,15.5,1.1161802446987618e-07
Park-Unfav,MFGP,46,16.5,1.1161802446987618e-07
Park-Unfav,MFGP,46,17.0,1.1161802446987618e-07
Park-Unfav,MFGP,46,17.5,1.1161802446987618e-07
Park-Unfav,MFGP,46,18.5,1.1161802446987618e-07
Park-Unfav,MFGP,46,19.0,1.1161802446987618e-07
Park-Unfav,MFGP,46,19.5,1.1161802446987618e-07
Park-Unfav,MFGP,46,20.5,1.1161802446987618e-07
Park-Unfav,MFGP,46,21.0,1.1161802446987618e-07
Park-Unfav,MFGP,46,21.5,1.1161802446987618e-07
Park-Unfav,MFGP,46,22.5,1.1161802446987618e-07
Park-Unfav,MFGP,46,23.0,1.1161802446987618e-07
Park-Unfav,MFGP,46,23.5,1.1161802446987618e-07
Park-Unfav,MFGP,46,24.5,1.1161802446987618e-07
Park-Unfav,MFGP,46,25.0,1.1161802446987618e-07
Park-Unfav,MFGP,46,25.5,1.1161802446987618e-07
Park-Unfav,MFGP,46,26.5,1.1161802446987618e-07
Park-Unfav,MFGP,46,27.0,1.1161802446987618e-07
Park-Unfav,MFGP,46,27.5,1.1161802446987618e-07
Park-Unfav,MFGP,46,28.5,1.1161802446987618e-07
Park-Unfav,MFGP,46,29.0,1.1161802446987618e-07
Park-Unfav,MFGP,46,29.5,1.1161802446987618e-07
Park-Unfav,MFGP,46,30.5,1.1161802446987618e-07
Park-Unfav,MFGP,46,31.0,1.1161802446987618e-07
Park-Unfav,MFGP,46,31.5,1.1161802446987618e-07
Park-Unfav,MFGP,46,32.5,1.1161802446987618e-07
Park-Unfav,MFGP,46,33.0,1.1161802446987618e-07
Park-Unfav,MFGP,46,33.5,1.1161802446987618e-07
Park-Unfav,MFGP,46,34.5,1.1161802446987618e-07
Park-Unfav,MFGP,46,35.0,1.1161802446987618e-07
Park-Unfav,MFGP,46,35.5,1.1161802446987618e-07
Park-Unfav,MFGP,46,36.5,1.1161802446987618e-07
Park-Unfav,MFGP,46,37.0,1.1161802446987618e-07
Park-Unfav,MFGP,46,37.5,1.1161802446987618e-07
Park-Unfav,MFGP,46,38.5,1.1161802446987618e-07
Park-Unfav,MFGP,46,39.0,1.1161802446987618e-07
Park-Unfav,MFGP,46,39.5,1.1161802446987618e-07
Park-Unfav,MFGP,46,40.5,1.1161802446987618e-07
Park-Unfav,MFGP,46,41.0,1.1161802446987618e-07
Park-Unfav,MFGP,46,41.5,1.1161802446987618e-07
Park-Unfav,MFGP,46,42.5,1.1161802446987618e-07
Park-Unfav,MFGP,46,43.0,1.1161802446987618e-07
Park-Unfav,MFGP,46,43.5,1.1161802446987618e-07
Park-Unfav,MFGP,46,44.5,1.1161802446987618e-07
Park-Unfav,MFGP,46,45.0,1.1161802446987618e-07
Park-Unfav,MFGP,46,45.5,1.1161802446987618e-07
Park-Unfav,MFGP,46,46.5,1.1161802446987618e-07
Park-Unfav,MFGP,46,47.0,1.1161802446987618e-07
Park-Unfav,MFGP,46,47.5,1.1161802446987618e-07
Park-Unfav,MFGP,46,48.5,1.1161802446987618e-07
Park-Unfav,MFGP,46,49.0,1.1161802446987618e-07
Park-Unfav,MFGP,46,49.5,1.1161802446987618e-07
Park-Unfav,MFGP,46,50.0,1.1161802446987618e-07
Park-Unfav,MFGP,47,4.5,9.15776078336808
Park-Unfav,MFGP,47,5.0,9.15776078336808
Park-Unfav,MFGP,47,5.5,9.15776078336808
Park-Unfav,MFGP,47,6.5,0.9060940243681364
Park-Unfav,MFGP,47,7.0,0.9060940243681364
Park-Unfav,MFGP,47,7.5,0.9060940243681364
Park-Unfav,MFGP,47,8.5,1.5248471779533417e-07
Park-Unfav,MFGP,47,9.0,1.5248471779533417e-07
Park-Unfav,MFGP,47,9.5,1.5248471779533417e-07
Park-Unfav,MFGP,47,10.5,1.5248471779533417e-07
Park-Unfav,MFGP,47,11.0,1.5248471779533417e-07
Park-Unfav,MFGP,47,11.5,1.5248471779533417e-07
Park-Unfav,MFGP,47,12.5,1.5248471779533417e-07
Park-Unfav,MFGP,47,13.0,1.5248471779533417e-07
Park-Unfav,MFGP,47,13.5,1.5248471779533417e-07
Park-Unfav,MFGP,47,14.5,1.5248471779533417e-07
Park-Unfav,MFGP,47,15.0,1.5248471779533417e-07
Park-Unfav,MFGP,47,15.5,1.5248471779533417e-07
Park-Unfav,MFGP,47,16.5,1.5248471779533417e-07
Park-Unfav,MFGP,47,17.0,1.5248471779533417e-07
Park-Unfav,MFGP,47,17.5,1.5248471779533417e-07
Park-Unfav,MFGP,47,18.5,1.5248471779533417e-07
Park-Unfav,MFGP,47,19.0,1.5248471779533417e-07
Park-Unfav,MFGP,47,19.5,1.5248471779533417e-07
Park-Unfav,MFGP,47,20.5,1.5248471779533417e-07
Park-Unfav,MFGP,47,21.0,1.5248471779533417e-07
Park-Unfav,MFGP,47,21.5,1.5248471779533417e-07
Park-Unfav,MFGP,47,22.5,1.5248471779533417e-07
Park-Unfav,MFGP,47,23.0,1.5248471779533417e-07
Park-Unfav,MFGP,47,23.5,1.5248471779533417e-07
Park-Unfav,MFGP,47,24.5,1.5248471779533417e-07
Park-Unfav,MFGP,47,25.0,1.5248471779533417e-07
Park-Unfav,MFGP,47,25.5,1.5248471779533417e-07
Park-Unfav,MFGP,47,26.5,1.5248471779533417e-07
Park-Unfav,MFGP,47,27.0,1.5248471779533417e-07
Park-Unfav,MFGP,47,27.5,1.5248471779533417e-07
Park-Unfav,MFGP,47,28.5,1.5248471779533417e-07
Park-Unfav,MFGP,47,29.0,1.5248471779533417e-07
Park-Unfav,MFGP,47,29.5,1.5248471779533417e-07
Park-Unfav,MFGP,47,30.5,1.5248471779533417e-07
Park-Unfav,MFGP,47,31.0,1.5248471779533417e-07
Park-Unfav,MFGP,47,31.5,1.5248471779533417e-07
Park-Unfav,MFGP,47,32.5,1.5248471779533417e-07
Park-Unfav,MFGP,47,33.0,1.5248471779533417e-07
Park-Unfav,MFGP,47,33.5,1.5248471779533417e-07
Park-Unfav,MFGP,47,34.5,1.5248471779533417e-07
Park-Unfav,MFGP,47,35.0,1.5248471779533417e-07
Park-Unfav,MFGP,47,35.5,1.5248471779533417e-07
Park-Unfav,MFGP,47,36.5,1.5248471779533417e-07
Park-Unfav,MFGP,47,37.0,1.5248471779533417e-07
Park-Unfav,MFGP,47,37.5,1.5248471779533417e-07
Park-Unfav,MFGP,47,38.5,1.5248471779533417e-07
Park-Unfav,MFGP,47,39.0,1.5248471779533417e-07
Park-Unfav,MFGP,47,39.5,1.5248471779533417e-07
Park-Unfav,MFGP,47,40.5,1.5248471779533417e-07
Park-Unfav,MFGP,47,41.0,1.5248471779533417e-07
Park-Unfav,MFGP,47,41.5,1.5248471779533417e-07
Park-Unfav,MFGP,47,42.5,1.5248471779533417e-07
Park-Unfav,MFGP,47,43.0,1.5248471779533417e-07
Park-Unfav,MFGP,47,43.5,1.5248471779533417e-07
Park-Unfav,MFGP,47,44.5,1.5248471779533417e-07
Park-Unfav,MFGP,47,45.0,1.5248471779533417e-07
Park-Unfav,MFGP,47,45.5,1.5248471779533417e-07
Park-Unfav,MFGP,47,46.5,1.5248471779533417e-07
Park-Unfav,MFGP,47,47.0,1.5248471779533417e-07
Park-Unfav,MFGP,47,47.5,1.5248471779533417e-07
Park-Unfav,MFGP,47,48.5,1.5248471779533417e-07
Park-Unfav,MFGP,47,49.0,1.5248471779533417e-07
Park-Unfav,MFGP,47,49.5,1.5248471779533417e-07
Park-Unfav,MFGP,47,50.0,1.5248471779533417e-07
Park-Unfav,MFGP,48,4.5,9.069885164386845
Park-Unfav,MFGP,48,5.0,9.069885164386845
Park-Unfav,MFGP,48,5.5,9.069885164386845
Park-Unfav,MFGP,48,6.5,1.087312731383618e-07
Park-Unfav,MFGP,48,7.0,1.087312731383618e-07
Park-Unfav,MFGP,48,7.5,1.087312731383618e-07
Park-Unfav,MFGP,48,8.5,1.087312731383618e-07
Park-Unfav,MFGP,48,9.0,1.087312731383618e-07
Park-Unfav,MFGP,48,9.5,1.087312731383618e-07
Park-Unfav,MFGP,48,10.5,1.087312731383618e-07
Park-Unfav,MFGP,48,11.0,1.087312731383618e-07
Park-Unfav,MFGP,48,11.5,1.087312731383618e-07
Park-Unfav,MFGP,48,12.5,1.087312731383618e-07
Park-Unfav,MFGP,48,13.0,1.087312731383618e-07
Park-Unfav,MFGP,48,13.5,1.087312731383618e-07
Park-Unfav,MFGP,48,14.5,1.087312731383618e-07
Park-Unfav,MFGP,48,15.0,1.087312731383618e-07
Park-Unfav,MFGP,48,15.5,1.087312731383618e-07
Park-Unfav,MFGP,48,16.5,1.087312731383618e-07
Park-Unfav,MFGP,48,17.0,1.087312731383618e-07
Park-Unfav,MFGP,48,17.5,1.087312731383618e-07
Park-Unfav,MFGP,48,18.5,1.087312731383618e-07
Park-Unfav,MFGP,48,19.0,1.087312731383618e-07
Park-Unfav,MFGP,48,19.5,1.087312731383618e-07
Park-Unfav,MFGP,48,20.5,1.087312731383618e-07
Park-Unfav,MFGP,48,21.0,1.087312731383618e-07
Park-Unfav,MFGP,48,21.5,1.087312731383618e-07
Park-Unfav,MFGP,48,22.5,1.087312731383618e-07
Park-Unfav,MFGP,48,23.0,1.087312731383618e-07
Park-Unfav,MFGP,48,23.5,1.087312731383618e-07
Park-Unfav,MFGP,48,24.5,1.087312731383618e-07
Park-Unfav,MFGP,48,25.0,1.087312731383618e-07
Park-Unfav,MFGP,48,25.5,1.087312731383618e-07
Park-Unfav,MFGP,48,26.5,1.087312731383618e-07
Park-Unfav,MFGP,48,27.0,1.087312731383618e-07
Park-Unfav,MFGP,48,27.5,1.087312731383618e-07
Park-Unfav,MFGP,48,28.5,1.087312731383618e-07
Park-Unfav,MFGP,48,29.0,1.087312731383618e-07
Park-Unfav,MFGP,48,29.5,1.087312731383618e-07
Park-Unfav,MFGP,48,30.5,1.087312731383618e-07
Park-Unfav,MFGP,48,31.0,1.087312731383618e-07
Park-Unfav,MFGP,48,31.5,1.087312731383618e-07
Park-Unfav,MFGP,48,32.5,1.087312731383618e-07
Park-Unfav,MFGP,48,33.0,1.087312731383618e-07
Park-Unfav,MFGP,48,33.5,1.087312731383618e-07
Park-Unfav,MFGP,48,34.5,1.087312731383618e-07
Park-Unfav,MFGP,48,35.0,1.087312731383618e-07
Park-Unfav,MFGP,48,35.5,1.087312731383618e-07
Park-Unfav,MFGP,48,36.5,1.087312731383618e-07
Park-Unfav,MFGP,48,37.0,1.087312731383618e-07
Park-Unfav,MFGP,48,37.5,1.087312731383618e-07
Park-Unfav,MFGP,48,38.5,1.087312731383618e-07
Park-Unfav,MFGP,48,39.0,1.087312731383618e-07
Park-Unfav,MFGP,48,39.5,1.087312731383618e-07
Park-Unfav,MFGP,48,40.5,1.087312731383618e-07
Park-Unfav,MFGP,48,41.0,1.087312731383618e-07
Park-Unfav,MFGP,48,41.5,1.087312731383618e-07
Park-Unfav,MFGP,48,42.5,1.087312731383618e-07
Park-Unfav,MFGP,48,43.0,1.087312731383618e-07
Park-Unfav,MFGP,48,43.5,1.087312731383618e-07
Park-Unfav,MFGP,48,44.5,1.087312731383618e-07
Park-Unfav,MFGP,48,45.0,1.087312731383618e-07
Park-Unfav,MFGP,48,45.5,1.087312731383618e-07
Park-Unfav,MFGP,48,46.5,1.087312731383618e-07
Park-Unfav,MFGP,48,47.0,1.087312731383618e-07
Park-Unfav,MFGP,48,47.5,1.087312731383618e-07
Park-Unfav,MFGP,48,48.5,1.087312731383618e-07
Park-Unfav,MFGP,48,49.0,1.087312731383618e-07
Park-Unfav,MFGP,48,49.5,1.087312731383618e-07
Park-Unfav,MFGP,48,50.0,1.087312731383618e-07
Park-Unfav,MFGP,49,4.5,7.540938598669365
Park-Unfav,MFGP,49,5.0,7.540938598669365
Park-Unfav,MFGP,49,5.5,7.540938598669365
Park-Unfav,MFGP,49,6.5,2.070648425403671e-07
Park-Unfav,MFGP,49,7.0,2.070648425403671e-07
Park-Unfav,MFGP,49,7.5,2.070648425403671e-07
Park-Unfav,MFGP,49,8.5,2.051277131164388e-07
Park-Unfav,MFGP,49,9.0,2.051277131164388e-07
Park-Unfav,MFGP,49,9.5,2.051277131164388e-07
Park-Unfav,MFGP,49,10.5,2.051277131164388e-07
Park-Unfav,MFGP,49,11.0,2.051277131164388e-07
Park-Unfav,MFGP,49,11.5,2.051277131164388e-07
Park-Unfav,MFGP,49,12.5,2.051277131164388e-07
Park-Unfav,MFGP,49,13.0,2.051277131164388e-07
Park-Unfav,MFGP,49,13.5,2.051277131164388e-07
Park-Unfav,MFGP,49,14.5,1.5248471779533417e-07
Park-Unfav,MFGP,49,15.0,1.5248471779533417e-07
Park-Unfav,MFGP,49,15.5,1.5248471779533417e-07
Park-Unfav,MFGP,49,16.5,1.1161802446987618e-07
Park-Unfav,MFGP,49,17.0,1.1161802446987618e-07
Park-Unfav,MFGP,49,17.5,1.1161802446987618e-07
Park-Unfav,MFGP,49,18.5,1.1161802446987618e-07
Park-Unfav,MFGP,49,19.0,1.1161802446987618e-07
Park-Unfav,MFGP,49,19.5,1.1161802446987618e-07
Park-Unfav,MFGP,49,20.5,1.1161802446987618e-07
Park-Unfav,MFGP,49,21.0,1.1161802446987618e-07
Park-Unfav,MFGP,49,21.5,1.1161802446987618e-07
Park-Unfav,MFGP,49,22.5,1.1161802446987618e-07
Park-Unfav,MFGP,49,23.0,1.1161802446987618e-07
Park-Unfav,MFGP,49,23.5,1.1161802446987618e-07
Park-Unfav,MFGP,49,24.5,1.1161802446987618e-07
Park-Unfav,MFGP,49,25.0,1.1161802446987618e-07
Park-Unfav,MFGP,49,25.5,1.1161802446987618e-07
Park-Unfav,MFGP,49,26.5,1.1161802446987618e-07
Park-Unfav,MFGP,49,27.0,1.1161802446987618e-07
Park-Unfav,MFGP,49,27.5,1.1161802446987618e-07
Park-Unfav,MFGP,49,28.5,1.1161802446987618e-07
Park-Unfav,MFGP,49,29.0,1.1161802446987618e-07
Park-Unfav,MFGP,49,29.5,1.1161802446987618e-07
Park-Unfav,MFGP,49,30.5,1.1161802446987618e-07
Park-Unfav,MFGP,49,31.0,1.1161802446987618e-07
Park-Unfav,MFGP,49,31.5,1.1161802446987618e-07
Park-Unfav,MFGP,49,32.5,1.1161802446987618e-07
Park-Unfav,MFGP,49,33.0,1.1161802446987618e-07
Park-Unfav,MFGP,49,33.5,1.1161802446987618e-07
Park-Unfav,MFGP,49,34.5,1.1161802446987618e-07
Park-Unfav,MFGP,49,35.0,1.1161802446987618e-07
Park-Unfav,MFGP,49,35.5,1.1161802446987618e-07
Park-Unfav,MFGP,49,36.5,1.1161802446987618e-07
Park-Unfav,MFGP,49,37.0,1.1161802446987618e-07
Park-Unfav,MFGP,49,37.5,1.1161802446987618e-07
Park-Unfav,MFGP,49,38.5,1.1161802446987618e-07
Park-Unfav,MFGP,49,39.0,1.1161802446987618e-07
Park-Unfav,MFGP,49,39.5,1.1161802446987618e-07
Park-Unfav,MFGP,49,40.5,1.1161802446987618e-07
Park-Unfav,MFGP,49,41.0,1.1161802446987618e-07
Park-Unfav,MFGP,49,41.5,1.1161802446987618e-07
Park-Unfav,MFGP,49,42.5,1.1161802446987618e-07
Park-Unfav,MFGP,49,43.0,1.1161802446987618e-07
Park-Unfav,MFGP,49,43.5,1.1161802446987618e-07
Park-Unfav,MFGP,49,44.5,1.1161802446987618e-07
Park-Unfav,MFGP,49,45.0,1.1161802446987618e-07
Park-Unfav,MFGP,49,45.5,1.1161802446987618e-07
Park-Unfav,MFGP,49,46.5,1.1161802446987618e-07
Park-Unfav,MFGP,49,47.0,1.1161802446987618e-07
Park-Unfav,MFGP,49,47.5,1.1161802446987618e-07
Park-Unfav,MFGP,49,48.5,1.1161802446987618e-07
Park-Unfav,MFGP,49,49.0,1.1161802446987618e-07
Park-Unfav,MFGP,49,49.5,1.1161802446987618e-07
Park-Unfav,MFGP,49,50.0,1.1161802446987618e-07
Park-Unfav,MFGP,50,4.5,6.98106685381129
Park-Unfav,MFGP,50,5.0,6.98106685381129
Park-Unfav,MFGP,50,5.5,6.98106685381129
Park-Unfav,MFGP,50,6.5,1.541513844536675e-07
Park-Unfav,MFGP,50,7.0,1.541513844536675e-07
Park-Unfav,MFGP,50,7.5,1.541513844536675e-07
Park-Unfav,MFGP,50,8.5,1.541513844536675e-07
Park-Unfav,MFGP,50,9.0,1.541513844536675e-07
Park-Unfav,MFGP,50,9.5,1.541513844536675e-07
Park-Unfav,MFGP,50,10.5,1.541513844536675e-07
Park-Unfav,MFGP,50,11.0,1.541513844536675e-07
Park-Unfav,MFGP,50,11.5,1.541513844536675e-07
Park-Unfav,MFGP,50,12.5,1.1281375602258803e-07
Park-Unfav,MFGP,50,13.0,1.1281375602258803e-07
Park-Unfav,MFGP,50,13.5,1.1281375602258803e-07
Park-Unfav,MFGP,50,14.5,1.1281375602258803e-07
Park-Unfav,MFGP,50,15.0,1.1281375602258803e-07
Park-Unfav,MFGP,50,15.5,1.1281375602258803e-07
Park-Unfav,MFGP,50,16.5,1.1281375602258803e-07
Park-Unfav,MFGP,50,17.0,1.1281375602258803e-07
Park-Unfav,MFGP,50,17.5,1.1281375602258803e-07
Park-Unfav,MFGP,50,18.5,1.1281375602258803e-07
Park-Unfav,MFGP,50,19.0,1.1281375602258803e-07
Park-Unfav,MFGP,50,19.5,1.1281375602258803e-07
Park-Unfav,MFGP,50,20.5,1.1281375602258803e-07
Park-Unfav,MFGP,50,21.0,1.1281375602258803e-07
Park-Unfav,MFGP,50,21.5,1.1281375602258803e-07
Park-Unfav,MFGP,50,22.5,1.1281375602258803e-07
Park-Unfav,MFGP,50,23.0,1.1281375602258803e-07
Park-Unfav,MFGP,50,23.5,1.1281375602258803e-07
Park-Unfav,MFGP,50,24.5,1.1281375602258803e-07
Park-Unfav,MFGP,50,25.0,1.1281375602258803e-07
Park-Unfav,MFGP,50,25.5,1.1281375602258803e-07
Park-Unfav,MFGP,50,26.5,1.1281375602258803e-07
Park-Unfav,MFGP,50,27.0,1.1281375602258803e-07
Park-Unfav,MFGP,50,27.5,1.1281375602258803e-07
Park-Unfav,MFGP,50,28.5,1.1281375602258803e-07
Park-Unfav,MFGP,50,29.0,1.1281375602258803e-07
Park-Unfav,MFGP,50,29.5,1.1281375602258803e-07
Park-Unfav,MFGP,50,30.5,1.1281375602258803e-07
Park-Unfav,MFGP,50,31.0,1.1281375602258803e-07
Park-Unfav,MFGP,50,31.5,1.1281375602258803e-07
Park-Unfav,MFGP,50,32.5,1.1281375602258803e-07
Park-Unfav,MFGP,50,33.0,1.1281375602258803e-07
Park-Unfav,MFGP,50,33.5,1.1281375602258803e-07
Park-Unfav,MFGP,50,34.5,1.1281375602258803e-07
Park-Unfav,MFGP,50,35.0,1.1281375602258803e-07
Park-Unfav,MFGP,50,35.5,1.1281375602258803e-07
Park-Unfav,MFGP,50,36.5,1.1281375602258803e-07
Park-Unfav,MFGP,50,37.0,1.1281375602258803e-07
Park-Unfav,MFGP,50,37.5,1.1281375602258803e-07
Park-Unfav,MFGP,50,38.5,1.1281375602258803e-07
Park-Unfav,MFGP,50,39.0,1.1281375602258803e-07
Park-Unfav,MFGP,50,39.5,1.1281375602258803e-07
Park-Unfav,MFGP,50,40.5,1.1281375602258803e-07
Park-Unfav,MFGP,50,41.0,1.1281375602258803e-07
Park-Unfav,MFGP,50,41.5,1.1281375602258803e-07
Park-Unfav,MFGP,50,42.5,1.1281375602258803e-07
Park-Unfav,MFGP,50,43.0,1.1281375602258803e-07
Park-Unfav,MFGP,50,43.5,1.1281375602258803e-07
Park-Unfav,MFGP,50,44.5,1.1281375602258803e-07
Park-Unfav,MFGP,50,45.0,1.1281375602258803e-07
Park-Unfav,MFGP,50,45.5,1.1281375602258803e-07
Park-Unfav,MFGP,50,46.5,1.1281375602258803e-07
Park-Unfav,MFGP,50,47.0,1.1281375602258803e-07
Park-Unfav,MFGP,50,47.5,1.1281375602258803e-07
Park-Unfav,MFGP,50,48.5,1.1281375602258803e-07
Park-Unfav,MFGP,50,49.0,1.1281375602258803e-07
Park-Unfav,MFGP,50,49.5,1.1281375602258803e-07
Park-Unfav,MFGP,50,50.0,1.1281375602258803e-07
Park-Unfav,MFGP,51,4.5,6.305878088557509
Park-Unfav,MFGP,51,5.0,6.305878088557509
Park-Unfav,MFGP,51,5.5,6.305878088557509
Park-Unfav,MFGP,51,6.5,5.044919738861045
Park-Unfav,MFGP,51,7.0,5.044919738861045
Park-Unfav,MFGP,51,7.5,5.044919738861045
Park-Unfav,MFGP,51,8.5,3.770504096165965
Park-Unfav,MFGP,51,9.0,3.770504096165965
Park-Unfav,MFGP,51,9.5,3.770504096165965
Park-Unfav,MFGP,51,10.5,3.7704954873935232
Park-Unfav,MFGP,51,11.0,3.7704954873935232
Park-Unfav,MFGP,51,11.5,3.7704954873935232
Park-Unfav,MFGP,51,12.5,2.7183227348363426
Park-Unfav,MFGP,51,13.0,2.7183227348363426
Park-Unfav,MFGP,51,13.5,2.7183227348363426
Park-Unfav,MFGP,51,14.5,1.812237967187256
Park-Unfav,MFGP,51,15.0,1.812237967187256
Park-Unfav,MFGP,51,15.5,1.812237967187256
Park-Unfav,MFGP,51,16.5,1.137312731133618e-07
Park-Unfav,MFGP,51,17.0,1.137312731133618e-07
Park-Unfav,MFGP,51,17.5,1.137312731133618e-07
Park-Unfav,MFGP,51,18.5,1.087312731383618e-07
Park-Unfav,MFGP,51,19.0,1.087312731383618e-07
Park-Unfav,MFGP,51,19.5,1.087312731383618e-07
Park-Unfav,MFGP,51,20.5,1.087312731383618e-07
Park-Unfav,MFGP,51,21.0,1.087312731383618e-07
Park-Unfav,MFGP,51,21.5,1.087312731383618e-07
Park-Unfav,MFGP,51,22.5,1.087312731383618e-07
Park-Unfav,MFGP,51,23.0,1.087312731383618e-07
Park-Unfav,MFGP,51,23.5,1.087312731383618e-07
Park-Unfav,MFGP,51,24.5,1.087312731383618e-07
Park-Unfav,MFGP,51,25.0,1.087312731383618e-07
Park-Unfav,MFGP,51,25.5,1.087312731383618e-07
Park-Unfav,MFGP,51,26.5,1.087312731383618e-07
Park-Unfav,MFGP,51,27.0,1.087312731383618e-07
Park-Unfav,MFGP,51,27.5,1.087312731383618e-07
Park-Unfav,MFGP,51,28.5,1.087312731383618e-07
Park-Unfav,MFGP,51,29.0,1.087312731383618e-07
Park-Unfav,MFGP,51,29.5,1.087312731383618e-07
Park-Unfav,MFGP,51,30.5,1.087312731383618e-07
Park-Unfav,MFGP,51,31.0,1.087312731383618e-07
Park-Unfav,MFGP,51,31.5,1.087312731383618e-07
Park-Unfav,MFGP,51,32.5,1.087312731383618e-07
Park-Unfav,MFGP,51,33.0,1.087312731383618e-07
Park-Unfav,MFGP,51,33.5,1.087312731383618e-07
Park-Unfav,MFGP,51,34.5,1.087312731383618e-07
Park-Unfav,MFGP,51,35.0,1.087312731383618e-07
Park-Unfav,MFGP,51,35.5,1.087312731383618e-07
Park-Unfav,MFGP,51,36.5,1.087312731383618e-07
Park-Unfav,MFGP,51,37.0,1.087312731383618e-07
Park-Unfav,MFGP,51,37.5,1.087312731383618e-07
Park-Unfav,MFGP,51,38.5,1.087312731383618e-07
Park-Unfav,MFGP,51,39.0,1.087312731383618e-07
Park-Unfav,MFGP,51,39.5,1.087312731383618e-07
Park-Unfav,MFGP,51,40.5,1.087312731383618e-07
Park-Unfav,MFGP,51,41.0,1.087312731383618e-07
Park-Unfav,MFGP,51,41.5,1.087312731383618e-07
Park-Unfav,MFGP,51,42.5,1.087312731383618e-07
Park-Unfav,MFGP,51,43.0,1.087312731383618e-07
Park-Unfav,MFGP,51,43.5,1.087312731383618e-07
Park-Unfav,MFGP,51,44.5,1.087312731383618e-07
Park-Unfav,MFGP,51,45.0,1.087312731383618e-07
Park-Unfav,MFGP,51,45.5,1.087312731383618e-07
Park-Unfav,MFGP,51,46.5,1.087312731383618e-07
Park-Unfav,MFGP,51,47.0,1.087312731383618e-07
Park-Unfav,MFGP,51,47.5,1.087312731383618e-07
Park-Unfav,MFGP,51,48.5,1.087312731383618e-07
Park-Unfav,MFGP,51,49.0,1.087312731383618e-07
Park-Unfav,MFGP,51,49.5,1.087312731383618e-07
Park-Unfav,MFGP,51,50.0,1.087312731383618e-07
Park-Unfav,MFGP,52,4.5,15.564909965743189
Park-Unfav,MFGP,52,5.0,15.564909965743189
Park-Unfav,MFGP,52,5.5,15.564909965743189
Park-Unfav,MFGP,52,6.5,1.5248471779533417e-07
Park-Unfav,MFGP,52,7.0,1.5248471779533417e-07
Park-Unfav,MFGP,52,7.5,1.5248471779533417e-07
Park-Unfav,MFGP,52,8.5,1.5248471779533417e-07
Park-Unfav,MFGP,52,9.0,1.5248471779533417e-07
Park-Unfav,MFGP,52,9.5,1.5248471779533417e-07
Park-Unfav,MFGP,52,10.5,1.5248471779533417e-07
Park-Unfav,MFGP,52,11.0,1.5248471779533417e-07
Park-Unfav,MFGP,52,11.5,1.5248471779533417e-07
Park-Unfav,MFGP,52,12.5,1.5248471779533417e-07
Park-Unfav,MFGP,52,13.0,1.5248471779533417e-07
Park-Unfav,MFGP,52,13.5,1.5248471779533417e-07
Park-Unfav,MFGP,52,14.5,1.5248471779533417e-07
Park-Unfav,MFGP,52,15.0,1.5248471779533417e-07
Park-Unfav,MFGP,52,15.5,1.5248471779533417e-07
Park-Unfav,MFGP,52,16.5,1.5248471779533417e-07
Park-Unfav,MFGP,52,17.0,1.5248471779533417e-07
Park-Unfav,MFGP,52,17.5,1.5248471779533417e-07
Park-Unfav,MFGP,52,18.5,1.5248471779533417e-07
Park-Unfav,MFGP,52,19.0,1.5248471779533417e-07
Park-Unfav,MFGP,52,19.5,1.5248471779533417e-07
Park-Unfav,MFGP,52,20.5,1.137312731133618e-07
Park-Unfav,MFGP,52,21.0,1.137312731133618e-07
Park-Unfav,MFGP,52,21.5,1.137312731133618e-07
Park-Unfav,MFGP,52,22.5,1.137312731133618e-07
Park-Unfav,MFGP,52,23.0,1.137312731133618e-07
Park-Unfav,MFGP,52,23.5,1.137312731133618e-07
Park-Unfav,MFGP,52,24.5,1.137312731133618e-07
Park-Unfav,MFGP,52,25.0,1.137312731133618e-07
Park-Unfav,MFGP,52,25.5,1.137312731133618e-07
Park-Unfav,MFGP,52,26.5,1.137312731133618e-07
Park-Unfav,MFGP,52,27.0,1.137312731133618e-07
Park-Unfav,MFGP,52,27.5,1.137312731133618e-07
Park-Unfav,MFGP,52,28.5,1.137312731133618e-07
Park-Unfav,MFGP,52,29.0,1.137312731133618e-07
Park-Unfav,MFGP,52,29.5,1.137312731133618e-07
Park-Unfav,MFGP,52,30.5,1.137312731133618e-07
Park-Unfav,MFGP,52,31.0,1.137312731133618e-07
Park-Unfav,MFGP,52,31.5,1.137312731133618e-07
Park-Unfav,MFGP,52,32.5,1.137312731133618e-07
Park-Unfav,MFGP,52,33.0,1.137312731133618e-07
Park-Unfav,MFGP,52,33.5,1.137312731133618e-07
Park-Unfav,MFGP,52,34.5,1.137312731133618e-07
Park-Unfav,MFGP,52,35.0,1.137312731133618e-07
Park-Unfav,MFGP,52,35.5,1.137312731133618e-07
Park-Unfav,MFGP,52,36.5,1.137312731133618e-07
Park-Unfav,MFGP,52,37.0,1.137312731133618e-07
Park-Unfav,MFGP,52,37.5,1.137312731133618e-07
Park-Unfav,MFGP,52,38.5,1.137312731133618e-07
Park-Unfav,MFGP,52,39.0,1.137312731133618e-07
Park-Unfav,MFGP,52,39.5,1.137312731133618e-07
Park-Unfav,MFGP,52,40.5,1.137312731133618e-07
Park-Unfav,MFGP,52,41.0,1.137312731133618e-07
Park-Unfav,MFGP,52,41.5,1.137312731133618e-07
Park-Unfav,MFGP,52,42.5,1.137312731133618e-07
Park-Unfav,MFGP,52,43.0,1.137312731133618e-07
Park-Unfav,MFGP,52,43.5,1.137312731133618e-07
Park-Unfav,MFGP,52,44.5,1.137312731133618e-07
Park-Unfav,MFGP,52,45.0,1.137312731133618e-07
Park-Unfav,MFGP,52,45.5,1.137312731133618e-07
Park-Unfav,MFGP,52,46.5,1.137312731133618e-07
Park-Unfav,MFGP,52,47.0,1.137312731133618e-07
Park-Unfav,MFGP,52,47.5,1.137312731133618e-07
Park-Unfav,MFGP,52,48.5,1.137312731133618e-07
Park-Unfav,MFGP,52,49.0,1.137312731133618e-07
Park-Unfav,MFGP,52,49.5,1.137312731133618e-07
Park-Unfav,MFGP,52,50.0,1.137312731133618e-07
Park-Unfav,MFGP,53,4.5,1.541513844536675e-07
Park-Unfav,MFGP,53,5.0,1.541513844536675e-07
Park-Unfav,MFGP,53,5.5,1.541513844536675e-07
Park-Unfav,MFGP,53,6.5,1.541513844536675e-07
Park-Unfav,MFGP,53,7.0,1.541513844536675e-07
Park-Unfav,MFGP,53,7.5,1.541513844536675e-07
Park-Unfav,MFGP,53,8.5,1.1161802446987618e-07
Park-Unfav,MFGP,53,9.0,1.1161802446987618e-07
Park-Unfav,MFGP,53,9.5,1.1161802446987618e-07
Park-Unfav,MFGP,53,10.5,1.1161802446987618e-07
Park-Unfav,MFGP,53,11.0,1.1161802446987618e-07
Park-Unfav,MFGP,53,11.5,1.1161802446987618e-07
Park-Unfav,MFGP,53,12.5,1.1161802446987618e-07
Park-Unfav,MFGP,53,13.0,1.1161802446987618e-07
Park-Unfav,MFGP,53,13.5,1.1161802446987618e-07
Park-Unfav,MFGP,53,14.5,1.1161802446987618e-07
Park-Unfav,MFGP,53,15.0,1.1161802446987618e-07
Park-Unfav,MFGP,53,15.5,1.1161802446987618e-07
Park-Unfav,MFGP,53,16.5,1.1161802446987618e-07
Park-Unfav,MFGP,53,17.0,1.1161802446987618e-07
Park-Unfav,MFGP,53,17.5,1.1161802446987618e-07
Park-Unfav,MFGP,53,18.5,1.1161802446987618e-07
Park-Unfav,MFGP,53,19.0,1.1161802446987618e-07
Park-Unfav,MFGP,53,19.5,1.1161802446987618e-07
Park-Unfav,MFGP,53,20.5,1.1161802446987618e-07
Park-Unfav,MFGP,53,21.0,1.1161802446987618e-07
Park-Unfav,MFGP,53,21.5,1.1161802446987618e-07
Park-Unfav,MFGP,53,22.5,1.1161802446987618e-07
Park-Unfav,MFGP,53,23.0,1.1161802446987618e-07
Park-Unfav,MFGP,53,23.5,1.1161802446987618e-07
Park-Unfav,MFGP,53,24.5,1.1161802446987618e-07
Park-Unfav,MFGP,53,25.0,1.1161802446987618e-07
Park-Unfav,MFGP,53,25.5,1.1161802446987618e-07
Park-Unfav,MFGP,53,26.5,1.1161802446987618e-07
Park-Unfav,MFGP,53,27.0,1.1161802446987618e-07
Park-Unfav,MFGP,53,27.5,1.1161802446987618e-07
Park-Unfav,MFGP,53,28.5,1.1161802446987618e-07
Park-Unfav,MFGP,53,29.0,1.1161802446987618e-07
Park-Unfav,MFGP,53,29.5,1.1161802446987618e-07
Park-Unfav,MFGP,53,30.5,1.1161802446987618e-07
Park-Unfav,MFGP,53,31.0,1.1161802446987618e-07
Park-Unfav,MFGP,53,31.5,1.1161802446987618e-07
Park-Unfav,MFGP,53,32.5,1.1161802446987618e-07
Park-Unfav,MFGP,53,33.0,1.1161802446987618e-07
Park-Unfav,MFGP,53,33.5,1.1161802446987618e-07
Park-Unfav,MFGP,53,34.5,1.1161802446987618e-07
Park-Unfav,MFGP,53,35.0,1.1161802446987618e-07
Park-Unfav,MFGP,53,35.5,1.1161802446987618e-07
Park-Unfav,MFGP,53,36.5,1.1161802446987618e-07
Park-Unfav,MFGP,53,37.0,1.1161802446987618e-07
Park-Unfav,MFGP,53,37.5,1.1161802446987618e-07
Park-Unfav,MFGP,53,38.5,1.1161802446987618e-07
Park-Unfav,MFGP,53,39.0,1.1161802446987618e-07
Park-Unfav,MFGP,53,39.5,1.1161802446987618e-07
Park-Unfav,MFGP,53,40.5,1.1161802446987618e-07
Park-Unfav,MFGP,53,41.0,1.1161802446987618e-07
Park-Unfav,MFGP,53,41.5,1.1161802446987618e-07
Park-Unfav,MFGP,53,42.5,1.1161802446987618e-07
Park-Unfav,MFGP,53,43.0,1.1161802446987618e-07
Park-Unfav,MFGP,53,43.5,1.1161802446987618e-07
Park-Unfav,MFGP,53,44.5,1.1161802446987618e-07
Park-Unfav,MFGP,53,45.0,1.1161802446987618e-07
Park-Unfav,MFGP,53,45.5,1.1161802446987618e-07
Park-Unfav,MFGP,53,46.5,1.1161802446987618e-07
Park-Unfav,MFGP,53,47.0,1.1161802446987618e-07
Park-Unfav,MFGP,53,47.5,1.1161802446987618e-07
Park-Unfav,MFGP,53,48.5,1.1161802446987618e-07
Park-Unfav,MFGP,53,49.0,1.1161802446987618e-07
Park-Unfav,MFGP,53,49.5,1.1161802446987618e-07
Park-Unfav,MFGP,53,50.0,1.1161802446987618e-07
Park-Unfav,MFGP,54,4.5,2.513687003357296
Park-Unfav,MFGP,54,5.0,2.513687003357296
Park-Unfav,MFGP,54,5.5,2.513687003357296
Park-Unfav,MFGP,54,6.5,2.513687003357296
Park-Unfav,MFGP,54,7.0,2.513687003357296
Park-Unfav,MFGP,54,7.5,2.513687003357296
Park-Unfav,MFGP,54,8.5,1.681680075529106
Park-Unfav,MFGP,54,9.0,1.681680075529106
Park-Unfav,MFGP,54,9.5,1.681680075529106
Park-Unfav,MFGP,54,10.5,0.9061440243658864
Park-Unfav,MFGP,54,11.0,0.9061440243658864
Park-Unfav,MFGP,54,11.5,0.9061440243658864
Park-Unfav,MFGP,54,12.5,1.1281375602258803e-07
Park-Unfav,MFGP,54,13.0,1.1281375602258803e-07
Park-Unfav,MFGP,54,13.5,1.1281375602258803e-07
Park-Unfav,MFGP,54,14.5,1.1281375602258803e-07
Park-Unfav,MFGP,54,15.0,1.1281375602258803e-07
Park-Unfav,MFGP,54,15.5,1.1281375602258803e-07
Park-Unfav,MFGP,54,16.5,1.1281375602258803e-07
Park-Unfav,MFGP,54,17.0,1.1281375602258803e-07
Park-Unfav,MFGP,54,17.5,1.1281375602258803e-07
Park-Unfav,MFGP,54,18.5,1.1281375602258803e-07
Park-Unfav,MFGP,54,19.0,1.1281375602258803e-07
Park-Unfav,MFGP,54,19.5,1.1281375602258803e-07
Park-Unfav,MFGP,54,20.5,1.1281375602258803e-07
Park-Unfav,MFGP,54,21.0,1.1281375602258803e-07
Park-Unfav,MFGP,54,21.5,1.1281375602258803e-07
Park-Unfav,MFGP,54,22.5,1.1281375602258803e-07
Park-Unfav,MFGP,54,23.0,1.1281375602258803e-07
Park-Unfav,MFGP,54,23.5,1.1281375602258803e-07
Park-Unfav,MFGP,54,24.5,1.1281375602258803e-07
Park-Unfav,MFGP,54,25.0,1.1281375602258803e-07
Park-Unfav,MFGP,54,25.5,1.1281375602258803e-07
Park-Unfav,MFGP,54,26.5,1.1281375602258803e-07
Park-Unfav,MFGP,54,27.0,1.1281375602258803e-07
Park-Unfav,MFGP,54,27.5,1.1281375602258803e-07
Park-Unfav,MFGP,54,28.5,1.1281375602258803e-07
Park-Unfav,MFGP,54,29.0,1.1281375602258803e-07
Park-Unfav,MFGP,54,29.5,1.1281375602258803e-07
Park-Unfav,MFGP,54,30.5,1.1281375602258803e-07
Park-Unfav,MFGP,54,31.0,1.1281375602258803e-07
Park-Unfav,MFGP,54,31.5,1.1281375602258803e-07
Park-Unfav,MFGP,54,32.5,1.1281375602258803e-07
Park-Unfav,MFGP,54,33.0,1.1281375602258803e-07
Park-Unfav,MFGP,54,33.5,1.1281375602258803e-07
Park-Unfav,MFGP,54,34.5,1.1281375602258803e-07
Park-Unfav,MFGP,54,35.0,1.1281375602258803e-07
Park-Unfav,MFGP,54,35.5,1.1281375602258803e-07
Park-Unfav,MFGP,54,36.5,1.1281375602258803e-07
Park-Unfav,MFGP,54,37.0,1.1281375602258803e-07
Park-Unfav,MFGP,54,37.5,1.1281375602258803e-07
Park-Unfav,MFGP,54,38.5,1.1281375602258803e-07
Park-Unfav,MFGP,54,39.0,1.1281375602258803e-07
Park-Unfav,MFGP,54,39.5,1.1281375602258803e-07
Park-Unfav,MFGP,54,40.5,1.1281375602258803e-07
Park-Unfav,MFGP,54,41.0,1.1281375602258803e-07
Park-Unfav,MFGP,54,41.5,1.1281375602258803e-07
Park-Unfav,MFGP,54,42.5,1.1281375602258803e-07
Park-Unfav,MFGP,54,43.0,1.1281375602258803e-07
Park-Unfav,MFGP,54,43.5,1.1281375602258803e-07
Park-Unfav,MFGP,54,44.5,1.1281375602258803e-07
Park-Unfav,MFGP,54,45.0,1.1281375602258803e-07
Park-Unfav,MFGP,54,45.5,1.1281375602258803e-07
Park-Unfav,MFGP,54,46.5,1.1281375602258803e-07
Park-Unfav,MFGP,54,47.0,1.1281375602258803e-07
Park-Unfav,MFGP,54,47.5,1.1281375602258803e-07
Park-Unfav,MFGP,54,48.5,1.1281375602258803e-07
Park-Unfav,MFGP,54,49.0,1.1281375602258803e-07
Park-Unfav,MFGP,54,49.5,1.1281375602258803e-07
Park-Unfav,MFGP,54,50.0,1.1281375602258803e-07
Park-Unfav,MFGP,55,4.5,7.582084872140787
Park-Unfav,MFGP,55,5.0,7.582084872140787
Park-Unfav,MFGP,55,5.5,7.582084872140787
Park-Unfav,MFGP,55,6.5,7.582084872140787
Park-Unfav,MFGP,55,7.0,7.582084872140787
Park-Unfav,MFGP,55,7.5,7.582084872140787
Park-Unfav,MFGP,55,8.5,1.087312731383618e-07
Park-Unfav,MFGP,55,9.0,1.087312731383618e-07
Park-Unfav,MFGP,55,9.5,1.087312731383618e-07
Park-Unfav,MFGP,55,10.5,1.087312731383618e-07
Park-Unfav,MFGP,55,11.0,1.087312731383618e-07
Park-Unfav,MFGP,55,11.5,1.087312731383618e-07
Park-Unfav,MFGP,55,12.5,1.087312731383618e-07
Park-Unfav,MFGP,55,13.0,1.087312731383618e-07
Park-Unfav,MFGP,55,13.5,1.087312731383618e-07
Park-Unfav,MFGP,55,14.5,1.087312731383618e-07
Park-Unfav,MFGP,55,15.0,1.087312731383618e-07
Park-Unfav,MFGP,55,15.5,1.087312731383618e-07
Park-Unfav,MFGP,55,16.5,1.087312731383618e-07
Park-Unfav,MFGP,55,17.0,1.087312731383618e-07
Park-Unfav,MFGP,55,17.5,1.087312731383618e-07
Park-Unfav,MFGP,55,18.5,1.087312731383618e-07
Park-Unfav,MFGP,55,19.0,1.087312731383618e-07
Park-Unfav,MFGP,55,19.5,1.087312731383618e-07
Park-Unfav,MFGP,55,20.5,1.087312731383618e-07
Park-Unfav,MFGP,55,21.0,1.087312731383618e-07
Park-Unfav,MFGP,55,21.5,1.087312731383618e-07
Park-Unfav,MFGP,55,22.5,1.087312731383618e-07
Park-Unfav,MFGP,55,23.0,1.087312731383618e-07
Park-Unfav,MFGP,55,23.5,1.087312731383618e-07
Park-Unfav,MFGP,55,24.5,1.087312731383618e-07
Park-Unfav,MFGP,55,25.0,1.087312731383618e-07
Park-Unfav,MFGP,55,25.5,1.087312731383618e-07
Park-Unfav,MFGP,55,26.5,1.087312731383618e-07
Park-Unfav,MFGP,55,27.0,1.087312731383618e-07
Park-Unfav,MFGP,55,27.5,1.087312731383618e-07
Park-Unfav,MFGP,55,28.5,1.087312731383618e-07
Park-Unfav,MFGP,55,29.0,1.087312731383618e-07
Park-Unfav,MFGP,55,29.5,1.087312731383618e-07
Park-Unfav,MFGP,55,30.5,1.087312731383618e-07
Park-Unfav,MFGP,55,31.0,1.087312731383618e-07
Park-Unfav,MFGP,55,31.5,1.087312731383618e-07
Park-Unfav,MFGP,55,32.5,1.087312731383618e-07
Park-Unfav,MFGP,55,33.0,1.087312731383618e-07
Park-Unfav,MFGP,55,33.5,1.087312731383618e-07
Park-Unfav,MFGP,55,34.5,1.087312731383618e-07
Park-Unfav,MFGP,55,35.0,1.087312731383618e-07
Park-Unfav,MFGP,55,35.5,1.087312731383618e-07
Park-Unfav,MFGP,55,36.5,1.087312731383618e-07
Park-Unfav,MFGP,55,37.0,1.087312731383618e-07
Park-Unfav,MFGP,55,37.5,1.087312731383618e-07
Park-Unfav,MFGP,55,38.5,1.087312731383618e-07
Park-Unfav,MFGP,55,39.0,1.087312731383618e-07
Park-Unfav,MFGP,55,39.5,1.087312731383618e-07
Park-Unfav,MFGP,55,40.5,1.087312731383618e-07
Park-Unfav,MFGP,55,41.0,1.087312731383618e-07
Park-Unfav,MFGP,55,41.5,1.087312731383618e-07
Park-Unfav,MFGP,55,42.5,1.087312731383618e-07
Park-Unfav,MFGP,55,43.0,1.087312731383618e-07
Park-Unfav,MFGP,55,43.5,1.087312731383618e-07
Park-Unfav,MFGP,55,44.5,1.087312731383618e-07
Park-Unfav,MFGP,55,45.0,1.087312731383618e-07
Park-Unfav,MFGP,55,45.5,1.087312731383618e-07
Park-Unfav,MFGP,55,46.5,1.087312731383618e-07
Park-Unfav,MFGP,55,47.0,1.087312731383618e-07
Park-Unfav,MFGP,55,47.5,1.087312731383618e-07
Park-Unfav,MFGP,55,48.5,1.087312731383618e-07
Park-Unfav,MFGP,55,49.0,1.087312731383618e-07
Park-Unfav,MFGP,55,49.5,1.087312731383618e-07
Park-Unfav,MFGP,55,50.0,1.087312731383618e-07
Park-Unfav,MFGP,56,4.5,13.883290131388849
Park-Unfav,MFGP,56,5.0,13.883290131388849
Park-Unfav,MFGP,56,5.5,13.883290131388849
Park-Unfav,MFGP,56,6.5,1.2568338725877952
Park-Unfav,MFGP,56,7.0,1.2568338725877952
Park-Unfav,MFGP,56,7.5,1.2568338725877952
Park-Unfav,MFGP,56,8.5,1.541513844536675e-07
Park-Unfav,MFGP,56,9.0,1.541513844536675e-07
Park-Unfav,MFGP,56,9.5,1.541513844536675e-07
Park-Unfav,MFGP,56,10.5,1.541513844536675e-07
Park-Unfav,MFGP,56,11.0,1.541513844536675e-07
Park-Unfav,MFGP,56,11.5,1.541513844536675e-07
Park-Unfav,MFGP,56,12.5,1.541513844536675e-07
Park-Unfav,MFGP,56,13.0,1.541513844536675e-07
Park-Unfav,MFGP,56,13.5,1.541513844536675e-07
Park-Unfav,MFGP,56,14.5,1.541513844536675e-07
Park-Unfav,MFGP,56,15.0,1.541513844536675e-07
Park-Unfav,MFGP,56,15.5,1.541513844536675e-07
Park-Unfav,MFGP,56,16.5,1.1161802446987618e-07
Park-Unfav,MFGP,56,17.0,1.1161802446987618e-07
Park-Unfav,MFGP,56,17.5,1.1161802446987618e-07
Park-Unfav,MFGP,56,18.5,1.1161802446987618e-07
Park-Unfav,MFGP,56,19.0,1.1161802446987618e-07
Park-Unfav,MFGP,56,19.5,1.1161802446987618e-07
Park-Unfav,MFGP,56,20.5,1.1161802446987618e-07
Park-Unfav,MFGP,56,21.0,1.1161802446987618e-07
Park-Unfav,MFGP,56,21.5,1.1161802446987618e-07
Park-Unfav,MFGP,56,22.5,1.1161802446987618e-07
Park-Unfav,MFGP,56,23.0,1.1161802446987618e-07
Park-Unfav,MFGP,56,23.5,1.1161802446987618e-07
Park-Unfav,MFGP,56,24.5,1.1161802446987618e-07
Park-Unfav,MFGP,56,25.0,1.1161802446987618e-07
Park-Unfav,MFGP,56,25.5,1.1161802446987618e-07
Park-Unfav,MFGP,56,26.5,1.1161802446987618e-07
Park-Unfav,MFGP,56,27.0,1.1161802446987618e-07
Park-Unfav,MFGP,56,27.5,1.1161802446987618e-07
Park-Unfav,MFGP,56,28.5,1.1161802446987618e-07
Park-Unfav,MFGP,56,29.0,1.1161802446987618e-07
Park-Unfav,MFGP,56,29.5,1.1161802446987618e-07
Park-Unfav,MFGP,56,30.5,1.1161802446987618e-07
Park-Unfav,MFGP,56,31.0,1.1161802446987618e-07
Park-Unfav,MFGP,56,31.5,1.1161802446987618e-07
Park-Unfav,MFGP,56,32.5,1.1161802446987618e-07
Park-Unfav,MFGP,56,33.0,1.1161802446987618e-07
Park-Unfav,MFGP,56,33.5,1.1161802446987618e-07
Park-Unfav,MFGP,56,34.5,1.1161802446987618e-07
Park-Unfav,MFGP,56,35.0,1.1161802446987618e-07
Park-Unfav,MFGP,56,35.5,1.1161802446987618e-07
Park-Unfav,MFGP,56,36.5,1.1161802446987618e-07
Park-Unfav,MFGP,56,37.0,1.1161802446987618e-07
Park-Unfav,MFGP,56,37.5,1.1161802446987618e-07
Park-Unfav,MFGP,56,38.5,1.1161802446987618e-07
Park-Unfav,MFGP,56,39.0,1.1161802446987618e-07
Park-Unfav,MFGP,56,39.5,1.1161802446987618e-07
Park-Unfav,MFGP,56,40.5,1.1161802446987618e-07
Park-Unfav,MFGP,56,41.0,1.1161802446987618e-07
Park-Unfav,MFGP,56,41.5,1.1161802446987618e-07
Park-Unfav,MFGP,56,42.5,1.1161802446987618e-07
Park-Unfav,MFGP,56,43.0,1.1161802446987618e-07
Park-Unfav,MFGP,56,43.5,1.1161802446987618e-07
Park-Unfav,MFGP,56,44.5,1.1161802446987618e-07
Park-Unfav,MFGP,56,45.0,1.1161802446987618e-07
Park-Unfav,MFGP,56,45.5,1.1161802446987618e-07
Park-Unfav,MFGP,56,46.5,1.1161802446987618e-07
Park-Unfav,MFGP,56,47.0,1.1161802446987618e-07
Park-Unfav,MFGP,56,47.5,1.1161802446987618e-07
Park-Unfav,MFGP,56,48.5,1.1161802446987618e-07
Park-Unfav,MFGP,56,49.0,1.1161802446987618e-07
Park-Unfav,MFGP,56,49.5,1.1161802446987618e-07
Park-Unfav,MFGP,56,50.0,1.1161802446987618e-07
Park-Unfav,MFGP,57,4.5,3.770476774883267
Park-Unfav,MFGP,57,5.0,3.770476774883267
Park-Unfav,MFGP,57,5.5,3.770476774883267
Park-Unfav,MFGP,57,6.5,1.2568613017750787
Park-Unfav,MFGP,57,7.0,1.2568613017750787
Park-Unfav,MFGP,57,7.5,1.2568613017750787
Park-Unfav,MFGP,57,8.5,1.5248471779533417e-07
Park-Unfav,MFGP,57,9.0,1.5248471779533417e-07
Park-Unfav,MFGP,57,9.5,1.5248471779533417e-07
Park-Unfav,MFGP,57,10.5,1.087312731383618e-07
Park-Unfav,MFGP,57,11.0,1.087312731383618e-07
Park-Unfav,MFGP,57,11.5,1.087312731383618e-07
Park-Unfav,MFGP,57,12.5,1.087312731383618e-07
Park-Unfav,MFGP,57,13.0,1.087312731383618e-07
Park-Unfav,MFGP,57,13.5,1.087312731383618e-07
Park-Unfav,MFGP,57,14.5,1.087312731383618e-07
Park-Unfav,MFGP,57,15.0,1.087312731383618e-07
Park-Unfav,MFGP,57,15.5,1.087312731383618e-07
Park-Unfav,MFGP,57,16.5,1.087312731383618e-07
Park-Unfav,MFGP,57,17.0,1.087312731383618e-07
Park-Unfav,MFGP,57,17.5,1.087312731383618e-07
Park-Unfav,MFGP,57,18.5,1.087312731383618e-07
Park-Unfav,MFGP,57,19.0,1.087312731383618e-07
Park-Unfav,MFGP,57,19.5,1.087312731383618e-07
Park-Unfav,MFGP,57,20.5,1.087312731383618e-07
Park-Unfav,MFGP,57,21.0,1.087312731383618e-07
Park-Unfav,MFGP,57,21.5,1.087312731383618e-07
Park-Unfav,MFGP,57,22.5,1.087312731383618e-07
Park-Unfav,MFGP,57,23.0,1.087312731383618e-07
Park-Unfav,MFGP,57,23.5,1.087312731383618e-07
Park-Unfav,MFGP,57,24.5,1.087312731383618e-07
Park-Unfav,MFGP,57,25.0,1.087312731383618e-07
Park-Unfav,MFGP,57,25.5,1.087312731383618e-07
Park-Unfav,MFGP,57,26.5,1.087312731383618e-07
Park-Unfav,MFGP,57,27.0,1.087312731383618e-07
Park-Unfav,MFGP,57,27.5,1.087312731383618e-07
Park-Unfav,MFGP,57,28.5,1.087312731383618e-07
Park-Unfav,MFGP,57,29.0,1.087312731383618e-07
Park-Unfav,MFGP,57,29.5,1.087312731383618e-07
Park-Unfav,MFGP,57,30.5,1.087312731383618e-07
Park-Unfav,MFGP,57,31.0,1.087312731383618e-07
Park-Unfav,MFGP,57,31.5,1.087312731383618e-07
Park-Unfav,MFGP,57,32.5,1.087312731383618e-07
Park-Unfav,MFGP,57,33.0,1.087312731383618e-07
Park-Unfav,MFGP,57,33.5,1.087312731383618e-07
Park-Unfav,MFGP,57,34.5,1.087312731383618e-07
Park-Unfav,MFGP,57,35.0,1.087312731383618e-07
Park-Unfav,MFGP,57,35.5,1.087312731383618e-07
Park-Unfav,MFGP,57,36.5,1.087312731383618e-07
Park-Unfav,MFGP,57,37.0,1.087312731383618e-07
Park-Unfav,MFGP,57,37.5,1.087312731383618e-07
Park-Unfav,MFGP,57,38.5,1.087312731383618e-07
Park-Unfav,MFGP,57,39.0,1.087312731383618e-07
Park-Unfav,MFGP,57,39.5,1.087312731383618e-07
Park-Unfav,MFGP,57,40.5,1.087312731383618e-07
Park-Unfav,MFGP,57,41.0,1.087312731383618e-07
Park-Unfav,MFGP,57,41.5,1.087312731383618e-07
Park-Unfav,MFGP,57,42.5,1.087312731383618e-07
Park-Unfav,MFGP,57,43.0,1.087312731383618e-07
Park-Unfav,MFGP,57,43.5,1.087312731383618e-07
Park-Unfav,MFGP,57,44.5,1.087312731383618e-07
Park-Unfav,MFGP,57,45.0,1.087312731383618e-07
Park-Unfav,MFGP,57,45.5,1.087312731383618e-07
Park-Unfav,MFGP,57,46.5,1.087312731383618e-07
Park-Unfav,MFGP,57,47.0,1.087312731383618e-07
Park-Unfav,MFGP,57,47.5,1.087312731383618e-07
Park-Unfav,MFGP,57,48.5,1.087312731383618e-07
Park-Unfav,MFGP,57,49.0,1.087312731383618e-07
Park-Unfav,MFGP,57,49.5,1.087312731383618e-07
Park-Unfav,MFGP,57,50.0,1.087312731383618e-07
Park-Unfav,MFGP,58,4.5,10.394009298192248
Park-Unfav,MFGP,58,5.0,10.394009298192248
Park-Unfav,MFGP,58,5.5,10.394009298192248
Park-Unfav,MFGP,58,6.5,2.586872597596253e-07
Park-Unfav,MFGP,58,7.0,2.586872597596253e-07
Park-Unfav,MFGP,58,7.5,2.586872597596253e-07
Park-Unfav,MFGP,58,8.5,2.586872597596253e-07
Park-Unfav,MFGP,58,9.0,2.586872597596253e-07
Park-Unfav,MFGP,58,9.5,2.586872597596253e-07
Park-Unfav,MFGP,58,10.5,2.586872597596253e-07
Park-Unfav,MFGP,58,11.0,2.586872597596253e-07
Park-Unfav,MFGP,58,11.5,2.586872597596253e-07
Park-Unfav,MFGP,58,12.5,2.572322875232211e-07
Park-Unfav,MFGP,58,13.0,2.572322875232211e-07
Park-Unfav,MFGP,58,13.5,2.572322875232211e-07
Park-Unfav,MFGP,58,14.5,2.572322875232211e-07
Park-Unfav,MFGP,58,15.0,2.572322875232211e-07
Park-Unfav,MFGP,58,15.5,2.572322875232211e-07
Park-Unfav,MFGP,58,16.5,1.5248471779533417e-07
Park-Unfav,MFGP,58,17.0,1.5248471779533417e-07
Park-Unfav,MFGP,58,17.5,1.5248471779533417e-07
Park-Unfav,MFGP,58,18.5,1.1161802446987618e-07
Park-Unfav,MFGP,58,19.0,1.1161802446987618e-07
Park-Unfav,MFGP,58,19.5,1.1161802446987618e-07
Park-Unfav,MFGP,58,20.5,1.1161802446987618e-07
Park-Unfav,MFGP,58,21.0,1.1161802446987618e-07
Park-Unfav,MFGP,58,21.5,1.1161802446987618e-07
Park-Unfav,MFGP,58,22.5,1.1161802446987618e-07
Park-Unfav,MFGP,58,23.0,1.1161802446987618e-07
Park-Unfav,MFGP,58,23.5,1.1161802446987618e-07
Park-Unfav,MFGP,58,24.5,1.1161802446987618e-07
Park-Unfav,MFGP,58,25.0,1.1161802446987618e-07
Park-Unfav,MFGP,58,25.5,1.1161802446987618e-07
Park-Unfav,MFGP,58,26.5,1.1161802446987618e-07
Park-Unfav,MFGP,58,27.0,1.1161802446987618e-07
Park-Unfav,MFGP,58,27.5,1.1161802446987618e-07
Park-Unfav,MFGP,58,28.5,1.1161802446987618e-07
Park-Unfav,MFGP,58,29.0,1.1161802446987618e-07
Park-Unfav,MFGP,58,29.5,1.1161802446987618e-07
Park-Unfav,MFGP,58,30.5,1.1161802446987618e-07
Park-Unfav,MFGP,58,31.0,1.1161802446987618e-07
Park-Unfav,MFGP,58,31.5,1.1161802446987618e-07
Park-Unfav,MFGP,58,32.5,1.1161802446987618e-07
Park-Unfav,MFGP,58,33.0,1.1161802446987618e-07
Park-Unfav,MFGP,58,33.5,1.1161802446987618e-07
Park-Unfav,MFGP,58,34.5,1.1161802446987618e-07
Park-Unfav,MFGP,58,35.0,1.1161802446987618e-07
Park-Unfav,MFGP,58,35.5,1.1161802446987618e-07
Park-Unfav,MFGP,58,36.5,1.1161802446987618e-07
Park-Unfav,MFGP,58,37.0,1.1161802446987618e-07
Park-Unfav,MFGP,58,37.5,1.1161802446987618e-07
Park-Unfav,MFGP,58,38.5,1.1161802446987618e-07
Park-Unfav,MFGP,58,39.0,1.1161802446987618e-07
Park-Unfav,MFGP,58,39.5,1.1161802446987618e-07
Park-Unfav,MFGP,58,40.5,1.1161802446987618e-07
Park-Unfav,MFGP,58,41.0,1.1161802446987618e-07
Park-Unfav,MFGP,58,41.5,1.1161802446987618e-07
Park-Unfav,MFGP,58,42.5,1.1161802446987618e-07
Park-Unfav,MFGP,58,43.0,1.1161802446987618e-07
Park-Unfav,MFGP,58,43.5,1.1161802446987618e-07
Park-Unfav,MFGP,58,44.5,1.1161802446987618e-07
Park-Unfav,MFGP,58,45.0,1.1161802446987618e-07
Park-Unfav,MFGP,58,45.5,1.1161802446987618e-07
Park-Unfav,MFGP,58,46.5,1.1161802446987618e-07
Park-Unfav,MFGP,58,47.0,1.1161802446987618e-07
Park-Unfav,MFGP,58,47.5,1.1161802446987618e-07
Park-Unfav,MFGP,58,48.5,1.1161802446987618e-07
Park-Unfav,MFGP,58,49.0,1.1161802446987618e-07
Park-Unfav,MFGP,58,49.5,1.1161802446987618e-07
Park-Unfav,MFGP,58,50.0,1.1161802446987618e-07
Park-Unfav,MFGP,59,4.5,2.0620396529616522e-07
Park-Unfav,MFGP,59,5.0,2.0620396529616522e-07
Park-Unfav,MFGP,59,5.5,2.0620396529616522e-07
Park-Unfav,MFGP,59,6.5,1.1161802446987618e-07
Park-Unfav,MFGP,59,7.0,1.1161802446987618e-07
Park-Unfav,MFGP,59,7.5,1.1161802446987618e-07
Park-Unfav,MFGP,59,8.5,1.1161802446987618e-07
Park-Unfav,MFGP,59,9.0,1.1161802446987618e-07
Park-Unfav,MFGP,59,9.5,1.1161802446987618e-07
Park-Unfav,MFGP,59,10.5,1.087312731383618e-07
Park-Unfav,MFGP,59,11.0,1.087312731383618e-07
Park-Unfav,MFGP,59,11.5,1.087312731383618e-07
Park-Unfav,MFGP,59,12.5,1.087312731383618e-07
Park-Unfav,MFGP,59,13.0,1.087312731383618e-07
Park-Unfav,MFGP,59,13.5,1.087312731383618e-07
Park-Unfav,MFGP,59,14.5,1.087312731383618e-07
Park-Unfav,MFGP,59,15.0,1.087312731383618e-07
Park-Unfav,MFGP,59,15.5,1.087312731383618e-07
Park-Unfav,MFGP,59,16.5,1.087312731383618e-07
Park-Unfav,MFGP,59,17.0,1.087312731383618e-07
Park-Unfav,MFGP,59,17.5,1.087312731383618e-07
Park-Unfav,MFGP,59,18.5,1.087312731383618e-07
Park-Unfav,MFGP,59,19.0,1.087312731383618e-07
Park-Unfav,MFGP,59,19.5,1.087312731383618e-07
Park-Unfav,MFGP,59,20.5,1.087312731383618e-07
Park-Unfav,MFGP,59,21.0,1.087312731383618e-07
Park-Unfav,MFGP,59,21.5,1.087312731383618e-07
Park-Unfav,MFGP,59,22.5,1.087312731383618e-07
Park-Unfav,MFGP,59,23.0,1.087312731383618e-07
Park-Unfav,MFGP,59,23.5,1.087312731383618e-07
Park-Unfav,MFGP,59,24.5,1.087312731383618e-07
Park-Unfav,MFGP,59,25.0,1.087312731383618e-07
Park-Unfav,MFGP,59,25.5,1.087312731383618e-07
Park-Unfav,MFGP,59,26.5,1.087312731383618e-07
Park-Unfav,MFGP,59,27.0,1.087312731383618e-07
Park-Unfav,MFGP,59,27.5,1.087312731383618e-07
Park-Unfav,MFGP,59,28.5,1.087312731383618e-07
Park-Unfav,MFGP,59,29.0,1.087312731383618e-07
Park-Unfav,MFGP,59,29.5,1.087312731383618e-07
Park-Unfav,MFGP,59,30.5,1.087312731383618e-07
Park-Unfav,MFGP,59,31.0,1.087312731383618e-07
Park-Unfav,MFGP,59,31.5,1.087312731383618e-07
Park-Unfav,MFGP,59,32.5,1.087312731383618e-07
Park-Unfav,MFGP,59,33.0,1.087312731383618e-07
Park-Unfav,MFGP,59,33.5,1.087312731383618e-07
Park-Unfav,MFGP,59,34.5,1.087312731383618e-07
Park-Unfav,MFGP,59,35.0,1.087312731383618e-07
Park-Unfav,MFGP,59,35.5,1.087312731383618e-07
Park-Unfav,MFGP,59,36.5,1.087312731383618e-07
Park-Unfav,MFGP,59,37.0,1.087312731383618e-07
Park-Unfav,MFGP,59,37.5,1.087312731383618e-07
Park-Unfav,MFGP,59,38.5,1.087312731383618e-07
Park-Unfav,MFGP,59,39.0,1.087312731383618e-07
Park-Unfav,MFGP,59,39.5,1.087312731383618e-07
Park-Unfav,MFGP,59,40.5,1.087312731383618e-07
Park-Unfav,MFGP,59,41.0,1.087312731383618e-07
Park-Unfav,MFGP,59,41.5,1.087312731383618e-07
Park-Unfav,MFGP,59,42.5,1.087312731383618e-07
Park-Unfav,MFGP,59,43.0,1.087312731383618e-07
Park-Unfav,MFGP,59,43.5,1.087312731383618e-07
Park-Unfav,MFGP,59,44.5,1.087312731383618e-07
Park-Unfav,MFGP,59,45.0,1.087312731383618e-07
Park-Unfav,MFGP,59,45.5,1.087312731383618e-07
Park-Unfav,MFGP,59,46.5,1.087312731383618e-07
Park-Unfav,MFGP,59,47.0,1.087312731383618e-07
Park-Unfav,MFGP,59,47.5,1.087312731383618e-07
Park-Unfav,MFGP,59,48.5,1.087312731383618e-07
Park-Unfav,MFGP,59,49.0,1.087312731383618e-07
Park-Unfav,MFGP,59,49.5,1.087312731383618e-07
Park-Unfav,MFGP,59,50.0,1.087312731383618e-07
Park-Unfav,MFGP,60,4.5,8.712389464625664
Park-Unfav,MFGP,60,5.0,8.712389464625664
Park-Unfav,MFGP,60,5.5,8.712389464625664
Park-Unfav,MFGP,60,6.5,1.541513844536675e-07
Park-Unfav,MFGP,60,7.0,1.541513844536675e-07
Park-Unfav,MFGP,60,7.5,1.541513844536675e-07
Park-Unfav,MFGP,60,8.5,1.541513844536675e-07
Park-Unfav,MFGP,60,9.0,1.541513844536675e-07
Park-Unfav,MFGP,60,9.5,1.541513844536675e-07
Park-Unfav,MFGP,60,10.5,1.541513844536675e-07
Park-Unfav,MFGP,60,11.0,1.541513844536675e-07
Park-Unfav,MFGP,60,11.5,1.541513844536675e-07
Park-Unfav,MFGP,60,12.5,1.541513844536675e-07
Park-Unfav,MFGP,60,13.0,1.541513844536675e-07
Park-Unfav,MFGP,60,13.5,1.541513844536675e-07
Park-Unfav,MFGP,60,14.5,1.541513844536675e-07
Park-Unfav,MFGP,60,15.0,1.541513844536675e-07
Park-Unfav,MFGP,60,15.5,1.541513844536675e-07
Park-Unfav,MFGP,60,16.5,1.137312731133618e-07
Park-Unfav,MFGP,60,17.0,1.137312731133618e-07
Park-Unfav,MFGP,60,17.5,1.137312731133618e-07
Park-Unfav,MFGP,60,18.5,1.137312731133618e-07
Park-Unfav,MFGP,60,19.0,1.137312731133618e-07
Park-Unfav,MFGP,60,19.5,1.137312731133618e-07
Park-Unfav,MFGP,60,20.5,1.137312731133618e-07
Park-Unfav,MFGP,60,21.0,1.137312731133618e-07
Park-Unfav,MFGP,60,21.5,1.137312731133618e-07
Park-Unfav,MFGP,60,22.5,1.137312731133618e-07
Park-Unfav,MFGP,60,23.0,1.137312731133618e-07
Park-Unfav,MFGP,60,23.5,1.137312731133618e-07
Park-Unfav,MFGP,60,24.5,1.137312731133618e-07
Park-Unfav,MFGP,60,25.0,1.137312731133618e-07
Park-Unfav,MFGP,60,25.5,1.137312731133618e-07
Park-Unfav,MFGP,60,26.5,1.137312731133618e-07
Park-Unfav,MFGP,60,27.0,1.137312731133618e-07
Park-Unfav,MFGP,60,27.5,1.137312731133618e-07
Park-Unfav,MFGP,60,28.5,1.137312731133618e-07
Park-Unfav,MFGP,60,29.0,1.137312731133618e-07
Park-Unfav,MFGP,60,29.5,1.137312731133618e-07
Park-Unfav,MFGP,60,30.5,1.137312731133618e-07
Park-Unfav,MFGP,60,31.0,1.137312731133618e-07
Park-Unfav,MFGP,60,31.5,1.137312731133618e-07
Park-Unfav,MFGP,60,32.5,1.137312731133618e-07
Park-Unfav,MFGP,60,33.0,1.137312731133618e-07
Park-Unfav,MFGP,60,33.5,1.137312731133618e-07
Park-Unfav,MFGP,60,34.5,1.137312731133618e-07
Park-Unfav,MFGP,60,35.0,1.137312731133618e-07
Park-Unfav,MFGP,60,35.5,1.137312731133618e-07
Park-Unfav,MFGP,60,36.5,1.137312731133618e-07
Park-Unfav,MFGP,60,37.0,1.137312731133618e-07
Park-Unfav,MFGP,60,37.5,1.137312731133618e-07
Park-Unfav,MFGP,60,38.5,1.137312731133618e-07
Park-Unfav,MFGP,60,39.0,1.137312731133618e-07
Park-Unfav,MFGP,60,39.5,1.137312731133618e-07
Park-Unfav,MFGP,60,40.5,1.137312731133618e-07
Park-Unfav,MFGP,60,41.0,1.137312731133618e-07
Park-Unfav,MFGP,60,41.5,1.137312731133618e-07
Park-Unfav,MFGP,60,42.5,1.137312731133618e-07
Park-Unfav,MFGP,60,43.0,1.137312731133618e-07
Park-Unfav,MFGP,60,43.5,1.137312731133618e-07
Park-Unfav,MFGP,60,44.5,1.137312731133618e-07
Park-Unfav,MFGP,60,45.0,1.137312731133618e-07
Park-Unfav,MFGP,60,45.5,1.137312731133618e-07
Park-Unfav,MFGP,60,46.5,1.137312731133618e-07
Park-Unfav,MFGP,60,47.0,1.137312731133618e-07
Park-Unfav,MFGP,60,47.5,1.137312731133618e-07
Park-Unfav,MFGP,60,48.5,1.137312731133618e-07
Park-Unfav,MFGP,60,49.0,1.137312731133618e-07
Park-Unfav,MFGP,60,49.5,1.137312731133618e-07
Park-Unfav,MFGP,60,50.0,1.137312731133618e-07
Park-Unfav,MFGP,61,4.5,0.9061228918802968
Park-Unfav,MFGP,61,5.0,0.9061228918802968
Park-Unfav,MFGP,61,5.5,0.9061228918802968
Park-Unfav,MFGP,61,6.5,0.9061228918802968
Park-Unfav,MFGP,61,7.0,0.9061228918802968
Park-Unfav,MFGP,61,7.5,0.9061228918802968
Park-Unfav,MFGP,61,8.5,0.9061228918802968
Park-Unfav,MFGP,61,9.0,0.9061228918802968
Park-Unfav,MFGP,61,9.5,0.9061228918802968
Park-Unfav,MFGP,61,10.5,0.9061228918802968
Park-Unfav,MFGP,61,11.0,0.9061228918802968
Park-Unfav,MFGP,61,11.5,0.9061228918802968
Park-Unfav,MFGP,61,12.5,0.9061228918802968
Park-Unfav,MFGP,61,13.0,0.9061228918802968
Park-Unfav,MFGP,61,13.5,0.9061228918802968
Park-Unfav,MFGP,61,14.5,2.0620396529616522e-07
Park-Unfav,MFGP,61,15.0,2.0620396529616522e-07
Park-Unfav,MFGP,61,15.5,2.0620396529616522e-07
Park-Unfav,MFGP,61,16.5,1.552276366333939e-07
Park-Unfav,MFGP,61,17.0,1.552276366333939e-07
Park-Unfav,MFGP,61,17.5,1.552276366333939e-07
Park-Unfav,MFGP,61,18.5,1.5248471779533417e-07
Park-Unfav,MFGP,61,19.0,1.5248471779533417e-07
Park-Unfav,MFGP,61,19.5,1.5248471779533417e-07
Park-Unfav,MFGP,61,20.5,1.5248471779533417e-07
Park-Unfav,MFGP,61,21.0,1.5248471779533417e-07
Park-Unfav,MFGP,61,21.5,1.5248471779533417e-07
Park-Unfav,MFGP,61,22.5,1.5248471779533417e-07
Park-Unfav,MFGP,61,23.0,1.5248471779533417e-07
Park-Unfav,MFGP,61,23.5,1.5248471779533417e-07
Park-Unfav,MFGP,61,24.5,1.5248471779533417e-07
Park-Unfav,MFGP,61,25.0,1.5248471779533417e-07
Park-Unfav,MFGP,61,25.5,1.5248471779533417e-07
Park-Unfav,MFGP,61,26.5,1.5248471779533417e-07
Park-Unfav,MFGP,61,27.0,1.5248471779533417e-07
Park-Unfav,MFGP,61,27.5,1.5248471779533417e-07
Park-Unfav,MFGP,61,28.5,1.5248471779533417e-07
Park-Unfav,MFGP,61,29.0,1.5248471779533417e-07
Park-Unfav,MFGP,61,29.5,1.5248471779533417e-07
Park-Unfav,MFGP,61,30.5,1.5248471779533417e-07
Park-Unfav,MFGP,61,31.0,1.5248471779533417e-07
Park-Unfav,MFGP,61,31.5,1.5248471779533417e-07
Park-Unfav,MFGP,61,32.5,1.5248471779533417e-07
Park-Unfav,MFGP,61,33.0,1.5248471779533417e-07
Park-Unfav,MFGP,61,33.5,1.5248471779533417e-07
Park-Unfav,MFGP,61,34.5,1.5248471779533417e-07
Park-Unfav,MFGP,61,35.0,1.5248471779533417e-07
Park-Unfav,MFGP,61,35.5,1.5248471779533417e-07
Park-Unfav,MFGP,61,36.5,1.5248471779533417e-07
Park-Unfav,MFGP,61,37.0,1.5248471779533417e-07
Park-Unfav,MFGP,61,37.5,1.5248471779533417e-07
Park-Unfav,MFGP,61,38.5,1.5248471779533417e-07
Park-Unfav,MFGP,61,39.0,1.5248471779533417e-07
Park-Unfav,MFGP,61,39.5,1.5248471779533417e-07
Park-Unfav,MFGP,61,40.5,1.5248471779533417e-07
Park-Unfav,MFGP,61,41.0,1.5248471779533417e-07
Park-Unfav,MFGP,61,41.5,1.5248471779533417e-07
Park-Unfav,MFGP,61,42.5,1.5248471779533417e-07
Park-Unfav,MFGP,61,43.0,1.5248471779533417e-07
Park-Unfav,MFGP,61,43.5,1.5248471779533417e-07
Park-Unfav,MFGP,61,44.5,1.5248471779533417e-07
Park-Unfav,MFGP,61,45.0,1.5248471779533417e-07
Park-Unfav,MFGP,61,45.5,1.5248471779533417e-07
Park-Unfav,MFGP,61,46.5,1.5248471779533417e-07
Park-Unfav,MFGP,61,47.0,1.5248471779533417e-07
Park-Unfav,MFGP,61,47.5,1.5248471779533417e-07
Park-Unfav,MFGP,61,48.5,1.5248471779533417e-07
Park-Unfav,MFGP,61,49.0,1.5248471779533417e-07
Park-Unfav,MFGP,61,49.5,1.5248471779533417e-07
Park-Unfav,MFGP,61,50.0,1.5248471779533417e-07
Polarizability,MFGP,42,3.34,0.4635549872122763
Polarizability,MFGP,42,3.5,0.4635549872122763
Polarizability,MFGP,42,3.67,0.4635549872122763
Polarizability,MFGP,42,3.84,0.4635549872122763
Polarizability,MFGP,42,4.0,0.4635549872122763
Polarizability,MFGP,42,4.17,0.4635549872122763
Polarizability,MFGP,42,5.17,0.2186700767263428
Polarizability,MFGP,42,5.34,0.2186700767263428
Polarizability,MFGP,42,5.5,0.2186700767263428
Polarizability,MFGP,42,5.67,0.2186700767263428
Polarizability,MFGP,42,5.84,0.2186700767263428
Polarizability,MFGP,42,6.01,0.2186700767263428
Polarizability,MFGP,42,7.01,0.2154731457800511
Polarizability,MFGP,42,7.17,0.2154731457800511
Polarizability,MFGP,42,7.34,0.2154731457800511
Polarizability,MFGP,42,7.51,0.2154731457800511
Polarizability,MFGP,42,7.67,0.2154731457800511
Polarizability,MFGP,42,7.84,0.2154731457800511
Polarizability,MFGP,42,8.84,0.2154731457800511
Polarizability,MFGP,42,9.01,0.2154731457800511
Polarizability,MFGP,42,9.17,0.2154731457800511
Polarizability,MFGP,42,9.34,0.2154731457800511
Polarizability,MFGP,42,9.51,0.2154731457800511
Polarizability,MFGP,42,9.68,0.2154731457800511
Polarizability,MFGP,42,10.68,0.2154731457800511
Polarizability,MFGP,42,10.84,0.2154731457800511
Polarizability,MFGP,42,11.01,0.2154731457800511
Polarizability,MFGP,42,11.18,0.2154731457800511
Polarizability,MFGP,42,11.34,0.2154731457800511
Polarizability,MFGP,42,11.51,0.2154731457800511
Polarizability,MFGP,42,12.51,0.2154731457800511
Polarizability,MFGP,42,12.68,0.2154731457800511
Polarizability,MFGP,42,12.84,0.2154731457800511
Polarizability,MFGP,42,13.01,0.2154731457800511
Polarizability,MFGP,42,13.18,0.2154731457800511
Polarizability,MFGP,42,13.35,0.2154731457800511
Polarizability,MFGP,42,14.35,0.2154731457800511
Polarizability,MFGP,42,14.51,0.2154731457800511
Polarizability,MFGP,42,14.68,0.2154731457800511
Polarizability,MFGP,42,14.85,0.2154731457800511
Polarizability,MFGP,42,15.01,0.2154731457800511
Polarizability,MFGP,42,15.18,0.2154731457800511
Polarizability,MFGP,42,16.18,0.2154731457800511
Polarizability,MFGP,42,16.35,0.2154731457800511
Polarizability,MFGP,42,16.51,0.2154731457800511
Polarizability,MFGP,42,16.68,0.2154731457800511
Polarizability,MFGP,42,16.85,0.2154731457800511
Polarizability,MFGP,42,17.02,0.2154731457800511
Polarizability,MFGP,42,18.02,0.2154731457800511
Polarizability,MFGP,42,18.18,0.2154731457800511
Polarizability,MFGP,42,18.35,0.2154731457800511
Polarizability,MFGP,42,18.52,0.2154731457800511
Polarizability,MFGP,42,18.68,0.2154731457800511
Polarizability,MFGP,42,18.85,0.2154731457800511
Polarizability,MFGP,42,19.85,0.2154731457800511
Polarizability,MFGP,42,20.02,0.2154731457800511
Polarizability,MFGP,42,20.19,0.2154731457800511
Polarizability,MFGP,42,20.35,0.2154731457800511
Polarizability,MFGP,42,20.52,0.2154731457800511
Polarizability,MFGP,42,20.69,0.2154731457800511
Polarizability,MFGP,42,21.69,0.2154731457800511
Polarizability,MFGP,42,21.85,0.2154731457800511
Polarizability,MFGP,42,22.02,0.2154731457800511
Polarizability,MFGP,42,22.19,0.2154731457800511
Polarizability,MFGP,42,22.35,0.2154731457800511
Polarizability,MFGP,42,22.52,0.2154731457800511
Polarizability,MFGP,42,23.52,0.2154731457800511
Polarizability,MFGP,42,23.69,0.2154731457800511
Polarizability,MFGP,42,23.86,0.2154731457800511
Polarizability,MFGP,42,24.02,0.2154731457800511
Polarizability,MFGP,42,24.19,0.2154731457800511
Polarizability,MFGP,42,24.36,0.2154731457800511
Polarizability,MFGP,42,25.36,0.2154731457800511
Polarizability,MFGP,42,25.52,0.2154731457800511
Polarizability,MFGP,42,25.69,0.2154731457800511
Polarizability,MFGP,42,25.86,0.2154731457800511
Polarizability,MFGP,42,26.02,0.2154731457800511
Polarizability,MFGP,42,26.19,0.2154731457800511
Polarizability,MFGP,42,27.19,0.2154731457800511
Polarizability,MFGP,42,27.36,0.2154731457800511
Polarizability,MFGP,42,27.53,0.2154731457800511
Polarizability,MFGP,42,27.69,0.2154731457800511
Polarizability,MFGP,42,27.86,0.2154731457800511
Polarizability,MFGP,42,28.03,0.2154731457800511
Polarizability,MFGP,42,29.03,0.2154731457800511
Polarizability,MFGP,42,29.19,0.2154731457800511
Polarizability,MFGP,42,29.36,0.2154731457800511
Polarizability,MFGP,42,29.53,0.2154731457800511
Polarizability,MFGP,42,29.69,0.2154731457800511
Polarizability,MFGP,42,29.86,0.2154731457800511
Polarizability,MFGP,43,3.34,0.7327365728900256
Polarizability,MFGP,43,3.5,0.7327365728900256
Polarizability,MFGP,43,3.67,0.7327365728900256
Polarizability,MFGP,43,3.84,0.7327365728900256
Polarizability,MFGP,43,4.0,0.7327365728900256
Polarizability,MFGP,43,4.17,0.7327365728900256
Polarizability,MFGP,43,5.17,0.5505115089514068
Polarizability,MFGP,43,5.34,0.5505115089514068
Polarizability,MFGP,43,5.5,0.5505115089514068
Polarizability,MFGP,43,5.67,0.5505115089514068
Polarizability,MFGP,43,5.84,0.5505115089514068
Polarizability,MFGP,43,6.01,0.5505115089514068
Polarizability,MFGP,43,7.01,0.4670716112531969
Polarizability,MFGP,43,7.17,0.4670716112531969
Polarizability,MFGP,43,7.34,0.4670716112531969
Polarizability,MFGP,43,7.51,0.4670716112531969
Polarizability,MFGP,43,7.67,0.4670716112531969
Polarizability,MFGP,43,7.84,0.4670716112531969
Polarizability,MFGP,43,8.84,0.4280690537084399
Polarizability,MFGP,43,9.01,0.4280690537084399
Polarizability,MFGP,43,9.17,0.4280690537084399
Polarizability,MFGP,43,9.34,0.4280690537084399
Polarizability,MFGP,43,9.51,0.4280690537084399
Polarizability,MFGP,43,9.68,0.4280690537084399
Polarizability,MFGP,43,10.68,0.3903452685421995
Polarizability,MFGP,43,10.84,0.3903452685421995
Polarizability,MFGP,43,11.01,0.3903452685421995
Polarizability,MFGP,43,11.18,0.3903452685421995
Polarizability,MFGP,43,11.34,0.3903452685421995
Polarizability,MFGP,43,11.51,0.3903452685421995
Polarizability,MFGP,43,12.51,0.3903452685421995
Polarizability,MFGP,43,12.68,0.3903452685421995
Polarizability,MFGP,43,12.84,0.3903452685421995
Polarizability,MFGP,43,13.01,0.3903452685421995
Polarizability,MFGP,43,13.18,0.3903452685421995
Polarizability,MFGP,43,13.35,0.3903452685421995
Polarizability,MFGP,43,14.35,0.3903452685421995
Polarizability,MFGP,43,14.51,0.3903452685421995
Polarizability,MFGP,43,14.68,0.3903452685421995
Polarizability,MFGP,43,14.85,0.3903452685421995
Polarizability,MFGP,43,15.01,0.3903452685421995
Polarizability,MFGP,43,15.18,0.3903452685421995
Polarizability,MFGP,43,16.18,0.3903452685421995
Polarizability,MFGP,43,16.35,0.3903452685421995
Polarizability,MFGP,43,16.51,0.3903452685421995
Polarizability,MFGP,43,16.68,0.3903452685421995
Polarizability,MFGP,43,16.85,0.3903452685421995
Polarizability,MFGP,43,17.02,0.3903452685421995
Polarizability,MFGP,43,18.02,0.3903452685421995
Polarizability,MFGP,43,18.18,0.3903452685421995
Polarizability,MFGP,43,18.35,0.3903452685421995
Polarizability,MFGP,43,18.52,0.3903452685421995
Polarizability,MFGP,43,18.68,0.3903452685421995
Polarizability,MFGP,43,18.85,0.3903452685421995
Polarizability,MFGP,43,19.85,0.3903452685421995
Polarizability,MFGP,43,20.02,0.3903452685421995
Polarizability,MFGP,43,20.19,0.3903452685421995
Polarizability,MFGP,43,20.35,0.3903452685421995
Polarizability,MFGP,43,20.52,0.3903452685421995
Polarizability,MFGP,43,20.69,0.3903452685421995
Polarizability,MFGP,43,21.69,0.3903452685421995
Polarizability,MFGP,43,21.85,0.3903452685421995
Polarizability,MFGP,43,22.02,0.3903452685421995
Polarizability,MFGP,43,22.19,0.3903452685421995
Polarizability,MFGP,43,22.35,0.3903452685421995
Polarizability,MFGP,43,22.52,0.3903452685421995
Polarizability,MFGP,43,23.52,0.3903452685421995
Polarizability,MFGP,43,23.69,0.3903452685421995
Polarizability,MFGP,43,23.86,0.3903452685421995
Polarizability,MFGP,43,24.02,0.3903452685421995
Polarizability,MFGP,43,24.19,0.3903452685421995
Polarizability,MFGP,43,24.36,0.3903452685421995
Polarizability,MFGP,43,25.36,0.3903452685421995
Polarizability,MFGP,43,25.52,0.3903452685421995
Polarizability,MFGP,43,25.69,0.3903452685421995
Polarizability,MFGP,43,25.86,0.3903452685421995
Polarizability,MFGP,43,26.02,0.3903452685421995
Polarizability,MFGP,43,26.19,0.3903452685421995
Polarizability,MFGP,43,27.19,0.3903452685421995
Polarizability,MFGP,43,27.36,0.3903452685421995
Polarizability,MFGP,43,27.53,0.3903452685421995
Polarizability,MFGP,43,27.69,0.3903452685421995
Polarizability,MFGP,43,27.86,0.3903452685421995
Polarizability,MFGP,43,28.03,0.3903452685421995
Polarizability,MFGP,43,29.03,0.3836317135549872
Polarizability,MFGP,43,29.19,0.3836317135549872
Polarizability,MFGP,43,29.36,0.3836317135549872
Polarizability,MFGP,43,29.53,0.3836317135549872
Polarizability,MFGP,43,29.69,0.3836317135549872
Polarizability,MFGP,43,29.86,0.3836317135549872
Polarizability,MFGP,44,3.34,0.5242966751918159
Polarizability,MFGP,44,3.5,0.5242966751918159
Polarizability,MFGP,44,3.67,0.5242966751918159
Polarizability,MFGP,44,3.84,0.5242966751918159
Polarizability,MFGP,44,4.0,0.5242966751918159
Polarizability,MFGP,44,4.17,0.5242966751918159
Polarizability,MFGP,44,5.17,0.5242966751918159
Polarizability,MFGP,44,5.34,0.5242966751918159
Polarizability,MFGP,44,5.5,0.5242966751918159
Polarizability,MFGP,44,5.67,0.5242966751918159
Polarizability,MFGP,44,5.84,0.5242966751918159
Polarizability,MFGP,44,6.01,0.5242966751918159
Polarizability,MFGP,44,7.01,0.5242966751918159
Polarizability,MFGP,44,7.17,0.5242966751918159
Polarizability,MFGP,44,7.34,0.5242966751918159
Polarizability,MFGP,44,7.51,0.5242966751918159
Polarizability,MFGP,44,7.67,0.5242966751918159
Polarizability,MFGP,44,7.84,0.5242966751918159
Polarizability,MFGP,44,8.84,0.5242966751918159
Polarizability,MFGP,44,9.01,0.5242966751918159
Polarizability,MFGP,44,9.17,0.5242966751918159
Polarizability,MFGP,44,9.34,0.5242966751918159
Polarizability,MFGP,44,9.51,0.5242966751918159
Polarizability,MFGP,44,9.68,0.5242966751918159
Polarizability,MFGP,44,10.68,0.4795396419437341
Polarizability,MFGP,44,10.84,0.4795396419437341
Polarizability,MFGP,44,11.01,0.4795396419437341
Polarizability,MFGP,44,11.18,0.4795396419437341
Polarizability,MFGP,44,11.34,0.4795396419437341
Polarizability,MFGP,44,11.51,0.4795396419437341
Polarizability,MFGP,44,12.51,0.4795396419437341
Polarizability,MFGP,44,12.68,0.4795396419437341
Polarizability,MFGP,44,12.84,0.4795396419437341
Polarizability,MFGP,44,13.01,0.4795396419437341
Polarizability,MFGP,44,13.18,0.4795396419437341
Polarizability,MFGP,44,13.35,0.4795396419437341
Polarizability,MFGP,44,14.35,0.4795396419437341
Polarizability,MFGP,44,14.51,0.4795396419437341
Polarizability,MFGP,44,14.68,0.4795396419437341
Polarizability,MFGP,44,14.85,0.4795396419437341
Polarizability,MFGP,44,15.01,0.4795396419437341
Polarizability,MFGP,44,15.18,0.4795396419437341
Polarizability,MFGP,44,16.18,0.4795396419437341
Polarizability,MFGP,44,16.35,0.4795396419437341
Polarizability,MFGP,44,16.51,0.4795396419437341
Polarizability,MFGP,44,16.68,0.4795396419437341
Polarizability,MFGP,44,16.85,0.4795396419437341
Polarizability,MFGP,44,17.02,0.4795396419437341
Polarizability,MFGP,44,18.02,0.4795396419437341
Polarizability,MFGP,44,18.18,0.4795396419437341
Polarizability,MFGP,44,18.35,0.4795396419437341
Polarizability,MFGP,44,18.52,0.4795396419437341
Polarizability,MFGP,44,18.68,0.4795396419437341
Polarizability,MFGP,44,18.85,0.4795396419437341
Polarizability,MFGP,44,19.85,0.4251918158567774
Polarizability,MFGP,44,20.02,0.4251918158567774
Polarizability,MFGP,44,20.19,0.4251918158567774
Polarizability,MFGP,44,20.35,0.4251918158567774
Polarizability,MFGP,44,20.52,0.4251918158567774
Polarizability,MFGP,44,20.69,0.4251918158567774
Polarizability,MFGP,44,21.69,0.4251918158567774
Polarizability,MFGP,44,21.85,0.4251918158567774
Polarizability,MFGP,44,22.02,0.4251918158567774
Polarizability,MFGP,44,22.19,0.4251918158567774
Polarizability,MFGP,44,22.35,0.4251918158567774
Polarizability,MFGP,44,22.52,0.4251918158567774
Polarizability,MFGP,44,23.52,0.4251918158567774
Polarizability,MFGP,44,23.69,0.4251918158567774
Polarizability,MFGP,44,23.86,0.4251918158567774
Polarizability,MFGP,44,24.02,0.4251918158567774
Polarizability,MFGP,44,24.19,0.4251918158567774
Polarizability,MFGP,44,24.36,0.4251918158567774
Polarizability,MFGP,44,25.36,0.0891943734015343
Polarizability,MFGP,44,25.52,0.0891943734015343
Polarizability,MFGP,44,25.69,0.0891943734015343
Polarizability,MFGP,44,25.86,0.0891943734015343
Polarizability,MFGP,44,26.02,0.0891943734015343
Polarizability,MFGP,44,26.19,0.0891943734015343
Polarizability,MFGP,44,27.19,0.0891943734015343
Polarizability,MFGP,44,27.36,0.0891943734015343
Polarizability,MFGP,44,27.53,0.0891943734015343
Polarizability,MFGP,44,27.69,0.0891943734015343
Polarizability,MFGP,44,27.86,0.0891943734015343
Polarizability,MFGP,44,28.03,0.0891943734015343
Polarizability,MFGP,44,29.03,0.0891943734015343
Polarizability,MFGP,44,29.19,0.0891943734015343
Polarizability,MFGP,44,29.36,0.0891943734015343
Polarizability,MFGP,44,29.53,0.0891943734015343
Polarizability,MFGP,44,29.69,0.0891943734015343
Polarizability,MFGP,44,29.86,0.0891943734015343
Polarizability,MFGP,45,3.34,0.4635549872122763
Polarizability,MFGP,45,3.5,0.4635549872122763
Polarizability,MFGP,45,3.67,0.4635549872122763
Polarizability,MFGP,45,3.84,0.4635549872122763
Polarizability,MFGP,45,4.0,0.4635549872122763
Polarizability,MFGP,45,4.17,0.4635549872122763
Polarizability,MFGP,45,5.17,0.4635549872122763
Polarizability,MFGP,45,5.34,0.4635549872122763
Polarizability,MFGP,45,5.5,0.4635549872122763
Polarizability,MFGP,45,5.67,0.4635549872122763
Polarizability,MFGP,45,5.84,0.4635549872122763
Polarizability,MFGP,45,6.01,0.4635549872122763
Polarizability,MFGP,45,7.01,0.4635549872122763
Polarizability,MFGP,45,7.17,0.4635549872122763
Polarizability,MFGP,45,7.34,0.4635549872122763
Polarizability,MFGP,45,7.51,0.4635549872122763
Polarizability,MFGP,45,7.67,0.4635549872122763
Polarizability,MFGP,45,7.84,0.4635549872122763
Polarizability,MFGP,45,8.84,0.2710997442455244
Polarizability,MFGP,45,9.01,0.2710997442455244
Polarizability,MFGP,45,9.17,0.2710997442455244
Polarizability,MFGP,45,9.34,0.2710997442455244
Polarizability,MFGP,45,9.51,0.2710997442455244
Polarizability,MFGP,45,9.68,0.2710997442455244
Polarizability,MFGP,45,10.68,0.2710997442455244
Polarizability,MFGP,45,10.84,0.2710997442455244
Polarizability,MFGP,45,11.01,0.2710997442455244
Polarizability,MFGP,45,11.18,0.2710997442455244
Polarizability,MFGP,45,11.34,0.2710997442455244
Polarizability,MFGP,45,11.51,0.2710997442455244
Polarizability,MFGP,45,12.51,0.2710997442455244
Polarizability,MFGP,45,12.68,0.2710997442455244
Polarizability,MFGP,45,12.84,0.2710997442455244
Polarizability,MFGP,45,13.01,0.2710997442455244
Polarizability,MFGP,45,13.18,0.2710997442455244
Polarizability,MFGP,45,13.35,0.2710997442455244
Polarizability,MFGP,45,14.35,0.2320971867007673
Polarizability,MFGP,45,14.51,0.2320971867007673
Polarizability,MFGP,45,14.68,0.2320971867007673
Polarizability,MFGP,45,14.85,0.2320971867007673
Polarizability,MFGP,45,15.01,0.2320971867007673
Polarizability,MFGP,45,15.18,0.2320971867007673
Polarizability,MFGP,45,16.18,0.2320971867007673
Polarizability,MFGP,45,16.35,0.2320971867007673
Polarizability,MFGP,45,16.51,0.2320971867007673
Polarizability,MFGP,45,16.68,0.2320971867007673
Polarizability,MFGP,45,16.85,0.2320971867007673
Polarizability,MFGP,45,17.02,0.2320971867007673
Polarizability,MFGP,45,18.02,0.2320971867007673
Polarizability,MFGP,45,18.18,0.2320971867007673
Polarizability,MFGP,45,18.35,0.2320971867007673
Polarizability,MFGP,45,18.52,0.2320971867007673
Polarizability,MFGP,45,18.68,0.2320971867007673
Polarizability,MFGP,45,18.85,0.2320971867007673
Polarizability,MFGP,45,19.85,0.2320971867007673
Polarizability,MFGP,45,20.02,0.2320971867007673
Polarizability,MFGP,45,20.19,0.2320971867007673
Polarizability,MFGP,45,20.35,0.2320971867007673
Polarizability,MFGP,45,20.52,0.2320971867007673
Polarizability,MFGP,45,20.69,0.2320971867007673
Polarizability,MFGP,45,21.69,0.2320971867007673
Polarizability,MFGP,45,21.85,0.2320971867007673
Polarizability,MFGP,45,22.02,0.2320971867007673
Polarizability,MFGP,45,22.19,0.2320971867007673
Polarizability,MFGP,45,22.35,0.2320971867007673
Polarizability,MFGP,45,22.52,0.2320971867007673
Polarizability,MFGP,45,23.52,0.2320971867007673
Polarizability,MFGP,45,23.69,0.2320971867007673
Polarizability,MFGP,45,23.86,0.2320971867007673
Polarizability,MFGP,45,24.02,0.2320971867007673
Polarizability,MFGP,45,24.19,0.2320971867007673
Polarizability,MFGP,45,24.36,0.2320971867007673
Polarizability,MFGP,45,25.36,0.2320971867007673
Polarizability,MFGP,45,25.52,0.2320971867007673
Polarizability,MFGP,45,25.69,0.2320971867007673
Polarizability,MFGP,45,25.86,0.2320971867007673
Polarizability,MFGP,45,26.02,0.2320971867007673
Polarizability,MFGP,45,26.19,0.2320971867007673
Polarizability,MFGP,45,27.19,0.2320971867007673
Polarizability,MFGP,45,27.36,0.2320971867007673
Polarizability,MFGP,45,27.53,0.2320971867007673
Polarizability,MFGP,45,27.69,0.2320971867007673
Polarizability,MFGP,45,27.86,0.2320971867007673
Polarizability,MFGP,45,28.03,0.2320971867007673
Polarizability,MFGP,45,29.03,0.2320971867007673
Polarizability,MFGP,45,29.19,0.2320971867007673
Polarizability,MFGP,45,29.36,0.2320971867007673
Polarizability,MFGP,45,29.53,0.2320971867007673
Polarizability,MFGP,45,29.69,0.2320971867007673
Polarizability,MFGP,45,29.86,0.2320971867007673
Polarizability,MFGP,46,3.34,0.0
Polarizability,MFGP,46,3.5,0.0
Polarizability,MFGP,46,3.67,0.0
Polarizability,MFGP,46,3.84,0.0
Polarizability,MFGP,46,4.0,0.0
Polarizability,MFGP,46,4.17,0.0
Polarizability,MFGP,46,5.17,0.0
Polarizability,MFGP,46,5.34,0.0
Polarizability,MFGP,46,5.5,0.0
Polarizability,MFGP,46,5.67,0.0
Polarizability,MFGP,46,5.84,0.0
Polarizability,MFGP,46,6.01,0.0
Polarizability,MFGP,46,7.01,0.0
Polarizability,MFGP,46,7.17,0.0
Polarizability,MFGP,46,7.34,0.0
Polarizability,MFGP,46,7.51,0.0
Polarizability,MFGP,46,7.67,0.0
Polarizability,MFGP,46,7.84,0.0
Polarizability,MFGP,46,8.84,0.0
Polarizability,MFGP,46,9.01,0.0
Polarizability,MFGP,46,9.17,0.0
Polarizability,MFGP,46,9.34,0.0
Polarizability,MFGP,46,9.51,0.0
Polarizability,MFGP,46,9.68,0.0
Polarizability,MFGP,46,10.68,0.0
Polarizability,MFGP,46,10.84,0.0
Polarizability,MFGP,46,11.01,0.0
Polarizability,MFGP,46,11.18,0.0
Polarizability,MFGP,46,11.34,0.0
Polarizability,MFGP,46,11.51,0.0
Polarizability,MFGP,46,12.51,0.0
Polarizability,MFGP,46,12.68,0.0
Polarizability,MFGP,46,12.84,0.0
Polarizability,MFGP,46,13.01,0.0
Polarizability,MFGP,46,13.18,0.0
Polarizability,MFGP,46,13.35,0.0
Polarizability,MFGP,46,14.35,0.0
Polarizability,MFGP,46,14.51,0.0
Polarizability,MFGP,46,14.68,0.0
Polarizability,MFGP,46,14.85,0.0
Polarizability,MFGP,46,15.01,0.0
Polarizability,MFGP,46,15.18,0.0
Polarizability,MFGP,46,16.18,0.0
Polarizability,MFGP,46,16.35,0.0
Polarizability,MFGP,46,16.51,0.0
Polarizability,MFGP,46,16.68,0.0
Polarizability,MFGP,46,16.85,0.0
Polarizability,MFGP,46,17.02,0.0
Polarizability,MFGP,46,18.02,0.0
Polarizability,MFGP,46,18.18,0.0
Polarizability,MFGP,46,18.35,0.0
Polarizability,MFGP,46,18.52,0.0
Polarizability,MFGP,46,18.68,0.0
Polarizability,MFGP,46,18.85,0.0
Polarizability,MFGP,46,19.85,0.0
Polarizability,MFGP,46,20.02,0.0
Polarizability,MFGP,46,20.19,0.0
Polarizability,MFGP,46,20.35,0.0
Polarizability,MFGP,46,20.52,0.0
Polarizability,MFGP,46,20.69,0.0
Polarizability,MFGP,46,21.69,0.0
Polarizability,MFGP,46,21.85,0.0
Polarizability,MFGP,46,22.02,0.0
Polarizability,MFGP,46,22.19,0.0
Polarizability,MFGP,46,22.35,0.0
Polarizability,MFGP,46,22.52,0.0
Polarizability,MFGP,46,23.52,0.0
Polarizability,MFGP,46,23.69,0.0
Polarizability,MFGP,46,23.86,0.0
Polarizability,MFGP,46,24.02,0.0
Polarizability,MFGP,46,24.19,0.0
Polarizability,MFGP,46,24.36,0.0
Polarizability,MFGP,46,25.36,0.0
Polarizability,MFGP,46,25.52,0.0
Polarizability,MFGP,46,25.69,0.0
Polarizability,MFGP,46,25.86,0.0
Polarizability,MFGP,46,26.02,0.0
Polarizability,MFGP,46,26.19,0.0
Polarizability,MFGP,46,27.19,0.0
Polarizability,MFGP,46,27.36,0.0
Polarizability,MFGP,46,27.53,0.0
Polarizability,MFGP,46,27.69,0.0
Polarizability,MFGP,46,27.86,0.0
Polarizability,MFGP,46,28.03,0.0
Polarizability,MFGP,46,29.03,0.0
Polarizability,MFGP,46,29.19,0.0
Polarizability,MFGP,46,29.36,0.0
Polarizability,MFGP,46,29.53,0.0
Polarizability,MFGP,46,29.69,0.0
Polarizability,MFGP,46,29.86,0.0
Polarizability,MFGP,47,3.34,0.4891304347826086
Polarizability,MFGP,47,3.5,0.4891304347826086
Polarizability,MFGP,47,3.67,0.4891304347826086
Polarizability,MFGP,47,3.84,0.4891304347826086
Polarizability,MFGP,47,4.0,0.4891304347826086
Polarizability,MFGP,47,4.17,0.4891304347826086
Polarizability,MFGP,47,5.17,0.2148337595907928
Polarizability,MFGP,47,5.34,0.2148337595907928
Polarizability,MFGP,47,5.5,0.2148337595907928
Polarizability,MFGP,47,5.67,0.2148337595907928
Polarizability,MFGP,47,5.84,0.2148337595907928
Polarizability,MFGP,47,6.01,0.2148337595907928
Polarizability,MFGP,47,7.01,0.2148337595907928
Polarizability,MFGP,47,7.17,0.2148337595907928
Polarizability,MFGP,47,7.34,0.2148337595907928
Polarizability,MFGP,47,7.51,0.2148337595907928
Polarizability,MFGP,47,7.67,0.2148337595907928
Polarizability,MFGP,47,7.84,0.2148337595907928
Polarizability,MFGP,47,8.84,0.2119565217391305
Polarizability,MFGP,47,9.01,0.2119565217391305
Polarizability,MFGP,47,9.17,0.2119565217391305
Polarizability,MFGP,47,9.34,0.2119565217391305
Polarizability,MFGP,47,9.51,0.2119565217391305
Polarizability,MFGP,47,9.68,0.2119565217391305
Polarizability,MFGP,47,10.68,0.2119565217391305
Polarizability,MFGP,47,10.84,0.2119565217391305
Polarizability,MFGP,47,11.01,0.2119565217391305
Polarizability,MFGP,47,11.18,0.2119565217391305
Polarizability,MFGP,47,11.34,0.2119565217391305
Polarizability,MFGP,47,11.51,0.2119565217391305
Polarizability,MFGP,47,12.51,0.2119565217391305
Polarizability,MFGP,47,12.68,0.2119565217391305
Polarizability,MFGP,47,12.84,0.2119565217391305
Polarizability,MFGP,47,13.01,0.2119565217391305
Polarizability,MFGP,47,13.18,0.2119565217391305
Polarizability,MFGP,47,13.35,0.2119565217391305
Polarizability,MFGP,47,14.35,0.2119565217391305
Polarizability,MFGP,47,14.51,0.2119565217391305
Polarizability,MFGP,47,14.68,0.2119565217391305
Polarizability,MFGP,47,14.85,0.2119565217391305
Polarizability,MFGP,47,15.01,0.2119565217391305
Polarizability,MFGP,47,15.18,0.2119565217391305
Polarizability,MFGP,47,16.18,0.2119565217391305
Polarizability,MFGP,47,16.35,0.2119565217391305
Polarizability,MFGP,47,16.51,0.2119565217391305
Polarizability,MFGP,47,16.68,0.2119565217391305
Polarizability,MFGP,47,16.85,0.2119565217391305
Polarizability,MFGP,47,17.02,0.2119565217391305
Polarizability,MFGP,47,18.02,0.2119565217391305
Polarizability,MFGP,47,18.18,0.2119565217391305
Polarizability,MFGP,47,18.35,0.2119565217391305
Polarizability,MFGP,47,18.52,0.2119565217391305
Polarizability,MFGP,47,18.68,0.2119565217391305
Polarizability,MFGP,47,18.85,0.2119565217391305
Polarizability,MFGP,47,19.85,0.2119565217391305
Polarizability,MFGP,47,20.02,0.2119565217391305
Polarizability,MFGP,47,20.19,0.2119565217391305
Polarizability,MFGP,47,20.35,0.2119565217391305
Polarizability,MFGP,47,20.52,0.2119565217391305
Polarizability,MFGP,47,20.69,0.2119565217391305
Polarizability,MFGP,47,21.69,0.2119565217391305
Polarizability,MFGP,47,21.85,0.2119565217391305
Polarizability,MFGP,47,22.02,0.2119565217391305
Polarizability,MFGP,47,22.19,0.2119565217391305
Polarizability,MFGP,47,22.35,0.2119565217391305
Polarizability,MFGP,47,22.52,0.2119565217391305
Polarizability,MFGP,47,23.52,0.2119565217391305
Polarizability,MFGP,47,23.69,0.2119565217391305
Polarizability,MFGP,47,23.86,0.2119565217391305
Polarizability,MFGP,47,24.02,0.2119565217391305
Polarizability,MFGP,47,24.19,0.2119565217391305
Polarizability,MFGP,47,24.36,0.2119565217391305
Polarizability,MFGP,47,25.36,0.2119565217391305
Polarizability,MFGP,47,25.52,0.2119565217391305
Polarizability,MFGP,47,25.69,0.2119565217391305
Polarizability,MFGP,47,25.86,0.2119565217391305
Polarizability,MFGP,47,26.02,0.2119565217391305
Polarizability,MFGP,47,26.19,0.2119565217391305
Polarizability,MFGP,47,27.19,0.2119565217391305
Polarizability,MFGP,47,27.36,0.2119565217391305
Polarizability,MFGP,47,27.53,0.2119565217391305
Polarizability,MFGP,47,27.69,0.2119565217391305
Polarizability,MFGP,47,27.86,0.2119565217391305
Polarizability,MFGP,47,28.03,0.2119565217391305
Polarizability,MFGP,47,29.03,0.2119565217391305
Polarizability,MFGP,47,29.19,0.2119565217391305
Polarizability,MFGP,47,29.36,0.2119565217391305
Polarizability,MFGP,47,29.53,0.2119565217391305
Polarizability,MFGP,47,29.69,0.2119565217391305
Polarizability,MFGP,47,29.86,0.2119565217391305
Polarizability,MFGP,48,3.34,0.0
Polarizability,MFGP,48,3.5,0.0
Polarizability,MFGP,48,3.67,0.0
Polarizability,MFGP,48,3.84,0.0
Polarizability,MFGP,48,4.0,0.0
Polarizability,MFGP,48,4.17,0.0
Polarizability,MFGP,48,5.17,0.0
Polarizability,MFGP,48,5.34,0.0
Polarizability,MFGP,48,5.5,0.0
Polarizability,MFGP,48,5.67,0.0
Polarizability,MFGP,48,5.84,0.0
Polarizability,MFGP,48,6.01,0.0
Polarizability,MFGP,48,7.01,0.0
Polarizability,MFGP,48,7.17,0.0
Polarizability,MFGP,48,7.34,0.0
Polarizability,MFGP,48,7.51,0.0
Polarizability,MFGP,48,7.67,0.0
Polarizability,MFGP,48,7.84,0.0
Polarizability,MFGP,48,8.84,0.0
Polarizability,MFGP,48,9.01,0.0
Polarizability,MFGP,48,9.17,0.0
Polarizability,MFGP,48,9.34,0.0
Polarizability,MFGP,48,9.51,0.0
Polarizability,MFGP,48,9.68,0.0
Polarizability,MFGP,48,10.68,0.0
Polarizability,MFGP,48,10.84,0.0
Polarizability,MFGP,48,11.01,0.0
Polarizability,MFGP,48,11.18,0.0
Polarizability,MFGP,48,11.34,0.0
Polarizability,MFGP,48,11.51,0.0
Polarizability,MFGP,48,12.51,0.0
Polarizability,MFGP,48,12.68,0.0
Polarizability,MFGP,48,12.84,0.0
Polarizability,MFGP,48,13.01,0.0
Polarizability,MFGP,48,13.18,0.0
Polarizability,MFGP,48,13.35,0.0
Polarizability,MFGP,48,14.35,0.0
Polarizability,MFGP,48,14.51,0.0
Polarizability,MFGP,48,14.68,0.0
Polarizability,MFGP,48,14.85,0.0
Polarizability,MFGP,48,15.01,0.0
Polarizability,MFGP,48,15.18,0.0
Polarizability,MFGP,48,16.18,0.0
Polarizability,MFGP,48,16.35,0.0
Polarizability,MFGP,48,16.51,0.0
Polarizability,MFGP,48,16.68,0.0
Polarizability,MFGP,48,16.85,0.0
Polarizability,MFGP,48,17.02,0.0
Polarizability,MFGP,48,18.02,0.0
Polarizability,MFGP,48,18.18,0.0
Polarizability,MFGP,48,18.35,0.0
Polarizability,MFGP,48,18.52,0.0
Polarizability,MFGP,48,18.68,0.0
Polarizability,MFGP,48,18.85,0.0
Polarizability,MFGP,48,19.85,0.0
Polarizability,MFGP,48,20.02,0.0
Polarizability,MFGP,48,20.19,0.0
Polarizability,MFGP,48,20.35,0.0
Polarizability,MFGP,48,20.52,0.0
Polarizability,MFGP,48,20.69,0.0
Polarizability,MFGP,48,21.69,0.0
Polarizability,MFGP,48,21.85,0.0
Polarizability,MFGP,48,22.02,0.0
Polarizability,MFGP,48,22.19,0.0
Polarizability,MFGP,48,22.35,0.0
Polarizability,MFGP,48,22.52,0.0
Polarizability,MFGP,48,23.52,0.0
Polarizability,MFGP,48,23.69,0.0
Polarizability,MFGP,48,23.86,0.0
Polarizability,MFGP,48,24.02,0.0
Polarizability,MFGP,48,24.19,0.0
Polarizability,MFGP,48,24.36,0.0
Polarizability,MFGP,48,25.36,0.0
Polarizability,MFGP,48,25.52,0.0
Polarizability,MFGP,48,25.69,0.0
Polarizability,MFGP,48,25.86,0.0
Polarizability,MFGP,48,26.02,0.0
Polarizability,MFGP,48,26.19,0.0
Polarizability,MFGP,48,27.19,0.0
Polarizability,MFGP,48,27.36,0.0
Polarizability,MFGP,48,27.53,0.0
Polarizability,MFGP,48,27.69,0.0
Polarizability,MFGP,48,27.86,0.0
Polarizability,MFGP,48,28.03,0.0
Polarizability,MFGP,48,29.03,0.0
Polarizability,MFGP,48,29.19,0.0
Polarizability,MFGP,48,29.36,0.0
Polarizability,MFGP,48,29.53,0.0
Polarizability,MFGP,48,29.69,0.0
Polarizability,MFGP,48,29.86,0.0
Polarizability,MFGP,49,3.34,0.5242966751918159
Polarizability,MFGP,49,3.5,0.5242966751918159
Polarizability,MFGP,49,3.67,0.5242966751918159
Polarizability,MFGP,49,3.84,0.5242966751918159
Polarizability,MFGP,49,4.0,0.5242966751918159
Polarizability,MFGP,49,4.17,0.5242966751918159
Polarizability,MFGP,49,5.17,0.5242966751918159
Polarizability,MFGP,49,5.34,0.5242966751918159
Polarizability,MFGP,49,5.5,0.5242966751918159
Polarizability,MFGP,49,5.67,0.5242966751918159
Polarizability,MFGP,49,5.84,0.5242966751918159
Polarizability,MFGP,49,6.01,0.5242966751918159
Polarizability,MFGP,49,7.01,0.5242966751918159
Polarizability,MFGP,49,7.17,0.5242966751918159
Polarizability,MFGP,49,7.34,0.5242966751918159
Polarizability,MFGP,49,7.51,0.5242966751918159
Polarizability,MFGP,49,7.67,0.5242966751918159
Polarizability,MFGP,49,7.84,0.5242966751918159
Polarizability,MFGP,49,8.84,0.5242966751918159
Polarizability,MFGP,49,9.01,0.5242966751918159
Polarizability,MFGP,49,9.17,0.5242966751918159
Polarizability,MFGP,49,9.34,0.5242966751918159
Polarizability,MFGP,49,9.51,0.5242966751918159
Polarizability,MFGP,49,9.68,0.5242966751918159
Polarizability,MFGP,49,10.68,0.5242966751918159
Polarizability,MFGP,49,10.84,0.5242966751918159
Polarizability,MFGP,49,11.01,0.5242966751918159
Polarizability,MFGP,49,11.18,0.5242966751918159
Polarizability,MFGP,49,11.34,0.5242966751918159
Polarizability,MFGP,49,11.51,0.5242966751918159
Polarizability,MFGP,49,12.51,0.2726982097186701
Polarizability,MFGP,49,12.68,0.2726982097186701
Polarizability,MFGP,49,12.84,0.2726982097186701
Polarizability,MFGP,49,13.01,0.2726982097186701
Polarizability,MFGP,49,13.18,0.2726982097186701
Polarizability,MFGP,49,13.35,0.2726982097186701
Polarizability,MFGP,49,14.35,0.2726982097186701
Polarizability,MFGP,49,14.51,0.2726982097186701
Polarizability,MFGP,49,14.68,0.2726982097186701
Polarizability,MFGP,49,14.85,0.2726982097186701
Polarizability,MFGP,49,15.01,0.2726982097186701
Polarizability,MFGP,49,15.18,0.2726982097186701
Polarizability,MFGP,49,16.18,0.2726982097186701
Polarizability,MFGP,49,16.35,0.2726982097186701
Polarizability,MFGP,49,16.51,0.2726982097186701
Polarizability,MFGP,49,16.68,0.2726982097186701
Polarizability,MFGP,49,16.85,0.2726982097186701
Polarizability,MFGP,49,17.02,0.2726982097186701
Polarizability,MFGP,49,18.02,0.2726982097186701
Polarizability,MFGP,49,18.18,0.2726982097186701
Polarizability,MFGP,49,18.35,0.2726982097186701
Polarizability,MFGP,49,18.52,0.2726982097186701
Polarizability,MFGP,49,18.68,0.2726982097186701
Polarizability,MFGP,49,18.85,0.2726982097186701
Polarizability,MFGP,49,19.85,0.2726982097186701
Polarizability,MFGP,49,20.02,0.2726982097186701
Polarizability,MFGP,49,20.19,0.2726982097186701
Polarizability,MFGP,49,20.35,0.2726982097186701
Polarizability,MFGP,49,20.52,0.2726982097186701
Polarizability,MFGP,49,20.69,0.2726982097186701
Polarizability,MFGP,49,21.69,0.2320971867007673
Polarizability,MFGP,49,21.85,0.2320971867007673
Polarizability,MFGP,49,22.02,0.2320971867007673
Polarizability,MFGP,49,22.19,0.2320971867007673
Polarizability,MFGP,49,22.35,0.2320971867007673
Polarizability,MFGP,49,22.52,0.2320971867007673
Polarizability,MFGP,49,23.52,0.2320971867007673
Polarizability,MFGP,49,23.69,0.2320971867007673
Polarizability,MFGP,49,23.86,0.2320971867007673
Polarizability,MFGP,49,24.02,0.2320971867007673
Polarizability,MFGP,49,24.19,0.2320971867007673
Polarizability,MFGP,49,24.36,0.2320971867007673
Polarizability,MFGP,49,25.36,0.2320971867007673
Polarizability,MFGP,49,25.52,0.2320971867007673
Polarizability,MFGP,49,25.69,0.2320971867007673
Polarizability,MFGP,49,25.86,0.2320971867007673
Polarizability,MFGP,49,26.02,0.2320971867007673
Polarizability,MFGP,49,26.19,0.2320971867007673
Polarizability,MFGP,49,27.19,0.2320971867007673
Polarizability,MFGP,49,27.36,0.2320971867007673
Polarizability,MFGP,49,27.53,0.2320971867007673
Polarizability,MFGP,49,27.69,0.2320971867007673
Polarizability,MFGP,49,27.86,0.2320971867007673
Polarizability,MFGP,49,28.03,0.2320971867007673
Polarizability,MFGP,49,29.03,0.2320971867007673
Polarizability,MFGP,49,29.19,0.2320971867007673
Polarizability,MFGP,49,29.36,0.2320971867007673
Polarizability,MFGP,49,29.53,0.2320971867007673
Polarizability,MFGP,49,29.69,0.2320971867007673
Polarizability,MFGP,49,29.86,0.2320971867007673
Polarizability,MFGP,50,3.34,0.5569053708439897
Polarizability,MFGP,50,3.5,0.5569053708439897
Polarizability,MFGP,50,3.67,0.5569053708439897
Polarizability,MFGP,50,3.84,0.5569053708439897
Polarizability,MFGP,50,4.0,0.5569053708439897
Polarizability,MFGP,50,4.17,0.5569053708439897
Polarizability,MFGP,50,5.17,0.2464833759590793
Polarizability,MFGP,50,5.34,0.2464833759590793
Polarizability,MFGP,50,5.5,0.2464833759590793
Polarizability,MFGP,50,5.67,0.2464833759590793
Polarizability,MFGP,50,5.84,0.2464833759590793
Polarizability,MFGP,50,6.01,0.2464833759590793
Polarizability,MFGP,50,7.01,0.2464833759590793
Polarizability,MFGP,50,7.17,0.2464833759590793
Polarizability,MFGP,50,7.34,0.2464833759590793
Polarizability,MFGP,50,7.51,0.2464833759590793
Polarizability,MFGP,50,7.67,0.2464833759590793
Polarizability,MFGP,50,7.84,0.2464833759590793
Polarizability,MFGP,50,8.84,0.2464833759590793
Polarizability,MFGP,50,9.01,0.2464833759590793
Polarizability,MFGP,50,9.17,0.2464833759590793
Polarizability,MFGP,50,9.34,0.2464833759590793
Polarizability,MFGP,50,9.51,0.2464833759590793
Polarizability,MFGP,50,9.68,0.2464833759590793
Polarizability,MFGP,50,10.68,0.2464833759590793
Polarizability,MFGP,50,10.84,0.2464833759590793
Polarizability,MFGP,50,11.01,0.2464833759590793
Polarizability,MFGP,50,11.18,0.2464833759590793
Polarizability,MFGP,50,11.34,0.2464833759590793
Polarizability,MFGP,50,11.51,0.2464833759590793
Polarizability,MFGP,50,12.51,0.2464833759590793
Polarizability,MFGP,50,12.68,0.2464833759590793
Polarizability,MFGP,50,12.84,0.2464833759590793
Polarizability,MFGP,50,13.01,0.2464833759590793
Polarizability,MFGP,50,13.18,0.2464833759590793
Polarizability,MFGP,50,13.35,0.2464833759590793
Polarizability,MFGP,50,14.35,0.2119565217391305
Polarizability,MFGP,50,14.51,0.2119565217391305
Polarizability,MFGP,50,14.68,0.2119565217391305
Polarizability,MFGP,50,14.85,0.2119565217391305
Polarizability,MFGP,50,15.01,0.2119565217391305
Polarizability,MFGP,50,15.18,0.2119565217391305
Polarizability,MFGP,50,16.18,0.2119565217391305
Polarizability,MFGP,50,16.35,0.2119565217391305
Polarizability,MFGP,50,16.51,0.2119565217391305
Polarizability,MFGP,50,16.68,0.2119565217391305
Polarizability,MFGP,50,16.85,0.2119565217391305
Polarizability,MFGP,50,17.02,0.2119565217391305
Polarizability,MFGP,50,18.02,0.2119565217391305
Polarizability,MFGP,50,18.18,0.2119565217391305
Polarizability,MFGP,50,18.35,0.2119565217391305
Polarizability,MFGP,50,18.52,0.2119565217391305
Polarizability,MFGP,50,18.68,0.2119565217391305
Polarizability,MFGP,50,18.85,0.2119565217391305
Polarizability,MFGP,50,19.85,0.2119565217391305
Polarizability,MFGP,50,20.02,0.2119565217391305
Polarizability,MFGP,50,20.19,0.2119565217391305
Polarizability,MFGP,50,20.35,0.2119565217391305
Polarizability,MFGP,50,20.52,0.2119565217391305
Polarizability,MFGP,50,20.69,0.2119565217391305
Polarizability,MFGP,50,21.69,0.2119565217391305
Polarizability,MFGP,50,21.85,0.2119565217391305
Polarizability,MFGP,50,22.02,0.2119565217391305
Polarizability,MFGP,50,22.19,0.2119565217391305
Polarizability,MFGP,50,22.35,0.2119565217391305
Polarizability,MFGP,50,22.52,0.2119565217391305
Polarizability,MFGP,50,23.52,0.2119565217391305
Polarizability,MFGP,50,23.69,0.2119565217391305
Polarizability,MFGP,50,23.86,0.2119565217391305
Polarizability,MFGP,50,24.02,0.2119565217391305
Polarizability,MFGP,50,24.19,0.2119565217391305
Polarizability,MFGP,50,24.36,0.2119565217391305
Polarizability,MFGP,50,25.36,0.2119565217391305
Polarizability,MFGP,50,25.52,0.2119565217391305
Polarizability,MFGP,50,25.69,0.2119565217391305
Polarizability,MFGP,50,25.86,0.2119565217391305
Polarizability,MFGP,50,26.02,0.2119565217391305
Polarizability,MFGP,50,26.19,0.2119565217391305
Polarizability,MFGP,50,27.19,0.2119565217391305
Polarizability,MFGP,50,27.36,0.2119565217391305
Polarizability,MFGP,50,27.53,0.2119565217391305
Polarizability,MFGP,50,27.69,0.2119565217391305
Polarizability,MFGP,50,27.86,0.2119565217391305
Polarizability,MFGP,50,28.03,0.2119565217391305
Polarizability,MFGP,50,29.03,0.2119565217391305
Polarizability,MFGP,50,29.19,0.2119565217391305
Polarizability,MFGP,50,29.36,0.2119565217391305
Polarizability,MFGP,50,29.53,0.2119565217391305
Polarizability,MFGP,50,29.69,0.2119565217391305
Polarizability,MFGP,50,29.86,0.2119565217391305
Polarizability,MFGP,51,3.34,0.0
Polarizability,MFGP,51,3.5,0.0
Polarizability,MFGP,51,3.67,0.0
Polarizability,MFGP,51,3.84,0.0
Polarizability,MFGP,51,4.0,0.0
Polarizability,MFGP,51,4.17,0.0
Polarizability,MFGP,51,5.17,0.0
Polarizability,MFGP,51,5.34,0.0
Polarizability,MFGP,51,5.5,0.0
Polarizability,MFGP,51,5.67,0.0
Polarizability,MFGP,51,5.84,0.0
Polarizability,MFGP,51,6.01,0.0
Polarizability,MFGP,51,7.01,0.0
Polarizability,MFGP,51,7.17,0.0
Polarizability,MFGP,51,7.34,0.0
Polarizability,MFGP,51,7.51,0.0
Polarizability,MFGP,51,7.67,0.0
Polarizability,MFGP,51,7.84,0.0
Polarizability,MFGP,51,8.84,0.0
Polarizability,MFGP,51,9.01,0.0
Polarizability,MFGP,51,9.17,0.0
Polarizability,MFGP,51,9.34,0.0
Polarizability,MFGP,51,9.51,0.0
Polarizability,MFGP,51,9.68,0.0
Polarizability,MFGP,51,10.68,0.0
Polarizability,MFGP,51,10.84,0.0
Polarizability,MFGP,51,11.01,0.0
Polarizability,MFGP,51,11.18,0.0
Polarizability,MFGP,51,11.34,0.0
Polarizability,MFGP,51,11.51,0.0
Polarizability,MFGP,51,12.51,0.0
Polarizability,MFGP,51,12.68,0.0
Polarizability,MFGP,51,12.84,0.0
Polarizability,MFGP,51,13.01,0.0
Polarizability,MFGP,51,13.18,0.0
Polarizability,MFGP,51,13.35,0.0
Polarizability,MFGP,51,14.35,0.0
Polarizability,MFGP,51,14.51,0.0
Polarizability,MFGP,51,14.68,0.0
Polarizability,MFGP,51,14.85,0.0
Polarizability,MFGP,51,15.01,0.0
Polarizability,MFGP,51,15.18,0.0
Polarizability,MFGP,51,16.18,0.0
Polarizability,MFGP,51,16.35,0.0
Polarizability,MFGP,51,16.51,0.0
Polarizability,MFGP,51,16.68,0.0
Polarizability,MFGP,51,16.85,0.0
Polarizability,MFGP,51,17.02,0.0
Polarizability,MFGP,51,18.02,0.0
Polarizability,MFGP,51,18.18,0.0
Polarizability,MFGP,51,18.35,0.0
Polarizability,MFGP,51,18.52,0.0
Polarizability,MFGP,51,18.68,0.0
Polarizability,MFGP,51,18.85,0.0
Polarizability,MFGP,51,19.85,0.0
Polarizability,MFGP,51,20.02,0.0
Polarizability,MFGP,51,20.19,0.0
Polarizability,MFGP,51,20.35,0.0
Polarizability,MFGP,51,20.52,0.0
Polarizability,MFGP,51,20.69,0.0
Polarizability,MFGP,51,21.69,0.0
Polarizability,MFGP,51,21.85,0.0
Polarizability,MFGP,51,22.02,0.0
Polarizability,MFGP,51,22.19,0.0
Polarizability,MFGP,51,22.35,0.0
Polarizability,MFGP,51,22.52,0.0
Polarizability,MFGP,51,23.52,0.0
Polarizability,MFGP,51,23.69,0.0
Polarizability,MFGP,51,23.86,0.0
Polarizability,MFGP,51,24.02,0.0
Polarizability,MFGP,51,24.19,0.0
Polarizability,MFGP,51,24.36,0.0
Polarizability,MFGP,51,25.36,0.0
Polarizability,MFGP,51,25.52,0.0
Polarizability,MFGP,51,25.69,0.0
Polarizability,MFGP,51,25.86,0.0
Polarizability,MFGP,51,26.02,0.0
Polarizability,MFGP,51,26.19,0.0
Polarizability,MFGP,51,27.19,0.0
Polarizability,MFGP,51,27.36,0.0
Polarizability,MFGP,51,27.53,0.0
Polarizability,MFGP,51,27.69,0.0
Polarizability,MFGP,51,27.86,0.0
Polarizability,MFGP,51,28.03,0.0
Polarizability,MFGP,51,29.03,0.0
Polarizability,MFGP,51,29.19,0.0
Polarizability,MFGP,51,29.36,0.0
Polarizability,MFGP,51,29.53,0.0
Polarizability,MFGP,51,29.69,0.0
Polarizability,MFGP,51,29.86,0.0
Polarizability,MFGP,52,3.34,0.0
Polarizability,MFGP,52,3.5,0.0
Polarizability,MFGP,52,3.67,0.0
Polarizability,MFGP,52,3.84,0.0
Polarizability,MFGP,52,4.0,0.0
Polarizability,MFGP,52,4.17,0.0
Polarizability,MFGP,52,5.17,0.0
Polarizability,MFGP,52,5.34,0.0
Polarizability,MFGP,52,5.5,0.0
Polarizability,MFGP,52,5.67,0.0
Polarizability,MFGP,52,5.84,0.0
Polarizability,MFGP,52,6.01,0.0
Polarizability,MFGP,52,7.01,0.0
Polarizability,MFGP,52,7.17,0.0
Polarizability,MFGP,52,7.34,0.0
Polarizability,MFGP,52,7.51,0.0
Polarizability,MFGP,52,7.67,0.0
Polarizability,MFGP,52,7.84,0.0
Polarizability,MFGP,52,8.84,0.0
Polarizability,MFGP,52,9.01,0.0
Polarizability,MFGP,52,9.17,0.0
Polarizability,MFGP,52,9.34,0.0
Polarizability,MFGP,52,9.51,0.0
Polarizability,MFGP,52,9.68,0.0
Polarizability,MFGP,52,10.68,0.0
Polarizability,MFGP,52,10.84,0.0
Polarizability,MFGP,52,11.01,0.0
Polarizability,MFGP,52,11.18,0.0
Polarizability,MFGP,52,11.34,0.0
Polarizability,MFGP,52,11.51,0.0
Polarizability,MFGP,52,12.51,0.0
Polarizability,MFGP,52,12.68,0.0
Polarizability,MFGP,52,12.84,0.0
Polarizability,MFGP,52,13.01,0.0
Polarizability,MFGP,52,13.18,0.0
Polarizability,MFGP,52,13.35,0.0
Polarizability,MFGP,52,14.35,0.0
Polarizability,MFGP,52,14.51,0.0
Polarizability,MFGP,52,14.68,0.0
Polarizability,MFGP,52,14.85,0.0
Polarizability,MFGP,52,15.01,0.0
Polarizability,MFGP,52,15.18,0.0
Polarizability,MFGP,52,16.18,0.0
Polarizability,MFGP,52,16.35,0.0
Polarizability,MFGP,52,16.51,0.0
Polarizability,MFGP,52,16.68,0.0
Polarizability,MFGP,52,16.85,0.0
Polarizability,MFGP,52,17.02,0.0
Polarizability,MFGP,52,18.02,0.0
Polarizability,MFGP,52,18.18,0.0
Polarizability,MFGP,52,18.35,0.0
Polarizability,MFGP,52,18.52,0.0
Polarizability,MFGP,52,18.68,0.0
Polarizability,MFGP,52,18.85,0.0
Polarizability,MFGP,52,19.85,0.0
Polarizability,MFGP,52,20.02,0.0
Polarizability,MFGP,52,20.19,0.0
Polarizability,MFGP,52,20.35,0.0
Polarizability,MFGP,52,20.52,0.0
Polarizability,MFGP,52,20.69,0.0
Polarizability,MFGP,52,21.69,0.0
Polarizability,MFGP,52,21.85,0.0
Polarizability,MFGP,52,22.02,0.0
Polarizability,MFGP,52,22.19,0.0
Polarizability,MFGP,52,22.35,0.0
Polarizability,MFGP,52,22.52,0.0
Polarizability,MFGP,52,23.52,0.0
Polarizability,MFGP,52,23.69,0.0
Polarizability,MFGP,52,23.86,0.0
Polarizability,MFGP,52,24.02,0.0
Polarizability,MFGP,52,24.19,0.0
Polarizability,MFGP,52,24.36,0.0
Polarizability,MFGP,52,25.36,0.0
Polarizability,MFGP,52,25.52,0.0
Polarizability,MFGP,52,25.69,0.0
Polarizability,MFGP,52,25.86,0.0
Polarizability,MFGP,52,26.02,0.0
Polarizability,MFGP,52,26.19,0.0
Polarizability,MFGP,52,27.19,0.0
Polarizability,MFGP,52,27.36,0.0
Polarizability,MFGP,52,27.53,0.0
Polarizability,MFGP,52,27.69,0.0
Polarizability,MFGP,52,27.86,0.0
Polarizability,MFGP,52,28.03,0.0
Polarizability,MFGP,52,29.03,0.0
Polarizability,MFGP,52,29.19,0.0
Polarizability,MFGP,52,29.36,0.0
Polarizability,MFGP,52,29.53,0.0
Polarizability,MFGP,52,29.69,0.0
Polarizability,MFGP,52,29.86,0.0
Polarizability,MFGP,53,3.34,0.4635549872122763
Polarizability,MFGP,53,3.5,0.4635549872122763
Polarizability,MFGP,53,3.67,0.4635549872122763
Polarizability,MFGP,53,3.84,0.4635549872122763
Polarizability,MFGP,53,4.0,0.4635549872122763
Polarizability,MFGP,53,4.17,0.4635549872122763
Polarizability,MFGP,53,5.17,0.4635549872122763
Polarizability,MFGP,53,5.34,0.4635549872122763
Polarizability,MFGP,53,5.5,0.4635549872122763
Polarizability,MFGP,53,5.67,0.4635549872122763
Polarizability,MFGP,53,5.84,0.4635549872122763
Polarizability,MFGP,53,6.01,0.4635549872122763
Polarizability,MFGP,53,7.01,0.4635549872122763
Polarizability,MFGP,53,7.17,0.4635549872122763
Polarizability,MFGP,53,7.34,0.4635549872122763
Polarizability,MFGP,53,7.51,0.4635549872122763
Polarizability,MFGP,53,7.67,0.4635549872122763
Polarizability,MFGP,53,7.84,0.4635549872122763
Polarizability,MFGP,53,8.84,0.4635549872122763
Polarizability,MFGP,53,9.01,0.4635549872122763
Polarizability,MFGP,53,9.17,0.4635549872122763
Polarizability,MFGP,53,9.34,0.4635549872122763
Polarizability,MFGP,53,9.51,0.4635549872122763
Polarizability,MFGP,53,9.68,0.4635549872122763
Polarizability,MFGP,53,10.68,0.4635549872122763
Polarizability,MFGP,53,10.84,0.4635549872122763
Polarizability,MFGP,53,11.01,0.4635549872122763
Polarizability,MFGP,53,11.18,0.4635549872122763
Polarizability,MFGP,53,11.34,0.4635549872122763
Polarizability,MFGP,53,11.51,0.4635549872122763
Polarizability,MFGP,53,12.51,0.4635549872122763
Polarizability,MFGP,53,12.68,0.4635549872122763
Polarizability,MFGP,53,12.84,0.4635549872122763
Polarizability,MFGP,53,13.01,0.4635549872122763
Polarizability,MFGP,53,13.18,0.4635549872122763
Polarizability,MFGP,53,13.35,0.4635549872122763
Polarizability,MFGP,53,14.35,0.2119565217391305
Polarizability,MFGP,53,14.51,0.2119565217391305
Polarizability,MFGP,53,14.68,0.2119565217391305
Polarizability,MFGP,53,14.85,0.2119565217391305
Polarizability,MFGP,53,15.01,0.2119565217391305
Polarizability,MFGP,53,15.18,0.2119565217391305
Polarizability,MFGP,53,16.18,0.2119565217391305
Polarizability,MFGP,53,16.35,0.2119565217391305
Polarizability,MFGP,53,16.51,0.2119565217391305
Polarizability,MFGP,53,16.68,0.2119565217391305
Polarizability,MFGP,53,16.85,0.2119565217391305
Polarizability,MFGP,53,17.02,0.2119565217391305
Polarizability,MFGP,53,18.02,0.2119565217391305
Polarizability,MFGP,53,18.18,0.2119565217391305
Polarizability,MFGP,53,18.35,0.2119565217391305
Polarizability,MFGP,53,18.52,0.2119565217391305
Polarizability,MFGP,53,18.68,0.2119565217391305
Polarizability,MFGP,53,18.85,0.2119565217391305
Polarizability,MFGP,53,19.85,0.2119565217391305
Polarizability,MFGP,53,20.02,0.2119565217391305
Polarizability,MFGP,53,20.19,0.2119565217391305
Polarizability,MFGP,53,20.35,0.2119565217391305
Polarizability,MFGP,53,20.52,0.2119565217391305
Polarizability,MFGP,53,20.69,0.2119565217391305
Polarizability,MFGP,53,21.69,0.2119565217391305
Polarizability,MFGP,53,21.85,0.2119565217391305
Polarizability,MFGP,53,22.02,0.2119565217391305
Polarizability,MFGP,53,22.19,0.2119565217391305
Polarizability,MFGP,53,22.35,0.2119565217391305
Polarizability,MFGP,53,22.52,0.2119565217391305
Polarizability,MFGP,53,23.52,0.0
Polarizability,MFGP,53,23.69,0.0
Polarizability,MFGP,53,23.86,0.0
Polarizability,MFGP,53,24.02,0.0
Polarizability,MFGP,53,24.19,0.0
Polarizability,MFGP,53,24.36,0.0
Polarizability,MFGP,53,25.36,0.0
Polarizability,MFGP,53,25.52,0.0
Polarizability,MFGP,53,25.69,0.0
Polarizability,MFGP,53,25.86,0.0
Polarizability,MFGP,53,26.02,0.0
Polarizability,MFGP,53,26.19,0.0
Polarizability,MFGP,53,27.19,0.0
Polarizability,MFGP,53,27.36,0.0
Polarizability,MFGP,53,27.53,0.0
Polarizability,MFGP,53,27.69,0.0
Polarizability,MFGP,53,27.86,0.0
Polarizability,MFGP,53,28.03,0.0
Polarizability,MFGP,53,29.03,0.0
Polarizability,MFGP,53,29.19,0.0
Polarizability,MFGP,53,29.36,0.0
Polarizability,MFGP,53,29.53,0.0
Polarizability,MFGP,53,29.69,0.0
Polarizability,MFGP,53,29.86,0.0
Polarizability,MFGP,54,3.34,0.0
Polarizability,MFGP,54,3.5,0.0
Polarizability,MFGP,54,3.67,0.0
Polarizability,MFGP,54,3.84,0.0
Polarizability,MFGP,54,4.0,0.0
Polarizability,MFGP,54,4.17,0.0
Polarizability,MFGP,54,5.17,0.0
Polarizability,MFGP,54,5.34,0.0
Polarizability,MFGP,54,5.5,0.0
Polarizability,MFGP,54,5.67,0.0
Polarizability,MFGP,54,5.84,0.0
Polarizability,MFGP,54,6.01,0.0
Polarizability,MFGP,54,7.01,0.0
Polarizability,MFGP,54,7.17,0.0
Polarizability,MFGP,54,7.34,0.0
Polarizability,MFGP,54,7.51,0.0
Polarizability,MFGP,54,7.67,0.0
Polarizability,MFGP,54,7.84,0.0
Polarizability,MFGP,54,8.84,0.0
Polarizability,MFGP,54,9.01,0.0
Polarizability,MFGP,54,9.17,0.0
Polarizability,MFGP,54,9.34,0.0
Polarizability,MFGP,54,9.51,0.0
Polarizability,MFGP,54,9.68,0.0
Polarizability,MFGP,54,10.68,0.0
Polarizability,MFGP,54,10.84,0.0
Polarizability,MFGP,54,11.01,0.0
Polarizability,MFGP,54,11.18,0.0
Polarizability,MFGP,54,11.34,0.0
Polarizability,MFGP,54,11.51,0.0
Polarizability,MFGP,54,12.51,0.0
Polarizability,MFGP,54,12.68,0.0
Polarizability,MFGP,54,12.84,0.0
Polarizability,MFGP,54,13.01,0.0
Polarizability,MFGP,54,13.18,0.0
Polarizability,MFGP,54,13.35,0.0
Polarizability,MFGP,54,14.35,0.0
Polarizability,MFGP,54,14.51,0.0
Polarizability,MFGP,54,14.68,0.0
Polarizability,MFGP,54,14.85,0.0
Polarizability,MFGP,54,15.01,0.0
Polarizability,MFGP,54,15.18,0.0
Polarizability,MFGP,54,16.18,0.0
Polarizability,MFGP,54,16.35,0.0
Polarizability,MFGP,54,16.51,0.0
Polarizability,MFGP,54,16.68,0.0
Polarizability,MFGP,54,16.85,0.0
Polarizability,MFGP,54,17.02,0.0
Polarizability,MFGP,54,18.02,0.0
Polarizability,MFGP,54,18.18,0.0
Polarizability,MFGP,54,18.35,0.0
Polarizability,MFGP,54,18.52,0.0
Polarizability,MFGP,54,18.68,0.0
Polarizability,MFGP,54,18.85,0.0
Polarizability,MFGP,54,19.85,0.0
Polarizability,MFGP,54,20.02,0.0
Polarizability,MFGP,54,20.19,0.0
Polarizability,MFGP,54,20.35,0.0
Polarizability,MFGP,54,20.52,0.0
Polarizability,MFGP,54,20.69,0.0
Polarizability,MFGP,54,21.69,0.0
Polarizability,MFGP,54,21.85,0.0
Polarizability,MFGP,54,22.02,0.0
Polarizability,MFGP,54,22.19,0.0
Polarizability,MFGP,54,22.35,0.0
Polarizability,MFGP,54,22.52,0.0
Polarizability,MFGP,54,23.52,0.0
Polarizability,MFGP,54,23.69,0.0
Polarizability,MFGP,54,23.86,0.0
Polarizability,MFGP,54,24.02,0.0
Polarizability,MFGP,54,24.19,0.0
Polarizability,MFGP,54,24.36,0.0
Polarizability,MFGP,54,25.36,0.0
Polarizability,MFGP,54,25.52,0.0
Polarizability,MFGP,54,25.69,0.0
Polarizability,MFGP,54,25.86,0.0
Polarizability,MFGP,54,26.02,0.0
Polarizability,MFGP,54,26.19,0.0
Polarizability,MFGP,54,27.19,0.0
Polarizability,MFGP,54,27.36,0.0
Polarizability,MFGP,54,27.53,0.0
Polarizability,MFGP,54,27.69,0.0
Polarizability,MFGP,54,27.86,0.0
Polarizability,MFGP,54,28.03,0.0
Polarizability,MFGP,54,29.03,0.0
Polarizability,MFGP,54,29.19,0.0
Polarizability,MFGP,54,29.36,0.0
Polarizability,MFGP,54,29.53,0.0
Polarizability,MFGP,54,29.69,0.0
Polarizability,MFGP,54,29.86,0.0
Polarizability,MFGP,55,3.34,0.4635549872122763
Polarizability,MFGP,55,3.5,0.4635549872122763
Polarizability,MFGP,55,3.67,0.4635549872122763
Polarizability,MFGP,55,3.84,0.4635549872122763
Polarizability,MFGP,55,4.0,0.4635549872122763
Polarizability,MFGP,55,4.17,0.4635549872122763
Polarizability,MFGP,55,5.17,0.4635549872122763
Polarizability,MFGP,55,5.34,0.4635549872122763
Polarizability,MFGP,55,5.5,0.4635549872122763
Polarizability,MFGP,55,5.67,0.4635549872122763
Polarizability,MFGP,55,5.84,0.4635549872122763
Polarizability,MFGP,55,6.01,0.4635549872122763
Polarizability,MFGP,55,7.01,0.387148337595908
Polarizability,MFGP,55,7.17,0.387148337595908
Polarizability,MFGP,55,7.34,0.387148337595908
Polarizability,MFGP,55,7.51,0.387148337595908
Polarizability,MFGP,55,7.67,0.387148337595908
Polarizability,MFGP,55,7.84,0.387148337595908
Polarizability,MFGP,55,8.84,0.387148337595908
Polarizability,MFGP,55,9.01,0.387148337595908
Polarizability,MFGP,55,9.17,0.387148337595908
Polarizability,MFGP,55,9.34,0.387148337595908
Polarizability,MFGP,55,9.51,0.387148337595908
Polarizability,MFGP,55,9.68,0.387148337595908
Polarizability,MFGP,55,10.68,0.387148337595908
Polarizability,MFGP,55,10.84,0.387148337595908
Polarizability,MFGP,55,11.01,0.387148337595908
Polarizability,MFGP,55,11.18,0.387148337595908
Polarizability,MFGP,55,11.34,0.387148337595908
Polarizability,MFGP,55,11.51,0.387148337595908
Polarizability,MFGP,55,12.51,0.387148337595908
Polarizability,MFGP,55,12.68,0.387148337595908
Polarizability,MFGP,55,12.84,0.387148337595908
Polarizability,MFGP,55,13.01,0.387148337595908
Polarizability,MFGP,55,13.18,0.387148337595908
Polarizability,MFGP,55,13.35,0.387148337595908
Polarizability,MFGP,55,14.35,0.1275575447570333
Polarizability,MFGP,55,14.51,0.1275575447570333
Polarizability,MFGP,55,14.68,0.1275575447570333
Polarizability,MFGP,55,14.85,0.1275575447570333
Polarizability,MFGP,55,15.01,0.1275575447570333
Polarizability,MFGP,55,15.18,0.1275575447570333
Polarizability,MFGP,55,16.18,0.1275575447570333
Polarizability,MFGP,55,16.35,0.1275575447570333
Polarizability,MFGP,55,16.51,0.1275575447570333
Polarizability,MFGP,55,16.68,0.1275575447570333
Polarizability,MFGP,55,16.85,0.1275575447570333
Polarizability,MFGP,55,17.02,0.1275575447570333
Polarizability,MFGP,55,18.02,0.1275575447570333
Polarizability,MFGP,55,18.18,0.1275575447570333
Polarizability,MFGP,55,18.35,0.1275575447570333
Polarizability,MFGP,55,18.52,0.1275575447570333
Polarizability,MFGP,55,18.68,0.1275575447570333
Polarizability,MFGP,55,18.85,0.1275575447570333
Polarizability,MFGP,55,19.85,0.1275575447570333
Polarizability,MFGP,55,20.02,0.1275575447570333
Polarizability,MFGP,55,20.19,0.1275575447570333
Polarizability,MFGP,55,20.35,0.1275575447570333
Polarizability,MFGP,55,20.52,0.1275575447570333
Polarizability,MFGP,55,20.69,0.1275575447570333
Polarizability,MFGP,55,21.69,0.1275575447570333
Polarizability,MFGP,55,21.85,0.1275575447570333
Polarizability,MFGP,55,22.02,0.1275575447570333
Polarizability,MFGP,55,22.19,0.1275575447570333
Polarizability,MFGP,55,22.35,0.1275575447570333
Polarizability,MFGP,55,22.52,0.1275575447570333
Polarizability,MFGP,55,23.52,0.1275575447570333
Polarizability,MFGP,55,23.69,0.1275575447570333
Polarizability,MFGP,55,23.86,0.1275575447570333
Polarizability,MFGP,55,24.02,0.1275575447570333
Polarizability,MFGP,55,24.19,0.1275575447570333
Polarizability,MFGP,55,24.36,0.1275575447570333
Polarizability,MFGP,55,25.36,0.1275575447570333
Polarizability,MFGP,55,25.52,0.1275575447570333
Polarizability,MFGP,55,25.69,0.1275575447570333
Polarizability,MFGP,55,25.86,0.1275575447570333
Polarizability,MFGP,55,26.02,0.1275575447570333
Polarizability,MFGP,55,26.19,0.1275575447570333
Polarizability,MFGP,55,27.19,0.1275575447570333
Polarizability,MFGP,55,27.36,0.1275575447570333
Polarizability,MFGP,55,27.53,0.1275575447570333
Polarizability,MFGP,55,27.69,0.1275575447570333
Polarizability,MFGP,55,27.86,0.1275575447570333
Polarizability,MFGP,55,28.03,0.1275575447570333
Polarizability,MFGP,55,29.03,0.1275575447570333
Polarizability,MFGP,55,29.19,0.1275575447570333
Polarizability,MFGP,55,29.36,0.1275575447570333
Polarizability,MFGP,55,29.53,0.1275575447570333
Polarizability,MFGP,55,29.69,0.1275575447570333
Polarizability,MFGP,55,29.86,0.1275575447570333
Polarizability,MFGP,56,3.34,0.1275575447570333
Polarizability,MFGP,56,3.5,0.1275575447570333
Polarizability,MFGP,56,3.67,0.1275575447570333
Polarizability,MFGP,56,3.84,0.1275575447570333
Polarizability,MFGP,56,4.0,0.1275575447570333
Polarizability,MFGP,56,4.17,0.1275575447570333
Polarizability,MFGP,56,5.17,0.1275575447570333
Polarizability,MFGP,56,5.34,0.1275575447570333
Polarizability,MFGP,56,5.5,0.1275575447570333
Polarizability,MFGP,56,5.67,0.1275575447570333
Polarizability,MFGP,56,5.84,0.1275575447570333
Polarizability,MFGP,56,6.01,0.1275575447570333
Polarizability,MFGP,56,7.01,0.1275575447570333
Polarizability,MFGP,56,7.17,0.1275575447570333
Polarizability,MFGP,56,7.34,0.1275575447570333
Polarizability,MFGP,56,7.51,0.1275575447570333
Polarizability,MFGP,56,7.67,0.1275575447570333
Polarizability,MFGP,56,7.84,0.1275575447570333
Polarizability,MFGP,56,8.84,0.1275575447570333
Polarizability,MFGP,56,9.01,0.1275575447570333
Polarizability,MFGP,56,9.17,0.1275575447570333
Polarizability,MFGP,56,9.34,0.1275575447570333
Polarizability,MFGP,56,9.51,0.1275575447570333
Polarizability,MFGP,56,9.68,0.1275575447570333
Polarizability,MFGP,56,10.68,0.1275575447570333
Polarizability,MFGP,56,10.84,0.1275575447570333
Polarizability,MFGP,56,11.01,0.1275575447570333
Polarizability,MFGP,56,11.18,0.1275575447570333
Polarizability,MFGP,56,11.34,0.1275575447570333
Polarizability,MFGP,56,11.51,0.1275575447570333
Polarizability,MFGP,56,12.51,0.1275575447570333
Polarizability,MFGP,56,12.68,0.1275575447570333
Polarizability,MFGP,56,12.84,0.1275575447570333
Polarizability,MFGP,56,13.01,0.1275575447570333
Polarizability,MFGP,56,13.18,0.1275575447570333
Polarizability,MFGP,56,13.35,0.1275575447570333
Polarizability,MFGP,56,14.35,0.1275575447570333
Polarizability,MFGP,56,14.51,0.1275575447570333
Polarizability,MFGP,56,14.68,0.1275575447570333
Polarizability,MFGP,56,14.85,0.1275575447570333
Polarizability,MFGP,56,15.01,0.1275575447570333
Polarizability,MFGP,56,15.18,0.1275575447570333
Polarizability,MFGP,56,16.18,0.1275575447570333
Polarizability,MFGP,56,16.35,0.1275575447570333
Polarizability,MFGP,56,16.51,0.1275575447570333
Polarizability,MFGP,56,16.68,0.1275575447570333
Polarizability,MFGP,56,16.85,0.1275575447570333
Polarizability,MFGP,56,17.02,0.1275575447570333
Polarizability,MFGP,56,18.02,0.1275575447570333
Polarizability,MFGP,56,18.18,0.1275575447570333
Polarizability,MFGP,56,18.35,0.1275575447570333
Polarizability,MFGP,56,18.52,0.1275575447570333
Polarizability,MFGP,56,18.68,0.1275575447570333
Polarizability,MFGP,56,18.85,0.1275575447570333
Polarizability,MFGP,56,19.85,0.1275575447570333
Polarizability,MFGP,56,20.02,0.1275575447570333
Polarizability,MFGP,56,20.19,0.1275575447570333
Polarizability,MFGP,56,20.35,0.1275575447570333
Polarizability,MFGP,56,20.52,0.1275575447570333
Polarizability,MFGP,56,20.69,0.1275575447570333
Polarizability,MFGP,56,21.69,0.1275575447570333
Polarizability,MFGP,56,21.85,0.1275575447570333
Polarizability,MFGP,56,22.02,0.1275575447570333
Polarizability,MFGP,56,22.19,0.1275575447570333
Polarizability,MFGP,56,22.35,0.1275575447570333
Polarizability,MFGP,56,22.52,0.1275575447570333
Polarizability,MFGP,56,23.52,0.1275575447570333
Polarizability,MFGP,56,23.69,0.1275575447570333
Polarizability,MFGP,56,23.86,0.1275575447570333
Polarizability,MFGP,56,24.02,0.1275575447570333
Polarizability,MFGP,56,24.19,0.1275575447570333
Polarizability,MFGP,56,24.36,0.1275575447570333
Polarizability,MFGP,56,25.36,0.1275575447570333
Polarizability,MFGP,56,25.52,0.1275575447570333
Polarizability,MFGP,56,25.69,0.1275575447570333
Polarizability,MFGP,56,25.86,0.1275575447570333
Polarizability,MFGP,56,26.02,0.1275575447570333
Polarizability,MFGP,56,26.19,0.1275575447570333
Polarizability,MFGP,56,27.19,0.1275575447570333
Polarizability,MFGP,56,27.36,0.1275575447570333
Polarizability,MFGP,56,27.53,0.1275575447570333
Polarizability,MFGP,56,27.69,0.1275575447570333
Polarizability,MFGP,56,27.86,0.1275575447570333
Polarizability,MFGP,56,28.03,0.1275575447570333
Polarizability,MFGP,56,29.03,0.1275575447570333
Polarizability,MFGP,56,29.19,0.1275575447570333
Polarizability,MFGP,56,29.36,0.1275575447570333
Polarizability,MFGP,56,29.53,0.1275575447570333
Polarizability,MFGP,56,29.69,0.1275575447570333
Polarizability,MFGP,56,29.86,0.1275575447570333
Polarizability,MFGP,57,3.34,0.5505115089514068
Polarizability,MFGP,57,3.5,0.5505115089514068
Polarizability,MFGP,57,3.67,0.5505115089514068
Polarizability,MFGP,57,3.84,0.5505115089514068
Polarizability,MFGP,57,4.0,0.5505115089514068
Polarizability,MFGP,57,4.17,0.5505115089514068
Polarizability,MFGP,57,5.17,0.5505115089514068
Polarizability,MFGP,57,5.34,0.5505115089514068
Polarizability,MFGP,57,5.5,0.5505115089514068
Polarizability,MFGP,57,5.67,0.5505115089514068
Polarizability,MFGP,57,5.84,0.5505115089514068
Polarizability,MFGP,57,6.01,0.5505115089514068
Polarizability,MFGP,57,7.01,0.4459718670076726
Polarizability,MFGP,57,7.17,0.4459718670076726
Polarizability,MFGP,57,7.34,0.4459718670076726
Polarizability,MFGP,57,7.51,0.4459718670076726
Polarizability,MFGP,57,7.67,0.4459718670076726
Polarizability,MFGP,57,7.84,0.4459718670076726
Polarizability,MFGP,57,8.84,0.3075447570332481
Polarizability,MFGP,57,9.01,0.3075447570332481
Polarizability,MFGP,57,9.17,0.3075447570332481
Polarizability,MFGP,57,9.34,0.3075447570332481
Polarizability,MFGP,57,9.51,0.3075447570332481
Polarizability,MFGP,57,9.68,0.3075447570332481
Polarizability,MFGP,57,10.68,0.3075447570332481
Polarizability,MFGP,57,10.84,0.3075447570332481
Polarizability,MFGP,57,11.01,0.3075447570332481
Polarizability,MFGP,57,11.18,0.3075447570332481
Polarizability,MFGP,57,11.34,0.3075447570332481
Polarizability,MFGP,57,11.51,0.3075447570332481
Polarizability,MFGP,57,12.51,0.3075447570332481
Polarizability,MFGP,57,12.68,0.3075447570332481
Polarizability,MFGP,57,12.84,0.3075447570332481
Polarizability,MFGP,57,13.01,0.3075447570332481
Polarizability,MFGP,57,13.18,0.3075447570332481
Polarizability,MFGP,57,13.35,0.3075447570332481
Polarizability,MFGP,57,14.35,0.3075447570332481
Polarizability,MFGP,57,14.51,0.3075447570332481
Polarizability,MFGP,57,14.68,0.3075447570332481
Polarizability,MFGP,57,14.85,0.3075447570332481
Polarizability,MFGP,57,15.01,0.3075447570332481
Polarizability,MFGP,57,15.18,0.3075447570332481
Polarizability,MFGP,57,16.18,0.2148337595907928
Polarizability,MFGP,57,16.35,0.2148337595907928
Polarizability,MFGP,57,16.51,0.2148337595907928
Polarizability,MFGP,57,16.68,0.2148337595907928
Polarizability,MFGP,57,16.85,0.2148337595907928
Polarizability,MFGP,57,17.02,0.2148337595907928
Polarizability,MFGP,57,18.02,0.2148337595907928
Polarizability,MFGP,57,18.18,0.2148337595907928
Polarizability,MFGP,57,18.35,0.2148337595907928
Polarizability,MFGP,57,18.52,0.2148337595907928
Polarizability,MFGP,57,18.68,0.2148337595907928
Polarizability,MFGP,57,18.85,0.2148337595907928
Polarizability,MFGP,57,19.85,0.2148337595907928
Polarizability,MFGP,57,20.02,0.2148337595907928
Polarizability,MFGP,57,20.19,0.2148337595907928
Polarizability,MFGP,57,20.35,0.2148337595907928
Polarizability,MFGP,57,20.52,0.2148337595907928
Polarizability,MFGP,57,20.69,0.2148337595907928
Polarizability,MFGP,57,21.69,0.2148337595907928
Polarizability,MFGP,57,21.85,0.2148337595907928
Polarizability,MFGP,57,22.02,0.2148337595907928
Polarizability,MFGP,57,22.19,0.2148337595907928
Polarizability,MFGP,57,22.35,0.2148337595907928
Polarizability,MFGP,57,22.52,0.2148337595907928
Polarizability,MFGP,57,23.52,0.2148337595907928
Polarizability,MFGP,57,23.69,0.2148337595907928
Polarizability,MFGP,57,23.86,0.2148337595907928
Polarizability,MFGP,57,24.02,0.2148337595907928
Polarizability,MFGP,57,24.19,0.2148337595907928
Polarizability,MFGP,57,24.36,0.2148337595907928
Polarizability,MFGP,57,25.36,0.2148337595907928
Polarizability,MFGP,57,25.52,0.2148337595907928
Polarizability,MFGP,57,25.69,0.2148337595907928
Polarizability,MFGP,57,25.86,0.2148337595907928
Polarizability,MFGP,57,26.02,0.2148337595907928
Polarizability,MFGP,57,26.19,0.2148337595907928
Polarizability,MFGP,57,27.19,0.2148337595907928
Polarizability,MFGP,57,27.36,0.2148337595907928
Polarizability,MFGP,57,27.53,0.2148337595907928
Polarizability,MFGP,57,27.69,0.2148337595907928
Polarizability,MFGP,57,27.86,0.2148337595907928
Polarizability,MFGP,57,28.03,0.2148337595907928
Polarizability,MFGP,57,29.03,0.2148337595907928
Polarizability,MFGP,57,29.19,0.2148337595907928
Polarizability,MFGP,57,29.36,0.2148337595907928
Polarizability,MFGP,57,29.53,0.2148337595907928
Polarizability,MFGP,57,29.69,0.2148337595907928
Polarizability,MFGP,57,29.86,0.2148337595907928
Polarizability,MFGP,58,3.34,0.6115728900255755
Polarizability,MFGP,58,3.5,0.6115728900255755
Polarizability,MFGP,58,3.67,0.6115728900255755
Polarizability,MFGP,58,3.84,0.6115728900255755
Polarizability,MFGP,58,4.0,0.6115728900255755
Polarizability,MFGP,58,4.17,0.6115728900255755
Polarizability,MFGP,58,5.17,0.2464833759590793
Polarizability,MFGP,58,5.34,0.2464833759590793
Polarizability,MFGP,58,5.5,0.2464833759590793
Polarizability,MFGP,58,5.67,0.2464833759590793
Polarizability,MFGP,58,5.84,0.2464833759590793
Polarizability,MFGP,58,6.01,0.2464833759590793
Polarizability,MFGP,58,7.01,0.2464833759590793
Polarizability,MFGP,58,7.17,0.2464833759590793
Polarizability,MFGP,58,7.34,0.2464833759590793
Polarizability,MFGP,58,7.51,0.2464833759590793
Polarizability,MFGP,58,7.67,0.2464833759590793
Polarizability,MFGP,58,7.84,0.2464833759590793
Polarizability,MFGP,58,8.84,0.2464833759590793
Polarizability,MFGP,58,9.01,0.2464833759590793
Polarizability,MFGP,58,9.17,0.2464833759590793
Polarizability,MFGP,58,9.34,0.2464833759590793
Polarizability,MFGP,58,9.51,0.2464833759590793
Polarizability,MFGP,58,9.68,0.2464833759590793
Polarizability,MFGP,58,10.68,0.2464833759590793
Polarizability,MFGP,58,10.84,0.2464833759590793
Polarizability,MFGP,58,11.01,0.2464833759590793
Polarizability,MFGP,58,11.18,0.2464833759590793
Polarizability,MFGP,58,11.34,0.2464833759590793
Polarizability,MFGP,58,11.51,0.2464833759590793
Polarizability,MFGP,58,12.51,0.2464833759590793
Polarizability,MFGP,58,12.68,0.2464833759590793
Polarizability,MFGP,58,12.84,0.2464833759590793
Polarizability,MFGP,58,13.01,0.2464833759590793
Polarizability,MFGP,58,13.18,0.2464833759590793
Polarizability,MFGP,58,13.35,0.2464833759590793
Polarizability,MFGP,58,14.35,0.2464833759590793
Polarizability,MFGP,58,14.51,0.2464833759590793
Polarizability,MFGP,58,14.68,0.2464833759590793
Polarizability,MFGP,58,14.85,0.2464833759590793
Polarizability,MFGP,58,15.01,0.2464833759590793
Polarizability,MFGP,58,15.18,0.2464833759590793
Polarizability,MFGP,58,16.18,0.2464833759590793
Polarizability,MFGP,58,16.35,0.2464833759590793
Polarizability,MFGP,58,16.51,0.2464833759590793
Polarizability,MFGP,58,16.68,0.2464833759590793
Polarizability,MFGP,58,16.85,0.2464833759590793
Polarizability,MFGP,58,17.02,0.2464833759590793
Polarizability,MFGP,58,18.02,0.2464833759590793
Polarizability,MFGP,58,18.18,0.2464833759590793
Polarizability,MFGP,58,18.35,0.2464833759590793
Polarizability,MFGP,58,18.52,0.2464833759590793
Polarizability,MFGP,58,18.68,0.2464833759590793
Polarizability,MFGP,58,18.85,0.2464833759590793
Polarizability,MFGP,58,19.85,0.2464833759590793
Polarizability,MFGP,58,20.02,0.2464833759590793
Polarizability,MFGP,58,20.19,0.2464833759590793
Polarizability,MFGP,58,20.35,0.2464833759590793
Polarizability,MFGP,58,20.52,0.2464833759590793
Polarizability,MFGP,58,20.69,0.2464833759590793
Polarizability,MFGP,58,21.69,0.2464833759590793
Polarizability,MFGP,58,21.85,0.2464833759590793
Polarizability,MFGP,58,22.02,0.2464833759590793
Polarizability,MFGP,58,22.19,0.2464833759590793
Polarizability,MFGP,58,22.35,0.2464833759590793
Polarizability,MFGP,58,22.52,0.2464833759590793
Polarizability,MFGP,58,23.52,0.2464833759590793
Polarizability,MFGP,58,23.69,0.2464833759590793
Polarizability,MFGP,58,23.86,0.2464833759590793
Polarizability,MFGP,58,24.02,0.2464833759590793
Polarizability,MFGP,58,24.19,0.2464833759590793
Polarizability,MFGP,58,24.36,0.2464833759590793
Polarizability,MFGP,58,25.36,0.2464833759590793
Polarizability,MFGP,58,25.52,0.2464833759590793
Polarizability,MFGP,58,25.69,0.2464833759590793
Polarizability,MFGP,58,25.86,0.2464833759590793
Polarizability,MFGP,58,26.02,0.2464833759590793
Polarizability,MFGP,58,26.19,0.2464833759590793
Polarizability,MFGP,58,27.19,0.2464833759590793
Polarizability,MFGP,58,27.36,0.2464833759590793
Polarizability,MFGP,58,27.53,0.2464833759590793
Polarizability,MFGP,58,27.69,0.2464833759590793
Polarizability,MFGP,58,27.86,0.2464833759590793
Polarizability,MFGP,58,28.03,0.2464833759590793
Polarizability,MFGP,58,29.03,0.2464833759590793
Polarizability,MFGP,58,29.19,0.2464833759590793
Polarizability,MFGP,58,29.36,0.2464833759590793
Polarizability,MFGP,58,29.53,0.2464833759590793
Polarizability,MFGP,58,29.69,0.2464833759590793
Polarizability,MFGP,58,29.86,0.2464833759590793
Polarizability,MFGP,59,3.34,0.5242966751918159
Polarizability,MFGP,59,3.5,0.5242966751918159
Polarizability,MFGP,59,3.67,0.5242966751918159
Polarizability,MFGP,59,3.84,0.5242966751918159
Polarizability,MFGP,59,4.0,0.5242966751918159
Polarizability,MFGP,59,4.17,0.5242966751918159
Polarizability,MFGP,59,5.17,0.2464833759590793
Polarizability,MFGP,59,5.34,0.2464833759590793
Polarizability,MFGP,59,5.5,0.2464833759590793
Polarizability,MFGP,59,5.67,0.2464833759590793
Polarizability,MFGP,59,5.84,0.2464833759590793
Polarizability,MFGP,59,6.01,0.2464833759590793
Polarizability,MFGP,59,7.01,0.2464833759590793
Polarizability,MFGP,59,7.17,0.2464833759590793
Polarizability,MFGP,59,7.34,0.2464833759590793
Polarizability,MFGP,59,7.51,0.2464833759590793
Polarizability,MFGP,59,7.67,0.2464833759590793
Polarizability,MFGP,59,7.84,0.2464833759590793
Polarizability,MFGP,59,8.84,0.2464833759590793
Polarizability,MFGP,59,9.01,0.2464833759590793
Polarizability,MFGP,59,9.17,0.2464833759590793
Polarizability,MFGP,59,9.34,0.2464833759590793
Polarizability,MFGP,59,9.51,0.2464833759590793
Polarizability,MFGP,59,9.68,0.2464833759590793
Polarizability,MFGP,59,10.68,0.2464833759590793
Polarizability,MFGP,59,10.84,0.2464833759590793
Polarizability,MFGP,59,11.01,0.2464833759590793
Polarizability,MFGP,59,11.18,0.2464833759590793
Polarizability,MFGP,59,11.34,0.2464833759590793
Polarizability,MFGP,59,11.51,0.2464833759590793
Polarizability,MFGP,59,12.51,0.2464833759590793
Polarizability,MFGP,59,12.68,0.2464833759590793
Polarizability,MFGP,59,12.84,0.2464833759590793
Polarizability,MFGP,59,13.01,0.2464833759590793
Polarizability,MFGP,59,13.18,0.2464833759590793
Polarizability,MFGP,59,13.35,0.2464833759590793
Polarizability,MFGP,59,14.35,0.2464833759590793
Polarizability,MFGP,59,14.51,0.2464833759590793
Polarizability,MFGP,59,14.68,0.2464833759590793
Polarizability,MFGP,59,14.85,0.2464833759590793
Polarizability,MFGP,59,15.01,0.2464833759590793
Polarizability,MFGP,59,15.18,0.2464833759590793
Polarizability,MFGP,59,16.18,0.2464833759590793
Polarizability,MFGP,59,16.35,0.2464833759590793
Polarizability,MFGP,59,16.51,0.2464833759590793
Polarizability,MFGP,59,16.68,0.2464833759590793
Polarizability,MFGP,59,16.85,0.2464833759590793
Polarizability,MFGP,59,17.02,0.2464833759590793
Polarizability,MFGP,59,18.02,0.2464833759590793
Polarizability,MFGP,59,18.18,0.2464833759590793
Polarizability,MFGP,59,18.35,0.2464833759590793
Polarizability,MFGP,59,18.52,0.2464833759590793
Polarizability,MFGP,59,18.68,0.2464833759590793
Polarizability,MFGP,59,18.85,0.2464833759590793
Polarizability,MFGP,59,19.85,0.2464833759590793
Polarizability,MFGP,59,20.02,0.2464833759590793
Polarizability,MFGP,59,20.19,0.2464833759590793
Polarizability,MFGP,59,20.35,0.2464833759590793
Polarizability,MFGP,59,20.52,0.2464833759590793
Polarizability,MFGP,59,20.69,0.2464833759590793
Polarizability,MFGP,59,21.69,0.2320971867007673
Polarizability,MFGP,59,21.85,0.2320971867007673
Polarizability,MFGP,59,22.02,0.2320971867007673
Polarizability,MFGP,59,22.19,0.2320971867007673
Polarizability,MFGP,59,22.35,0.2320971867007673
Polarizability,MFGP,59,22.52,0.2320971867007673
Polarizability,MFGP,59,23.52,0.2320971867007673
Polarizability,MFGP,59,23.69,0.2320971867007673
Polarizability,MFGP,59,23.86,0.2320971867007673
Polarizability,MFGP,59,24.02,0.2320971867007673
Polarizability,MFGP,59,24.19,0.2320971867007673
Polarizability,MFGP,59,24.36,0.2320971867007673
Polarizability,MFGP,59,25.36,0.2320971867007673
Polarizability,MFGP,59,25.52,0.2320971867007673
Polarizability,MFGP,59,25.69,0.2320971867007673
Polarizability,MFGP,59,25.86,0.2320971867007673
Polarizability,MFGP,59,26.02,0.2320971867007673
Polarizability,MFGP,59,26.19,0.2320971867007673
Polarizability,MFGP,59,27.19,0.2320971867007673
Polarizability,MFGP,59,27.36,0.2320971867007673
Polarizability,MFGP,59,27.53,0.2320971867007673
Polarizability,MFGP,59,27.69,0.2320971867007673
Polarizability,MFGP,59,27.86,0.2320971867007673
Polarizability,MFGP,59,28.03,0.2320971867007673
Polarizability,MFGP,59,29.03,0.2320971867007673
Polarizability,MFGP,59,29.19,0.2320971867007673
Polarizability,MFGP,59,29.36,0.2320971867007673
Polarizability,MFGP,59,29.53,0.2320971867007673
Polarizability,MFGP,59,29.69,0.2320971867007673
Polarizability,MFGP,59,29.86,0.2320971867007673
Polarizability,MFGP,60,3.34,0.1275575447570333
Polarizability,MFGP,60,3.5,0.1275575447570333
Polarizability,MFGP,60,3.67,0.1275575447570333
Polarizability,MFGP,60,3.84,0.1275575447570333
Polarizability,MFGP,60,4.0,0.1275575447570333
Polarizability,MFGP,60,4.17,0.1275575447570333
Polarizability,MFGP,60,5.17,0.1275575447570333
Polarizability,MFGP,60,5.34,0.1275575447570333
Polarizability,MFGP,60,5.5,0.1275575447570333
Polarizability,MFGP,60,5.67,0.1275575447570333
Polarizability,MFGP,60,5.84,0.1275575447570333
Polarizability,MFGP,60,6.01,0.1275575447570333
Polarizability,MFGP,60,7.01,0.1275575447570333
Polarizability,MFGP,60,7.17,0.1275575447570333
Polarizability,MFGP,60,7.34,0.1275575447570333
Polarizability,MFGP,60,7.51,0.1275575447570333
Polarizability,MFGP,60,7.67,0.1275575447570333
Polarizability,MFGP,60,7.84,0.1275575447570333
Polarizability,MFGP,60,8.84,0.1275575447570333
Polarizability,MFGP,60,9.01,0.1275575447570333
Polarizability,MFGP,60,9.17,0.1275575447570333
Polarizability,MFGP,60,9.34,0.1275575447570333
Polarizability,MFGP,60,9.51,0.1275575447570333
Polarizability,MFGP,60,9.68,0.1275575447570333
Polarizability,MFGP,60,10.68,0.1275575447570333
Polarizability,MFGP,60,10.84,0.1275575447570333
Polarizability,MFGP,60,11.01,0.1275575447570333
Polarizability,MFGP,60,11.18,0.1275575447570333
Polarizability,MFGP,60,11.34,0.1275575447570333
Polarizability,MFGP,60,11.51,0.1275575447570333
Polarizability,MFGP,60,12.51,0.1275575447570333
Polarizability,MFGP,60,12.68,0.1275575447570333
Polarizability,MFGP,60,12.84,0.1275575447570333
Polarizability,MFGP,60,13.01,0.1275575447570333
Polarizability,MFGP,60,13.18,0.1275575447570333
Polarizability,MFGP,60,13.35,0.1275575447570333
Polarizability,MFGP,60,14.35,0.1275575447570333
Polarizability,MFGP,60,14.51,0.1275575447570333
Polarizability,MFGP,60,14.68,0.1275575447570333
Polarizability,MFGP,60,14.85,0.1275575447570333
Polarizability,MFGP,60,15.01,0.1275575447570333
Polarizability,MFGP,60,15.18,0.1275575447570333
Polarizability,MFGP,60,16.18,0.1275575447570333
Polarizability,MFGP,60,16.35,0.1275575447570333
Polarizability,MFGP,60,16.51,0.1275575447570333
Polarizability,MFGP,60,16.68,0.1275575447570333
Polarizability,MFGP,60,16.85,0.1275575447570333
Polarizability,MFGP,60,17.02,0.1275575447570333
Polarizability,MFGP,60,18.02,0.1275575447570333
Polarizability,MFGP,60,18.18,0.1275575447570333
Polarizability,MFGP,60,18.35,0.1275575447570333
Polarizability,MFGP,60,18.52,0.1275575447570333
Polarizability,MFGP,60,18.68,0.1275575447570333
Polarizability,MFGP,60,18.85,0.1275575447570333
Polarizability,MFGP,60,19.85,0.1275575447570333
Polarizability,MFGP,60,20.02,0.1275575447570333
Polarizability,MFGP,60,20.19,0.1275575447570333
Polarizability,MFGP,60,20.35,0.1275575447570333
Polarizability,MFGP,60,20.52,0.1275575447570333
Polarizability,MFGP,60,20.69,0.1275575447570333
Polarizability,MFGP,60,21.69,0.1275575447570333
Polarizability,MFGP,60,21.85,0.1275575447570333
Polarizability,MFGP,60,22.02,0.1275575447570333
Polarizability,MFGP,60,22.19,0.1275575447570333
Polarizability,MFGP,60,22.35,0.1275575447570333
Polarizability,MFGP,60,22.52,0.1275575447570333
Polarizability,MFGP,60,23.52,0.1275575447570333
Polarizability,MFGP,60,23.69,0.1275575447570333
Polarizability,MFGP,60,23.86,0.1275575447570333
Polarizability,MFGP,60,24.02,0.1275575447570333
Polarizability,MFGP,60,24.19,0.1275575447570333
Polarizability,MFGP,60,24.36,0.1275575447570333
Polarizability,MFGP,60,25.36,0.1275575447570333
Polarizability,MFGP,60,25.52,0.1275575447570333
Polarizability,MFGP,60,25.69,0.1275575447570333
Polarizability,MFGP,60,25.86,0.1275575447570333
Polarizability,MFGP,60,26.02,0.1275575447570333
Polarizability,MFGP,60,26.19,0.1275575447570333
Polarizability,MFGP,60,27.19,0.1275575447570333
Polarizability,MFGP,60,27.36,0.1275575447570333
Polarizability,MFGP,60,27.53,0.1275575447570333
Polarizability,MFGP,60,27.69,0.1275575447570333
Polarizability,MFGP,60,27.86,0.1275575447570333
Polarizability,MFGP,60,28.03,0.1275575447570333
Polarizability,MFGP,60,29.03,0.1275575447570333
Polarizability,MFGP,60,29.19,0.1275575447570333
Polarizability,MFGP,60,29.36,0.1275575447570333
Polarizability,MFGP,60,29.53,0.1275575447570333
Polarizability,MFGP,60,29.69,0.1275575447570333
Polarizability,MFGP,60,29.86,0.1275575447570333
Polarizability,MFGP,61,3.34,0.5242966751918159
Polarizability,MFGP,61,3.5,0.5242966751918159
Polarizability,MFGP,61,3.67,0.5242966751918159
Polarizability,MFGP,61,3.84,0.5242966751918159
Polarizability,MFGP,61,4.0,0.5242966751918159
Polarizability,MFGP,61,4.17,0.5242966751918159
Polarizability,MFGP,61,5.17,0.2464833759590793
Polarizability,MFGP,61,5.34,0.2464833759590793
Polarizability,MFGP,61,5.5,0.2464833759590793
Polarizability,MFGP,61,5.67,0.2464833759590793
Polarizability,MFGP,61,5.84,0.2464833759590793
Polarizability,MFGP,61,6.01,0.2464833759590793
Polarizability,MFGP,61,7.01,0.2464833759590793
Polarizability,MFGP,61,7.17,0.2464833759590793
Polarizability,MFGP,61,7.34,0.2464833759590793
Polarizability,MFGP,61,7.51,0.2464833759590793
Polarizability,MFGP,61,7.67,0.2464833759590793
Polarizability,MFGP,61,7.84,0.2464833759590793
Polarizability,MFGP,61,8.84,0.2464833759590793
Polarizability,MFGP,61,9.01,0.2464833759590793
Polarizability,MFGP,61,9.17,0.2464833759590793
Polarizability,MFGP,61,9.34,0.2464833759590793
Polarizability,MFGP,61,9.51,0.2464833759590793
Polarizability,MFGP,61,9.68,0.2464833759590793
Polarizability,MFGP,61,10.68,0.2464833759590793
Polarizability,MFGP,61,10.84,0.2464833759590793
Polarizability,MFGP,61,11.01,0.2464833759590793
Polarizability,MFGP,61,11.18,0.2464833759590793
Polarizability,MFGP,61,11.34,0.2464833759590793
Polarizability,MFGP,61,11.51,0.2464833759590793
Polarizability,MFGP,61,12.51,0.2464833759590793
Polarizability,MFGP,61,12.68,0.2464833759590793
Polarizability,MFGP,61,12.84,0.2464833759590793
Polarizability,MFGP,61,13.01,0.2464833759590793
Polarizability,MFGP,61,13.18,0.2464833759590793
Polarizability,MFGP,61,13.35,0.2464833759590793
Polarizability,MFGP,61,14.35,0.2464833759590793
Polarizability,MFGP,61,14.51,0.2464833759590793
Polarizability,MFGP,61,14.68,0.2464833759590793
Polarizability,MFGP,61,14.85,0.2464833759590793
Polarizability,MFGP,61,15.01,0.2464833759590793
Polarizability,MFGP,61,15.18,0.2464833759590793
Polarizability,MFGP,61,16.18,0.2464833759590793
Polarizability,MFGP,61,16.35,0.2464833759590793
Polarizability,MFGP,61,16.51,0.2464833759590793
Polarizability,MFGP,61,16.68,0.2464833759590793
Polarizability,MFGP,61,16.85,0.2464833759590793
Polarizability,MFGP,61,17.02,0.2464833759590793
Polarizability,MFGP,61,18.02,0.2464833759590793
Polarizability,MFGP,61,18.18,0.2464833759590793
Polarizability,MFGP,61,18.35,0.2464833759590793
Polarizability,MFGP,61,18.52,0.2464833759590793
Polarizability,MFGP,61,18.68,0.2464833759590793
Polarizability,MFGP,61,18.85,0.2464833759590793
Polarizability,MFGP,61,19.85,0.2464833759590793
Polarizability,MFGP,61,20.02,0.2464833759590793
Polarizability,MFGP,61,20.19,0.2464833759590793
Polarizability,MFGP,61,20.35,0.2464833759590793
Polarizability,MFGP,61,20.52,0.2464833759590793
Polarizability,MFGP,61,20.69,0.2464833759590793
Polarizability,MFGP,61,21.69,0.2464833759590793
Polarizability,MFGP,61,21.85,0.2464833759590793
Polarizability,MFGP,61,22.02,0.2464833759590793
Polarizability,MFGP,61,22.19,0.2464833759590793
Polarizability,MFGP,61,22.35,0.2464833759590793
Polarizability,MFGP,61,22.52,0.2464833759590793
Polarizability,MFGP,61,23.52,0.2464833759590793
Polarizability,MFGP,61,23.69,0.2464833759590793
Polarizability,MFGP,61,23.86,0.2464833759590793
Polarizability,MFGP,61,24.02,0.2464833759590793
Polarizability,MFGP,61,24.19,0.2464833759590793
Polarizability,MFGP,61,24.36,0.2464833759590793
Polarizability,MFGP,61,25.36,0.2464833759590793
Polarizability,MFGP,61,25.52,0.2464833759590793
Polarizability,MFGP,61,25.69,0.2464833759590793
Polarizability,MFGP,61,25.86,0.2464833759590793
Polarizability,MFGP,61,26.02,0.2464833759590793
Polarizability,MFGP,61,26.19,0.2464833759590793
Polarizability,MFGP,61,27.19,0.2464833759590793
Polarizability,MFGP,61,27.36,0.2464833759590793
Polarizability,MFGP,61,27.53,0.2464833759590793
Polarizability,MFGP,61,27.69,0.2464833759590793
Polarizability,MFGP,61,27.86,0.2464833759590793
Polarizability,MFGP,61,28.03,0.2464833759590793
Polarizability,MFGP,61,29.03,0.2464833759590793
Polarizability,MFGP,61,29.19,0.2464833759590793
Polarizability,MFGP,61,29.36,0.2464833759590793
Polarizability,MFGP,61,29.53,0.2464833759590793
Polarizability,MFGP,61,29.69,0.2464833759590793
Polarizability,MFGP,61,29.86,0.2464833759590793
