benchmark,model,seed,final_regret,n_hf,n_lf,best_y,elapsed_sec,n_exceptions
Branin-Fav,Adapter,42,0.0972357826887994,24,259,0.4951227826887994,322.967,0
Branin-Fav,Adapter,43,0.3876112505994599,24,259,0.7854982505994599,318.569,0
Branin-Fav,Adapter,44,1.518304433565862,24,259,1.9161914335658616,325.751,0
Branin-Fav,Adapter,45,0.103397520424047,24,259,0.501284520424047,323.809,0
Branin-Fav,Adapter,46,0.0748038021785529,24,259,0.4726908021785529,303.253,0
Branin-Fav,Adapter,47,0.0066056977871608,24,259,0.4044926977871608,303.491,0
Branin-Fav,Adapter,48,1.2712552403386868,24,259,1.6691422403386866,316.33,0
Branin-Fav,Adapter,49,0.0066056977871608,24,259,0.4044926977871608,315.894,0
Branin-Fav,Adapter,50,0.103397520424047,24,259,0.501284520424047,313.229,0
Branin-Fav,Adapter,51,0.0972357826887994,24,259,0.4951227826887994,316.58,0
Branin-Fav,Adapter,52,1.8107413453279493,24,259,2.2086283453279494,302.453,0
Branin-Fav,Adapter,53,0.9873388055472008,24,259,1.3852258055472009,308.246,0
Branin-Fav,Adapter,54,0.5013145474907049,24,259,0.8992015474907049,309.981,0
Branin-Fav,Adapter,55,1.5212575073351404,24,259,1.9191445073351403,309.678,0
Branin-Fav,Adapter,56,0.3876112505994599,24,259,0.7854982505994599,308.945,0
Branin-Fav,Adapter,57,0.0066056977871608,24,259,0.4044926977871608,322.388,0
Branin-Fav,Adapter,58,0.5013145474907049,24,259,0.8992015474907049,315.447,0
Branin-Fav,Adapter,59,2.542943994350209,24,259,2.9408309943502084,308.448,0
Branin-Fav,Adapter,60,0.3876112505994599,24,259,0.7854982505994599,291.236,0
Branin-Fav,Adapter,61,2.8438116942227607,24,259,3.2416986942227606,318.812,0
Branin-Fav,Curriculum,42,0.467988848429873,24,259,0.865875848429873,337.972,0
Branin-Fav,Curriculum,43,1.518304433565862,24,259,1.9161914335658616,332.426,0
Branin-Fav,Curriculum,44,0.3876112505994599,24,259,0.7854982505994599,339.584,0
Branin-Fav,Curriculum,45,0.103397520424047,24,259,0.501284520424047,343.368,0
Branin-Fav,Curriculum,46,0.0066056977871608,24,259,0.4044926977871608,336.234,0
Branin-Fav,Curriculum,47,0.5013145474907049,24,259,0.8992015474907049,339.311,0
Branin-Fav,Curriculum,48,0.3474885137832534,24,259,0.7453755137832534,348.597,0
Branin-Fav,Curriculum,49,0.3876112505994599,24,259,0.7854982505994599,341.18,0
Branin-Fav,Curriculum,50,0.0066056977871608,24,259,0.4044926977871608,346.163,0
Branin-Fav,Curriculum,51,1.3001905858842262,24,259,1.698077585884226,344.083,0
Branin-Fav,Curriculum,52,0.0066056977871608,24,259,0.4044926977871608,354.539,0
Branin-Fav,Curriculum,53,0.9873388055472008,24,259,1.3852258055472009,347.117,0
Branin-Fav,Curriculum,54,0.8895739477111658,24,259,1.2874609477111658,344.259,0
Branin-Fav,Curriculum,55,0.3876112505994599,24,259,0.7854982505994599,357.246,0
Branin-Fav,Curriculum,56,0.8407616751076529,24,259,1.2386486751076529,344.171,0
Branin-Fav,Curriculum,57,0.103397520424047,24,259,0.501284520424047,348.402,0
Branin-Fav,Curriculum,58,0.3876112505994599,24,259,0.7854982505994599,344.937,0
Branin-Fav,Curriculum,59,0.0066056977871608,24,259,0.4044926977871608,327.945,0
Branin-Fav,Curriculum,60,0.103397520424047,24,259,0.501284520424047,335.624,0
Branin-Fav,Curriculum,61,0.0066056977871608,24,259,0.4044926977871608,366.477,0
Branin-Fav,DNGO-Gradient,42,1.518304433565862,24,259,1.9161914335658616,441.365,0
Branin-Fav,DNGO-Gradient,43,0.8592468883133976,24,259,1.2571338883133976,446.282,0
Branin-Fav,DNGO-Gradient,44,0.7759110906150174,24,259,1.1737980906150174,432.787,0
Branin-Fav,DNGO-Gradient,45,3.4328946864529035,24,259,3.830781686452904,437.937,0
Branin-Fav,DNGO-Gradient,46,0.0972357826887994,24,259,0.4951227826887994,445.095,0
Branin-Fav,DNGO-Gradient,47,0.467988848429873,24,259,0.865875848429873,433.861,0
Branin-Fav,DNGO-Gradient,48,1.518304433565862,24,259,1.9161914335658616,434.744,0
Branin-Fav,DNGO-Gradient,49,0.3876112505994599,24,259,0.7854982505994599,435.685,0
Branin-Fav,DNGO-Gradient,50,0.3474885137832534,24,259,0.7453755137832534,435.487,0
Branin-Fav,DNGO-Gradient,51,1.6066855479760065,24,259,2.0045725479760064,444.127,0
Branin-Fav,DNGO-Gradient,52,0.9873388055472008,24,259,1.3852258055472009,435.748,0
Branin-Fav,DNGO-Gradient,53,0.8592468883133976,24,259,1.2571338883133976,436.798,0
Branin-Fav,DNGO-Gradient,54,0.103397520424047,24,259,0.501284520424047,445.76,0
Branin-Fav,DNGO-Gradient,55,0.3876112505994599,24,259,0.7854982505994599,423.337,0
Branin-Fav,DNGO-Gradient,56,0.0066056977871608,24,259,0.4044926977871608,430.559,0
Branin-Fav,DNGO-Gradient,57,0.0066056977871608,24,259,0.4044926977871608,468.711,0
Branin-Fav,DNGO-Gradient,58,0.3876112505994599,24,259,0.7854982505994599,477.569,0
Branin-Fav,DNGO-Gradient,59,0.103397520424047,24,259,0.501284520424047,450.041,0
Branin-Fav,DNGO-Gradient,60,0.621405597681515,24,259,1.019292597681515,437.938,0
Branin-Fav,DNGO-Gradient,61,0.3474885137832534,24,259,0.7453755137832534,428.083,0
Branin-Fav,DNGO-Joint,42,1.6780339780830111,24,259,2.075920978083011,393.335,0
Branin-Fav,DNGO-Joint,43,0.0972357826887994,24,259,0.4951227826887994,386.95,0
Branin-Fav,DNGO-Joint,44,0.103397520424047,24,259,0.501284520424047,402.487,0
Branin-Fav,DNGO-Joint,45,0.0066056977871608,24,259,0.4044926977871608,390.559,0
Branin-Fav,DNGO-Joint,46,0.0066056977871608,24,259,0.4044926977871608,394.328,0
Branin-Fav,DNGO-Joint,47,0.7759110906150174,24,259,1.1737980906150174,391.375,0
Branin-Fav,DNGO-Joint,48,0.103397520424047,24,259,0.501284520424047,383.893,0
Branin-Fav,DNGO-Joint,49,0.3876112505994599,24,259,0.7854982505994599,389.355,0
Branin-Fav,DNGO-Joint,50,0.3474885137832534,24,259,0.7453755137832534,405.312,0
Branin-Fav,DNGO-Joint,51,0.8592468883133976,24,259,1.2571338883133976,392.974,0
Branin-Fav,DNGO-Joint,52,0.3474885137832534,24,259,0.7453755137832534,405.132,0
Branin-Fav,DNGO-Joint,53,3.620883889662714,24,259,4.018770889662713,396.871,0
Branin-Fav,DNGO-Joint,54,3.4328946864529035,24,259,3.830781686452904,395.9,0
Branin-Fav,DNGO-Joint,55,0.3876112505994599,24,259,0.7854982505994599,386.653,0
Branin-Fav,DNGO-Joint,56,0.0066056977871608,24,259,0.4044926977871608,384.246,0
Branin-Fav,DNGO-Joint,57,0.103397520424047,24,259,0.501284520424047,374.842,0
Branin-Fav,DNGO-Joint,58,0.0066056977871608,24,259,0.4044926977871608,386.51,0
Branin-Fav,DNGO-Joint,59,0.4957385635524581,24,259,0.8936255635524581,421.33,0
Branin-Fav,DNGO-Joint,60,4.631089829751016,24,259,5.028976829751016,413.009,0
Branin-Fav,DNGO-Joint,61,0.3474885137832534,24,259,0.7453755137832534,416.706,0
Branin-Fav,Domain Adaptation (MMD),42,0.467988848429873,24,259,0.865875848429873,515.802,0
Branin-Fav,Domain Adaptation (MMD),43,0.103397520424047,24,259,0.501284520424047,510.875,0
Branin-Fav,Domain Adaptation (MMD),44,0.3474885137832534,24,259,0.7453755137832534,509.428,0
Branin-Fav,Domain Adaptation (MMD),45,0.3474885137832534,24,259,0.7453755137832534,518.312,0
Branin-Fav,Domain Adaptation (MMD),46,0.103397520424047,24,259,0.501284520424047,559.956,0
Branin-Fav,Domain Adaptation (MMD),47,0.103397520424047,24,259,0.501284520424047,555.924,0
Branin-Fav,Domain Adaptation (MMD),48,0.467988848429873,24,259,0.865875848429873,522.174,0
Branin-Fav,Domain Adaptation (MMD),49,0.3876112505994599,24,259,0.7854982505994599,524.56,0
Branin-Fav,Domain Adaptation (MMD),50,0.0066056977871608,24,259,0.4044926977871608,541.518,0
Branin-Fav,Domain Adaptation (MMD),51,0.467988848429873,24,259,0.865875848429873,534.52,0
Branin-Fav,Domain Adaptation (MMD),52,0.0066056977871608,24,259,0.4044926977871608,514.9,0
Branin-Fav,Domain Adaptation (MMD),53,0.3474885137832534,24,259,0.7453755137832534,523.401,0
Branin-Fav,Domain Adaptation (MMD),54,0.0066056977871608,24,259,0.4044926977871608,530.7,0
Branin-Fav,Domain Adaptation (MMD),55,0.3876112505994599,24,259,0.7854982505994599,528.038,0
Branin-Fav,Domain Adaptation (MMD),56,0.3474885137832534,24,259,0.7453755137832534,511.296,0
Branin-Fav,Domain Adaptation (MMD),57,0.3474885137832534,24,259,0.7453755137832534,534.326,0
Branin-Fav,Domain Adaptation (MMD),58,0.103397520424047,24,259,0.501284520424047,545.265,0
Branin-Fav,Domain Adaptation (MMD),59,0.0066056977871608,24,259,0.4044926977871608,547.256,0
Branin-Fav,Domain Adaptation (MMD),60,0.0066056977871608,24,259,0.4044926977871608,502.034,0
Branin-Fav,Domain Adaptation (MMD),61,0.0972357826887994,24,259,0.4951227826887994,547.284,0
Branin-Fav,Knowledge Distillation,42,0.467988848429873,24,259,0.865875848429873,298.915,0
Branin-Fav,Knowledge Distillation,43,0.5684849291449144,24,259,0.9663719291449144,302.661,0
Branin-Fav,Knowledge Distillation,44,0.103397520424047,24,259,0.501284520424047,296.401,0
Branin-Fav,Knowledge Distillation,45,0.3876112505994599,24,259,0.7854982505994599,300.592,0
Branin-Fav,Knowledge Distillation,46,0.103397520424047,24,259,0.501284520424047,295.504,0
Branin-Fav,Knowledge Distillation,47,0.0066056977871608,24,259,0.4044926977871608,299.609,0
Branin-Fav,Knowledge Distillation,48,0.3876112505994599,24,259,0.7854982505994599,291.021,0
Branin-Fav,Knowledge Distillation,49,0.191560229096244,24,259,0.589447229096244,296.535,0
Branin-Fav,Knowledge Distillation,50,0.0066056977871608,24,259,0.4044926977871608,294.627,0
Branin-Fav,Knowledge Distillation,51,0.467988848429873,24,259,0.865875848429873,297.056,0
Branin-Fav,Knowledge Distillation,52,0.0066056977871608,24,259,0.4044926977871608,311.771,0
Branin-Fav,Knowledge Distillation,53,0.191560229096244,24,259,0.589447229096244,297.58,0
Branin-Fav,Knowledge Distillation,54,0.0066056977871608,24,259,0.4044926977871608,293.58,0
Branin-Fav,Knowledge Distillation,55,0.3876112505994599,24,259,0.7854982505994599,297.685,0
Branin-Fav,Knowledge Distillation,56,1.109003323700228,24,259,1.5068903237002278,288.497,0
Branin-Fav,Knowledge Distillation,57,0.0066056977871608,24,259,0.4044926977871608,288.381,0
Branin-Fav,Knowledge Distillation,58,0.3876112505994599,24,259,0.7854982505994599,293.177,0
Branin-Fav,Knowledge Distillation,59,0.0066056977871608,24,259,0.4044926977871608,292.941,0
Branin-Fav,Knowledge Distillation,60,0.103397520424047,24,259,0.501284520424047,296.335,0
Branin-Fav,Knowledge Distillation,61,0.3752877751289628,24,259,0.7731747751289628,293.888,0
Branin-Fav,MFGP,42,0.0090199620446708,24,259,0.4069069620446708,894.149,0
Branin-Fav,MFGP,43,0.0090199620446708,24,259,0.4069069620446708,760.285,0
Branin-Fav,MFGP,44,0.0090199620446708,24,259,0.4069069620446708,576.751,0
Branin-Fav,MFGP,45,0.0090199620446708,24,259,0.4069069620446708,759.686,0
Branin-Fav,MFGP,46,0.1454692827993885,24,259,0.5433562827993885,673.732,0
Branin-Fav,MFGP,47,0.0066056977871608,24,259,0.4044926977871608,1050.487,0
Branin-Fav,MFGP,48,0.0066056977871608,24,259,0.4044926977871608,619.456,0
Branin-Fav,MFGP,49,0.2831528012458929,24,259,0.6810398012458929,700.679,0
Branin-Fav,MFGP,50,0.0066056977871608,24,259,0.4044926977871608,1061.44,0
Branin-Fav,MFGP,51,0.0066056977871608,24,259,0.4044926977871608,1070.628,0
Branin-Fav,MFGP,52,0.0748038021785529,24,259,0.4726908021785529,913.768,0
Branin-Fav,MFGP,53,0.0090199620446708,24,259,0.4069069620446708,900.165,0
Branin-Fav,MFGP,54,0.0748038021785529,24,259,0.4726908021785529,1060.16,0
Branin-Fav,MFGP,55,0.0066056977871608,24,259,0.4044926977871608,1070.403,0
Branin-Fav,MFGP,56,0.0090199620446708,24,259,0.4069069620446708,1011.269,0
Branin-Fav,MFGP,57,0.0090199620446708,24,259,0.4069069620446708,806.972,0
Branin-Fav,MFGP,58,0.0748038021785529,24,259,0.4726908021785529,891.945,0
Branin-Fav,MFGP,59,0.0090199620446708,24,259,0.4069069620446708,874.719,0
Branin-Fav,MFGP,60,0.0748038021785529,24,259,0.4726908021785529,1143.427,0
Branin-Fav,MFGP,61,0.0090199620446708,24,259,0.4069069620446708,905.235,0
Branin-Fav,Progressive,42,1.493657482624868,24,259,1.891544482624868,234.167,0
Branin-Fav,Progressive,43,5.439013358092941,24,259,5.836900358092941,236.462,0
Branin-Fav,Progressive,44,0.3474885137832534,24,259,0.7453755137832534,234.946,0
Branin-Fav,Progressive,45,0.3474885137832534,24,259,0.7453755137832534,240.533,0
Branin-Fav,Progressive,46,2.5328050121522603,24,259,2.93069201215226,233.467,0
Branin-Fav,Progressive,47,3.084633785205876,24,259,3.4825207852058755,241.089,0
Branin-Fav,Progressive,48,1.493657482624868,24,259,1.891544482624868,235.241,0
Branin-Fav,Progressive,49,1.2712552403386868,24,259,1.6691422403386866,235.286,0
Branin-Fav,Progressive,50,0.103397520424047,24,259,0.501284520424047,233.894,0
Branin-Fav,Progressive,51,0.3474885137832534,24,259,0.7453755137832534,237.703,0
Branin-Fav,Progressive,52,0.5631459648879485,24,259,0.9610329648879484,231.322,0
Branin-Fav,Progressive,53,0.0066056977871608,24,259,0.4044926977871608,235.225,0
Branin-Fav,Progressive,54,0.103397520424047,24,259,0.501284520424047,238.038,0
Branin-Fav,Progressive,55,1.2712552403386868,24,259,1.6691422403386866,234.573,0
Branin-Fav,Progressive,56,0.8670871380136081,24,259,1.264974138013608,234.901,0
Branin-Fav,Progressive,57,0.8592468883133976,24,259,1.2571338883133976,242.176,0
Branin-Fav,Progressive,58,1.9207159412933696,24,259,2.3186029412933697,245.478,0
Branin-Fav,Progressive,59,0.3474885137832534,24,259,0.7453755137832534,236.533,0
Branin-Fav,Progressive,60,1.7397062505820315,24,259,2.1375932505820314,244.355,0
Branin-Fav,Progressive,61,0.3474885137832534,24,259,0.7453755137832534,239.404,0
Branin-Fav,Pseudo-Labeling,42,0.0972357826887994,24,259,0.4951227826887994,305.241,0
Branin-Fav,Pseudo-Labeling,43,0.5684849291449144,24,259,0.9663719291449144,308.4,0
Branin-Fav,Pseudo-Labeling,44,0.103397520424047,24,259,0.501284520424047,335.882,0
Branin-Fav,Pseudo-Labeling,45,0.0066056977871608,24,259,0.4044926977871608,338.752,0
Branin-Fav,Pseudo-Labeling,46,0.0066056977871608,24,259,0.4044926977871608,347.375,0
Branin-Fav,Pseudo-Labeling,47,0.0066056977871608,24,259,0.4044926977871608,327.486,0
Branin-Fav,Pseudo-Labeling,48,0.8670871380136081,24,259,1.264974138013608,320.955,0
Branin-Fav,Pseudo-Labeling,49,0.8895739477111658,24,259,1.2874609477111658,325.701,0
Branin-Fav,Pseudo-Labeling,50,0.0066056977871608,24,259,0.4044926977871608,327.374,0
Branin-Fav,Pseudo-Labeling,51,0.103397520424047,24,259,0.501284520424047,335.114,0
Branin-Fav,Pseudo-Labeling,52,0.0066056977871608,24,259,0.4044926977871608,327.465,0
Branin-Fav,Pseudo-Labeling,53,0.0066056977871608,24,259,0.4044926977871608,322.707,0
Branin-Fav,Pseudo-Labeling,54,0.103397520424047,24,259,0.501284520424047,330.307,0
Branin-Fav,Pseudo-Labeling,55,0.3876112505994599,24,259,0.7854982505994599,320.494,0
Branin-Fav,Pseudo-Labeling,56,0.8592468883133976,24,259,1.2571338883133976,327.025,0
Branin-Fav,Pseudo-Labeling,57,0.0066056977871608,24,259,0.4044926977871608,323.196,0
Branin-Fav,Pseudo-Labeling,58,0.3876112505994599,24,259,0.7854982505994599,323.755,0
Branin-Fav,Pseudo-Labeling,59,2.586792744540089,24,259,2.984679744540089,337.756,0
Branin-Fav,Pseudo-Labeling,60,0.103397520424047,24,259,0.501284520424047,334.371,0
Branin-Fav,Pseudo-Labeling,61,0.4957385635524581,24,259,0.8936255635524581,317.622,0
Branin-Fav,Sequential,42,1.5486488092602473,24,259,1.9465358092602472,299.426,0
Branin-Fav,Sequential,43,1.1797929399957523,24,259,1.5776799399957522,289.572,0
Branin-Fav,Sequential,44,0.4144100866751604,24,259,0.8122970866751604,295.052,0
Branin-Fav,Sequential,45,0.3474885137832534,24,259,0.7453755137832534,290.43,0
Branin-Fav,Sequential,46,0.103397520424047,24,259,0.501284520424047,291.431,0
Branin-Fav,Sequential,47,0.3474885137832534,24,259,0.7453755137832534,292.086,0
Branin-Fav,Sequential,48,0.3474885137832534,24,259,0.7453755137832534,285.103,0
Branin-Fav,Sequential,49,0.3876112505994599,24,259,0.7854982505994599,291.443,0
Branin-Fav,Sequential,50,0.103397520424047,24,259,0.501284520424047,286.552,0
Branin-Fav,Sequential,51,1.5486488092602473,24,259,1.9465358092602472,289.501,0
Branin-Fav,Sequential,52,0.0066056977871608,24,259,0.4044926977871608,290.801,0
Branin-Fav,Sequential,53,3.4328946864529035,24,259,3.830781686452904,299.767,0
Branin-Fav,Sequential,54,0.3876112505994599,24,259,0.7854982505994599,286.075,0
Branin-Fav,Sequential,55,0.3876112505994599,24,259,0.7854982505994599,288.687,0
Branin-Fav,Sequential,56,0.0066056977871608,24,259,0.4044926977871608,289.644,0
Branin-Fav,Sequential,57,0.0066056977871608,24,259,0.4044926977871608,289.343,0
Branin-Fav,Sequential,58,0.3876112505994599,24,259,0.7854982505994599,295.919,0
Branin-Fav,Sequential,59,0.0066056977871608,24,259,0.4044926977871608,292.436,0
Branin-Fav,Sequential,60,0.3752877751289628,24,259,0.7731747751289628,289.185,0
Branin-Fav,Sequential,61,0.0066056977871608,24,259,0.4044926977871608,298.274,0
Branin-Fav,Soft Parameter Sharing,42,1.5486488092602473,24,259,1.9465358092602472,354.481,0
Branin-Fav,Soft Parameter Sharing,43,0.467988848429873,24,259,0.865875848429873,356.048,0
Branin-Fav,Soft Parameter Sharing,44,1.2712552403386868,24,259,1.6691422403386866,380.865,0
Branin-Fav,Soft Parameter Sharing,45,0.8592468883133976,24,259,1.2571338883133976,394.378,0
Branin-Fav,Soft Parameter Sharing,46,1.053832293404782,24,259,1.451719293404782,379.87,0
Branin-Fav,Soft Parameter Sharing,47,1.9948410544443016,24,259,2.392728054444301,378.922,0
Branin-Fav,Soft Parameter Sharing,48,1.5486488092602473,24,259,1.9465358092602472,365.044,0
Branin-Fav,Soft Parameter Sharing,49,0.3876112505994599,24,259,0.7854982505994599,355.407,0
Branin-Fav,Soft Parameter Sharing,50,1.6066855479760065,24,259,2.0045725479760064,383.337,0
Branin-Fav,Soft Parameter Sharing,51,1.6780339780830111,24,259,2.075920978083011,362.448,0
Branin-Fav,Soft Parameter Sharing,52,0.2705594724235735,24,259,0.6684464724235735,382.895,0
Branin-Fav,Soft Parameter Sharing,53,0.8592468883133976,24,259,1.2571338883133976,370.641,0
Branin-Fav,Soft Parameter Sharing,54,0.8592468883133976,24,259,1.2571338883133976,365.234,0
Branin-Fav,Soft Parameter Sharing,55,0.8592468883133976,24,259,1.2571338883133976,361.885,0
Branin-Fav,Soft Parameter Sharing,56,0.7759110906150174,24,259,1.1737980906150174,366.652,0
Branin-Fav,Soft Parameter Sharing,57,0.8592468883133976,24,259,1.2571338883133976,374.691,0
Branin-Fav,Soft Parameter Sharing,58,0.3876112505994599,24,259,0.7854982505994599,370.953,0
Branin-Fav,Soft Parameter Sharing,59,0.103397520424047,24,259,0.501284520424047,369.009,0
Branin-Fav,Soft Parameter Sharing,60,0.3752877751289628,24,259,0.7731747751289628,352.402,0
Branin-Fav,Soft Parameter Sharing,61,0.0066056977871608,24,259,0.4044926977871608,391.917,0
Branin-Fav,Two-Stage Joint,42,1.5486488092602473,24,259,1.9465358092602472,429.7,0
Branin-Fav,Two-Stage Joint,43,4.729411600668599,24,259,5.127298600668599,432.176,0
Branin-Fav,Two-Stage Joint,44,1.1105189550745491,24,259,1.508405955074549,424.804,0
Branin-Fav,Two-Stage Joint,45,0.3752877751289628,24,259,0.7731747751289628,429.248,0
Branin-Fav,Two-Stage Joint,46,0.191560229096244,24,259,0.589447229096244,423.621,0
Branin-Fav,Two-Stage Joint,47,0.3752877751289628,24,259,0.7731747751289628,428.767,0
Branin-Fav,Two-Stage Joint,48,2.2043265090989363,24,259,2.602213509098936,431.992,0
Branin-Fav,Two-Stage Joint,49,0.6687535671055923,24,259,1.0666405671055923,437.933,0
Branin-Fav,Two-Stage Joint,50,0.3474885137832534,24,259,0.7453755137832534,428.78,0
Branin-Fav,Two-Stage Joint,51,0.4144100866751604,24,259,0.8122970866751604,444.072,0
Branin-Fav,Two-Stage Joint,52,0.8670871380136081,24,259,1.264974138013608,452.3,0
Branin-Fav,Two-Stage Joint,53,0.8592468883133976,24,259,1.2571338883133976,422.175,0
Branin-Fav,Two-Stage Joint,54,0.103397520424047,24,259,0.501284520424047,427.618,0
Branin-Fav,Two-Stage Joint,55,0.3752877751289628,24,259,0.7731747751289628,427.734,0
Branin-Fav,Two-Stage Joint,56,1.852144194230294,24,259,2.250031194230294,420.982,0
Branin-Fav,Two-Stage Joint,57,0.467988848429873,24,259,0.865875848429873,463.049,0
Branin-Fav,Two-Stage Joint,58,0.621405597681515,24,259,1.019292597681515,475.782,0
Branin-Fav,Two-Stage Joint,59,0.3474885137832534,24,259,0.7453755137832534,462.778,0
Branin-Fav,Two-Stage Joint,60,0.1600559232407591,24,259,0.5579429232407591,435.495,0
Branin-Fav,Two-Stage Joint,61,0.0066056977871608,24,259,0.4044926977871608,437.119,0
Branin-Unfav,Adapter,42,3.634405831415534,24,52,4.032292831415534,85.747,0
Branin-Unfav,Adapter,43,0.9055776819364344,24,52,1.3034646819364344,85.139,0
Branin-Unfav,Adapter,44,0.0523754278760194,24,52,0.4502624278760194,77.645,0
Branin-Unfav,Adapter,45,0.9873388055472008,24,52,1.3852258055472009,75.135,0
Branin-Unfav,Adapter,46,0.467988848429873,24,52,0.865875848429873,79.735,0
Branin-Unfav,Adapter,47,0.1454692827993885,24,52,0.5433562827993885,79.56,0
Branin-Unfav,Adapter,48,0.0090199620446708,24,52,0.4069069620446708,79.495,0
Branin-Unfav,Adapter,49,1.4819971698930496,24,52,1.8798841698930493,78.001,0
Branin-Unfav,Adapter,50,0.0748038021785529,24,52,0.4726908021785529,76.558,0
Branin-Unfav,Adapter,51,0.0748038021785529,24,52,0.4726908021785529,82.648,0
Branin-Unfav,Adapter,52,2.1543471155807,24,52,2.5522341155807,84.186,0
Branin-Unfav,Adapter,53,3.083176413998001,24,52,3.481063413998001,84.866,0
Branin-Unfav,Adapter,54,4.57687635040767,24,52,4.97476335040767,89.295,0
Branin-Unfav,Adapter,55,0.3474885137832534,24,52,0.7453755137832534,84.514,0
Branin-Unfav,Adapter,56,0.1454692827993885,24,52,0.5433562827993885,81.312,0
Branin-Unfav,Adapter,57,0.1600559232407591,24,52,0.5579429232407591,82.88,0
Branin-Unfav,Adapter,58,0.0748038021785529,24,52,0.4726908021785529,83.253,0
Branin-Unfav,Adapter,59,0.1454692827993885,24,52,0.5433562827993885,86.157,0
Branin-Unfav,Adapter,60,0.3474885137832534,24,52,0.7453755137832534,83.294,0
Branin-Unfav,Adapter,61,0.3474885137832534,24,52,0.7453755137832534,82.815,0
Branin-Unfav,Curriculum,42,2.5328050121522603,24,52,2.93069201215226,90.14,0
Branin-Unfav,Curriculum,43,5.403141946411699,24,52,5.801028946411699,91.214,0
Branin-Unfav,Curriculum,44,0.0748038021785529,24,52,0.4726908021785529,90.062,0
Branin-Unfav,Curriculum,45,0.9873388055472008,24,52,1.3852258055472009,97.475,0
Branin-Unfav,Curriculum,46,3.560346564212572,24,52,3.958233564212572,91.429,0
Branin-Unfav,Curriculum,47,3.3617148202748792,24,52,3.759601820274879,95.069,0
Branin-Unfav,Curriculum,48,1.173622761576442,24,52,1.5715097615764415,93.106,0
Branin-Unfav,Curriculum,49,3.083176413998001,24,52,3.481063413998001,89.19,0
Branin-Unfav,Curriculum,50,1.6066855479760065,24,52,2.0045725479760064,94.756,0
Branin-Unfav,Curriculum,51,0.4144100866751604,24,52,0.8122970866751604,95.808,0
Branin-Unfav,Curriculum,52,0.3867984555530669,24,52,0.7846854555530669,93.54,0
Branin-Unfav,Curriculum,53,4.149448226435588,24,52,4.547335226435588,91.592,0
Branin-Unfav,Curriculum,54,0.8895739477111658,24,52,1.2874609477111658,90.457,0
Branin-Unfav,Curriculum,55,0.0066056977871608,24,52,0.4044926977871608,93.635,0
Branin-Unfav,Curriculum,56,0.5684849291449144,24,52,0.9663719291449144,91.399,0
Branin-Unfav,Curriculum,57,0.9873388055472008,24,52,1.3852258055472009,88.446,0
Branin-Unfav,Curriculum,58,1.4819971698930496,24,52,1.8798841698930493,96.996,0
Branin-Unfav,Curriculum,59,0.8670871380136081,24,52,1.264974138013608,96.961,0
Branin-Unfav,Curriculum,60,0.0748038021785529,24,52,0.4726908021785529,95.499,0
Branin-Unfav,Curriculum,61,0.0748038021785529,24,52,0.4726908021785529,98.08,0
Branin-Unfav,DNGO-Gradient,42,2.556315453628039,24,52,2.9542024536280387,113.412,0
Branin-Unfav,DNGO-Gradient,43,0.8490659666566377,24,52,1.2469529666566377,111.139,0
Branin-Unfav,DNGO-Gradient,44,0.0748038021785529,24,52,0.4726908021785529,111.572,0
Branin-Unfav,DNGO-Gradient,45,0.8895739477111658,24,52,1.2874609477111658,120.691,0
Branin-Unfav,DNGO-Gradient,46,2.5328050121522603,24,52,2.93069201215226,123.053,0
Branin-Unfav,DNGO-Gradient,47,0.2369742815964678,24,52,0.6348612815964678,124.868,0
Branin-Unfav,DNGO-Gradient,48,1.6406987245009947,24,52,2.038585724500994,127.077,0
Branin-Unfav,DNGO-Gradient,49,0.0748038021785529,24,52,0.4726908021785529,122.152,0
Branin-Unfav,DNGO-Gradient,50,0.1454692827993885,24,52,0.5433562827993885,127.919,0
Branin-Unfav,DNGO-Gradient,51,1.109003323700228,24,52,1.5068903237002278,122.512,0
Branin-Unfav,DNGO-Gradient,52,0.8490659666566377,24,52,1.2469529666566377,122.449,0
Branin-Unfav,DNGO-Gradient,53,0.3474885137832534,24,52,0.7453755137832534,127.593,0
Branin-Unfav,DNGO-Gradient,54,0.4035566709587507,24,52,0.8014436709587507,124.801,0
Branin-Unfav,DNGO-Gradient,55,0.0066056977871608,24,52,0.4044926977871608,125.06,0
Branin-Unfav,DNGO-Gradient,56,0.3474885137832534,24,52,0.7453755137832534,125.364,0
Branin-Unfav,DNGO-Gradient,57,0.9873388055472008,24,52,1.3852258055472009,121.094,0
Branin-Unfav,DNGO-Gradient,58,5.403141946411699,24,52,5.801028946411699,114.46,0
Branin-Unfav,DNGO-Gradient,59,0.0066056977871608,24,52,0.4044926977871608,115.367,0
Branin-Unfav,DNGO-Gradient,60,3.084633785205876,24,52,3.4825207852058755,111.526,0
Branin-Unfav,DNGO-Gradient,61,0.3474885137832534,24,52,0.7453755137832534,113.312,0
Branin-Unfav,DNGO-Joint,42,1.1105189550745491,24,52,1.508405955074549,110.149,0
Branin-Unfav,DNGO-Joint,43,0.8490659666566377,24,52,1.2469529666566377,106.398,0
Branin-Unfav,DNGO-Joint,44,0.1600559232407591,24,52,0.5579429232407591,103.113,0
Branin-Unfav,DNGO-Joint,45,0.8895739477111658,24,52,1.2874609477111658,108.89,0
Branin-Unfav,DNGO-Joint,46,2.577070109384376,24,52,2.974957109384376,106.113,0
Branin-Unfav,DNGO-Joint,47,0.2369742815964678,24,52,0.6348612815964678,101.666,0
Branin-Unfav,DNGO-Joint,48,0.3474885137832534,24,52,0.7453755137832534,97.328,0
Branin-Unfav,DNGO-Joint,49,2.586792744540089,24,52,2.984679744540089,101.738,0
Branin-Unfav,DNGO-Joint,50,6.244754385000883,24,52,6.642641385000883,108.532,0
Branin-Unfav,DNGO-Joint,51,0.4144100866751604,24,52,0.8122970866751604,108.665,0
Branin-Unfav,DNGO-Joint,52,0.1530864037518488,24,52,0.5509734037518488,112.495,0
Branin-Unfav,DNGO-Joint,53,0.3474885137832534,24,52,0.7453755137832534,118.303,0
Branin-Unfav,DNGO-Joint,54,0.0748038021785529,24,52,0.4726908021785529,107.608,0
Branin-Unfav,DNGO-Joint,55,0.0066056977871608,24,52,0.4044926977871608,107.426,0
Branin-Unfav,DNGO-Joint,56,0.1454692827993885,24,52,0.5433562827993885,105.584,0
Branin-Unfav,DNGO-Joint,57,0.9873388055472008,24,52,1.3852258055472009,106.84,0
Branin-Unfav,DNGO-Joint,58,0.0748038021785529,24,52,0.4726908021785529,109.062,0
Branin-Unfav,DNGO-Joint,59,0.0066056977871608,24,52,0.4044926977871608,108.203,0
Branin-Unfav,DNGO-Joint,60,2.52727182770696,24,52,2.92515882770696,106.935,0
Branin-Unfav,DNGO-Joint,61,0.0748038021785529,24,52,0.4726908021785529,110.604,0
Branin-Unfav,Domain Adaptation (MMD),42,2.5328050121522603,24,52,2.93069201215226,147.99,0
Branin-Unfav,Domain Adaptation (MMD),43,0.9055776819364344,24,52,1.3034646819364344,149.743,0
Branin-Unfav,Domain Adaptation (MMD),44,0.1454692827993885,24,52,0.5433562827993885,145.998,0
Branin-Unfav,Domain Adaptation (MMD),45,2.6997780861953515,24,52,3.0976650861953514,143.866,0
Branin-Unfav,Domain Adaptation (MMD),46,1.8107413453279493,24,52,2.2086283453279494,148.741,0
Branin-Unfav,Domain Adaptation (MMD),47,0.7993584558967805,24,52,1.1972454558967804,146.243,0
Branin-Unfav,Domain Adaptation (MMD),48,1.173622761576442,24,52,1.5715097615764415,147.958,0
Branin-Unfav,Domain Adaptation (MMD),49,3.647244235446549,24,52,4.045131235446549,152.044,0
Branin-Unfav,Domain Adaptation (MMD),50,5.226757681371349,24,52,5.624644681371349,147.784,0
Branin-Unfav,Domain Adaptation (MMD),51,2.577070109384376,24,52,2.974957109384376,148.055,0
Branin-Unfav,Domain Adaptation (MMD),52,0.8895739477111658,24,52,1.2874609477111658,138.106,0
Branin-Unfav,Domain Adaptation (MMD),53,1.9660941902665168,24,52,2.363981190266517,135.466,0
Branin-Unfav,Domain Adaptation (MMD),54,0.2705594724235735,24,52,0.6684464724235735,134.814,0
Branin-Unfav,Domain Adaptation (MMD),55,1.060992121024424,24,52,1.458879121024424,141.397,0
Branin-Unfav,Domain Adaptation (MMD),56,2.489462304346321,24,52,2.887349304346321,142.313,0
Branin-Unfav,Domain Adaptation (MMD),57,0.9873388055472008,24,52,1.3852258055472009,149.64,0
Branin-Unfav,Domain Adaptation (MMD),58,0.8490659666566377,24,52,1.2469529666566377,151.766,0
Branin-Unfav,Domain Adaptation (MMD),59,0.8670871380136081,24,52,1.264974138013608,148.633,0
Branin-Unfav,Domain Adaptation (MMD),60,0.4035566709587507,24,52,0.8014436709587507,148.017,0
Branin-Unfav,Domain Adaptation (MMD),61,3.3617148202748792,24,52,3.759601820274879,155.153,0
Branin-Unfav,Knowledge Distillation,42,0.4616513166890009,24,52,0.8595383166890009,74.629,0
Branin-Unfav,Knowledge Distillation,43,0.191560229096244,24,52,0.589447229096244,76.1,0
Branin-Unfav,Knowledge Distillation,44,0.1454692827993885,24,52,0.5433562827993885,83.846,0
Branin-Unfav,Knowledge Distillation,45,1.060992121024424,24,52,1.458879121024424,82.273,0
Branin-Unfav,Knowledge Distillation,46,4.574805087968534,24,52,4.972692087968534,83.76,0
Branin-Unfav,Knowledge Distillation,47,0.3867984555530669,24,52,0.7846854555530669,86.091,0
Branin-Unfav,Knowledge Distillation,48,0.723926085363458,24,52,1.121813085363458,83.506,0
Branin-Unfav,Knowledge Distillation,49,3.6847472253656166,24,52,4.0826342253656165,85.81,0
Branin-Unfav,Knowledge Distillation,50,0.8895739477111658,24,52,1.2874609477111658,77.38,0
Branin-Unfav,Knowledge Distillation,51,0.0748038021785529,24,52,0.4726908021785529,85.469,0
Branin-Unfav,Knowledge Distillation,52,1.0034850097817811,24,52,1.401372009781781,80.329,0
Branin-Unfav,Knowledge Distillation,53,1.4198322018762068,24,52,1.8177192018762067,86.775,0
Branin-Unfav,Knowledge Distillation,54,0.0748038021785529,24,52,0.4726908021785529,83.26,0
Branin-Unfav,Knowledge Distillation,55,0.0748038021785529,24,52,0.4726908021785529,83.433,0
Branin-Unfav,Knowledge Distillation,56,0.0748038021785529,24,52,0.4726908021785529,84.572,0
Branin-Unfav,Knowledge Distillation,57,0.1600559232407591,24,52,0.5579429232407591,81.535,0
Branin-Unfav,Knowledge Distillation,58,2.1543471155807,24,52,2.5522341155807,79.595,0
Branin-Unfav,Knowledge Distillation,59,0.0523754278760194,24,52,0.4502624278760194,84.021,0
Branin-Unfav,Knowledge Distillation,60,0.1454692827993885,24,52,0.5433562827993885,83.614,0
Branin-Unfav,Knowledge Distillation,61,0.4035566709587507,24,52,0.8014436709587507,87.037,0
Branin-Unfav,MFGP,42,0.0090199620446708,24,52,0.4069069620446708,252.928,0
Branin-Unfav,MFGP,43,0.0748038021785529,24,52,0.4726908021785529,227.282,0
Branin-Unfav,MFGP,44,0.0523754278760194,24,52,0.4502624278760194,280.299,0
Branin-Unfav,MFGP,45,0.0090199620446708,24,52,0.4069069620446708,292.679,0
Branin-Unfav,MFGP,46,0.0748038021785529,24,52,0.4726908021785529,202.613,0
Branin-Unfav,MFGP,47,0.0748038021785529,24,52,0.4726908021785529,224.45,0
Branin-Unfav,MFGP,48,0.0090199620446708,24,52,0.4069069620446708,223.081,0
Branin-Unfav,MFGP,49,0.0748038021785529,24,52,0.4726908021785529,249.012,0
Branin-Unfav,MFGP,50,0.0748038021785529,24,52,0.4726908021785529,218.801,0
Branin-Unfav,MFGP,51,0.0748038021785529,24,52,0.4726908021785529,274.68,0
Branin-Unfav,MFGP,52,0.0748038021785529,24,52,0.4726908021785529,207.221,0
Branin-Unfav,MFGP,53,0.0090199620446708,24,52,0.4069069620446708,282.061,0
Branin-Unfav,MFGP,54,0.0090199620446708,24,52,0.4069069620446708,237.832,0
Branin-Unfav,MFGP,55,0.0748038021785529,24,52,0.4726908021785529,245.294,0
Branin-Unfav,MFGP,56,0.0748038021785529,24,52,0.4726908021785529,199.701,0
Branin-Unfav,MFGP,57,0.0748038021785529,24,52,0.4726908021785529,260.208,0
Branin-Unfav,MFGP,58,0.0748038021785529,24,52,0.4726908021785529,196.685,0
Branin-Unfav,MFGP,59,0.0066056977871608,24,52,0.4044926977871608,234.05,0
Branin-Unfav,MFGP,60,0.0748038021785529,24,52,0.4726908021785529,312.44,0
Branin-Unfav,MFGP,61,0.0748038021785529,24,52,0.4726908021785529,233.724,0
Branin-Unfav,Progressive,42,3.1872150107265744,24,52,3.5851020107265743,65.661,0
Branin-Unfav,Progressive,43,6.023216201165158,24,52,6.421103201165158,67.136,0
Branin-Unfav,Progressive,44,2.418866790404567,24,52,2.816753790404567,68.877,0
Branin-Unfav,Progressive,45,1.6663609550804663,24,52,2.064247955080466,65.281,0
Branin-Unfav,Progressive,46,4.149448226435588,24,52,4.547335226435588,67.402,0
Branin-Unfav,Progressive,47,4.149448226435588,24,52,4.547335226435588,68.804,0
Branin-Unfav,Progressive,48,1.5486488092602473,24,52,1.9465358092602472,64.521,0
Branin-Unfav,Progressive,49,3.623365220844605,24,52,4.021252220844604,63.605,0
Branin-Unfav,Progressive,50,2.577070109384376,24,52,2.974957109384376,65.339,0
Branin-Unfav,Progressive,51,3.5866709767625773,24,52,3.984557976762577,64.514,0
Branin-Unfav,Progressive,52,2.2043265090989363,24,52,2.602213509098936,63.342,0
Branin-Unfav,Progressive,53,2.577070109384376,24,52,2.974957109384376,61.485,0
Branin-Unfav,Progressive,54,1.060992121024424,24,52,1.458879121024424,64.073,0
Branin-Unfav,Progressive,55,3.1872150107265744,24,52,3.5851020107265743,64.778,0
Branin-Unfav,Progressive,56,3.3617148202748792,24,52,3.759601820274879,65.759,0
Branin-Unfav,Progressive,57,0.9873388055472008,24,52,1.3852258055472009,59.786,0
Branin-Unfav,Progressive,58,2.905327209354443,24,52,3.3032142093544428,63.019,0
Branin-Unfav,Progressive,59,0.8670871380136081,24,52,1.264974138013608,64.303,0
Branin-Unfav,Progressive,60,2.2850247480231056,24,52,2.682911748023105,65.968,0
Branin-Unfav,Progressive,61,1.9660941902665168,24,52,2.363981190266517,63.66,0
Branin-Unfav,Pseudo-Labeling,42,0.3867984555530669,24,52,0.7846854555530669,88.305,0
Branin-Unfav,Pseudo-Labeling,43,1.3069732706012145,24,52,1.7048602706012144,88.268,0
Branin-Unfav,Pseudo-Labeling,44,0.1454692827993885,24,52,0.5433562827993885,94.858,0
Branin-Unfav,Pseudo-Labeling,45,1.060992121024424,24,52,1.458879121024424,90.757,0
Branin-Unfav,Pseudo-Labeling,46,4.574805087968534,24,52,4.972692087968534,86.493,0
Branin-Unfav,Pseudo-Labeling,47,0.0090199620446708,24,52,0.4069069620446708,92.026,0
Branin-Unfav,Pseudo-Labeling,48,5.421171230206686,24,52,5.819058230206686,90.087,0
Branin-Unfav,Pseudo-Labeling,49,1.6611616828992704,24,52,2.0590486828992702,86.03,0
Branin-Unfav,Pseudo-Labeling,50,0.8895739477111658,24,52,1.2874609477111658,88.156,0
Branin-Unfav,Pseudo-Labeling,51,0.1454692827993885,24,52,0.5433562827993885,96.748,0
Branin-Unfav,Pseudo-Labeling,52,0.0090199620446708,24,52,0.4069069620446708,88.088,0
Branin-Unfav,Pseudo-Labeling,53,0.1454692827993885,24,52,0.5433562827993885,88.261,0
Branin-Unfav,Pseudo-Labeling,54,0.0748038021785529,24,52,0.4726908021785529,85.537,0
Branin-Unfav,Pseudo-Labeling,55,0.0748038021785529,24,52,0.4726908021785529,83.257,0
Branin-Unfav,Pseudo-Labeling,56,0.1454692827993885,24,52,0.5433562827993885,80.845,0
Branin-Unfav,Pseudo-Labeling,57,0.1600559232407591,24,52,0.5579429232407591,79.903,0
Branin-Unfav,Pseudo-Labeling,58,1.7266015652031743,24,52,2.1244885652031744,79.452,0
Branin-Unfav,Pseudo-Labeling,59,0.3867984555530669,24,52,0.7846854555530669,81.161,0
Branin-Unfav,Pseudo-Labeling,60,0.1454692827993885,24,52,0.5433562827993885,86.065,0
Branin-Unfav,Pseudo-Labeling,61,0.0748038021785529,24,52,0.4726908021785529,86.986,0
Branin-Unfav,Sequential,42,3.713051578224305,24,52,4.110938578224305,77.312,0
Branin-Unfav,Sequential,43,2.489462304346321,24,52,2.887349304346321,77.408,0
Branin-Unfav,Sequential,44,0.4035566709587507,24,52,0.8014436709587507,81.442,0
Branin-Unfav,Sequential,45,1.6663609550804663,24,52,2.064247955080466,82.071,0
Branin-Unfav,Sequential,46,2.577070109384376,24,52,2.974957109384376,79.065,0
Branin-Unfav,Sequential,47,1.6663609550804663,24,52,2.064247955080466,81.78,0
Branin-Unfav,Sequential,48,1.493657482624868,24,52,1.891544482624868,76.042,0
Branin-Unfav,Sequential,49,2.5328050121522603,24,52,2.93069201215226,79.048,0
Branin-Unfav,Sequential,50,1.1797929399957523,24,52,1.5776799399957522,78.305,0
Branin-Unfav,Sequential,51,1.5486488092602473,24,52,1.9465358092602472,78.717,0
Branin-Unfav,Sequential,52,0.1530864037518488,24,52,0.5509734037518488,76.063,0
Branin-Unfav,Sequential,53,0.0972357826887994,24,52,0.4951227826887994,78.832,0
Branin-Unfav,Sequential,54,3.3617148202748792,24,52,3.759601820274879,80.596,0
Branin-Unfav,Sequential,55,0.0066056977871608,24,52,0.4044926977871608,78.489,0
Branin-Unfav,Sequential,56,0.1454692827993885,24,52,0.5433562827993885,74.087,0
Branin-Unfav,Sequential,57,0.9873388055472008,24,52,1.3852258055472009,79.713,0
Branin-Unfav,Sequential,58,1.6066855479760065,24,52,2.0045725479760064,74.661,0
Branin-Unfav,Sequential,59,0.8670871380136081,24,52,1.264974138013608,77.547,0
Branin-Unfav,Sequential,60,5.881251102933782,24,52,6.279138102933782,75.975,0
Branin-Unfav,Sequential,61,0.0748038021785529,24,52,0.4726908021785529,75.807,0
Branin-Unfav,Soft Parameter Sharing,42,0.3752877751289628,24,52,0.7731747751289628,101.24,0
Branin-Unfav,Soft Parameter Sharing,43,2.078120329843391,24,52,2.476007329843391,104.932,0
Branin-Unfav,Soft Parameter Sharing,44,0.5187714398244382,24,52,0.9166584398244382,104.7,0
Branin-Unfav,Soft Parameter Sharing,45,0.9873388055472008,24,52,1.3852258055472009,103.18,0
Branin-Unfav,Soft Parameter Sharing,46,3.083176413998001,24,52,3.481063413998001,102.255,0
Branin-Unfav,Soft Parameter Sharing,47,2.418866790404567,24,52,2.816753790404567,105.397,0
Branin-Unfav,Soft Parameter Sharing,48,1.173622761576442,24,52,1.5715097615764415,105.884,0
Branin-Unfav,Soft Parameter Sharing,49,0.1600559232407591,24,52,0.5579429232407591,103.173,0
Branin-Unfav,Soft Parameter Sharing,50,1.4819971698930496,24,52,1.8798841698930493,95.61,0
Branin-Unfav,Soft Parameter Sharing,51,2.2850247480231056,24,52,2.682911748023105,99.687,0
Branin-Unfav,Soft Parameter Sharing,52,2.1543471155807,24,52,2.5522341155807,103.122,0
Branin-Unfav,Soft Parameter Sharing,53,0.103397520424047,24,52,0.501284520424047,102.247,0
Branin-Unfav,Soft Parameter Sharing,54,0.0748038021785529,24,52,0.4726908021785529,91.479,0
Branin-Unfav,Soft Parameter Sharing,55,0.0972357826887994,24,52,0.4951227826887994,96.993,0
Branin-Unfav,Soft Parameter Sharing,56,2.333975197680608,24,52,2.7318621976806075,94.462,0
Branin-Unfav,Soft Parameter Sharing,57,0.4035566709587507,24,52,0.8014436709587507,93.248,0
Branin-Unfav,Soft Parameter Sharing,58,0.103397520424047,24,52,0.501284520424047,94.021,0
Branin-Unfav,Soft Parameter Sharing,59,0.0066056977871608,24,52,0.4044926977871608,102.197,0
Branin-Unfav,Soft Parameter Sharing,60,3.083176413998001,24,52,3.481063413998001,111.414,0
Branin-Unfav,Soft Parameter Sharing,61,0.191560229096244,24,52,0.589447229096244,99.501,0
Branin-Unfav,Two-Stage Joint,42,0.3867984555530669,24,52,0.7846854555530669,115.988,0
Branin-Unfav,Two-Stage Joint,43,4.631089829751016,24,52,5.028976829751016,114.959,0
Branin-Unfav,Two-Stage Joint,44,0.5013145474907049,24,52,0.8992015474907049,115.945,0
Branin-Unfav,Two-Stage Joint,45,1.6663609550804663,24,52,2.064247955080466,118.79,0
Branin-Unfav,Two-Stage Joint,46,4.149448226435588,24,52,4.547335226435588,117.138,0
Branin-Unfav,Two-Stage Joint,47,4.149448226435588,24,52,4.547335226435588,114.531,0
Branin-Unfav,Two-Stage Joint,48,0.4144100866751604,24,52,0.8122970866751604,116.85,0
Branin-Unfav,Two-Stage Joint,49,3.3617148202748792,24,52,3.759601820274879,117.515,0
Branin-Unfav,Two-Stage Joint,50,2.1543471155807,24,52,2.5522341155807,120.97,0
Branin-Unfav,Two-Stage Joint,51,1.6066855479760065,24,52,2.0045725479760064,109.145,0
Branin-Unfav,Two-Stage Joint,52,1.493657482624868,24,52,1.891544482624868,115.256,0
Branin-Unfav,Two-Stage Joint,53,2.577070109384376,24,52,2.974957109384376,117.266,0
Branin-Unfav,Two-Stage Joint,54,1.592260801894752,24,52,1.990147801894752,120.724,0
Branin-Unfav,Two-Stage Joint,55,0.1454692827993885,24,52,0.5433562827993885,122.82,0
Branin-Unfav,Two-Stage Joint,56,0.1530864037518488,24,52,0.5509734037518488,118.79,0
Branin-Unfav,Two-Stage Joint,57,0.9873388055472008,24,52,1.3852258055472009,116.854,0
Branin-Unfav,Two-Stage Joint,58,3.1872150107265744,24,52,3.5851020107265743,117.68,0
Branin-Unfav,Two-Stage Joint,59,0.8670871380136081,24,52,1.264974138013608,112.163,0
Branin-Unfav,Two-Stage Joint,60,1.5486488092602473,24,52,1.9465358092602472,114.791,0
Branin-Unfav,Two-Stage Joint,61,5.403141946411699,24,52,5.801028946411699,115.401,0
COFs,Adapter,42,7.306579242853321,15,230,-11.227906704978938,256.346,0
COFs,Adapter,43,2.768421691579954,15,230,-15.766064256252305,255.284,0
COFs,Adapter,44,8.522637989842249,15,230,-10.01184795799001,255.325,0
COFs,Adapter,45,2.768421691579954,15,230,-15.766064256252305,237.079,0
COFs,Adapter,46,2.768421691579954,15,230,-15.766064256252305,239.893,0
COFs,Adapter,47,12.286313844166015,15,230,-6.248172103666243,240.147,0
COFs,Adapter,48,12.630282705389106,15,230,-5.904203242443152,243.395,0
COFs,Adapter,49,7.848507289350307,15,230,-10.685978658481952,238.4,0
COFs,Adapter,50,2.768421691579954,15,230,-15.766064256252305,245.047,0
COFs,Adapter,51,0.0,15,230,-18.53448594783226,244.173,0
COFs,Adapter,52,4.417357854172623,15,230,-14.117128093659636,243.016,0
COFs,Adapter,53,9.578000673430148,15,230,-8.956485274402112,233.513,0
COFs,Adapter,54,7.865384780818418,15,230,-10.66910116701384,237.572,0
COFs,Adapter,55,10.806188262410185,15,230,-7.728297685422076,242.202,0
COFs,Adapter,56,2.768421691579954,15,230,-15.766064256252305,244.36,0
COFs,Adapter,57,8.627397315961137,15,230,-9.907088631871122,245.532,0
COFs,Adapter,58,11.740908342088623,15,230,-6.793577605743637,244.208,0
COFs,Adapter,59,2.768421691579954,15,230,-15.766064256252305,238.62,0
COFs,Adapter,60,2.768421691579954,15,230,-15.766064256252305,252.681,0
COFs,Adapter,61,12.286313844166015,15,230,-6.248172103666243,239.017,0
COFs,Curriculum,42,11.81694086482391,15,230,-6.71754508300835,271.061,0
COFs,Curriculum,43,2.768421691579954,15,230,-15.766064256252305,276.776,0
COFs,Curriculum,44,4.417357854172623,15,230,-14.117128093659636,270.869,0
COFs,Curriculum,45,2.768421691579954,15,230,-15.766064256252305,264.394,0
COFs,Curriculum,46,2.768421691579954,15,230,-15.766064256252305,266.526,0
COFs,Curriculum,47,4.417357854172623,15,230,-14.117128093659636,269.945,0
COFs,Curriculum,48,13.282095575099078,15,230,-5.252390372733182,267.223,0
COFs,Curriculum,49,7.848507289350307,15,230,-10.685978658481952,272.084,0
COFs,Curriculum,50,2.768421691579954,15,230,-15.766064256252305,271.957,0
COFs,Curriculum,51,9.39608233851647,15,230,-9.13840360931579,268.956,0
COFs,Curriculum,52,6.806015904275972,15,230,-11.728470043556287,268.483,0
COFs,Curriculum,53,10.19479018503442,15,230,-8.339695762797838,283.824,0
COFs,Curriculum,54,12.286313844166015,15,230,-6.248172103666243,292.477,0
COFs,Curriculum,55,7.493759245588045,15,230,-11.040726702244214,280.081,0
COFs,Curriculum,56,2.768421691579954,15,230,-15.766064256252305,283.791,0
COFs,Curriculum,57,13.03149542166156,15,230,-5.502990526170698,286.794,0
COFs,Curriculum,58,6.806015904275972,15,230,-11.728470043556287,271.773,0
COFs,Curriculum,59,2.768421691579954,15,230,-15.766064256252305,286.303,0
COFs,Curriculum,60,2.768421691579954,15,230,-15.766064256252305,282.126,0
COFs,Curriculum,61,3.287155915439582,15,230,-15.247330032392677,283.168,0
COFs,DNGO-Gradient,42,11.81694086482391,15,230,-6.71754508300835,344.88,0
COFs,DNGO-Gradient,43,2.768421691579954,15,230,-15.766064256252305,348.78,0
COFs,DNGO-Gradient,44,11.580077249937606,15,230,-6.954408697894654,345.081,0
COFs,DNGO-Gradient,45,2.768421691579954,15,230,-15.766064256252305,349.623,0
COFs,DNGO-Gradient,46,2.768421691579954,15,230,-15.766064256252305,349.346,0
COFs,DNGO-Gradient,47,12.286313844166015,15,230,-6.248172103666243,348.979,0
COFs,DNGO-Gradient,48,7.493759245588045,15,230,-11.040726702244214,353.593,0
COFs,DNGO-Gradient,49,6.806015904275972,15,230,-11.728470043556287,357.686,0
COFs,DNGO-Gradient,50,0.0,15,230,-18.53448594783226,372.513,0
COFs,DNGO-Gradient,51,7.865384780818418,15,230,-10.66910116701384,371.63,0
COFs,DNGO-Gradient,52,6.806015904275972,15,230,-11.728470043556287,348.395,0
COFs,DNGO-Gradient,53,12.30292498534822,15,230,-6.231560962484038,365.536,0
COFs,DNGO-Gradient,54,0.0,15,230,-18.53448594783226,370.857,0
COFs,DNGO-Gradient,55,0.1384703736115966,15,230,-18.396015574220662,351.401,0
COFs,DNGO-Gradient,56,2.768421691579954,15,230,-15.766064256252305,370.001,0
COFs,DNGO-Gradient,57,8.627397315961137,15,230,-9.907088631871122,368.661,0
COFs,DNGO-Gradient,58,12.893731831619863,15,230,-5.640754116212396,364.596,0
COFs,DNGO-Gradient,59,2.768421691579954,15,230,-15.766064256252305,372.177,0
COFs,DNGO-Gradient,60,2.768421691579954,15,230,-15.766064256252305,362.931,0
COFs,DNGO-Gradient,61,7.3926220436067585,15,230,-11.1418639042255,354.378,0
COFs,DNGO-Joint,42,10.90904598655704,15,230,-7.625439961275218,307.038,0
COFs,DNGO-Joint,43,2.768421691579954,15,230,-15.766064256252305,308.087,0
COFs,DNGO-Joint,44,7.949548815091578,15,230,-10.58493713274068,311.745,0
COFs,DNGO-Joint,45,2.768421691579954,15,230,-15.766064256252305,302.31,0
COFs,DNGO-Joint,46,2.768421691579954,15,230,-15.766064256252305,310.384,0
COFs,DNGO-Joint,47,0.1384703736115966,15,230,-18.396015574220662,310.963,0
COFs,DNGO-Joint,48,7.94203521211173,15,230,-10.59245073572053,307.103,0
COFs,DNGO-Joint,49,7.3926220436067585,15,230,-11.1418639042255,308.631,0
COFs,DNGO-Joint,50,2.768421691579954,15,230,-15.766064256252305,312.269,0
COFs,DNGO-Joint,51,10.846882109382223,15,230,-7.687603838450033,322.906,0
COFs,DNGO-Joint,52,11.580077249937606,15,230,-6.954408697894654,328.676,0
COFs,DNGO-Joint,53,13.208815681257612,15,230,-5.325670266574648,319.549,0
COFs,DNGO-Joint,54,3.287155915439582,15,230,-15.247330032392677,325.332,0
COFs,DNGO-Joint,55,3.542139991253217,15,230,-14.992345956579042,329.119,0
COFs,DNGO-Joint,56,2.768421691579954,15,230,-15.766064256252305,317.703,0
COFs,DNGO-Joint,57,11.653438568976892,15,230,-6.881047378855367,324.774,0
COFs,DNGO-Joint,58,7.94203521211173,15,230,-10.59245073572053,316.302,0
COFs,DNGO-Joint,59,2.768421691579954,15,230,-15.766064256252305,324.496,0
COFs,DNGO-Joint,60,2.768421691579954,15,230,-15.766064256252305,320.963,0
COFs,DNGO-Joint,61,0.0,15,230,-18.53448594783226,323.037,0
COFs,Domain Adaptation (MMD),42,10.90904598655704,15,230,-7.625439961275218,426.588,0
COFs,Domain Adaptation (MMD),43,2.768421691579954,15,230,-15.766064256252305,425.351,0
COFs,Domain Adaptation (MMD),44,7.306579242853321,15,230,-11.227906704978938,420.16,0
COFs,Domain Adaptation (MMD),45,2.768421691579954,15,230,-15.766064256252305,422.001,0
COFs,Domain Adaptation (MMD),46,2.768421691579954,15,230,-15.766064256252305,410.334,0
COFs,Domain Adaptation (MMD),47,0.1384703736115966,15,230,-18.396015574220662,428.097,0
COFs,Domain Adaptation (MMD),48,10.380263743224344,15,230,-8.154222204607914,424.039,0
COFs,Domain Adaptation (MMD),49,0.1384703736115966,15,230,-18.396015574220662,423.693,0
COFs,Domain Adaptation (MMD),50,2.768421691579954,15,230,-15.766064256252305,434.876,0
COFs,Domain Adaptation (MMD),51,9.39608233851647,15,230,-9.13840360931579,432.638,0
COFs,Domain Adaptation (MMD),52,7.865384780818418,15,230,-10.66910116701384,412.201,0
COFs,Domain Adaptation (MMD),53,7.306579242853321,15,230,-11.227906704978938,404.229,0
COFs,Domain Adaptation (MMD),54,6.806015904275972,15,230,-11.728470043556287,407.007,0
COFs,Domain Adaptation (MMD),55,12.297426493617362,15,230,-6.237059454214897,412.574,0
COFs,Domain Adaptation (MMD),56,2.768421691579954,15,230,-15.766064256252305,413.704,0
COFs,Domain Adaptation (MMD),57,7.6293969821581396,15,230,-10.90508896567412,413.829,0
COFs,Domain Adaptation (MMD),58,13.1216657944079,15,230,-5.41282015342436,403.375,0
COFs,Domain Adaptation (MMD),59,2.768421691579954,15,230,-15.766064256252305,412.444,0
COFs,Domain Adaptation (MMD),60,2.768421691579954,15,230,-15.766064256252305,427.959,0
COFs,Domain Adaptation (MMD),61,0.0,15,230,-18.53448594783226,423.036,0
COFs,Knowledge Distillation,42,6.806015904275972,15,230,-11.728470043556287,261.513,0
COFs,Knowledge Distillation,43,2.768421691579954,15,230,-15.766064256252305,253.383,0
COFs,Knowledge Distillation,44,7.6293969821581396,15,230,-10.90508896567412,253.515,0
COFs,Knowledge Distillation,45,2.768421691579954,15,230,-15.766064256252305,251.082,0
COFs,Knowledge Distillation,46,2.768421691579954,15,230,-15.766064256252305,253.372,0
COFs,Knowledge Distillation,47,12.286313844166015,15,230,-6.248172103666243,259.21,0
COFs,Knowledge Distillation,48,11.740908342088623,15,230,-6.793577605743637,252.684,0
COFs,Knowledge Distillation,49,10.846882109382223,15,230,-7.687603838450033,250.369,0
COFs,Knowledge Distillation,50,2.768421691579954,15,230,-15.766064256252305,250.293,0
COFs,Knowledge Distillation,51,9.39608233851647,15,230,-9.13840360931579,256.013,0
COFs,Knowledge Distillation,52,6.806015904275972,15,230,-11.728470043556287,253.295,0
COFs,Knowledge Distillation,53,11.54153489913809,15,230,-6.992951048694168,252.528,0
COFs,Knowledge Distillation,54,8.884098152249814,15,230,-9.650387795582445,247.102,0
COFs,Knowledge Distillation,55,11.54153489913809,15,230,-6.992951048694168,247.11,0
COFs,Knowledge Distillation,56,2.768421691579954,15,230,-15.766064256252305,253.146,0
COFs,Knowledge Distillation,57,7.306579242853321,15,230,-11.227906704978938,255.387,0
COFs,Knowledge Distillation,58,9.39608233851647,15,230,-9.13840360931579,259.276,0
COFs,Knowledge Distillation,59,2.768421691579954,15,230,-15.766064256252305,249.082,0
COFs,Knowledge Distillation,60,2.768421691579954,15,230,-15.766064256252305,236.174,0
COFs,Knowledge Distillation,61,0.3635064340810032,15,230,-18.170979513751256,241.948,0
COFs,MFGP,42,10.90904598655704,15,230,-7.625439961275218,651.324,0
COFs,MFGP,43,2.768421691579954,15,230,-15.766064256252305,806.736,0
COFs,MFGP,44,8.627397315961137,15,230,-9.907088631871122,933.948,0
COFs,MFGP,45,2.768421691579954,15,230,-15.766064256252305,715.936,0
COFs,MFGP,46,0.0,15,230,-18.53448594783226,331.21,0
COFs,MFGP,47,12.286313844166015,15,230,-6.248172103666243,1117.405,0
COFs,MFGP,48,8.522637989842249,15,230,-10.01184795799001,804.45,0
COFs,MFGP,49,7.912797874891282,15,230,-10.621688072940977,1056.005,0
COFs,MFGP,50,2.768421691579954,15,230,-15.766064256252305,678.147,0
COFs,MFGP,51,11.966908014866847,15,230,-6.567577932965412,804.084,0
COFs,MFGP,52,11.48676886945526,15,230,-7.047717078376998,1050.496,0
COFs,MFGP,53,8.627397315961137,15,230,-9.907088631871122,922.946,0
COFs,MFGP,54,0.0,15,230,-18.53448594783226,357.721,0
COFs,MFGP,55,11.373205011906258,15,230,-7.161280935926,1040.647,0
COFs,MFGP,56,2.768421691579954,15,230,-15.766064256252305,831.704,0
COFs,MFGP,57,10.380263743224344,15,230,-8.154222204607914,1022.393,0
COFs,MFGP,58,3.287155915439582,15,230,-15.247330032392677,883.063,0
COFs,MFGP,59,2.768421691579954,15,230,-15.766064256252305,686.478,0
COFs,MFGP,60,2.768421691579954,15,230,-15.766064256252305,804.446,0
COFs,MFGP,61,9.986202518631911,15,230,-8.548283429200348,909.521,0
COFs,Progressive,42,11.580077249937606,15,230,-6.954408697894654,191.576,0
COFs,Progressive,43,2.768421691579954,15,230,-15.766064256252305,185.998,0
COFs,Progressive,44,6.806015904275972,15,230,-11.728470043556287,188.154,0
COFs,Progressive,45,2.768421691579954,15,230,-15.766064256252305,183.804,0
COFs,Progressive,46,2.768421691579954,15,230,-15.766064256252305,184.809,0
COFs,Progressive,47,6.040486528414251,15,230,-12.493999419418008,179.45,0
COFs,Progressive,48,0.0,15,230,-18.53448594783226,184.404,0
COFs,Progressive,49,0.1384703736115966,15,230,-18.396015574220662,179.644,0
COFs,Progressive,50,0.1384703736115966,15,230,-18.396015574220662,181.974,0
COFs,Progressive,51,3.542139991253217,15,230,-14.992345956579042,181.95,0
COFs,Progressive,52,7.94203521211173,15,230,-10.59245073572053,180.72,0
COFs,Progressive,53,13.03149542166156,15,230,-5.502990526170698,185.628,0
COFs,Progressive,54,6.040486528414251,15,230,-12.493999419418008,179.349,0
COFs,Progressive,55,6.040486528414251,15,230,-12.493999419418008,181.279,0
COFs,Progressive,56,2.768421691579954,15,230,-15.766064256252305,183.626,0
COFs,Progressive,57,7.6293969821581396,15,230,-10.90508896567412,184.703,0
COFs,Progressive,58,10.806188262410185,15,230,-7.728297685422076,179.948,0
COFs,Progressive,59,2.768421691579954,15,230,-15.766064256252305,175.823,0
COFs,Progressive,60,2.768421691579954,15,230,-15.766064256252305,176.495,0
COFs,Progressive,61,3.287155915439582,15,230,-15.247330032392677,193.326,0
COFs,Pseudo-Labeling,42,3.287155915439582,15,230,-15.247330032392677,266.901,0
COFs,Pseudo-Labeling,43,2.768421691579954,15,230,-15.766064256252305,263.778,0
COFs,Pseudo-Labeling,44,8.627397315961137,15,230,-9.907088631871122,259.687,0
COFs,Pseudo-Labeling,45,2.768421691579954,15,230,-15.766064256252305,264.146,0
COFs,Pseudo-Labeling,46,2.768421691579954,15,230,-15.766064256252305,267.947,0
COFs,Pseudo-Labeling,47,12.286313844166015,15,230,-6.248172103666243,264.535,0
COFs,Pseudo-Labeling,48,11.740908342088623,15,230,-6.793577605743637,264.754,0
COFs,Pseudo-Labeling,49,7.6293969821581396,15,230,-10.90508896567412,260.597,0
COFs,Pseudo-Labeling,50,2.768421691579954,15,230,-15.766064256252305,243.438,0
COFs,Pseudo-Labeling,51,9.39608233851647,15,230,-9.13840360931579,247.259,0
COFs,Pseudo-Labeling,52,6.806015904275972,15,230,-11.728470043556287,252.756,0
COFs,Pseudo-Labeling,53,9.986202518631911,15,230,-8.548283429200348,249.801,0
COFs,Pseudo-Labeling,54,4.417357854172623,15,230,-14.117128093659636,253.074,0
COFs,Pseudo-Labeling,55,11.54153489913809,15,230,-6.992951048694168,260.492,0
COFs,Pseudo-Labeling,56,2.768421691579954,15,230,-15.766064256252305,260.731,0
COFs,Pseudo-Labeling,57,12.381929340315477,15,230,-6.152556607516783,258.805,0
COFs,Pseudo-Labeling,58,9.39608233851647,15,230,-9.13840360931579,259.39,0
COFs,Pseudo-Labeling,59,2.768421691579954,15,230,-15.766064256252305,252.325,0
COFs,Pseudo-Labeling,60,2.768421691579954,15,230,-15.766064256252305,260.046,0
COFs,Pseudo-Labeling,61,0.3635064340810032,15,230,-18.170979513751256,252.017,0
COFs,Sequential,42,11.81694086482391,15,230,-6.71754508300835,232.749,0
COFs,Sequential,43,2.768421691579954,15,230,-15.766064256252305,233.415,0
COFs,Sequential,44,9.578000673430148,15,230,-8.956485274402112,240.855,0
COFs,Sequential,45,2.768421691579954,15,230,-15.766064256252305,239.628,0
COFs,Sequential,46,2.768421691579954,15,230,-15.766064256252305,234.017,0
COFs,Sequential,47,12.286313844166015,15,230,-6.248172103666243,234.433,0
COFs,Sequential,48,13.282095575099078,15,230,-5.252390372733182,238.248,0
COFs,Sequential,49,7.94203521211173,15,230,-10.59245073572053,235.309,0
COFs,Sequential,50,2.768421691579954,15,230,-15.766064256252305,234.912,0
COFs,Sequential,51,9.39608233851647,15,230,-9.13840360931579,230.439,0
COFs,Sequential,52,11.580077249937606,15,230,-6.954408697894654,235.415,0
COFs,Sequential,53,11.54153489913809,15,230,-6.992951048694168,232.025,0
COFs,Sequential,54,10.90904598655704,15,230,-7.625439961275218,232.715,0
COFs,Sequential,55,14.284141411021764,15,230,-4.250344536810494,227.623,0
COFs,Sequential,56,2.768421691579954,15,230,-15.766064256252305,232.962,0
COFs,Sequential,57,10.90904598655704,15,230,-7.625439961275218,236.562,0
COFs,Sequential,58,0.0,15,230,-18.53448594783226,232.842,0
COFs,Sequential,59,2.768421691579954,15,230,-15.766064256252305,245.463,0
COFs,Sequential,60,2.768421691579954,15,230,-15.766064256252305,256.986,0
COFs,Sequential,61,0.0,15,230,-18.53448594783226,253.921,0
COFs,Soft Parameter Sharing,42,8.884098152249814,15,230,-9.650387795582445,315.77,0
COFs,Soft Parameter Sharing,43,2.768421691579954,15,230,-15.766064256252305,317.579,0
COFs,Soft Parameter Sharing,44,9.578000673430148,15,230,-8.956485274402112,311.201,0
COFs,Soft Parameter Sharing,45,2.768421691579954,15,230,-15.766064256252305,315.481,0
COFs,Soft Parameter Sharing,46,2.768421691579954,15,230,-15.766064256252305,317.643,0
COFs,Soft Parameter Sharing,47,7.94203521211173,15,230,-10.59245073572053,318.134,0
COFs,Soft Parameter Sharing,48,0.0,15,230,-18.53448594783226,310.105,0
COFs,Soft Parameter Sharing,49,7.94203521211173,15,230,-10.59245073572053,314.449,0
COFs,Soft Parameter Sharing,50,2.768421691579954,15,230,-15.766064256252305,314.912,0
COFs,Soft Parameter Sharing,51,12.711453124021489,15,230,-5.823032823810772,320.536,0
COFs,Soft Parameter Sharing,52,7.493759245588045,15,230,-11.040726702244214,317.443,0
COFs,Soft Parameter Sharing,53,0.1384703736115966,15,230,-18.396015574220662,306.79,0
COFs,Soft Parameter Sharing,54,11.653438568976892,15,230,-6.881047378855367,296.376,0
COFs,Soft Parameter Sharing,55,7.3926220436067585,15,230,-11.1418639042255,306.586,0
COFs,Soft Parameter Sharing,56,0.1384703736115966,15,230,-18.396015574220662,305.895,0
COFs,Soft Parameter Sharing,57,11.653438568976892,15,230,-6.881047378855367,304.34,0
COFs,Soft Parameter Sharing,58,8.627397315961137,15,230,-9.907088631871122,304.152,0
COFs,Soft Parameter Sharing,59,2.768421691579954,15,230,-15.766064256252305,307.856,0
COFs,Soft Parameter Sharing,60,2.768421691579954,15,230,-15.766064256252305,312.175,0
COFs,Soft Parameter Sharing,61,6.040486528414251,15,230,-12.493999419418008,303.691,0
COFs,Two-Stage Joint,42,11.580077249937606,15,230,-6.954408697894654,344.584,0
COFs,Two-Stage Joint,43,0.0,15,230,-18.53448594783226,345.236,0
COFs,Two-Stage Joint,44,6.806015904275972,15,230,-11.728470043556287,345.36,0
COFs,Two-Stage Joint,45,0.1384703736115966,15,230,-18.396015574220662,344.153,0
COFs,Two-Stage Joint,46,2.768421691579954,15,230,-15.766064256252305,344.394,0
COFs,Two-Stage Joint,47,6.040486528414251,15,230,-12.493999419418008,341.511,0
COFs,Two-Stage Joint,48,0.0,15,230,-18.53448594783226,342.49,0
COFs,Two-Stage Joint,49,0.1384703736115966,15,230,-18.396015574220662,344.789,0
COFs,Two-Stage Joint,50,0.1384703736115966,15,230,-18.396015574220662,367.238,0
COFs,Two-Stage Joint,51,3.542139991253217,15,230,-14.992345956579042,377.832,0
COFs,Two-Stage Joint,52,4.417357854172623,15,230,-14.117128093659636,356.155,0
COFs,Two-Stage Joint,53,9.578000673430148,15,230,-8.956485274402112,357.829,0
COFs,Two-Stage Joint,54,8.884098152249814,15,230,-9.650387795582445,362.576,0
COFs,Two-Stage Joint,55,3.542139991253217,15,230,-14.992345956579042,361.932,0
COFs,Two-Stage Joint,56,2.768421691579954,15,230,-15.766064256252305,363.022,0
COFs,Two-Stage Joint,57,7.6293969821581396,15,230,-10.90508896567412,366.4,0
COFs,Two-Stage Joint,58,7.912797874891282,15,230,-10.621688072940977,370.73,0
COFs,Two-Stage Joint,59,2.768421691579954,15,230,-15.766064256252305,369.148,0
COFs,Two-Stage Joint,60,2.768421691579954,15,230,-15.766064256252305,383.719,0
COFs,Two-Stage Joint,61,3.287155915439582,15,230,-15.247330032392677,383.047,0
FreeSolv,Adapter,42,0.27,24,259,-3.16,295.8,0
FreeSolv,Adapter,43,0.8800000000000003,24,259,-2.55,282.824,0
FreeSolv,Adapter,44,0.8700000000000001,24,259,-2.56,271.912,0
FreeSolv,Adapter,45,0.5,24,259,-2.93,270.703,0
FreeSolv,Adapter,46,0.8800000000000003,24,259,-2.55,273.675,0
FreeSolv,Adapter,47,2.91,24,259,-0.52,273.629,0
FreeSolv,Adapter,48,1.4300000000000002,24,259,-2.0,293.541,0
FreeSolv,Adapter,49,2.3600000000000003,24,259,-1.07,294.755,0
FreeSolv,Adapter,50,1.64,24,259,-1.79,285.313,0
FreeSolv,Adapter,51,1.85,24,259,-1.58,285.837,0
FreeSolv,Adapter,52,4.0,24,259,0.57,276.748,0
FreeSolv,Adapter,53,1.64,24,259,-1.79,281.441,0
FreeSolv,Adapter,54,0.5,24,259,-2.93,287.791,0
FreeSolv,Adapter,55,0.5,24,259,-2.93,288.444,0
FreeSolv,Adapter,56,0.5,24,259,-2.93,283.407,0
FreeSolv,Adapter,57,3.27,24,259,-0.16,292.728,0
FreeSolv,Adapter,58,0.5,24,259,-2.93,296.997,0
FreeSolv,Adapter,59,1.64,24,259,-1.79,300.588,0
FreeSolv,Adapter,60,0.5,24,259,-2.93,298.556,0
FreeSolv,Adapter,61,1.64,24,259,-1.79,302.905,0
FreeSolv,Curriculum,42,0.27,24,259,-3.16,334.401,0
FreeSolv,Curriculum,43,0.9500000000000002,24,259,-2.48,331.811,0
FreeSolv,Curriculum,44,0.4599999999999999,24,259,-2.97,339.774,0
FreeSolv,Curriculum,45,0.9200000000000004,24,259,-2.51,335.9,0
FreeSolv,Curriculum,46,1.3000000000000005,24,259,-2.13,322.255,0
FreeSolv,Curriculum,47,0.31,24,259,-3.12,330.331,0
FreeSolv,Curriculum,48,0.5,24,259,-2.93,328.12,0
FreeSolv,Curriculum,49,0.5,24,259,-2.93,317.827,0
FreeSolv,Curriculum,50,1.0900000000000003,24,259,-2.34,314.776,0
FreeSolv,Curriculum,51,0.31,24,259,-3.12,316.987,0
FreeSolv,Curriculum,52,0.5,24,259,-2.93,318.547,0
FreeSolv,Curriculum,53,1.3200000000000005,24,259,-2.11,314.53,0
FreeSolv,Curriculum,54,0.5,24,259,-2.93,312.731,0
FreeSolv,Curriculum,55,0.31,24,259,-3.12,311.781,0
FreeSolv,Curriculum,56,0.5,24,259,-2.93,313.071,0
FreeSolv,Curriculum,57,1.0900000000000003,24,259,-2.34,316.292,0
FreeSolv,Curriculum,58,0.5,24,259,-2.93,317.715,0
FreeSolv,Curriculum,59,0.31,24,259,-3.12,339.918,0
FreeSolv,Curriculum,60,0.5,24,259,-2.93,331.084,0
FreeSolv,Curriculum,61,0.5,24,259,-2.93,337.329,0
FreeSolv,DNGO-Gradient,42,0.27,24,259,-3.16,402.791,0
FreeSolv,DNGO-Gradient,43,0.9500000000000002,24,259,-2.48,408.842,0
FreeSolv,DNGO-Gradient,44,0.5,24,259,-2.93,398.239,0
FreeSolv,DNGO-Gradient,45,1.37,24,259,-2.06,397.532,0
FreeSolv,DNGO-Gradient,46,0.8800000000000003,24,259,-2.55,401.74,0
FreeSolv,DNGO-Gradient,47,1.66,24,259,-1.77,395.425,0
FreeSolv,DNGO-Gradient,48,0.5,24,259,-2.93,403.495,0
FreeSolv,DNGO-Gradient,49,1.33,24,259,-2.1,402.831,0
FreeSolv,DNGO-Gradient,50,0.9200000000000004,24,259,-2.51,390.83,0
FreeSolv,DNGO-Gradient,51,1.3200000000000005,24,259,-2.11,410.181,0
FreeSolv,DNGO-Gradient,52,0.8700000000000001,24,259,-2.56,422.97,0
FreeSolv,DNGO-Gradient,53,0.8800000000000003,24,259,-2.55,430.049,0
FreeSolv,DNGO-Gradient,54,0.5,24,259,-2.93,425.34,0
FreeSolv,DNGO-Gradient,55,0.5,24,259,-2.93,434.953,0
FreeSolv,DNGO-Gradient,56,0.5,24,259,-2.93,427.745,0
FreeSolv,DNGO-Gradient,57,1.0500000000000005,24,259,-2.38,427.154,0
FreeSolv,DNGO-Gradient,58,0.5,24,259,-2.93,435.062,0
FreeSolv,DNGO-Gradient,59,0.31,24,259,-3.12,390.353,0
FreeSolv,DNGO-Gradient,60,0.5,24,259,-2.93,390.829,0
FreeSolv,DNGO-Gradient,61,1.1300000000000003,24,259,-2.3,394.807,0
FreeSolv,DNGO-Joint,42,0.27,24,259,-3.16,366.961,0
FreeSolv,DNGO-Joint,43,0.8800000000000003,24,259,-2.55,352.932,0
FreeSolv,DNGO-Joint,44,0.8700000000000001,24,259,-2.56,355.147,0
FreeSolv,DNGO-Joint,45,0.5,24,259,-2.93,348.26,0
FreeSolv,DNGO-Joint,46,1.3200000000000005,24,259,-2.11,352.909,0
FreeSolv,DNGO-Joint,47,1.66,24,259,-1.77,351.152,0
FreeSolv,DNGO-Joint,48,0.5,24,259,-2.93,349.689,0
FreeSolv,DNGO-Joint,49,1.4300000000000002,24,259,-2.0,353.481,0
FreeSolv,DNGO-Joint,50,1.66,24,259,-1.77,353.074,0
FreeSolv,DNGO-Joint,51,0.6000000000000001,24,259,-2.83,361.004,0
FreeSolv,DNGO-Joint,52,0.31,24,259,-3.12,352.277,0
FreeSolv,DNGO-Joint,53,0.8800000000000003,24,259,-2.55,360.692,0
FreeSolv,DNGO-Joint,54,0.5,24,259,-2.93,373.69,0
FreeSolv,DNGO-Joint,55,0.31,24,259,-3.12,369.117,0
FreeSolv,DNGO-Joint,56,0.5500000000000003,24,259,-2.88,378.069,0
FreeSolv,DNGO-Joint,57,0.5,24,259,-2.93,384.371,0
FreeSolv,DNGO-Joint,58,0.5,24,259,-2.93,373.571,0
FreeSolv,DNGO-Joint,59,0.8800000000000003,24,259,-2.55,380.671,0
FreeSolv,DNGO-Joint,60,0.5,24,259,-2.93,373.496,0
FreeSolv,DNGO-Joint,61,0.5,24,259,-2.93,370.283,0
FreeSolv,Domain Adaptation (MMD),42,0.27,24,259,-3.16,460.458,0
FreeSolv,Domain Adaptation (MMD),43,0.8800000000000003,24,259,-2.55,456.006,0
FreeSolv,Domain Adaptation (MMD),44,1.1300000000000003,24,259,-2.3,456.802,0
FreeSolv,Domain Adaptation (MMD),45,0.31,24,259,-3.12,451.392,0
FreeSolv,Domain Adaptation (MMD),46,0.8800000000000003,24,259,-2.55,450.371,0
FreeSolv,Domain Adaptation (MMD),47,0.5,24,259,-2.93,483.9,0
FreeSolv,Domain Adaptation (MMD),48,0.5,24,259,-2.93,497.564,0
FreeSolv,Domain Adaptation (MMD),49,1.84,24,259,-1.59,488.346,0
FreeSolv,Domain Adaptation (MMD),50,1.3200000000000005,24,259,-2.11,492.864,0
FreeSolv,Domain Adaptation (MMD),51,0.8800000000000003,24,259,-2.55,495.889,0
FreeSolv,Domain Adaptation (MMD),52,1.64,24,259,-1.79,486.419,0
FreeSolv,Domain Adaptation (MMD),53,1.3000000000000005,24,259,-2.13,485.927,0
FreeSolv,Domain Adaptation (MMD),54,0.5,24,259,-2.93,449.167,0
FreeSolv,Domain Adaptation (MMD),55,0.31,24,259,-3.12,456.756,0
FreeSolv,Domain Adaptation (MMD),56,0.27,24,259,-3.16,471.053,0
FreeSolv,Domain Adaptation (MMD),57,0.8800000000000003,24,259,-2.55,477.311,0
FreeSolv,Domain Adaptation (MMD),58,0.5,24,259,-2.93,461.571,0
FreeSolv,Domain Adaptation (MMD),59,0.8800000000000003,24,259,-2.55,469.83,0
FreeSolv,Domain Adaptation (MMD),60,0.5,24,259,-2.93,467.631,0
FreeSolv,Domain Adaptation (MMD),61,1.3200000000000005,24,259,-2.11,475.533,0
FreeSolv,Knowledge Distillation,42,0.27,24,259,-3.16,270.216,0
FreeSolv,Knowledge Distillation,43,0.9500000000000002,24,259,-2.48,273.821,0
FreeSolv,Knowledge Distillation,44,0.4599999999999999,24,259,-2.97,270.368,0
FreeSolv,Knowledge Distillation,45,0.9200000000000004,24,259,-2.51,270.181,0
FreeSolv,Knowledge Distillation,46,1.96,24,259,-1.47,269.556,0
FreeSolv,Knowledge Distillation,47,0.31,24,259,-3.12,271.931,0
FreeSolv,Knowledge Distillation,48,0.7200000000000002,24,259,-2.71,274.176,0
FreeSolv,Knowledge Distillation,49,0.54,24,259,-2.89,270.529,0
FreeSolv,Knowledge Distillation,50,1.0500000000000005,24,259,-2.38,276.802,0
FreeSolv,Knowledge Distillation,51,0.54,24,259,-2.89,268.955,0
FreeSolv,Knowledge Distillation,52,0.5,24,259,-2.93,272.583,0
FreeSolv,Knowledge Distillation,53,0.5500000000000003,24,259,-2.88,293.782,0
FreeSolv,Knowledge Distillation,54,0.5,24,259,-2.93,296.961,0
FreeSolv,Knowledge Distillation,55,0.31,24,259,-3.12,291.141,0
FreeSolv,Knowledge Distillation,56,0.5,24,259,-2.93,292.021,0
FreeSolv,Knowledge Distillation,57,1.0900000000000003,24,259,-2.34,293.724,0
FreeSolv,Knowledge Distillation,58,0.5,24,259,-2.93,292.834,0
FreeSolv,Knowledge Distillation,59,0.31,24,259,-3.12,294.323,0
FreeSolv,Knowledge Distillation,60,0.5,24,259,-2.93,295.649,0
FreeSolv,Knowledge Distillation,61,1.0900000000000003,24,259,-2.34,302.789,0
FreeSolv,MFGP,42,0.27,24,259,-3.16,1508.596,0
FreeSolv,MFGP,43,0.5500000000000003,24,259,-2.88,1411.834,0
FreeSolv,MFGP,44,0.6000000000000001,24,259,-2.83,1289.978,0
FreeSolv,MFGP,45,0.5500000000000003,24,259,-2.88,1583.304,0
FreeSolv,MFGP,46,0.9200000000000004,24,259,-2.51,1415.186,0
FreeSolv,MFGP,47,0.5500000000000003,24,259,-2.88,1614.057,0
FreeSolv,MFGP,48,0.5500000000000003,24,259,-2.88,1453.077,0
FreeSolv,MFGP,49,0.9200000000000004,24,259,-2.51,1553.058,0
FreeSolv,MFGP,50,0.5500000000000003,24,259,-2.88,1437.243,0
FreeSolv,MFGP,51,0.7200000000000002,24,259,-2.71,1652.154,0
FreeSolv,MFGP,52,0.5,24,259,-2.93,1457.738,0
FreeSolv,MFGP,53,0.5,24,259,-2.93,1195.319,0
FreeSolv,MFGP,54,0.5,24,259,-2.93,1313.437,0
FreeSolv,MFGP,55,0.5,24,259,-2.93,1582.389,0
FreeSolv,MFGP,56,0.9200000000000004,24,259,-2.51,1574.724,0
FreeSolv,MFGP,57,0.7200000000000002,24,259,-2.71,1282.418,0
FreeSolv,MFGP,58,0.5,24,259,-2.93,1286.107,0
FreeSolv,MFGP,59,0.5,24,259,-2.93,1291.132,0
FreeSolv,MFGP,60,0.5,24,259,-2.93,1236.854,0
FreeSolv,MFGP,61,0.5500000000000003,24,259,-2.88,1368.615,0
FreeSolv,Progressive,42,0.27,24,259,-3.16,221.624,0
FreeSolv,Progressive,43,0.8700000000000001,24,259,-2.56,220.271,0
FreeSolv,Progressive,44,0.4599999999999999,24,259,-2.97,224.573,0
FreeSolv,Progressive,45,0.5,24,259,-2.93,221.705,0
FreeSolv,Progressive,46,1.64,24,259,-1.79,217.124,0
FreeSolv,Progressive,47,1.64,24,259,-1.79,220.319,0
FreeSolv,Progressive,48,0.5,24,259,-2.93,224.278,0
FreeSolv,Progressive,49,1.33,24,259,-2.1,219.787,0
FreeSolv,Progressive,50,0.8700000000000001,24,259,-2.56,220.838,0
FreeSolv,Progressive,51,0.8700000000000001,24,259,-2.56,222.487,0
FreeSolv,Progressive,52,0.5,24,259,-2.93,223.823,0
FreeSolv,Progressive,53,0.27,24,259,-3.16,224.193,0
FreeSolv,Progressive,54,0.5,24,259,-2.93,234.73,0
FreeSolv,Progressive,55,0.5,24,259,-2.93,226.851,0
FreeSolv,Progressive,56,0.7600000000000002,24,259,-2.67,234.419,0
FreeSolv,Progressive,57,0.8800000000000003,24,259,-2.55,223.14,0
FreeSolv,Progressive,58,0.5,24,259,-2.93,212.912,0
FreeSolv,Progressive,59,0.8800000000000003,24,259,-2.55,212.294,0
FreeSolv,Progressive,60,0.5,24,259,-2.93,218.616,0
FreeSolv,Progressive,61,1.64,24,259,-1.79,218.394,0
FreeSolv,Pseudo-Labeling,42,0.27,24,259,-3.16,325.003,0
FreeSolv,Pseudo-Labeling,43,0.9500000000000002,24,259,-2.48,318.536,0
FreeSolv,Pseudo-Labeling,44,0.5500000000000003,24,259,-2.88,307.478,0
FreeSolv,Pseudo-Labeling,45,0.5500000000000003,24,259,-2.88,318.063,0
FreeSolv,Pseudo-Labeling,46,1.5100000000000002,24,259,-1.92,317.014,0
FreeSolv,Pseudo-Labeling,47,0.9200000000000004,24,259,-2.51,314.775,0
FreeSolv,Pseudo-Labeling,48,1.1300000000000003,24,259,-2.3,305.159,0
FreeSolv,Pseudo-Labeling,49,0.54,24,259,-2.89,290.141,0
FreeSolv,Pseudo-Labeling,50,0.8800000000000003,24,259,-2.55,285.439,0
FreeSolv,Pseudo-Labeling,51,0.5,24,259,-2.93,293.484,0
FreeSolv,Pseudo-Labeling,52,0.5,24,259,-2.93,292.138,0
FreeSolv,Pseudo-Labeling,53,0.5500000000000003,24,259,-2.88,301.577,0
FreeSolv,Pseudo-Labeling,54,0.5,24,259,-2.93,296.976,0
FreeSolv,Pseudo-Labeling,55,0.5,24,259,-2.93,301.822,0
FreeSolv,Pseudo-Labeling,56,0.91,24,259,-2.52,304.929,0
FreeSolv,Pseudo-Labeling,57,0.91,24,259,-2.52,299.485,0
FreeSolv,Pseudo-Labeling,58,0.5,24,259,-2.93,302.037,0
FreeSolv,Pseudo-Labeling,59,0.31,24,259,-3.12,303.094,0
FreeSolv,Pseudo-Labeling,60,0.5,24,259,-2.93,296.805,0
FreeSolv,Pseudo-Labeling,61,1.0900000000000003,24,259,-2.34,311.839,0
FreeSolv,Sequential,42,0.27,24,259,-3.16,262.297,0
FreeSolv,Sequential,43,0.8800000000000003,24,259,-2.55,265.403,0
FreeSolv,Sequential,44,0.4599999999999999,24,259,-2.97,271.585,0
FreeSolv,Sequential,45,0.9200000000000004,24,259,-2.51,272.282,0
FreeSolv,Sequential,46,1.3200000000000005,24,259,-2.11,272.053,0
FreeSolv,Sequential,47,1.66,24,259,-1.77,275.024,0
FreeSolv,Sequential,48,0.5,24,259,-2.93,278.158,0
FreeSolv,Sequential,49,0.8800000000000003,24,259,-2.55,273.617,0
FreeSolv,Sequential,50,0.8800000000000003,24,259,-2.55,270.91,0
FreeSolv,Sequential,51,1.84,24,259,-1.59,269.225,0
FreeSolv,Sequential,52,0.5,24,259,-2.93,268.503,0
FreeSolv,Sequential,53,1.84,24,259,-1.59,272.508,0
FreeSolv,Sequential,54,0.5,24,259,-2.93,275.547,0
FreeSolv,Sequential,55,0.31,24,259,-3.12,283.43,0
FreeSolv,Sequential,56,2.2300000000000004,24,259,-1.2,266.952,0
FreeSolv,Sequential,57,0.54,24,259,-2.89,263.238,0
FreeSolv,Sequential,58,0.5,24,259,-2.93,254.77,0
FreeSolv,Sequential,59,0.31,24,259,-3.12,261.577,0
FreeSolv,Sequential,60,0.5,24,259,-2.93,264.469,0
FreeSolv,Sequential,61,0.6000000000000001,24,259,-2.83,260.13,0
FreeSolv,Soft Parameter Sharing,42,0.27,24,259,-3.16,368.398,0
FreeSolv,Soft Parameter Sharing,43,1.3000000000000005,24,259,-2.13,358.222,0
FreeSolv,Soft Parameter Sharing,44,0.5,24,259,-2.93,375.288,0
FreeSolv,Soft Parameter Sharing,45,0.5500000000000003,24,259,-2.88,375.459,0
FreeSolv,Soft Parameter Sharing,46,1.3000000000000005,24,259,-2.13,363.842,0
FreeSolv,Soft Parameter Sharing,47,1.64,24,259,-1.79,361.363,0
FreeSolv,Soft Parameter Sharing,48,0.31,24,259,-3.12,366.033,0
FreeSolv,Soft Parameter Sharing,49,1.4300000000000002,24,259,-2.0,364.748,0
FreeSolv,Soft Parameter Sharing,50,1.3000000000000005,24,259,-2.13,353.425,0
FreeSolv,Soft Parameter Sharing,51,0.8700000000000001,24,259,-2.56,337.281,0
FreeSolv,Soft Parameter Sharing,52,1.7300000000000002,24,259,-1.7,331.53,0
FreeSolv,Soft Parameter Sharing,53,0.8700000000000001,24,259,-2.56,335.261,0
FreeSolv,Soft Parameter Sharing,54,0.5,24,259,-2.93,346.732,0
FreeSolv,Soft Parameter Sharing,55,0.31,24,259,-3.12,364.42,0
FreeSolv,Soft Parameter Sharing,56,0.7600000000000002,24,259,-2.67,347.988,0
FreeSolv,Soft Parameter Sharing,57,1.0900000000000003,24,259,-2.34,346.764,0
FreeSolv,Soft Parameter Sharing,58,0.5,24,259,-2.93,351.609,0
FreeSolv,Soft Parameter Sharing,59,0.5,24,259,-2.93,342.9,0
FreeSolv,Soft Parameter Sharing,60,0.5,24,259,-2.93,349.749,0
FreeSolv,Soft Parameter Sharing,61,0.8800000000000003,24,259,-2.55,362.558,0
FreeSolv,Two-Stage Joint,42,0.27,24,259,-3.16,421.426,0
FreeSolv,Two-Stage Joint,43,0.8800000000000003,24,259,-2.55,419.197,0
FreeSolv,Two-Stage Joint,44,0.5,24,259,-2.93,388.426,0
FreeSolv,Two-Stage Joint,45,0.5,24,259,-2.93,391.437,0
FreeSolv,Two-Stage Joint,46,2.3600000000000003,24,259,-1.07,376.864,0
FreeSolv,Two-Stage Joint,47,0.31,24,259,-3.12,378.143,0
FreeSolv,Two-Stage Joint,48,0.5,24,259,-2.93,374.068,0
FreeSolv,Two-Stage Joint,49,0.5,24,259,-2.93,381.988,0
FreeSolv,Two-Stage Joint,50,0.5,24,259,-2.93,385.231,0
FreeSolv,Two-Stage Joint,51,0.5,24,259,-2.93,376.791,0
FreeSolv,Two-Stage Joint,52,1.7300000000000002,24,259,-1.7,379.286,0
FreeSolv,Two-Stage Joint,53,0.27,24,259,-3.16,386.19,0
FreeSolv,Two-Stage Joint,54,0.5,24,259,-2.93,396.438,0
FreeSolv,Two-Stage Joint,55,0.5,24,259,-2.93,417.2,0
FreeSolv,Two-Stage Joint,56,0.4599999999999999,24,259,-2.97,409.548,0
FreeSolv,Two-Stage Joint,57,0.8800000000000003,24,259,-2.55,412.096,0
FreeSolv,Two-Stage Joint,58,0.5,24,259,-2.93,413.225,0
FreeSolv,Two-Stage Joint,59,0.8800000000000003,24,259,-2.55,408.801,0
FreeSolv,Two-Stage Joint,60,0.5,24,259,-2.93,418.412,0
FreeSolv,Two-Stage Joint,61,1.3200000000000005,24,259,-2.11,409.731,0
HOPV15,Adapter,42,1.5999999999999996,15,149,-8.6,165.213,0
HOPV15,Adapter,43,2.499999999999999,15,149,-7.7,157.061,0
HOPV15,Adapter,44,2.6099999999999994,15,149,-7.59,159.903,0
HOPV15,Adapter,45,2.469999999999999,15,149,-7.73,156.121,0
HOPV15,Adapter,46,4.02,15,149,-6.18,164.113,0
HOPV15,Adapter,47,2.39,15,149,-7.81,157.971,0
HOPV15,Adapter,48,2.469999999999999,15,149,-7.73,165.399,0
HOPV15,Adapter,49,4.319999999999999,15,149,-5.88,161.364,0
HOPV15,Adapter,50,2.469999999999999,15,149,-7.73,165.236,0
HOPV15,Adapter,51,3.28,15,149,-6.92,162.728,0
HOPV15,Adapter,52,2.39,15,149,-7.81,163.464,0
HOPV15,Adapter,53,1.5999999999999996,15,149,-8.6,165.177,0
HOPV15,Adapter,54,3.39,15,149,-6.81,166.613,0
HOPV15,Adapter,55,4.18,15,149,-6.02,162.299,0
HOPV15,Adapter,56,4.15,15,149,-6.05,166.089,0
HOPV15,Adapter,57,3.53,15,149,-6.67,168.684,0
HOPV15,Adapter,58,2.469999999999999,15,149,-7.73,167.998,0
HOPV15,Adapter,59,1.5999999999999996,15,149,-8.6,172.39,0
HOPV15,Adapter,60,3.28,15,149,-6.92,164.075,0
HOPV15,Adapter,61,2.499999999999999,15,149,-7.7,171.008,0
HOPV15,Curriculum,42,2.4099999999999997,15,149,-7.79,177.504,0
HOPV15,Curriculum,43,2.999999999999999,15,149,-7.2,186.423,0
HOPV15,Curriculum,44,1.5999999999999996,15,149,-8.6,185.975,0
HOPV15,Curriculum,45,2.469999999999999,15,149,-7.73,185.297,0
HOPV15,Curriculum,46,3.1999999999999997,15,149,-7.0,177.226,0
HOPV15,Curriculum,47,2.999999999999999,15,149,-7.2,174.968,0
HOPV15,Curriculum,48,2.8999999999999995,15,149,-7.3,179.742,0
HOPV15,Curriculum,49,1.5999999999999996,15,149,-8.6,183.369,0
HOPV15,Curriculum,50,2.499999999999999,15,149,-7.7,176.085,0
HOPV15,Curriculum,51,2.6099999999999994,15,149,-7.59,178.017,0
HOPV15,Curriculum,52,3.499999999999999,15,149,-6.7,178.576,0
HOPV15,Curriculum,53,2.39,15,149,-7.81,175.105,0
HOPV15,Curriculum,54,2.39,15,149,-7.81,176.526,0
HOPV15,Curriculum,55,4.15,15,149,-6.05,175.966,0
HOPV15,Curriculum,56,2.469999999999999,15,149,-7.73,175.234,0
HOPV15,Curriculum,57,2.39,15,149,-7.81,174.86,0
HOPV15,Curriculum,58,3.9,15,149,-6.3,177.911,0
HOPV15,Curriculum,59,2.469999999999999,15,149,-7.73,175.301,0
HOPV15,Curriculum,60,3.28,15,149,-6.92,177.575,0
HOPV15,Curriculum,61,1.5999999999999996,15,149,-8.6,185.75,0
HOPV15,DNGO-Gradient,42,2.469999999999999,15,149,-7.73,247.669,0
HOPV15,DNGO-Gradient,43,3.39,15,149,-6.81,234.221,0
HOPV15,DNGO-Gradient,44,1.5999999999999996,15,149,-8.6,240.378,0
HOPV15,DNGO-Gradient,45,1.5999999999999996,15,149,-8.6,244.187,0
HOPV15,DNGO-Gradient,46,2.6999999999999997,15,149,-7.5,246.584,0
HOPV15,DNGO-Gradient,47,2.499999999999999,15,149,-7.7,246.985,0
HOPV15,DNGO-Gradient,48,2.8999999999999995,15,149,-7.3,236.351,0
HOPV15,DNGO-Gradient,49,2.469999999999999,15,149,-7.73,240.155,0
HOPV15,DNGO-Gradient,50,2.4099999999999997,15,149,-7.79,238.209,0
HOPV15,DNGO-Gradient,51,2.999999999999999,15,149,-7.2,236.397,0
HOPV15,DNGO-Gradient,52,2.469999999999999,15,149,-7.73,239.735,0
HOPV15,DNGO-Gradient,53,2.39,15,149,-7.81,254.398,0
HOPV15,DNGO-Gradient,54,2.4099999999999997,15,149,-7.79,254.305,0
HOPV15,DNGO-Gradient,55,3.28,15,149,-6.92,257.052,0
HOPV15,DNGO-Gradient,56,2.469999999999999,15,149,-7.73,251.433,0
HOPV15,DNGO-Gradient,57,3.39,15,149,-6.81,254.667,0
HOPV15,DNGO-Gradient,58,0.0,15,149,-10.2,255.202,0
HOPV15,DNGO-Gradient,59,2.8999999999999995,15,149,-7.3,248.736,0
HOPV15,DNGO-Gradient,60,3.499999999999999,15,149,-6.7,240.299,0
HOPV15,DNGO-Gradient,61,2.469999999999999,15,149,-7.73,234.406,0
HOPV15,DNGO-Joint,42,2.469999999999999,15,149,-7.73,210.934,0
HOPV15,DNGO-Joint,43,3.53,15,149,-6.67,208.589,0
HOPV15,DNGO-Joint,44,1.5999999999999996,15,149,-8.6,212.863,0
HOPV15,DNGO-Joint,45,1.5999999999999996,15,149,-8.6,211.653,0
HOPV15,DNGO-Joint,46,4.02,15,149,-6.18,218.551,0
HOPV15,DNGO-Joint,47,2.799999999999999,15,149,-7.4,213.525,0
HOPV15,DNGO-Joint,48,2.469999999999999,15,149,-7.73,210.032,0
HOPV15,DNGO-Joint,49,2.39,15,149,-7.81,208.196,0
HOPV15,DNGO-Joint,50,4.02,15,149,-6.18,205.778,0
HOPV15,DNGO-Joint,51,2.39,15,149,-7.81,208.474,0
HOPV15,DNGO-Joint,52,2.999999999999999,15,149,-7.2,201.409,0
HOPV15,DNGO-Joint,53,4.18,15,149,-6.02,211.832,0
HOPV15,DNGO-Joint,54,2.39,15,149,-7.81,208.873,0
HOPV15,DNGO-Joint,55,2.6099999999999994,15,149,-7.59,226.302,0
HOPV15,DNGO-Joint,56,3.94,15,149,-6.26,227.139,0
HOPV15,DNGO-Joint,57,4.319999999999999,15,149,-5.88,226.3,0
HOPV15,DNGO-Joint,58,2.6099999999999994,15,149,-7.59,214.477,0
HOPV15,DNGO-Joint,59,3.28,15,149,-6.92,225.146,0
HOPV15,DNGO-Joint,60,2.39,15,149,-7.81,218.942,0
HOPV15,DNGO-Joint,61,2.4099999999999997,15,149,-7.79,228.617,0
HOPV15,Domain Adaptation (MMD),42,1.5999999999999996,15,149,-8.6,263.963,0
HOPV15,Domain Adaptation (MMD),43,2.6099999999999994,15,149,-7.59,273.283,0
HOPV15,Domain Adaptation (MMD),44,3.879999999999999,15,149,-6.32,287.825,0
HOPV15,Domain Adaptation (MMD),45,2.499999999999999,15,149,-7.7,297.652,0
HOPV15,Domain Adaptation (MMD),46,3.28,15,149,-6.92,288.473,0
HOPV15,Domain Adaptation (MMD),47,2.999999999999999,15,149,-7.2,300.351,0
HOPV15,Domain Adaptation (MMD),48,2.999999999999999,15,149,-7.2,294.176,0
HOPV15,Domain Adaptation (MMD),49,2.499999999999999,15,149,-7.7,285.62,0
HOPV15,Domain Adaptation (MMD),50,1.5999999999999996,15,149,-8.6,258.575,0
HOPV15,Domain Adaptation (MMD),51,2.469999999999999,15,149,-7.73,266.621,0
HOPV15,Domain Adaptation (MMD),52,2.6999999999999997,15,149,-7.5,284.075,0
HOPV15,Domain Adaptation (MMD),53,3.9,15,149,-6.3,279.473,0
HOPV15,Domain Adaptation (MMD),54,2.8999999999999995,15,149,-7.3,285.212,0
HOPV15,Domain Adaptation (MMD),55,1.5999999999999996,15,149,-8.6,283.57,0
HOPV15,Domain Adaptation (MMD),56,4.18,15,149,-6.02,275.449,0
HOPV15,Domain Adaptation (MMD),57,0.0,15,149,-10.2,276.58,0
HOPV15,Domain Adaptation (MMD),58,2.8999999999999995,15,149,-7.3,290.026,0
HOPV15,Domain Adaptation (MMD),59,2.39,15,149,-7.81,291.394,0
HOPV15,Domain Adaptation (MMD),60,2.129999999999999,15,149,-8.07,289.322,0
HOPV15,Domain Adaptation (MMD),61,2.39,15,149,-7.81,283.884,0
HOPV15,Knowledge Distillation,42,2.999999999999999,15,149,-7.2,146.614,0
HOPV15,Knowledge Distillation,43,4.02,15,149,-6.18,147.021,0
HOPV15,Knowledge Distillation,44,0.0,15,149,-10.2,145.058,0
HOPV15,Knowledge Distillation,45,0.0,15,149,-10.2,147.159,0
HOPV15,Knowledge Distillation,46,3.499999999999999,15,149,-6.7,152.984,0
HOPV15,Knowledge Distillation,47,2.39,15,149,-7.81,148.826,0
HOPV15,Knowledge Distillation,48,2.469999999999999,15,149,-7.73,153.118,0
HOPV15,Knowledge Distillation,49,2.4099999999999997,15,149,-7.79,148.542,0
HOPV15,Knowledge Distillation,50,3.999999999999999,15,149,-6.2,161.9,0
HOPV15,Knowledge Distillation,51,2.39,15,149,-7.81,162.838,0
HOPV15,Knowledge Distillation,52,2.6999999999999997,15,149,-7.5,159.34,0
HOPV15,Knowledge Distillation,53,2.999999999999999,15,149,-7.2,159.759,0
HOPV15,Knowledge Distillation,54,2.6099999999999994,15,149,-7.59,162.878,0
HOPV15,Knowledge Distillation,55,3.9,15,149,-6.3,161.21,0
HOPV15,Knowledge Distillation,56,2.4099999999999997,15,149,-7.79,162.766,0
HOPV15,Knowledge Distillation,57,2.999999999999999,15,149,-7.2,165.164,0
HOPV15,Knowledge Distillation,58,2.499999999999999,15,149,-7.7,158.003,0
HOPV15,Knowledge Distillation,59,0.0,15,149,-10.2,160.192,0
HOPV15,Knowledge Distillation,60,3.28,15,149,-6.92,150.773,0
HOPV15,Knowledge Distillation,61,2.999999999999999,15,149,-7.2,153.166,0
HOPV15,MFGP,42,2.999999999999999,15,149,-7.2,242.816,0
HOPV15,MFGP,43,2.4099999999999997,15,149,-7.79,198.159,0
HOPV15,MFGP,44,3.879999999999999,15,149,-6.32,256.879,0
HOPV15,MFGP,45,2.799999999999999,15,149,-7.4,154.405,0
HOPV15,MFGP,46,2.999999999999999,15,149,-7.2,185.298,0
HOPV15,MFGP,47,2.999999999999999,15,149,-7.2,199.758,0
HOPV15,MFGP,48,4.029999999999999,15,149,-6.17,178.781,0
HOPV15,MFGP,49,2.799999999999999,15,149,-7.4,207.73,0
HOPV15,MFGP,50,3.789999999999999,15,149,-6.41,233.2,0
HOPV15,MFGP,51,2.799999999999999,15,149,-7.4,203.323,0
HOPV15,MFGP,52,3.499999999999999,15,149,-6.7,214.393,0
HOPV15,MFGP,53,2.999999999999999,15,149,-7.2,214.419,0
HOPV15,MFGP,54,3.53,15,149,-6.67,172.181,0
HOPV15,MFGP,55,3.6,15,149,-6.6,182.987,0
HOPV15,MFGP,56,2.39,15,149,-7.81,195.421,0
HOPV15,MFGP,57,2.4099999999999997,15,149,-7.79,165.645,0
HOPV15,MFGP,58,2.39,15,149,-7.81,191.24,0
HOPV15,MFGP,59,1.5999999999999996,15,149,-8.6,231.855,0
HOPV15,MFGP,60,3.6,15,149,-6.6,182.242,0
HOPV15,MFGP,61,4.359999999999999,15,149,-5.84,273.249,0
HOPV15,Progressive,42,2.6999999999999997,15,149,-7.5,119.259,0
HOPV15,Progressive,43,3.879999999999999,15,149,-6.32,120.842,0
HOPV15,Progressive,44,2.999999999999999,15,149,-7.2,120.729,0
HOPV15,Progressive,45,2.999999999999999,15,149,-7.2,121.716,0
HOPV15,Progressive,46,3.28,15,149,-6.92,119.293,0
HOPV15,Progressive,47,2.8999999999999995,15,149,-7.3,126.148,0
HOPV15,Progressive,48,1.5999999999999996,15,149,-8.6,125.873,0
HOPV15,Progressive,49,2.4099999999999997,15,149,-7.79,123.895,0
HOPV15,Progressive,50,2.8999999999999995,15,149,-7.3,122.005,0
HOPV15,Progressive,51,3.28,15,149,-6.92,119.719,0
HOPV15,Progressive,52,3.1999999999999997,15,149,-7.0,120.072,0
HOPV15,Progressive,53,4.319999999999999,15,149,-5.88,121.948,0
HOPV15,Progressive,54,2.6099999999999994,15,149,-7.59,121.959,0
HOPV15,Progressive,55,1.5999999999999996,15,149,-8.6,117.932,0
HOPV15,Progressive,56,2.4099999999999997,15,149,-7.79,118.157,0
HOPV15,Progressive,57,2.469999999999999,15,149,-7.73,120.587,0
HOPV15,Progressive,58,3.879999999999999,15,149,-6.32,116.836,0
HOPV15,Progressive,59,3.9,15,149,-6.3,121.101,0
HOPV15,Progressive,60,3.28,15,149,-6.92,123.15,0
HOPV15,Progressive,61,3.619999999999999,15,149,-6.58,123.749,0
HOPV15,Pseudo-Labeling,42,3.53,15,149,-6.67,174.861,0
HOPV15,Pseudo-Labeling,43,2.129999999999999,15,149,-8.07,173.183,0
HOPV15,Pseudo-Labeling,44,2.499999999999999,15,149,-7.7,175.321,0
HOPV15,Pseudo-Labeling,45,0.0,15,149,-10.2,178.668,0
HOPV15,Pseudo-Labeling,46,3.789999999999999,15,149,-6.41,171.712,0
HOPV15,Pseudo-Labeling,47,2.39,15,149,-7.81,175.659,0
HOPV15,Pseudo-Labeling,48,2.499999999999999,15,149,-7.7,174.829,0
HOPV15,Pseudo-Labeling,49,2.39,15,149,-7.81,171.144,0
HOPV15,Pseudo-Labeling,50,3.999999999999999,15,149,-6.2,170.594,0
HOPV15,Pseudo-Labeling,51,2.39,15,149,-7.81,157.731,0
HOPV15,Pseudo-Labeling,52,2.6999999999999997,15,149,-7.5,157.742,0
HOPV15,Pseudo-Labeling,53,2.499999999999999,15,149,-7.7,163.306,0
HOPV15,Pseudo-Labeling,54,3.9,15,149,-6.3,166.9,0
HOPV15,Pseudo-Labeling,55,2.469999999999999,15,149,-7.73,169.729,0
HOPV15,Pseudo-Labeling,56,2.4099999999999997,15,149,-7.79,166.304,0
HOPV15,Pseudo-Labeling,57,3.789999999999999,15,149,-6.41,168.245,0
HOPV15,Pseudo-Labeling,58,2.39,15,149,-7.81,165.329,0
HOPV15,Pseudo-Labeling,59,2.499999999999999,15,149,-7.7,173.825,0
HOPV15,Pseudo-Labeling,60,3.28,15,149,-6.92,165.802,0
HOPV15,Pseudo-Labeling,61,3.28,15,149,-6.92,165.882,0
HOPV15,Sequential,42,2.469999999999999,15,149,-7.73,157.946,0
HOPV15,Sequential,43,2.8999999999999995,15,149,-7.3,160.972,0
HOPV15,Sequential,44,2.39,15,149,-7.81,164.938,0
HOPV15,Sequential,45,4.02,15,149,-6.18,160.369,0
HOPV15,Sequential,46,3.499999999999999,15,149,-6.7,157.199,0
HOPV15,Sequential,47,4.759999999999999,15,149,-5.44,161.092,0
HOPV15,Sequential,48,2.8999999999999995,15,149,-7.3,152.846,0
HOPV15,Sequential,49,1.5999999999999996,15,149,-8.6,159.239,0
HOPV15,Sequential,50,2.499999999999999,15,149,-7.7,151.973,0
HOPV15,Sequential,51,2.4099999999999997,15,149,-7.79,152.247,0
HOPV15,Sequential,52,2.4099999999999997,15,149,-7.79,154.409,0
HOPV15,Sequential,53,2.39,15,149,-7.81,153.323,0
HOPV15,Sequential,54,2.129999999999999,15,149,-8.07,155.831,0
HOPV15,Sequential,55,3.28,15,149,-6.92,160.151,0
HOPV15,Sequential,56,1.5999999999999996,15,149,-8.6,156.152,0
HOPV15,Sequential,57,2.6999999999999997,15,149,-7.5,154.357,0
HOPV15,Sequential,58,2.39,15,149,-7.81,153.757,0
HOPV15,Sequential,59,3.28,15,149,-6.92,151.176,0
HOPV15,Sequential,60,3.28,15,149,-6.92,158.428,0
HOPV15,Sequential,61,3.28,15,149,-6.92,151.138,0
HOPV15,Soft Parameter Sharing,42,2.39,15,149,-7.81,206.493,0
HOPV15,Soft Parameter Sharing,43,2.799999999999999,15,149,-7.4,206.045,0
HOPV15,Soft Parameter Sharing,44,2.8999999999999995,15,149,-7.3,212.187,0
HOPV15,Soft Parameter Sharing,45,2.999999999999999,15,149,-7.2,213.376,0
HOPV15,Soft Parameter Sharing,46,2.39,15,149,-7.81,209.65,0
HOPV15,Soft Parameter Sharing,47,2.4099999999999997,15,149,-7.79,209.779,0
HOPV15,Soft Parameter Sharing,48,2.469999999999999,15,149,-7.73,202.189,0
HOPV15,Soft Parameter Sharing,49,1.5999999999999996,15,149,-8.6,217.805,0
HOPV15,Soft Parameter Sharing,50,2.39,15,149,-7.81,191.7,0
HOPV15,Soft Parameter Sharing,51,2.39,15,149,-7.81,189.715,0
HOPV15,Soft Parameter Sharing,52,3.28,15,149,-6.92,193.054,0
HOPV15,Soft Parameter Sharing,53,1.5999999999999996,15,149,-8.6,203.074,0
HOPV15,Soft Parameter Sharing,54,2.39,15,149,-7.81,207.921,0
HOPV15,Soft Parameter Sharing,55,1.5999999999999996,15,149,-8.6,208.209,0
HOPV15,Soft Parameter Sharing,56,1.5999999999999996,15,149,-8.6,198.354,0
HOPV15,Soft Parameter Sharing,57,0.0,15,149,-10.2,204.632,0
HOPV15,Soft Parameter Sharing,58,2.39,15,149,-7.81,200.341,0
HOPV15,Soft Parameter Sharing,59,2.469999999999999,15,149,-7.73,205.786,0
HOPV15,Soft Parameter Sharing,60,3.28,15,149,-6.92,199.7,0
HOPV15,Soft Parameter Sharing,61,2.39,15,149,-7.81,207.935,0
HOPV15,Two-Stage Joint,42,2.4099999999999997,15,149,-7.79,227.035,0
HOPV15,Two-Stage Joint,43,3.28,15,149,-6.92,222.381,0
HOPV15,Two-Stage Joint,44,3.789999999999999,15,149,-6.41,218.014,0
HOPV15,Two-Stage Joint,45,2.39,15,149,-7.81,217.045,0
HOPV15,Two-Stage Joint,46,2.129999999999999,15,149,-8.07,222.23,0
HOPV15,Two-Stage Joint,47,0.0,15,149,-10.2,223.141,0
HOPV15,Two-Stage Joint,48,2.8999999999999995,15,149,-7.3,217.642,0
HOPV15,Two-Stage Joint,49,1.5999999999999996,15,149,-8.6,210.376,0
HOPV15,Two-Stage Joint,50,1.5999999999999996,15,149,-8.6,212.895,0
HOPV15,Two-Stage Joint,51,2.39,15,149,-7.81,214.596,0
HOPV15,Two-Stage Joint,52,3.1999999999999997,15,149,-7.0,210.654,0
HOPV15,Two-Stage Joint,53,2.39,15,149,-7.81,212.789,0
HOPV15,Two-Stage Joint,54,2.39,15,149,-7.81,220.8,0
HOPV15,Two-Stage Joint,55,3.28,15,149,-6.92,233.925,0
HOPV15,Two-Stage Joint,56,2.39,15,149,-7.81,237.58,0
HOPV15,Two-Stage Joint,57,2.499999999999999,15,149,-7.7,230.812,0
HOPV15,Two-Stage Joint,58,0.0,15,149,-10.2,230.609,0
HOPV15,Two-Stage Joint,59,3.28,15,149,-6.92,236.724,0
HOPV15,Two-Stage Joint,60,2.39,15,149,-7.81,237.605,0
HOPV15,Two-Stage Joint,61,2.499999999999999,15,149,-7.7,243.976,0
Matbench-Gap,Adapter,42,0.1,10,199,0.1,247.414,0
Matbench-Gap,Adapter,43,0.1500000000000001,10,199,0.1500000000000001,240.236,0
Matbench-Gap,Adapter,44,0.3999999999999999,10,199,0.3999999999999999,250.675,0
Matbench-Gap,Adapter,45,0.7600000000000002,10,199,0.7600000000000002,240.655,0
Matbench-Gap,Adapter,46,0.1,10,199,0.1,245.384,0
Matbench-Gap,Adapter,47,0.28,10,199,0.28,240.212,0
Matbench-Gap,Adapter,48,1.4,10,199,1.4,248.246,0
Matbench-Gap,Adapter,49,0.7800000000000002,10,199,0.7800000000000002,234.901,0
Matbench-Gap,Adapter,50,0.54,10,199,0.54,192.572,0
Matbench-Gap,Adapter,51,0.1999999999999999,10,199,0.1999999999999999,171.98,0
Matbench-Gap,Adapter,52,0.0299999999999998,10,199,0.0299999999999998,156.745,0
Matbench-Gap,Adapter,53,0.7600000000000002,10,199,0.7600000000000002,155.4,0
Matbench-Gap,Adapter,54,0.3999999999999999,10,199,0.3999999999999999,153.009,0
Matbench-Gap,Adapter,55,0.1,10,199,0.1,153.589,0
Matbench-Gap,Adapter,56,1.4,10,199,1.4,151.744,0
Matbench-Gap,Adapter,57,0.05,10,199,0.05,127.809,0
Matbench-Gap,Adapter,58,0.6499999999999999,10,199,0.6499999999999999,128.489,0
Matbench-Gap,Adapter,59,1.4,10,199,1.4,129.399,0
Matbench-Gap,Adapter,60,0.6000000000000001,10,199,0.6000000000000001,129.558,0
Matbench-Gap,Adapter,61,0.2799999999999998,10,199,0.2799999999999998,126.415,0
Matbench-Gap,Curriculum,42,0.0299999999999998,10,199,0.0299999999999998,244.881,0
Matbench-Gap,Curriculum,43,0.1500000000000001,10,199,0.1500000000000001,243.694,0
Matbench-Gap,Curriculum,44,0.1,10,199,0.1,259.757,0
Matbench-Gap,Curriculum,45,0.3500000000000001,10,199,0.3500000000000001,252.46,0
Matbench-Gap,Curriculum,46,0.6800000000000002,10,199,0.6800000000000002,256.504,0
Matbench-Gap,Curriculum,47,0.2299999999999999,10,199,0.2299999999999999,251.588,0
Matbench-Gap,Curriculum,48,0.05,10,199,0.05,247.131,0
Matbench-Gap,Curriculum,49,0.7599999999999999,10,199,0.7599999999999999,248.388,0
Matbench-Gap,Curriculum,50,0.2000000000000001,10,199,0.2000000000000001,241.909,0
Matbench-Gap,Curriculum,51,0.7799999999999999,10,199,0.7799999999999999,235.971,0
Matbench-Gap,Curriculum,52,0.2000000000000001,10,199,0.2000000000000001,235.033,0
Matbench-Gap,Curriculum,53,0.01,10,199,0.01,240.264,0
Matbench-Gap,Curriculum,54,0.3799999999999999,10,199,0.3799999999999999,235.145,0
Matbench-Gap,Curriculum,55,0.2199999999999999,10,199,0.2199999999999999,247.921,0
Matbench-Gap,Curriculum,56,0.1100000000000001,10,199,0.1100000000000001,240.418,0
Matbench-Gap,Curriculum,57,0.2000000000000001,10,199,0.2000000000000001,254.312,0
Matbench-Gap,Curriculum,58,0.1,10,199,0.1,256.507,0
Matbench-Gap,Curriculum,59,0.3999999999999999,10,199,0.3999999999999999,256.653,0
Matbench-Gap,Curriculum,60,0.01,10,199,0.01,254.842,0
Matbench-Gap,Curriculum,61,0.02,10,199,0.02,274.682,0
Matbench-Gap,DNGO-Gradient,42,0.7800000000000002,10,199,0.7800000000000002,322.756,0
Matbench-Gap,DNGO-Gradient,43,0.1500000000000001,10,199,0.1500000000000001,325.103,0
Matbench-Gap,DNGO-Gradient,44,0.7999999999999999,10,199,0.7999999999999999,321.53,0
Matbench-Gap,DNGO-Gradient,45,0.1,10,199,0.1,325.788,0
Matbench-Gap,DNGO-Gradient,46,0.1,10,199,0.1,321.087,0
Matbench-Gap,DNGO-Gradient,47,1.2999999999999998,10,199,1.2999999999999998,322.092,0
Matbench-Gap,DNGO-Gradient,48,0.2000000000000001,10,199,0.2000000000000001,324.783,0
Matbench-Gap,DNGO-Gradient,49,0.3999999999999999,10,199,0.3999999999999999,343.234,0
Matbench-Gap,DNGO-Gradient,50,1.08,10,199,1.08,351.012,0
Matbench-Gap,DNGO-Gradient,51,0.7799999999999999,10,199,0.7799999999999999,356.876,0
Matbench-Gap,DNGO-Gradient,52,1.08,10,199,1.08,364.889,0
Matbench-Gap,DNGO-Gradient,53,1.4,10,199,1.4,371.76,0
Matbench-Gap,DNGO-Gradient,54,1.0,10,199,1.0,372.398,0
Matbench-Gap,DNGO-Gradient,55,0.2000000000000001,10,199,0.2000000000000001,356.483,0
Matbench-Gap,DNGO-Gradient,56,0.5399999999999999,10,199,0.5399999999999999,369.346,0
Matbench-Gap,DNGO-Gradient,57,0.1999999999999999,10,199,0.1999999999999999,334.005,0
Matbench-Gap,DNGO-Gradient,58,0.6600000000000001,10,199,0.6600000000000001,270.542,0
Matbench-Gap,DNGO-Gradient,59,0.0399999999999998,10,199,0.0399999999999998,245.25,0
Matbench-Gap,DNGO-Gradient,60,0.7800000000000002,10,199,0.7800000000000002,250.993,0
Matbench-Gap,DNGO-Gradient,61,0.8499999999999999,10,199,0.8499999999999999,245.148,0
Matbench-Gap,DNGO-Joint,42,0.1,10,199,0.1,288.567,0
Matbench-Gap,DNGO-Joint,43,0.1500000000000001,10,199,0.1500000000000001,283.356,0
Matbench-Gap,DNGO-Joint,44,0.2000000000000001,10,199,0.2000000000000001,287.962,0
Matbench-Gap,DNGO-Joint,45,1.16,10,199,1.16,280.209,0
Matbench-Gap,DNGO-Joint,46,0.3,10,199,0.3,279.979,0
Matbench-Gap,DNGO-Joint,47,0.6000000000000001,10,199,0.6000000000000001,288.726,0
Matbench-Gap,DNGO-Joint,48,0.96,10,199,0.96,280.069,0
Matbench-Gap,DNGO-Joint,49,0.4499999999999999,10,199,0.4499999999999999,278.755,0
Matbench-Gap,DNGO-Joint,50,0.0,10,199,0.0,286.435,0
Matbench-Gap,DNGO-Joint,51,0.2799999999999998,10,199,0.2799999999999998,305.485,0
Matbench-Gap,DNGO-Joint,52,0.2000000000000001,10,199,0.2000000000000001,304.135,0
Matbench-Gap,DNGO-Joint,53,0.7799999999999999,10,199,0.7799999999999999,303.112,0
Matbench-Gap,DNGO-Joint,54,0.2299999999999999,10,199,0.2299999999999999,333.494,0
Matbench-Gap,DNGO-Joint,55,0.4699999999999998,10,199,0.4699999999999998,330.325,0
Matbench-Gap,DNGO-Joint,56,1.4,10,199,1.4,327.309,0
Matbench-Gap,DNGO-Joint,57,0.0299999999999998,10,199,0.0299999999999998,319.117,0
Matbench-Gap,DNGO-Joint,58,1.4,10,199,1.4,320.217,0
Matbench-Gap,DNGO-Joint,59,0.5499999999999999,10,199,0.5499999999999999,326.526,0
Matbench-Gap,DNGO-Joint,60,0.4500000000000002,10,199,0.4500000000000002,300.734,0
Matbench-Gap,DNGO-Joint,61,0.7800000000000002,10,199,0.7800000000000002,244.42,0
Matbench-Gap,Domain Adaptation (MMD),42,0.02,10,199,0.02,347.515,0
Matbench-Gap,Domain Adaptation (MMD),43,0.1500000000000001,10,199,0.1500000000000001,347.405,0
Matbench-Gap,Domain Adaptation (MMD),44,0.02,10,199,0.02,347.313,0
Matbench-Gap,Domain Adaptation (MMD),45,0.3799999999999999,10,199,0.3799999999999999,367.552,0
Matbench-Gap,Domain Adaptation (MMD),46,0.1,10,199,0.1,386.781,0
Matbench-Gap,Domain Adaptation (MMD),47,0.02,10,199,0.02,385.746,0
Matbench-Gap,Domain Adaptation (MMD),48,0.2000000000000001,10,199,0.2000000000000001,411.645,0
Matbench-Gap,Domain Adaptation (MMD),49,0.1700000000000001,10,199,0.1700000000000001,412.658,0
Matbench-Gap,Domain Adaptation (MMD),50,0.98,10,199,0.98,403.378,0
Matbench-Gap,Domain Adaptation (MMD),51,0.1,10,199,0.1,407.002,0
Matbench-Gap,Domain Adaptation (MMD),52,0.4499999999999999,10,199,0.4499999999999999,402.712,0
Matbench-Gap,Domain Adaptation (MMD),53,0.1,10,199,0.1,331.334,0
Matbench-Gap,Domain Adaptation (MMD),54,0.0,10,199,0.0,257.89,0
Matbench-Gap,Domain Adaptation (MMD),55,0.55,10,199,0.55,246.311,0
Matbench-Gap,Domain Adaptation (MMD),56,0.01,10,199,0.01,242.266,0
Matbench-Gap,Domain Adaptation (MMD),57,0.6000000000000001,10,199,0.6000000000000001,227.31,0
Matbench-Gap,Domain Adaptation (MMD),58,0.1,10,199,0.1,198.505,0
Matbench-Gap,Domain Adaptation (MMD),59,0.2799999999999998,10,199,0.2799999999999998,200.25,0
Matbench-Gap,Domain Adaptation (MMD),60,0.7800000000000002,10,199,0.7800000000000002,193.031,0
Matbench-Gap,Domain Adaptation (MMD),61,0.28,10,199,0.28,87.376,0
Matbench-Gap,Knowledge Distillation,42,0.1,10,199,0.1,217.088,0
Matbench-Gap,Knowledge Distillation,43,0.0,10,199,0.0,212.253,0
Matbench-Gap,Knowledge Distillation,44,0.5399999999999999,10,199,0.5399999999999999,205.551,0
Matbench-Gap,Knowledge Distillation,45,0.1100000000000001,10,199,0.1100000000000001,210.173,0
Matbench-Gap,Knowledge Distillation,46,0.01,10,199,0.01,210.109,0
Matbench-Gap,Knowledge Distillation,47,0.2299999999999999,10,199,0.2299999999999999,214.345,0
Matbench-Gap,Knowledge Distillation,48,0.4000000000000001,10,199,0.4000000000000001,217.758,0
Matbench-Gap,Knowledge Distillation,49,0.32,10,199,0.32,228.481,0
Matbench-Gap,Knowledge Distillation,50,0.3299999999999998,10,199,0.3299999999999998,237.926,0
Matbench-Gap,Knowledge Distillation,51,0.2200000000000002,10,199,0.2200000000000002,230.968,0
Matbench-Gap,Knowledge Distillation,52,0.02,10,199,0.02,237.47,0
Matbench-Gap,Knowledge Distillation,53,0.55,10,199,0.55,245.541,0
Matbench-Gap,Knowledge Distillation,54,0.07,10,199,0.07,251.6,0
Matbench-Gap,Knowledge Distillation,55,0.06,10,199,0.06,248.345,0
Matbench-Gap,Knowledge Distillation,56,0.05,10,199,0.05,250.678,0
Matbench-Gap,Knowledge Distillation,57,0.28,10,199,0.28,244.697,0
Matbench-Gap,Knowledge Distillation,58,0.1,10,199,0.1,245.457,0
Matbench-Gap,Knowledge Distillation,59,0.03,10,199,0.03,244.864,0
Matbench-Gap,Knowledge Distillation,60,0.4000000000000001,10,199,0.4000000000000001,244.495,0
Matbench-Gap,Knowledge Distillation,61,0.1,10,199,0.1,243.746,0
Matbench-Gap,MFGP,42,0.0,10,199,0.0,257.722,0
Matbench-Gap,MFGP,43,0.0299999999999998,10,199,0.0299999999999998,376.518,0
Matbench-Gap,MFGP,44,0.2299999999999999,10,199,0.2299999999999999,222.112,0
Matbench-Gap,MFGP,45,0.1199999999999998,10,199,0.1199999999999998,291.265,0
Matbench-Gap,MFGP,46,0.0,10,199,0.0,257.787,0
Matbench-Gap,MFGP,47,0.0499999999999998,10,199,0.0499999999999998,187.213,0
Matbench-Gap,MFGP,48,1.4,10,199,1.4,277.617,0
Matbench-Gap,MFGP,49,0.28,10,199,0.28,273.134,0
Matbench-Gap,MFGP,50,0.28,10,199,0.28,307.722,0
Matbench-Gap,MFGP,51,0.04,10,199,0.04,291.017,0
Matbench-Gap,MFGP,52,0.1,10,199,0.1,275.865,0
Matbench-Gap,MFGP,53,0.48,10,199,0.48,274.563,0
Matbench-Gap,MFGP,54,0.48,10,199,0.48,526.865,0
Matbench-Gap,MFGP,55,0.01,10,199,0.01,396.884,0
Matbench-Gap,MFGP,56,0.52,10,199,0.52,360.41,0
Matbench-Gap,MFGP,57,0.02,10,199,0.02,264.436,0
Matbench-Gap,MFGP,58,0.0,10,199,0.0,613.411,0
Matbench-Gap,MFGP,59,0.0399999999999998,10,199,0.0399999999999998,560.763,0
Matbench-Gap,MFGP,60,0.1999999999999999,10,199,0.1999999999999999,246.61,0
Matbench-Gap,MFGP,61,0.5800000000000001,10,199,0.5800000000000001,304.897,0
Matbench-Gap,Progressive,42,0.0499999999999998,10,199,0.0499999999999998,174.336,0
Matbench-Gap,Progressive,43,0.0299999999999998,10,199,0.0299999999999998,175.229,0
Matbench-Gap,Progressive,44,0.48,10,199,0.48,177.755,0
Matbench-Gap,Progressive,45,0.1600000000000001,10,199,0.1600000000000001,178.462,0
Matbench-Gap,Progressive,46,1.25,10,199,1.25,177.372,0
Matbench-Gap,Progressive,47,0.4000000000000001,10,199,0.4000000000000001,171.934,0
Matbench-Gap,Progressive,48,1.4,10,199,1.4,176.685,0
Matbench-Gap,Progressive,49,0.28,10,199,0.28,180.027,0
Matbench-Gap,Progressive,50,0.0299999999999998,10,199,0.0299999999999998,175.786,0
Matbench-Gap,Progressive,51,0.01,10,199,0.01,175.833,0
Matbench-Gap,Progressive,52,0.0499999999999998,10,199,0.0499999999999998,182.138,0
Matbench-Gap,Progressive,53,0.0399999999999998,10,199,0.0399999999999998,184.514,0
Matbench-Gap,Progressive,54,0.07,10,199,0.07,184.329,0
Matbench-Gap,Progressive,55,0.1,10,199,0.1,184.028,0
Matbench-Gap,Progressive,56,0.1,10,199,0.1,179.297,0
Matbench-Gap,Progressive,57,0.07,10,199,0.07,177.34,0
Matbench-Gap,Progressive,58,0.03,10,199,0.03,172.917,0
Matbench-Gap,Progressive,59,0.3500000000000001,10,199,0.3500000000000001,169.456,0
Matbench-Gap,Progressive,60,0.1500000000000001,10,199,0.1500000000000001,174.263,0
Matbench-Gap,Progressive,61,0.02,10,199,0.02,174.805,0
Matbench-Gap,Pseudo-Labeling,42,0.1,10,199,0.1,271.19,0
Matbench-Gap,Pseudo-Labeling,43,0.0,10,199,0.0,263.612,0
Matbench-Gap,Pseudo-Labeling,44,0.7799999999999999,10,199,0.7799999999999999,271.634,0
Matbench-Gap,Pseudo-Labeling,45,0.7200000000000002,10,199,0.7200000000000002,263.573,0
Matbench-Gap,Pseudo-Labeling,46,0.6000000000000001,10,199,0.6000000000000001,260.738,0
Matbench-Gap,Pseudo-Labeling,47,0.2299999999999999,10,199,0.2299999999999999,275.287,0
Matbench-Gap,Pseudo-Labeling,48,0.4000000000000001,10,199,0.4000000000000001,266.593,0
Matbench-Gap,Pseudo-Labeling,49,0.3,10,199,0.3,272.482,0
Matbench-Gap,Pseudo-Labeling,50,0.54,10,199,0.54,230.318,0
Matbench-Gap,Pseudo-Labeling,51,0.2299999999999999,10,199,0.2299999999999999,196.518,0
Matbench-Gap,Pseudo-Labeling,52,0.0299999999999998,10,199,0.0299999999999998,172.031,0
Matbench-Gap,Pseudo-Labeling,53,0.55,10,199,0.55,168.491,0
Matbench-Gap,Pseudo-Labeling,54,0.0499999999999998,10,199,0.0499999999999998,170.942,0
Matbench-Gap,Pseudo-Labeling,55,0.2199999999999999,10,199,0.2199999999999999,167.974,0
Matbench-Gap,Pseudo-Labeling,56,0.05,10,199,0.05,158.929,0
Matbench-Gap,Pseudo-Labeling,57,0.1099999999999998,10,199,0.1099999999999998,140.376,0
Matbench-Gap,Pseudo-Labeling,58,0.1,10,199,0.1,145.252,0
Matbench-Gap,Pseudo-Labeling,59,0.0399999999999998,10,199,0.0399999999999998,147.449,0
Matbench-Gap,Pseudo-Labeling,60,0.02,10,199,0.02,145.763,0
Matbench-Gap,Pseudo-Labeling,61,0.1,10,199,0.1,101.877,0
Matbench-Gap,Sequential,42,0.1500000000000001,10,199,0.1500000000000001,201.36,0
Matbench-Gap,Sequential,43,0.1500000000000001,10,199,0.1500000000000001,209.051,0
Matbench-Gap,Sequential,44,0.7799999999999999,10,199,0.7799999999999999,217.061,0
Matbench-Gap,Sequential,45,0.07,10,199,0.07,207.54,0
Matbench-Gap,Sequential,46,0.7499999999999999,10,199,0.7499999999999999,218.725,0
Matbench-Gap,Sequential,47,0.03,10,199,0.03,207.416,0
Matbench-Gap,Sequential,48,1.4,10,199,1.4,209.926,0
Matbench-Gap,Sequential,49,0.3500000000000001,10,199,0.3500000000000001,213.508,0
Matbench-Gap,Sequential,50,0.55,10,199,0.55,210.199,0
Matbench-Gap,Sequential,51,0.4500000000000002,10,199,0.4500000000000002,213.557,0
Matbench-Gap,Sequential,52,0.7799999999999999,10,199,0.7799999999999999,216.844,0
Matbench-Gap,Sequential,53,0.1,10,199,0.1,224.515,0
Matbench-Gap,Sequential,54,1.1,10,199,1.1,218.997,0
Matbench-Gap,Sequential,55,1.2999999999999998,10,199,1.2999999999999998,212.398,0
Matbench-Gap,Sequential,56,0.1100000000000001,10,199,0.1100000000000001,218.913,0
Matbench-Gap,Sequential,57,1.35,10,199,1.35,207.079,0
Matbench-Gap,Sequential,58,1.2000000000000002,10,199,1.2000000000000002,208.915,0
Matbench-Gap,Sequential,59,0.0399999999999998,10,199,0.0399999999999998,214.814,0
Matbench-Gap,Sequential,60,0.7800000000000002,10,199,0.7800000000000002,204.973,0
Matbench-Gap,Sequential,61,0.0399999999999998,10,199,0.0399999999999998,203.103,0
Matbench-Gap,Soft Parameter Sharing,42,0.0499999999999998,10,199,0.0499999999999998,292.781,0
Matbench-Gap,Soft Parameter Sharing,43,0.1,10,199,0.1,282.548,0
Matbench-Gap,Soft Parameter Sharing,44,0.8999999999999999,10,199,0.8999999999999999,290.33,0
Matbench-Gap,Soft Parameter Sharing,45,0.3999999999999999,10,199,0.3999999999999999,295.769,0
Matbench-Gap,Soft Parameter Sharing,46,0.3999999999999999,10,199,0.3999999999999999,308.465,0
Matbench-Gap,Soft Parameter Sharing,47,0.0299999999999998,10,199,0.0299999999999998,306.534,0
Matbench-Gap,Soft Parameter Sharing,48,0.1,10,199,0.1,310.111,0
Matbench-Gap,Soft Parameter Sharing,49,0.7800000000000002,10,199,0.7800000000000002,308.317,0
Matbench-Gap,Soft Parameter Sharing,50,0.4699999999999998,10,199,0.4699999999999998,305.181,0
Matbench-Gap,Soft Parameter Sharing,51,0.4500000000000002,10,199,0.4500000000000002,304.464,0
Matbench-Gap,Soft Parameter Sharing,52,0.7599999999999999,10,199,0.7599999999999999,280.36,0
Matbench-Gap,Soft Parameter Sharing,53,1.4,10,199,1.4,230.639,0
Matbench-Gap,Soft Parameter Sharing,54,0.54,10,199,0.54,201.477,0
Matbench-Gap,Soft Parameter Sharing,55,0.24,10,199,0.24,197.19,0
Matbench-Gap,Soft Parameter Sharing,56,1.4,10,199,1.4,201.145,0
Matbench-Gap,Soft Parameter Sharing,57,0.2000000000000001,10,199,0.2000000000000001,197.659,0
Matbench-Gap,Soft Parameter Sharing,58,0.1,10,199,0.1,170.003,0
Matbench-Gap,Soft Parameter Sharing,59,1.4,10,199,1.4,169.406,0
Matbench-Gap,Soft Parameter Sharing,60,0.7800000000000002,10,199,0.7800000000000002,169.777,0
Matbench-Gap,Soft Parameter Sharing,61,0.1,10,199,0.1,165.514,0
Matbench-Gap,Two-Stage Joint,42,0.1,10,199,0.1,330.152,0
Matbench-Gap,Two-Stage Joint,43,0.1500000000000001,10,199,0.1500000000000001,320.652,0
Matbench-Gap,Two-Stage Joint,44,0.01,10,199,0.01,332.15,0
Matbench-Gap,Two-Stage Joint,45,0.27,10,199,0.27,310.013,0
Matbench-Gap,Two-Stage Joint,46,0.3299999999999998,10,199,0.3299999999999998,308.977,0
Matbench-Gap,Two-Stage Joint,47,0.49,10,199,0.49,296.03,0
Matbench-Gap,Two-Stage Joint,48,1.4,10,199,1.4,301.687,0
Matbench-Gap,Two-Stage Joint,49,0.1899999999999999,10,199,0.1899999999999999,301.304,0
Matbench-Gap,Two-Stage Joint,50,0.55,10,199,0.55,299.431,0
Matbench-Gap,Two-Stage Joint,51,0.1,10,199,0.1,295.712,0
Matbench-Gap,Two-Stage Joint,52,1.16,10,199,1.16,312.156,0
Matbench-Gap,Two-Stage Joint,53,0.54,10,199,0.54,326.431,0
Matbench-Gap,Two-Stage Joint,54,0.0499999999999998,10,199,0.0499999999999998,328.039,0
Matbench-Gap,Two-Stage Joint,55,1.4,10,199,1.4,343.763,0
Matbench-Gap,Two-Stage Joint,56,0.1999999999999999,10,199,0.1999999999999999,355.21,0
Matbench-Gap,Two-Stage Joint,57,1.4,10,199,1.4,353.243,0
Matbench-Gap,Two-Stage Joint,58,0.9700000000000002,10,199,0.9700000000000002,350.436,0
Matbench-Gap,Two-Stage Joint,59,0.3299999999999998,10,199,0.3299999999999998,359.709,0
Matbench-Gap,Two-Stage Joint,60,0.07,10,199,0.07,342.085,0
Matbench-Gap,Two-Stage Joint,61,0.5,10,199,0.5,330.756,0
Park-Fav,Adapter,42,1.087312731383618e-07,23,234,1.087312731383618e-07,299.055,0
Park-Fav,Adapter,43,1.087312731383618e-07,23,234,1.087312731383618e-07,291.539,0
Park-Fav,Adapter,44,1.087312731383618e-07,23,234,1.087312731383618e-07,303.564,0
Park-Fav,Adapter,45,1.087312731383618e-07,23,234,1.087312731383618e-07,311.531,0
Park-Fav,Adapter,46,1.087312731383618e-07,23,234,1.087312731383618e-07,309.31,0
Park-Fav,Adapter,47,1.087312731383618e-07,23,234,1.087312731383618e-07,317.664,0
Park-Fav,Adapter,48,1.087312731383618e-07,23,234,1.087312731383618e-07,308.793,0
Park-Fav,Adapter,49,1.087312731383618e-07,23,234,1.087312731383618e-07,308.224,0
Park-Fav,Adapter,50,1.087312731383618e-07,22,235,1.087312731383618e-07,300.02,0
Park-Fav,Adapter,51,1.087312731383618e-07,23,234,1.087312731383618e-07,305.36,0
Park-Fav,Adapter,52,1.087312731383618e-07,23,234,1.087312731383618e-07,308.798,0
Park-Fav,Adapter,53,1.087312731383618e-07,23,234,1.087312731383618e-07,314.26,0
Park-Fav,Adapter,54,1.087312731383618e-07,23,234,1.087312731383618e-07,315.534,0
Park-Fav,Adapter,55,1.087312731383618e-07,23,234,1.087312731383618e-07,299.555,0
Park-Fav,Adapter,56,1.087312731383618e-07,23,234,1.087312731383618e-07,276.118,0
Park-Fav,Adapter,57,1.087312731383618e-07,23,234,1.087312731383618e-07,277.758,0
Park-Fav,Adapter,58,1.087312731383618e-07,23,234,1.087312731383618e-07,277.377,0
Park-Fav,Adapter,59,1.087312731383618e-07,23,234,1.087312731383618e-07,272.218,0
Park-Fav,Adapter,60,1.087312731383618e-07,23,234,1.087312731383618e-07,277.545,0
Park-Fav,Adapter,61,1.087312731383618e-07,23,234,1.087312731383618e-07,299.541,0
Park-Fav,Curriculum,42,1.087312731383618e-07,23,234,1.087312731383618e-07,355.919,0
Park-Fav,Curriculum,43,1.087312731383618e-07,23,234,1.087312731383618e-07,348.673,0
Park-Fav,Curriculum,44,1.087312731383618e-07,23,234,1.087312731383618e-07,343.057,0
Park-Fav,Curriculum,45,1.087312731383618e-07,23,234,1.087312731383618e-07,336.009,0
Park-Fav,Curriculum,46,1.087312731383618e-07,23,234,1.087312731383618e-07,336.165,0
Park-Fav,Curriculum,47,1.087312731383618e-07,23,234,1.087312731383618e-07,342.223,0
Park-Fav,Curriculum,48,1.087312731383618e-07,23,234,1.087312731383618e-07,344.905,0
Park-Fav,Curriculum,49,1.087312731383618e-07,23,234,1.087312731383618e-07,348.709,0
Park-Fav,Curriculum,50,1.087312731383618e-07,22,235,1.087312731383618e-07,351.519,0
Park-Fav,Curriculum,51,1.087312731383618e-07,23,234,1.087312731383618e-07,361.886,0
Park-Fav,Curriculum,52,1.087312731383618e-07,23,234,1.087312731383618e-07,365.455,0
Park-Fav,Curriculum,53,1.087312731383618e-07,23,234,1.087312731383618e-07,361.864,0
Park-Fav,Curriculum,54,1.087312731383618e-07,23,234,1.087312731383618e-07,367.064,0
Park-Fav,Curriculum,55,1.087312731383618e-07,23,234,1.087312731383618e-07,355.478,0
Park-Fav,Curriculum,56,1.087312731383618e-07,23,234,1.087312731383618e-07,360.546,0
Park-Fav,Curriculum,57,1.087312731383618e-07,23,234,1.087312731383618e-07,367.237,0
Park-Fav,Curriculum,58,1.087312731383618e-07,23,234,1.087312731383618e-07,367.247,0
Park-Fav,Curriculum,59,1.087312731383618e-07,23,234,1.087312731383618e-07,355.248,0
Park-Fav,Curriculum,60,1.087312731383618e-07,23,234,1.087312731383618e-07,361.394,0
Park-Fav,Curriculum,61,1.087312731383618e-07,23,234,1.087312731383618e-07,358.605,0
Park-Fav,DNGO-Gradient,42,1.087312731383618e-07,23,234,1.087312731383618e-07,445.693,0
Park-Fav,DNGO-Gradient,43,1.087312731383618e-07,23,234,1.087312731383618e-07,416.901,0
Park-Fav,DNGO-Gradient,44,1.087312731383618e-07,23,234,1.087312731383618e-07,437.127,0
Park-Fav,DNGO-Gradient,45,1.087312731383618e-07,23,234,1.087312731383618e-07,451.372,0
Park-Fav,DNGO-Gradient,46,1.087312731383618e-07,23,234,1.087312731383618e-07,442.352,0
Park-Fav,DNGO-Gradient,47,1.087312731383618e-07,23,234,1.087312731383618e-07,469.112,0
Park-Fav,DNGO-Gradient,48,1.087312731383618e-07,23,234,1.087312731383618e-07,497.437,0
Park-Fav,DNGO-Gradient,49,1.087312731383618e-07,23,234,1.087312731383618e-07,467.281,0
Park-Fav,DNGO-Gradient,50,1.087312731383618e-07,22,235,1.087312731383618e-07,469.209,0
Park-Fav,DNGO-Gradient,51,1.087312731383618e-07,23,234,1.087312731383618e-07,458.722,0
Park-Fav,DNGO-Gradient,52,1.087312731383618e-07,23,234,1.087312731383618e-07,473.395,0
Park-Fav,DNGO-Gradient,53,1.087312731383618e-07,23,234,1.087312731383618e-07,455.367,0
Park-Fav,DNGO-Gradient,54,1.087312731383618e-07,23,234,1.087312731383618e-07,460.27,0
Park-Fav,DNGO-Gradient,55,1.087312731383618e-07,23,234,1.087312731383618e-07,466.93,0
Park-Fav,DNGO-Gradient,56,1.087312731383618e-07,23,234,1.087312731383618e-07,455.34,0
Park-Fav,DNGO-Gradient,57,1.087312731383618e-07,23,234,1.087312731383618e-07,447.648,0
Park-Fav,DNGO-Gradient,58,1.087312731383618e-07,23,234,1.087312731383618e-07,462.002,0
Park-Fav,DNGO-Gradient,59,1.087312731383618e-07,23,234,1.087312731383618e-07,459.893,0
Park-Fav,DNGO-Gradient,60,1.087312731383618e-07,23,234,1.087312731383618e-07,439.738,0
Park-Fav,DNGO-Gradient,61,1.087312731383618e-07,23,234,1.087312731383618e-07,414.211,0
Park-Fav,DNGO-Joint,42,1.087312731383618e-07,23,234,1.087312731383618e-07,399.65,0
Park-Fav,DNGO-Joint,43,1.087312731383618e-07,23,234,1.087312731383618e-07,403.979,0
Park-Fav,DNGO-Joint,44,1.087312731383618e-07,23,234,1.087312731383618e-07,399.463,0
Park-Fav,DNGO-Joint,45,1.087312731383618e-07,23,234,1.087312731383618e-07,398.136,0
Park-Fav,DNGO-Joint,46,1.087312731383618e-07,23,234,1.087312731383618e-07,398.935,0
Park-Fav,DNGO-Joint,47,1.087312731383618e-07,23,234,1.087312731383618e-07,439.662,0
Park-Fav,DNGO-Joint,48,1.087312731383618e-07,23,234,1.087312731383618e-07,425.997,0
Park-Fav,DNGO-Joint,49,1.087312731383618e-07,23,234,1.087312731383618e-07,441.227,0
Park-Fav,DNGO-Joint,50,1.087312731383618e-07,22,235,1.087312731383618e-07,432.47,0
Park-Fav,DNGO-Joint,51,1.087312731383618e-07,23,234,1.087312731383618e-07,426.951,0
Park-Fav,DNGO-Joint,52,1.087312731383618e-07,23,234,1.087312731383618e-07,425.607,0
Park-Fav,DNGO-Joint,53,1.087312731383618e-07,23,234,1.087312731383618e-07,426.347,0
Park-Fav,DNGO-Joint,54,1.087312731383618e-07,23,234,1.087312731383618e-07,437.962,0
Park-Fav,DNGO-Joint,55,1.087312731383618e-07,23,234,1.087312731383618e-07,424.842,0
Park-Fav,DNGO-Joint,56,1.087312731383618e-07,23,234,1.087312731383618e-07,422.519,0
Park-Fav,DNGO-Joint,57,1.087312731383618e-07,23,234,1.087312731383618e-07,435.667,0
Park-Fav,DNGO-Joint,58,1.087312731383618e-07,23,234,1.087312731383618e-07,434.539,0
Park-Fav,DNGO-Joint,59,1.087312731383618e-07,23,234,1.087312731383618e-07,419.416,0
Park-Fav,DNGO-Joint,60,1.087312731383618e-07,23,234,1.087312731383618e-07,420.777,0
Park-Fav,DNGO-Joint,61,1.087312731383618e-07,23,234,1.087312731383618e-07,426.572,0
Park-Fav,Domain Adaptation (MMD),42,1.087312731383618e-07,23,234,1.087312731383618e-07,556.708,0
Park-Fav,Domain Adaptation (MMD),43,1.087312731383618e-07,23,234,1.087312731383618e-07,549.968,0
Park-Fav,Domain Adaptation (MMD),44,1.087312731383618e-07,23,234,1.087312731383618e-07,541.975,0
Park-Fav,Domain Adaptation (MMD),45,1.087312731383618e-07,23,234,1.087312731383618e-07,553.782,0
Park-Fav,Domain Adaptation (MMD),46,1.087312731383618e-07,23,234,1.087312731383618e-07,545.55,0
Park-Fav,Domain Adaptation (MMD),47,1.087312731383618e-07,23,234,1.087312731383618e-07,549.829,0
Park-Fav,Domain Adaptation (MMD),48,1.087312731383618e-07,23,234,1.087312731383618e-07,531.876,0
Park-Fav,Domain Adaptation (MMD),49,1.087312731383618e-07,23,234,1.087312731383618e-07,539.069,0
Park-Fav,Domain Adaptation (MMD),50,1.087312731383618e-07,22,235,1.087312731383618e-07,492.373,0
Park-Fav,Domain Adaptation (MMD),51,1.087312731383618e-07,23,234,1.087312731383618e-07,499.671,0
Park-Fav,Domain Adaptation (MMD),52,1.087312731383618e-07,23,234,1.087312731383618e-07,523.245,0
Park-Fav,Domain Adaptation (MMD),53,1.087312731383618e-07,23,234,1.087312731383618e-07,516.16,0
Park-Fav,Domain Adaptation (MMD),54,1.087312731383618e-07,23,234,1.087312731383618e-07,503.031,0
Park-Fav,Domain Adaptation (MMD),55,1.087312731383618e-07,23,234,1.087312731383618e-07,507.356,0
Park-Fav,Domain Adaptation (MMD),56,1.087312731383618e-07,23,234,1.087312731383618e-07,504.113,0
Park-Fav,Domain Adaptation (MMD),57,1.087312731383618e-07,23,234,1.087312731383618e-07,509.03,0
Park-Fav,Domain Adaptation (MMD),58,1.087312731383618e-07,23,234,1.087312731383618e-07,454.548,0
Park-Fav,Domain Adaptation (MMD),59,1.087312731383618e-07,23,234,1.087312731383618e-07,450.511,0
Park-Fav,Domain Adaptation (MMD),60,1.087312731383618e-07,23,234,1.087312731383618e-07,445.916,0
Park-Fav,Domain Adaptation (MMD),61,1.087312731383618e-07,23,234,1.087312731383618e-07,477.667,0
Park-Fav,Knowledge Distillation,42,1.087312731383618e-07,23,234,1.087312731383618e-07,319.189,0
Park-Fav,Knowledge Distillation,43,1.087312731383618e-07,23,234,1.087312731383618e-07,327.5,0
Park-Fav,Knowledge Distillation,44,1.087312731383618e-07,23,234,1.087312731383618e-07,316.19,0
Park-Fav,Knowledge Distillation,45,1.087312731383618e-07,23,234,1.087312731383618e-07,323.655,0
Park-Fav,Knowledge Distillation,46,1.087312731383618e-07,23,234,1.087312731383618e-07,317.29,0
Park-Fav,Knowledge Distillation,47,1.087312731383618e-07,23,234,1.087312731383618e-07,313.289,0
Park-Fav,Knowledge Distillation,48,1.087312731383618e-07,23,234,1.087312731383618e-07,321.859,0
Park-Fav,Knowledge Distillation,49,1.087312731383618e-07,23,234,1.087312731383618e-07,325.814,0
Park-Fav,Knowledge Distillation,50,1.087312731383618e-07,22,235,1.087312731383618e-07,330.783,0
Park-Fav,Knowledge Distillation,51,1.087312731383618e-07,23,234,1.087312731383618e-07,332.942,0
Park-Fav,Knowledge Distillation,52,1.087312731383618e-07,23,234,1.087312731383618e-07,317.976,0
Park-Fav,Knowledge Distillation,53,1.087312731383618e-07,23,234,1.087312731383618e-07,321.794,0
Park-Fav,Knowledge Distillation,54,1.087312731383618e-07,23,234,1.087312731383618e-07,312.788,0
Park-Fav,Knowledge Distillation,55,1.087312731383618e-07,23,234,1.087312731383618e-07,319.908,0
Park-Fav,Knowledge Distillation,56,1.087312731383618e-07,23,234,1.087312731383618e-07,323.397,0
Park-Fav,Knowledge Distillation,57,1.087312731383618e-07,23,234,1.087312731383618e-07,319.727,0
Park-Fav,Knowledge Distillation,58,1.087312731383618e-07,23,234,1.087312731383618e-07,323.174,0
Park-Fav,Knowledge Distillation,59,1.087312731383618e-07,23,234,1.087312731383618e-07,322.21,0
Park-Fav,Knowledge Distillation,60,1.087312731383618e-07,23,234,1.087312731383618e-07,313.409,0
Park-Fav,Knowledge Distillation,61,1.087312731383618e-07,23,234,1.087312731383618e-07,314.884,0
Park-Fav,MFGP,42,1.087312731383618e-07,23,234,1.087312731383618e-07,1157.98,0
Park-Fav,MFGP,43,1.087312731383618e-07,23,234,1.087312731383618e-07,1099.804,0
Park-Fav,MFGP,44,1.087312731383618e-07,22,235,1.087312731383618e-07,1299.009,0
Park-Fav,MFGP,45,1.087312731383618e-07,23,234,1.087312731383618e-07,966.038,0
Park-Fav,MFGP,46,1.087312731383618e-07,23,234,1.087312731383618e-07,984.278,0
Park-Fav,MFGP,47,1.087312731383618e-07,23,234,1.087312731383618e-07,874.006,0
Park-Fav,MFGP,48,1.087312731383618e-07,23,234,1.087312731383618e-07,1037.034,0
Park-Fav,MFGP,49,1.087312731383618e-07,22,235,1.087312731383618e-07,829.019,0
Park-Fav,MFGP,50,1.087312731383618e-07,22,235,1.087312731383618e-07,788.4,0
Park-Fav,MFGP,51,1.087312731383618e-07,23,234,1.087312731383618e-07,894.159,0
Park-Fav,MFGP,52,1.087312731383618e-07,23,234,1.087312731383618e-07,1051.713,0
Park-Fav,MFGP,53,1.087312731383618e-07,23,234,1.087312731383618e-07,820.673,0
Park-Fav,MFGP,54,1.087312731383618e-07,23,234,1.087312731383618e-07,984.826,0
Park-Fav,MFGP,55,1.087312731383618e-07,23,234,1.087312731383618e-07,1152.821,0
Park-Fav,MFGP,56,1.087312731383618e-07,23,234,1.087312731383618e-07,1282.029,0
Park-Fav,MFGP,57,1.087312731383618e-07,23,234,1.087312731383618e-07,1008.234,0
Park-Fav,MFGP,58,1.087312731383618e-07,23,234,1.087312731383618e-07,894.343,0
Park-Fav,MFGP,59,1.087312731383618e-07,23,234,1.087312731383618e-07,934.509,0
Park-Fav,MFGP,60,1.087312731383618e-07,23,234,1.087312731383618e-07,896.538,0
Park-Fav,MFGP,61,1.087312731383618e-07,23,234,1.087312731383618e-07,792.985,0
Park-Fav,Progressive,42,1.087312731383618e-07,23,234,1.087312731383618e-07,251.075,0
Park-Fav,Progressive,43,1.087312731383618e-07,23,234,1.087312731383618e-07,239.324,0
Park-Fav,Progressive,44,1.087312731383618e-07,23,234,1.087312731383618e-07,241.718,0
Park-Fav,Progressive,45,1.087312731383618e-07,23,234,1.087312731383618e-07,239.041,0
Park-Fav,Progressive,46,1.087312731383618e-07,23,234,1.087312731383618e-07,228.869,0
Park-Fav,Progressive,47,1.087312731383618e-07,23,234,1.087312731383618e-07,233.006,0
Park-Fav,Progressive,48,1.087312731383618e-07,23,234,1.087312731383618e-07,231.083,0
Park-Fav,Progressive,49,1.087312731383618e-07,23,234,1.087312731383618e-07,231.333,0
Park-Fav,Progressive,50,1.087312731383618e-07,22,235,1.087312731383618e-07,234.434,0
Park-Fav,Progressive,51,1.087312731383618e-07,23,234,1.087312731383618e-07,233.014,0
Park-Fav,Progressive,52,1.087312731383618e-07,23,234,1.087312731383618e-07,236.024,0
Park-Fav,Progressive,53,1.087312731383618e-07,23,234,1.087312731383618e-07,240.158,0
Park-Fav,Progressive,54,1.087312731383618e-07,23,234,1.087312731383618e-07,248.057,0
Park-Fav,Progressive,55,1.087312731383618e-07,23,234,1.087312731383618e-07,247.606,0
Park-Fav,Progressive,56,1.087312731383618e-07,23,234,1.087312731383618e-07,242.958,0
Park-Fav,Progressive,57,1.087312731383618e-07,23,234,1.087312731383618e-07,249.548,0
Park-Fav,Progressive,58,1.087312731383618e-07,23,234,1.087312731383618e-07,247.413,0
Park-Fav,Progressive,59,1.087312731383618e-07,23,234,1.087312731383618e-07,251.171,0
Park-Fav,Progressive,60,1.087312731383618e-07,23,234,1.087312731383618e-07,252.487,0
Park-Fav,Progressive,61,1.087312731383618e-07,23,234,1.087312731383618e-07,253.391,0
Park-Fav,Pseudo-Labeling,42,1.087312731383618e-07,23,234,1.087312731383618e-07,336.577,0
Park-Fav,Pseudo-Labeling,43,1.087312731383618e-07,23,234,1.087312731383618e-07,330.083,0
Park-Fav,Pseudo-Labeling,44,1.087312731383618e-07,23,234,1.087312731383618e-07,333.226,0
Park-Fav,Pseudo-Labeling,45,1.087312731383618e-07,23,234,1.087312731383618e-07,323.47,0
Park-Fav,Pseudo-Labeling,46,1.087312731383618e-07,23,234,1.087312731383618e-07,328.327,0
Park-Fav,Pseudo-Labeling,47,1.087312731383618e-07,23,234,1.087312731383618e-07,322.76,0
Park-Fav,Pseudo-Labeling,48,1.087312731383618e-07,23,234,1.087312731383618e-07,305.327,0
Park-Fav,Pseudo-Labeling,49,1.087312731383618e-07,23,234,1.087312731383618e-07,308.138,0
Park-Fav,Pseudo-Labeling,50,1.087312731383618e-07,22,235,1.087312731383618e-07,318.511,0
Park-Fav,Pseudo-Labeling,51,1.087312731383618e-07,23,234,1.087312731383618e-07,323.721,0
Park-Fav,Pseudo-Labeling,52,1.087312731383618e-07,23,234,1.087312731383618e-07,325.189,0
Park-Fav,Pseudo-Labeling,53,1.087312731383618e-07,23,234,1.087312731383618e-07,312.53,0
Park-Fav,Pseudo-Labeling,54,1.087312731383618e-07,23,234,1.087312731383618e-07,321.919,0
Park-Fav,Pseudo-Labeling,55,1.087312731383618e-07,23,234,1.087312731383618e-07,317.876,0
Park-Fav,Pseudo-Labeling,56,1.087312731383618e-07,23,234,1.087312731383618e-07,311.538,0
Park-Fav,Pseudo-Labeling,57,1.087312731383618e-07,23,234,1.087312731383618e-07,309.496,0
Park-Fav,Pseudo-Labeling,58,1.087312731383618e-07,23,234,1.087312731383618e-07,314.207,0
Park-Fav,Pseudo-Labeling,59,1.087312731383618e-07,23,234,1.087312731383618e-07,303.463,0
Park-Fav,Pseudo-Labeling,60,1.087312731383618e-07,23,234,1.087312731383618e-07,314.683,0
Park-Fav,Pseudo-Labeling,61,1.087312731383618e-07,23,234,1.087312731383618e-07,285.304,0
Park-Fav,Sequential,42,1.087312731383618e-07,23,234,1.087312731383618e-07,298.657,0
Park-Fav,Sequential,43,1.087312731383618e-07,23,234,1.087312731383618e-07,296.002,0
Park-Fav,Sequential,44,1.087312731383618e-07,23,234,1.087312731383618e-07,313.957,0
Park-Fav,Sequential,45,1.087312731383618e-07,23,234,1.087312731383618e-07,291.37,0
Park-Fav,Sequential,46,1.087312731383618e-07,23,234,1.087312731383618e-07,278.556,0
Park-Fav,Sequential,47,1.087312731383618e-07,23,234,1.087312731383618e-07,286.815,0
Park-Fav,Sequential,48,1.087312731383618e-07,23,234,1.087312731383618e-07,292.179,0
Park-Fav,Sequential,49,1.087312731383618e-07,23,234,1.087312731383618e-07,288.978,0
Park-Fav,Sequential,50,1.087312731383618e-07,22,235,1.087312731383618e-07,290.158,0
Park-Fav,Sequential,51,1.087312731383618e-07,23,234,1.087312731383618e-07,286.005,0
Park-Fav,Sequential,52,1.087312731383618e-07,23,234,1.087312731383618e-07,309.804,0
Park-Fav,Sequential,53,1.087312731383618e-07,23,234,1.087312731383618e-07,321.364,0
Park-Fav,Sequential,54,1.087312731383618e-07,23,234,1.087312731383618e-07,304.043,0
Park-Fav,Sequential,55,1.087312731383618e-07,23,234,1.087312731383618e-07,309.195,0
Park-Fav,Sequential,56,1.087312731383618e-07,23,234,1.087312731383618e-07,312.169,0
Park-Fav,Sequential,57,1.087312731383618e-07,23,234,1.087312731383618e-07,317.236,0
Park-Fav,Sequential,58,1.087312731383618e-07,23,234,1.087312731383618e-07,311.835,0
Park-Fav,Sequential,59,1.087312731383618e-07,23,234,1.087312731383618e-07,312.948,0
Park-Fav,Sequential,60,1.087312731383618e-07,23,234,1.087312731383618e-07,300.051,0
Park-Fav,Sequential,61,1.087312731383618e-07,23,234,1.087312731383618e-07,311.358,0
Park-Fav,Soft Parameter Sharing,42,1.087312731383618e-07,23,234,1.087312731383618e-07,380.741,0
Park-Fav,Soft Parameter Sharing,43,1.087312731383618e-07,23,234,1.087312731383618e-07,382.538,0
Park-Fav,Soft Parameter Sharing,44,1.087312731383618e-07,23,234,1.087312731383618e-07,383.937,0
Park-Fav,Soft Parameter Sharing,45,1.087312731383618e-07,23,234,1.087312731383618e-07,385.197,0
Park-Fav,Soft Parameter Sharing,46,1.087312731383618e-07,23,234,1.087312731383618e-07,375.586,0
Park-Fav,Soft Parameter Sharing,47,1.087312731383618e-07,23,234,1.087312731383618e-07,386.372,0
Park-Fav,Soft Parameter Sharing,48,1.087312731383618e-07,23,234,1.087312731383618e-07,389.583,0
Park-Fav,Soft Parameter Sharing,49,1.087312731383618e-07,23,234,1.087312731383618e-07,382.245,0
Park-Fav,Soft Parameter Sharing,50,1.087312731383618e-07,22,235,1.087312731383618e-07,364.844,0
Park-Fav,Soft Parameter Sharing,51,1.087312731383618e-07,23,234,1.087312731383618e-07,350.706,0
Park-Fav,Soft Parameter Sharing,52,1.087312731383618e-07,23,234,1.087312731383618e-07,350.756,0
Park-Fav,Soft Parameter Sharing,53,1.087312731383618e-07,23,234,1.087312731383618e-07,373.267,0
Park-Fav,Soft Parameter Sharing,54,1.087312731383618e-07,23,234,1.087312731383618e-07,363.77,0
Park-Fav,Soft Parameter Sharing,55,1.087312731383618e-07,23,234,1.087312731383618e-07,365.024,0
Park-Fav,Soft Parameter Sharing,56,1.087312731383618e-07,23,234,1.087312731383618e-07,359.026,0
Park-Fav,Soft Parameter Sharing,57,1.087312731383618e-07,23,234,1.087312731383618e-07,351.719,0
Park-Fav,Soft Parameter Sharing,58,1.087312731383618e-07,23,234,1.087312731383618e-07,362.393,0
Park-Fav,Soft Parameter Sharing,59,1.087312731383618e-07,23,234,1.087312731383618e-07,368.077,0
Park-Fav,Soft Parameter Sharing,60,1.087312731383618e-07,23,234,1.087312731383618e-07,356.722,0
Park-Fav,Soft Parameter Sharing,61,1.087312731383618e-07,23,234,1.087312731383618e-07,357.423,0
Park-Fav,Two-Stage Joint,42,1.087312731383618e-07,23,234,1.087312731383618e-07,461.072,0
Park-Fav,Two-Stage Joint,43,1.087312731383618e-07,23,234,1.087312731383618e-07,438.114,0
Park-Fav,Two-Stage Joint,44,1.087312731383618e-07,23,234,1.087312731383618e-07,422.376,0
Park-Fav,Two-Stage Joint,45,1.087312731383618e-07,23,234,1.087312731383618e-07,424.22,0
Park-Fav,Two-Stage Joint,46,1.087312731383618e-07,23,234,1.087312731383618e-07,426.239,0
Park-Fav,Two-Stage Joint,47,1.087312731383618e-07,23,234,1.087312731383618e-07,450.129,0
Park-Fav,Two-Stage Joint,48,1.087312731383618e-07,23,234,1.087312731383618e-07,476.109,0
Park-Fav,Two-Stage Joint,49,1.087312731383618e-07,23,234,1.087312731383618e-07,471.407,0
Park-Fav,Two-Stage Joint,50,1.087312731383618e-07,22,235,1.087312731383618e-07,467.485,0
Park-Fav,Two-Stage Joint,51,1.087312731383618e-07,23,234,1.087312731383618e-07,469.845,0
Park-Fav,Two-Stage Joint,52,1.087312731383618e-07,23,234,1.087312731383618e-07,462.544,0
Park-Fav,Two-Stage Joint,53,1.087312731383618e-07,23,234,1.087312731383618e-07,467.478,0
Park-Fav,Two-Stage Joint,54,1.087312731383618e-07,23,234,1.087312731383618e-07,465.078,0
Park-Fav,Two-Stage Joint,55,1.087312731383618e-07,23,234,1.087312731383618e-07,447.587,0
Park-Fav,Two-Stage Joint,56,1.087312731383618e-07,23,234,1.087312731383618e-07,465.0,0
Park-Fav,Two-Stage Joint,57,1.087312731383618e-07,23,234,1.087312731383618e-07,469.345,0
Park-Fav,Two-Stage Joint,58,1.087312731383618e-07,23,234,1.087312731383618e-07,464.272,0
Park-Fav,Two-Stage Joint,59,1.087312731383618e-07,23,234,1.087312731383618e-07,467.348,0
Park-Fav,Two-Stage Joint,60,1.087312731383618e-07,23,234,1.087312731383618e-07,472.042,0
Park-Fav,Two-Stage Joint,61,1.087312731383618e-07,23,234,1.087312731383618e-07,429.213,0
Park-Unfav,Adapter,42,0.9060940243681364,24,52,0.9060940243681364,82.088,0
Park-Unfav,Adapter,43,1.5248471779533417e-07,24,52,1.5248471779533417e-07,80.714,0
Park-Unfav,Adapter,44,1.1281375602258803e-07,24,52,1.1281375602258803e-07,81.221,0
Park-Unfav,Adapter,45,1.5248471779533417e-07,24,52,1.5248471779533417e-07,74.057,0
Park-Unfav,Adapter,46,1.1281375602258803e-07,24,52,1.1281375602258803e-07,76.386,0
Park-Unfav,Adapter,47,1.087312731383618e-07,24,52,1.087312731383618e-07,74.099,0
Park-Unfav,Adapter,48,1.1161802446987618e-07,24,52,1.1161802446987618e-07,73.249,0
Park-Unfav,Adapter,49,2.0620396529616522e-07,24,52,2.0620396529616522e-07,73.004,0
Park-Unfav,Adapter,50,1.1161802446987618e-07,24,52,1.1161802446987618e-07,78.784,0
Park-Unfav,Adapter,51,1.552276366333939e-07,24,52,1.552276366333939e-07,76.808,0
Park-Unfav,Adapter,52,1.137312731133618e-07,24,52,1.137312731133618e-07,80.243,0
Park-Unfav,Adapter,53,1.1281375602258803e-07,24,52,1.1281375602258803e-07,72.55,0
Park-Unfav,Adapter,54,1.1281375602258803e-07,24,52,1.1281375602258803e-07,75.431,0
Park-Unfav,Adapter,55,0.9060940243681364,24,52,0.9060940243681364,77.472,0
Park-Unfav,Adapter,56,1.5248471779533417e-07,24,52,1.5248471779533417e-07,77.928,0
Park-Unfav,Adapter,57,1.560885138775958e-07,24,52,1.560885138775958e-07,77.212,0
Park-Unfav,Adapter,58,1.1161802446987618e-07,24,52,1.1161802446987618e-07,80.044,0
Park-Unfav,Adapter,59,1.5248471779533417e-07,24,52,1.5248471779533417e-07,73.802,0
Park-Unfav,Adapter,60,1.137312731133618e-07,24,52,1.137312731133618e-07,76.033,0
Park-Unfav,Adapter,61,1.1281375602258803e-07,24,52,1.1281375602258803e-07,75.305,0
Park-Unfav,Curriculum,42,1.1161802446987618e-07,24,52,1.1161802446987618e-07,90.536,0
Park-Unfav,Curriculum,43,1.087312731383618e-07,24,52,1.087312731383618e-07,93.111,0
Park-Unfav,Curriculum,44,1.541513844536675e-07,24,52,1.541513844536675e-07,89.712,0
Park-Unfav,Curriculum,45,2.0620396529616522e-07,24,52,2.0620396529616522e-07,89.499,0
Park-Unfav,Curriculum,46,1.560885138775958e-07,24,52,1.560885138775958e-07,88.791,0
Park-Unfav,Curriculum,47,1.087312731383618e-07,24,52,1.087312731383618e-07,88.483,0
Park-Unfav,Curriculum,48,1.560885138775958e-07,24,52,1.560885138775958e-07,89.093,0
Park-Unfav,Curriculum,49,1.5248471779533417e-07,24,52,1.5248471779533417e-07,91.209,0
Park-Unfav,Curriculum,50,1.1161802446987618e-07,24,52,1.1161802446987618e-07,88.966,0
Park-Unfav,Curriculum,51,1.087312731383618e-07,24,52,1.087312731383618e-07,90.096,0
Park-Unfav,Curriculum,52,1.1161802446987618e-07,24,52,1.1161802446987618e-07,88.337,0
Park-Unfav,Curriculum,53,1.541513844536675e-07,24,52,1.541513844536675e-07,88.399,0
Park-Unfav,Curriculum,54,1.5248471779533417e-07,24,52,1.5248471779533417e-07,90.953,0
Park-Unfav,Curriculum,55,1.087312731383618e-07,24,52,1.087312731383618e-07,93.742,0
Park-Unfav,Curriculum,56,1.087312731383618e-07,24,52,1.087312731383618e-07,88.91,0
Park-Unfav,Curriculum,57,1.560885138775958e-07,24,52,1.560885138775958e-07,90.145,0
Park-Unfav,Curriculum,58,1.087312731383618e-07,24,52,1.087312731383618e-07,90.72,0
Park-Unfav,Curriculum,59,1.1161802446987618e-07,24,52,1.1161802446987618e-07,88.098,0
Park-Unfav,Curriculum,60,1.5248471779533417e-07,24,52,1.5248471779533417e-07,91.047,0
Park-Unfav,Curriculum,61,1.1161802446987618e-07,24,52,1.1161802446987618e-07,91.531,0
Park-Unfav,DNGO-Gradient,42,1.087312731383618e-07,24,52,1.087312731383618e-07,113.282,0
Park-Unfav,DNGO-Gradient,43,1.1281375602258803e-07,24,52,1.1281375602258803e-07,102.391,0
Park-Unfav,DNGO-Gradient,44,1.087312731383618e-07,24,52,1.087312731383618e-07,108.561,0
Park-Unfav,DNGO-Gradient,45,1.552276366333939e-07,24,52,1.552276366333939e-07,105.792,0
Park-Unfav,DNGO-Gradient,46,1.1161802446987618e-07,24,52,1.1161802446987618e-07,110.494,0
Park-Unfav,DNGO-Gradient,47,1.137312731133618e-07,24,52,1.137312731133618e-07,105.781,0
Park-Unfav,DNGO-Gradient,48,1.1281375602258803e-07,24,52,1.1281375602258803e-07,106.393,0
Park-Unfav,DNGO-Gradient,49,1.1161802446987618e-07,24,52,1.1161802446987618e-07,102.842,0
Park-Unfav,DNGO-Gradient,50,1.087312731383618e-07,24,52,1.087312731383618e-07,102.805,0
Park-Unfav,DNGO-Gradient,51,1.1161802446987618e-07,24,52,1.1161802446987618e-07,107.784,0
Park-Unfav,DNGO-Gradient,52,1.1281375602258803e-07,24,52,1.1281375602258803e-07,103.714,0
Park-Unfav,DNGO-Gradient,53,1.137312731133618e-07,24,52,1.137312731133618e-07,106.677,0
Park-Unfav,DNGO-Gradient,54,1.1281375602258803e-07,24,52,1.1281375602258803e-07,105.403,0
Park-Unfav,DNGO-Gradient,55,1.087312731383618e-07,24,52,1.087312731383618e-07,106.642,0
Park-Unfav,DNGO-Gradient,56,1.1161802446987618e-07,24,52,1.1161802446987618e-07,112.108,0
Park-Unfav,DNGO-Gradient,57,1.1161802446987618e-07,24,52,1.1161802446987618e-07,115.033,0
Park-Unfav,DNGO-Gradient,58,1.1281375602258803e-07,24,52,1.1281375602258803e-07,112.971,0
Park-Unfav,DNGO-Gradient,59,1.1161802446987618e-07,24,52,1.1161802446987618e-07,99.988,0
Park-Unfav,DNGO-Gradient,60,1.1161802446987618e-07,24,52,1.1161802446987618e-07,102.621,0
Park-Unfav,DNGO-Gradient,61,1.087312731383618e-07,24,52,1.087312731383618e-07,103.553,0
Park-Unfav,DNGO-Joint,42,1.1161802446987618e-07,24,52,1.1161802446987618e-07,105.348,0
Park-Unfav,DNGO-Joint,43,1.1281375602258803e-07,24,52,1.1281375602258803e-07,102.755,0
Park-Unfav,DNGO-Joint,44,2.051277131164388e-07,24,52,2.051277131164388e-07,97.179,0
Park-Unfav,DNGO-Joint,45,1.552276366333939e-07,24,52,1.552276366333939e-07,99.027,0
Park-Unfav,DNGO-Joint,46,1.1281375602258803e-07,24,52,1.1281375602258803e-07,99.073,0
Park-Unfav,DNGO-Joint,47,1.1161802446987618e-07,24,52,1.1161802446987618e-07,101.323,0
Park-Unfav,DNGO-Joint,48,1.541513844536675e-07,24,52,1.541513844536675e-07,92.318,0
Park-Unfav,DNGO-Joint,49,1.541513844536675e-07,24,52,1.541513844536675e-07,91.465,0
Park-Unfav,DNGO-Joint,50,1.087312731383618e-07,24,52,1.087312731383618e-07,90.814,0
Park-Unfav,DNGO-Joint,51,1.1161802446987618e-07,24,52,1.1161802446987618e-07,95.244,0
Park-Unfav,DNGO-Joint,52,1.1281375602258803e-07,24,52,1.1281375602258803e-07,92.942,0
Park-Unfav,DNGO-Joint,53,1.541513844536675e-07,24,52,1.541513844536675e-07,92.905,0
Park-Unfav,DNGO-Joint,54,1.1161802446987618e-07,24,52,1.1161802446987618e-07,94.808,0
Park-Unfav,DNGO-Joint,55,1.087312731383618e-07,24,52,1.087312731383618e-07,91.212,0
Park-Unfav,DNGO-Joint,56,1.087312731383618e-07,24,52,1.087312731383618e-07,99.818,0
Park-Unfav,DNGO-Joint,57,1.5248471779533417e-07,24,52,1.5248471779533417e-07,94.057,0
Park-Unfav,DNGO-Joint,58,1.1281375602258803e-07,24,52,1.1281375602258803e-07,96.448,0
Park-Unfav,DNGO-Joint,59,1.087312731383618e-07,24,52,1.087312731383618e-07,94.022,0
Park-Unfav,DNGO-Joint,60,1.1281375602258803e-07,24,52,1.1281375602258803e-07,95.745,0
Park-Unfav,DNGO-Joint,61,1.1161802446987618e-07,24,52,1.1161802446987618e-07,91.77,0
Park-Unfav,Domain Adaptation (MMD),42,1.5248471779533417e-07,24,52,1.5248471779533417e-07,126.859,0
Park-Unfav,Domain Adaptation (MMD),43,1.1281375602258803e-07,24,52,1.1281375602258803e-07,120.065,0
Park-Unfav,Domain Adaptation (MMD),44,1.1281375602258803e-07,24,52,1.1281375602258803e-07,116.342,0
Park-Unfav,Domain Adaptation (MMD),45,1.560885138775958e-07,24,52,1.560885138775958e-07,119.196,0
Park-Unfav,Domain Adaptation (MMD),46,1.1161802446987618e-07,24,52,1.1161802446987618e-07,121.632,0
Park-Unfav,Domain Adaptation (MMD),47,1.087312731383618e-07,24,52,1.087312731383618e-07,119.722,0
Park-Unfav,Domain Adaptation (MMD),48,1.560885138775958e-07,24,52,1.560885138775958e-07,118.374,0
Park-Unfav,Domain Adaptation (MMD),49,1.5248471779533417e-07,24,52,1.5248471779533417e-07,119.975,0
Park-Unfav,Domain Adaptation (MMD),50,1.1161802446987618e-07,24,52,1.1161802446987618e-07,120.778,0
Park-Unfav,Domain Adaptation (MMD),51,1.1281375602258803e-07,24,52,1.1281375602258803e-07,119.774,0
Park-Unfav,Domain Adaptation (MMD),52,1.1161802446987618e-07,24,52,1.1161802446987618e-07,133.015,0
Park-Unfav,Domain Adaptation (MMD),53,1.541513844536675e-07,24,52,1.541513844536675e-07,127.87,0
Park-Unfav,Domain Adaptation (MMD),54,1.552276366333939e-07,24,52,1.552276366333939e-07,119.916,0
Park-Unfav,Domain Adaptation (MMD),55,1.087312731383618e-07,24,52,1.087312731383618e-07,113.742,0
Park-Unfav,Domain Adaptation (MMD),56,1.1161802446987618e-07,24,52,1.1161802446987618e-07,115.607,0
Park-Unfav,Domain Adaptation (MMD),57,1.552276366333939e-07,24,52,1.552276366333939e-07,122.088,0
Park-Unfav,Domain Adaptation (MMD),58,1.087312731383618e-07,24,52,1.087312731383618e-07,125.469,0
Park-Unfav,Domain Adaptation (MMD),59,1.5248471779533417e-07,24,52,1.5248471779533417e-07,129.113,0
Park-Unfav,Domain Adaptation (MMD),60,1.087312731383618e-07,24,52,1.087312731383618e-07,126.091,0
Park-Unfav,Domain Adaptation (MMD),61,1.1161802446987618e-07,24,52,1.1161802446987618e-07,123.565,0
Park-Unfav,Knowledge Distillation,42,1.1161802446987618e-07,24,52,1.1161802446987618e-07,67.123,0
Park-Unfav,Knowledge Distillation,43,1.1281375602258803e-07,24,52,1.1281375602258803e-07,68.767,0
Park-Unfav,Knowledge Distillation,44,1.5248471779533417e-07,24,52,1.5248471779533417e-07,69.285,0
Park-Unfav,Knowledge Distillation,45,1.552276366333939e-07,24,52,1.552276366333939e-07,71.605,0
Park-Unfav,Knowledge Distillation,46,1.560885138775958e-07,24,52,1.560885138775958e-07,68.505,0
Park-Unfav,Knowledge Distillation,47,1.087312731383618e-07,24,52,1.087312731383618e-07,68.878,0
Park-Unfav,Knowledge Distillation,48,1.1281375602258803e-07,24,52,1.1281375602258803e-07,70.303,0
Park-Unfav,Knowledge Distillation,49,1.5248471779533417e-07,24,52,1.5248471779533417e-07,69.099,0
Park-Unfav,Knowledge Distillation,50,1.087312731383618e-07,24,52,1.087312731383618e-07,69.38,0
Park-Unfav,Knowledge Distillation,51,1.541513844536675e-07,24,52,1.541513844536675e-07,69.069,0
Park-Unfav,Knowledge Distillation,52,1.1161802446987618e-07,24,52,1.1161802446987618e-07,69.979,0
Park-Unfav,Knowledge Distillation,53,1.1161802446987618e-07,24,52,1.1161802446987618e-07,70.686,0
Park-Unfav,Knowledge Distillation,54,1.1281375602258803e-07,24,52,1.1281375602258803e-07,69.263,0
Park-Unfav,Knowledge Distillation,55,1.1281375602258803e-07,24,52,1.1281375602258803e-07,71.194,0
Park-Unfav,Knowledge Distillation,56,1.1161802446987618e-07,24,52,1.1161802446987618e-07,71.668,0
Park-Unfav,Knowledge Distillation,57,1.137312731133618e-07,24,52,1.137312731133618e-07,71.28,0
Park-Unfav,Knowledge Distillation,58,1.1281375602258803e-07,24,52,1.1281375602258803e-07,70.706,0
Park-Unfav,Knowledge Distillation,59,1.5248471779533417e-07,24,52,1.5248471779533417e-07,70.668,0
Park-Unfav,Knowledge Distillation,60,1.1161802446987618e-07,24,52,1.1161802446987618e-07,71.923,0
Park-Unfav,Knowledge Distillation,61,1.1161802446987618e-07,24,52,1.1161802446987618e-07,70.782,0
Park-Unfav,MFGP,42,1.541513844536675e-07,24,52,1.541513844536675e-07,282.06,0
Park-Unfav,MFGP,43,1.1281375602258803e-07,24,52,1.1281375602258803e-07,330.196,0
Park-Unfav,MFGP,44,1.1281375602258803e-07,24,52,1.1281375602258803e-07,285.777,0
Park-Unfav,MFGP,45,1.541513844536675e-07,24,52,1.541513844536675e-07,270.788,0
Park-Unfav,MFGP,46,1.1281375602258803e-07,24,52,1.1281375602258803e-07,255.301,0
Park-Unfav,MFGP,47,1.5248471779533417e-07,24,52,1.5248471779533417e-07,322.386,0
Park-Unfav,MFGP,48,1.087312731383618e-07,24,52,1.087312731383618e-07,283.325,0
Park-Unfav,MFGP,49,1.1281375602258803e-07,24,52,1.1281375602258803e-07,270.896,0
Park-Unfav,MFGP,50,1.1281375602258803e-07,24,52,1.1281375602258803e-07,288.41,0
Park-Unfav,MFGP,51,1.1161802446987618e-07,24,52,1.1161802446987618e-07,257.161,0
Park-Unfav,MFGP,52,1.1161802446987618e-07,24,52,1.1161802446987618e-07,262.757,0
Park-Unfav,MFGP,53,1.1161802446987618e-07,24,52,1.1161802446987618e-07,233.867,0
Park-Unfav,MFGP,54,1.1281375602258803e-07,24,52,1.1281375602258803e-07,269.846,0
Park-Unfav,MFGP,55,1.087312731383618e-07,24,52,1.087312731383618e-07,279.999,0
Park-Unfav,MFGP,56,1.087312731383618e-07,24,52,1.087312731383618e-07,285.5,0
Park-Unfav,MFGP,57,1.541513844536675e-07,24,52,1.541513844536675e-07,258.745,0
Park-Unfav,MFGP,58,1.1161802446987618e-07,24,52,1.1161802446987618e-07,282.053,0
Park-Unfav,MFGP,59,1.1281375602258803e-07,24,52,1.1281375602258803e-07,353.169,0
Park-Unfav,MFGP,60,1.1281375602258803e-07,24,52,1.1281375602258803e-07,296.141,0
Park-Unfav,MFGP,61,1.087312731383618e-07,24,52,1.087312731383618e-07,283.468,0
Park-Unfav,Progressive,42,1.1161802446987618e-07,24,52,1.1161802446987618e-07,63.033,0
Park-Unfav,Progressive,43,1.1281375602258803e-07,24,52,1.1281375602258803e-07,65.123,0
Park-Unfav,Progressive,44,1.541513844536675e-07,24,52,1.541513844536675e-07,63.663,0
Park-Unfav,Progressive,45,1.560885138775958e-07,24,52,1.560885138775958e-07,61.543,0
Park-Unfav,Progressive,46,1.1161802446987618e-07,24,52,1.1161802446987618e-07,61.587,0
Park-Unfav,Progressive,47,1.087312731383618e-07,24,52,1.087312731383618e-07,61.842,0
Park-Unfav,Progressive,48,1.1281375602258803e-07,24,52,1.1281375602258803e-07,60.726,0
Park-Unfav,Progressive,49,1.1281375602258803e-07,24,52,1.1281375602258803e-07,63.951,0
Park-Unfav,Progressive,50,1.1161802446987618e-07,24,52,1.1161802446987618e-07,63.884,0
Park-Unfav,Progressive,51,1.1161802446987618e-07,24,52,1.1161802446987618e-07,59.883,0
Park-Unfav,Progressive,52,1.1161802446987618e-07,24,52,1.1161802446987618e-07,62.438,0
Park-Unfav,Progressive,53,1.1161802446987618e-07,24,52,1.1161802446987618e-07,60.243,0
Park-Unfav,Progressive,54,1.1161802446987618e-07,24,52,1.1161802446987618e-07,60.177,0
Park-Unfav,Progressive,55,1.087312731383618e-07,24,52,1.087312731383618e-07,62.308,0
Park-Unfav,Progressive,56,1.1161802446987618e-07,24,52,1.1161802446987618e-07,63.345,0
Park-Unfav,Progressive,57,1.560885138775958e-07,24,52,1.560885138775958e-07,63.483,0
Park-Unfav,Progressive,58,1.087312731383618e-07,24,52,1.087312731383618e-07,65.527,0
Park-Unfav,Progressive,59,1.5248471779533417e-07,24,52,1.5248471779533417e-07,64.198,0
Park-Unfav,Progressive,60,1.1161802446987618e-07,24,52,1.1161802446987618e-07,62.872,0
Park-Unfav,Progressive,61,1.1161802446987618e-07,24,52,1.1161802446987618e-07,63.347,0
Park-Unfav,Pseudo-Labeling,42,1.1161802446987618e-07,24,52,1.1161802446987618e-07,82.168,0
Park-Unfav,Pseudo-Labeling,43,1.1281375602258803e-07,24,52,1.1281375602258803e-07,82.318,0
Park-Unfav,Pseudo-Labeling,44,1.541513844536675e-07,24,52,1.541513844536675e-07,78.012,0
Park-Unfav,Pseudo-Labeling,45,1.552276366333939e-07,24,52,1.552276366333939e-07,75.639,0
Park-Unfav,Pseudo-Labeling,46,1.560885138775958e-07,24,52,1.560885138775958e-07,76.308,0
Park-Unfav,Pseudo-Labeling,47,1.087312731383618e-07,24,52,1.087312731383618e-07,74.994,0
Park-Unfav,Pseudo-Labeling,48,1.1281375602258803e-07,24,52,1.1281375602258803e-07,76.073,0
Park-Unfav,Pseudo-Labeling,49,1.1281375602258803e-07,24,52,1.1281375602258803e-07,76.549,0
Park-Unfav,Pseudo-Labeling,50,1.1161802446987618e-07,24,52,1.1161802446987618e-07,76.817,0
Park-Unfav,Pseudo-Labeling,51,1.087312731383618e-07,24,52,1.087312731383618e-07,79.473,0
Park-Unfav,Pseudo-Labeling,52,1.1281375602258803e-07,24,52,1.1281375602258803e-07,79.736,0
Park-Unfav,Pseudo-Labeling,53,1.1161802446987618e-07,24,52,1.1161802446987618e-07,76.39,0
Park-Unfav,Pseudo-Labeling,54,1.1161802446987618e-07,24,52,1.1161802446987618e-07,81.718,0
Park-Unfav,Pseudo-Labeling,55,1.1281375602258803e-07,24,52,1.1281375602258803e-07,77.945,0
Park-Unfav,Pseudo-Labeling,56,1.1161802446987618e-07,24,52,1.1161802446987618e-07,77.989,0
Park-Unfav,Pseudo-Labeling,57,1.5248471779533417e-07,24,52,1.5248471779533417e-07,77.648,0
Park-Unfav,Pseudo-Labeling,58,1.1281375602258803e-07,24,52,1.1281375602258803e-07,74.48,0
Park-Unfav,Pseudo-Labeling,59,1.1161802446987618e-07,24,52,1.1161802446987618e-07,78.472,0
Park-Unfav,Pseudo-Labeling,60,1.1161802446987618e-07,24,52,1.1161802446987618e-07,76.297,0
Park-Unfav,Pseudo-Labeling,61,1.1161802446987618e-07,24,52,1.1161802446987618e-07,77.996,0
Park-Unfav,Sequential,42,1.1161802446987618e-07,24,52,1.1161802446987618e-07,73.1,0
Park-Unfav,Sequential,43,1.087312731383618e-07,24,52,1.087312731383618e-07,72.619,0
Park-Unfav,Sequential,44,2.051277131164388e-07,24,52,2.051277131164388e-07,74.497,0
Park-Unfav,Sequential,45,1.552276366333939e-07,24,52,1.552276366333939e-07,71.954,0
Park-Unfav,Sequential,46,1.1281375602258803e-07,24,52,1.1281375602258803e-07,73.605,0
Park-Unfav,Sequential,47,1.1161802446987618e-07,24,52,1.1161802446987618e-07,77.123,0
Park-Unfav,Sequential,48,1.552276366333939e-07,24,52,1.552276366333939e-07,76.091,0
Park-Unfav,Sequential,49,1.5248471779533417e-07,24,52,1.5248471779533417e-07,77.432,0
Park-Unfav,Sequential,50,1.087312731383618e-07,24,52,1.087312731383618e-07,77.651,0
Park-Unfav,Sequential,51,1.541513844536675e-07,24,52,1.541513844536675e-07,79.932,0
Park-Unfav,Sequential,52,1.1281375602258803e-07,24,52,1.1281375602258803e-07,76.795,0
Park-Unfav,Sequential,53,1.541513844536675e-07,24,52,1.541513844536675e-07,76.27,0
Park-Unfav,Sequential,54,1.1161802446987618e-07,24,52,1.1161802446987618e-07,78.995,0
Park-Unfav,Sequential,55,1.087312731383618e-07,24,52,1.087312731383618e-07,79.738,0
Park-Unfav,Sequential,56,1.087312731383618e-07,24,52,1.087312731383618e-07,79.441,0
Park-Unfav,Sequential,57,1.5248471779533417e-07,24,52,1.5248471779533417e-07,76.707,0
Park-Unfav,Sequential,58,1.1281375602258803e-07,24,52,1.1281375602258803e-07,78.888,0
Park-Unfav,Sequential,59,1.1161802446987618e-07,24,52,1.1161802446987618e-07,73.671,0
Park-Unfav,Sequential,60,1.1161802446987618e-07,24,52,1.1161802446987618e-07,78.089,0
Park-Unfav,Sequential,61,1.1161802446987618e-07,24,52,1.1161802446987618e-07,76.103,0
Park-Unfav,Soft Parameter Sharing,42,1.1161802446987618e-07,24,52,1.1161802446987618e-07,84.921,0
Park-Unfav,Soft Parameter Sharing,43,1.137312731133618e-07,24,52,1.137312731133618e-07,86.867,0
Park-Unfav,Soft Parameter Sharing,44,1.5248471779533417e-07,24,52,1.5248471779533417e-07,93.431,0
Park-Unfav,Soft Parameter Sharing,45,1.552276366333939e-07,24,52,1.552276366333939e-07,93.025,0
Park-Unfav,Soft Parameter Sharing,46,1.1281375602258803e-07,24,52,1.1281375602258803e-07,88.021,0
Park-Unfav,Soft Parameter Sharing,47,1.1161802446987618e-07,24,52,1.1161802446987618e-07,84.835,0
Park-Unfav,Soft Parameter Sharing,48,1.560885138775958e-07,24,52,1.560885138775958e-07,83.347,0
Park-Unfav,Soft Parameter Sharing,49,1.1281375602258803e-07,24,52,1.1281375602258803e-07,85.178,0
Park-Unfav,Soft Parameter Sharing,50,1.087312731383618e-07,24,52,1.087312731383618e-07,92.209,0
Park-Unfav,Soft Parameter Sharing,51,1.1161802446987618e-07,24,52,1.1161802446987618e-07,91.522,0
Park-Unfav,Soft Parameter Sharing,52,1.137312731133618e-07,24,52,1.137312731133618e-07,92.462,0
Park-Unfav,Soft Parameter Sharing,53,1.541513844536675e-07,24,52,1.541513844536675e-07,89.363,0
Park-Unfav,Soft Parameter Sharing,54,1.552276366333939e-07,24,52,1.552276366333939e-07,88.586,0
Park-Unfav,Soft Parameter Sharing,55,1.1161802446987618e-07,24,52,1.1161802446987618e-07,84.58,0
Park-Unfav,Soft Parameter Sharing,56,1.1161802446987618e-07,24,52,1.1161802446987618e-07,91.67,0
Park-Unfav,Soft Parameter Sharing,57,1.552276366333939e-07,24,52,1.552276366333939e-07,88.839,0
Park-Unfav,Soft Parameter Sharing,58,1.1281375602258803e-07,24,52,1.1281375602258803e-07,88.661,0
Park-Unfav,Soft Parameter Sharing,59,1.087312731383618e-07,24,52,1.087312731383618e-07,88.053,0
Park-Unfav,Soft Parameter Sharing,60,1.1281375602258803e-07,24,52,1.1281375602258803e-07,91.687,0
Park-Unfav,Soft Parameter Sharing,61,1.1161802446987618e-07,24,52,1.1161802446987618e-07,86.086,0
Park-Unfav,Two-Stage Joint,42,1.541513844536675e-07,24,52,1.541513844536675e-07,117.897,0
Park-Unfav,Two-Stage Joint,43,1.1281375602258803e-07,24,52,1.1281375602258803e-07,112.841,0
Park-Unfav,Two-Stage Joint,44,1.5248471779533417e-07,24,52,1.5248471779533417e-07,115.923,0
Park-Unfav,Two-Stage Joint,45,1.137312731133618e-07,24,52,1.137312731133618e-07,113.195,0
Park-Unfav,Two-Stage Joint,46,1.1281375602258803e-07,24,52,1.1281375602258803e-07,113.654,0
Park-Unfav,Two-Stage Joint,47,1.1281375602258803e-07,24,52,1.1281375602258803e-07,113.979,0
Park-Unfav,Two-Stage Joint,48,1.552276366333939e-07,24,52,1.552276366333939e-07,114.272,0
Park-Unfav,Two-Stage Joint,49,1.1281375602258803e-07,24,52,1.1281375602258803e-07,114.924,0
Park-Unfav,Two-Stage Joint,50,1.1161802446987618e-07,24,52,1.1161802446987618e-07,117.281,0
Park-Unfav,Two-Stage Joint,51,1.5248471779533417e-07,24,52,1.5248471779533417e-07,114.203,0
Park-Unfav,Two-Stage Joint,52,1.1161802446987618e-07,24,52,1.1161802446987618e-07,118.123,0
Park-Unfav,Two-Stage Joint,53,1.541513844536675e-07,24,52,1.541513844536675e-07,113.166,0
Park-Unfav,Two-Stage Joint,54,1.541513844536675e-07,24,52,1.541513844536675e-07,117.146,0
Park-Unfav,Two-Stage Joint,55,1.087312731383618e-07,24,52,1.087312731383618e-07,114.677,0
Park-Unfav,Two-Stage Joint,56,1.1281375602258803e-07,24,52,1.1281375602258803e-07,111.478,0
Park-Unfav,Two-Stage Joint,57,1.087312731383618e-07,24,52,1.087312731383618e-07,113.526,0
Park-Unfav,Two-Stage Joint,58,1.087312731383618e-07,24,52,1.087312731383618e-07,114.37,0
Park-Unfav,Two-Stage Joint,59,1.137312731133618e-07,24,52,1.137312731133618e-07,112.797,0
Park-Unfav,Two-Stage Joint,60,1.1161802446987618e-07,24,52,1.1161802446987618e-07,112.501,0
Park-Unfav,Two-Stage Joint,61,1.087312731383618e-07,24,52,1.087312731383618e-07,106.635,0
Polarizability,Adapter,42,0.2464833759590793,16,83,-0.7535166240409207,99.993,0
Polarizability,Adapter,43,0.1275575447570333,16,83,-0.8724424552429667,99.605,0
Polarizability,Adapter,44,0.0891943734015343,16,83,-0.9108056265984656,95.024,0
Polarizability,Adapter,45,0.2528772378516625,16,83,-0.7471227621483375,95.522,0
Polarizability,Adapter,46,0.2726982097186701,16,83,-0.7273017902813299,101.972,0
Polarizability,Adapter,47,0.2320971867007673,16,83,-0.7679028132992327,99.281,0
Polarizability,Adapter,48,0.0,16,83,-1.0,87.779,0
Polarizability,Adapter,49,0.3312020460358057,16,83,-0.6687979539641943,87.36,0
Polarizability,Adapter,50,0.2119565217391305,16,83,-0.7880434782608695,90.117,0
Polarizability,Adapter,51,0.0,16,83,-1.0,87.823,0
Polarizability,Adapter,52,0.0,16,83,-1.0,88.629,0
Polarizability,Adapter,53,0.2464833759590793,16,83,-0.7535166240409207,91.865,0
Polarizability,Adapter,54,0.0,16,83,-1.0,92.808,0
Polarizability,Adapter,55,0.0930306905370843,16,83,-0.9069693094629157,94.181,0
Polarizability,Adapter,56,0.1275575447570333,16,83,-0.8724424552429667,98.37,0
Polarizability,Adapter,57,0.2320971867007673,16,83,-0.7679028132992327,97.035,0
Polarizability,Adapter,58,0.2154731457800511,16,83,-0.7845268542199488,94.388,0
Polarizability,Adapter,59,0.2119565217391305,16,83,-0.7880434782608695,101.023,0
Polarizability,Adapter,60,0.1275575447570333,16,83,-0.8724424552429667,95.317,0
Polarizability,Adapter,61,0.3104219948849105,16,83,-0.6895780051150895,98.419,0
Polarizability,Curriculum,42,0.2186700767263428,16,83,-0.7813299232736571,110.147,0
Polarizability,Curriculum,43,0.1275575447570333,16,83,-0.8724424552429667,109.055,0
Polarizability,Curriculum,44,0.0930306905370843,16,83,-0.9069693094629157,107.628,0
Polarizability,Curriculum,45,0.0891943734015343,16,83,-0.9108056265984656,112.765,0
Polarizability,Curriculum,46,0.0891943734015343,16,83,-0.9108056265984656,110.051,0
Polarizability,Curriculum,47,0.2186700767263428,16,83,-0.7813299232736571,109.813,0
Polarizability,Curriculum,48,0.0,16,83,-1.0,105.884,0
Polarizability,Curriculum,49,0.2119565217391305,16,83,-0.7880434782608695,109.821,0
Polarizability,Curriculum,50,0.2186700767263428,16,83,-0.7813299232736571,111.76,0
Polarizability,Curriculum,51,0.0,16,83,-1.0,110.947,0
Polarizability,Curriculum,52,0.0,16,83,-1.0,110.536,0
Polarizability,Curriculum,53,0.2154731457800511,16,83,-0.7845268542199488,109.607,0
Polarizability,Curriculum,54,0.0,16,83,-1.0,110.824,0
Polarizability,Curriculum,55,0.0891943734015343,16,83,-0.9108056265984656,113.189,0
Polarizability,Curriculum,56,0.1275575447570333,16,83,-0.8724424552429667,107.191,0
Polarizability,Curriculum,57,0.0930306905370843,16,83,-0.9069693094629157,109.295,0
Polarizability,Curriculum,58,0.2119565217391305,16,83,-0.7880434782608695,111.832,0
Polarizability,Curriculum,59,0.2186700767263428,16,83,-0.7813299232736571,110.977,0
Polarizability,Curriculum,60,0.1275575447570333,16,83,-0.8724424552429667,111.129,0
Polarizability,Curriculum,61,0.2186700767263428,16,83,-0.7813299232736571,113.176,0
Polarizability,DNGO-Gradient,42,0.2154731457800511,16,83,-0.7845268542199488,146.756,0
Polarizability,DNGO-Gradient,43,0.2186700767263428,16,83,-0.7813299232736571,145.779,0
Polarizability,DNGO-Gradient,44,0.2154731457800511,16,83,-0.7845268542199488,149.492,0
Polarizability,DNGO-Gradient,45,0.2119565217391305,16,83,-0.7880434782608695,146.036,0
Polarizability,DNGO-Gradient,46,0.0,16,83,-1.0,151.441,0
Polarizability,DNGO-Gradient,47,0.2186700767263428,16,83,-0.7813299232736571,149.031,0
Polarizability,DNGO-Gradient,48,0.0,16,83,-1.0,149.458,0
Polarizability,DNGO-Gradient,49,0.0891943734015343,16,83,-0.9108056265984656,139.4,0
Polarizability,DNGO-Gradient,50,0.2186700767263428,16,83,-0.7813299232736571,149.159,0
Polarizability,DNGO-Gradient,51,0.0,16,83,-1.0,144.284,0
Polarizability,DNGO-Gradient,52,0.0,16,83,-1.0,148.36,0
Polarizability,DNGO-Gradient,53,0.2154731457800511,16,83,-0.7845268542199488,147.899,0
Polarizability,DNGO-Gradient,54,0.0,16,83,-1.0,142.895,0
Polarizability,DNGO-Gradient,55,0.0891943734015343,16,83,-0.9108056265984656,145.831,0
Polarizability,DNGO-Gradient,56,0.1275575447570333,16,83,-0.8724424552429667,141.828,0
Polarizability,DNGO-Gradient,57,0.0930306905370843,16,83,-0.9069693094629157,130.547,0
Polarizability,DNGO-Gradient,58,0.2119565217391305,16,83,-0.7880434782608695,130.593,0
Polarizability,DNGO-Gradient,59,0.2154731457800511,16,83,-0.7845268542199488,129.833,0
Polarizability,DNGO-Gradient,60,0.1275575447570333,16,83,-0.8724424552429667,139.15,0
Polarizability,DNGO-Gradient,61,0.2148337595907928,16,83,-0.7851662404092071,144.35,0
Polarizability,DNGO-Joint,42,0.2154731457800511,16,83,-0.7845268542199488,136.875,0
Polarizability,DNGO-Joint,43,0.1275575447570333,16,83,-0.8724424552429667,134.565,0
Polarizability,DNGO-Joint,44,0.0930306905370843,16,83,-0.9069693094629157,141.415,0
Polarizability,DNGO-Joint,45,0.0891943734015343,16,83,-0.9108056265984656,134.046,0
Polarizability,DNGO-Joint,46,0.0891943734015343,16,83,-0.9108056265984656,134.246,0
Polarizability,DNGO-Joint,47,0.2154731457800511,16,83,-0.7845268542199488,136.913,0
Polarizability,DNGO-Joint,48,0.0,16,83,-1.0,139.178,0
Polarizability,DNGO-Joint,49,0.0891943734015343,16,83,-0.9108056265984656,137.296,0
Polarizability,DNGO-Joint,50,0.2186700767263428,16,83,-0.7813299232736571,131.518,0
Polarizability,DNGO-Joint,51,0.0,16,83,-1.0,136.78,0
Polarizability,DNGO-Joint,52,0.0,16,83,-1.0,145.037,0
Polarizability,DNGO-Joint,53,0.2154731457800511,16,83,-0.7845268542199488,138.164,0
Polarizability,DNGO-Joint,54,0.0,16,83,-1.0,134.847,0
Polarizability,DNGO-Joint,55,0.0891943734015343,16,83,-0.9108056265984656,135.701,0
Polarizability,DNGO-Joint,56,0.1275575447570333,16,83,-0.8724424552429667,129.775,0
Polarizability,DNGO-Joint,57,0.0930306905370843,16,83,-0.9069693094629157,132.119,0
Polarizability,DNGO-Joint,58,0.2119565217391305,16,83,-0.7880434782608695,126.862,0
Polarizability,DNGO-Joint,59,0.2186700767263428,16,83,-0.7813299232736571,120.655,0
Polarizability,DNGO-Joint,60,0.0891943734015343,16,83,-0.9108056265984656,123.673,0
Polarizability,DNGO-Joint,61,0.2186700767263428,16,83,-0.7813299232736571,124.535,0
Polarizability,Domain Adaptation (MMD),42,0.2186700767263428,16,83,-0.7813299232736571,180.683,0
Polarizability,Domain Adaptation (MMD),43,0.2186700767263428,16,83,-0.7813299232736571,180.959,0
Polarizability,Domain Adaptation (MMD),44,0.0930306905370843,16,83,-0.9069693094629157,181.622,0
Polarizability,Domain Adaptation (MMD),45,0.0891943734015343,16,83,-0.9108056265984656,175.597,0
Polarizability,Domain Adaptation (MMD),46,0.0,16,83,-1.0,178.074,0
Polarizability,Domain Adaptation (MMD),47,0.2186700767263428,16,83,-0.7813299232736571,170.404,0
Polarizability,Domain Adaptation (MMD),48,0.0,16,83,-1.0,173.406,0
Polarizability,Domain Adaptation (MMD),49,0.2119565217391305,16,83,-0.7880434782608695,174.678,0
Polarizability,Domain Adaptation (MMD),50,0.2186700767263428,16,83,-0.7813299232736571,162.909,0
Polarizability,Domain Adaptation (MMD),51,0.0,16,83,-1.0,174.834,0
Polarizability,Domain Adaptation (MMD),52,0.0,16,83,-1.0,173.908,0
Polarizability,Domain Adaptation (MMD),53,0.2154731457800511,16,83,-0.7845268542199488,153.583,0
Polarizability,Domain Adaptation (MMD),54,0.0,16,83,-1.0,150.997,0
Polarizability,Domain Adaptation (MMD),55,0.0930306905370843,16,83,-0.9069693094629157,151.767,0
Polarizability,Domain Adaptation (MMD),56,0.1275575447570333,16,83,-0.8724424552429667,168.797,0
Polarizability,Domain Adaptation (MMD),57,0.0891943734015343,16,83,-0.9108056265984656,170.584,0
Polarizability,Domain Adaptation (MMD),58,0.2119565217391305,16,83,-0.7880434782608695,171.154,0
Polarizability,Domain Adaptation (MMD),59,0.2154731457800511,16,83,-0.7845268542199488,167.823,0
Polarizability,Domain Adaptation (MMD),60,0.1275575447570333,16,83,-0.8724424552429667,167.329,0
Polarizability,Domain Adaptation (MMD),61,0.2119565217391305,16,83,-0.7880434782608695,173.683,0
Polarizability,Knowledge Distillation,42,0.2186700767263428,16,83,-0.7813299232736571,100.389,0
Polarizability,Knowledge Distillation,43,0.2186700767263428,16,83,-0.7813299232736571,97.483,0
Polarizability,Knowledge Distillation,44,0.0930306905370843,16,83,-0.9069693094629157,105.665,0
Polarizability,Knowledge Distillation,45,0.0891943734015343,16,83,-0.9108056265984656,98.964,0
Polarizability,Knowledge Distillation,46,0.0,16,83,-1.0,99.413,0
Polarizability,Knowledge Distillation,47,0.2186700767263428,16,83,-0.7813299232736571,102.046,0
Polarizability,Knowledge Distillation,48,0.0,16,83,-1.0,102.905,0
Polarizability,Knowledge Distillation,49,0.2119565217391305,16,83,-0.7880434782608695,102.025,0
Polarizability,Knowledge Distillation,50,0.2186700767263428,16,83,-0.7813299232736571,100.246,0
Polarizability,Knowledge Distillation,51,0.0,16,83,-1.0,103.614,0
Polarizability,Knowledge Distillation,52,0.0,16,83,-1.0,99.157,0
Polarizability,Knowledge Distillation,53,0.2154731457800511,16,83,-0.7845268542199488,103.225,0
Polarizability,Knowledge Distillation,54,0.0,16,83,-1.0,103.106,0
Polarizability,Knowledge Distillation,55,0.0891943734015343,16,83,-0.9108056265984656,97.526,0
Polarizability,Knowledge Distillation,56,0.1275575447570333,16,83,-0.8724424552429667,100.311,0
Polarizability,Knowledge Distillation,57,0.0930306905370843,16,83,-0.9069693094629157,100.201,0
Polarizability,Knowledge Distillation,58,0.2119565217391305,16,83,-0.7880434782608695,100.417,0
Polarizability,Knowledge Distillation,59,0.2186700767263428,16,83,-0.7813299232736571,101.809,0
Polarizability,Knowledge Distillation,60,0.1275575447570333,16,83,-0.8724424552429667,100.038,0
Polarizability,Knowledge Distillation,61,0.2186700767263428,16,83,-0.7813299232736571,99.261,0
Polarizability,MFGP,42,0.0,16,83,-1.0,172.63,0
Polarizability,MFGP,43,0.1528132992327365,16,83,-0.8471867007672634,199.732,0
Polarizability,MFGP,44,0.0930306905370843,16,83,-0.9069693094629157,168.328,0
Polarizability,MFGP,45,0.1528132992327365,16,83,-0.8471867007672634,170.712,0
Polarizability,MFGP,46,0.0,16,83,-1.0,120.206,0
Polarizability,MFGP,47,0.2464833759590793,16,83,-0.7535166240409207,247.956,0
Polarizability,MFGP,48,0.0,16,83,-1.0,167.692,0
Polarizability,MFGP,49,0.1275575447570333,16,83,-0.8724424552429667,157.33,0
Polarizability,MFGP,50,0.2464833759590793,16,83,-0.7535166240409207,203.2,0
Polarizability,MFGP,51,0.0,16,83,-1.0,121.299,0
Polarizability,MFGP,52,0.0,16,83,-1.0,183.283,0
Polarizability,MFGP,53,0.2119565217391305,16,83,-0.7880434782608695,206.891,0
Polarizability,MFGP,54,0.0,16,83,-1.0,119.795,0
Polarizability,MFGP,55,0.2726982097186701,16,83,-0.7273017902813299,185.723,0
Polarizability,MFGP,56,0.1275575447570333,16,83,-0.8724424552429667,109.769,0
Polarizability,MFGP,57,0.1275575447570333,16,83,-0.8724424552429667,277.091,0
Polarizability,MFGP,58,0.2464833759590793,16,83,-0.7535166240409207,211.397,0
Polarizability,MFGP,59,0.2464833759590793,16,83,-0.7535166240409207,247.342,0
Polarizability,MFGP,60,0.1275575447570333,16,83,-0.8724424552429667,199.67,0
Polarizability,MFGP,61,0.2464833759590793,16,83,-0.7535166240409207,247.699,0
Polarizability,Progressive,42,0.2186700767263428,16,83,-0.7813299232736571,73.344,0
Polarizability,Progressive,43,0.2186700767263428,16,83,-0.7813299232736571,75.28,0
Polarizability,Progressive,44,0.0930306905370843,16,83,-0.9069693094629157,77.946,0
Polarizability,Progressive,45,0.0891943734015343,16,83,-0.9108056265984656,76.742,0
Polarizability,Progressive,46,0.0,16,83,-1.0,75.941,0
Polarizability,Progressive,47,0.2186700767263428,16,83,-0.7813299232736571,73.766,0
Polarizability,Progressive,48,0.0,16,83,-1.0,75.146,0
Polarizability,Progressive,49,0.2119565217391305,16,83,-0.7880434782608695,74.071,0
Polarizability,Progressive,50,0.2186700767263428,16,83,-0.7813299232736571,71.902,0
Polarizability,Progressive,51,0.0,16,83,-1.0,71.872,0
Polarizability,Progressive,52,0.0,16,83,-1.0,72.388,0
Polarizability,Progressive,53,0.2154731457800511,16,83,-0.7845268542199488,78.515,0
Polarizability,Progressive,54,0.0,16,83,-1.0,72.208,0
Polarizability,Progressive,55,0.2154731457800511,16,83,-0.7845268542199488,74.605,0
Polarizability,Progressive,56,0.1275575447570333,16,83,-0.8724424552429667,76.328,0
Polarizability,Progressive,57,0.0930306905370843,16,83,-0.9069693094629157,72.772,0
Polarizability,Progressive,58,0.2119565217391305,16,83,-0.7880434782608695,74.896,0
Polarizability,Progressive,59,0.2154731457800511,16,83,-0.7845268542199488,74.174,0
Polarizability,Progressive,60,0.1275575447570333,16,83,-0.8724424552429667,72.009,0
Polarizability,Progressive,61,0.2186700767263428,16,83,-0.7813299232736571,75.292,0
Polarizability,Pseudo-Labeling,42,0.2186700767263428,16,83,-0.7813299232736571,110.256,0
Polarizability,Pseudo-Labeling,43,0.2186700767263428,16,83,-0.7813299232736571,106.081,0
Polarizability,Pseudo-Labeling,44,0.0930306905370843,16,83,-0.9069693094629157,102.745,0
Polarizability,Pseudo-Labeling,45,0.0891943734015343,16,83,-0.9108056265984656,109.062,0
Polarizability,Pseudo-Labeling,46,0.0,16,83,-1.0,105.873,0
Polarizability,Pseudo-Labeling,47,0.2186700767263428,16,83,-0.7813299232736571,104.025,0
Polarizability,Pseudo-Labeling,48,0.0,16,83,-1.0,101.979,0
Polarizability,Pseudo-Labeling,49,0.0891943734015343,16,83,-0.9108056265984656,96.93,0
Polarizability,Pseudo-Labeling,50,0.2186700767263428,16,83,-0.7813299232736571,92.938,0
Polarizability,Pseudo-Labeling,51,0.0,16,83,-1.0,95.282,0
Polarizability,Pseudo-Labeling,52,0.0,16,83,-1.0,95.411,0
Polarizability,Pseudo-Labeling,53,0.2154731457800511,16,83,-0.7845268542199488,93.957,0
Polarizability,Pseudo-Labeling,54,0.0,16,83,-1.0,102.529,0
Polarizability,Pseudo-Labeling,55,0.0891943734015343,16,83,-0.9108056265984656,106.371,0
Polarizability,Pseudo-Labeling,56,0.1275575447570333,16,83,-0.8724424552429667,109.835,0
Polarizability,Pseudo-Labeling,57,0.0930306905370843,16,83,-0.9069693094629157,106.54,0
Polarizability,Pseudo-Labeling,58,0.2186700767263428,16,83,-0.7813299232736571,109.064,0
Polarizability,Pseudo-Labeling,59,0.2186700767263428,16,83,-0.7813299232736571,110.108,0
Polarizability,Pseudo-Labeling,60,0.1275575447570333,16,83,-0.8724424552429667,104.785,0
Polarizability,Pseudo-Labeling,61,0.2186700767263428,16,83,-0.7813299232736571,107.347,0
Polarizability,Sequential,42,0.2186700767263428,16,83,-0.7813299232736571,86.05,0
Polarizability,Sequential,43,0.2186700767263428,16,83,-0.7813299232736571,88.999,0
Polarizability,Sequential,44,0.0930306905370843,16,83,-0.9069693094629157,90.561,0
Polarizability,Sequential,45,0.0891943734015343,16,83,-0.9108056265984656,86.302,0
Polarizability,Sequential,46,0.0,16,83,-1.0,87.04,0
Polarizability,Sequential,47,0.2186700767263428,16,83,-0.7813299232736571,86.503,0
Polarizability,Sequential,48,0.0,16,83,-1.0,88.403,0
Polarizability,Sequential,49,0.2119565217391305,16,83,-0.7880434782608695,85.662,0
Polarizability,Sequential,50,0.2186700767263428,16,83,-0.7813299232736571,88.784,0
Polarizability,Sequential,51,0.0,16,83,-1.0,86.061,0
Polarizability,Sequential,52,0.0,16,83,-1.0,88.533,0
Polarizability,Sequential,53,0.2154731457800511,16,83,-0.7845268542199488,88.02,0
Polarizability,Sequential,54,0.0,16,83,-1.0,97.641,0
Polarizability,Sequential,55,0.0891943734015343,16,83,-0.9108056265984656,91.236,0
Polarizability,Sequential,56,0.1275575447570333,16,83,-0.8724424552429667,91.955,0
Polarizability,Sequential,57,0.0930306905370843,16,83,-0.9069693094629157,89.694,0
Polarizability,Sequential,58,0.2119565217391305,16,83,-0.7880434782608695,95.701,0
Polarizability,Sequential,59,0.2186700767263428,16,83,-0.7813299232736571,94.056,0
Polarizability,Sequential,60,0.1275575447570333,16,83,-0.8724424552429667,96.53,0
Polarizability,Sequential,61,0.2186700767263428,16,83,-0.7813299232736571,90.868,0
Polarizability,Soft Parameter Sharing,42,0.2186700767263428,16,83,-0.7813299232736571,120.256,0
Polarizability,Soft Parameter Sharing,43,0.1275575447570333,16,83,-0.8724424552429667,126.218,0
Polarizability,Soft Parameter Sharing,44,0.2154731457800511,16,83,-0.7845268542199488,126.416,0
Polarizability,Soft Parameter Sharing,45,0.0891943734015343,16,83,-0.9108056265984656,119.877,0
Polarizability,Soft Parameter Sharing,46,0.0930306905370843,16,83,-0.9069693094629157,119.612,0
Polarizability,Soft Parameter Sharing,47,0.2186700767263428,16,83,-0.7813299232736571,118.509,0
Polarizability,Soft Parameter Sharing,48,0.0,16,83,-1.0,120.92,0
Polarizability,Soft Parameter Sharing,49,0.0891943734015343,16,83,-0.9108056265984656,124.368,0
Polarizability,Soft Parameter Sharing,50,0.2186700767263428,16,83,-0.7813299232736571,124.556,0
Polarizability,Soft Parameter Sharing,51,0.0,16,83,-1.0,122.099,0
Polarizability,Soft Parameter Sharing,52,0.0,16,83,-1.0,116.636,0
Polarizability,Soft Parameter Sharing,53,0.2186700767263428,16,83,-0.7813299232736571,114.691,0
Polarizability,Soft Parameter Sharing,54,0.0,16,83,-1.0,122.224,0
Polarizability,Soft Parameter Sharing,55,0.0891943734015343,16,83,-0.9108056265984656,122.445,0
Polarizability,Soft Parameter Sharing,56,0.1275575447570333,16,83,-0.8724424552429667,116.01,0
Polarizability,Soft Parameter Sharing,57,0.0930306905370843,16,83,-0.9069693094629157,116.744,0
Polarizability,Soft Parameter Sharing,58,0.2186700767263428,16,83,-0.7813299232736571,108.831,0
Polarizability,Soft Parameter Sharing,59,0.2186700767263428,16,83,-0.7813299232736571,105.883,0
Polarizability,Soft Parameter Sharing,60,0.1275575447570333,16,83,-0.8724424552429667,107.8,0
Polarizability,Soft Parameter Sharing,61,0.2186700767263428,16,83,-0.7813299232736571,114.134,0
Polarizability,Two-Stage Joint,42,0.2186700767263428,16,83,-0.7813299232736571,134.431,0
Polarizability,Two-Stage Joint,43,0.1275575447570333,16,83,-0.8724424552429667,133.348,0
Polarizability,Two-Stage Joint,44,0.2154731457800511,16,83,-0.7845268542199488,128.923,0
Polarizability,Two-Stage Joint,45,0.0891943734015343,16,83,-0.9108056265984656,139.2,0
Polarizability,Two-Stage Joint,46,0.0891943734015343,16,83,-0.9108056265984656,134.35,0
Polarizability,Two-Stage Joint,47,0.2186700767263428,16,83,-0.7813299232736571,131.523,0
Polarizability,Two-Stage Joint,48,0.0,16,83,-1.0,134.359,0
Polarizability,Two-Stage Joint,49,0.2528772378516625,16,83,-0.7471227621483375,131.966,0
Polarizability,Two-Stage Joint,50,0.2186700767263428,16,83,-0.7813299232736571,136.414,0
Polarizability,Two-Stage Joint,51,0.0,16,83,-1.0,135.876,0
Polarizability,Two-Stage Joint,52,0.0,16,83,-1.0,145.163,0
Polarizability,Two-Stage Joint,53,0.2154731457800511,16,83,-0.7845268542199488,139.88,0
Polarizability,Two-Stage Joint,54,0.0,16,83,-1.0,141.614,0
Polarizability,Two-Stage Joint,55,0.2154731457800511,16,83,-0.7845268542199488,138.778,0
Polarizability,Two-Stage Joint,56,0.1275575447570333,16,83,-0.8724424552429667,142.406,0
Polarizability,Two-Stage Joint,57,0.0930306905370843,16,83,-0.9069693094629157,141.771,0
Polarizability,Two-Stage Joint,58,0.2119565217391305,16,83,-0.7880434782608695,145.104,0
Polarizability,Two-Stage Joint,59,0.2154731457800511,16,83,-0.7845268542199488,140.746,0
Polarizability,Two-Stage Joint,60,0.1275575447570333,16,83,-0.8724424552429667,140.224,0
Polarizability,Two-Stage Joint,61,0.2148337595907928,16,83,-0.7851662404092071,144.163,0
