benchmark,model,seed,budget,regret
COFs,Adapter,42,3.495,15.411634978620436
COFs,Adapter,42,3.56,15.411634978620436
COFs,Adapter,42,3.625,15.411634978620436
COFs,Adapter,42,3.69,15.411634978620436
COFs,Adapter,42,3.755,15.411634978620436
COFs,Adapter,42,3.82,15.411634978620436
COFs,Adapter,42,3.885,15.411634978620436
COFs,Adapter,42,3.95,15.411634978620436
COFs,Adapter,42,4.015,15.411634978620436
COFs,Adapter,42,4.08,15.411634978620436
COFs,Adapter,42,4.145,15.411634978620436
COFs,Adapter,42,4.21,15.411634978620436
COFs,Adapter,42,4.275,15.411634978620436
COFs,Adapter,42,4.34,15.411634978620436
COFs,Adapter,42,4.405,15.411634978620436
COFs,Adapter,42,4.47,15.411634978620436
COFs,Adapter,42,5.47,15.411634978620436
COFs,Adapter,42,5.535,15.411634978620436
COFs,Adapter,42,5.6,15.411634978620436
COFs,Adapter,42,5.665,15.411634978620436
COFs,Adapter,42,5.73,15.411634978620436
COFs,Adapter,42,5.795,15.411634978620436
COFs,Adapter,42,5.86,15.411634978620436
COFs,Adapter,42,5.925,15.411634978620436
COFs,Adapter,42,5.99,15.411634978620436
COFs,Adapter,42,6.055,15.411634978620436
COFs,Adapter,42,6.12,15.411634978620436
COFs,Adapter,42,6.185,15.411634978620436
COFs,Adapter,42,6.25,15.411634978620436
COFs,Adapter,42,6.315,15.411634978620436
COFs,Adapter,42,6.38,15.411634978620436
COFs,Adapter,42,6.445,15.411634978620436
COFs,Adapter,42,7.445,11.628734252735878
COFs,Adapter,42,7.51,11.628734252735878
COFs,Adapter,42,7.575,11.628734252735878
COFs,Adapter,42,7.64,11.628734252735878
COFs,Adapter,42,7.705,11.628734252735878
COFs,Adapter,42,7.77,11.628734252735878
COFs,Adapter,42,7.835,11.628734252735878
COFs,Adapter,42,7.9,11.628734252735878
COFs,Adapter,42,7.965,11.628734252735878
COFs,Adapter,42,8.03,11.628734252735878
COFs,Adapter,42,8.095,11.628734252735878
COFs,Adapter,42,8.16,11.628734252735878
COFs,Adapter,42,8.225,11.628734252735878
COFs,Adapter,42,8.29,11.628734252735878
COFs,Adapter,42,8.355,11.628734252735878
COFs,Adapter,42,8.42,11.628734252735878
COFs,Adapter,42,9.42,3.542139991253217
COFs,Adapter,42,9.485,3.542139991253217
COFs,Adapter,42,9.55,3.542139991253217
COFs,Adapter,42,9.615,3.542139991253217
COFs,Adapter,42,9.68,3.542139991253217
COFs,Adapter,42,9.745,3.542139991253217
COFs,Adapter,42,9.81,3.542139991253217
COFs,Adapter,42,9.875,3.542139991253217
COFs,Adapter,42,9.94,3.542139991253217
COFs,Adapter,42,10.005,3.542139991253217
COFs,Adapter,42,10.07,3.542139991253217
COFs,Adapter,42,10.135,3.542139991253217
COFs,Adapter,42,10.2,3.542139991253217
COFs,Adapter,42,10.265,3.542139991253217
COFs,Adapter,42,10.33,3.542139991253217
COFs,Adapter,42,10.395,3.542139991253217
COFs,Adapter,42,11.395,3.542139991253217
COFs,Adapter,42,11.46,3.542139991253217
COFs,Adapter,42,11.525,3.542139991253217
COFs,Adapter,42,11.59,3.542139991253217
COFs,Adapter,42,11.655,3.542139991253217
COFs,Adapter,42,11.72,3.542139991253217
COFs,Adapter,42,11.785,3.542139991253217
COFs,Adapter,42,11.85,3.542139991253217
COFs,Adapter,42,11.915,3.542139991253217
COFs,Adapter,42,11.98,3.542139991253217
COFs,Adapter,42,12.045,3.542139991253217
COFs,Adapter,42,12.11,3.542139991253217
COFs,Adapter,42,12.175,3.542139991253217
COFs,Adapter,42,12.24,3.542139991253217
COFs,Adapter,42,12.305,3.542139991253217
COFs,Adapter,42,12.37,3.542139991253217
COFs,Adapter,42,13.37,1.6834527522225675
COFs,Adapter,42,13.435,1.6834527522225675
COFs,Adapter,42,13.5,1.6834527522225675
COFs,Adapter,42,13.565,1.6834527522225675
COFs,Adapter,42,13.63,1.6834527522225675
COFs,Adapter,42,13.695,1.6834527522225675
COFs,Adapter,42,13.76,1.6834527522225675
COFs,Adapter,42,13.825,1.6834527522225675
COFs,Adapter,42,13.89,1.6834527522225675
COFs,Adapter,42,13.955,1.6834527522225675
COFs,Adapter,42,14.02,1.6834527522225675
COFs,Adapter,42,14.085,1.6834527522225675
COFs,Adapter,42,14.15,1.6834527522225675
COFs,Adapter,42,14.215,1.6834527522225675
COFs,Adapter,42,14.28,1.6834527522225675
COFs,Adapter,42,14.345,1.6834527522225675
COFs,Adapter,42,15.345,0.3635064340810032
COFs,Adapter,42,15.41,0.3635064340810032
COFs,Adapter,42,15.475,0.3635064340810032
COFs,Adapter,42,15.54,0.3635064340810032
COFs,Adapter,42,15.605,0.3635064340810032
COFs,Adapter,42,15.67,0.3635064340810032
COFs,Adapter,42,15.735,0.3635064340810032
COFs,Adapter,42,15.8,0.3635064340810032
COFs,Adapter,42,15.865,0.3635064340810032
COFs,Adapter,42,15.93,0.3635064340810032
COFs,Adapter,42,15.995,0.3635064340810032
COFs,Adapter,42,16.06,0.3635064340810032
COFs,Adapter,42,16.125,0.3635064340810032
COFs,Adapter,42,16.19,0.3635064340810032
COFs,Adapter,42,16.255,0.3635064340810032
COFs,Adapter,42,16.32,0.3635064340810032
COFs,Adapter,42,17.32,0.3635064340810032
COFs,Adapter,42,17.385,0.3635064340810032
COFs,Adapter,42,17.45,0.3635064340810032
COFs,Adapter,42,17.515,0.3635064340810032
COFs,Adapter,42,17.58,0.3635064340810032
COFs,Adapter,42,17.645,0.3635064340810032
COFs,Adapter,42,17.71,0.3635064340810032
COFs,Adapter,42,17.775,0.3635064340810032
COFs,Adapter,42,17.84,0.3635064340810032
COFs,Adapter,42,17.905,0.3635064340810032
COFs,Adapter,42,17.97,0.3635064340810032
COFs,Adapter,42,18.035,0.3635064340810032
COFs,Adapter,42,18.1,0.3635064340810032
COFs,Adapter,42,18.165,0.3635064340810032
COFs,Adapter,42,18.23,0.3635064340810032
COFs,Adapter,42,18.295,0.3635064340810032
COFs,Adapter,42,19.295,0.0
COFs,Adapter,42,19.36,0.0
COFs,Adapter,42,19.425,0.0
COFs,Adapter,42,19.49,0.0
COFs,Adapter,42,19.555,0.0
COFs,Adapter,42,19.62,0.0
COFs,Adapter,42,19.685,0.0
COFs,Adapter,42,19.75,0.0
COFs,Adapter,42,19.815,0.0
COFs,Adapter,42,19.88,0.0
COFs,Adapter,42,19.945,0.0
COFs,Adapter,42,20.01,0.0
COFs,Adapter,42,20.075,0.0
COFs,Adapter,42,20.14,0.0
COFs,Adapter,42,20.205,0.0
COFs,Adapter,42,20.27,0.0
COFs,Adapter,42,21.27,0.0
COFs,Adapter,42,21.335,0.0
COFs,Adapter,42,21.4,0.0
COFs,Adapter,42,21.465,0.0
COFs,Adapter,42,21.53,0.0
COFs,Adapter,42,21.595,0.0
COFs,Adapter,42,21.66,0.0
COFs,Adapter,42,21.725,0.0
COFs,Adapter,42,21.79,0.0
COFs,Adapter,42,21.855,0.0
COFs,Adapter,42,21.92,0.0
COFs,Adapter,42,21.985,0.0
COFs,Adapter,42,22.05,0.0
COFs,Adapter,42,22.115,0.0
COFs,Adapter,42,22.18,0.0
COFs,Adapter,42,22.245,0.0
COFs,Adapter,42,23.245,0.0
COFs,Adapter,42,23.31,0.0
COFs,Adapter,42,23.375,0.0
COFs,Adapter,42,23.44,0.0
COFs,Adapter,42,23.505,0.0
COFs,Adapter,42,23.57,0.0
COFs,Adapter,42,23.635,0.0
COFs,Adapter,42,23.7,0.0
COFs,Adapter,42,23.765,0.0
COFs,Adapter,42,23.83,0.0
COFs,Adapter,42,23.895,0.0
COFs,Adapter,42,23.96,0.0
COFs,Adapter,42,24.025,0.0
COFs,Adapter,42,24.09,0.0
COFs,Adapter,42,24.155,0.0
COFs,Adapter,42,24.22,0.0
COFs,Adapter,42,25.22,0.0
COFs,Adapter,42,25.285,0.0
COFs,Adapter,42,25.35,0.0
COFs,Adapter,42,25.415,0.0
COFs,Adapter,42,25.48,0.0
COFs,Adapter,42,25.545,0.0
COFs,Adapter,42,25.61,0.0
COFs,Adapter,42,25.675,0.0
COFs,Adapter,42,25.74,0.0
COFs,Adapter,42,25.805,0.0
COFs,Adapter,42,25.87,0.0
COFs,Adapter,42,25.935,0.0
COFs,Adapter,42,26.0,0.0
COFs,Adapter,42,26.065,0.0
COFs,Adapter,42,26.13,0.0
COFs,Adapter,42,26.195,0.0
COFs,Adapter,42,27.195,0.0
COFs,Adapter,42,27.26,0.0
COFs,Adapter,42,27.325,0.0
COFs,Adapter,42,27.39,0.0
COFs,Adapter,42,27.455,0.0
COFs,Adapter,42,27.52,0.0
COFs,Adapter,42,27.585,0.0
COFs,Adapter,42,27.65,0.0
COFs,Adapter,42,27.715,0.0
COFs,Adapter,42,27.78,0.0
COFs,Adapter,42,27.845,0.0
COFs,Adapter,42,27.91,0.0
COFs,Adapter,42,27.975,0.0
COFs,Adapter,42,28.04,0.0
COFs,Adapter,42,28.105,0.0
COFs,Adapter,42,28.17,0.0
COFs,Adapter,42,29.17,0.0
COFs,Adapter,42,29.235,0.0
COFs,Adapter,42,29.3,0.0
COFs,Adapter,42,29.365,0.0
COFs,Adapter,42,29.43,0.0
COFs,Adapter,42,29.495,0.0
COFs,Adapter,42,29.56,0.0
COFs,Adapter,42,29.625,0.0
COFs,Adapter,42,29.69,0.0
COFs,Adapter,42,29.755,0.0
COFs,Adapter,42,29.82,0.0
COFs,Adapter,42,29.885,0.0
COFs,Adapter,42,29.95,0.0
COFs,Adapter,43,3.495,2.768421691579954
COFs,Adapter,43,3.56,2.768421691579954
COFs,Adapter,43,3.625,2.768421691579954
COFs,Adapter,43,3.69,2.768421691579954
COFs,Adapter,43,3.755,2.768421691579954
COFs,Adapter,43,3.82,2.768421691579954
COFs,Adapter,43,3.885,2.768421691579954
COFs,Adapter,43,3.95,2.768421691579954
COFs,Adapter,43,4.015,2.768421691579954
COFs,Adapter,43,4.08,2.768421691579954
COFs,Adapter,43,4.145,2.768421691579954
COFs,Adapter,43,4.21,2.768421691579954
COFs,Adapter,43,4.275,2.768421691579954
COFs,Adapter,43,4.34,2.768421691579954
COFs,Adapter,43,4.405,2.768421691579954
COFs,Adapter,43,4.47,2.768421691579954
COFs,Adapter,43,5.47,2.768421691579954
COFs,Adapter,43,5.535,2.768421691579954
COFs,Adapter,43,5.6,2.768421691579954
COFs,Adapter,43,5.665,2.768421691579954
COFs,Adapter,43,5.73,2.768421691579954
COFs,Adapter,43,5.795,2.768421691579954
COFs,Adapter,43,5.86,2.768421691579954
COFs,Adapter,43,5.925,2.768421691579954
COFs,Adapter,43,5.99,2.768421691579954
COFs,Adapter,43,6.055,2.768421691579954
COFs,Adapter,43,6.12,2.768421691579954
COFs,Adapter,43,6.185,2.768421691579954
COFs,Adapter,43,6.25,2.768421691579954
COFs,Adapter,43,6.315,2.768421691579954
COFs,Adapter,43,6.38,2.768421691579954
COFs,Adapter,43,6.445,2.768421691579954
COFs,Adapter,43,7.445,2.768421691579954
COFs,Adapter,43,7.51,2.768421691579954
COFs,Adapter,43,7.575,2.768421691579954
COFs,Adapter,43,7.64,2.768421691579954
COFs,Adapter,43,7.705,2.768421691579954
COFs,Adapter,43,7.77,2.768421691579954
COFs,Adapter,43,7.835,2.768421691579954
COFs,Adapter,43,7.9,2.768421691579954
COFs,Adapter,43,7.965,2.768421691579954
COFs,Adapter,43,8.03,2.768421691579954
COFs,Adapter,43,8.095,2.768421691579954
COFs,Adapter,43,8.16,2.768421691579954
COFs,Adapter,43,8.225,2.768421691579954
COFs,Adapter,43,8.29,2.768421691579954
COFs,Adapter,43,8.355,2.768421691579954
COFs,Adapter,43,8.42,2.768421691579954
COFs,Adapter,43,9.42,2.768421691579954
COFs,Adapter,43,9.485,2.768421691579954
COFs,Adapter,43,9.55,2.768421691579954
COFs,Adapter,43,9.615,2.768421691579954
COFs,Adapter,43,9.68,2.768421691579954
COFs,Adapter,43,9.745,2.768421691579954
COFs,Adapter,43,9.81,2.768421691579954
COFs,Adapter,43,9.875,2.768421691579954
COFs,Adapter,43,9.94,2.768421691579954
COFs,Adapter,43,10.005,2.768421691579954
COFs,Adapter,43,10.07,2.768421691579954
COFs,Adapter,43,10.135,2.768421691579954
COFs,Adapter,43,10.2,2.768421691579954
COFs,Adapter,43,10.265,2.768421691579954
COFs,Adapter,43,10.33,2.768421691579954
COFs,Adapter,43,10.395,2.768421691579954
COFs,Adapter,43,11.395,0.3635064340810032
COFs,Adapter,43,11.46,0.3635064340810032
COFs,Adapter,43,11.525,0.3635064340810032
COFs,Adapter,43,11.59,0.3635064340810032
COFs,Adapter,43,11.655,0.3635064340810032
COFs,Adapter,43,11.72,0.3635064340810032
COFs,Adapter,43,11.785,0.3635064340810032
COFs,Adapter,43,11.85,0.3635064340810032
COFs,Adapter,43,11.915,0.3635064340810032
COFs,Adapter,43,11.98,0.3635064340810032
COFs,Adapter,43,12.045,0.3635064340810032
COFs,Adapter,43,12.11,0.3635064340810032
COFs,Adapter,43,12.175,0.3635064340810032
COFs,Adapter,43,12.24,0.3635064340810032
COFs,Adapter,43,12.305,0.3635064340810032
COFs,Adapter,43,12.37,0.3635064340810032
COFs,Adapter,43,13.37,0.3635064340810032
COFs,Adapter,43,13.435,0.3635064340810032
COFs,Adapter,43,13.5,0.3635064340810032
COFs,Adapter,43,13.565,0.3635064340810032
COFs,Adapter,43,13.63,0.3635064340810032
COFs,Adapter,43,13.695,0.3635064340810032
COFs,Adapter,43,13.76,0.3635064340810032
COFs,Adapter,43,13.825,0.3635064340810032
COFs,Adapter,43,13.89,0.3635064340810032
COFs,Adapter,43,13.955,0.3635064340810032
COFs,Adapter,43,14.02,0.3635064340810032
COFs,Adapter,43,14.085,0.3635064340810032
COFs,Adapter,43,14.15,0.3635064340810032
COFs,Adapter,43,14.215,0.3635064340810032
COFs,Adapter,43,14.28,0.3635064340810032
COFs,Adapter,43,14.345,0.3635064340810032
COFs,Adapter,43,15.345,0.3635064340810032
COFs,Adapter,43,15.41,0.3635064340810032
COFs,Adapter,43,15.475,0.3635064340810032
COFs,Adapter,43,15.54,0.3635064340810032
COFs,Adapter,43,15.605,0.3635064340810032
COFs,Adapter,43,15.67,0.3635064340810032
COFs,Adapter,43,15.735,0.3635064340810032
COFs,Adapter,43,15.8,0.3635064340810032
COFs,Adapter,43,15.865,0.3635064340810032
COFs,Adapter,43,15.93,0.3635064340810032
COFs,Adapter,43,15.995,0.3635064340810032
COFs,Adapter,43,16.06,0.3635064340810032
COFs,Adapter,43,16.125,0.3635064340810032
COFs,Adapter,43,16.19,0.3635064340810032
COFs,Adapter,43,16.255,0.3635064340810032
COFs,Adapter,43,16.32,0.3635064340810032
COFs,Adapter,43,17.32,0.3635064340810032
COFs,Adapter,43,17.385,0.3635064340810032
COFs,Adapter,43,17.45,0.3635064340810032
COFs,Adapter,43,17.515,0.3635064340810032
COFs,Adapter,43,17.58,0.3635064340810032
COFs,Adapter,43,17.645,0.3635064340810032
COFs,Adapter,43,17.71,0.3635064340810032
COFs,Adapter,43,17.775,0.3635064340810032
COFs,Adapter,43,17.84,0.3635064340810032
COFs,Adapter,43,17.905,0.3635064340810032
COFs,Adapter,43,17.97,0.3635064340810032
COFs,Adapter,43,18.035,0.3635064340810032
COFs,Adapter,43,18.1,0.3635064340810032
COFs,Adapter,43,18.165,0.3635064340810032
COFs,Adapter,43,18.23,0.3635064340810032
COFs,Adapter,43,18.295,0.3635064340810032
COFs,Adapter,43,19.295,0.0
COFs,Adapter,43,19.36,0.0
COFs,Adapter,43,19.425,0.0
COFs,Adapter,43,19.49,0.0
COFs,Adapter,43,19.555,0.0
COFs,Adapter,43,19.62,0.0
COFs,Adapter,43,19.685,0.0
COFs,Adapter,43,19.75,0.0
COFs,Adapter,43,19.815,0.0
COFs,Adapter,43,19.88,0.0
COFs,Adapter,43,19.945,0.0
COFs,Adapter,43,20.01,0.0
COFs,Adapter,43,20.075,0.0
COFs,Adapter,43,20.14,0.0
COFs,Adapter,43,20.205,0.0
COFs,Adapter,43,20.27,0.0
COFs,Adapter,43,21.27,0.0
COFs,Adapter,43,21.335,0.0
COFs,Adapter,43,21.4,0.0
COFs,Adapter,43,21.465,0.0
COFs,Adapter,43,21.53,0.0
COFs,Adapter,43,21.595,0.0
COFs,Adapter,43,21.66,0.0
COFs,Adapter,43,21.725,0.0
COFs,Adapter,43,21.79,0.0
COFs,Adapter,43,21.855,0.0
COFs,Adapter,43,21.92,0.0
COFs,Adapter,43,21.985,0.0
COFs,Adapter,43,22.05,0.0
COFs,Adapter,43,22.115,0.0
COFs,Adapter,43,22.18,0.0
COFs,Adapter,43,22.245,0.0
COFs,Adapter,43,23.245,0.0
COFs,Adapter,43,23.31,0.0
COFs,Adapter,43,23.375,0.0
COFs,Adapter,43,23.44,0.0
COFs,Adapter,43,23.505,0.0
COFs,Adapter,43,23.57,0.0
COFs,Adapter,43,23.635,0.0
COFs,Adapter,43,23.7,0.0
COFs,Adapter,43,23.765,0.0
COFs,Adapter,43,23.83,0.0
COFs,Adapter,43,23.895,0.0
COFs,Adapter,43,23.96,0.0
COFs,Adapter,43,24.025,0.0
COFs,Adapter,43,24.09,0.0
COFs,Adapter,43,24.155,0.0
COFs,Adapter,43,24.22,0.0
COFs,Adapter,43,25.22,0.0
COFs,Adapter,43,25.285,0.0
COFs,Adapter,43,25.35,0.0
COFs,Adapter,43,25.415,0.0
COFs,Adapter,43,25.48,0.0
COFs,Adapter,43,25.545,0.0
COFs,Adapter,43,25.61,0.0
COFs,Adapter,43,25.675,0.0
COFs,Adapter,43,25.74,0.0
COFs,Adapter,43,25.805,0.0
COFs,Adapter,43,25.87,0.0
COFs,Adapter,43,25.935,0.0
COFs,Adapter,43,26.0,0.0
COFs,Adapter,43,26.065,0.0
COFs,Adapter,43,26.13,0.0
COFs,Adapter,43,26.195,0.0
COFs,Adapter,43,27.195,0.0
COFs,Adapter,43,27.26,0.0
COFs,Adapter,43,27.325,0.0
COFs,Adapter,43,27.39,0.0
COFs,Adapter,43,27.455,0.0
COFs,Adapter,43,27.52,0.0
COFs,Adapter,43,27.585,0.0
COFs,Adapter,43,27.65,0.0
COFs,Adapter,43,27.715,0.0
COFs,Adapter,43,27.78,0.0
COFs,Adapter,43,27.845,0.0
COFs,Adapter,43,27.91,0.0
COFs,Adapter,43,27.975,0.0
COFs,Adapter,43,28.04,0.0
COFs,Adapter,43,28.105,0.0
COFs,Adapter,43,28.17,0.0
COFs,Adapter,43,29.17,0.0
COFs,Adapter,43,29.235,0.0
COFs,Adapter,43,29.3,0.0
COFs,Adapter,43,29.365,0.0
COFs,Adapter,43,29.43,0.0
COFs,Adapter,43,29.495,0.0
COFs,Adapter,43,29.56,0.0
COFs,Adapter,43,29.625,0.0
COFs,Adapter,43,29.69,0.0
COFs,Adapter,43,29.755,0.0
COFs,Adapter,43,29.82,0.0
COFs,Adapter,43,29.885,0.0
COFs,Adapter,43,29.95,0.0
COFs,Adapter,44,3.495,14.985327132158876
COFs,Adapter,44,3.56,14.985327132158876
COFs,Adapter,44,3.625,14.985327132158876
COFs,Adapter,44,3.69,14.985327132158876
COFs,Adapter,44,3.755,14.985327132158876
COFs,Adapter,44,3.82,14.985327132158876
COFs,Adapter,44,3.885,14.985327132158876
COFs,Adapter,44,3.95,14.985327132158876
COFs,Adapter,44,4.015,14.985327132158876
COFs,Adapter,44,4.08,14.985327132158876
COFs,Adapter,44,4.145,14.985327132158876
COFs,Adapter,44,4.21,14.985327132158876
COFs,Adapter,44,4.275,14.985327132158876
COFs,Adapter,44,4.34,14.985327132158876
COFs,Adapter,44,4.405,14.985327132158876
COFs,Adapter,44,4.47,14.985327132158876
COFs,Adapter,44,5.47,1.6834527522225675
COFs,Adapter,44,5.535,1.6834527522225675
COFs,Adapter,44,5.6,1.6834527522225675
COFs,Adapter,44,5.665,1.6834527522225675
COFs,Adapter,44,5.73,1.6834527522225675
COFs,Adapter,44,5.795,1.6834527522225675
COFs,Adapter,44,5.86,1.6834527522225675
COFs,Adapter,44,5.925,1.6834527522225675
COFs,Adapter,44,5.99,1.6834527522225675
COFs,Adapter,44,6.055,1.6834527522225675
COFs,Adapter,44,6.12,1.6834527522225675
COFs,Adapter,44,6.185,1.6834527522225675
COFs,Adapter,44,6.25,1.6834527522225675
COFs,Adapter,44,6.315,1.6834527522225675
COFs,Adapter,44,6.38,1.6834527522225675
COFs,Adapter,44,6.445,1.6834527522225675
COFs,Adapter,44,7.445,0.3635064340810032
COFs,Adapter,44,7.51,0.3635064340810032
COFs,Adapter,44,7.575,0.3635064340810032
COFs,Adapter,44,7.64,0.3635064340810032
COFs,Adapter,44,7.705,0.3635064340810032
COFs,Adapter,44,7.77,0.3635064340810032
COFs,Adapter,44,7.835,0.3635064340810032
COFs,Adapter,44,7.9,0.3635064340810032
COFs,Adapter,44,7.965,0.3635064340810032
COFs,Adapter,44,8.03,0.3635064340810032
COFs,Adapter,44,8.095,0.3635064340810032
COFs,Adapter,44,8.16,0.3635064340810032
COFs,Adapter,44,8.225,0.3635064340810032
COFs,Adapter,44,8.29,0.3635064340810032
COFs,Adapter,44,8.355,0.3635064340810032
COFs,Adapter,44,8.42,0.3635064340810032
COFs,Adapter,44,9.42,0.3635064340810032
COFs,Adapter,44,9.485,0.3635064340810032
COFs,Adapter,44,9.55,0.3635064340810032
COFs,Adapter,44,9.615,0.3635064340810032
COFs,Adapter,44,9.68,0.3635064340810032
COFs,Adapter,44,9.745,0.3635064340810032
COFs,Adapter,44,9.81,0.3635064340810032
COFs,Adapter,44,9.875,0.3635064340810032
COFs,Adapter,44,9.94,0.3635064340810032
COFs,Adapter,44,10.005,0.3635064340810032
COFs,Adapter,44,10.07,0.3635064340810032
COFs,Adapter,44,10.135,0.3635064340810032
COFs,Adapter,44,10.2,0.3635064340810032
COFs,Adapter,44,10.265,0.3635064340810032
COFs,Adapter,44,10.33,0.3635064340810032
COFs,Adapter,44,10.395,0.3635064340810032
COFs,Adapter,44,11.395,0.3635064340810032
COFs,Adapter,44,11.46,0.3635064340810032
COFs,Adapter,44,11.525,0.3635064340810032
COFs,Adapter,44,11.59,0.3635064340810032
COFs,Adapter,44,11.655,0.3635064340810032
COFs,Adapter,44,11.72,0.3635064340810032
COFs,Adapter,44,11.785,0.3635064340810032
COFs,Adapter,44,11.85,0.3635064340810032
COFs,Adapter,44,11.915,0.3635064340810032
COFs,Adapter,44,11.98,0.3635064340810032
COFs,Adapter,44,12.045,0.3635064340810032
COFs,Adapter,44,12.11,0.3635064340810032
COFs,Adapter,44,12.175,0.3635064340810032
COFs,Adapter,44,12.24,0.3635064340810032
COFs,Adapter,44,12.305,0.3635064340810032
COFs,Adapter,44,12.37,0.3635064340810032
COFs,Adapter,44,13.37,0.3635064340810032
COFs,Adapter,44,13.435,0.3635064340810032
COFs,Adapter,44,13.5,0.3635064340810032
COFs,Adapter,44,13.565,0.3635064340810032
COFs,Adapter,44,13.63,0.3635064340810032
COFs,Adapter,44,13.695,0.3635064340810032
COFs,Adapter,44,13.76,0.3635064340810032
COFs,Adapter,44,13.825,0.3635064340810032
COFs,Adapter,44,13.89,0.3635064340810032
COFs,Adapter,44,13.955,0.3635064340810032
COFs,Adapter,44,14.02,0.3635064340810032
COFs,Adapter,44,14.085,0.3635064340810032
COFs,Adapter,44,14.15,0.3635064340810032
COFs,Adapter,44,14.215,0.3635064340810032
COFs,Adapter,44,14.28,0.3635064340810032
COFs,Adapter,44,14.345,0.3635064340810032
COFs,Adapter,44,15.345,0.3635064340810032
COFs,Adapter,44,15.41,0.3635064340810032
COFs,Adapter,44,15.475,0.3635064340810032
COFs,Adapter,44,15.54,0.3635064340810032
COFs,Adapter,44,15.605,0.3635064340810032
COFs,Adapter,44,15.67,0.3635064340810032
COFs,Adapter,44,15.735,0.3635064340810032
COFs,Adapter,44,15.8,0.3635064340810032
COFs,Adapter,44,15.865,0.3635064340810032
COFs,Adapter,44,15.93,0.3635064340810032
COFs,Adapter,44,15.995,0.3635064340810032
COFs,Adapter,44,16.06,0.3635064340810032
COFs,Adapter,44,16.125,0.3635064340810032
COFs,Adapter,44,16.19,0.3635064340810032
COFs,Adapter,44,16.255,0.3635064340810032
COFs,Adapter,44,16.32,0.3635064340810032
COFs,Adapter,44,17.32,0.3635064340810032
COFs,Adapter,44,17.385,0.3635064340810032
COFs,Adapter,44,17.45,0.3635064340810032
COFs,Adapter,44,17.515,0.3635064340810032
COFs,Adapter,44,17.58,0.3635064340810032
COFs,Adapter,44,17.645,0.3635064340810032
COFs,Adapter,44,17.71,0.3635064340810032
COFs,Adapter,44,17.775,0.3635064340810032
COFs,Adapter,44,17.84,0.3635064340810032
COFs,Adapter,44,17.905,0.3635064340810032
COFs,Adapter,44,17.97,0.3635064340810032
COFs,Adapter,44,18.035,0.3635064340810032
COFs,Adapter,44,18.1,0.3635064340810032
COFs,Adapter,44,18.165,0.3635064340810032
COFs,Adapter,44,18.23,0.3635064340810032
COFs,Adapter,44,18.295,0.3635064340810032
COFs,Adapter,44,19.295,0.3635064340810032
COFs,Adapter,44,19.36,0.3635064340810032
COFs,Adapter,44,19.425,0.3635064340810032
COFs,Adapter,44,19.49,0.3635064340810032
COFs,Adapter,44,19.555,0.3635064340810032
COFs,Adapter,44,19.62,0.3635064340810032
COFs,Adapter,44,19.685,0.3635064340810032
COFs,Adapter,44,19.75,0.3635064340810032
COFs,Adapter,44,19.815,0.3635064340810032
COFs,Adapter,44,19.88,0.3635064340810032
COFs,Adapter,44,19.945,0.3635064340810032
COFs,Adapter,44,20.01,0.3635064340810032
COFs,Adapter,44,20.075,0.3635064340810032
COFs,Adapter,44,20.14,0.3635064340810032
COFs,Adapter,44,20.205,0.3635064340810032
COFs,Adapter,44,20.27,0.3635064340810032
COFs,Adapter,44,21.27,0.3635064340810032
COFs,Adapter,44,21.335,0.3635064340810032
COFs,Adapter,44,21.4,0.3635064340810032
COFs,Adapter,44,21.465,0.3635064340810032
COFs,Adapter,44,21.53,0.3635064340810032
COFs,Adapter,44,21.595,0.3635064340810032
COFs,Adapter,44,21.66,0.3635064340810032
COFs,Adapter,44,21.725,0.3635064340810032
COFs,Adapter,44,21.79,0.3635064340810032
COFs,Adapter,44,21.855,0.3635064340810032
COFs,Adapter,44,21.92,0.3635064340810032
COFs,Adapter,44,21.985,0.3635064340810032
COFs,Adapter,44,22.05,0.3635064340810032
COFs,Adapter,44,22.115,0.3635064340810032
COFs,Adapter,44,22.18,0.3635064340810032
COFs,Adapter,44,22.245,0.3635064340810032
COFs,Adapter,44,23.245,0.0
COFs,Adapter,44,23.31,0.0
COFs,Adapter,44,23.375,0.0
COFs,Adapter,44,23.44,0.0
COFs,Adapter,44,23.505,0.0
COFs,Adapter,44,23.57,0.0
COFs,Adapter,44,23.635,0.0
COFs,Adapter,44,23.7,0.0
COFs,Adapter,44,23.765,0.0
COFs,Adapter,44,23.83,0.0
COFs,Adapter,44,23.895,0.0
COFs,Adapter,44,23.96,0.0
COFs,Adapter,44,24.025,0.0
COFs,Adapter,44,24.09,0.0
COFs,Adapter,44,24.155,0.0
COFs,Adapter,44,24.22,0.0
COFs,Adapter,44,25.22,0.0
COFs,Adapter,44,25.285,0.0
COFs,Adapter,44,25.35,0.0
COFs,Adapter,44,25.415,0.0
COFs,Adapter,44,25.48,0.0
COFs,Adapter,44,25.545,0.0
COFs,Adapter,44,25.61,0.0
COFs,Adapter,44,25.675,0.0
COFs,Adapter,44,25.74,0.0
COFs,Adapter,44,25.805,0.0
COFs,Adapter,44,25.87,0.0
COFs,Adapter,44,25.935,0.0
COFs,Adapter,44,26.0,0.0
COFs,Adapter,44,26.065,0.0
COFs,Adapter,44,26.13,0.0
COFs,Adapter,44,26.195,0.0
COFs,Adapter,44,27.195,0.0
COFs,Adapter,44,27.26,0.0
COFs,Adapter,44,27.325,0.0
COFs,Adapter,44,27.39,0.0
COFs,Adapter,44,27.455,0.0
COFs,Adapter,44,27.52,0.0
COFs,Adapter,44,27.585,0.0
COFs,Adapter,44,27.65,0.0
COFs,Adapter,44,27.715,0.0
COFs,Adapter,44,27.78,0.0
COFs,Adapter,44,27.845,0.0
COFs,Adapter,44,27.91,0.0
COFs,Adapter,44,27.975,0.0
COFs,Adapter,44,28.04,0.0
COFs,Adapter,44,28.105,0.0
COFs,Adapter,44,28.17,0.0
COFs,Adapter,44,29.17,0.0
COFs,Adapter,44,29.235,0.0
COFs,Adapter,44,29.3,0.0
COFs,Adapter,44,29.365,0.0
COFs,Adapter,44,29.43,0.0
COFs,Adapter,44,29.495,0.0
COFs,Adapter,44,29.56,0.0
COFs,Adapter,44,29.625,0.0
COFs,Adapter,44,29.69,0.0
COFs,Adapter,44,29.755,0.0
COFs,Adapter,44,29.82,0.0
COFs,Adapter,44,29.885,0.0
COFs,Adapter,44,29.95,0.0
COFs,Adapter,45,3.495,2.768421691579954
COFs,Adapter,45,3.56,2.768421691579954
COFs,Adapter,45,3.625,2.768421691579954
COFs,Adapter,45,3.69,2.768421691579954
COFs,Adapter,45,3.755,2.768421691579954
COFs,Adapter,45,3.82,2.768421691579954
COFs,Adapter,45,3.885,2.768421691579954
COFs,Adapter,45,3.95,2.768421691579954
COFs,Adapter,45,4.015,2.768421691579954
COFs,Adapter,45,4.08,2.768421691579954
COFs,Adapter,45,4.145,2.768421691579954
COFs,Adapter,45,4.21,2.768421691579954
COFs,Adapter,45,4.275,2.768421691579954
COFs,Adapter,45,4.34,2.768421691579954
COFs,Adapter,45,4.405,2.768421691579954
COFs,Adapter,45,4.47,2.768421691579954
COFs,Adapter,45,5.47,2.768421691579954
COFs,Adapter,45,5.535,2.768421691579954
COFs,Adapter,45,5.6,2.768421691579954
COFs,Adapter,45,5.665,2.768421691579954
COFs,Adapter,45,5.73,2.768421691579954
COFs,Adapter,45,5.795,2.768421691579954
COFs,Adapter,45,5.86,2.768421691579954
COFs,Adapter,45,5.925,2.768421691579954
COFs,Adapter,45,5.99,2.768421691579954
COFs,Adapter,45,6.055,2.768421691579954
COFs,Adapter,45,6.12,2.768421691579954
COFs,Adapter,45,6.185,2.768421691579954
COFs,Adapter,45,6.25,2.768421691579954
COFs,Adapter,45,6.315,2.768421691579954
COFs,Adapter,45,6.38,2.768421691579954
COFs,Adapter,45,6.445,2.768421691579954
COFs,Adapter,45,7.445,2.768421691579954
COFs,Adapter,45,7.51,2.768421691579954
COFs,Adapter,45,7.575,2.768421691579954
COFs,Adapter,45,7.64,2.768421691579954
COFs,Adapter,45,7.705,2.768421691579954
COFs,Adapter,45,7.77,2.768421691579954
COFs,Adapter,45,7.835,2.768421691579954
COFs,Adapter,45,7.9,2.768421691579954
COFs,Adapter,45,7.965,2.768421691579954
COFs,Adapter,45,8.03,2.768421691579954
COFs,Adapter,45,8.095,2.768421691579954
COFs,Adapter,45,8.16,2.768421691579954
COFs,Adapter,45,8.225,2.768421691579954
COFs,Adapter,45,8.29,2.768421691579954
COFs,Adapter,45,8.355,2.768421691579954
COFs,Adapter,45,8.42,2.768421691579954
COFs,Adapter,45,9.42,2.768421691579954
COFs,Adapter,45,9.485,2.768421691579954
COFs,Adapter,45,9.55,2.768421691579954
COFs,Adapter,45,9.615,2.768421691579954
COFs,Adapter,45,9.68,2.768421691579954
COFs,Adapter,45,9.745,2.768421691579954
COFs,Adapter,45,9.81,2.768421691579954
COFs,Adapter,45,9.875,2.768421691579954
COFs,Adapter,45,9.94,2.768421691579954
COFs,Adapter,45,10.005,2.768421691579954
COFs,Adapter,45,10.07,2.768421691579954
COFs,Adapter,45,10.135,2.768421691579954
COFs,Adapter,45,10.2,2.768421691579954
COFs,Adapter,45,10.265,2.768421691579954
COFs,Adapter,45,10.33,2.768421691579954
COFs,Adapter,45,10.395,2.768421691579954
COFs,Adapter,45,11.395,2.768421691579954
COFs,Adapter,45,11.46,2.768421691579954
COFs,Adapter,45,11.525,2.768421691579954
COFs,Adapter,45,11.59,2.768421691579954
COFs,Adapter,45,11.655,2.768421691579954
COFs,Adapter,45,11.72,2.768421691579954
COFs,Adapter,45,11.785,2.768421691579954
COFs,Adapter,45,11.85,2.768421691579954
COFs,Adapter,45,11.915,2.768421691579954
COFs,Adapter,45,11.98,2.768421691579954
COFs,Adapter,45,12.045,2.768421691579954
COFs,Adapter,45,12.11,2.768421691579954
COFs,Adapter,45,12.175,2.768421691579954
COFs,Adapter,45,12.24,2.768421691579954
COFs,Adapter,45,12.305,2.768421691579954
COFs,Adapter,45,12.37,2.768421691579954
COFs,Adapter,45,13.37,2.768421691579954
COFs,Adapter,45,13.435,2.768421691579954
COFs,Adapter,45,13.5,2.768421691579954
COFs,Adapter,45,13.565,2.768421691579954
COFs,Adapter,45,13.63,2.768421691579954
COFs,Adapter,45,13.695,2.768421691579954
COFs,Adapter,45,13.76,2.768421691579954
COFs,Adapter,45,13.825,2.768421691579954
COFs,Adapter,45,13.89,2.768421691579954
COFs,Adapter,45,13.955,2.768421691579954
COFs,Adapter,45,14.02,2.768421691579954
COFs,Adapter,45,14.085,2.768421691579954
COFs,Adapter,45,14.15,2.768421691579954
COFs,Adapter,45,14.215,2.768421691579954
COFs,Adapter,45,14.28,2.768421691579954
COFs,Adapter,45,14.345,2.768421691579954
COFs,Adapter,45,15.345,2.768421691579954
COFs,Adapter,45,15.41,2.768421691579954
COFs,Adapter,45,15.475,2.768421691579954
COFs,Adapter,45,15.54,2.768421691579954
COFs,Adapter,45,15.605,2.768421691579954
COFs,Adapter,45,15.67,2.768421691579954
COFs,Adapter,45,15.735,2.768421691579954
COFs,Adapter,45,15.8,2.768421691579954
COFs,Adapter,45,15.865,2.768421691579954
COFs,Adapter,45,15.93,2.768421691579954
COFs,Adapter,45,15.995,2.768421691579954
COFs,Adapter,45,16.06,2.768421691579954
COFs,Adapter,45,16.125,2.768421691579954
COFs,Adapter,45,16.19,2.768421691579954
COFs,Adapter,45,16.255,2.768421691579954
COFs,Adapter,45,16.32,2.768421691579954
COFs,Adapter,45,17.32,1.6834527522225675
COFs,Adapter,45,17.385,1.6834527522225675
COFs,Adapter,45,17.45,1.6834527522225675
COFs,Adapter,45,17.515,1.6834527522225675
COFs,Adapter,45,17.58,1.6834527522225675
COFs,Adapter,45,17.645,1.6834527522225675
COFs,Adapter,45,17.71,1.6834527522225675
COFs,Adapter,45,17.775,1.6834527522225675
COFs,Adapter,45,17.84,1.6834527522225675
COFs,Adapter,45,17.905,1.6834527522225675
COFs,Adapter,45,17.97,1.6834527522225675
COFs,Adapter,45,18.035,1.6834527522225675
COFs,Adapter,45,18.1,1.6834527522225675
COFs,Adapter,45,18.165,1.6834527522225675
COFs,Adapter,45,18.23,1.6834527522225675
COFs,Adapter,45,18.295,1.6834527522225675
COFs,Adapter,45,19.295,1.6834527522225675
COFs,Adapter,45,19.36,1.6834527522225675
COFs,Adapter,45,19.425,1.6834527522225675
COFs,Adapter,45,19.49,1.6834527522225675
COFs,Adapter,45,19.555,1.6834527522225675
COFs,Adapter,45,19.62,1.6834527522225675
COFs,Adapter,45,19.685,1.6834527522225675
COFs,Adapter,45,19.75,1.6834527522225675
COFs,Adapter,45,19.815,1.6834527522225675
COFs,Adapter,45,19.88,1.6834527522225675
COFs,Adapter,45,19.945,1.6834527522225675
COFs,Adapter,45,20.01,1.6834527522225675
COFs,Adapter,45,20.075,1.6834527522225675
COFs,Adapter,45,20.14,1.6834527522225675
COFs,Adapter,45,20.205,1.6834527522225675
COFs,Adapter,45,20.27,1.6834527522225675
COFs,Adapter,45,21.27,1.6834527522225675
COFs,Adapter,45,21.335,1.6834527522225675
COFs,Adapter,45,21.4,1.6834527522225675
COFs,Adapter,45,21.465,1.6834527522225675
COFs,Adapter,45,21.53,1.6834527522225675
COFs,Adapter,45,21.595,1.6834527522225675
COFs,Adapter,45,21.66,1.6834527522225675
COFs,Adapter,45,21.725,1.6834527522225675
COFs,Adapter,45,21.79,1.6834527522225675
COFs,Adapter,45,21.855,1.6834527522225675
COFs,Adapter,45,21.92,1.6834527522225675
COFs,Adapter,45,21.985,1.6834527522225675
COFs,Adapter,45,22.05,1.6834527522225675
COFs,Adapter,45,22.115,1.6834527522225675
COFs,Adapter,45,22.18,1.6834527522225675
COFs,Adapter,45,22.245,1.6834527522225675
COFs,Adapter,45,23.245,0.0
COFs,Adapter,45,23.31,0.0
COFs,Adapter,45,23.375,0.0
COFs,Adapter,45,23.44,0.0
COFs,Adapter,45,23.505,0.0
COFs,Adapter,45,23.57,0.0
COFs,Adapter,45,23.635,0.0
COFs,Adapter,45,23.7,0.0
COFs,Adapter,45,23.765,0.0
COFs,Adapter,45,23.83,0.0
COFs,Adapter,45,23.895,0.0
COFs,Adapter,45,23.96,0.0
COFs,Adapter,45,24.025,0.0
COFs,Adapter,45,24.09,0.0
COFs,Adapter,45,24.155,0.0
COFs,Adapter,45,24.22,0.0
COFs,Adapter,45,25.22,0.0
COFs,Adapter,45,25.285,0.0
COFs,Adapter,45,25.35,0.0
COFs,Adapter,45,25.415,0.0
COFs,Adapter,45,25.48,0.0
COFs,Adapter,45,25.545,0.0
COFs,Adapter,45,25.61,0.0
COFs,Adapter,45,25.675,0.0
COFs,Adapter,45,25.74,0.0
COFs,Adapter,45,25.805,0.0
COFs,Adapter,45,25.87,0.0
COFs,Adapter,45,25.935,0.0
COFs,Adapter,45,26.0,0.0
COFs,Adapter,45,26.065,0.0
COFs,Adapter,45,26.13,0.0
COFs,Adapter,45,26.195,0.0
COFs,Adapter,45,27.195,0.0
COFs,Adapter,45,27.26,0.0
COFs,Adapter,45,27.325,0.0
COFs,Adapter,45,27.39,0.0
COFs,Adapter,45,27.455,0.0
COFs,Adapter,45,27.52,0.0
COFs,Adapter,45,27.585,0.0
COFs,Adapter,45,27.65,0.0
COFs,Adapter,45,27.715,0.0
COFs,Adapter,45,27.78,0.0
COFs,Adapter,45,27.845,0.0
COFs,Adapter,45,27.91,0.0
COFs,Adapter,45,27.975,0.0
COFs,Adapter,45,28.04,0.0
COFs,Adapter,45,28.105,0.0
COFs,Adapter,45,28.17,0.0
COFs,Adapter,45,29.17,0.0
COFs,Adapter,45,29.235,0.0
COFs,Adapter,45,29.3,0.0
COFs,Adapter,45,29.365,0.0
COFs,Adapter,45,29.43,0.0
COFs,Adapter,45,29.495,0.0
COFs,Adapter,45,29.56,0.0
COFs,Adapter,45,29.625,0.0
COFs,Adapter,45,29.69,0.0
COFs,Adapter,45,29.755,0.0
COFs,Adapter,45,29.82,0.0
COFs,Adapter,45,29.885,0.0
COFs,Adapter,45,29.95,0.0
COFs,Adapter,46,3.495,2.768421691579954
COFs,Adapter,46,3.56,2.768421691579954
COFs,Adapter,46,3.625,2.768421691579954
COFs,Adapter,46,3.69,2.768421691579954
COFs,Adapter,46,3.755,2.768421691579954
COFs,Adapter,46,3.82,2.768421691579954
COFs,Adapter,46,3.885,2.768421691579954
COFs,Adapter,46,3.95,2.768421691579954
COFs,Adapter,46,4.015,2.768421691579954
COFs,Adapter,46,4.08,2.768421691579954
COFs,Adapter,46,4.145,2.768421691579954
COFs,Adapter,46,4.21,2.768421691579954
COFs,Adapter,46,4.275,2.768421691579954
COFs,Adapter,46,4.34,2.768421691579954
COFs,Adapter,46,4.405,2.768421691579954
COFs,Adapter,46,4.47,2.768421691579954
COFs,Adapter,46,5.47,2.768421691579954
COFs,Adapter,46,5.535,2.768421691579954
COFs,Adapter,46,5.6,2.768421691579954
COFs,Adapter,46,5.665,2.768421691579954
COFs,Adapter,46,5.73,2.768421691579954
COFs,Adapter,46,5.795,2.768421691579954
COFs,Adapter,46,5.86,2.768421691579954
COFs,Adapter,46,5.925,2.768421691579954
COFs,Adapter,46,5.99,2.768421691579954
COFs,Adapter,46,6.055,2.768421691579954
COFs,Adapter,46,6.12,2.768421691579954
COFs,Adapter,46,6.185,2.768421691579954
COFs,Adapter,46,6.25,2.768421691579954
COFs,Adapter,46,6.315,2.768421691579954
COFs,Adapter,46,6.38,2.768421691579954
COFs,Adapter,46,6.445,2.768421691579954
COFs,Adapter,46,7.445,2.768421691579954
COFs,Adapter,46,7.51,2.768421691579954
COFs,Adapter,46,7.575,2.768421691579954
COFs,Adapter,46,7.64,2.768421691579954
COFs,Adapter,46,7.705,2.768421691579954
COFs,Adapter,46,7.77,2.768421691579954
COFs,Adapter,46,7.835,2.768421691579954
COFs,Adapter,46,7.9,2.768421691579954
COFs,Adapter,46,7.965,2.768421691579954
COFs,Adapter,46,8.03,2.768421691579954
COFs,Adapter,46,8.095,2.768421691579954
COFs,Adapter,46,8.16,2.768421691579954
COFs,Adapter,46,8.225,2.768421691579954
COFs,Adapter,46,8.29,2.768421691579954
COFs,Adapter,46,8.355,2.768421691579954
COFs,Adapter,46,8.42,2.768421691579954
COFs,Adapter,46,9.42,2.768421691579954
COFs,Adapter,46,9.485,2.768421691579954
COFs,Adapter,46,9.55,2.768421691579954
COFs,Adapter,46,9.615,2.768421691579954
COFs,Adapter,46,9.68,2.768421691579954
COFs,Adapter,46,9.745,2.768421691579954
COFs,Adapter,46,9.81,2.768421691579954
COFs,Adapter,46,9.875,2.768421691579954
COFs,Adapter,46,9.94,2.768421691579954
COFs,Adapter,46,10.005,2.768421691579954
COFs,Adapter,46,10.07,2.768421691579954
COFs,Adapter,46,10.135,2.768421691579954
COFs,Adapter,46,10.2,2.768421691579954
COFs,Adapter,46,10.265,2.768421691579954
COFs,Adapter,46,10.33,2.768421691579954
COFs,Adapter,46,10.395,2.768421691579954
COFs,Adapter,46,11.395,1.6834527522225675
COFs,Adapter,46,11.46,1.6834527522225675
COFs,Adapter,46,11.525,1.6834527522225675
COFs,Adapter,46,11.59,1.6834527522225675
COFs,Adapter,46,11.655,1.6834527522225675
COFs,Adapter,46,11.72,1.6834527522225675
COFs,Adapter,46,11.785,1.6834527522225675
COFs,Adapter,46,11.85,1.6834527522225675
COFs,Adapter,46,11.915,1.6834527522225675
COFs,Adapter,46,11.98,1.6834527522225675
COFs,Adapter,46,12.045,1.6834527522225675
COFs,Adapter,46,12.11,1.6834527522225675
COFs,Adapter,46,12.175,1.6834527522225675
COFs,Adapter,46,12.24,1.6834527522225675
COFs,Adapter,46,12.305,1.6834527522225675
COFs,Adapter,46,12.37,1.6834527522225675
COFs,Adapter,46,13.37,0.3635064340810032
COFs,Adapter,46,13.435,0.3635064340810032
COFs,Adapter,46,13.5,0.3635064340810032
COFs,Adapter,46,13.565,0.3635064340810032
COFs,Adapter,46,13.63,0.3635064340810032
COFs,Adapter,46,13.695,0.3635064340810032
COFs,Adapter,46,13.76,0.3635064340810032
COFs,Adapter,46,13.825,0.3635064340810032
COFs,Adapter,46,13.89,0.3635064340810032
COFs,Adapter,46,13.955,0.3635064340810032
COFs,Adapter,46,14.02,0.3635064340810032
COFs,Adapter,46,14.085,0.3635064340810032
COFs,Adapter,46,14.15,0.3635064340810032
COFs,Adapter,46,14.215,0.3635064340810032
COFs,Adapter,46,14.28,0.3635064340810032
COFs,Adapter,46,14.345,0.3635064340810032
COFs,Adapter,46,15.345,0.3635064340810032
COFs,Adapter,46,15.41,0.3635064340810032
COFs,Adapter,46,15.475,0.3635064340810032
COFs,Adapter,46,15.54,0.3635064340810032
COFs,Adapter,46,15.605,0.3635064340810032
COFs,Adapter,46,15.67,0.3635064340810032
COFs,Adapter,46,15.735,0.3635064340810032
COFs,Adapter,46,15.8,0.3635064340810032
COFs,Adapter,46,15.865,0.3635064340810032
COFs,Adapter,46,15.93,0.3635064340810032
COFs,Adapter,46,15.995,0.3635064340810032
COFs,Adapter,46,16.06,0.3635064340810032
COFs,Adapter,46,16.125,0.3635064340810032
COFs,Adapter,46,16.19,0.3635064340810032
COFs,Adapter,46,16.255,0.3635064340810032
COFs,Adapter,46,16.32,0.3635064340810032
COFs,Adapter,46,17.32,0.0
COFs,Adapter,46,17.385,0.0
COFs,Adapter,46,17.45,0.0
COFs,Adapter,46,17.515,0.0
COFs,Adapter,46,17.58,0.0
COFs,Adapter,46,17.645,0.0
COFs,Adapter,46,17.71,0.0
COFs,Adapter,46,17.775,0.0
COFs,Adapter,46,17.84,0.0
COFs,Adapter,46,17.905,0.0
COFs,Adapter,46,17.97,0.0
COFs,Adapter,46,18.035,0.0
COFs,Adapter,46,18.1,0.0
COFs,Adapter,46,18.165,0.0
COFs,Adapter,46,18.23,0.0
COFs,Adapter,46,18.295,0.0
COFs,Adapter,46,19.295,0.0
COFs,Adapter,46,19.36,0.0
COFs,Adapter,46,19.425,0.0
COFs,Adapter,46,19.49,0.0
COFs,Adapter,46,19.555,0.0
COFs,Adapter,46,19.62,0.0
COFs,Adapter,46,19.685,0.0
COFs,Adapter,46,19.75,0.0
COFs,Adapter,46,19.815,0.0
COFs,Adapter,46,19.88,0.0
COFs,Adapter,46,19.945,0.0
COFs,Adapter,46,20.01,0.0
COFs,Adapter,46,20.075,0.0
COFs,Adapter,46,20.14,0.0
COFs,Adapter,46,20.205,0.0
COFs,Adapter,46,20.27,0.0
COFs,Adapter,46,21.27,0.0
COFs,Adapter,46,21.335,0.0
COFs,Adapter,46,21.4,0.0
COFs,Adapter,46,21.465,0.0
COFs,Adapter,46,21.53,0.0
COFs,Adapter,46,21.595,0.0
COFs,Adapter,46,21.66,0.0
COFs,Adapter,46,21.725,0.0
COFs,Adapter,46,21.79,0.0
COFs,Adapter,46,21.855,0.0
COFs,Adapter,46,21.92,0.0
COFs,Adapter,46,21.985,0.0
COFs,Adapter,46,22.05,0.0
COFs,Adapter,46,22.115,0.0
COFs,Adapter,46,22.18,0.0
COFs,Adapter,46,22.245,0.0
COFs,Adapter,46,23.245,0.0
COFs,Adapter,46,23.31,0.0
COFs,Adapter,46,23.375,0.0
COFs,Adapter,46,23.44,0.0
COFs,Adapter,46,23.505,0.0
COFs,Adapter,46,23.57,0.0
COFs,Adapter,46,23.635,0.0
COFs,Adapter,46,23.7,0.0
COFs,Adapter,46,23.765,0.0
COFs,Adapter,46,23.83,0.0
COFs,Adapter,46,23.895,0.0
COFs,Adapter,46,23.96,0.0
COFs,Adapter,46,24.025,0.0
COFs,Adapter,46,24.09,0.0
COFs,Adapter,46,24.155,0.0
COFs,Adapter,46,24.22,0.0
COFs,Adapter,46,25.22,0.0
COFs,Adapter,46,25.285,0.0
COFs,Adapter,46,25.35,0.0
COFs,Adapter,46,25.415,0.0
COFs,Adapter,46,25.48,0.0
COFs,Adapter,46,25.545,0.0
COFs,Adapter,46,25.61,0.0
COFs,Adapter,46,25.675,0.0
COFs,Adapter,46,25.74,0.0
COFs,Adapter,46,25.805,0.0
COFs,Adapter,46,25.87,0.0
COFs,Adapter,46,25.935,0.0
COFs,Adapter,46,26.0,0.0
COFs,Adapter,46,26.065,0.0
COFs,Adapter,46,26.13,0.0
COFs,Adapter,46,26.195,0.0
COFs,Adapter,46,27.195,0.0
COFs,Adapter,46,27.26,0.0
COFs,Adapter,46,27.325,0.0
COFs,Adapter,46,27.39,0.0
COFs,Adapter,46,27.455,0.0
COFs,Adapter,46,27.52,0.0
COFs,Adapter,46,27.585,0.0
COFs,Adapter,46,27.65,0.0
COFs,Adapter,46,27.715,0.0
COFs,Adapter,46,27.78,0.0
COFs,Adapter,46,27.845,0.0
COFs,Adapter,46,27.91,0.0
COFs,Adapter,46,27.975,0.0
COFs,Adapter,46,28.04,0.0
COFs,Adapter,46,28.105,0.0
COFs,Adapter,46,28.17,0.0
COFs,Adapter,46,29.17,0.0
COFs,Adapter,46,29.235,0.0
COFs,Adapter,46,29.3,0.0
COFs,Adapter,46,29.365,0.0
COFs,Adapter,46,29.43,0.0
COFs,Adapter,46,29.495,0.0
COFs,Adapter,46,29.56,0.0
COFs,Adapter,46,29.625,0.0
COFs,Adapter,46,29.69,0.0
COFs,Adapter,46,29.755,0.0
COFs,Adapter,46,29.82,0.0
COFs,Adapter,46,29.885,0.0
COFs,Adapter,46,29.95,0.0
COFs,Adapter,47,3.495,12.286313844166015
COFs,Adapter,47,3.56,12.286313844166015
COFs,Adapter,47,3.625,12.286313844166015
COFs,Adapter,47,3.69,12.286313844166015
COFs,Adapter,47,3.755,12.286313844166015
COFs,Adapter,47,3.82,12.286313844166015
COFs,Adapter,47,3.885,12.286313844166015
COFs,Adapter,47,3.95,12.286313844166015
COFs,Adapter,47,4.015,12.286313844166015
COFs,Adapter,47,4.08,12.286313844166015
COFs,Adapter,47,4.145,12.286313844166015
COFs,Adapter,47,4.21,12.286313844166015
COFs,Adapter,47,4.275,12.286313844166015
COFs,Adapter,47,4.34,12.286313844166015
COFs,Adapter,47,4.405,12.286313844166015
COFs,Adapter,47,4.47,12.286313844166015
COFs,Adapter,47,5.47,12.286313844166015
COFs,Adapter,47,5.535,12.286313844166015
COFs,Adapter,47,5.6,12.286313844166015
COFs,Adapter,47,5.665,12.286313844166015
COFs,Adapter,47,5.73,12.286313844166015
COFs,Adapter,47,5.795,12.286313844166015
COFs,Adapter,47,5.86,12.286313844166015
COFs,Adapter,47,5.925,12.286313844166015
COFs,Adapter,47,5.99,12.286313844166015
COFs,Adapter,47,6.055,12.286313844166015
COFs,Adapter,47,6.12,12.286313844166015
COFs,Adapter,47,6.185,12.286313844166015
COFs,Adapter,47,6.25,12.286313844166015
COFs,Adapter,47,6.315,12.286313844166015
COFs,Adapter,47,6.38,12.286313844166015
COFs,Adapter,47,6.445,12.286313844166015
COFs,Adapter,47,7.445,7.865384780818418
COFs,Adapter,47,7.51,7.865384780818418
COFs,Adapter,47,7.575,7.865384780818418
COFs,Adapter,47,7.64,7.865384780818418
COFs,Adapter,47,7.705,7.865384780818418
COFs,Adapter,47,7.77,7.865384780818418
COFs,Adapter,47,7.835,7.865384780818418
COFs,Adapter,47,7.9,7.865384780818418
COFs,Adapter,47,7.965,7.865384780818418
COFs,Adapter,47,8.03,7.865384780818418
COFs,Adapter,47,8.095,7.865384780818418
COFs,Adapter,47,8.16,7.865384780818418
COFs,Adapter,47,8.225,7.865384780818418
COFs,Adapter,47,8.29,7.865384780818418
COFs,Adapter,47,8.355,7.865384780818418
COFs,Adapter,47,8.42,7.865384780818418
COFs,Adapter,47,9.42,7.865384780818418
COFs,Adapter,47,9.485,7.865384780818418
COFs,Adapter,47,9.55,7.865384780818418
COFs,Adapter,47,9.615,7.865384780818418
COFs,Adapter,47,9.68,7.865384780818418
COFs,Adapter,47,9.745,7.865384780818418
COFs,Adapter,47,9.81,7.865384780818418
COFs,Adapter,47,9.875,7.865384780818418
COFs,Adapter,47,9.94,7.865384780818418
COFs,Adapter,47,10.005,7.865384780818418
COFs,Adapter,47,10.07,7.865384780818418
COFs,Adapter,47,10.135,7.865384780818418
COFs,Adapter,47,10.2,7.865384780818418
COFs,Adapter,47,10.265,7.865384780818418
COFs,Adapter,47,10.33,7.865384780818418
COFs,Adapter,47,10.395,7.865384780818418
COFs,Adapter,47,11.395,7.865384780818418
COFs,Adapter,47,11.46,7.865384780818418
COFs,Adapter,47,11.525,7.865384780818418
COFs,Adapter,47,11.59,7.865384780818418
COFs,Adapter,47,11.655,7.865384780818418
COFs,Adapter,47,11.72,7.865384780818418
COFs,Adapter,47,11.785,7.865384780818418
COFs,Adapter,47,11.85,7.865384780818418
COFs,Adapter,47,11.915,7.865384780818418
COFs,Adapter,47,11.98,7.865384780818418
COFs,Adapter,47,12.045,7.865384780818418
COFs,Adapter,47,12.11,7.865384780818418
COFs,Adapter,47,12.175,7.865384780818418
COFs,Adapter,47,12.24,7.865384780818418
COFs,Adapter,47,12.305,7.865384780818418
COFs,Adapter,47,12.37,7.865384780818418
COFs,Adapter,47,13.37,7.865384780818418
COFs,Adapter,47,13.435,7.865384780818418
COFs,Adapter,47,13.5,7.865384780818418
COFs,Adapter,47,13.565,7.865384780818418
COFs,Adapter,47,13.63,7.865384780818418
COFs,Adapter,47,13.695,7.865384780818418
COFs,Adapter,47,13.76,7.865384780818418
COFs,Adapter,47,13.825,7.865384780818418
COFs,Adapter,47,13.89,7.865384780818418
COFs,Adapter,47,13.955,7.865384780818418
COFs,Adapter,47,14.02,7.865384780818418
COFs,Adapter,47,14.085,7.865384780818418
COFs,Adapter,47,14.15,7.865384780818418
COFs,Adapter,47,14.215,7.865384780818418
COFs,Adapter,47,14.28,7.865384780818418
COFs,Adapter,47,14.345,7.865384780818418
COFs,Adapter,47,15.345,4.516970590908455
COFs,Adapter,47,15.41,4.516970590908455
COFs,Adapter,47,15.475,4.516970590908455
COFs,Adapter,47,15.54,4.516970590908455
COFs,Adapter,47,15.605,4.516970590908455
COFs,Adapter,47,15.67,4.516970590908455
COFs,Adapter,47,15.735,4.516970590908455
COFs,Adapter,47,15.8,4.516970590908455
COFs,Adapter,47,15.865,4.516970590908455
COFs,Adapter,47,15.93,4.516970590908455
COFs,Adapter,47,15.995,4.516970590908455
COFs,Adapter,47,16.06,4.516970590908455
COFs,Adapter,47,16.125,4.516970590908455
COFs,Adapter,47,16.19,4.516970590908455
COFs,Adapter,47,16.255,4.516970590908455
COFs,Adapter,47,16.32,4.516970590908455
COFs,Adapter,47,17.32,2.768421691579954
COFs,Adapter,47,17.385,2.768421691579954
COFs,Adapter,47,17.45,2.768421691579954
COFs,Adapter,47,17.515,2.768421691579954
COFs,Adapter,47,17.58,2.768421691579954
COFs,Adapter,47,17.645,2.768421691579954
COFs,Adapter,47,17.71,2.768421691579954
COFs,Adapter,47,17.775,2.768421691579954
COFs,Adapter,47,17.84,2.768421691579954
COFs,Adapter,47,17.905,2.768421691579954
COFs,Adapter,47,17.97,2.768421691579954
COFs,Adapter,47,18.035,2.768421691579954
COFs,Adapter,47,18.1,2.768421691579954
COFs,Adapter,47,18.165,2.768421691579954
COFs,Adapter,47,18.23,2.768421691579954
COFs,Adapter,47,18.295,2.768421691579954
COFs,Adapter,47,19.295,2.768421691579954
COFs,Adapter,47,19.36,2.768421691579954
COFs,Adapter,47,19.425,2.768421691579954
COFs,Adapter,47,19.49,2.768421691579954
COFs,Adapter,47,19.555,2.768421691579954
COFs,Adapter,47,19.62,2.768421691579954
COFs,Adapter,47,19.685,2.768421691579954
COFs,Adapter,47,19.75,2.768421691579954
COFs,Adapter,47,19.815,2.768421691579954
COFs,Adapter,47,19.88,2.768421691579954
COFs,Adapter,47,19.945,2.768421691579954
COFs,Adapter,47,20.01,2.768421691579954
COFs,Adapter,47,20.075,2.768421691579954
COFs,Adapter,47,20.14,2.768421691579954
COFs,Adapter,47,20.205,2.768421691579954
COFs,Adapter,47,20.27,2.768421691579954
COFs,Adapter,47,21.27,2.768421691579954
COFs,Adapter,47,21.335,2.768421691579954
COFs,Adapter,47,21.4,2.768421691579954
COFs,Adapter,47,21.465,2.768421691579954
COFs,Adapter,47,21.53,2.768421691579954
COFs,Adapter,47,21.595,2.768421691579954
COFs,Adapter,47,21.66,2.768421691579954
COFs,Adapter,47,21.725,2.768421691579954
COFs,Adapter,47,21.79,2.768421691579954
COFs,Adapter,47,21.855,2.768421691579954
COFs,Adapter,47,21.92,2.768421691579954
COFs,Adapter,47,21.985,2.768421691579954
COFs,Adapter,47,22.05,2.768421691579954
COFs,Adapter,47,22.115,2.768421691579954
COFs,Adapter,47,22.18,2.768421691579954
COFs,Adapter,47,22.245,2.768421691579954
COFs,Adapter,47,23.245,1.6834527522225675
COFs,Adapter,47,23.31,1.6834527522225675
COFs,Adapter,47,23.375,1.6834527522225675
COFs,Adapter,47,23.44,1.6834527522225675
COFs,Adapter,47,23.505,1.6834527522225675
COFs,Adapter,47,23.57,1.6834527522225675
COFs,Adapter,47,23.635,1.6834527522225675
COFs,Adapter,47,23.7,1.6834527522225675
COFs,Adapter,47,23.765,1.6834527522225675
COFs,Adapter,47,23.83,1.6834527522225675
COFs,Adapter,47,23.895,1.6834527522225675
COFs,Adapter,47,23.96,1.6834527522225675
COFs,Adapter,47,24.025,1.6834527522225675
COFs,Adapter,47,24.09,1.6834527522225675
COFs,Adapter,47,24.155,1.6834527522225675
COFs,Adapter,47,24.22,1.6834527522225675
COFs,Adapter,47,25.22,1.6834527522225675
COFs,Adapter,47,25.285,1.6834527522225675
COFs,Adapter,47,25.35,1.6834527522225675
COFs,Adapter,47,25.415,1.6834527522225675
COFs,Adapter,47,25.48,1.6834527522225675
COFs,Adapter,47,25.545,1.6834527522225675
COFs,Adapter,47,25.61,1.6834527522225675
COFs,Adapter,47,25.675,1.6834527522225675
COFs,Adapter,47,25.74,1.6834527522225675
COFs,Adapter,47,25.805,1.6834527522225675
COFs,Adapter,47,25.87,1.6834527522225675
COFs,Adapter,47,25.935,1.6834527522225675
COFs,Adapter,47,26.0,1.6834527522225675
COFs,Adapter,47,26.065,1.6834527522225675
COFs,Adapter,47,26.13,1.6834527522225675
COFs,Adapter,47,26.195,1.6834527522225675
COFs,Adapter,47,27.195,0.0
COFs,Adapter,47,27.26,0.0
COFs,Adapter,47,27.325,0.0
COFs,Adapter,47,27.39,0.0
COFs,Adapter,47,27.455,0.0
COFs,Adapter,47,27.52,0.0
COFs,Adapter,47,27.585,0.0
COFs,Adapter,47,27.65,0.0
COFs,Adapter,47,27.715,0.0
COFs,Adapter,47,27.78,0.0
COFs,Adapter,47,27.845,0.0
COFs,Adapter,47,27.91,0.0
COFs,Adapter,47,27.975,0.0
COFs,Adapter,47,28.04,0.0
COFs,Adapter,47,28.105,0.0
COFs,Adapter,47,28.17,0.0
COFs,Adapter,47,29.17,0.0
COFs,Adapter,47,29.235,0.0
COFs,Adapter,47,29.3,0.0
COFs,Adapter,47,29.365,0.0
COFs,Adapter,47,29.43,0.0
COFs,Adapter,47,29.495,0.0
COFs,Adapter,47,29.56,0.0
COFs,Adapter,47,29.625,0.0
COFs,Adapter,47,29.69,0.0
COFs,Adapter,47,29.755,0.0
COFs,Adapter,47,29.82,0.0
COFs,Adapter,47,29.885,0.0
COFs,Adapter,47,29.95,0.0
COFs,Adapter,48,3.495,14.284141411021764
COFs,Adapter,48,3.56,14.284141411021764
COFs,Adapter,48,3.625,14.284141411021764
COFs,Adapter,48,3.69,14.284141411021764
COFs,Adapter,48,3.755,14.284141411021764
COFs,Adapter,48,3.82,14.284141411021764
COFs,Adapter,48,3.885,14.284141411021764
COFs,Adapter,48,3.95,14.284141411021764
COFs,Adapter,48,4.015,14.284141411021764
COFs,Adapter,48,4.08,14.284141411021764
COFs,Adapter,48,4.145,14.284141411021764
COFs,Adapter,48,4.21,14.284141411021764
COFs,Adapter,48,4.275,14.284141411021764
COFs,Adapter,48,4.34,14.284141411021764
COFs,Adapter,48,4.405,14.284141411021764
COFs,Adapter,48,4.47,14.284141411021764
COFs,Adapter,48,5.47,4.516970590908455
COFs,Adapter,48,5.535,4.516970590908455
COFs,Adapter,48,5.6,4.516970590908455
COFs,Adapter,48,5.665,4.516970590908455
COFs,Adapter,48,5.73,4.516970590908455
COFs,Adapter,48,5.795,4.516970590908455
COFs,Adapter,48,5.86,4.516970590908455
COFs,Adapter,48,5.925,4.516970590908455
COFs,Adapter,48,5.99,4.516970590908455
COFs,Adapter,48,6.055,4.516970590908455
COFs,Adapter,48,6.12,4.516970590908455
COFs,Adapter,48,6.185,4.516970590908455
COFs,Adapter,48,6.25,4.516970590908455
COFs,Adapter,48,6.315,4.516970590908455
COFs,Adapter,48,6.38,4.516970590908455
COFs,Adapter,48,6.445,4.516970590908455
COFs,Adapter,48,7.445,2.768421691579954
COFs,Adapter,48,7.51,2.768421691579954
COFs,Adapter,48,7.575,2.768421691579954
COFs,Adapter,48,7.64,2.768421691579954
COFs,Adapter,48,7.705,2.768421691579954
COFs,Adapter,48,7.77,2.768421691579954
COFs,Adapter,48,7.835,2.768421691579954
COFs,Adapter,48,7.9,2.768421691579954
COFs,Adapter,48,7.965,2.768421691579954
COFs,Adapter,48,8.03,2.768421691579954
COFs,Adapter,48,8.095,2.768421691579954
COFs,Adapter,48,8.16,2.768421691579954
COFs,Adapter,48,8.225,2.768421691579954
COFs,Adapter,48,8.29,2.768421691579954
COFs,Adapter,48,8.355,2.768421691579954
COFs,Adapter,48,8.42,2.768421691579954
COFs,Adapter,48,9.42,2.768421691579954
COFs,Adapter,48,9.485,2.768421691579954
COFs,Adapter,48,9.55,2.768421691579954
COFs,Adapter,48,9.615,2.768421691579954
COFs,Adapter,48,9.68,2.768421691579954
COFs,Adapter,48,9.745,2.768421691579954
COFs,Adapter,48,9.81,2.768421691579954
COFs,Adapter,48,9.875,2.768421691579954
COFs,Adapter,48,9.94,2.768421691579954
COFs,Adapter,48,10.005,2.768421691579954
COFs,Adapter,48,10.07,2.768421691579954
COFs,Adapter,48,10.135,2.768421691579954
COFs,Adapter,48,10.2,2.768421691579954
COFs,Adapter,48,10.265,2.768421691579954
COFs,Adapter,48,10.33,2.768421691579954
COFs,Adapter,48,10.395,2.768421691579954
COFs,Adapter,48,11.395,2.768421691579954
COFs,Adapter,48,11.46,2.768421691579954
COFs,Adapter,48,11.525,2.768421691579954
COFs,Adapter,48,11.59,2.768421691579954
COFs,Adapter,48,11.655,2.768421691579954
COFs,Adapter,48,11.72,2.768421691579954
COFs,Adapter,48,11.785,2.768421691579954
COFs,Adapter,48,11.85,2.768421691579954
COFs,Adapter,48,11.915,2.768421691579954
COFs,Adapter,48,11.98,2.768421691579954
COFs,Adapter,48,12.045,2.768421691579954
COFs,Adapter,48,12.11,2.768421691579954
COFs,Adapter,48,12.175,2.768421691579954
COFs,Adapter,48,12.24,2.768421691579954
COFs,Adapter,48,12.305,2.768421691579954
COFs,Adapter,48,12.37,2.768421691579954
COFs,Adapter,48,13.37,1.6834527522225675
COFs,Adapter,48,13.435,1.6834527522225675
COFs,Adapter,48,13.5,1.6834527522225675
COFs,Adapter,48,13.565,1.6834527522225675
COFs,Adapter,48,13.63,1.6834527522225675
COFs,Adapter,48,13.695,1.6834527522225675
COFs,Adapter,48,13.76,1.6834527522225675
COFs,Adapter,48,13.825,1.6834527522225675
COFs,Adapter,48,13.89,1.6834527522225675
COFs,Adapter,48,13.955,1.6834527522225675
COFs,Adapter,48,14.02,1.6834527522225675
COFs,Adapter,48,14.085,1.6834527522225675
COFs,Adapter,48,14.15,1.6834527522225675
COFs,Adapter,48,14.215,1.6834527522225675
COFs,Adapter,48,14.28,1.6834527522225675
COFs,Adapter,48,14.345,1.6834527522225675
COFs,Adapter,48,15.345,1.6834527522225675
COFs,Adapter,48,15.41,1.6834527522225675
COFs,Adapter,48,15.475,1.6834527522225675
COFs,Adapter,48,15.54,1.6834527522225675
COFs,Adapter,48,15.605,1.6834527522225675
COFs,Adapter,48,15.67,1.6834527522225675
COFs,Adapter,48,15.735,1.6834527522225675
COFs,Adapter,48,15.8,1.6834527522225675
COFs,Adapter,48,15.865,1.6834527522225675
COFs,Adapter,48,15.93,1.6834527522225675
COFs,Adapter,48,15.995,1.6834527522225675
COFs,Adapter,48,16.06,1.6834527522225675
COFs,Adapter,48,16.125,1.6834527522225675
COFs,Adapter,48,16.19,1.6834527522225675
COFs,Adapter,48,16.255,1.6834527522225675
COFs,Adapter,48,16.32,1.6834527522225675
COFs,Adapter,48,17.32,0.3635064340810032
COFs,Adapter,48,17.385,0.3635064340810032
COFs,Adapter,48,17.45,0.3635064340810032
COFs,Adapter,48,17.515,0.3635064340810032
COFs,Adapter,48,17.58,0.3635064340810032
COFs,Adapter,48,17.645,0.3635064340810032
COFs,Adapter,48,17.71,0.3635064340810032
COFs,Adapter,48,17.775,0.3635064340810032
COFs,Adapter,48,17.84,0.3635064340810032
COFs,Adapter,48,17.905,0.3635064340810032
COFs,Adapter,48,17.97,0.3635064340810032
COFs,Adapter,48,18.035,0.3635064340810032
COFs,Adapter,48,18.1,0.3635064340810032
COFs,Adapter,48,18.165,0.3635064340810032
COFs,Adapter,48,18.23,0.3635064340810032
COFs,Adapter,48,18.295,0.3635064340810032
COFs,Adapter,48,19.295,0.3635064340810032
COFs,Adapter,48,19.36,0.3635064340810032
COFs,Adapter,48,19.425,0.3635064340810032
COFs,Adapter,48,19.49,0.3635064340810032
COFs,Adapter,48,19.555,0.3635064340810032
COFs,Adapter,48,19.62,0.3635064340810032
COFs,Adapter,48,19.685,0.3635064340810032
COFs,Adapter,48,19.75,0.3635064340810032
COFs,Adapter,48,19.815,0.3635064340810032
COFs,Adapter,48,19.88,0.3635064340810032
COFs,Adapter,48,19.945,0.3635064340810032
COFs,Adapter,48,20.01,0.3635064340810032
COFs,Adapter,48,20.075,0.3635064340810032
COFs,Adapter,48,20.14,0.3635064340810032
COFs,Adapter,48,20.205,0.3635064340810032
COFs,Adapter,48,20.27,0.3635064340810032
COFs,Adapter,48,21.27,0.1384703736115966
COFs,Adapter,48,21.335,0.1384703736115966
COFs,Adapter,48,21.4,0.1384703736115966
COFs,Adapter,48,21.465,0.1384703736115966
COFs,Adapter,48,21.53,0.1384703736115966
COFs,Adapter,48,21.595,0.1384703736115966
COFs,Adapter,48,21.66,0.1384703736115966
COFs,Adapter,48,21.725,0.1384703736115966
COFs,Adapter,48,21.79,0.1384703736115966
COFs,Adapter,48,21.855,0.1384703736115966
COFs,Adapter,48,21.92,0.1384703736115966
COFs,Adapter,48,21.985,0.1384703736115966
COFs,Adapter,48,22.05,0.1384703736115966
COFs,Adapter,48,22.115,0.1384703736115966
COFs,Adapter,48,22.18,0.1384703736115966
COFs,Adapter,48,22.245,0.1384703736115966
COFs,Adapter,48,23.245,0.0
COFs,Adapter,48,23.31,0.0
COFs,Adapter,48,23.375,0.0
COFs,Adapter,48,23.44,0.0
COFs,Adapter,48,23.505,0.0
COFs,Adapter,48,23.57,0.0
COFs,Adapter,48,23.635,0.0
COFs,Adapter,48,23.7,0.0
COFs,Adapter,48,23.765,0.0
COFs,Adapter,48,23.83,0.0
COFs,Adapter,48,23.895,0.0
COFs,Adapter,48,23.96,0.0
COFs,Adapter,48,24.025,0.0
COFs,Adapter,48,24.09,0.0
COFs,Adapter,48,24.155,0.0
COFs,Adapter,48,24.22,0.0
COFs,Adapter,48,25.22,0.0
COFs,Adapter,48,25.285,0.0
COFs,Adapter,48,25.35,0.0
COFs,Adapter,48,25.415,0.0
COFs,Adapter,48,25.48,0.0
COFs,Adapter,48,25.545,0.0
COFs,Adapter,48,25.61,0.0
COFs,Adapter,48,25.675,0.0
COFs,Adapter,48,25.74,0.0
COFs,Adapter,48,25.805,0.0
COFs,Adapter,48,25.87,0.0
COFs,Adapter,48,25.935,0.0
COFs,Adapter,48,26.0,0.0
COFs,Adapter,48,26.065,0.0
COFs,Adapter,48,26.13,0.0
COFs,Adapter,48,26.195,0.0
COFs,Adapter,48,27.195,0.0
COFs,Adapter,48,27.26,0.0
COFs,Adapter,48,27.325,0.0
COFs,Adapter,48,27.39,0.0
COFs,Adapter,48,27.455,0.0
COFs,Adapter,48,27.52,0.0
COFs,Adapter,48,27.585,0.0
COFs,Adapter,48,27.65,0.0
COFs,Adapter,48,27.715,0.0
COFs,Adapter,48,27.78,0.0
COFs,Adapter,48,27.845,0.0
COFs,Adapter,48,27.91,0.0
COFs,Adapter,48,27.975,0.0
COFs,Adapter,48,28.04,0.0
COFs,Adapter,48,28.105,0.0
COFs,Adapter,48,28.17,0.0
COFs,Adapter,48,29.17,0.0
COFs,Adapter,48,29.235,0.0
COFs,Adapter,48,29.3,0.0
COFs,Adapter,48,29.365,0.0
COFs,Adapter,48,29.43,0.0
COFs,Adapter,48,29.495,0.0
COFs,Adapter,48,29.56,0.0
COFs,Adapter,48,29.625,0.0
COFs,Adapter,48,29.69,0.0
COFs,Adapter,48,29.755,0.0
COFs,Adapter,48,29.82,0.0
COFs,Adapter,48,29.885,0.0
COFs,Adapter,48,29.95,0.0
COFs,Adapter,49,3.495,12.286313844166015
COFs,Adapter,49,3.56,12.286313844166015
COFs,Adapter,49,3.625,12.286313844166015
COFs,Adapter,49,3.69,12.286313844166015
COFs,Adapter,49,3.755,12.286313844166015
COFs,Adapter,49,3.82,12.286313844166015
COFs,Adapter,49,3.885,12.286313844166015
COFs,Adapter,49,3.95,12.286313844166015
COFs,Adapter,49,4.015,12.286313844166015
COFs,Adapter,49,4.08,12.286313844166015
COFs,Adapter,49,4.145,12.286313844166015
COFs,Adapter,49,4.21,12.286313844166015
COFs,Adapter,49,4.275,12.286313844166015
COFs,Adapter,49,4.34,12.286313844166015
COFs,Adapter,49,4.405,12.286313844166015
COFs,Adapter,49,4.47,12.286313844166015
COFs,Adapter,49,5.47,6.183895738874037
COFs,Adapter,49,5.535,6.183895738874037
COFs,Adapter,49,5.6,6.183895738874037
COFs,Adapter,49,5.665,6.183895738874037
COFs,Adapter,49,5.73,6.183895738874037
COFs,Adapter,49,5.795,6.183895738874037
COFs,Adapter,49,5.86,6.183895738874037
COFs,Adapter,49,5.925,6.183895738874037
COFs,Adapter,49,5.99,6.183895738874037
COFs,Adapter,49,6.055,6.183895738874037
COFs,Adapter,49,6.12,6.183895738874037
COFs,Adapter,49,6.185,6.183895738874037
COFs,Adapter,49,6.25,6.183895738874037
COFs,Adapter,49,6.315,6.183895738874037
COFs,Adapter,49,6.38,6.183895738874037
COFs,Adapter,49,6.445,6.183895738874037
COFs,Adapter,49,7.445,4.516970590908455
COFs,Adapter,49,7.51,4.516970590908455
COFs,Adapter,49,7.575,4.516970590908455
COFs,Adapter,49,7.64,4.516970590908455
COFs,Adapter,49,7.705,4.516970590908455
COFs,Adapter,49,7.77,4.516970590908455
COFs,Adapter,49,7.835,4.516970590908455
COFs,Adapter,49,7.9,4.516970590908455
COFs,Adapter,49,7.965,4.516970590908455
COFs,Adapter,49,8.03,4.516970590908455
COFs,Adapter,49,8.095,4.516970590908455
COFs,Adapter,49,8.16,4.516970590908455
COFs,Adapter,49,8.225,4.516970590908455
COFs,Adapter,49,8.29,4.516970590908455
COFs,Adapter,49,8.355,4.516970590908455
COFs,Adapter,49,8.42,4.516970590908455
COFs,Adapter,49,9.42,2.768421691579954
COFs,Adapter,49,9.485,2.768421691579954
COFs,Adapter,49,9.55,2.768421691579954
COFs,Adapter,49,9.615,2.768421691579954
COFs,Adapter,49,9.68,2.768421691579954
COFs,Adapter,49,9.745,2.768421691579954
COFs,Adapter,49,9.81,2.768421691579954
COFs,Adapter,49,9.875,2.768421691579954
COFs,Adapter,49,9.94,2.768421691579954
COFs,Adapter,49,10.005,2.768421691579954
COFs,Adapter,49,10.07,2.768421691579954
COFs,Adapter,49,10.135,2.768421691579954
COFs,Adapter,49,10.2,2.768421691579954
COFs,Adapter,49,10.265,2.768421691579954
COFs,Adapter,49,10.33,2.768421691579954
COFs,Adapter,49,10.395,2.768421691579954
COFs,Adapter,49,11.395,2.768421691579954
COFs,Adapter,49,11.46,2.768421691579954
COFs,Adapter,49,11.525,2.768421691579954
COFs,Adapter,49,11.59,2.768421691579954
COFs,Adapter,49,11.655,2.768421691579954
COFs,Adapter,49,11.72,2.768421691579954
COFs,Adapter,49,11.785,2.768421691579954
COFs,Adapter,49,11.85,2.768421691579954
COFs,Adapter,49,11.915,2.768421691579954
COFs,Adapter,49,11.98,2.768421691579954
COFs,Adapter,49,12.045,2.768421691579954
COFs,Adapter,49,12.11,2.768421691579954
COFs,Adapter,49,12.175,2.768421691579954
COFs,Adapter,49,12.24,2.768421691579954
COFs,Adapter,49,12.305,2.768421691579954
COFs,Adapter,49,12.37,2.768421691579954
COFs,Adapter,49,13.37,2.768421691579954
COFs,Adapter,49,13.435,2.768421691579954
COFs,Adapter,49,13.5,2.768421691579954
COFs,Adapter,49,13.565,2.768421691579954
COFs,Adapter,49,13.63,2.768421691579954
COFs,Adapter,49,13.695,2.768421691579954
COFs,Adapter,49,13.76,2.768421691579954
COFs,Adapter,49,13.825,2.768421691579954
COFs,Adapter,49,13.89,2.768421691579954
COFs,Adapter,49,13.955,2.768421691579954
COFs,Adapter,49,14.02,2.768421691579954
COFs,Adapter,49,14.085,2.768421691579954
COFs,Adapter,49,14.15,2.768421691579954
COFs,Adapter,49,14.215,2.768421691579954
COFs,Adapter,49,14.28,2.768421691579954
COFs,Adapter,49,14.345,2.768421691579954
COFs,Adapter,49,15.345,2.768421691579954
COFs,Adapter,49,15.41,2.768421691579954
COFs,Adapter,49,15.475,2.768421691579954
COFs,Adapter,49,15.54,2.768421691579954
COFs,Adapter,49,15.605,2.768421691579954
COFs,Adapter,49,15.67,2.768421691579954
COFs,Adapter,49,15.735,2.768421691579954
COFs,Adapter,49,15.8,2.768421691579954
COFs,Adapter,49,15.865,2.768421691579954
COFs,Adapter,49,15.93,2.768421691579954
COFs,Adapter,49,15.995,2.768421691579954
COFs,Adapter,49,16.06,2.768421691579954
COFs,Adapter,49,16.125,2.768421691579954
COFs,Adapter,49,16.19,2.768421691579954
COFs,Adapter,49,16.255,2.768421691579954
COFs,Adapter,49,16.32,2.768421691579954
COFs,Adapter,49,17.32,0.3635064340810032
COFs,Adapter,49,17.385,0.3635064340810032
COFs,Adapter,49,17.45,0.3635064340810032
COFs,Adapter,49,17.515,0.3635064340810032
COFs,Adapter,49,17.58,0.3635064340810032
COFs,Adapter,49,17.645,0.3635064340810032
COFs,Adapter,49,17.71,0.3635064340810032
COFs,Adapter,49,17.775,0.3635064340810032
COFs,Adapter,49,17.84,0.3635064340810032
COFs,Adapter,49,17.905,0.3635064340810032
COFs,Adapter,49,17.97,0.3635064340810032
COFs,Adapter,49,18.035,0.3635064340810032
COFs,Adapter,49,18.1,0.3635064340810032
COFs,Adapter,49,18.165,0.3635064340810032
COFs,Adapter,49,18.23,0.3635064340810032
COFs,Adapter,49,18.295,0.3635064340810032
COFs,Adapter,49,19.295,0.3635064340810032
COFs,Adapter,49,19.36,0.3635064340810032
COFs,Adapter,49,19.425,0.3635064340810032
COFs,Adapter,49,19.49,0.3635064340810032
COFs,Adapter,49,19.555,0.3635064340810032
COFs,Adapter,49,19.62,0.3635064340810032
COFs,Adapter,49,19.685,0.3635064340810032
COFs,Adapter,49,19.75,0.3635064340810032
COFs,Adapter,49,19.815,0.3635064340810032
COFs,Adapter,49,19.88,0.3635064340810032
COFs,Adapter,49,19.945,0.3635064340810032
COFs,Adapter,49,20.01,0.3635064340810032
COFs,Adapter,49,20.075,0.3635064340810032
COFs,Adapter,49,20.14,0.3635064340810032
COFs,Adapter,49,20.205,0.3635064340810032
COFs,Adapter,49,20.27,0.3635064340810032
COFs,Adapter,49,21.27,0.1384703736115966
COFs,Adapter,49,21.335,0.1384703736115966
COFs,Adapter,49,21.4,0.1384703736115966
COFs,Adapter,49,21.465,0.1384703736115966
COFs,Adapter,49,21.53,0.1384703736115966
COFs,Adapter,49,21.595,0.1384703736115966
COFs,Adapter,49,21.66,0.1384703736115966
COFs,Adapter,49,21.725,0.1384703736115966
COFs,Adapter,49,21.79,0.1384703736115966
COFs,Adapter,49,21.855,0.1384703736115966
COFs,Adapter,49,21.92,0.1384703736115966
COFs,Adapter,49,21.985,0.1384703736115966
COFs,Adapter,49,22.05,0.1384703736115966
COFs,Adapter,49,22.115,0.1384703736115966
COFs,Adapter,49,22.18,0.1384703736115966
COFs,Adapter,49,22.245,0.1384703736115966
COFs,Adapter,49,23.245,0.0
COFs,Adapter,49,23.31,0.0
COFs,Adapter,49,23.375,0.0
COFs,Adapter,49,23.44,0.0
COFs,Adapter,49,23.505,0.0
COFs,Adapter,49,23.57,0.0
COFs,Adapter,49,23.635,0.0
COFs,Adapter,49,23.7,0.0
COFs,Adapter,49,23.765,0.0
COFs,Adapter,49,23.83,0.0
COFs,Adapter,49,23.895,0.0
COFs,Adapter,49,23.96,0.0
COFs,Adapter,49,24.025,0.0
COFs,Adapter,49,24.09,0.0
COFs,Adapter,49,24.155,0.0
COFs,Adapter,49,24.22,0.0
COFs,Adapter,49,25.22,0.0
COFs,Adapter,49,25.285,0.0
COFs,Adapter,49,25.35,0.0
COFs,Adapter,49,25.415,0.0
COFs,Adapter,49,25.48,0.0
COFs,Adapter,49,25.545,0.0
COFs,Adapter,49,25.61,0.0
COFs,Adapter,49,25.675,0.0
COFs,Adapter,49,25.74,0.0
COFs,Adapter,49,25.805,0.0
COFs,Adapter,49,25.87,0.0
COFs,Adapter,49,25.935,0.0
COFs,Adapter,49,26.0,0.0
COFs,Adapter,49,26.065,0.0
COFs,Adapter,49,26.13,0.0
COFs,Adapter,49,26.195,0.0
COFs,Adapter,49,27.195,0.0
COFs,Adapter,49,27.26,0.0
COFs,Adapter,49,27.325,0.0
COFs,Adapter,49,27.39,0.0
COFs,Adapter,49,27.455,0.0
COFs,Adapter,49,27.52,0.0
COFs,Adapter,49,27.585,0.0
COFs,Adapter,49,27.65,0.0
COFs,Adapter,49,27.715,0.0
COFs,Adapter,49,27.78,0.0
COFs,Adapter,49,27.845,0.0
COFs,Adapter,49,27.91,0.0
COFs,Adapter,49,27.975,0.0
COFs,Adapter,49,28.04,0.0
COFs,Adapter,49,28.105,0.0
COFs,Adapter,49,28.17,0.0
COFs,Adapter,49,29.17,0.0
COFs,Adapter,49,29.235,0.0
COFs,Adapter,49,29.3,0.0
COFs,Adapter,49,29.365,0.0
COFs,Adapter,49,29.43,0.0
COFs,Adapter,49,29.495,0.0
COFs,Adapter,49,29.56,0.0
COFs,Adapter,49,29.625,0.0
COFs,Adapter,49,29.69,0.0
COFs,Adapter,49,29.755,0.0
COFs,Adapter,49,29.82,0.0
COFs,Adapter,49,29.885,0.0
COFs,Adapter,49,29.95,0.0
COFs,Adapter,50,3.495,2.768421691579954
COFs,Adapter,50,3.56,2.768421691579954
COFs,Adapter,50,3.625,2.768421691579954
COFs,Adapter,50,3.69,2.768421691579954
COFs,Adapter,50,3.755,2.768421691579954
COFs,Adapter,50,3.82,2.768421691579954
COFs,Adapter,50,3.885,2.768421691579954
COFs,Adapter,50,3.95,2.768421691579954
COFs,Adapter,50,4.015,2.768421691579954
COFs,Adapter,50,4.08,2.768421691579954
COFs,Adapter,50,4.145,2.768421691579954
COFs,Adapter,50,4.21,2.768421691579954
COFs,Adapter,50,4.275,2.768421691579954
COFs,Adapter,50,4.34,2.768421691579954
COFs,Adapter,50,4.405,2.768421691579954
COFs,Adapter,50,4.47,2.768421691579954
COFs,Adapter,50,5.47,2.768421691579954
COFs,Adapter,50,5.535,2.768421691579954
COFs,Adapter,50,5.6,2.768421691579954
COFs,Adapter,50,5.665,2.768421691579954
COFs,Adapter,50,5.73,2.768421691579954
COFs,Adapter,50,5.795,2.768421691579954
COFs,Adapter,50,5.86,2.768421691579954
COFs,Adapter,50,5.925,2.768421691579954
COFs,Adapter,50,5.99,2.768421691579954
COFs,Adapter,50,6.055,2.768421691579954
COFs,Adapter,50,6.12,2.768421691579954
COFs,Adapter,50,6.185,2.768421691579954
COFs,Adapter,50,6.25,2.768421691579954
COFs,Adapter,50,6.315,2.768421691579954
COFs,Adapter,50,6.38,2.768421691579954
COFs,Adapter,50,6.445,2.768421691579954
COFs,Adapter,50,7.445,2.768421691579954
COFs,Adapter,50,7.51,2.768421691579954
COFs,Adapter,50,7.575,2.768421691579954
COFs,Adapter,50,7.64,2.768421691579954
COFs,Adapter,50,7.705,2.768421691579954
COFs,Adapter,50,7.77,2.768421691579954
COFs,Adapter,50,7.835,2.768421691579954
COFs,Adapter,50,7.9,2.768421691579954
COFs,Adapter,50,7.965,2.768421691579954
COFs,Adapter,50,8.03,2.768421691579954
COFs,Adapter,50,8.095,2.768421691579954
COFs,Adapter,50,8.16,2.768421691579954
COFs,Adapter,50,8.225,2.768421691579954
COFs,Adapter,50,8.29,2.768421691579954
COFs,Adapter,50,8.355,2.768421691579954
COFs,Adapter,50,8.42,2.768421691579954
COFs,Adapter,50,9.42,2.768421691579954
COFs,Adapter,50,9.485,2.768421691579954
COFs,Adapter,50,9.55,2.768421691579954
COFs,Adapter,50,9.615,2.768421691579954
COFs,Adapter,50,9.68,2.768421691579954
COFs,Adapter,50,9.745,2.768421691579954
COFs,Adapter,50,9.81,2.768421691579954
COFs,Adapter,50,9.875,2.768421691579954
COFs,Adapter,50,9.94,2.768421691579954
COFs,Adapter,50,10.005,2.768421691579954
COFs,Adapter,50,10.07,2.768421691579954
COFs,Adapter,50,10.135,2.768421691579954
COFs,Adapter,50,10.2,2.768421691579954
COFs,Adapter,50,10.265,2.768421691579954
COFs,Adapter,50,10.33,2.768421691579954
COFs,Adapter,50,10.395,2.768421691579954
COFs,Adapter,50,11.395,2.768421691579954
COFs,Adapter,50,11.46,2.768421691579954
COFs,Adapter,50,11.525,2.768421691579954
COFs,Adapter,50,11.59,2.768421691579954
COFs,Adapter,50,11.655,2.768421691579954
COFs,Adapter,50,11.72,2.768421691579954
COFs,Adapter,50,11.785,2.768421691579954
COFs,Adapter,50,11.85,2.768421691579954
COFs,Adapter,50,11.915,2.768421691579954
COFs,Adapter,50,11.98,2.768421691579954
COFs,Adapter,50,12.045,2.768421691579954
COFs,Adapter,50,12.11,2.768421691579954
COFs,Adapter,50,12.175,2.768421691579954
COFs,Adapter,50,12.24,2.768421691579954
COFs,Adapter,50,12.305,2.768421691579954
COFs,Adapter,50,12.37,2.768421691579954
COFs,Adapter,50,13.37,0.3635064340810032
COFs,Adapter,50,13.435,0.3635064340810032
COFs,Adapter,50,13.5,0.3635064340810032
COFs,Adapter,50,13.565,0.3635064340810032
COFs,Adapter,50,13.63,0.3635064340810032
COFs,Adapter,50,13.695,0.3635064340810032
COFs,Adapter,50,13.76,0.3635064340810032
COFs,Adapter,50,13.825,0.3635064340810032
COFs,Adapter,50,13.89,0.3635064340810032
COFs,Adapter,50,13.955,0.3635064340810032
COFs,Adapter,50,14.02,0.3635064340810032
COFs,Adapter,50,14.085,0.3635064340810032
COFs,Adapter,50,14.15,0.3635064340810032
COFs,Adapter,50,14.215,0.3635064340810032
COFs,Adapter,50,14.28,0.3635064340810032
COFs,Adapter,50,14.345,0.3635064340810032
COFs,Adapter,50,15.345,0.3635064340810032
COFs,Adapter,50,15.41,0.3635064340810032
COFs,Adapter,50,15.475,0.3635064340810032
COFs,Adapter,50,15.54,0.3635064340810032
COFs,Adapter,50,15.605,0.3635064340810032
COFs,Adapter,50,15.67,0.3635064340810032
COFs,Adapter,50,15.735,0.3635064340810032
COFs,Adapter,50,15.8,0.3635064340810032
COFs,Adapter,50,15.865,0.3635064340810032
COFs,Adapter,50,15.93,0.3635064340810032
COFs,Adapter,50,15.995,0.3635064340810032
COFs,Adapter,50,16.06,0.3635064340810032
COFs,Adapter,50,16.125,0.3635064340810032
COFs,Adapter,50,16.19,0.3635064340810032
COFs,Adapter,50,16.255,0.3635064340810032
COFs,Adapter,50,16.32,0.3635064340810032
COFs,Adapter,50,17.32,0.3635064340810032
COFs,Adapter,50,17.385,0.3635064340810032
COFs,Adapter,50,17.45,0.3635064340810032
COFs,Adapter,50,17.515,0.3635064340810032
COFs,Adapter,50,17.58,0.3635064340810032
COFs,Adapter,50,17.645,0.3635064340810032
COFs,Adapter,50,17.71,0.3635064340810032
COFs,Adapter,50,17.775,0.3635064340810032
COFs,Adapter,50,17.84,0.3635064340810032
COFs,Adapter,50,17.905,0.3635064340810032
COFs,Adapter,50,17.97,0.3635064340810032
COFs,Adapter,50,18.035,0.3635064340810032
COFs,Adapter,50,18.1,0.3635064340810032
COFs,Adapter,50,18.165,0.3635064340810032
COFs,Adapter,50,18.23,0.3635064340810032
COFs,Adapter,50,18.295,0.3635064340810032
COFs,Adapter,50,19.295,0.1384703736115966
COFs,Adapter,50,19.36,0.1384703736115966
COFs,Adapter,50,19.425,0.1384703736115966
COFs,Adapter,50,19.49,0.1384703736115966
COFs,Adapter,50,19.555,0.1384703736115966
COFs,Adapter,50,19.62,0.1384703736115966
COFs,Adapter,50,19.685,0.1384703736115966
COFs,Adapter,50,19.75,0.1384703736115966
COFs,Adapter,50,19.815,0.1384703736115966
COFs,Adapter,50,19.88,0.1384703736115966
COFs,Adapter,50,19.945,0.1384703736115966
COFs,Adapter,50,20.01,0.1384703736115966
COFs,Adapter,50,20.075,0.1384703736115966
COFs,Adapter,50,20.14,0.1384703736115966
COFs,Adapter,50,20.205,0.1384703736115966
COFs,Adapter,50,20.27,0.1384703736115966
COFs,Adapter,50,21.27,0.0
COFs,Adapter,50,21.335,0.0
COFs,Adapter,50,21.4,0.0
COFs,Adapter,50,21.465,0.0
COFs,Adapter,50,21.53,0.0
COFs,Adapter,50,21.595,0.0
COFs,Adapter,50,21.66,0.0
COFs,Adapter,50,21.725,0.0
COFs,Adapter,50,21.79,0.0
COFs,Adapter,50,21.855,0.0
COFs,Adapter,50,21.92,0.0
COFs,Adapter,50,21.985,0.0
COFs,Adapter,50,22.05,0.0
COFs,Adapter,50,22.115,0.0
COFs,Adapter,50,22.18,0.0
COFs,Adapter,50,22.245,0.0
COFs,Adapter,50,23.245,0.0
COFs,Adapter,50,23.31,0.0
COFs,Adapter,50,23.375,0.0
COFs,Adapter,50,23.44,0.0
COFs,Adapter,50,23.505,0.0
COFs,Adapter,50,23.57,0.0
COFs,Adapter,50,23.635,0.0
COFs,Adapter,50,23.7,0.0
COFs,Adapter,50,23.765,0.0
COFs,Adapter,50,23.83,0.0
COFs,Adapter,50,23.895,0.0
COFs,Adapter,50,23.96,0.0
COFs,Adapter,50,24.025,0.0
COFs,Adapter,50,24.09,0.0
COFs,Adapter,50,24.155,0.0
COFs,Adapter,50,24.22,0.0
COFs,Adapter,50,25.22,0.0
COFs,Adapter,50,25.285,0.0
COFs,Adapter,50,25.35,0.0
COFs,Adapter,50,25.415,0.0
COFs,Adapter,50,25.48,0.0
COFs,Adapter,50,25.545,0.0
COFs,Adapter,50,25.61,0.0
COFs,Adapter,50,25.675,0.0
COFs,Adapter,50,25.74,0.0
COFs,Adapter,50,25.805,0.0
COFs,Adapter,50,25.87,0.0
COFs,Adapter,50,25.935,0.0
COFs,Adapter,50,26.0,0.0
COFs,Adapter,50,26.065,0.0
COFs,Adapter,50,26.13,0.0
COFs,Adapter,50,26.195,0.0
COFs,Adapter,50,27.195,0.0
COFs,Adapter,50,27.26,0.0
COFs,Adapter,50,27.325,0.0
COFs,Adapter,50,27.39,0.0
COFs,Adapter,50,27.455,0.0
COFs,Adapter,50,27.52,0.0
COFs,Adapter,50,27.585,0.0
COFs,Adapter,50,27.65,0.0
COFs,Adapter,50,27.715,0.0
COFs,Adapter,50,27.78,0.0
COFs,Adapter,50,27.845,0.0
COFs,Adapter,50,27.91,0.0
COFs,Adapter,50,27.975,0.0
COFs,Adapter,50,28.04,0.0
COFs,Adapter,50,28.105,0.0
COFs,Adapter,50,28.17,0.0
COFs,Adapter,50,29.17,0.0
COFs,Adapter,50,29.235,0.0
COFs,Adapter,50,29.3,0.0
COFs,Adapter,50,29.365,0.0
COFs,Adapter,50,29.43,0.0
COFs,Adapter,50,29.495,0.0
COFs,Adapter,50,29.56,0.0
COFs,Adapter,50,29.625,0.0
COFs,Adapter,50,29.69,0.0
COFs,Adapter,50,29.755,0.0
COFs,Adapter,50,29.82,0.0
COFs,Adapter,50,29.885,0.0
COFs,Adapter,50,29.95,0.0
COFs,Adapter,51,3.495,15.631027496035156
COFs,Adapter,51,3.56,15.631027496035156
COFs,Adapter,51,3.625,15.631027496035156
COFs,Adapter,51,3.69,15.631027496035156
COFs,Adapter,51,3.755,15.631027496035156
COFs,Adapter,51,3.82,15.631027496035156
COFs,Adapter,51,3.885,15.631027496035156
COFs,Adapter,51,3.95,15.631027496035156
COFs,Adapter,51,4.015,15.631027496035156
COFs,Adapter,51,4.08,15.631027496035156
COFs,Adapter,51,4.145,15.631027496035156
COFs,Adapter,51,4.21,15.631027496035156
COFs,Adapter,51,4.275,15.631027496035156
COFs,Adapter,51,4.34,15.631027496035156
COFs,Adapter,51,4.405,15.631027496035156
COFs,Adapter,51,4.47,15.631027496035156
COFs,Adapter,51,5.47,14.265813456452964
COFs,Adapter,51,5.535,14.265813456452964
COFs,Adapter,51,5.6,14.265813456452964
COFs,Adapter,51,5.665,14.265813456452964
COFs,Adapter,51,5.73,14.265813456452964
COFs,Adapter,51,5.795,14.265813456452964
COFs,Adapter,51,5.86,14.265813456452964
COFs,Adapter,51,5.925,14.265813456452964
COFs,Adapter,51,5.99,14.265813456452964
COFs,Adapter,51,6.055,14.265813456452964
COFs,Adapter,51,6.12,14.265813456452964
COFs,Adapter,51,6.185,14.265813456452964
COFs,Adapter,51,6.25,14.265813456452964
COFs,Adapter,51,6.315,14.265813456452964
COFs,Adapter,51,6.38,14.265813456452964
COFs,Adapter,51,6.445,14.265813456452964
COFs,Adapter,51,7.445,1.6834527522225675
COFs,Adapter,51,7.51,1.6834527522225675
COFs,Adapter,51,7.575,1.6834527522225675
COFs,Adapter,51,7.64,1.6834527522225675
COFs,Adapter,51,7.705,1.6834527522225675
COFs,Adapter,51,7.77,1.6834527522225675
COFs,Adapter,51,7.835,1.6834527522225675
COFs,Adapter,51,7.9,1.6834527522225675
COFs,Adapter,51,7.965,1.6834527522225675
COFs,Adapter,51,8.03,1.6834527522225675
COFs,Adapter,51,8.095,1.6834527522225675
COFs,Adapter,51,8.16,1.6834527522225675
COFs,Adapter,51,8.225,1.6834527522225675
COFs,Adapter,51,8.29,1.6834527522225675
COFs,Adapter,51,8.355,1.6834527522225675
COFs,Adapter,51,8.42,1.6834527522225675
COFs,Adapter,51,9.42,1.6834527522225675
COFs,Adapter,51,9.485,1.6834527522225675
COFs,Adapter,51,9.55,1.6834527522225675
COFs,Adapter,51,9.615,1.6834527522225675
COFs,Adapter,51,9.68,1.6834527522225675
COFs,Adapter,51,9.745,1.6834527522225675
COFs,Adapter,51,9.81,1.6834527522225675
COFs,Adapter,51,9.875,1.6834527522225675
COFs,Adapter,51,9.94,1.6834527522225675
COFs,Adapter,51,10.005,1.6834527522225675
COFs,Adapter,51,10.07,1.6834527522225675
COFs,Adapter,51,10.135,1.6834527522225675
COFs,Adapter,51,10.2,1.6834527522225675
COFs,Adapter,51,10.265,1.6834527522225675
COFs,Adapter,51,10.33,1.6834527522225675
COFs,Adapter,51,10.395,1.6834527522225675
COFs,Adapter,51,11.395,0.3635064340810032
COFs,Adapter,51,11.46,0.3635064340810032
COFs,Adapter,51,11.525,0.3635064340810032
COFs,Adapter,51,11.59,0.3635064340810032
COFs,Adapter,51,11.655,0.3635064340810032
COFs,Adapter,51,11.72,0.3635064340810032
COFs,Adapter,51,11.785,0.3635064340810032
COFs,Adapter,51,11.85,0.3635064340810032
COFs,Adapter,51,11.915,0.3635064340810032
COFs,Adapter,51,11.98,0.3635064340810032
COFs,Adapter,51,12.045,0.3635064340810032
COFs,Adapter,51,12.11,0.3635064340810032
COFs,Adapter,51,12.175,0.3635064340810032
COFs,Adapter,51,12.24,0.3635064340810032
COFs,Adapter,51,12.305,0.3635064340810032
COFs,Adapter,51,12.37,0.3635064340810032
COFs,Adapter,51,13.37,0.0
COFs,Adapter,51,13.435,0.0
COFs,Adapter,51,13.5,0.0
COFs,Adapter,51,13.565,0.0
COFs,Adapter,51,13.63,0.0
COFs,Adapter,51,13.695,0.0
COFs,Adapter,51,13.76,0.0
COFs,Adapter,51,13.825,0.0
COFs,Adapter,51,13.89,0.0
COFs,Adapter,51,13.955,0.0
COFs,Adapter,51,14.02,0.0
COFs,Adapter,51,14.085,0.0
COFs,Adapter,51,14.15,0.0
COFs,Adapter,51,14.215,0.0
COFs,Adapter,51,14.28,0.0
COFs,Adapter,51,14.345,0.0
COFs,Adapter,51,15.345,0.0
COFs,Adapter,51,15.41,0.0
COFs,Adapter,51,15.475,0.0
COFs,Adapter,51,15.54,0.0
COFs,Adapter,51,15.605,0.0
COFs,Adapter,51,15.67,0.0
COFs,Adapter,51,15.735,0.0
COFs,Adapter,51,15.8,0.0
COFs,Adapter,51,15.865,0.0
COFs,Adapter,51,15.93,0.0
COFs,Adapter,51,15.995,0.0
COFs,Adapter,51,16.06,0.0
COFs,Adapter,51,16.125,0.0
COFs,Adapter,51,16.19,0.0
COFs,Adapter,51,16.255,0.0
COFs,Adapter,51,16.32,0.0
COFs,Adapter,51,17.32,0.0
COFs,Adapter,51,17.385,0.0
COFs,Adapter,51,17.45,0.0
COFs,Adapter,51,17.515,0.0
COFs,Adapter,51,17.58,0.0
COFs,Adapter,51,17.645,0.0
COFs,Adapter,51,17.71,0.0
COFs,Adapter,51,17.775,0.0
COFs,Adapter,51,17.84,0.0
COFs,Adapter,51,17.905,0.0
COFs,Adapter,51,17.97,0.0
COFs,Adapter,51,18.035,0.0
COFs,Adapter,51,18.1,0.0
COFs,Adapter,51,18.165,0.0
COFs,Adapter,51,18.23,0.0
COFs,Adapter,51,18.295,0.0
COFs,Adapter,51,19.295,0.0
COFs,Adapter,51,19.36,0.0
COFs,Adapter,51,19.425,0.0
COFs,Adapter,51,19.49,0.0
COFs,Adapter,51,19.555,0.0
COFs,Adapter,51,19.62,0.0
COFs,Adapter,51,19.685,0.0
COFs,Adapter,51,19.75,0.0
COFs,Adapter,51,19.815,0.0
COFs,Adapter,51,19.88,0.0
COFs,Adapter,51,19.945,0.0
COFs,Adapter,51,20.01,0.0
COFs,Adapter,51,20.075,0.0
COFs,Adapter,51,20.14,0.0
COFs,Adapter,51,20.205,0.0
COFs,Adapter,51,20.27,0.0
COFs,Adapter,51,21.27,0.0
COFs,Adapter,51,21.335,0.0
COFs,Adapter,51,21.4,0.0
COFs,Adapter,51,21.465,0.0
COFs,Adapter,51,21.53,0.0
COFs,Adapter,51,21.595,0.0
COFs,Adapter,51,21.66,0.0
COFs,Adapter,51,21.725,0.0
COFs,Adapter,51,21.79,0.0
COFs,Adapter,51,21.855,0.0
COFs,Adapter,51,21.92,0.0
COFs,Adapter,51,21.985,0.0
COFs,Adapter,51,22.05,0.0
COFs,Adapter,51,22.115,0.0
COFs,Adapter,51,22.18,0.0
COFs,Adapter,51,22.245,0.0
COFs,Adapter,51,23.245,0.0
COFs,Adapter,51,23.31,0.0
COFs,Adapter,51,23.375,0.0
COFs,Adapter,51,23.44,0.0
COFs,Adapter,51,23.505,0.0
COFs,Adapter,51,23.57,0.0
COFs,Adapter,51,23.635,0.0
COFs,Adapter,51,23.7,0.0
COFs,Adapter,51,23.765,0.0
COFs,Adapter,51,23.83,0.0
COFs,Adapter,51,23.895,0.0
COFs,Adapter,51,23.96,0.0
COFs,Adapter,51,24.025,0.0
COFs,Adapter,51,24.09,0.0
COFs,Adapter,51,24.155,0.0
COFs,Adapter,51,24.22,0.0
COFs,Adapter,51,25.22,0.0
COFs,Adapter,51,25.285,0.0
COFs,Adapter,51,25.35,0.0
COFs,Adapter,51,25.415,0.0
COFs,Adapter,51,25.48,0.0
COFs,Adapter,51,25.545,0.0
COFs,Adapter,51,25.61,0.0
COFs,Adapter,51,25.675,0.0
COFs,Adapter,51,25.74,0.0
COFs,Adapter,51,25.805,0.0
COFs,Adapter,51,25.87,0.0
COFs,Adapter,51,25.935,0.0
COFs,Adapter,51,26.0,0.0
COFs,Adapter,51,26.065,0.0
COFs,Adapter,51,26.13,0.0
COFs,Adapter,51,26.195,0.0
COFs,Adapter,51,27.195,0.0
COFs,Adapter,51,27.26,0.0
COFs,Adapter,51,27.325,0.0
COFs,Adapter,51,27.39,0.0
COFs,Adapter,51,27.455,0.0
COFs,Adapter,51,27.52,0.0
COFs,Adapter,51,27.585,0.0
COFs,Adapter,51,27.65,0.0
COFs,Adapter,51,27.715,0.0
COFs,Adapter,51,27.78,0.0
COFs,Adapter,51,27.845,0.0
COFs,Adapter,51,27.91,0.0
COFs,Adapter,51,27.975,0.0
COFs,Adapter,51,28.04,0.0
COFs,Adapter,51,28.105,0.0
COFs,Adapter,51,28.17,0.0
COFs,Adapter,51,29.17,0.0
COFs,Adapter,51,29.235,0.0
COFs,Adapter,51,29.3,0.0
COFs,Adapter,51,29.365,0.0
COFs,Adapter,51,29.43,0.0
COFs,Adapter,51,29.495,0.0
COFs,Adapter,51,29.56,0.0
COFs,Adapter,51,29.625,0.0
COFs,Adapter,51,29.69,0.0
COFs,Adapter,51,29.755,0.0
COFs,Adapter,51,29.82,0.0
COFs,Adapter,51,29.885,0.0
COFs,Adapter,51,29.95,0.0
COFs,Adapter,52,3.495,14.284141411021764
COFs,Adapter,52,3.56,14.284141411021764
COFs,Adapter,52,3.625,14.284141411021764
COFs,Adapter,52,3.69,14.284141411021764
COFs,Adapter,52,3.755,14.284141411021764
COFs,Adapter,52,3.82,14.284141411021764
COFs,Adapter,52,3.885,14.284141411021764
COFs,Adapter,52,3.95,14.284141411021764
COFs,Adapter,52,4.015,14.284141411021764
COFs,Adapter,52,4.08,14.284141411021764
COFs,Adapter,52,4.145,14.284141411021764
COFs,Adapter,52,4.21,14.284141411021764
COFs,Adapter,52,4.275,14.284141411021764
COFs,Adapter,52,4.34,14.284141411021764
COFs,Adapter,52,4.405,14.284141411021764
COFs,Adapter,52,4.47,14.284141411021764
COFs,Adapter,52,5.47,11.628734252735878
COFs,Adapter,52,5.535,11.628734252735878
COFs,Adapter,52,5.6,11.628734252735878
COFs,Adapter,52,5.665,11.628734252735878
COFs,Adapter,52,5.73,11.628734252735878
COFs,Adapter,52,5.795,11.628734252735878
COFs,Adapter,52,5.86,11.628734252735878
COFs,Adapter,52,5.925,11.628734252735878
COFs,Adapter,52,5.99,11.628734252735878
COFs,Adapter,52,6.055,11.628734252735878
COFs,Adapter,52,6.12,11.628734252735878
COFs,Adapter,52,6.185,11.628734252735878
COFs,Adapter,52,6.25,11.628734252735878
COFs,Adapter,52,6.315,11.628734252735878
COFs,Adapter,52,6.38,11.628734252735878
COFs,Adapter,52,6.445,11.628734252735878
COFs,Adapter,52,7.445,6.183895738874037
COFs,Adapter,52,7.51,6.183895738874037
COFs,Adapter,52,7.575,6.183895738874037
COFs,Adapter,52,7.64,6.183895738874037
COFs,Adapter,52,7.705,6.183895738874037
COFs,Adapter,52,7.77,6.183895738874037
COFs,Adapter,52,7.835,6.183895738874037
COFs,Adapter,52,7.9,6.183895738874037
COFs,Adapter,52,7.965,6.183895738874037
COFs,Adapter,52,8.03,6.183895738874037
COFs,Adapter,52,8.095,6.183895738874037
COFs,Adapter,52,8.16,6.183895738874037
COFs,Adapter,52,8.225,6.183895738874037
COFs,Adapter,52,8.29,6.183895738874037
COFs,Adapter,52,8.355,6.183895738874037
COFs,Adapter,52,8.42,6.183895738874037
COFs,Adapter,52,9.42,2.768421691579954
COFs,Adapter,52,9.485,2.768421691579954
COFs,Adapter,52,9.55,2.768421691579954
COFs,Adapter,52,9.615,2.768421691579954
COFs,Adapter,52,9.68,2.768421691579954
COFs,Adapter,52,9.745,2.768421691579954
COFs,Adapter,52,9.81,2.768421691579954
COFs,Adapter,52,9.875,2.768421691579954
COFs,Adapter,52,9.94,2.768421691579954
COFs,Adapter,52,10.005,2.768421691579954
COFs,Adapter,52,10.07,2.768421691579954
COFs,Adapter,52,10.135,2.768421691579954
COFs,Adapter,52,10.2,2.768421691579954
COFs,Adapter,52,10.265,2.768421691579954
COFs,Adapter,52,10.33,2.768421691579954
COFs,Adapter,52,10.395,2.768421691579954
COFs,Adapter,52,11.395,2.768421691579954
COFs,Adapter,52,11.46,2.768421691579954
COFs,Adapter,52,11.525,2.768421691579954
COFs,Adapter,52,11.59,2.768421691579954
COFs,Adapter,52,11.655,2.768421691579954
COFs,Adapter,52,11.72,2.768421691579954
COFs,Adapter,52,11.785,2.768421691579954
COFs,Adapter,52,11.85,2.768421691579954
COFs,Adapter,52,11.915,2.768421691579954
COFs,Adapter,52,11.98,2.768421691579954
COFs,Adapter,52,12.045,2.768421691579954
COFs,Adapter,52,12.11,2.768421691579954
COFs,Adapter,52,12.175,2.768421691579954
COFs,Adapter,52,12.24,2.768421691579954
COFs,Adapter,52,12.305,2.768421691579954
COFs,Adapter,52,12.37,2.768421691579954
COFs,Adapter,52,13.37,2.768421691579954
COFs,Adapter,52,13.435,2.768421691579954
COFs,Adapter,52,13.5,2.768421691579954
COFs,Adapter,52,13.565,2.768421691579954
COFs,Adapter,52,13.63,2.768421691579954
COFs,Adapter,52,13.695,2.768421691579954
COFs,Adapter,52,13.76,2.768421691579954
COFs,Adapter,52,13.825,2.768421691579954
COFs,Adapter,52,13.89,2.768421691579954
COFs,Adapter,52,13.955,2.768421691579954
COFs,Adapter,52,14.02,2.768421691579954
COFs,Adapter,52,14.085,2.768421691579954
COFs,Adapter,52,14.15,2.768421691579954
COFs,Adapter,52,14.215,2.768421691579954
COFs,Adapter,52,14.28,2.768421691579954
COFs,Adapter,52,14.345,2.768421691579954
COFs,Adapter,52,15.345,2.768421691579954
COFs,Adapter,52,15.41,2.768421691579954
COFs,Adapter,52,15.475,2.768421691579954
COFs,Adapter,52,15.54,2.768421691579954
COFs,Adapter,52,15.605,2.768421691579954
COFs,Adapter,52,15.67,2.768421691579954
COFs,Adapter,52,15.735,2.768421691579954
COFs,Adapter,52,15.8,2.768421691579954
COFs,Adapter,52,15.865,2.768421691579954
COFs,Adapter,52,15.93,2.768421691579954
COFs,Adapter,52,15.995,2.768421691579954
COFs,Adapter,52,16.06,2.768421691579954
COFs,Adapter,52,16.125,2.768421691579954
COFs,Adapter,52,16.19,2.768421691579954
COFs,Adapter,52,16.255,2.768421691579954
COFs,Adapter,52,16.32,2.768421691579954
COFs,Adapter,52,17.32,1.6834527522225675
COFs,Adapter,52,17.385,1.6834527522225675
COFs,Adapter,52,17.45,1.6834527522225675
COFs,Adapter,52,17.515,1.6834527522225675
COFs,Adapter,52,17.58,1.6834527522225675
COFs,Adapter,52,17.645,1.6834527522225675
COFs,Adapter,52,17.71,1.6834527522225675
COFs,Adapter,52,17.775,1.6834527522225675
COFs,Adapter,52,17.84,1.6834527522225675
COFs,Adapter,52,17.905,1.6834527522225675
COFs,Adapter,52,17.97,1.6834527522225675
COFs,Adapter,52,18.035,1.6834527522225675
COFs,Adapter,52,18.1,1.6834527522225675
COFs,Adapter,52,18.165,1.6834527522225675
COFs,Adapter,52,18.23,1.6834527522225675
COFs,Adapter,52,18.295,1.6834527522225675
COFs,Adapter,52,19.295,1.6834527522225675
COFs,Adapter,52,19.36,1.6834527522225675
COFs,Adapter,52,19.425,1.6834527522225675
COFs,Adapter,52,19.49,1.6834527522225675
COFs,Adapter,52,19.555,1.6834527522225675
COFs,Adapter,52,19.62,1.6834527522225675
COFs,Adapter,52,19.685,1.6834527522225675
COFs,Adapter,52,19.75,1.6834527522225675
COFs,Adapter,52,19.815,1.6834527522225675
COFs,Adapter,52,19.88,1.6834527522225675
COFs,Adapter,52,19.945,1.6834527522225675
COFs,Adapter,52,20.01,1.6834527522225675
COFs,Adapter,52,20.075,1.6834527522225675
COFs,Adapter,52,20.14,1.6834527522225675
COFs,Adapter,52,20.205,1.6834527522225675
COFs,Adapter,52,20.27,1.6834527522225675
COFs,Adapter,52,21.27,0.3635064340810032
COFs,Adapter,52,21.335,0.3635064340810032
COFs,Adapter,52,21.4,0.3635064340810032
COFs,Adapter,52,21.465,0.3635064340810032
COFs,Adapter,52,21.53,0.3635064340810032
COFs,Adapter,52,21.595,0.3635064340810032
COFs,Adapter,52,21.66,0.3635064340810032
COFs,Adapter,52,21.725,0.3635064340810032
COFs,Adapter,52,21.79,0.3635064340810032
COFs,Adapter,52,21.855,0.3635064340810032
COFs,Adapter,52,21.92,0.3635064340810032
COFs,Adapter,52,21.985,0.3635064340810032
COFs,Adapter,52,22.05,0.3635064340810032
COFs,Adapter,52,22.115,0.3635064340810032
COFs,Adapter,52,22.18,0.3635064340810032
COFs,Adapter,52,22.245,0.3635064340810032
COFs,Adapter,52,23.245,0.3635064340810032
COFs,Adapter,52,23.31,0.3635064340810032
COFs,Adapter,52,23.375,0.3635064340810032
COFs,Adapter,52,23.44,0.3635064340810032
COFs,Adapter,52,23.505,0.3635064340810032
COFs,Adapter,52,23.57,0.3635064340810032
COFs,Adapter,52,23.635,0.3635064340810032
COFs,Adapter,52,23.7,0.3635064340810032
COFs,Adapter,52,23.765,0.3635064340810032
COFs,Adapter,52,23.83,0.3635064340810032
COFs,Adapter,52,23.895,0.3635064340810032
COFs,Adapter,52,23.96,0.3635064340810032
COFs,Adapter,52,24.025,0.3635064340810032
COFs,Adapter,52,24.09,0.3635064340810032
COFs,Adapter,52,24.155,0.3635064340810032
COFs,Adapter,52,24.22,0.3635064340810032
COFs,Adapter,52,25.22,0.0
COFs,Adapter,52,25.285,0.0
COFs,Adapter,52,25.35,0.0
COFs,Adapter,52,25.415,0.0
COFs,Adapter,52,25.48,0.0
COFs,Adapter,52,25.545,0.0
COFs,Adapter,52,25.61,0.0
COFs,Adapter,52,25.675,0.0
COFs,Adapter,52,25.74,0.0
COFs,Adapter,52,25.805,0.0
COFs,Adapter,52,25.87,0.0
COFs,Adapter,52,25.935,0.0
COFs,Adapter,52,26.0,0.0
COFs,Adapter,52,26.065,0.0
COFs,Adapter,52,26.13,0.0
COFs,Adapter,52,26.195,0.0
COFs,Adapter,52,27.195,0.0
COFs,Adapter,52,27.26,0.0
COFs,Adapter,52,27.325,0.0
COFs,Adapter,52,27.39,0.0
COFs,Adapter,52,27.455,0.0
COFs,Adapter,52,27.52,0.0
COFs,Adapter,52,27.585,0.0
COFs,Adapter,52,27.65,0.0
COFs,Adapter,52,27.715,0.0
COFs,Adapter,52,27.78,0.0
COFs,Adapter,52,27.845,0.0
COFs,Adapter,52,27.91,0.0
COFs,Adapter,52,27.975,0.0
COFs,Adapter,52,28.04,0.0
COFs,Adapter,52,28.105,0.0
COFs,Adapter,52,28.17,0.0
COFs,Adapter,52,29.17,0.0
COFs,Adapter,52,29.235,0.0
COFs,Adapter,52,29.3,0.0
COFs,Adapter,52,29.365,0.0
COFs,Adapter,52,29.43,0.0
COFs,Adapter,52,29.495,0.0
COFs,Adapter,52,29.56,0.0
COFs,Adapter,52,29.625,0.0
COFs,Adapter,52,29.69,0.0
COFs,Adapter,52,29.755,0.0
COFs,Adapter,52,29.82,0.0
COFs,Adapter,52,29.885,0.0
COFs,Adapter,52,29.95,0.0
COFs,Adapter,53,3.495,14.985327132158876
COFs,Adapter,53,3.56,14.985327132158876
COFs,Adapter,53,3.625,14.985327132158876
COFs,Adapter,53,3.69,14.985327132158876
COFs,Adapter,53,3.755,14.985327132158876
COFs,Adapter,53,3.82,14.985327132158876
COFs,Adapter,53,3.885,14.985327132158876
COFs,Adapter,53,3.95,14.985327132158876
COFs,Adapter,53,4.015,14.985327132158876
COFs,Adapter,53,4.08,14.985327132158876
COFs,Adapter,53,4.145,14.985327132158876
COFs,Adapter,53,4.21,14.985327132158876
COFs,Adapter,53,4.275,14.985327132158876
COFs,Adapter,53,4.34,14.985327132158876
COFs,Adapter,53,4.405,14.985327132158876
COFs,Adapter,53,4.47,14.985327132158876
COFs,Adapter,53,5.47,13.262310173601753
COFs,Adapter,53,5.535,13.262310173601753
COFs,Adapter,53,5.6,13.262310173601753
COFs,Adapter,53,5.665,13.262310173601753
COFs,Adapter,53,5.73,13.262310173601753
COFs,Adapter,53,5.795,13.262310173601753
COFs,Adapter,53,5.86,13.262310173601753
COFs,Adapter,53,5.925,13.262310173601753
COFs,Adapter,53,5.99,13.262310173601753
COFs,Adapter,53,6.055,13.262310173601753
COFs,Adapter,53,6.12,13.262310173601753
COFs,Adapter,53,6.185,13.262310173601753
COFs,Adapter,53,6.25,13.262310173601753
COFs,Adapter,53,6.315,13.262310173601753
COFs,Adapter,53,6.38,13.262310173601753
COFs,Adapter,53,6.445,13.262310173601753
COFs,Adapter,53,7.445,13.262310173601753
COFs,Adapter,53,7.51,13.262310173601753
COFs,Adapter,53,7.575,13.262310173601753
COFs,Adapter,53,7.64,13.262310173601753
COFs,Adapter,53,7.705,13.262310173601753
COFs,Adapter,53,7.77,13.262310173601753
COFs,Adapter,53,7.835,13.262310173601753
COFs,Adapter,53,7.9,13.262310173601753
COFs,Adapter,53,7.965,13.262310173601753
COFs,Adapter,53,8.03,13.262310173601753
COFs,Adapter,53,8.095,13.262310173601753
COFs,Adapter,53,8.16,13.262310173601753
COFs,Adapter,53,8.225,13.262310173601753
COFs,Adapter,53,8.29,13.262310173601753
COFs,Adapter,53,8.355,13.262310173601753
COFs,Adapter,53,8.42,13.262310173601753
COFs,Adapter,53,9.42,4.516970590908455
COFs,Adapter,53,9.485,4.516970590908455
COFs,Adapter,53,9.55,4.516970590908455
COFs,Adapter,53,9.615,4.516970590908455
COFs,Adapter,53,9.68,4.516970590908455
COFs,Adapter,53,9.745,4.516970590908455
COFs,Adapter,53,9.81,4.516970590908455
COFs,Adapter,53,9.875,4.516970590908455
COFs,Adapter,53,9.94,4.516970590908455
COFs,Adapter,53,10.005,4.516970590908455
COFs,Adapter,53,10.07,4.516970590908455
COFs,Adapter,53,10.135,4.516970590908455
COFs,Adapter,53,10.2,4.516970590908455
COFs,Adapter,53,10.265,4.516970590908455
COFs,Adapter,53,10.33,4.516970590908455
COFs,Adapter,53,10.395,4.516970590908455
COFs,Adapter,53,11.395,2.768421691579954
COFs,Adapter,53,11.46,2.768421691579954
COFs,Adapter,53,11.525,2.768421691579954
COFs,Adapter,53,11.59,2.768421691579954
COFs,Adapter,53,11.655,2.768421691579954
COFs,Adapter,53,11.72,2.768421691579954
COFs,Adapter,53,11.785,2.768421691579954
COFs,Adapter,53,11.85,2.768421691579954
COFs,Adapter,53,11.915,2.768421691579954
COFs,Adapter,53,11.98,2.768421691579954
COFs,Adapter,53,12.045,2.768421691579954
COFs,Adapter,53,12.11,2.768421691579954
COFs,Adapter,53,12.175,2.768421691579954
COFs,Adapter,53,12.24,2.768421691579954
COFs,Adapter,53,12.305,2.768421691579954
COFs,Adapter,53,12.37,2.768421691579954
COFs,Adapter,53,13.37,2.768421691579954
COFs,Adapter,53,13.435,2.768421691579954
COFs,Adapter,53,13.5,2.768421691579954
COFs,Adapter,53,13.565,2.768421691579954
COFs,Adapter,53,13.63,2.768421691579954
COFs,Adapter,53,13.695,2.768421691579954
COFs,Adapter,53,13.76,2.768421691579954
COFs,Adapter,53,13.825,2.768421691579954
COFs,Adapter,53,13.89,2.768421691579954
COFs,Adapter,53,13.955,2.768421691579954
COFs,Adapter,53,14.02,2.768421691579954
COFs,Adapter,53,14.085,2.768421691579954
COFs,Adapter,53,14.15,2.768421691579954
COFs,Adapter,53,14.215,2.768421691579954
COFs,Adapter,53,14.28,2.768421691579954
COFs,Adapter,53,14.345,2.768421691579954
COFs,Adapter,53,15.345,1.6834527522225675
COFs,Adapter,53,15.41,1.6834527522225675
COFs,Adapter,53,15.475,1.6834527522225675
COFs,Adapter,53,15.54,1.6834527522225675
COFs,Adapter,53,15.605,1.6834527522225675
COFs,Adapter,53,15.67,1.6834527522225675
COFs,Adapter,53,15.735,1.6834527522225675
COFs,Adapter,53,15.8,1.6834527522225675
COFs,Adapter,53,15.865,1.6834527522225675
COFs,Adapter,53,15.93,1.6834527522225675
COFs,Adapter,53,15.995,1.6834527522225675
COFs,Adapter,53,16.06,1.6834527522225675
COFs,Adapter,53,16.125,1.6834527522225675
COFs,Adapter,53,16.19,1.6834527522225675
COFs,Adapter,53,16.255,1.6834527522225675
COFs,Adapter,53,16.32,1.6834527522225675
COFs,Adapter,53,17.32,0.3635064340810032
COFs,Adapter,53,17.385,0.3635064340810032
COFs,Adapter,53,17.45,0.3635064340810032
COFs,Adapter,53,17.515,0.3635064340810032
COFs,Adapter,53,17.58,0.3635064340810032
COFs,Adapter,53,17.645,0.3635064340810032
COFs,Adapter,53,17.71,0.3635064340810032
COFs,Adapter,53,17.775,0.3635064340810032
COFs,Adapter,53,17.84,0.3635064340810032
COFs,Adapter,53,17.905,0.3635064340810032
COFs,Adapter,53,17.97,0.3635064340810032
COFs,Adapter,53,18.035,0.3635064340810032
COFs,Adapter,53,18.1,0.3635064340810032
COFs,Adapter,53,18.165,0.3635064340810032
COFs,Adapter,53,18.23,0.3635064340810032
COFs,Adapter,53,18.295,0.3635064340810032
COFs,Adapter,53,19.295,0.3635064340810032
COFs,Adapter,53,19.36,0.3635064340810032
COFs,Adapter,53,19.425,0.3635064340810032
COFs,Adapter,53,19.49,0.3635064340810032
COFs,Adapter,53,19.555,0.3635064340810032
COFs,Adapter,53,19.62,0.3635064340810032
COFs,Adapter,53,19.685,0.3635064340810032
COFs,Adapter,53,19.75,0.3635064340810032
COFs,Adapter,53,19.815,0.3635064340810032
COFs,Adapter,53,19.88,0.3635064340810032
COFs,Adapter,53,19.945,0.3635064340810032
COFs,Adapter,53,20.01,0.3635064340810032
COFs,Adapter,53,20.075,0.3635064340810032
COFs,Adapter,53,20.14,0.3635064340810032
COFs,Adapter,53,20.205,0.3635064340810032
COFs,Adapter,53,20.27,0.3635064340810032
COFs,Adapter,53,21.27,0.0
COFs,Adapter,53,21.335,0.0
COFs,Adapter,53,21.4,0.0
COFs,Adapter,53,21.465,0.0
COFs,Adapter,53,21.53,0.0
COFs,Adapter,53,21.595,0.0
COFs,Adapter,53,21.66,0.0
COFs,Adapter,53,21.725,0.0
COFs,Adapter,53,21.79,0.0
COFs,Adapter,53,21.855,0.0
COFs,Adapter,53,21.92,0.0
COFs,Adapter,53,21.985,0.0
COFs,Adapter,53,22.05,0.0
COFs,Adapter,53,22.115,0.0
COFs,Adapter,53,22.18,0.0
COFs,Adapter,53,22.245,0.0
COFs,Adapter,53,23.245,0.0
COFs,Adapter,53,23.31,0.0
COFs,Adapter,53,23.375,0.0
COFs,Adapter,53,23.44,0.0
COFs,Adapter,53,23.505,0.0
COFs,Adapter,53,23.57,0.0
COFs,Adapter,53,23.635,0.0
COFs,Adapter,53,23.7,0.0
COFs,Adapter,53,23.765,0.0
COFs,Adapter,53,23.83,0.0
COFs,Adapter,53,23.895,0.0
COFs,Adapter,53,23.96,0.0
COFs,Adapter,53,24.025,0.0
COFs,Adapter,53,24.09,0.0
COFs,Adapter,53,24.155,0.0
COFs,Adapter,53,24.22,0.0
COFs,Adapter,53,25.22,0.0
COFs,Adapter,53,25.285,0.0
COFs,Adapter,53,25.35,0.0
COFs,Adapter,53,25.415,0.0
COFs,Adapter,53,25.48,0.0
COFs,Adapter,53,25.545,0.0
COFs,Adapter,53,25.61,0.0
COFs,Adapter,53,25.675,0.0
COFs,Adapter,53,25.74,0.0
COFs,Adapter,53,25.805,0.0
COFs,Adapter,53,25.87,0.0
COFs,Adapter,53,25.935,0.0
COFs,Adapter,53,26.0,0.0
COFs,Adapter,53,26.065,0.0
COFs,Adapter,53,26.13,0.0
COFs,Adapter,53,26.195,0.0
COFs,Adapter,53,27.195,0.0
COFs,Adapter,53,27.26,0.0
COFs,Adapter,53,27.325,0.0
COFs,Adapter,53,27.39,0.0
COFs,Adapter,53,27.455,0.0
COFs,Adapter,53,27.52,0.0
COFs,Adapter,53,27.585,0.0
COFs,Adapter,53,27.65,0.0
COFs,Adapter,53,27.715,0.0
COFs,Adapter,53,27.78,0.0
COFs,Adapter,53,27.845,0.0
COFs,Adapter,53,27.91,0.0
COFs,Adapter,53,27.975,0.0
COFs,Adapter,53,28.04,0.0
COFs,Adapter,53,28.105,0.0
COFs,Adapter,53,28.17,0.0
COFs,Adapter,53,29.17,0.0
COFs,Adapter,53,29.235,0.0
COFs,Adapter,53,29.3,0.0
COFs,Adapter,53,29.365,0.0
COFs,Adapter,53,29.43,0.0
COFs,Adapter,53,29.495,0.0
COFs,Adapter,53,29.56,0.0
COFs,Adapter,53,29.625,0.0
COFs,Adapter,53,29.69,0.0
COFs,Adapter,53,29.755,0.0
COFs,Adapter,53,29.82,0.0
COFs,Adapter,53,29.885,0.0
COFs,Adapter,53,29.95,0.0
COFs,Adapter,54,3.495,12.286313844166015
COFs,Adapter,54,3.56,12.286313844166015
COFs,Adapter,54,3.625,12.286313844166015
COFs,Adapter,54,3.69,12.286313844166015
COFs,Adapter,54,3.755,12.286313844166015
COFs,Adapter,54,3.82,12.286313844166015
COFs,Adapter,54,3.885,12.286313844166015
COFs,Adapter,54,3.95,12.286313844166015
COFs,Adapter,54,4.015,12.286313844166015
COFs,Adapter,54,4.08,12.286313844166015
COFs,Adapter,54,4.145,12.286313844166015
COFs,Adapter,54,4.21,12.286313844166015
COFs,Adapter,54,4.275,12.286313844166015
COFs,Adapter,54,4.34,12.286313844166015
COFs,Adapter,54,4.405,12.286313844166015
COFs,Adapter,54,4.47,12.286313844166015
COFs,Adapter,54,5.47,12.286313844166015
COFs,Adapter,54,5.535,12.286313844166015
COFs,Adapter,54,5.6,12.286313844166015
COFs,Adapter,54,5.665,12.286313844166015
COFs,Adapter,54,5.73,12.286313844166015
COFs,Adapter,54,5.795,12.286313844166015
COFs,Adapter,54,5.86,12.286313844166015
COFs,Adapter,54,5.925,12.286313844166015
COFs,Adapter,54,5.99,12.286313844166015
COFs,Adapter,54,6.055,12.286313844166015
COFs,Adapter,54,6.12,12.286313844166015
COFs,Adapter,54,6.185,12.286313844166015
COFs,Adapter,54,6.25,12.286313844166015
COFs,Adapter,54,6.315,12.286313844166015
COFs,Adapter,54,6.38,12.286313844166015
COFs,Adapter,54,6.445,12.286313844166015
COFs,Adapter,54,7.445,11.628734252735878
COFs,Adapter,54,7.51,11.628734252735878
COFs,Adapter,54,7.575,11.628734252735878
COFs,Adapter,54,7.64,11.628734252735878
COFs,Adapter,54,7.705,11.628734252735878
COFs,Adapter,54,7.77,11.628734252735878
COFs,Adapter,54,7.835,11.628734252735878
COFs,Adapter,54,7.9,11.628734252735878
COFs,Adapter,54,7.965,11.628734252735878
COFs,Adapter,54,8.03,11.628734252735878
COFs,Adapter,54,8.095,11.628734252735878
COFs,Adapter,54,8.16,11.628734252735878
COFs,Adapter,54,8.225,11.628734252735878
COFs,Adapter,54,8.29,11.628734252735878
COFs,Adapter,54,8.355,11.628734252735878
COFs,Adapter,54,8.42,11.628734252735878
COFs,Adapter,54,9.42,1.6834527522225675
COFs,Adapter,54,9.485,1.6834527522225675
COFs,Adapter,54,9.55,1.6834527522225675
COFs,Adapter,54,9.615,1.6834527522225675
COFs,Adapter,54,9.68,1.6834527522225675
COFs,Adapter,54,9.745,1.6834527522225675
COFs,Adapter,54,9.81,1.6834527522225675
COFs,Adapter,54,9.875,1.6834527522225675
COFs,Adapter,54,9.94,1.6834527522225675
COFs,Adapter,54,10.005,1.6834527522225675
COFs,Adapter,54,10.07,1.6834527522225675
COFs,Adapter,54,10.135,1.6834527522225675
COFs,Adapter,54,10.2,1.6834527522225675
COFs,Adapter,54,10.265,1.6834527522225675
COFs,Adapter,54,10.33,1.6834527522225675
COFs,Adapter,54,10.395,1.6834527522225675
COFs,Adapter,54,11.395,1.6834527522225675
COFs,Adapter,54,11.46,1.6834527522225675
COFs,Adapter,54,11.525,1.6834527522225675
COFs,Adapter,54,11.59,1.6834527522225675
COFs,Adapter,54,11.655,1.6834527522225675
COFs,Adapter,54,11.72,1.6834527522225675
COFs,Adapter,54,11.785,1.6834527522225675
COFs,Adapter,54,11.85,1.6834527522225675
COFs,Adapter,54,11.915,1.6834527522225675
COFs,Adapter,54,11.98,1.6834527522225675
COFs,Adapter,54,12.045,1.6834527522225675
COFs,Adapter,54,12.11,1.6834527522225675
COFs,Adapter,54,12.175,1.6834527522225675
COFs,Adapter,54,12.24,1.6834527522225675
COFs,Adapter,54,12.305,1.6834527522225675
COFs,Adapter,54,12.37,1.6834527522225675
COFs,Adapter,54,13.37,0.1384703736115966
COFs,Adapter,54,13.435,0.1384703736115966
COFs,Adapter,54,13.5,0.1384703736115966
COFs,Adapter,54,13.565,0.1384703736115966
COFs,Adapter,54,13.63,0.1384703736115966
COFs,Adapter,54,13.695,0.1384703736115966
COFs,Adapter,54,13.76,0.1384703736115966
COFs,Adapter,54,13.825,0.1384703736115966
COFs,Adapter,54,13.89,0.1384703736115966
COFs,Adapter,54,13.955,0.1384703736115966
COFs,Adapter,54,14.02,0.1384703736115966
COFs,Adapter,54,14.085,0.1384703736115966
COFs,Adapter,54,14.15,0.1384703736115966
COFs,Adapter,54,14.215,0.1384703736115966
COFs,Adapter,54,14.28,0.1384703736115966
COFs,Adapter,54,14.345,0.1384703736115966
COFs,Adapter,54,15.345,0.0
COFs,Adapter,54,15.41,0.0
COFs,Adapter,54,15.475,0.0
COFs,Adapter,54,15.54,0.0
COFs,Adapter,54,15.605,0.0
COFs,Adapter,54,15.67,0.0
COFs,Adapter,54,15.735,0.0
COFs,Adapter,54,15.8,0.0
COFs,Adapter,54,15.865,0.0
COFs,Adapter,54,15.93,0.0
COFs,Adapter,54,15.995,0.0
COFs,Adapter,54,16.06,0.0
COFs,Adapter,54,16.125,0.0
COFs,Adapter,54,16.19,0.0
COFs,Adapter,54,16.255,0.0
COFs,Adapter,54,16.32,0.0
COFs,Adapter,54,17.32,0.0
COFs,Adapter,54,17.385,0.0
COFs,Adapter,54,17.45,0.0
COFs,Adapter,54,17.515,0.0
COFs,Adapter,54,17.58,0.0
COFs,Adapter,54,17.645,0.0
COFs,Adapter,54,17.71,0.0
COFs,Adapter,54,17.775,0.0
COFs,Adapter,54,17.84,0.0
COFs,Adapter,54,17.905,0.0
COFs,Adapter,54,17.97,0.0
COFs,Adapter,54,18.035,0.0
COFs,Adapter,54,18.1,0.0
COFs,Adapter,54,18.165,0.0
COFs,Adapter,54,18.23,0.0
COFs,Adapter,54,18.295,0.0
COFs,Adapter,54,19.295,0.0
COFs,Adapter,54,19.36,0.0
COFs,Adapter,54,19.425,0.0
COFs,Adapter,54,19.49,0.0
COFs,Adapter,54,19.555,0.0
COFs,Adapter,54,19.62,0.0
COFs,Adapter,54,19.685,0.0
COFs,Adapter,54,19.75,0.0
COFs,Adapter,54,19.815,0.0
COFs,Adapter,54,19.88,0.0
COFs,Adapter,54,19.945,0.0
COFs,Adapter,54,20.01,0.0
COFs,Adapter,54,20.075,0.0
COFs,Adapter,54,20.14,0.0
COFs,Adapter,54,20.205,0.0
COFs,Adapter,54,20.27,0.0
COFs,Adapter,54,21.27,0.0
COFs,Adapter,54,21.335,0.0
COFs,Adapter,54,21.4,0.0
COFs,Adapter,54,21.465,0.0
COFs,Adapter,54,21.53,0.0
COFs,Adapter,54,21.595,0.0
COFs,Adapter,54,21.66,0.0
COFs,Adapter,54,21.725,0.0
COFs,Adapter,54,21.79,0.0
COFs,Adapter,54,21.855,0.0
COFs,Adapter,54,21.92,0.0
COFs,Adapter,54,21.985,0.0
COFs,Adapter,54,22.05,0.0
COFs,Adapter,54,22.115,0.0
COFs,Adapter,54,22.18,0.0
COFs,Adapter,54,22.245,0.0
COFs,Adapter,54,23.245,0.0
COFs,Adapter,54,23.31,0.0
COFs,Adapter,54,23.375,0.0
COFs,Adapter,54,23.44,0.0
COFs,Adapter,54,23.505,0.0
COFs,Adapter,54,23.57,0.0
COFs,Adapter,54,23.635,0.0
COFs,Adapter,54,23.7,0.0
COFs,Adapter,54,23.765,0.0
COFs,Adapter,54,23.83,0.0
COFs,Adapter,54,23.895,0.0
COFs,Adapter,54,23.96,0.0
COFs,Adapter,54,24.025,0.0
COFs,Adapter,54,24.09,0.0
COFs,Adapter,54,24.155,0.0
COFs,Adapter,54,24.22,0.0
COFs,Adapter,54,25.22,0.0
COFs,Adapter,54,25.285,0.0
COFs,Adapter,54,25.35,0.0
COFs,Adapter,54,25.415,0.0
COFs,Adapter,54,25.48,0.0
COFs,Adapter,54,25.545,0.0
COFs,Adapter,54,25.61,0.0
COFs,Adapter,54,25.675,0.0
COFs,Adapter,54,25.74,0.0
COFs,Adapter,54,25.805,0.0
COFs,Adapter,54,25.87,0.0
COFs,Adapter,54,25.935,0.0
COFs,Adapter,54,26.0,0.0
COFs,Adapter,54,26.065,0.0
COFs,Adapter,54,26.13,0.0
COFs,Adapter,54,26.195,0.0
COFs,Adapter,54,27.195,0.0
COFs,Adapter,54,27.26,0.0
COFs,Adapter,54,27.325,0.0
COFs,Adapter,54,27.39,0.0
COFs,Adapter,54,27.455,0.0
COFs,Adapter,54,27.52,0.0
COFs,Adapter,54,27.585,0.0
COFs,Adapter,54,27.65,0.0
COFs,Adapter,54,27.715,0.0
COFs,Adapter,54,27.78,0.0
COFs,Adapter,54,27.845,0.0
COFs,Adapter,54,27.91,0.0
COFs,Adapter,54,27.975,0.0
COFs,Adapter,54,28.04,0.0
COFs,Adapter,54,28.105,0.0
COFs,Adapter,54,28.17,0.0
COFs,Adapter,54,29.17,0.0
COFs,Adapter,54,29.235,0.0
COFs,Adapter,54,29.3,0.0
COFs,Adapter,54,29.365,0.0
COFs,Adapter,54,29.43,0.0
COFs,Adapter,54,29.495,0.0
COFs,Adapter,54,29.56,0.0
COFs,Adapter,54,29.625,0.0
COFs,Adapter,54,29.69,0.0
COFs,Adapter,54,29.755,0.0
COFs,Adapter,54,29.82,0.0
COFs,Adapter,54,29.885,0.0
COFs,Adapter,54,29.95,0.0
COFs,Adapter,55,3.495,15.734422241958349
COFs,Adapter,55,3.56,15.734422241958349
COFs,Adapter,55,3.625,15.734422241958349
COFs,Adapter,55,3.69,15.734422241958349
COFs,Adapter,55,3.755,15.734422241958349
COFs,Adapter,55,3.82,15.734422241958349
COFs,Adapter,55,3.885,15.734422241958349
COFs,Adapter,55,3.95,15.734422241958349
COFs,Adapter,55,4.015,15.734422241958349
COFs,Adapter,55,4.08,15.734422241958349
COFs,Adapter,55,4.145,15.734422241958349
COFs,Adapter,55,4.21,15.734422241958349
COFs,Adapter,55,4.275,15.734422241958349
COFs,Adapter,55,4.34,15.734422241958349
COFs,Adapter,55,4.405,15.734422241958349
COFs,Adapter,55,4.47,15.734422241958349
COFs,Adapter,55,5.47,13.958310243760144
COFs,Adapter,55,5.535,13.958310243760144
COFs,Adapter,55,5.6,13.958310243760144
COFs,Adapter,55,5.665,13.958310243760144
COFs,Adapter,55,5.73,13.958310243760144
COFs,Adapter,55,5.795,13.958310243760144
COFs,Adapter,55,5.86,13.958310243760144
COFs,Adapter,55,5.925,13.958310243760144
COFs,Adapter,55,5.99,13.958310243760144
COFs,Adapter,55,6.055,13.958310243760144
COFs,Adapter,55,6.12,13.958310243760144
COFs,Adapter,55,6.185,13.958310243760144
COFs,Adapter,55,6.25,13.958310243760144
COFs,Adapter,55,6.315,13.958310243760144
COFs,Adapter,55,6.38,13.958310243760144
COFs,Adapter,55,6.445,13.958310243760144
COFs,Adapter,55,7.445,1.6834527522225675
COFs,Adapter,55,7.51,1.6834527522225675
COFs,Adapter,55,7.575,1.6834527522225675
COFs,Adapter,55,7.64,1.6834527522225675
COFs,Adapter,55,7.705,1.6834527522225675
COFs,Adapter,55,7.77,1.6834527522225675
COFs,Adapter,55,7.835,1.6834527522225675
COFs,Adapter,55,7.9,1.6834527522225675
COFs,Adapter,55,7.965,1.6834527522225675
COFs,Adapter,55,8.03,1.6834527522225675
COFs,Adapter,55,8.095,1.6834527522225675
COFs,Adapter,55,8.16,1.6834527522225675
COFs,Adapter,55,8.225,1.6834527522225675
COFs,Adapter,55,8.29,1.6834527522225675
COFs,Adapter,55,8.355,1.6834527522225675
COFs,Adapter,55,8.42,1.6834527522225675
COFs,Adapter,55,9.42,0.3635064340810032
COFs,Adapter,55,9.485,0.3635064340810032
COFs,Adapter,55,9.55,0.3635064340810032
COFs,Adapter,55,9.615,0.3635064340810032
COFs,Adapter,55,9.68,0.3635064340810032
COFs,Adapter,55,9.745,0.3635064340810032
COFs,Adapter,55,9.81,0.3635064340810032
COFs,Adapter,55,9.875,0.3635064340810032
COFs,Adapter,55,9.94,0.3635064340810032
COFs,Adapter,55,10.005,0.3635064340810032
COFs,Adapter,55,10.07,0.3635064340810032
COFs,Adapter,55,10.135,0.3635064340810032
COFs,Adapter,55,10.2,0.3635064340810032
COFs,Adapter,55,10.265,0.3635064340810032
COFs,Adapter,55,10.33,0.3635064340810032
COFs,Adapter,55,10.395,0.3635064340810032
COFs,Adapter,55,11.395,0.3635064340810032
COFs,Adapter,55,11.46,0.3635064340810032
COFs,Adapter,55,11.525,0.3635064340810032
COFs,Adapter,55,11.59,0.3635064340810032
COFs,Adapter,55,11.655,0.3635064340810032
COFs,Adapter,55,11.72,0.3635064340810032
COFs,Adapter,55,11.785,0.3635064340810032
COFs,Adapter,55,11.85,0.3635064340810032
COFs,Adapter,55,11.915,0.3635064340810032
COFs,Adapter,55,11.98,0.3635064340810032
COFs,Adapter,55,12.045,0.3635064340810032
COFs,Adapter,55,12.11,0.3635064340810032
COFs,Adapter,55,12.175,0.3635064340810032
COFs,Adapter,55,12.24,0.3635064340810032
COFs,Adapter,55,12.305,0.3635064340810032
COFs,Adapter,55,12.37,0.3635064340810032
COFs,Adapter,55,13.37,0.0
COFs,Adapter,55,13.435,0.0
COFs,Adapter,55,13.5,0.0
COFs,Adapter,55,13.565,0.0
COFs,Adapter,55,13.63,0.0
COFs,Adapter,55,13.695,0.0
COFs,Adapter,55,13.76,0.0
COFs,Adapter,55,13.825,0.0
COFs,Adapter,55,13.89,0.0
COFs,Adapter,55,13.955,0.0
COFs,Adapter,55,14.02,0.0
COFs,Adapter,55,14.085,0.0
COFs,Adapter,55,14.15,0.0
COFs,Adapter,55,14.215,0.0
COFs,Adapter,55,14.28,0.0
COFs,Adapter,55,14.345,0.0
COFs,Adapter,55,15.345,0.0
COFs,Adapter,55,15.41,0.0
COFs,Adapter,55,15.475,0.0
COFs,Adapter,55,15.54,0.0
COFs,Adapter,55,15.605,0.0
COFs,Adapter,55,15.67,0.0
COFs,Adapter,55,15.735,0.0
COFs,Adapter,55,15.8,0.0
COFs,Adapter,55,15.865,0.0
COFs,Adapter,55,15.93,0.0
COFs,Adapter,55,15.995,0.0
COFs,Adapter,55,16.06,0.0
COFs,Adapter,55,16.125,0.0
COFs,Adapter,55,16.19,0.0
COFs,Adapter,55,16.255,0.0
COFs,Adapter,55,16.32,0.0
COFs,Adapter,55,17.32,0.0
COFs,Adapter,55,17.385,0.0
COFs,Adapter,55,17.45,0.0
COFs,Adapter,55,17.515,0.0
COFs,Adapter,55,17.58,0.0
COFs,Adapter,55,17.645,0.0
COFs,Adapter,55,17.71,0.0
COFs,Adapter,55,17.775,0.0
COFs,Adapter,55,17.84,0.0
COFs,Adapter,55,17.905,0.0
COFs,Adapter,55,17.97,0.0
COFs,Adapter,55,18.035,0.0
COFs,Adapter,55,18.1,0.0
COFs,Adapter,55,18.165,0.0
COFs,Adapter,55,18.23,0.0
COFs,Adapter,55,18.295,0.0
COFs,Adapter,55,19.295,0.0
COFs,Adapter,55,19.36,0.0
COFs,Adapter,55,19.425,0.0
COFs,Adapter,55,19.49,0.0
COFs,Adapter,55,19.555,0.0
COFs,Adapter,55,19.62,0.0
COFs,Adapter,55,19.685,0.0
COFs,Adapter,55,19.75,0.0
COFs,Adapter,55,19.815,0.0
COFs,Adapter,55,19.88,0.0
COFs,Adapter,55,19.945,0.0
COFs,Adapter,55,20.01,0.0
COFs,Adapter,55,20.075,0.0
COFs,Adapter,55,20.14,0.0
COFs,Adapter,55,20.205,0.0
COFs,Adapter,55,20.27,0.0
COFs,Adapter,55,21.27,0.0
COFs,Adapter,55,21.335,0.0
COFs,Adapter,55,21.4,0.0
COFs,Adapter,55,21.465,0.0
COFs,Adapter,55,21.53,0.0
COFs,Adapter,55,21.595,0.0
COFs,Adapter,55,21.66,0.0
COFs,Adapter,55,21.725,0.0
COFs,Adapter,55,21.79,0.0
COFs,Adapter,55,21.855,0.0
COFs,Adapter,55,21.92,0.0
COFs,Adapter,55,21.985,0.0
COFs,Adapter,55,22.05,0.0
COFs,Adapter,55,22.115,0.0
COFs,Adapter,55,22.18,0.0
COFs,Adapter,55,22.245,0.0
COFs,Adapter,55,23.245,0.0
COFs,Adapter,55,23.31,0.0
COFs,Adapter,55,23.375,0.0
COFs,Adapter,55,23.44,0.0
COFs,Adapter,55,23.505,0.0
COFs,Adapter,55,23.57,0.0
COFs,Adapter,55,23.635,0.0
COFs,Adapter,55,23.7,0.0
COFs,Adapter,55,23.765,0.0
COFs,Adapter,55,23.83,0.0
COFs,Adapter,55,23.895,0.0
COFs,Adapter,55,23.96,0.0
COFs,Adapter,55,24.025,0.0
COFs,Adapter,55,24.09,0.0
COFs,Adapter,55,24.155,0.0
COFs,Adapter,55,24.22,0.0
COFs,Adapter,55,25.22,0.0
COFs,Adapter,55,25.285,0.0
COFs,Adapter,55,25.35,0.0
COFs,Adapter,55,25.415,0.0
COFs,Adapter,55,25.48,0.0
COFs,Adapter,55,25.545,0.0
COFs,Adapter,55,25.61,0.0
COFs,Adapter,55,25.675,0.0
COFs,Adapter,55,25.74,0.0
COFs,Adapter,55,25.805,0.0
COFs,Adapter,55,25.87,0.0
COFs,Adapter,55,25.935,0.0
COFs,Adapter,55,26.0,0.0
COFs,Adapter,55,26.065,0.0
COFs,Adapter,55,26.13,0.0
COFs,Adapter,55,26.195,0.0
COFs,Adapter,55,27.195,0.0
COFs,Adapter,55,27.26,0.0
COFs,Adapter,55,27.325,0.0
COFs,Adapter,55,27.39,0.0
COFs,Adapter,55,27.455,0.0
COFs,Adapter,55,27.52,0.0
COFs,Adapter,55,27.585,0.0
COFs,Adapter,55,27.65,0.0
COFs,Adapter,55,27.715,0.0
COFs,Adapter,55,27.78,0.0
COFs,Adapter,55,27.845,0.0
COFs,Adapter,55,27.91,0.0
COFs,Adapter,55,27.975,0.0
COFs,Adapter,55,28.04,0.0
COFs,Adapter,55,28.105,0.0
COFs,Adapter,55,28.17,0.0
COFs,Adapter,55,29.17,0.0
COFs,Adapter,55,29.235,0.0
COFs,Adapter,55,29.3,0.0
COFs,Adapter,55,29.365,0.0
COFs,Adapter,55,29.43,0.0
COFs,Adapter,55,29.495,0.0
COFs,Adapter,55,29.56,0.0
COFs,Adapter,55,29.625,0.0
COFs,Adapter,55,29.69,0.0
COFs,Adapter,55,29.755,0.0
COFs,Adapter,55,29.82,0.0
COFs,Adapter,55,29.885,0.0
COFs,Adapter,55,29.95,0.0
COFs,Adapter,56,3.495,2.768421691579954
COFs,Adapter,56,3.56,2.768421691579954
COFs,Adapter,56,3.625,2.768421691579954
COFs,Adapter,56,3.69,2.768421691579954
COFs,Adapter,56,3.755,2.768421691579954
COFs,Adapter,56,3.82,2.768421691579954
COFs,Adapter,56,3.885,2.768421691579954
COFs,Adapter,56,3.95,2.768421691579954
COFs,Adapter,56,4.015,2.768421691579954
COFs,Adapter,56,4.08,2.768421691579954
COFs,Adapter,56,4.145,2.768421691579954
COFs,Adapter,56,4.21,2.768421691579954
COFs,Adapter,56,4.275,2.768421691579954
COFs,Adapter,56,4.34,2.768421691579954
COFs,Adapter,56,4.405,2.768421691579954
COFs,Adapter,56,4.47,2.768421691579954
COFs,Adapter,56,5.47,2.768421691579954
COFs,Adapter,56,5.535,2.768421691579954
COFs,Adapter,56,5.6,2.768421691579954
COFs,Adapter,56,5.665,2.768421691579954
COFs,Adapter,56,5.73,2.768421691579954
COFs,Adapter,56,5.795,2.768421691579954
COFs,Adapter,56,5.86,2.768421691579954
COFs,Adapter,56,5.925,2.768421691579954
COFs,Adapter,56,5.99,2.768421691579954
COFs,Adapter,56,6.055,2.768421691579954
COFs,Adapter,56,6.12,2.768421691579954
COFs,Adapter,56,6.185,2.768421691579954
COFs,Adapter,56,6.25,2.768421691579954
COFs,Adapter,56,6.315,2.768421691579954
COFs,Adapter,56,6.38,2.768421691579954
COFs,Adapter,56,6.445,2.768421691579954
COFs,Adapter,56,7.445,2.768421691579954
COFs,Adapter,56,7.51,2.768421691579954
COFs,Adapter,56,7.575,2.768421691579954
COFs,Adapter,56,7.64,2.768421691579954
COFs,Adapter,56,7.705,2.768421691579954
COFs,Adapter,56,7.77,2.768421691579954
COFs,Adapter,56,7.835,2.768421691579954
COFs,Adapter,56,7.9,2.768421691579954
COFs,Adapter,56,7.965,2.768421691579954
COFs,Adapter,56,8.03,2.768421691579954
COFs,Adapter,56,8.095,2.768421691579954
COFs,Adapter,56,8.16,2.768421691579954
COFs,Adapter,56,8.225,2.768421691579954
COFs,Adapter,56,8.29,2.768421691579954
COFs,Adapter,56,8.355,2.768421691579954
COFs,Adapter,56,8.42,2.768421691579954
COFs,Adapter,56,9.42,2.768421691579954
COFs,Adapter,56,9.485,2.768421691579954
COFs,Adapter,56,9.55,2.768421691579954
COFs,Adapter,56,9.615,2.768421691579954
COFs,Adapter,56,9.68,2.768421691579954
COFs,Adapter,56,9.745,2.768421691579954
COFs,Adapter,56,9.81,2.768421691579954
COFs,Adapter,56,9.875,2.768421691579954
COFs,Adapter,56,9.94,2.768421691579954
COFs,Adapter,56,10.005,2.768421691579954
COFs,Adapter,56,10.07,2.768421691579954
COFs,Adapter,56,10.135,2.768421691579954
COFs,Adapter,56,10.2,2.768421691579954
COFs,Adapter,56,10.265,2.768421691579954
COFs,Adapter,56,10.33,2.768421691579954
COFs,Adapter,56,10.395,2.768421691579954
COFs,Adapter,56,11.395,2.768421691579954
COFs,Adapter,56,11.46,2.768421691579954
COFs,Adapter,56,11.525,2.768421691579954
COFs,Adapter,56,11.59,2.768421691579954
COFs,Adapter,56,11.655,2.768421691579954
COFs,Adapter,56,11.72,2.768421691579954
COFs,Adapter,56,11.785,2.768421691579954
COFs,Adapter,56,11.85,2.768421691579954
COFs,Adapter,56,11.915,2.768421691579954
COFs,Adapter,56,11.98,2.768421691579954
COFs,Adapter,56,12.045,2.768421691579954
COFs,Adapter,56,12.11,2.768421691579954
COFs,Adapter,56,12.175,2.768421691579954
COFs,Adapter,56,12.24,2.768421691579954
COFs,Adapter,56,12.305,2.768421691579954
COFs,Adapter,56,12.37,2.768421691579954
COFs,Adapter,56,13.37,0.3635064340810032
COFs,Adapter,56,13.435,0.3635064340810032
COFs,Adapter,56,13.5,0.3635064340810032
COFs,Adapter,56,13.565,0.3635064340810032
COFs,Adapter,56,13.63,0.3635064340810032
COFs,Adapter,56,13.695,0.3635064340810032
COFs,Adapter,56,13.76,0.3635064340810032
COFs,Adapter,56,13.825,0.3635064340810032
COFs,Adapter,56,13.89,0.3635064340810032
COFs,Adapter,56,13.955,0.3635064340810032
COFs,Adapter,56,14.02,0.3635064340810032
COFs,Adapter,56,14.085,0.3635064340810032
COFs,Adapter,56,14.15,0.3635064340810032
COFs,Adapter,56,14.215,0.3635064340810032
COFs,Adapter,56,14.28,0.3635064340810032
COFs,Adapter,56,14.345,0.3635064340810032
COFs,Adapter,56,15.345,0.3635064340810032
COFs,Adapter,56,15.41,0.3635064340810032
COFs,Adapter,56,15.475,0.3635064340810032
COFs,Adapter,56,15.54,0.3635064340810032
COFs,Adapter,56,15.605,0.3635064340810032
COFs,Adapter,56,15.67,0.3635064340810032
COFs,Adapter,56,15.735,0.3635064340810032
COFs,Adapter,56,15.8,0.3635064340810032
COFs,Adapter,56,15.865,0.3635064340810032
COFs,Adapter,56,15.93,0.3635064340810032
COFs,Adapter,56,15.995,0.3635064340810032
COFs,Adapter,56,16.06,0.3635064340810032
COFs,Adapter,56,16.125,0.3635064340810032
COFs,Adapter,56,16.19,0.3635064340810032
COFs,Adapter,56,16.255,0.3635064340810032
COFs,Adapter,56,16.32,0.3635064340810032
COFs,Adapter,56,17.32,0.3635064340810032
COFs,Adapter,56,17.385,0.3635064340810032
COFs,Adapter,56,17.45,0.3635064340810032
COFs,Adapter,56,17.515,0.3635064340810032
COFs,Adapter,56,17.58,0.3635064340810032
COFs,Adapter,56,17.645,0.3635064340810032
COFs,Adapter,56,17.71,0.3635064340810032
COFs,Adapter,56,17.775,0.3635064340810032
COFs,Adapter,56,17.84,0.3635064340810032
COFs,Adapter,56,17.905,0.3635064340810032
COFs,Adapter,56,17.97,0.3635064340810032
COFs,Adapter,56,18.035,0.3635064340810032
COFs,Adapter,56,18.1,0.3635064340810032
COFs,Adapter,56,18.165,0.3635064340810032
COFs,Adapter,56,18.23,0.3635064340810032
COFs,Adapter,56,18.295,0.3635064340810032
COFs,Adapter,56,19.295,0.1384703736115966
COFs,Adapter,56,19.36,0.1384703736115966
COFs,Adapter,56,19.425,0.1384703736115966
COFs,Adapter,56,19.49,0.1384703736115966
COFs,Adapter,56,19.555,0.1384703736115966
COFs,Adapter,56,19.62,0.1384703736115966
COFs,Adapter,56,19.685,0.1384703736115966
COFs,Adapter,56,19.75,0.1384703736115966
COFs,Adapter,56,19.815,0.1384703736115966
COFs,Adapter,56,19.88,0.1384703736115966
COFs,Adapter,56,19.945,0.1384703736115966
COFs,Adapter,56,20.01,0.1384703736115966
COFs,Adapter,56,20.075,0.1384703736115966
COFs,Adapter,56,20.14,0.1384703736115966
COFs,Adapter,56,20.205,0.1384703736115966
COFs,Adapter,56,20.27,0.1384703736115966
COFs,Adapter,56,21.27,0.0
COFs,Adapter,56,21.335,0.0
COFs,Adapter,56,21.4,0.0
COFs,Adapter,56,21.465,0.0
COFs,Adapter,56,21.53,0.0
COFs,Adapter,56,21.595,0.0
COFs,Adapter,56,21.66,0.0
COFs,Adapter,56,21.725,0.0
COFs,Adapter,56,21.79,0.0
COFs,Adapter,56,21.855,0.0
COFs,Adapter,56,21.92,0.0
COFs,Adapter,56,21.985,0.0
COFs,Adapter,56,22.05,0.0
COFs,Adapter,56,22.115,0.0
COFs,Adapter,56,22.18,0.0
COFs,Adapter,56,22.245,0.0
COFs,Adapter,56,23.245,0.0
COFs,Adapter,56,23.31,0.0
COFs,Adapter,56,23.375,0.0
COFs,Adapter,56,23.44,0.0
COFs,Adapter,56,23.505,0.0
COFs,Adapter,56,23.57,0.0
COFs,Adapter,56,23.635,0.0
COFs,Adapter,56,23.7,0.0
COFs,Adapter,56,23.765,0.0
COFs,Adapter,56,23.83,0.0
COFs,Adapter,56,23.895,0.0
COFs,Adapter,56,23.96,0.0
COFs,Adapter,56,24.025,0.0
COFs,Adapter,56,24.09,0.0
COFs,Adapter,56,24.155,0.0
COFs,Adapter,56,24.22,0.0
COFs,Adapter,56,25.22,0.0
COFs,Adapter,56,25.285,0.0
COFs,Adapter,56,25.35,0.0
COFs,Adapter,56,25.415,0.0
COFs,Adapter,56,25.48,0.0
COFs,Adapter,56,25.545,0.0
COFs,Adapter,56,25.61,0.0
COFs,Adapter,56,25.675,0.0
COFs,Adapter,56,25.74,0.0
COFs,Adapter,56,25.805,0.0
COFs,Adapter,56,25.87,0.0
COFs,Adapter,56,25.935,0.0
COFs,Adapter,56,26.0,0.0
COFs,Adapter,56,26.065,0.0
COFs,Adapter,56,26.13,0.0
COFs,Adapter,56,26.195,0.0
COFs,Adapter,56,27.195,0.0
COFs,Adapter,56,27.26,0.0
COFs,Adapter,56,27.325,0.0
COFs,Adapter,56,27.39,0.0
COFs,Adapter,56,27.455,0.0
COFs,Adapter,56,27.52,0.0
COFs,Adapter,56,27.585,0.0
COFs,Adapter,56,27.65,0.0
COFs,Adapter,56,27.715,0.0
COFs,Adapter,56,27.78,0.0
COFs,Adapter,56,27.845,0.0
COFs,Adapter,56,27.91,0.0
COFs,Adapter,56,27.975,0.0
COFs,Adapter,56,28.04,0.0
COFs,Adapter,56,28.105,0.0
COFs,Adapter,56,28.17,0.0
COFs,Adapter,56,29.17,0.0
COFs,Adapter,56,29.235,0.0
COFs,Adapter,56,29.3,0.0
COFs,Adapter,56,29.365,0.0
COFs,Adapter,56,29.43,0.0
COFs,Adapter,56,29.495,0.0
COFs,Adapter,56,29.56,0.0
COFs,Adapter,56,29.625,0.0
COFs,Adapter,56,29.69,0.0
COFs,Adapter,56,29.755,0.0
COFs,Adapter,56,29.82,0.0
COFs,Adapter,56,29.885,0.0
COFs,Adapter,56,29.95,0.0
COFs,Adapter,57,3.495,16.312287703873416
COFs,Adapter,57,3.56,16.312287703873416
COFs,Adapter,57,3.625,16.312287703873416
COFs,Adapter,57,3.69,16.312287703873416
COFs,Adapter,57,3.755,16.312287703873416
COFs,Adapter,57,3.82,16.312287703873416
COFs,Adapter,57,3.885,16.312287703873416
COFs,Adapter,57,3.95,16.312287703873416
COFs,Adapter,57,4.015,16.312287703873416
COFs,Adapter,57,4.08,16.312287703873416
COFs,Adapter,57,4.145,16.312287703873416
COFs,Adapter,57,4.21,16.312287703873416
COFs,Adapter,57,4.275,16.312287703873416
COFs,Adapter,57,4.34,16.312287703873416
COFs,Adapter,57,4.405,16.312287703873416
COFs,Adapter,57,4.47,16.312287703873416
COFs,Adapter,57,5.47,11.628734252735878
COFs,Adapter,57,5.535,11.628734252735878
COFs,Adapter,57,5.6,11.628734252735878
COFs,Adapter,57,5.665,11.628734252735878
COFs,Adapter,57,5.73,11.628734252735878
COFs,Adapter,57,5.795,11.628734252735878
COFs,Adapter,57,5.86,11.628734252735878
COFs,Adapter,57,5.925,11.628734252735878
COFs,Adapter,57,5.99,11.628734252735878
COFs,Adapter,57,6.055,11.628734252735878
COFs,Adapter,57,6.12,11.628734252735878
COFs,Adapter,57,6.185,11.628734252735878
COFs,Adapter,57,6.25,11.628734252735878
COFs,Adapter,57,6.315,11.628734252735878
COFs,Adapter,57,6.38,11.628734252735878
COFs,Adapter,57,6.445,11.628734252735878
COFs,Adapter,57,7.445,1.6834527522225675
COFs,Adapter,57,7.51,1.6834527522225675
COFs,Adapter,57,7.575,1.6834527522225675
COFs,Adapter,57,7.64,1.6834527522225675
COFs,Adapter,57,7.705,1.6834527522225675
COFs,Adapter,57,7.77,1.6834527522225675
COFs,Adapter,57,7.835,1.6834527522225675
COFs,Adapter,57,7.9,1.6834527522225675
COFs,Adapter,57,7.965,1.6834527522225675
COFs,Adapter,57,8.03,1.6834527522225675
COFs,Adapter,57,8.095,1.6834527522225675
COFs,Adapter,57,8.16,1.6834527522225675
COFs,Adapter,57,8.225,1.6834527522225675
COFs,Adapter,57,8.29,1.6834527522225675
COFs,Adapter,57,8.355,1.6834527522225675
COFs,Adapter,57,8.42,1.6834527522225675
COFs,Adapter,57,9.42,1.6834527522225675
COFs,Adapter,57,9.485,1.6834527522225675
COFs,Adapter,57,9.55,1.6834527522225675
COFs,Adapter,57,9.615,1.6834527522225675
COFs,Adapter,57,9.68,1.6834527522225675
COFs,Adapter,57,9.745,1.6834527522225675
COFs,Adapter,57,9.81,1.6834527522225675
COFs,Adapter,57,9.875,1.6834527522225675
COFs,Adapter,57,9.94,1.6834527522225675
COFs,Adapter,57,10.005,1.6834527522225675
COFs,Adapter,57,10.07,1.6834527522225675
COFs,Adapter,57,10.135,1.6834527522225675
COFs,Adapter,57,10.2,1.6834527522225675
COFs,Adapter,57,10.265,1.6834527522225675
COFs,Adapter,57,10.33,1.6834527522225675
COFs,Adapter,57,10.395,1.6834527522225675
COFs,Adapter,57,11.395,0.3635064340810032
COFs,Adapter,57,11.46,0.3635064340810032
COFs,Adapter,57,11.525,0.3635064340810032
COFs,Adapter,57,11.59,0.3635064340810032
COFs,Adapter,57,11.655,0.3635064340810032
COFs,Adapter,57,11.72,0.3635064340810032
COFs,Adapter,57,11.785,0.3635064340810032
COFs,Adapter,57,11.85,0.3635064340810032
COFs,Adapter,57,11.915,0.3635064340810032
COFs,Adapter,57,11.98,0.3635064340810032
COFs,Adapter,57,12.045,0.3635064340810032
COFs,Adapter,57,12.11,0.3635064340810032
COFs,Adapter,57,12.175,0.3635064340810032
COFs,Adapter,57,12.24,0.3635064340810032
COFs,Adapter,57,12.305,0.3635064340810032
COFs,Adapter,57,12.37,0.3635064340810032
COFs,Adapter,57,13.37,0.0
COFs,Adapter,57,13.435,0.0
COFs,Adapter,57,13.5,0.0
COFs,Adapter,57,13.565,0.0
COFs,Adapter,57,13.63,0.0
COFs,Adapter,57,13.695,0.0
COFs,Adapter,57,13.76,0.0
COFs,Adapter,57,13.825,0.0
COFs,Adapter,57,13.89,0.0
COFs,Adapter,57,13.955,0.0
COFs,Adapter,57,14.02,0.0
COFs,Adapter,57,14.085,0.0
COFs,Adapter,57,14.15,0.0
COFs,Adapter,57,14.215,0.0
COFs,Adapter,57,14.28,0.0
COFs,Adapter,57,14.345,0.0
COFs,Adapter,57,15.345,0.0
COFs,Adapter,57,15.41,0.0
COFs,Adapter,57,15.475,0.0
COFs,Adapter,57,15.54,0.0
COFs,Adapter,57,15.605,0.0
COFs,Adapter,57,15.67,0.0
COFs,Adapter,57,15.735,0.0
COFs,Adapter,57,15.8,0.0
COFs,Adapter,57,15.865,0.0
COFs,Adapter,57,15.93,0.0
COFs,Adapter,57,15.995,0.0
COFs,Adapter,57,16.06,0.0
COFs,Adapter,57,16.125,0.0
COFs,Adapter,57,16.19,0.0
COFs,Adapter,57,16.255,0.0
COFs,Adapter,57,16.32,0.0
COFs,Adapter,57,17.32,0.0
COFs,Adapter,57,17.385,0.0
COFs,Adapter,57,17.45,0.0
COFs,Adapter,57,17.515,0.0
COFs,Adapter,57,17.58,0.0
COFs,Adapter,57,17.645,0.0
COFs,Adapter,57,17.71,0.0
COFs,Adapter,57,17.775,0.0
COFs,Adapter,57,17.84,0.0
COFs,Adapter,57,17.905,0.0
COFs,Adapter,57,17.97,0.0
COFs,Adapter,57,18.035,0.0
COFs,Adapter,57,18.1,0.0
COFs,Adapter,57,18.165,0.0
COFs,Adapter,57,18.23,0.0
COFs,Adapter,57,18.295,0.0
COFs,Adapter,57,19.295,0.0
COFs,Adapter,57,19.36,0.0
COFs,Adapter,57,19.425,0.0
COFs,Adapter,57,19.49,0.0
COFs,Adapter,57,19.555,0.0
COFs,Adapter,57,19.62,0.0
COFs,Adapter,57,19.685,0.0
COFs,Adapter,57,19.75,0.0
COFs,Adapter,57,19.815,0.0
COFs,Adapter,57,19.88,0.0
COFs,Adapter,57,19.945,0.0
COFs,Adapter,57,20.01,0.0
COFs,Adapter,57,20.075,0.0
COFs,Adapter,57,20.14,0.0
COFs,Adapter,57,20.205,0.0
COFs,Adapter,57,20.27,0.0
COFs,Adapter,57,21.27,0.0
COFs,Adapter,57,21.335,0.0
COFs,Adapter,57,21.4,0.0
COFs,Adapter,57,21.465,0.0
COFs,Adapter,57,21.53,0.0
COFs,Adapter,57,21.595,0.0
COFs,Adapter,57,21.66,0.0
COFs,Adapter,57,21.725,0.0
COFs,Adapter,57,21.79,0.0
COFs,Adapter,57,21.855,0.0
COFs,Adapter,57,21.92,0.0
COFs,Adapter,57,21.985,0.0
COFs,Adapter,57,22.05,0.0
COFs,Adapter,57,22.115,0.0
COFs,Adapter,57,22.18,0.0
COFs,Adapter,57,22.245,0.0
COFs,Adapter,57,23.245,0.0
COFs,Adapter,57,23.31,0.0
COFs,Adapter,57,23.375,0.0
COFs,Adapter,57,23.44,0.0
COFs,Adapter,57,23.505,0.0
COFs,Adapter,57,23.57,0.0
COFs,Adapter,57,23.635,0.0
COFs,Adapter,57,23.7,0.0
COFs,Adapter,57,23.765,0.0
COFs,Adapter,57,23.83,0.0
COFs,Adapter,57,23.895,0.0
COFs,Adapter,57,23.96,0.0
COFs,Adapter,57,24.025,0.0
COFs,Adapter,57,24.09,0.0
COFs,Adapter,57,24.155,0.0
COFs,Adapter,57,24.22,0.0
COFs,Adapter,57,25.22,0.0
COFs,Adapter,57,25.285,0.0
COFs,Adapter,57,25.35,0.0
COFs,Adapter,57,25.415,0.0
COFs,Adapter,57,25.48,0.0
COFs,Adapter,57,25.545,0.0
COFs,Adapter,57,25.61,0.0
COFs,Adapter,57,25.675,0.0
COFs,Adapter,57,25.74,0.0
COFs,Adapter,57,25.805,0.0
COFs,Adapter,57,25.87,0.0
COFs,Adapter,57,25.935,0.0
COFs,Adapter,57,26.0,0.0
COFs,Adapter,57,26.065,0.0
COFs,Adapter,57,26.13,0.0
COFs,Adapter,57,26.195,0.0
COFs,Adapter,57,27.195,0.0
COFs,Adapter,57,27.26,0.0
COFs,Adapter,57,27.325,0.0
COFs,Adapter,57,27.39,0.0
COFs,Adapter,57,27.455,0.0
COFs,Adapter,57,27.52,0.0
COFs,Adapter,57,27.585,0.0
COFs,Adapter,57,27.65,0.0
COFs,Adapter,57,27.715,0.0
COFs,Adapter,57,27.78,0.0
COFs,Adapter,57,27.845,0.0
COFs,Adapter,57,27.91,0.0
COFs,Adapter,57,27.975,0.0
COFs,Adapter,57,28.04,0.0
COFs,Adapter,57,28.105,0.0
COFs,Adapter,57,28.17,0.0
COFs,Adapter,57,29.17,0.0
COFs,Adapter,57,29.235,0.0
COFs,Adapter,57,29.3,0.0
COFs,Adapter,57,29.365,0.0
COFs,Adapter,57,29.43,0.0
COFs,Adapter,57,29.495,0.0
COFs,Adapter,57,29.56,0.0
COFs,Adapter,57,29.625,0.0
COFs,Adapter,57,29.69,0.0
COFs,Adapter,57,29.755,0.0
COFs,Adapter,57,29.82,0.0
COFs,Adapter,57,29.885,0.0
COFs,Adapter,57,29.95,0.0
COFs,Adapter,58,3.495,14.284141411021764
COFs,Adapter,58,3.56,14.284141411021764
COFs,Adapter,58,3.625,14.284141411021764
COFs,Adapter,58,3.69,14.284141411021764
COFs,Adapter,58,3.755,14.284141411021764
COFs,Adapter,58,3.82,14.284141411021764
COFs,Adapter,58,3.885,14.284141411021764
COFs,Adapter,58,3.95,14.284141411021764
COFs,Adapter,58,4.015,14.284141411021764
COFs,Adapter,58,4.08,14.284141411021764
COFs,Adapter,58,4.145,14.284141411021764
COFs,Adapter,58,4.21,14.284141411021764
COFs,Adapter,58,4.275,14.284141411021764
COFs,Adapter,58,4.34,14.284141411021764
COFs,Adapter,58,4.405,14.284141411021764
COFs,Adapter,58,4.47,14.284141411021764
COFs,Adapter,58,5.47,11.628734252735878
COFs,Adapter,58,5.535,11.628734252735878
COFs,Adapter,58,5.6,11.628734252735878
COFs,Adapter,58,5.665,11.628734252735878
COFs,Adapter,58,5.73,11.628734252735878
COFs,Adapter,58,5.795,11.628734252735878
COFs,Adapter,58,5.86,11.628734252735878
COFs,Adapter,58,5.925,11.628734252735878
COFs,Adapter,58,5.99,11.628734252735878
COFs,Adapter,58,6.055,11.628734252735878
COFs,Adapter,58,6.12,11.628734252735878
COFs,Adapter,58,6.185,11.628734252735878
COFs,Adapter,58,6.25,11.628734252735878
COFs,Adapter,58,6.315,11.628734252735878
COFs,Adapter,58,6.38,11.628734252735878
COFs,Adapter,58,6.445,11.628734252735878
COFs,Adapter,58,7.445,3.542139991253217
COFs,Adapter,58,7.51,3.542139991253217
COFs,Adapter,58,7.575,3.542139991253217
COFs,Adapter,58,7.64,3.542139991253217
COFs,Adapter,58,7.705,3.542139991253217
COFs,Adapter,58,7.77,3.542139991253217
COFs,Adapter,58,7.835,3.542139991253217
COFs,Adapter,58,7.9,3.542139991253217
COFs,Adapter,58,7.965,3.542139991253217
COFs,Adapter,58,8.03,3.542139991253217
COFs,Adapter,58,8.095,3.542139991253217
COFs,Adapter,58,8.16,3.542139991253217
COFs,Adapter,58,8.225,3.542139991253217
COFs,Adapter,58,8.29,3.542139991253217
COFs,Adapter,58,8.355,3.542139991253217
COFs,Adapter,58,8.42,3.542139991253217
COFs,Adapter,58,9.42,0.3635064340810032
COFs,Adapter,58,9.485,0.3635064340810032
COFs,Adapter,58,9.55,0.3635064340810032
COFs,Adapter,58,9.615,0.3635064340810032
COFs,Adapter,58,9.68,0.3635064340810032
COFs,Adapter,58,9.745,0.3635064340810032
COFs,Adapter,58,9.81,0.3635064340810032
COFs,Adapter,58,9.875,0.3635064340810032
COFs,Adapter,58,9.94,0.3635064340810032
COFs,Adapter,58,10.005,0.3635064340810032
COFs,Adapter,58,10.07,0.3635064340810032
COFs,Adapter,58,10.135,0.3635064340810032
COFs,Adapter,58,10.2,0.3635064340810032
COFs,Adapter,58,10.265,0.3635064340810032
COFs,Adapter,58,10.33,0.3635064340810032
COFs,Adapter,58,10.395,0.3635064340810032
COFs,Adapter,58,11.395,0.3635064340810032
COFs,Adapter,58,11.46,0.3635064340810032
COFs,Adapter,58,11.525,0.3635064340810032
COFs,Adapter,58,11.59,0.3635064340810032
COFs,Adapter,58,11.655,0.3635064340810032
COFs,Adapter,58,11.72,0.3635064340810032
COFs,Adapter,58,11.785,0.3635064340810032
COFs,Adapter,58,11.85,0.3635064340810032
COFs,Adapter,58,11.915,0.3635064340810032
COFs,Adapter,58,11.98,0.3635064340810032
COFs,Adapter,58,12.045,0.3635064340810032
COFs,Adapter,58,12.11,0.3635064340810032
COFs,Adapter,58,12.175,0.3635064340810032
COFs,Adapter,58,12.24,0.3635064340810032
COFs,Adapter,58,12.305,0.3635064340810032
COFs,Adapter,58,12.37,0.3635064340810032
COFs,Adapter,58,13.37,0.0
COFs,Adapter,58,13.435,0.0
COFs,Adapter,58,13.5,0.0
COFs,Adapter,58,13.565,0.0
COFs,Adapter,58,13.63,0.0
COFs,Adapter,58,13.695,0.0
COFs,Adapter,58,13.76,0.0
COFs,Adapter,58,13.825,0.0
COFs,Adapter,58,13.89,0.0
COFs,Adapter,58,13.955,0.0
COFs,Adapter,58,14.02,0.0
COFs,Adapter,58,14.085,0.0
COFs,Adapter,58,14.15,0.0
COFs,Adapter,58,14.215,0.0
COFs,Adapter,58,14.28,0.0
COFs,Adapter,58,14.345,0.0
COFs,Adapter,58,15.345,0.0
COFs,Adapter,58,15.41,0.0
COFs,Adapter,58,15.475,0.0
COFs,Adapter,58,15.54,0.0
COFs,Adapter,58,15.605,0.0
COFs,Adapter,58,15.67,0.0
COFs,Adapter,58,15.735,0.0
COFs,Adapter,58,15.8,0.0
COFs,Adapter,58,15.865,0.0
COFs,Adapter,58,15.93,0.0
COFs,Adapter,58,15.995,0.0
COFs,Adapter,58,16.06,0.0
COFs,Adapter,58,16.125,0.0
COFs,Adapter,58,16.19,0.0
COFs,Adapter,58,16.255,0.0
COFs,Adapter,58,16.32,0.0
COFs,Adapter,58,17.32,0.0
COFs,Adapter,58,17.385,0.0
COFs,Adapter,58,17.45,0.0
COFs,Adapter,58,17.515,0.0
COFs,Adapter,58,17.58,0.0
COFs,Adapter,58,17.645,0.0
COFs,Adapter,58,17.71,0.0
COFs,Adapter,58,17.775,0.0
COFs,Adapter,58,17.84,0.0
COFs,Adapter,58,17.905,0.0
COFs,Adapter,58,17.97,0.0
COFs,Adapter,58,18.035,0.0
COFs,Adapter,58,18.1,0.0
COFs,Adapter,58,18.165,0.0
COFs,Adapter,58,18.23,0.0
COFs,Adapter,58,18.295,0.0
COFs,Adapter,58,19.295,0.0
COFs,Adapter,58,19.36,0.0
COFs,Adapter,58,19.425,0.0
COFs,Adapter,58,19.49,0.0
COFs,Adapter,58,19.555,0.0
COFs,Adapter,58,19.62,0.0
COFs,Adapter,58,19.685,0.0
COFs,Adapter,58,19.75,0.0
COFs,Adapter,58,19.815,0.0
COFs,Adapter,58,19.88,0.0
COFs,Adapter,58,19.945,0.0
COFs,Adapter,58,20.01,0.0
COFs,Adapter,58,20.075,0.0
COFs,Adapter,58,20.14,0.0
COFs,Adapter,58,20.205,0.0
COFs,Adapter,58,20.27,0.0
COFs,Adapter,58,21.27,0.0
COFs,Adapter,58,21.335,0.0
COFs,Adapter,58,21.4,0.0
COFs,Adapter,58,21.465,0.0
COFs,Adapter,58,21.53,0.0
COFs,Adapter,58,21.595,0.0
COFs,Adapter,58,21.66,0.0
COFs,Adapter,58,21.725,0.0
COFs,Adapter,58,21.79,0.0
COFs,Adapter,58,21.855,0.0
COFs,Adapter,58,21.92,0.0
COFs,Adapter,58,21.985,0.0
COFs,Adapter,58,22.05,0.0
COFs,Adapter,58,22.115,0.0
COFs,Adapter,58,22.18,0.0
COFs,Adapter,58,22.245,0.0
COFs,Adapter,58,23.245,0.0
COFs,Adapter,58,23.31,0.0
COFs,Adapter,58,23.375,0.0
COFs,Adapter,58,23.44,0.0
COFs,Adapter,58,23.505,0.0
COFs,Adapter,58,23.57,0.0
COFs,Adapter,58,23.635,0.0
COFs,Adapter,58,23.7,0.0
COFs,Adapter,58,23.765,0.0
COFs,Adapter,58,23.83,0.0
COFs,Adapter,58,23.895,0.0
COFs,Adapter,58,23.96,0.0
COFs,Adapter,58,24.025,0.0
COFs,Adapter,58,24.09,0.0
COFs,Adapter,58,24.155,0.0
COFs,Adapter,58,24.22,0.0
COFs,Adapter,58,25.22,0.0
COFs,Adapter,58,25.285,0.0
COFs,Adapter,58,25.35,0.0
COFs,Adapter,58,25.415,0.0
COFs,Adapter,58,25.48,0.0
COFs,Adapter,58,25.545,0.0
COFs,Adapter,58,25.61,0.0
COFs,Adapter,58,25.675,0.0
COFs,Adapter,58,25.74,0.0
COFs,Adapter,58,25.805,0.0
COFs,Adapter,58,25.87,0.0
COFs,Adapter,58,25.935,0.0
COFs,Adapter,58,26.0,0.0
COFs,Adapter,58,26.065,0.0
COFs,Adapter,58,26.13,0.0
COFs,Adapter,58,26.195,0.0
COFs,Adapter,58,27.195,0.0
COFs,Adapter,58,27.26,0.0
COFs,Adapter,58,27.325,0.0
COFs,Adapter,58,27.39,0.0
COFs,Adapter,58,27.455,0.0
COFs,Adapter,58,27.52,0.0
COFs,Adapter,58,27.585,0.0
COFs,Adapter,58,27.65,0.0
COFs,Adapter,58,27.715,0.0
COFs,Adapter,58,27.78,0.0
COFs,Adapter,58,27.845,0.0
COFs,Adapter,58,27.91,0.0
COFs,Adapter,58,27.975,0.0
COFs,Adapter,58,28.04,0.0
COFs,Adapter,58,28.105,0.0
COFs,Adapter,58,28.17,0.0
COFs,Adapter,58,29.17,0.0
COFs,Adapter,58,29.235,0.0
COFs,Adapter,58,29.3,0.0
COFs,Adapter,58,29.365,0.0
COFs,Adapter,58,29.43,0.0
COFs,Adapter,58,29.495,0.0
COFs,Adapter,58,29.56,0.0
COFs,Adapter,58,29.625,0.0
COFs,Adapter,58,29.69,0.0
COFs,Adapter,58,29.755,0.0
COFs,Adapter,58,29.82,0.0
COFs,Adapter,58,29.885,0.0
COFs,Adapter,58,29.95,0.0
COFs,Adapter,59,3.495,2.768421691579954
COFs,Adapter,59,3.56,2.768421691579954
COFs,Adapter,59,3.625,2.768421691579954
COFs,Adapter,59,3.69,2.768421691579954
COFs,Adapter,59,3.755,2.768421691579954
COFs,Adapter,59,3.82,2.768421691579954
COFs,Adapter,59,3.885,2.768421691579954
COFs,Adapter,59,3.95,2.768421691579954
COFs,Adapter,59,4.015,2.768421691579954
COFs,Adapter,59,4.08,2.768421691579954
COFs,Adapter,59,4.145,2.768421691579954
COFs,Adapter,59,4.21,2.768421691579954
COFs,Adapter,59,4.275,2.768421691579954
COFs,Adapter,59,4.34,2.768421691579954
COFs,Adapter,59,4.405,2.768421691579954
COFs,Adapter,59,4.47,2.768421691579954
COFs,Adapter,59,5.47,2.768421691579954
COFs,Adapter,59,5.535,2.768421691579954
COFs,Adapter,59,5.6,2.768421691579954
COFs,Adapter,59,5.665,2.768421691579954
COFs,Adapter,59,5.73,2.768421691579954
COFs,Adapter,59,5.795,2.768421691579954
COFs,Adapter,59,5.86,2.768421691579954
COFs,Adapter,59,5.925,2.768421691579954
COFs,Adapter,59,5.99,2.768421691579954
COFs,Adapter,59,6.055,2.768421691579954
COFs,Adapter,59,6.12,2.768421691579954
COFs,Adapter,59,6.185,2.768421691579954
COFs,Adapter,59,6.25,2.768421691579954
COFs,Adapter,59,6.315,2.768421691579954
COFs,Adapter,59,6.38,2.768421691579954
COFs,Adapter,59,6.445,2.768421691579954
COFs,Adapter,59,7.445,2.768421691579954
COFs,Adapter,59,7.51,2.768421691579954
COFs,Adapter,59,7.575,2.768421691579954
COFs,Adapter,59,7.64,2.768421691579954
COFs,Adapter,59,7.705,2.768421691579954
COFs,Adapter,59,7.77,2.768421691579954
COFs,Adapter,59,7.835,2.768421691579954
COFs,Adapter,59,7.9,2.768421691579954
COFs,Adapter,59,7.965,2.768421691579954
COFs,Adapter,59,8.03,2.768421691579954
COFs,Adapter,59,8.095,2.768421691579954
COFs,Adapter,59,8.16,2.768421691579954
COFs,Adapter,59,8.225,2.768421691579954
COFs,Adapter,59,8.29,2.768421691579954
COFs,Adapter,59,8.355,2.768421691579954
COFs,Adapter,59,8.42,2.768421691579954
COFs,Adapter,59,9.42,2.768421691579954
COFs,Adapter,59,9.485,2.768421691579954
COFs,Adapter,59,9.55,2.768421691579954
COFs,Adapter,59,9.615,2.768421691579954
COFs,Adapter,59,9.68,2.768421691579954
COFs,Adapter,59,9.745,2.768421691579954
COFs,Adapter,59,9.81,2.768421691579954
COFs,Adapter,59,9.875,2.768421691579954
COFs,Adapter,59,9.94,2.768421691579954
COFs,Adapter,59,10.005,2.768421691579954
COFs,Adapter,59,10.07,2.768421691579954
COFs,Adapter,59,10.135,2.768421691579954
COFs,Adapter,59,10.2,2.768421691579954
COFs,Adapter,59,10.265,2.768421691579954
COFs,Adapter,59,10.33,2.768421691579954
COFs,Adapter,59,10.395,2.768421691579954
COFs,Adapter,59,11.395,1.6834527522225675
COFs,Adapter,59,11.46,1.6834527522225675
COFs,Adapter,59,11.525,1.6834527522225675
COFs,Adapter,59,11.59,1.6834527522225675
COFs,Adapter,59,11.655,1.6834527522225675
COFs,Adapter,59,11.72,1.6834527522225675
COFs,Adapter,59,11.785,1.6834527522225675
COFs,Adapter,59,11.85,1.6834527522225675
COFs,Adapter,59,11.915,1.6834527522225675
COFs,Adapter,59,11.98,1.6834527522225675
COFs,Adapter,59,12.045,1.6834527522225675
COFs,Adapter,59,12.11,1.6834527522225675
COFs,Adapter,59,12.175,1.6834527522225675
COFs,Adapter,59,12.24,1.6834527522225675
COFs,Adapter,59,12.305,1.6834527522225675
COFs,Adapter,59,12.37,1.6834527522225675
COFs,Adapter,59,13.37,0.3635064340810032
COFs,Adapter,59,13.435,0.3635064340810032
COFs,Adapter,59,13.5,0.3635064340810032
COFs,Adapter,59,13.565,0.3635064340810032
COFs,Adapter,59,13.63,0.3635064340810032
COFs,Adapter,59,13.695,0.3635064340810032
COFs,Adapter,59,13.76,0.3635064340810032
COFs,Adapter,59,13.825,0.3635064340810032
COFs,Adapter,59,13.89,0.3635064340810032
COFs,Adapter,59,13.955,0.3635064340810032
COFs,Adapter,59,14.02,0.3635064340810032
COFs,Adapter,59,14.085,0.3635064340810032
COFs,Adapter,59,14.15,0.3635064340810032
COFs,Adapter,59,14.215,0.3635064340810032
COFs,Adapter,59,14.28,0.3635064340810032
COFs,Adapter,59,14.345,0.3635064340810032
COFs,Adapter,59,15.345,0.3635064340810032
COFs,Adapter,59,15.41,0.3635064340810032
COFs,Adapter,59,15.475,0.3635064340810032
COFs,Adapter,59,15.54,0.3635064340810032
COFs,Adapter,59,15.605,0.3635064340810032
COFs,Adapter,59,15.67,0.3635064340810032
COFs,Adapter,59,15.735,0.3635064340810032
COFs,Adapter,59,15.8,0.3635064340810032
COFs,Adapter,59,15.865,0.3635064340810032
COFs,Adapter,59,15.93,0.3635064340810032
COFs,Adapter,59,15.995,0.3635064340810032
COFs,Adapter,59,16.06,0.3635064340810032
COFs,Adapter,59,16.125,0.3635064340810032
COFs,Adapter,59,16.19,0.3635064340810032
COFs,Adapter,59,16.255,0.3635064340810032
COFs,Adapter,59,16.32,0.3635064340810032
COFs,Adapter,59,17.32,0.0
COFs,Adapter,59,17.385,0.0
COFs,Adapter,59,17.45,0.0
COFs,Adapter,59,17.515,0.0
COFs,Adapter,59,17.58,0.0
COFs,Adapter,59,17.645,0.0
COFs,Adapter,59,17.71,0.0
COFs,Adapter,59,17.775,0.0
COFs,Adapter,59,17.84,0.0
COFs,Adapter,59,17.905,0.0
COFs,Adapter,59,17.97,0.0
COFs,Adapter,59,18.035,0.0
COFs,Adapter,59,18.1,0.0
COFs,Adapter,59,18.165,0.0
COFs,Adapter,59,18.23,0.0
COFs,Adapter,59,18.295,0.0
COFs,Adapter,59,19.295,0.0
COFs,Adapter,59,19.36,0.0
COFs,Adapter,59,19.425,0.0
COFs,Adapter,59,19.49,0.0
COFs,Adapter,59,19.555,0.0
COFs,Adapter,59,19.62,0.0
COFs,Adapter,59,19.685,0.0
COFs,Adapter,59,19.75,0.0
COFs,Adapter,59,19.815,0.0
COFs,Adapter,59,19.88,0.0
COFs,Adapter,59,19.945,0.0
COFs,Adapter,59,20.01,0.0
COFs,Adapter,59,20.075,0.0
COFs,Adapter,59,20.14,0.0
COFs,Adapter,59,20.205,0.0
COFs,Adapter,59,20.27,0.0
COFs,Adapter,59,21.27,0.0
COFs,Adapter,59,21.335,0.0
COFs,Adapter,59,21.4,0.0
COFs,Adapter,59,21.465,0.0
COFs,Adapter,59,21.53,0.0
COFs,Adapter,59,21.595,0.0
COFs,Adapter,59,21.66,0.0
COFs,Adapter,59,21.725,0.0
COFs,Adapter,59,21.79,0.0
COFs,Adapter,59,21.855,0.0
COFs,Adapter,59,21.92,0.0
COFs,Adapter,59,21.985,0.0
COFs,Adapter,59,22.05,0.0
COFs,Adapter,59,22.115,0.0
COFs,Adapter,59,22.18,0.0
COFs,Adapter,59,22.245,0.0
COFs,Adapter,59,23.245,0.0
COFs,Adapter,59,23.31,0.0
COFs,Adapter,59,23.375,0.0
COFs,Adapter,59,23.44,0.0
COFs,Adapter,59,23.505,0.0
COFs,Adapter,59,23.57,0.0
COFs,Adapter,59,23.635,0.0
COFs,Adapter,59,23.7,0.0
COFs,Adapter,59,23.765,0.0
COFs,Adapter,59,23.83,0.0
COFs,Adapter,59,23.895,0.0
COFs,Adapter,59,23.96,0.0
COFs,Adapter,59,24.025,0.0
COFs,Adapter,59,24.09,0.0
COFs,Adapter,59,24.155,0.0
COFs,Adapter,59,24.22,0.0
COFs,Adapter,59,25.22,0.0
COFs,Adapter,59,25.285,0.0
COFs,Adapter,59,25.35,0.0
COFs,Adapter,59,25.415,0.0
COFs,Adapter,59,25.48,0.0
COFs,Adapter,59,25.545,0.0
COFs,Adapter,59,25.61,0.0
COFs,Adapter,59,25.675,0.0
COFs,Adapter,59,25.74,0.0
COFs,Adapter,59,25.805,0.0
COFs,Adapter,59,25.87,0.0
COFs,Adapter,59,25.935,0.0
COFs,Adapter,59,26.0,0.0
COFs,Adapter,59,26.065,0.0
COFs,Adapter,59,26.13,0.0
COFs,Adapter,59,26.195,0.0
COFs,Adapter,59,27.195,0.0
COFs,Adapter,59,27.26,0.0
COFs,Adapter,59,27.325,0.0
COFs,Adapter,59,27.39,0.0
COFs,Adapter,59,27.455,0.0
COFs,Adapter,59,27.52,0.0
COFs,Adapter,59,27.585,0.0
COFs,Adapter,59,27.65,0.0
COFs,Adapter,59,27.715,0.0
COFs,Adapter,59,27.78,0.0
COFs,Adapter,59,27.845,0.0
COFs,Adapter,59,27.91,0.0
COFs,Adapter,59,27.975,0.0
COFs,Adapter,59,28.04,0.0
COFs,Adapter,59,28.105,0.0
COFs,Adapter,59,28.17,0.0
COFs,Adapter,59,29.17,0.0
COFs,Adapter,59,29.235,0.0
COFs,Adapter,59,29.3,0.0
COFs,Adapter,59,29.365,0.0
COFs,Adapter,59,29.43,0.0
COFs,Adapter,59,29.495,0.0
COFs,Adapter,59,29.56,0.0
COFs,Adapter,59,29.625,0.0
COFs,Adapter,59,29.69,0.0
COFs,Adapter,59,29.755,0.0
COFs,Adapter,59,29.82,0.0
COFs,Adapter,59,29.885,0.0
COFs,Adapter,59,29.95,0.0
COFs,Adapter,60,3.495,2.768421691579954
COFs,Adapter,60,3.56,2.768421691579954
COFs,Adapter,60,3.625,2.768421691579954
COFs,Adapter,60,3.69,2.768421691579954
COFs,Adapter,60,3.755,2.768421691579954
COFs,Adapter,60,3.82,2.768421691579954
COFs,Adapter,60,3.885,2.768421691579954
COFs,Adapter,60,3.95,2.768421691579954
COFs,Adapter,60,4.015,2.768421691579954
COFs,Adapter,60,4.08,2.768421691579954
COFs,Adapter,60,4.145,2.768421691579954
COFs,Adapter,60,4.21,2.768421691579954
COFs,Adapter,60,4.275,2.768421691579954
COFs,Adapter,60,4.34,2.768421691579954
COFs,Adapter,60,4.405,2.768421691579954
COFs,Adapter,60,4.47,2.768421691579954
COFs,Adapter,60,5.47,2.768421691579954
COFs,Adapter,60,5.535,2.768421691579954
COFs,Adapter,60,5.6,2.768421691579954
COFs,Adapter,60,5.665,2.768421691579954
COFs,Adapter,60,5.73,2.768421691579954
COFs,Adapter,60,5.795,2.768421691579954
COFs,Adapter,60,5.86,2.768421691579954
COFs,Adapter,60,5.925,2.768421691579954
COFs,Adapter,60,5.99,2.768421691579954
COFs,Adapter,60,6.055,2.768421691579954
COFs,Adapter,60,6.12,2.768421691579954
COFs,Adapter,60,6.185,2.768421691579954
COFs,Adapter,60,6.25,2.768421691579954
COFs,Adapter,60,6.315,2.768421691579954
COFs,Adapter,60,6.38,2.768421691579954
COFs,Adapter,60,6.445,2.768421691579954
COFs,Adapter,60,7.445,2.768421691579954
COFs,Adapter,60,7.51,2.768421691579954
COFs,Adapter,60,7.575,2.768421691579954
COFs,Adapter,60,7.64,2.768421691579954
COFs,Adapter,60,7.705,2.768421691579954
COFs,Adapter,60,7.77,2.768421691579954
COFs,Adapter,60,7.835,2.768421691579954
COFs,Adapter,60,7.9,2.768421691579954
COFs,Adapter,60,7.965,2.768421691579954
COFs,Adapter,60,8.03,2.768421691579954
COFs,Adapter,60,8.095,2.768421691579954
COFs,Adapter,60,8.16,2.768421691579954
COFs,Adapter,60,8.225,2.768421691579954
COFs,Adapter,60,8.29,2.768421691579954
COFs,Adapter,60,8.355,2.768421691579954
COFs,Adapter,60,8.42,2.768421691579954
COFs,Adapter,60,9.42,2.768421691579954
COFs,Adapter,60,9.485,2.768421691579954
COFs,Adapter,60,9.55,2.768421691579954
COFs,Adapter,60,9.615,2.768421691579954
COFs,Adapter,60,9.68,2.768421691579954
COFs,Adapter,60,9.745,2.768421691579954
COFs,Adapter,60,9.81,2.768421691579954
COFs,Adapter,60,9.875,2.768421691579954
COFs,Adapter,60,9.94,2.768421691579954
COFs,Adapter,60,10.005,2.768421691579954
COFs,Adapter,60,10.07,2.768421691579954
COFs,Adapter,60,10.135,2.768421691579954
COFs,Adapter,60,10.2,2.768421691579954
COFs,Adapter,60,10.265,2.768421691579954
COFs,Adapter,60,10.33,2.768421691579954
COFs,Adapter,60,10.395,2.768421691579954
COFs,Adapter,60,11.395,0.3635064340810032
COFs,Adapter,60,11.46,0.3635064340810032
COFs,Adapter,60,11.525,0.3635064340810032
COFs,Adapter,60,11.59,0.3635064340810032
COFs,Adapter,60,11.655,0.3635064340810032
COFs,Adapter,60,11.72,0.3635064340810032
COFs,Adapter,60,11.785,0.3635064340810032
COFs,Adapter,60,11.85,0.3635064340810032
COFs,Adapter,60,11.915,0.3635064340810032
COFs,Adapter,60,11.98,0.3635064340810032
COFs,Adapter,60,12.045,0.3635064340810032
COFs,Adapter,60,12.11,0.3635064340810032
COFs,Adapter,60,12.175,0.3635064340810032
COFs,Adapter,60,12.24,0.3635064340810032
COFs,Adapter,60,12.305,0.3635064340810032
COFs,Adapter,60,12.37,0.3635064340810032
COFs,Adapter,60,13.37,0.3635064340810032
COFs,Adapter,60,13.435,0.3635064340810032
COFs,Adapter,60,13.5,0.3635064340810032
COFs,Adapter,60,13.565,0.3635064340810032
COFs,Adapter,60,13.63,0.3635064340810032
COFs,Adapter,60,13.695,0.3635064340810032
COFs,Adapter,60,13.76,0.3635064340810032
COFs,Adapter,60,13.825,0.3635064340810032
COFs,Adapter,60,13.89,0.3635064340810032
COFs,Adapter,60,13.955,0.3635064340810032
COFs,Adapter,60,14.02,0.3635064340810032
COFs,Adapter,60,14.085,0.3635064340810032
COFs,Adapter,60,14.15,0.3635064340810032
COFs,Adapter,60,14.215,0.3635064340810032
COFs,Adapter,60,14.28,0.3635064340810032
COFs,Adapter,60,14.345,0.3635064340810032
COFs,Adapter,60,15.345,0.3635064340810032
COFs,Adapter,60,15.41,0.3635064340810032
COFs,Adapter,60,15.475,0.3635064340810032
COFs,Adapter,60,15.54,0.3635064340810032
COFs,Adapter,60,15.605,0.3635064340810032
COFs,Adapter,60,15.67,0.3635064340810032
COFs,Adapter,60,15.735,0.3635064340810032
COFs,Adapter,60,15.8,0.3635064340810032
COFs,Adapter,60,15.865,0.3635064340810032
COFs,Adapter,60,15.93,0.3635064340810032
COFs,Adapter,60,15.995,0.3635064340810032
COFs,Adapter,60,16.06,0.3635064340810032
COFs,Adapter,60,16.125,0.3635064340810032
COFs,Adapter,60,16.19,0.3635064340810032
COFs,Adapter,60,16.255,0.3635064340810032
COFs,Adapter,60,16.32,0.3635064340810032
COFs,Adapter,60,17.32,0.0
COFs,Adapter,60,17.385,0.0
COFs,Adapter,60,17.45,0.0
COFs,Adapter,60,17.515,0.0
COFs,Adapter,60,17.58,0.0
COFs,Adapter,60,17.645,0.0
COFs,Adapter,60,17.71,0.0
COFs,Adapter,60,17.775,0.0
COFs,Adapter,60,17.84,0.0
COFs,Adapter,60,17.905,0.0
COFs,Adapter,60,17.97,0.0
COFs,Adapter,60,18.035,0.0
COFs,Adapter,60,18.1,0.0
COFs,Adapter,60,18.165,0.0
COFs,Adapter,60,18.23,0.0
COFs,Adapter,60,18.295,0.0
COFs,Adapter,60,19.295,0.0
COFs,Adapter,60,19.36,0.0
COFs,Adapter,60,19.425,0.0
COFs,Adapter,60,19.49,0.0
COFs,Adapter,60,19.555,0.0
COFs,Adapter,60,19.62,0.0
COFs,Adapter,60,19.685,0.0
COFs,Adapter,60,19.75,0.0
COFs,Adapter,60,19.815,0.0
COFs,Adapter,60,19.88,0.0
COFs,Adapter,60,19.945,0.0
COFs,Adapter,60,20.01,0.0
COFs,Adapter,60,20.075,0.0
COFs,Adapter,60,20.14,0.0
COFs,Adapter,60,20.205,0.0
COFs,Adapter,60,20.27,0.0
COFs,Adapter,60,21.27,0.0
COFs,Adapter,60,21.335,0.0
COFs,Adapter,60,21.4,0.0
COFs,Adapter,60,21.465,0.0
COFs,Adapter,60,21.53,0.0
COFs,Adapter,60,21.595,0.0
COFs,Adapter,60,21.66,0.0
COFs,Adapter,60,21.725,0.0
COFs,Adapter,60,21.79,0.0
COFs,Adapter,60,21.855,0.0
COFs,Adapter,60,21.92,0.0
COFs,Adapter,60,21.985,0.0
COFs,Adapter,60,22.05,0.0
COFs,Adapter,60,22.115,0.0
COFs,Adapter,60,22.18,0.0
COFs,Adapter,60,22.245,0.0
COFs,Adapter,60,23.245,0.0
COFs,Adapter,60,23.31,0.0
COFs,Adapter,60,23.375,0.0
COFs,Adapter,60,23.44,0.0
COFs,Adapter,60,23.505,0.0
COFs,Adapter,60,23.57,0.0
COFs,Adapter,60,23.635,0.0
COFs,Adapter,60,23.7,0.0
COFs,Adapter,60,23.765,0.0
COFs,Adapter,60,23.83,0.0
COFs,Adapter,60,23.895,0.0
COFs,Adapter,60,23.96,0.0
COFs,Adapter,60,24.025,0.0
COFs,Adapter,60,24.09,0.0
COFs,Adapter,60,24.155,0.0
COFs,Adapter,60,24.22,0.0
COFs,Adapter,60,25.22,0.0
COFs,Adapter,60,25.285,0.0
COFs,Adapter,60,25.35,0.0
COFs,Adapter,60,25.415,0.0
COFs,Adapter,60,25.48,0.0
COFs,Adapter,60,25.545,0.0
COFs,Adapter,60,25.61,0.0
COFs,Adapter,60,25.675,0.0
COFs,Adapter,60,25.74,0.0
COFs,Adapter,60,25.805,0.0
COFs,Adapter,60,25.87,0.0
COFs,Adapter,60,25.935,0.0
COFs,Adapter,60,26.0,0.0
COFs,Adapter,60,26.065,0.0
COFs,Adapter,60,26.13,0.0
COFs,Adapter,60,26.195,0.0
COFs,Adapter,60,27.195,0.0
COFs,Adapter,60,27.26,0.0
COFs,Adapter,60,27.325,0.0
COFs,Adapter,60,27.39,0.0
COFs,Adapter,60,27.455,0.0
COFs,Adapter,60,27.52,0.0
COFs,Adapter,60,27.585,0.0
COFs,Adapter,60,27.65,0.0
COFs,Adapter,60,27.715,0.0
COFs,Adapter,60,27.78,0.0
COFs,Adapter,60,27.845,0.0
COFs,Adapter,60,27.91,0.0
COFs,Adapter,60,27.975,0.0
COFs,Adapter,60,28.04,0.0
COFs,Adapter,60,28.105,0.0
COFs,Adapter,60,28.17,0.0
COFs,Adapter,60,29.17,0.0
COFs,Adapter,60,29.235,0.0
COFs,Adapter,60,29.3,0.0
COFs,Adapter,60,29.365,0.0
COFs,Adapter,60,29.43,0.0
COFs,Adapter,60,29.495,0.0
COFs,Adapter,60,29.56,0.0
COFs,Adapter,60,29.625,0.0
COFs,Adapter,60,29.69,0.0
COFs,Adapter,60,29.755,0.0
COFs,Adapter,60,29.82,0.0
COFs,Adapter,60,29.885,0.0
COFs,Adapter,60,29.95,0.0
COFs,Adapter,61,3.495,12.286313844166017
COFs,Adapter,61,3.56,12.286313844166017
COFs,Adapter,61,3.625,12.286313844166017
COFs,Adapter,61,3.69,12.286313844166017
COFs,Adapter,61,3.755,12.286313844166017
COFs,Adapter,61,3.82,12.286313844166017
COFs,Adapter,61,3.885,12.286313844166017
COFs,Adapter,61,3.95,12.286313844166017
COFs,Adapter,61,4.015,12.286313844166017
COFs,Adapter,61,4.08,12.286313844166017
COFs,Adapter,61,4.145,12.286313844166017
COFs,Adapter,61,4.21,12.286313844166017
COFs,Adapter,61,4.275,12.286313844166017
COFs,Adapter,61,4.34,12.286313844166017
COFs,Adapter,61,4.405,12.286313844166017
COFs,Adapter,61,4.47,12.286313844166017
COFs,Adapter,61,5.47,11.81694086482391
COFs,Adapter,61,5.535,11.81694086482391
COFs,Adapter,61,5.6,11.81694086482391
COFs,Adapter,61,5.665,11.81694086482391
COFs,Adapter,61,5.73,11.81694086482391
COFs,Adapter,61,5.795,11.81694086482391
COFs,Adapter,61,5.86,11.81694086482391
COFs,Adapter,61,5.925,11.81694086482391
COFs,Adapter,61,5.99,11.81694086482391
COFs,Adapter,61,6.055,11.81694086482391
COFs,Adapter,61,6.12,11.81694086482391
COFs,Adapter,61,6.185,11.81694086482391
COFs,Adapter,61,6.25,11.81694086482391
COFs,Adapter,61,6.315,11.81694086482391
COFs,Adapter,61,6.38,11.81694086482391
COFs,Adapter,61,6.445,11.81694086482391
COFs,Adapter,61,7.445,8.884098152249814
COFs,Adapter,61,7.51,8.884098152249814
COFs,Adapter,61,7.575,8.884098152249814
COFs,Adapter,61,7.64,8.884098152249814
COFs,Adapter,61,7.705,8.884098152249814
COFs,Adapter,61,7.77,8.884098152249814
COFs,Adapter,61,7.835,8.884098152249814
COFs,Adapter,61,7.9,8.884098152249814
COFs,Adapter,61,7.965,8.884098152249814
COFs,Adapter,61,8.03,8.884098152249814
COFs,Adapter,61,8.095,8.884098152249814
COFs,Adapter,61,8.16,8.884098152249814
COFs,Adapter,61,8.225,8.884098152249814
COFs,Adapter,61,8.29,8.884098152249814
COFs,Adapter,61,8.355,8.884098152249814
COFs,Adapter,61,8.42,8.884098152249814
COFs,Adapter,61,9.42,8.884098152249814
COFs,Adapter,61,9.485,8.884098152249814
COFs,Adapter,61,9.55,8.884098152249814
COFs,Adapter,61,9.615,8.884098152249814
COFs,Adapter,61,9.68,8.884098152249814
COFs,Adapter,61,9.745,8.884098152249814
COFs,Adapter,61,9.81,8.884098152249814
COFs,Adapter,61,9.875,8.884098152249814
COFs,Adapter,61,9.94,8.884098152249814
COFs,Adapter,61,10.005,8.884098152249814
COFs,Adapter,61,10.07,8.884098152249814
COFs,Adapter,61,10.135,8.884098152249814
COFs,Adapter,61,10.2,8.884098152249814
COFs,Adapter,61,10.265,8.884098152249814
COFs,Adapter,61,10.33,8.884098152249814
COFs,Adapter,61,10.395,8.884098152249814
COFs,Adapter,61,11.395,8.884098152249814
COFs,Adapter,61,11.46,8.884098152249814
COFs,Adapter,61,11.525,8.884098152249814
COFs,Adapter,61,11.59,8.884098152249814
COFs,Adapter,61,11.655,8.884098152249814
COFs,Adapter,61,11.72,8.884098152249814
COFs,Adapter,61,11.785,8.884098152249814
COFs,Adapter,61,11.85,8.884098152249814
COFs,Adapter,61,11.915,8.884098152249814
COFs,Adapter,61,11.98,8.884098152249814
COFs,Adapter,61,12.045,8.884098152249814
COFs,Adapter,61,12.11,8.884098152249814
COFs,Adapter,61,12.175,8.884098152249814
COFs,Adapter,61,12.24,8.884098152249814
COFs,Adapter,61,12.305,8.884098152249814
COFs,Adapter,61,12.37,8.884098152249814
COFs,Adapter,61,13.37,8.884098152249814
COFs,Adapter,61,13.435,8.884098152249814
COFs,Adapter,61,13.5,8.884098152249814
COFs,Adapter,61,13.565,8.884098152249814
COFs,Adapter,61,13.63,8.884098152249814
COFs,Adapter,61,13.695,8.884098152249814
COFs,Adapter,61,13.76,8.884098152249814
COFs,Adapter,61,13.825,8.884098152249814
COFs,Adapter,61,13.89,8.884098152249814
COFs,Adapter,61,13.955,8.884098152249814
COFs,Adapter,61,14.02,8.884098152249814
COFs,Adapter,61,14.085,8.884098152249814
COFs,Adapter,61,14.15,8.884098152249814
COFs,Adapter,61,14.215,8.884098152249814
COFs,Adapter,61,14.28,8.884098152249814
COFs,Adapter,61,14.345,8.884098152249814
COFs,Adapter,61,15.345,6.183895738874037
COFs,Adapter,61,15.41,6.183895738874037
COFs,Adapter,61,15.475,6.183895738874037
COFs,Adapter,61,15.54,6.183895738874037
COFs,Adapter,61,15.605,6.183895738874037
COFs,Adapter,61,15.67,6.183895738874037
COFs,Adapter,61,15.735,6.183895738874037
COFs,Adapter,61,15.8,6.183895738874037
COFs,Adapter,61,15.865,6.183895738874037
COFs,Adapter,61,15.93,6.183895738874037
COFs,Adapter,61,15.995,6.183895738874037
COFs,Adapter,61,16.06,6.183895738874037
COFs,Adapter,61,16.125,6.183895738874037
COFs,Adapter,61,16.19,6.183895738874037
COFs,Adapter,61,16.255,6.183895738874037
COFs,Adapter,61,16.32,6.183895738874037
COFs,Adapter,61,17.32,2.768421691579954
COFs,Adapter,61,17.385,2.768421691579954
COFs,Adapter,61,17.45,2.768421691579954
COFs,Adapter,61,17.515,2.768421691579954
COFs,Adapter,61,17.58,2.768421691579954
COFs,Adapter,61,17.645,2.768421691579954
COFs,Adapter,61,17.71,2.768421691579954
COFs,Adapter,61,17.775,2.768421691579954
COFs,Adapter,61,17.84,2.768421691579954
COFs,Adapter,61,17.905,2.768421691579954
COFs,Adapter,61,17.97,2.768421691579954
COFs,Adapter,61,18.035,2.768421691579954
COFs,Adapter,61,18.1,2.768421691579954
COFs,Adapter,61,18.165,2.768421691579954
COFs,Adapter,61,18.23,2.768421691579954
COFs,Adapter,61,18.295,2.768421691579954
COFs,Adapter,61,19.295,2.768421691579954
COFs,Adapter,61,19.36,2.768421691579954
COFs,Adapter,61,19.425,2.768421691579954
COFs,Adapter,61,19.49,2.768421691579954
COFs,Adapter,61,19.555,2.768421691579954
COFs,Adapter,61,19.62,2.768421691579954
COFs,Adapter,61,19.685,2.768421691579954
COFs,Adapter,61,19.75,2.768421691579954
COFs,Adapter,61,19.815,2.768421691579954
COFs,Adapter,61,19.88,2.768421691579954
COFs,Adapter,61,19.945,2.768421691579954
COFs,Adapter,61,20.01,2.768421691579954
COFs,Adapter,61,20.075,2.768421691579954
COFs,Adapter,61,20.14,2.768421691579954
COFs,Adapter,61,20.205,2.768421691579954
COFs,Adapter,61,20.27,2.768421691579954
COFs,Adapter,61,21.27,2.768421691579954
COFs,Adapter,61,21.335,2.768421691579954
COFs,Adapter,61,21.4,2.768421691579954
COFs,Adapter,61,21.465,2.768421691579954
COFs,Adapter,61,21.53,2.768421691579954
COFs,Adapter,61,21.595,2.768421691579954
COFs,Adapter,61,21.66,2.768421691579954
COFs,Adapter,61,21.725,2.768421691579954
COFs,Adapter,61,21.79,2.768421691579954
COFs,Adapter,61,21.855,2.768421691579954
COFs,Adapter,61,21.92,2.768421691579954
COFs,Adapter,61,21.985,2.768421691579954
COFs,Adapter,61,22.05,2.768421691579954
COFs,Adapter,61,22.115,2.768421691579954
COFs,Adapter,61,22.18,2.768421691579954
COFs,Adapter,61,22.245,2.768421691579954
COFs,Adapter,61,23.245,1.6834527522225677
COFs,Adapter,61,23.31,1.6834527522225677
COFs,Adapter,61,23.375,1.6834527522225677
COFs,Adapter,61,23.44,1.6834527522225677
COFs,Adapter,61,23.505,1.6834527522225677
COFs,Adapter,61,23.57,1.6834527522225677
COFs,Adapter,61,23.635,1.6834527522225677
COFs,Adapter,61,23.7,1.6834527522225677
COFs,Adapter,61,23.765,1.6834527522225677
COFs,Adapter,61,23.83,1.6834527522225677
COFs,Adapter,61,23.895,1.6834527522225677
COFs,Adapter,61,23.96,1.6834527522225677
COFs,Adapter,61,24.025,1.6834527522225677
COFs,Adapter,61,24.09,1.6834527522225677
COFs,Adapter,61,24.155,1.6834527522225677
COFs,Adapter,61,24.22,1.6834527522225677
COFs,Adapter,61,25.22,1.6834527522225677
COFs,Adapter,61,25.285,1.6834527522225677
COFs,Adapter,61,25.35,1.6834527522225677
COFs,Adapter,61,25.415,1.6834527522225677
COFs,Adapter,61,25.48,1.6834527522225677
COFs,Adapter,61,25.545,1.6834527522225677
COFs,Adapter,61,25.61,1.6834527522225677
COFs,Adapter,61,25.675,1.6834527522225677
COFs,Adapter,61,25.74,1.6834527522225677
COFs,Adapter,61,25.805,1.6834527522225677
COFs,Adapter,61,25.87,1.6834527522225677
COFs,Adapter,61,25.935,1.6834527522225677
COFs,Adapter,61,26.0,1.6834527522225677
COFs,Adapter,61,26.065,1.6834527522225677
COFs,Adapter,61,26.13,1.6834527522225677
COFs,Adapter,61,26.195,1.6834527522225677
COFs,Adapter,61,27.195,1.6834527522225677
COFs,Adapter,61,27.26,1.6834527522225677
COFs,Adapter,61,27.325,1.6834527522225677
COFs,Adapter,61,27.39,1.6834527522225677
COFs,Adapter,61,27.455,1.6834527522225677
COFs,Adapter,61,27.52,1.6834527522225677
COFs,Adapter,61,27.585,1.6834527522225677
COFs,Adapter,61,27.65,1.6834527522225677
COFs,Adapter,61,27.715,1.6834527522225677
COFs,Adapter,61,27.78,1.6834527522225677
COFs,Adapter,61,27.845,1.6834527522225677
COFs,Adapter,61,27.91,1.6834527522225677
COFs,Adapter,61,27.975,1.6834527522225677
COFs,Adapter,61,28.04,1.6834527522225677
COFs,Adapter,61,28.105,1.6834527522225677
COFs,Adapter,61,28.17,1.6834527522225677
COFs,Adapter,61,29.17,1.6834527522225677
COFs,Adapter,61,29.235,1.6834527522225677
COFs,Adapter,61,29.3,1.6834527522225677
COFs,Adapter,61,29.365,1.6834527522225677
COFs,Adapter,61,29.43,1.6834527522225677
COFs,Adapter,61,29.495,1.6834527522225677
COFs,Adapter,61,29.56,1.6834527522225677
COFs,Adapter,61,29.625,1.6834527522225677
COFs,Adapter,61,29.69,1.6834527522225677
COFs,Adapter,61,29.755,1.6834527522225677
COFs,Adapter,61,29.82,1.6834527522225677
COFs,Adapter,61,29.885,1.6834527522225677
COFs,Adapter,61,29.95,1.6834527522225677
