benchmark,model,seed,budget,regret
Branin-Fav,NARGP,42,4.5,14.36850341155652
Branin-Fav,NARGP,42,4.6,14.36850341155652
Branin-Fav,NARGP,42,4.7,14.36850341155652
Branin-Fav,NARGP,42,4.8,14.36850341155652
Branin-Fav,NARGP,42,4.9,14.36850341155652
Branin-Fav,NARGP,42,5.0,14.36850341155652
Branin-Fav,NARGP,42,5.1,14.36850341155652
Branin-Fav,NARGP,42,5.2,14.36850341155652
Branin-Fav,NARGP,42,5.3,14.36850341155652
Branin-Fav,NARGP,42,5.4,14.36850341155652
Branin-Fav,NARGP,42,5.5,14.36850341155652
Branin-Fav,NARGP,42,6.5,13.33131069081427
Branin-Fav,NARGP,42,6.6,13.33131069081427
Branin-Fav,NARGP,42,6.7,13.33131069081427
Branin-Fav,NARGP,42,6.8,13.33131069081427
Branin-Fav,NARGP,42,6.9,13.33131069081427
Branin-Fav,NARGP,42,7.0,13.33131069081427
Branin-Fav,NARGP,42,7.1,13.33131069081427
Branin-Fav,NARGP,42,7.2,13.33131069081427
Branin-Fav,NARGP,42,7.3,13.33131069081427
Branin-Fav,NARGP,42,7.4,13.33131069081427
Branin-Fav,NARGP,42,7.5,13.33131069081427
Branin-Fav,NARGP,42,8.5,11.344263973818672
Branin-Fav,NARGP,42,8.6,11.344263973818672
Branin-Fav,NARGP,42,8.7,11.344263973818672
Branin-Fav,NARGP,42,8.8,11.344263973818672
Branin-Fav,NARGP,42,8.9,11.344263973818672
Branin-Fav,NARGP,42,9.0,11.344263973818672
Branin-Fav,NARGP,42,9.1,11.344263973818672
Branin-Fav,NARGP,42,9.2,11.344263973818672
Branin-Fav,NARGP,42,9.3,11.344263973818672
Branin-Fav,NARGP,42,9.4,11.344263973818672
Branin-Fav,NARGP,42,9.5,11.344263973818672
Branin-Fav,NARGP,42,10.5,11.056758883230524
Branin-Fav,NARGP,42,10.6,11.056758883230524
Branin-Fav,NARGP,42,10.7,11.056758883230524
Branin-Fav,NARGP,42,10.8,11.056758883230524
Branin-Fav,NARGP,42,10.9,11.056758883230524
Branin-Fav,NARGP,42,11.0,11.056758883230524
Branin-Fav,NARGP,42,11.1,11.056758883230524
Branin-Fav,NARGP,42,11.2,11.056758883230524
Branin-Fav,NARGP,42,11.3,11.056758883230524
Branin-Fav,NARGP,42,11.4,11.056758883230524
Branin-Fav,NARGP,42,11.5,11.056758883230524
Branin-Fav,NARGP,42,12.5,11.04401442466981
Branin-Fav,NARGP,42,12.6,11.04401442466981
Branin-Fav,NARGP,42,12.7,11.04401442466981
Branin-Fav,NARGP,42,12.8,11.04401442466981
Branin-Fav,NARGP,42,12.9,11.04401442466981
Branin-Fav,NARGP,42,13.0,11.04401442466981
Branin-Fav,NARGP,42,13.1,11.04401442466981
Branin-Fav,NARGP,42,13.2,11.04401442466981
Branin-Fav,NARGP,42,13.3,11.04401442466981
Branin-Fav,NARGP,42,13.4,11.04401442466981
Branin-Fav,NARGP,42,13.5,11.04401442466981
Branin-Fav,NARGP,42,14.5,10.956675700180904
Branin-Fav,NARGP,42,14.6,10.956675700180904
Branin-Fav,NARGP,42,14.7,10.956675700180904
Branin-Fav,NARGP,42,14.8,10.956675700180904
Branin-Fav,NARGP,42,14.9,10.956675700180904
Branin-Fav,NARGP,42,15.0,10.956675700180904
Branin-Fav,NARGP,42,15.1,10.956675700180904
Branin-Fav,NARGP,42,15.2,10.956675700180904
Branin-Fav,NARGP,42,15.3,10.956675700180904
Branin-Fav,NARGP,42,15.4,10.956675700180904
Branin-Fav,NARGP,42,15.5,10.956675700180904
Branin-Fav,NARGP,42,16.5,10.956675700180904
Branin-Fav,NARGP,42,16.6,10.956675700180904
Branin-Fav,NARGP,42,16.7,10.956675700180904
Branin-Fav,NARGP,42,16.8,10.956675700180904
Branin-Fav,NARGP,42,16.9,10.956675700180904
Branin-Fav,NARGP,42,17.0,10.956675700180904
Branin-Fav,NARGP,42,17.1,10.956675700180904
Branin-Fav,NARGP,42,17.2,10.956675700180904
Branin-Fav,NARGP,42,17.3,10.956675700180904
Branin-Fav,NARGP,42,17.4,10.956675700180904
Branin-Fav,NARGP,42,17.5,10.956675700180904
Branin-Fav,NARGP,42,18.5,10.956675700180904
Branin-Fav,NARGP,42,18.6,10.956675700180904
Branin-Fav,NARGP,42,18.7,10.956675700180904
Branin-Fav,NARGP,42,18.8,10.956675700180904
Branin-Fav,NARGP,42,18.9,10.956675700180904
Branin-Fav,NARGP,42,19.0,10.956675700180904
Branin-Fav,NARGP,42,19.1,10.956675700180904
Branin-Fav,NARGP,42,19.2,10.956675700180904
Branin-Fav,NARGP,42,19.3,10.956675700180904
Branin-Fav,NARGP,42,19.4,10.956675700180904
Branin-Fav,NARGP,42,19.5,10.956675700180904
Branin-Fav,NARGP,42,20.5,10.956675700180904
Branin-Fav,NARGP,42,20.6,10.956675700180904
Branin-Fav,NARGP,42,20.7,10.956675700180904
Branin-Fav,NARGP,42,20.8,10.956675700180904
Branin-Fav,NARGP,42,20.9,10.956675700180904
Branin-Fav,NARGP,42,21.0,10.956675700180904
Branin-Fav,NARGP,42,21.1,10.956675700180904
Branin-Fav,NARGP,42,21.2,10.956675700180904
Branin-Fav,NARGP,42,21.3,10.956675700180904
Branin-Fav,NARGP,42,21.4,10.956675700180904
Branin-Fav,NARGP,42,21.5,10.956675700180904
Branin-Fav,NARGP,42,22.5,10.51317307371809
Branin-Fav,NARGP,42,22.6,10.51317307371809
Branin-Fav,NARGP,42,22.7,10.51317307371809
Branin-Fav,NARGP,42,22.8,10.51317307371809
Branin-Fav,NARGP,42,22.9,10.51317307371809
Branin-Fav,NARGP,42,23.0,10.51317307371809
Branin-Fav,NARGP,42,23.1,10.51317307371809
Branin-Fav,NARGP,42,23.2,10.51317307371809
Branin-Fav,NARGP,42,23.3,10.51317307371809
Branin-Fav,NARGP,42,23.4,10.51317307371809
Branin-Fav,NARGP,42,23.5,10.51317307371809
Branin-Fav,NARGP,42,24.5,10.176045774376108
Branin-Fav,NARGP,42,24.6,10.176045774376108
Branin-Fav,NARGP,42,24.7,10.176045774376108
Branin-Fav,NARGP,42,24.8,10.176045774376108
Branin-Fav,NARGP,42,24.9,10.176045774376108
Branin-Fav,NARGP,42,25.0,10.176045774376108
Branin-Fav,NARGP,42,25.1,10.176045774376108
Branin-Fav,NARGP,42,25.2,10.176045774376108
Branin-Fav,NARGP,42,25.3,10.176045774376108
Branin-Fav,NARGP,42,25.4,10.176045774376108
Branin-Fav,NARGP,42,25.5,10.176045774376108
Branin-Fav,NARGP,42,26.5,9.289617639220747
Branin-Fav,NARGP,42,26.6,9.289617639220747
Branin-Fav,NARGP,42,26.7,9.289617639220747
Branin-Fav,NARGP,42,26.8,9.289617639220747
Branin-Fav,NARGP,42,26.9,9.289617639220747
Branin-Fav,NARGP,42,27.0,9.289617639220747
Branin-Fav,NARGP,42,27.1,9.289617639220747
Branin-Fav,NARGP,42,27.2,9.289617639220747
Branin-Fav,NARGP,42,27.3,9.289617639220747
Branin-Fav,NARGP,42,27.4,9.289617639220747
Branin-Fav,NARGP,42,27.5,9.289617639220747
Branin-Fav,NARGP,42,28.5,9.088133405169076
Branin-Fav,NARGP,42,28.6,9.088133405169076
Branin-Fav,NARGP,42,28.7,9.088133405169076
Branin-Fav,NARGP,42,28.8,9.088133405169076
Branin-Fav,NARGP,42,28.9,9.088133405169076
Branin-Fav,NARGP,42,29.0,9.088133405169076
Branin-Fav,NARGP,42,29.1,9.088133405169076
Branin-Fav,NARGP,42,29.2,9.088133405169076
Branin-Fav,NARGP,42,29.3,9.088133405169076
Branin-Fav,NARGP,42,29.4,9.088133405169076
Branin-Fav,NARGP,42,29.5,9.088133405169076
Branin-Fav,NARGP,42,30.5,9.088133405169076
Branin-Fav,NARGP,42,30.6,9.088133405169076
Branin-Fav,NARGP,42,30.7,9.088133405169076
Branin-Fav,NARGP,42,30.8,9.088133405169076
Branin-Fav,NARGP,42,30.9,9.088133405169076
Branin-Fav,NARGP,42,31.0,9.088133405169076
Branin-Fav,NARGP,42,31.1,9.088133405169076
Branin-Fav,NARGP,42,31.2,9.088133405169076
Branin-Fav,NARGP,42,31.3,9.088133405169076
Branin-Fav,NARGP,42,31.4,9.088133405169076
Branin-Fav,NARGP,42,31.5,9.088133405169076
Branin-Fav,NARGP,42,32.5,8.802191757914978
Branin-Fav,NARGP,42,32.6,8.802191757914978
Branin-Fav,NARGP,42,32.7,8.802191757914978
Branin-Fav,NARGP,42,32.8,8.802191757914978
Branin-Fav,NARGP,42,32.9,8.802191757914978
Branin-Fav,NARGP,42,33.0,8.802191757914978
Branin-Fav,NARGP,42,33.1,8.802191757914978
Branin-Fav,NARGP,42,33.2,8.802191757914978
Branin-Fav,NARGP,42,33.3,8.802191757914978
Branin-Fav,NARGP,42,33.4,8.802191757914978
Branin-Fav,NARGP,42,33.5,8.802191757914978
Branin-Fav,NARGP,42,34.5,7.774190529338329
Branin-Fav,NARGP,42,34.6,7.774190529338329
Branin-Fav,NARGP,42,34.7,7.774190529338329
Branin-Fav,NARGP,42,34.8,7.774190529338329
Branin-Fav,NARGP,42,34.9,7.774190529338329
Branin-Fav,NARGP,42,35.0,7.774190529338329
Branin-Fav,NARGP,42,35.1,7.774190529338329
Branin-Fav,NARGP,42,35.2,7.774190529338329
Branin-Fav,NARGP,42,35.3,7.774190529338329
Branin-Fav,NARGP,42,35.4,7.774190529338329
Branin-Fav,NARGP,42,35.5,7.774190529338329
Branin-Fav,NARGP,42,36.5,7.356298187610662
Branin-Fav,NARGP,42,36.6,7.356298187610662
Branin-Fav,NARGP,42,36.7,7.356298187610662
Branin-Fav,NARGP,42,36.8,7.356298187610662
Branin-Fav,NARGP,42,36.9,7.356298187610662
Branin-Fav,NARGP,42,37.0,7.356298187610662
Branin-Fav,NARGP,42,37.1,7.356298187610662
Branin-Fav,NARGP,42,37.2,7.356298187610662
Branin-Fav,NARGP,42,37.3,7.356298187610662
Branin-Fav,NARGP,42,37.4,7.356298187610662
Branin-Fav,NARGP,42,37.5,7.356298187610662
Branin-Fav,NARGP,42,38.5,7.356298187610662
Branin-Fav,NARGP,42,38.6,7.356298187610662
Branin-Fav,NARGP,42,38.7,7.356298187610662
Branin-Fav,NARGP,42,38.8,7.356298187610662
Branin-Fav,NARGP,42,38.9,7.356298187610662
Branin-Fav,NARGP,42,39.0,7.356298187610662
Branin-Fav,NARGP,42,39.1,7.356298187610662
Branin-Fav,NARGP,42,39.2,7.356298187610662
Branin-Fav,NARGP,42,39.3,7.356298187610662
Branin-Fav,NARGP,42,39.4,7.356298187610662
Branin-Fav,NARGP,42,39.5,7.356298187610662
Branin-Fav,NARGP,42,40.5,6.879523144657133
Branin-Fav,NARGP,42,40.6,6.879523144657133
Branin-Fav,NARGP,42,40.7,6.879523144657133
Branin-Fav,NARGP,42,40.8,6.879523144657133
Branin-Fav,NARGP,42,40.9,6.879523144657133
Branin-Fav,NARGP,42,41.0,6.879523144657133
Branin-Fav,NARGP,42,41.1,6.879523144657133
Branin-Fav,NARGP,42,41.2,6.879523144657133
Branin-Fav,NARGP,42,41.3,6.879523144657133
Branin-Fav,NARGP,42,41.4,6.879523144657133
Branin-Fav,NARGP,42,41.5,6.879523144657133
Branin-Fav,NARGP,42,42.5,6.097826524844871
Branin-Fav,NARGP,42,42.6,6.097826524844871
Branin-Fav,NARGP,42,42.7,6.097826524844871
Branin-Fav,NARGP,42,42.8,6.097826524844871
Branin-Fav,NARGP,42,42.9,6.097826524844871
Branin-Fav,NARGP,42,43.0,6.097826524844871
Branin-Fav,NARGP,42,43.1,6.097826524844871
Branin-Fav,NARGP,42,43.2,6.097826524844871
Branin-Fav,NARGP,42,43.3,6.097826524844871
Branin-Fav,NARGP,42,43.4,6.097826524844871
Branin-Fav,NARGP,42,43.5,6.097826524844871
Branin-Fav,NARGP,42,44.5,5.8813353604368
Branin-Fav,NARGP,42,44.6,5.8813353604368
Branin-Fav,NARGP,42,44.7,5.8813353604368
Branin-Fav,NARGP,42,44.8,5.8813353604368
Branin-Fav,NARGP,42,44.9,5.8813353604368
Branin-Fav,NARGP,42,45.0,5.8813353604368
Branin-Fav,NARGP,42,45.1,5.8813353604368
Branin-Fav,NARGP,42,45.2,5.8813353604368
Branin-Fav,NARGP,42,45.3,5.8813353604368
Branin-Fav,NARGP,42,45.4,5.8813353604368
Branin-Fav,NARGP,42,45.5,5.8813353604368
Branin-Fav,NARGP,42,46.5,5.8813353604368
Branin-Fav,NARGP,42,46.6,5.8813353604368
Branin-Fav,NARGP,42,46.7,5.8813353604368
Branin-Fav,NARGP,42,46.8,5.8813353604368
Branin-Fav,NARGP,42,46.9,5.8813353604368
Branin-Fav,NARGP,42,47.0,5.8813353604368
Branin-Fav,NARGP,42,47.1,5.8813353604368
Branin-Fav,NARGP,42,47.2,5.8813353604368
Branin-Fav,NARGP,42,47.3,5.8813353604368
Branin-Fav,NARGP,42,47.4,5.8813353604368
Branin-Fav,NARGP,42,47.5,5.8813353604368
Branin-Fav,NARGP,42,48.5,4.930854447809914
Branin-Fav,NARGP,42,48.6,4.930854447809914
Branin-Fav,NARGP,42,48.7,4.930854447809914
Branin-Fav,NARGP,42,48.8,4.930854447809914
Branin-Fav,NARGP,42,48.9,4.930854447809914
Branin-Fav,NARGP,42,49.0,4.930854447809914
Branin-Fav,NARGP,42,49.1,4.930854447809914
Branin-Fav,NARGP,42,49.2,4.930854447809914
Branin-Fav,NARGP,42,49.3,4.930854447809914
Branin-Fav,NARGP,42,49.4,4.930854447809914
Branin-Fav,NARGP,42,49.5,4.930854447809914
Branin-Fav,NARGP,42,49.6,4.930854447809914
Branin-Fav,NARGP,42,49.7,4.930854447809914
Branin-Fav,NARGP,42,49.8,4.930854447809914
Branin-Fav,NARGP,42,49.9,4.930854447809914
Branin-Fav,NARGP,43,4.5,20.30007072725389
Branin-Fav,NARGP,43,4.6,20.30007072725389
Branin-Fav,NARGP,43,4.7,20.30007072725389
Branin-Fav,NARGP,43,4.8,20.30007072725389
Branin-Fav,NARGP,43,4.9,20.30007072725389
Branin-Fav,NARGP,43,5.0,20.30007072725389
Branin-Fav,NARGP,43,5.1,20.30007072725389
Branin-Fav,NARGP,43,5.2,20.30007072725389
Branin-Fav,NARGP,43,5.3,20.30007072725389
Branin-Fav,NARGP,43,5.4,20.30007072725389
Branin-Fav,NARGP,43,5.5,20.30007072725389
Branin-Fav,NARGP,43,6.5,14.36850341155652
Branin-Fav,NARGP,43,6.6,14.36850341155652
Branin-Fav,NARGP,43,6.7,14.36850341155652
Branin-Fav,NARGP,43,6.8,14.36850341155652
Branin-Fav,NARGP,43,6.9,14.36850341155652
Branin-Fav,NARGP,43,7.0,14.36850341155652
Branin-Fav,NARGP,43,7.1,14.36850341155652
Branin-Fav,NARGP,43,7.2,14.36850341155652
Branin-Fav,NARGP,43,7.3,14.36850341155652
Branin-Fav,NARGP,43,7.4,14.36850341155652
Branin-Fav,NARGP,43,7.5,14.36850341155652
Branin-Fav,NARGP,43,8.5,14.36850341155652
Branin-Fav,NARGP,43,8.6,14.36850341155652
Branin-Fav,NARGP,43,8.7,14.36850341155652
Branin-Fav,NARGP,43,8.8,14.36850341155652
Branin-Fav,NARGP,43,8.9,14.36850341155652
Branin-Fav,NARGP,43,9.0,14.36850341155652
Branin-Fav,NARGP,43,9.1,14.36850341155652
Branin-Fav,NARGP,43,9.2,14.36850341155652
Branin-Fav,NARGP,43,9.3,14.36850341155652
Branin-Fav,NARGP,43,9.4,14.36850341155652
Branin-Fav,NARGP,43,9.5,14.36850341155652
Branin-Fav,NARGP,43,10.5,14.36850341155652
Branin-Fav,NARGP,43,10.6,14.36850341155652
Branin-Fav,NARGP,43,10.7,14.36850341155652
Branin-Fav,NARGP,43,10.8,14.36850341155652
Branin-Fav,NARGP,43,10.9,14.36850341155652
Branin-Fav,NARGP,43,11.0,14.36850341155652
Branin-Fav,NARGP,43,11.1,14.36850341155652
Branin-Fav,NARGP,43,11.2,14.36850341155652
Branin-Fav,NARGP,43,11.3,14.36850341155652
Branin-Fav,NARGP,43,11.4,14.36850341155652
Branin-Fav,NARGP,43,11.5,14.36850341155652
Branin-Fav,NARGP,43,12.5,14.36850341155652
Branin-Fav,NARGP,43,12.6,14.36850341155652
Branin-Fav,NARGP,43,12.7,14.36850341155652
Branin-Fav,NARGP,43,12.8,14.36850341155652
Branin-Fav,NARGP,43,12.9,14.36850341155652
Branin-Fav,NARGP,43,13.0,14.36850341155652
Branin-Fav,NARGP,43,13.1,14.36850341155652
Branin-Fav,NARGP,43,13.2,14.36850341155652
Branin-Fav,NARGP,43,13.3,14.36850341155652
Branin-Fav,NARGP,43,13.4,14.36850341155652
Branin-Fav,NARGP,43,13.5,14.36850341155652
Branin-Fav,NARGP,43,14.5,14.36850341155652
Branin-Fav,NARGP,43,14.6,14.36850341155652
Branin-Fav,NARGP,43,14.7,14.36850341155652
Branin-Fav,NARGP,43,14.8,14.36850341155652
Branin-Fav,NARGP,43,14.9,14.36850341155652
Branin-Fav,NARGP,43,15.0,14.36850341155652
Branin-Fav,NARGP,43,15.1,14.36850341155652
Branin-Fav,NARGP,43,15.2,14.36850341155652
Branin-Fav,NARGP,43,15.3,14.36850341155652
Branin-Fav,NARGP,43,15.4,14.36850341155652
Branin-Fav,NARGP,43,15.5,14.36850341155652
Branin-Fav,NARGP,43,16.5,14.36850341155652
Branin-Fav,NARGP,43,16.6,14.36850341155652
Branin-Fav,NARGP,43,16.7,14.36850341155652
Branin-Fav,NARGP,43,16.8,14.36850341155652
Branin-Fav,NARGP,43,16.9,14.36850341155652
Branin-Fav,NARGP,43,17.0,14.36850341155652
Branin-Fav,NARGP,43,17.1,14.36850341155652
Branin-Fav,NARGP,43,17.2,14.36850341155652
Branin-Fav,NARGP,43,17.3,14.36850341155652
Branin-Fav,NARGP,43,17.4,14.36850341155652
Branin-Fav,NARGP,43,17.5,14.36850341155652
Branin-Fav,NARGP,43,18.5,14.36850341155652
Branin-Fav,NARGP,43,18.6,14.36850341155652
Branin-Fav,NARGP,43,18.7,14.36850341155652
Branin-Fav,NARGP,43,18.8,14.36850341155652
Branin-Fav,NARGP,43,18.9,14.36850341155652
Branin-Fav,NARGP,43,19.0,14.36850341155652
Branin-Fav,NARGP,43,19.1,14.36850341155652
Branin-Fav,NARGP,43,19.2,14.36850341155652
Branin-Fav,NARGP,43,19.3,14.36850341155652
Branin-Fav,NARGP,43,19.4,14.36850341155652
Branin-Fav,NARGP,43,19.5,14.36850341155652
Branin-Fav,NARGP,43,20.5,14.36850341155652
Branin-Fav,NARGP,43,20.6,14.36850341155652
Branin-Fav,NARGP,43,20.7,14.36850341155652
Branin-Fav,NARGP,43,20.8,14.36850341155652
Branin-Fav,NARGP,43,20.9,14.36850341155652
Branin-Fav,NARGP,43,21.0,14.36850341155652
Branin-Fav,NARGP,43,21.1,14.36850341155652
Branin-Fav,NARGP,43,21.2,14.36850341155652
Branin-Fav,NARGP,43,21.3,14.36850341155652
Branin-Fav,NARGP,43,21.4,14.36850341155652
Branin-Fav,NARGP,43,21.5,14.36850341155652
Branin-Fav,NARGP,43,22.5,14.36850341155652
Branin-Fav,NARGP,43,22.6,14.36850341155652
Branin-Fav,NARGP,43,22.7,14.36850341155652
Branin-Fav,NARGP,43,22.8,14.36850341155652
Branin-Fav,NARGP,43,22.9,14.36850341155652
Branin-Fav,NARGP,43,23.0,14.36850341155652
Branin-Fav,NARGP,43,23.1,14.36850341155652
Branin-Fav,NARGP,43,23.2,14.36850341155652
Branin-Fav,NARGP,43,23.3,14.36850341155652
Branin-Fav,NARGP,43,23.4,14.36850341155652
Branin-Fav,NARGP,43,23.5,14.36850341155652
Branin-Fav,NARGP,43,24.5,14.36850341155652
Branin-Fav,NARGP,43,24.6,14.36850341155652
Branin-Fav,NARGP,43,24.7,14.36850341155652
Branin-Fav,NARGP,43,24.8,14.36850341155652
Branin-Fav,NARGP,43,24.9,14.36850341155652
Branin-Fav,NARGP,43,25.0,14.36850341155652
Branin-Fav,NARGP,43,25.1,14.36850341155652
Branin-Fav,NARGP,43,25.2,14.36850341155652
Branin-Fav,NARGP,43,25.3,14.36850341155652
Branin-Fav,NARGP,43,25.4,14.36850341155652
Branin-Fav,NARGP,43,25.5,14.36850341155652
Branin-Fav,NARGP,43,26.5,14.36850341155652
Branin-Fav,NARGP,43,26.6,14.36850341155652
Branin-Fav,NARGP,43,26.7,14.36850341155652
Branin-Fav,NARGP,43,26.8,14.36850341155652
Branin-Fav,NARGP,43,26.9,14.36850341155652
Branin-Fav,NARGP,43,27.0,14.36850341155652
Branin-Fav,NARGP,43,27.1,14.36850341155652
Branin-Fav,NARGP,43,27.2,14.36850341155652
Branin-Fav,NARGP,43,27.3,14.36850341155652
Branin-Fav,NARGP,43,27.4,14.36850341155652
Branin-Fav,NARGP,43,27.5,14.36850341155652
Branin-Fav,NARGP,43,28.5,14.25180715654915
Branin-Fav,NARGP,43,28.6,14.25180715654915
Branin-Fav,NARGP,43,28.7,14.25180715654915
Branin-Fav,NARGP,43,28.8,14.25180715654915
Branin-Fav,NARGP,43,28.9,14.25180715654915
Branin-Fav,NARGP,43,29.0,14.25180715654915
Branin-Fav,NARGP,43,29.1,14.25180715654915
Branin-Fav,NARGP,43,29.2,14.25180715654915
Branin-Fav,NARGP,43,29.3,14.25180715654915
Branin-Fav,NARGP,43,29.4,14.25180715654915
Branin-Fav,NARGP,43,29.5,14.25180715654915
Branin-Fav,NARGP,43,30.5,13.91519806752146
Branin-Fav,NARGP,43,30.6,13.91519806752146
Branin-Fav,NARGP,43,30.7,13.91519806752146
Branin-Fav,NARGP,43,30.8,13.91519806752146
Branin-Fav,NARGP,43,30.9,13.91519806752146
Branin-Fav,NARGP,43,31.0,13.91519806752146
Branin-Fav,NARGP,43,31.1,13.91519806752146
Branin-Fav,NARGP,43,31.2,13.91519806752146
Branin-Fav,NARGP,43,31.3,13.91519806752146
Branin-Fav,NARGP,43,31.4,13.91519806752146
Branin-Fav,NARGP,43,31.5,13.91519806752146
Branin-Fav,NARGP,43,32.5,13.76601088603229
Branin-Fav,NARGP,43,32.6,13.76601088603229
Branin-Fav,NARGP,43,32.7,13.76601088603229
Branin-Fav,NARGP,43,32.8,13.76601088603229
Branin-Fav,NARGP,43,32.9,13.76601088603229
Branin-Fav,NARGP,43,33.0,13.76601088603229
Branin-Fav,NARGP,43,33.1,13.76601088603229
Branin-Fav,NARGP,43,33.2,13.76601088603229
Branin-Fav,NARGP,43,33.3,13.76601088603229
Branin-Fav,NARGP,43,33.4,13.76601088603229
Branin-Fav,NARGP,43,33.5,13.76601088603229
Branin-Fav,NARGP,43,34.5,13.76601088603229
Branin-Fav,NARGP,43,34.6,13.76601088603229
Branin-Fav,NARGP,43,34.7,13.76601088603229
Branin-Fav,NARGP,43,34.8,13.76601088603229
Branin-Fav,NARGP,43,34.9,13.76601088603229
Branin-Fav,NARGP,43,35.0,13.76601088603229
Branin-Fav,NARGP,43,35.1,13.76601088603229
Branin-Fav,NARGP,43,35.2,13.76601088603229
Branin-Fav,NARGP,43,35.3,13.76601088603229
Branin-Fav,NARGP,43,35.4,13.76601088603229
Branin-Fav,NARGP,43,35.5,13.76601088603229
Branin-Fav,NARGP,43,36.5,13.26758839801068
Branin-Fav,NARGP,43,36.6,13.26758839801068
Branin-Fav,NARGP,43,36.7,13.26758839801068
Branin-Fav,NARGP,43,36.8,13.26758839801068
Branin-Fav,NARGP,43,36.9,13.26758839801068
Branin-Fav,NARGP,43,37.0,13.26758839801068
Branin-Fav,NARGP,43,37.1,13.26758839801068
Branin-Fav,NARGP,43,37.2,13.26758839801068
Branin-Fav,NARGP,43,37.3,13.26758839801068
Branin-Fav,NARGP,43,37.4,13.26758839801068
Branin-Fav,NARGP,43,37.5,13.26758839801068
Branin-Fav,NARGP,43,38.5,12.76720737298772
Branin-Fav,NARGP,43,38.6,12.76720737298772
Branin-Fav,NARGP,43,38.7,12.76720737298772
Branin-Fav,NARGP,43,38.8,12.76720737298772
Branin-Fav,NARGP,43,38.9,12.76720737298772
Branin-Fav,NARGP,43,39.0,12.76720737298772
Branin-Fav,NARGP,43,39.1,12.76720737298772
Branin-Fav,NARGP,43,39.2,12.76720737298772
Branin-Fav,NARGP,43,39.3,12.76720737298772
Branin-Fav,NARGP,43,39.4,12.76720737298772
Branin-Fav,NARGP,43,39.5,12.76720737298772
Branin-Fav,NARGP,43,40.5,12.76720737298772
Branin-Fav,NARGP,43,40.6,12.76720737298772
Branin-Fav,NARGP,43,40.7,12.76720737298772
Branin-Fav,NARGP,43,40.8,12.76720737298772
Branin-Fav,NARGP,43,40.9,12.76720737298772
Branin-Fav,NARGP,43,41.0,12.76720737298772
Branin-Fav,NARGP,43,41.1,12.76720737298772
Branin-Fav,NARGP,43,41.2,12.76720737298772
Branin-Fav,NARGP,43,41.3,12.76720737298772
Branin-Fav,NARGP,43,41.4,12.76720737298772
Branin-Fav,NARGP,43,41.5,12.76720737298772
Branin-Fav,NARGP,43,42.5,11.367214241020855
Branin-Fav,NARGP,43,42.6,11.367214241020855
Branin-Fav,NARGP,43,42.7,11.367214241020855
Branin-Fav,NARGP,43,42.8,11.367214241020855
Branin-Fav,NARGP,43,42.9,11.367214241020855
Branin-Fav,NARGP,43,43.0,11.367214241020855
Branin-Fav,NARGP,43,43.1,11.367214241020855
Branin-Fav,NARGP,43,43.2,11.367214241020855
Branin-Fav,NARGP,43,43.3,11.367214241020855
Branin-Fav,NARGP,43,43.4,11.367214241020855
Branin-Fav,NARGP,43,43.5,11.367214241020855
Branin-Fav,NARGP,43,44.5,11.119814344535012
Branin-Fav,NARGP,43,44.6,11.119814344535012
Branin-Fav,NARGP,43,44.7,11.119814344535012
Branin-Fav,NARGP,43,44.8,11.119814344535012
Branin-Fav,NARGP,43,44.9,11.119814344535012
Branin-Fav,NARGP,43,45.0,11.119814344535012
Branin-Fav,NARGP,43,45.1,11.119814344535012
Branin-Fav,NARGP,43,45.2,11.119814344535012
Branin-Fav,NARGP,43,45.3,11.119814344535012
Branin-Fav,NARGP,43,45.4,11.119814344535012
Branin-Fav,NARGP,43,45.5,11.119814344535012
Branin-Fav,NARGP,43,46.5,11.119814344535012
Branin-Fav,NARGP,43,46.6,11.119814344535012
Branin-Fav,NARGP,43,46.7,11.119814344535012
Branin-Fav,NARGP,43,46.8,11.119814344535012
Branin-Fav,NARGP,43,46.9,11.119814344535012
Branin-Fav,NARGP,43,47.0,11.119814344535012
Branin-Fav,NARGP,43,47.1,11.119814344535012
Branin-Fav,NARGP,43,47.2,11.119814344535012
Branin-Fav,NARGP,43,47.3,11.119814344535012
Branin-Fav,NARGP,43,47.4,11.119814344535012
Branin-Fav,NARGP,43,47.5,11.119814344535012
Branin-Fav,NARGP,43,48.5,11.119814344535012
Branin-Fav,NARGP,43,48.6,11.119814344535012
Branin-Fav,NARGP,43,48.7,11.119814344535012
Branin-Fav,NARGP,43,48.8,11.119814344535012
Branin-Fav,NARGP,43,48.9,11.119814344535012
Branin-Fav,NARGP,43,49.0,11.119814344535012
Branin-Fav,NARGP,43,49.1,11.119814344535012
Branin-Fav,NARGP,43,49.2,11.119814344535012
Branin-Fav,NARGP,43,49.3,11.119814344535012
Branin-Fav,NARGP,43,49.4,11.119814344535012
Branin-Fav,NARGP,43,49.5,11.119814344535012
Branin-Fav,NARGP,43,49.6,11.119814344535012
Branin-Fav,NARGP,43,49.7,11.119814344535012
Branin-Fav,NARGP,43,49.8,11.119814344535012
Branin-Fav,NARGP,43,49.9,11.119814344535012
Branin-Fav,NARGP,44,4.5,26.64441115699304
Branin-Fav,NARGP,44,4.6,26.64441115699304
Branin-Fav,NARGP,44,4.7,26.64441115699304
Branin-Fav,NARGP,44,4.8,26.64441115699304
Branin-Fav,NARGP,44,4.9,26.64441115699304
Branin-Fav,NARGP,44,5.0,26.64441115699304
Branin-Fav,NARGP,44,5.1,26.64441115699304
Branin-Fav,NARGP,44,5.2,26.64441115699304
Branin-Fav,NARGP,44,5.3,26.64441115699304
Branin-Fav,NARGP,44,5.4,26.64441115699304
Branin-Fav,NARGP,44,5.5,26.64441115699304
Branin-Fav,NARGP,44,6.5,26.64441115699304
Branin-Fav,NARGP,44,6.6,26.64441115699304
Branin-Fav,NARGP,44,6.7,26.64441115699304
Branin-Fav,NARGP,44,6.8,26.64441115699304
Branin-Fav,NARGP,44,6.9,26.64441115699304
Branin-Fav,NARGP,44,7.0,26.64441115699304
Branin-Fav,NARGP,44,7.1,26.64441115699304
Branin-Fav,NARGP,44,7.2,26.64441115699304
Branin-Fav,NARGP,44,7.3,26.64441115699304
Branin-Fav,NARGP,44,7.4,26.64441115699304
Branin-Fav,NARGP,44,7.5,26.64441115699304
Branin-Fav,NARGP,44,8.5,26.64441115699304
Branin-Fav,NARGP,44,8.6,26.64441115699304
Branin-Fav,NARGP,44,8.7,26.64441115699304
Branin-Fav,NARGP,44,8.8,26.64441115699304
Branin-Fav,NARGP,44,8.9,26.64441115699304
Branin-Fav,NARGP,44,9.0,26.64441115699304
Branin-Fav,NARGP,44,9.1,26.64441115699304
Branin-Fav,NARGP,44,9.2,26.64441115699304
Branin-Fav,NARGP,44,9.3,26.64441115699304
Branin-Fav,NARGP,44,9.4,26.64441115699304
Branin-Fav,NARGP,44,9.5,26.64441115699304
Branin-Fav,NARGP,44,10.5,26.64441115699304
Branin-Fav,NARGP,44,10.6,26.64441115699304
Branin-Fav,NARGP,44,10.7,26.64441115699304
Branin-Fav,NARGP,44,10.8,26.64441115699304
Branin-Fav,NARGP,44,10.9,26.64441115699304
Branin-Fav,NARGP,44,11.0,26.64441115699304
Branin-Fav,NARGP,44,11.1,26.64441115699304
Branin-Fav,NARGP,44,11.2,26.64441115699304
Branin-Fav,NARGP,44,11.3,26.64441115699304
Branin-Fav,NARGP,44,11.4,26.64441115699304
Branin-Fav,NARGP,44,11.5,26.64441115699304
Branin-Fav,NARGP,44,12.5,26.467241262375687
Branin-Fav,NARGP,44,12.6,26.467241262375687
Branin-Fav,NARGP,44,12.7,26.467241262375687
Branin-Fav,NARGP,44,12.8,26.467241262375687
Branin-Fav,NARGP,44,12.9,26.467241262375687
Branin-Fav,NARGP,44,13.0,26.467241262375687
Branin-Fav,NARGP,44,13.1,26.467241262375687
Branin-Fav,NARGP,44,13.2,26.467241262375687
Branin-Fav,NARGP,44,13.3,26.467241262375687
Branin-Fav,NARGP,44,13.4,26.467241262375687
Branin-Fav,NARGP,44,13.5,26.467241262375687
Branin-Fav,NARGP,44,14.5,26.467241262375687
Branin-Fav,NARGP,44,14.6,26.467241262375687
Branin-Fav,NARGP,44,14.7,26.467241262375687
Branin-Fav,NARGP,44,14.8,26.467241262375687
Branin-Fav,NARGP,44,14.9,26.467241262375687
Branin-Fav,NARGP,44,15.0,26.467241262375687
Branin-Fav,NARGP,44,15.1,26.467241262375687
Branin-Fav,NARGP,44,15.2,26.467241262375687
Branin-Fav,NARGP,44,15.3,26.467241262375687
Branin-Fav,NARGP,44,15.4,26.467241262375687
Branin-Fav,NARGP,44,15.5,26.467241262375687
Branin-Fav,NARGP,44,16.5,25.34004937828848
Branin-Fav,NARGP,44,16.6,25.34004937828848
Branin-Fav,NARGP,44,16.7,25.34004937828848
Branin-Fav,NARGP,44,16.8,25.34004937828848
Branin-Fav,NARGP,44,16.9,25.34004937828848
Branin-Fav,NARGP,44,17.0,25.34004937828848
Branin-Fav,NARGP,44,17.1,25.34004937828848
Branin-Fav,NARGP,44,17.2,25.34004937828848
Branin-Fav,NARGP,44,17.3,25.34004937828848
Branin-Fav,NARGP,44,17.4,25.34004937828848
Branin-Fav,NARGP,44,17.5,25.34004937828848
Branin-Fav,NARGP,44,18.5,25.34004937828848
Branin-Fav,NARGP,44,18.6,25.34004937828848
Branin-Fav,NARGP,44,18.7,25.34004937828848
Branin-Fav,NARGP,44,18.8,25.34004937828848
Branin-Fav,NARGP,44,18.9,25.34004937828848
Branin-Fav,NARGP,44,19.0,25.34004937828848
Branin-Fav,NARGP,44,19.1,25.34004937828848
Branin-Fav,NARGP,44,19.2,25.34004937828848
Branin-Fav,NARGP,44,19.3,25.34004937828848
Branin-Fav,NARGP,44,19.4,25.34004937828848
Branin-Fav,NARGP,44,19.5,25.34004937828848
Branin-Fav,NARGP,44,20.5,25.34004937828848
Branin-Fav,NARGP,44,20.6,25.34004937828848
Branin-Fav,NARGP,44,20.7,25.34004937828848
Branin-Fav,NARGP,44,20.8,25.34004937828848
Branin-Fav,NARGP,44,20.9,25.34004937828848
Branin-Fav,NARGP,44,21.0,25.34004937828848
Branin-Fav,NARGP,44,21.1,25.34004937828848
Branin-Fav,NARGP,44,21.2,25.34004937828848
Branin-Fav,NARGP,44,21.3,25.34004937828848
Branin-Fav,NARGP,44,21.4,25.34004937828848
Branin-Fav,NARGP,44,21.5,25.34004937828848
Branin-Fav,NARGP,44,22.5,25.34004937828848
Branin-Fav,NARGP,44,22.6,25.34004937828848
Branin-Fav,NARGP,44,22.7,25.34004937828848
Branin-Fav,NARGP,44,22.8,25.34004937828848
Branin-Fav,NARGP,44,22.9,25.34004937828848
Branin-Fav,NARGP,44,23.0,25.34004937828848
Branin-Fav,NARGP,44,23.1,25.34004937828848
Branin-Fav,NARGP,44,23.2,25.34004937828848
Branin-Fav,NARGP,44,23.3,25.34004937828848
Branin-Fav,NARGP,44,23.4,25.34004937828848
Branin-Fav,NARGP,44,23.5,25.34004937828848
Branin-Fav,NARGP,44,24.5,22.53919014963588
Branin-Fav,NARGP,44,24.6,22.53919014963588
Branin-Fav,NARGP,44,24.7,22.53919014963588
Branin-Fav,NARGP,44,24.8,22.53919014963588
Branin-Fav,NARGP,44,24.9,22.53919014963588
Branin-Fav,NARGP,44,25.0,22.53919014963588
Branin-Fav,NARGP,44,25.1,22.53919014963588
Branin-Fav,NARGP,44,25.2,22.53919014963588
Branin-Fav,NARGP,44,25.3,22.53919014963588
Branin-Fav,NARGP,44,25.4,22.53919014963588
Branin-Fav,NARGP,44,25.5,22.53919014963588
Branin-Fav,NARGP,44,26.5,21.090393185315413
Branin-Fav,NARGP,44,26.6,21.090393185315413
Branin-Fav,NARGP,44,26.7,21.090393185315413
Branin-Fav,NARGP,44,26.8,21.090393185315413
Branin-Fav,NARGP,44,26.9,21.090393185315413
Branin-Fav,NARGP,44,27.0,21.090393185315413
Branin-Fav,NARGP,44,27.1,21.090393185315413
Branin-Fav,NARGP,44,27.2,21.090393185315413
Branin-Fav,NARGP,44,27.3,21.090393185315413
Branin-Fav,NARGP,44,27.4,21.090393185315413
Branin-Fav,NARGP,44,27.5,21.090393185315413
Branin-Fav,NARGP,44,28.5,19.31017538399542
Branin-Fav,NARGP,44,28.6,19.31017538399542
Branin-Fav,NARGP,44,28.7,19.31017538399542
Branin-Fav,NARGP,44,28.8,19.31017538399542
Branin-Fav,NARGP,44,28.9,19.31017538399542
Branin-Fav,NARGP,44,29.0,19.31017538399542
Branin-Fav,NARGP,44,29.1,19.31017538399542
Branin-Fav,NARGP,44,29.2,19.31017538399542
Branin-Fav,NARGP,44,29.3,19.31017538399542
Branin-Fav,NARGP,44,29.4,19.31017538399542
Branin-Fav,NARGP,44,29.5,19.31017538399542
Branin-Fav,NARGP,44,30.5,17.44100005535075
Branin-Fav,NARGP,44,30.6,17.44100005535075
Branin-Fav,NARGP,44,30.7,17.44100005535075
Branin-Fav,NARGP,44,30.8,17.44100005535075
Branin-Fav,NARGP,44,30.9,17.44100005535075
Branin-Fav,NARGP,44,31.0,17.44100005535075
Branin-Fav,NARGP,44,31.1,17.44100005535075
Branin-Fav,NARGP,44,31.2,17.44100005535075
Branin-Fav,NARGP,44,31.3,17.44100005535075
Branin-Fav,NARGP,44,31.4,17.44100005535075
Branin-Fav,NARGP,44,31.5,17.44100005535075
Branin-Fav,NARGP,44,32.5,15.72858540670977
Branin-Fav,NARGP,44,32.6,15.72858540670977
Branin-Fav,NARGP,44,32.7,15.72858540670977
Branin-Fav,NARGP,44,32.8,15.72858540670977
Branin-Fav,NARGP,44,32.9,15.72858540670977
Branin-Fav,NARGP,44,33.0,15.72858540670977
Branin-Fav,NARGP,44,33.1,15.72858540670977
Branin-Fav,NARGP,44,33.2,15.72858540670977
Branin-Fav,NARGP,44,33.3,15.72858540670977
Branin-Fav,NARGP,44,33.4,15.72858540670977
Branin-Fav,NARGP,44,33.5,15.72858540670977
Branin-Fav,NARGP,44,34.5,14.396899016480146
Branin-Fav,NARGP,44,34.6,14.396899016480146
Branin-Fav,NARGP,44,34.7,14.396899016480146
Branin-Fav,NARGP,44,34.8,14.396899016480146
Branin-Fav,NARGP,44,34.9,14.396899016480146
Branin-Fav,NARGP,44,35.0,14.396899016480146
Branin-Fav,NARGP,44,35.1,14.396899016480146
Branin-Fav,NARGP,44,35.2,14.396899016480146
Branin-Fav,NARGP,44,35.3,14.396899016480146
Branin-Fav,NARGP,44,35.4,14.396899016480146
Branin-Fav,NARGP,44,35.5,14.396899016480146
Branin-Fav,NARGP,44,36.5,11.26988063893439
Branin-Fav,NARGP,44,36.6,11.26988063893439
Branin-Fav,NARGP,44,36.7,11.26988063893439
Branin-Fav,NARGP,44,36.8,11.26988063893439
Branin-Fav,NARGP,44,36.9,11.26988063893439
Branin-Fav,NARGP,44,37.0,11.26988063893439
Branin-Fav,NARGP,44,37.1,11.26988063893439
Branin-Fav,NARGP,44,37.2,11.26988063893439
Branin-Fav,NARGP,44,37.3,11.26988063893439
Branin-Fav,NARGP,44,37.4,11.26988063893439
Branin-Fav,NARGP,44,37.5,11.26988063893439
Branin-Fav,NARGP,44,38.5,11.26988063893439
Branin-Fav,NARGP,44,38.6,11.26988063893439
Branin-Fav,NARGP,44,38.7,11.26988063893439
Branin-Fav,NARGP,44,38.8,11.26988063893439
Branin-Fav,NARGP,44,38.9,11.26988063893439
Branin-Fav,NARGP,44,39.0,11.26988063893439
Branin-Fav,NARGP,44,39.1,11.26988063893439
Branin-Fav,NARGP,44,39.2,11.26988063893439
Branin-Fav,NARGP,44,39.3,11.26988063893439
Branin-Fav,NARGP,44,39.4,11.26988063893439
Branin-Fav,NARGP,44,39.5,11.26988063893439
Branin-Fav,NARGP,44,40.5,11.26988063893439
Branin-Fav,NARGP,44,40.6,11.26988063893439
Branin-Fav,NARGP,44,40.7,11.26988063893439
Branin-Fav,NARGP,44,40.8,11.26988063893439
Branin-Fav,NARGP,44,40.9,11.26988063893439
Branin-Fav,NARGP,44,41.0,11.26988063893439
Branin-Fav,NARGP,44,41.1,11.26988063893439
Branin-Fav,NARGP,44,41.2,11.26988063893439
Branin-Fav,NARGP,44,41.3,11.26988063893439
Branin-Fav,NARGP,44,41.4,11.26988063893439
Branin-Fav,NARGP,44,41.5,11.26988063893439
Branin-Fav,NARGP,44,42.5,11.26988063893439
Branin-Fav,NARGP,44,42.6,11.26988063893439
Branin-Fav,NARGP,44,42.7,11.26988063893439
Branin-Fav,NARGP,44,42.8,11.26988063893439
Branin-Fav,NARGP,44,42.9,11.26988063893439
Branin-Fav,NARGP,44,43.0,11.26988063893439
Branin-Fav,NARGP,44,43.1,11.26988063893439
Branin-Fav,NARGP,44,43.2,11.26988063893439
Branin-Fav,NARGP,44,43.3,11.26988063893439
Branin-Fav,NARGP,44,43.4,11.26988063893439
Branin-Fav,NARGP,44,43.5,11.26988063893439
Branin-Fav,NARGP,44,44.5,9.979872001695943
Branin-Fav,NARGP,44,44.6,9.979872001695943
Branin-Fav,NARGP,44,44.7,9.979872001695943
Branin-Fav,NARGP,44,44.8,9.979872001695943
Branin-Fav,NARGP,44,44.9,9.979872001695943
Branin-Fav,NARGP,44,45.0,9.979872001695943
Branin-Fav,NARGP,44,45.1,9.979872001695943
Branin-Fav,NARGP,44,45.2,9.979872001695943
Branin-Fav,NARGP,44,45.3,9.979872001695943
Branin-Fav,NARGP,44,45.4,9.979872001695943
Branin-Fav,NARGP,44,45.5,9.979872001695943
Branin-Fav,NARGP,44,46.5,9.453698302264888
Branin-Fav,NARGP,44,46.6,9.453698302264888
Branin-Fav,NARGP,44,46.7,9.453698302264888
Branin-Fav,NARGP,44,46.8,9.453698302264888
Branin-Fav,NARGP,44,46.9,9.453698302264888
Branin-Fav,NARGP,44,47.0,9.453698302264888
Branin-Fav,NARGP,44,47.1,9.453698302264888
Branin-Fav,NARGP,44,47.2,9.453698302264888
Branin-Fav,NARGP,44,47.3,9.453698302264888
Branin-Fav,NARGP,44,47.4,9.453698302264888
Branin-Fav,NARGP,44,47.5,9.453698302264888
Branin-Fav,NARGP,44,48.5,9.453698302264888
Branin-Fav,NARGP,44,48.6,9.453698302264888
Branin-Fav,NARGP,44,48.7,9.453698302264888
Branin-Fav,NARGP,44,48.8,9.453698302264888
Branin-Fav,NARGP,44,48.9,9.453698302264888
Branin-Fav,NARGP,44,49.0,9.453698302264888
Branin-Fav,NARGP,44,49.1,9.453698302264888
Branin-Fav,NARGP,44,49.2,9.453698302264888
Branin-Fav,NARGP,44,49.3,9.453698302264888
Branin-Fav,NARGP,44,49.4,9.453698302264888
Branin-Fav,NARGP,44,49.5,9.453698302264888
Branin-Fav,NARGP,44,49.6,9.453698302264888
Branin-Fav,NARGP,44,49.7,9.453698302264888
Branin-Fav,NARGP,44,49.8,9.453698302264888
Branin-Fav,NARGP,44,49.9,9.453698302264888
Branin-Fav,NARGP,45,4.5,19.4736521956608
Branin-Fav,NARGP,45,4.6,19.4736521956608
Branin-Fav,NARGP,45,4.7,19.4736521956608
Branin-Fav,NARGP,45,4.8,19.4736521956608
Branin-Fav,NARGP,45,4.9,19.4736521956608
Branin-Fav,NARGP,45,5.0,19.4736521956608
Branin-Fav,NARGP,45,5.1,19.4736521956608
Branin-Fav,NARGP,45,5.2,19.4736521956608
Branin-Fav,NARGP,45,5.3,19.4736521956608
Branin-Fav,NARGP,45,5.4,19.4736521956608
Branin-Fav,NARGP,45,5.5,19.4736521956608
Branin-Fav,NARGP,45,6.5,19.14937875005756
Branin-Fav,NARGP,45,6.6,19.14937875005756
Branin-Fav,NARGP,45,6.7,19.14937875005756
Branin-Fav,NARGP,45,6.8,19.14937875005756
Branin-Fav,NARGP,45,6.9,19.14937875005756
Branin-Fav,NARGP,45,7.0,19.14937875005756
Branin-Fav,NARGP,45,7.1,19.14937875005756
Branin-Fav,NARGP,45,7.2,19.14937875005756
Branin-Fav,NARGP,45,7.3,19.14937875005756
Branin-Fav,NARGP,45,7.4,19.14937875005756
Branin-Fav,NARGP,45,7.5,19.14937875005756
Branin-Fav,NARGP,45,8.5,19.14937875005756
Branin-Fav,NARGP,45,8.6,19.14937875005756
Branin-Fav,NARGP,45,8.7,19.14937875005756
Branin-Fav,NARGP,45,8.8,19.14937875005756
Branin-Fav,NARGP,45,8.9,19.14937875005756
Branin-Fav,NARGP,45,9.0,19.14937875005756
Branin-Fav,NARGP,45,9.1,19.14937875005756
Branin-Fav,NARGP,45,9.2,19.14937875005756
Branin-Fav,NARGP,45,9.3,19.14937875005756
Branin-Fav,NARGP,45,9.4,19.14937875005756
Branin-Fav,NARGP,45,9.5,19.14937875005756
Branin-Fav,NARGP,45,10.5,19.14937875005756
Branin-Fav,NARGP,45,10.6,19.14937875005756
Branin-Fav,NARGP,45,10.7,19.14937875005756
Branin-Fav,NARGP,45,10.8,19.14937875005756
Branin-Fav,NARGP,45,10.9,19.14937875005756
Branin-Fav,NARGP,45,11.0,19.14937875005756
Branin-Fav,NARGP,45,11.1,19.14937875005756
Branin-Fav,NARGP,45,11.2,19.14937875005756
Branin-Fav,NARGP,45,11.3,19.14937875005756
Branin-Fav,NARGP,45,11.4,19.14937875005756
Branin-Fav,NARGP,45,11.5,19.14937875005756
Branin-Fav,NARGP,45,12.5,19.14937875005756
Branin-Fav,NARGP,45,12.6,19.14937875005756
Branin-Fav,NARGP,45,12.7,19.14937875005756
Branin-Fav,NARGP,45,12.8,19.14937875005756
Branin-Fav,NARGP,45,12.9,19.14937875005756
Branin-Fav,NARGP,45,13.0,19.14937875005756
Branin-Fav,NARGP,45,13.1,19.14937875005756
Branin-Fav,NARGP,45,13.2,19.14937875005756
Branin-Fav,NARGP,45,13.3,19.14937875005756
Branin-Fav,NARGP,45,13.4,19.14937875005756
Branin-Fav,NARGP,45,13.5,19.14937875005756
Branin-Fav,NARGP,45,14.5,19.14937875005756
Branin-Fav,NARGP,45,14.6,19.14937875005756
Branin-Fav,NARGP,45,14.7,19.14937875005756
Branin-Fav,NARGP,45,14.8,19.14937875005756
Branin-Fav,NARGP,45,14.9,19.14937875005756
Branin-Fav,NARGP,45,15.0,19.14937875005756
Branin-Fav,NARGP,45,15.1,19.14937875005756
Branin-Fav,NARGP,45,15.2,19.14937875005756
Branin-Fav,NARGP,45,15.3,19.14937875005756
Branin-Fav,NARGP,45,15.4,19.14937875005756
Branin-Fav,NARGP,45,15.5,19.14937875005756
Branin-Fav,NARGP,45,16.5,19.14937875005756
Branin-Fav,NARGP,45,16.6,19.14937875005756
Branin-Fav,NARGP,45,16.7,19.14937875005756
Branin-Fav,NARGP,45,16.8,19.14937875005756
Branin-Fav,NARGP,45,16.9,19.14937875005756
Branin-Fav,NARGP,45,17.0,19.14937875005756
Branin-Fav,NARGP,45,17.1,19.14937875005756
Branin-Fav,NARGP,45,17.2,19.14937875005756
Branin-Fav,NARGP,45,17.3,19.14937875005756
Branin-Fav,NARGP,45,17.4,19.14937875005756
Branin-Fav,NARGP,45,17.5,19.14937875005756
Branin-Fav,NARGP,45,18.5,19.13951544003405
Branin-Fav,NARGP,45,18.6,19.13951544003405
Branin-Fav,NARGP,45,18.7,19.13951544003405
Branin-Fav,NARGP,45,18.8,19.13951544003405
Branin-Fav,NARGP,45,18.9,19.13951544003405
Branin-Fav,NARGP,45,19.0,19.13951544003405
Branin-Fav,NARGP,45,19.1,19.13951544003405
Branin-Fav,NARGP,45,19.2,19.13951544003405
Branin-Fav,NARGP,45,19.3,19.13951544003405
Branin-Fav,NARGP,45,19.4,19.13951544003405
Branin-Fav,NARGP,45,19.5,19.13951544003405
Branin-Fav,NARGP,45,20.5,19.016780934243265
Branin-Fav,NARGP,45,20.6,19.016780934243265
Branin-Fav,NARGP,45,20.7,19.016780934243265
Branin-Fav,NARGP,45,20.8,19.016780934243265
Branin-Fav,NARGP,45,20.9,19.016780934243265
Branin-Fav,NARGP,45,21.0,19.016780934243265
Branin-Fav,NARGP,45,21.1,19.016780934243265
Branin-Fav,NARGP,45,21.2,19.016780934243265
Branin-Fav,NARGP,45,21.3,19.016780934243265
Branin-Fav,NARGP,45,21.4,19.016780934243265
Branin-Fav,NARGP,45,21.5,19.016780934243265
Branin-Fav,NARGP,45,22.5,18.328426013469887
Branin-Fav,NARGP,45,22.6,18.328426013469887
Branin-Fav,NARGP,45,22.7,18.328426013469887
Branin-Fav,NARGP,45,22.8,18.328426013469887
Branin-Fav,NARGP,45,22.9,18.328426013469887
Branin-Fav,NARGP,45,23.0,18.328426013469887
Branin-Fav,NARGP,45,23.1,18.328426013469887
Branin-Fav,NARGP,45,23.2,18.328426013469887
Branin-Fav,NARGP,45,23.3,18.328426013469887
Branin-Fav,NARGP,45,23.4,18.328426013469887
Branin-Fav,NARGP,45,23.5,18.328426013469887
Branin-Fav,NARGP,45,24.5,18.328426013469887
Branin-Fav,NARGP,45,24.6,18.328426013469887
Branin-Fav,NARGP,45,24.7,18.328426013469887
Branin-Fav,NARGP,45,24.8,18.328426013469887
Branin-Fav,NARGP,45,24.9,18.328426013469887
Branin-Fav,NARGP,45,25.0,18.328426013469887
Branin-Fav,NARGP,45,25.1,18.328426013469887
Branin-Fav,NARGP,45,25.2,18.328426013469887
Branin-Fav,NARGP,45,25.3,18.328426013469887
Branin-Fav,NARGP,45,25.4,18.328426013469887
Branin-Fav,NARGP,45,25.5,18.328426013469887
Branin-Fav,NARGP,45,26.5,18.328426013469887
Branin-Fav,NARGP,45,26.6,18.328426013469887
Branin-Fav,NARGP,45,26.7,18.328426013469887
Branin-Fav,NARGP,45,26.8,18.328426013469887
Branin-Fav,NARGP,45,26.9,18.328426013469887
Branin-Fav,NARGP,45,27.0,18.328426013469887
Branin-Fav,NARGP,45,27.1,18.328426013469887
Branin-Fav,NARGP,45,27.2,18.328426013469887
Branin-Fav,NARGP,45,27.3,18.328426013469887
Branin-Fav,NARGP,45,27.4,18.328426013469887
Branin-Fav,NARGP,45,27.5,18.328426013469887
Branin-Fav,NARGP,45,28.5,18.328426013469887
Branin-Fav,NARGP,45,28.6,18.328426013469887
Branin-Fav,NARGP,45,28.7,18.328426013469887
Branin-Fav,NARGP,45,28.8,18.328426013469887
Branin-Fav,NARGP,45,28.9,18.328426013469887
Branin-Fav,NARGP,45,29.0,18.328426013469887
Branin-Fav,NARGP,45,29.1,18.328426013469887
Branin-Fav,NARGP,45,29.2,18.328426013469887
Branin-Fav,NARGP,45,29.3,18.328426013469887
Branin-Fav,NARGP,45,29.4,18.328426013469887
Branin-Fav,NARGP,45,29.5,18.328426013469887
Branin-Fav,NARGP,45,30.5,18.328426013469887
Branin-Fav,NARGP,45,30.6,18.328426013469887
Branin-Fav,NARGP,45,30.7,18.328426013469887
Branin-Fav,NARGP,45,30.8,18.328426013469887
Branin-Fav,NARGP,45,30.9,18.328426013469887
Branin-Fav,NARGP,45,31.0,18.328426013469887
Branin-Fav,NARGP,45,31.1,18.328426013469887
Branin-Fav,NARGP,45,31.2,18.328426013469887
Branin-Fav,NARGP,45,31.3,18.328426013469887
Branin-Fav,NARGP,45,31.4,18.328426013469887
Branin-Fav,NARGP,45,31.5,18.328426013469887
Branin-Fav,NARGP,45,32.5,17.95580729186861
Branin-Fav,NARGP,45,32.6,17.95580729186861
Branin-Fav,NARGP,45,32.7,17.95580729186861
Branin-Fav,NARGP,45,32.8,17.95580729186861
Branin-Fav,NARGP,45,32.9,17.95580729186861
Branin-Fav,NARGP,45,33.0,17.95580729186861
Branin-Fav,NARGP,45,33.1,17.95580729186861
Branin-Fav,NARGP,45,33.2,17.95580729186861
Branin-Fav,NARGP,45,33.3,17.95580729186861
Branin-Fav,NARGP,45,33.4,17.95580729186861
Branin-Fav,NARGP,45,33.5,17.95580729186861
Branin-Fav,NARGP,45,34.5,17.95580729186861
Branin-Fav,NARGP,45,34.6,17.95580729186861
Branin-Fav,NARGP,45,34.7,17.95580729186861
Branin-Fav,NARGP,45,34.8,17.95580729186861
Branin-Fav,NARGP,45,34.9,17.95580729186861
Branin-Fav,NARGP,45,35.0,17.95580729186861
Branin-Fav,NARGP,45,35.1,17.95580729186861
Branin-Fav,NARGP,45,35.2,17.95580729186861
Branin-Fav,NARGP,45,35.3,17.95580729186861
Branin-Fav,NARGP,45,35.4,17.95580729186861
Branin-Fav,NARGP,45,35.5,17.95580729186861
Branin-Fav,NARGP,45,36.5,17.68103506304078
Branin-Fav,NARGP,45,36.6,17.68103506304078
Branin-Fav,NARGP,45,36.7,17.68103506304078
Branin-Fav,NARGP,45,36.8,17.68103506304078
Branin-Fav,NARGP,45,36.9,17.68103506304078
Branin-Fav,NARGP,45,37.0,17.68103506304078
Branin-Fav,NARGP,45,37.1,17.68103506304078
Branin-Fav,NARGP,45,37.2,17.68103506304078
Branin-Fav,NARGP,45,37.3,17.68103506304078
Branin-Fav,NARGP,45,37.4,17.68103506304078
Branin-Fav,NARGP,45,37.5,17.68103506304078
Branin-Fav,NARGP,45,38.5,16.99448473690878
Branin-Fav,NARGP,45,38.6,16.99448473690878
Branin-Fav,NARGP,45,38.7,16.99448473690878
Branin-Fav,NARGP,45,38.8,16.99448473690878
Branin-Fav,NARGP,45,38.9,16.99448473690878
Branin-Fav,NARGP,45,39.0,16.99448473690878
Branin-Fav,NARGP,45,39.1,16.99448473690878
Branin-Fav,NARGP,45,39.2,16.99448473690878
Branin-Fav,NARGP,45,39.3,16.99448473690878
Branin-Fav,NARGP,45,39.4,16.99448473690878
Branin-Fav,NARGP,45,39.5,16.99448473690878
Branin-Fav,NARGP,45,40.5,15.60575814046726
Branin-Fav,NARGP,45,40.6,15.60575814046726
Branin-Fav,NARGP,45,40.7,15.60575814046726
Branin-Fav,NARGP,45,40.8,15.60575814046726
Branin-Fav,NARGP,45,40.9,15.60575814046726
Branin-Fav,NARGP,45,41.0,15.60575814046726
Branin-Fav,NARGP,45,41.1,15.60575814046726
Branin-Fav,NARGP,45,41.2,15.60575814046726
Branin-Fav,NARGP,45,41.3,15.60575814046726
Branin-Fav,NARGP,45,41.4,15.60575814046726
Branin-Fav,NARGP,45,41.5,15.60575814046726
Branin-Fav,NARGP,45,42.5,15.60575814046726
Branin-Fav,NARGP,45,42.6,15.60575814046726
Branin-Fav,NARGP,45,42.7,15.60575814046726
Branin-Fav,NARGP,45,42.8,15.60575814046726
Branin-Fav,NARGP,45,42.9,15.60575814046726
Branin-Fav,NARGP,45,43.0,15.60575814046726
Branin-Fav,NARGP,45,43.1,15.60575814046726
Branin-Fav,NARGP,45,43.2,15.60575814046726
Branin-Fav,NARGP,45,43.3,15.60575814046726
Branin-Fav,NARGP,45,43.4,15.60575814046726
Branin-Fav,NARGP,45,43.5,15.60575814046726
Branin-Fav,NARGP,45,44.5,15.60575814046726
Branin-Fav,NARGP,45,44.6,15.60575814046726
Branin-Fav,NARGP,45,44.7,15.60575814046726
Branin-Fav,NARGP,45,44.8,15.60575814046726
Branin-Fav,NARGP,45,44.9,15.60575814046726
Branin-Fav,NARGP,45,45.0,15.60575814046726
Branin-Fav,NARGP,45,45.1,15.60575814046726
Branin-Fav,NARGP,45,45.2,15.60575814046726
Branin-Fav,NARGP,45,45.3,15.60575814046726
Branin-Fav,NARGP,45,45.4,15.60575814046726
Branin-Fav,NARGP,45,45.5,15.60575814046726
Branin-Fav,NARGP,45,46.5,15.469435132186325
Branin-Fav,NARGP,45,46.6,15.469435132186325
Branin-Fav,NARGP,45,46.7,15.469435132186325
Branin-Fav,NARGP,45,46.8,15.469435132186325
Branin-Fav,NARGP,45,46.9,15.469435132186325
Branin-Fav,NARGP,45,47.0,15.469435132186325
Branin-Fav,NARGP,45,47.1,15.469435132186325
Branin-Fav,NARGP,45,47.2,15.469435132186325
Branin-Fav,NARGP,45,47.3,15.469435132186325
Branin-Fav,NARGP,45,47.4,15.469435132186325
Branin-Fav,NARGP,45,47.5,15.469435132186325
Branin-Fav,NARGP,45,48.5,14.264403914059088
Branin-Fav,NARGP,45,48.6,14.264403914059088
Branin-Fav,NARGP,45,48.7,14.264403914059088
Branin-Fav,NARGP,45,48.8,14.264403914059088
Branin-Fav,NARGP,45,48.9,14.264403914059088
Branin-Fav,NARGP,45,49.0,14.264403914059088
Branin-Fav,NARGP,45,49.1,14.264403914059088
Branin-Fav,NARGP,45,49.2,14.264403914059088
Branin-Fav,NARGP,45,49.3,14.264403914059088
Branin-Fav,NARGP,45,49.4,14.264403914059088
Branin-Fav,NARGP,45,49.5,14.264403914059088
Branin-Fav,NARGP,45,49.6,14.264403914059088
Branin-Fav,NARGP,45,49.7,14.264403914059088
Branin-Fav,NARGP,45,49.8,14.264403914059088
Branin-Fav,NARGP,45,49.9,14.264403914059088
Branin-Fav,NARGP,46,4.5,41.31070342471086
Branin-Fav,NARGP,46,4.6,41.31070342471086
Branin-Fav,NARGP,46,4.7,41.31070342471086
Branin-Fav,NARGP,46,4.8,41.31070342471086
Branin-Fav,NARGP,46,4.9,41.31070342471086
Branin-Fav,NARGP,46,5.0,41.31070342471086
Branin-Fav,NARGP,46,5.1,41.31070342471086
Branin-Fav,NARGP,46,5.2,41.31070342471086
Branin-Fav,NARGP,46,5.3,41.31070342471086
Branin-Fav,NARGP,46,5.4,41.31070342471086
Branin-Fav,NARGP,46,5.5,41.31070342471086
Branin-Fav,NARGP,46,6.5,41.31070342471086
Branin-Fav,NARGP,46,6.6,41.31070342471086
Branin-Fav,NARGP,46,6.7,41.31070342471086
Branin-Fav,NARGP,46,6.8,41.31070342471086
Branin-Fav,NARGP,46,6.9,41.31070342471086
Branin-Fav,NARGP,46,7.0,41.31070342471086
Branin-Fav,NARGP,46,7.1,41.31070342471086
Branin-Fav,NARGP,46,7.2,41.31070342471086
Branin-Fav,NARGP,46,7.3,41.31070342471086
Branin-Fav,NARGP,46,7.4,41.31070342471086
Branin-Fav,NARGP,46,7.5,41.31070342471086
Branin-Fav,NARGP,46,8.5,37.48741241280442
Branin-Fav,NARGP,46,8.6,37.48741241280442
Branin-Fav,NARGP,46,8.7,37.48741241280442
Branin-Fav,NARGP,46,8.8,37.48741241280442
Branin-Fav,NARGP,46,8.9,37.48741241280442
Branin-Fav,NARGP,46,9.0,37.48741241280442
Branin-Fav,NARGP,46,9.1,37.48741241280442
Branin-Fav,NARGP,46,9.2,37.48741241280442
Branin-Fav,NARGP,46,9.3,37.48741241280442
Branin-Fav,NARGP,46,9.4,37.48741241280442
Branin-Fav,NARGP,46,9.5,37.48741241280442
Branin-Fav,NARGP,46,10.5,37.48741241280442
Branin-Fav,NARGP,46,10.6,37.48741241280442
Branin-Fav,NARGP,46,10.7,37.48741241280442
Branin-Fav,NARGP,46,10.8,37.48741241280442
Branin-Fav,NARGP,46,10.9,37.48741241280442
Branin-Fav,NARGP,46,11.0,37.48741241280442
Branin-Fav,NARGP,46,11.1,37.48741241280442
Branin-Fav,NARGP,46,11.2,37.48741241280442
Branin-Fav,NARGP,46,11.3,37.48741241280442
Branin-Fav,NARGP,46,11.4,37.48741241280442
Branin-Fav,NARGP,46,11.5,37.48741241280442
Branin-Fav,NARGP,46,12.5,37.48741241280442
Branin-Fav,NARGP,46,12.6,37.48741241280442
Branin-Fav,NARGP,46,12.7,37.48741241280442
Branin-Fav,NARGP,46,12.8,37.48741241280442
Branin-Fav,NARGP,46,12.9,37.48741241280442
Branin-Fav,NARGP,46,13.0,37.48741241280442
Branin-Fav,NARGP,46,13.1,37.48741241280442
Branin-Fav,NARGP,46,13.2,37.48741241280442
Branin-Fav,NARGP,46,13.3,37.48741241280442
Branin-Fav,NARGP,46,13.4,37.48741241280442
Branin-Fav,NARGP,46,13.5,37.48741241280442
Branin-Fav,NARGP,46,14.5,37.48741241280442
Branin-Fav,NARGP,46,14.6,37.48741241280442
Branin-Fav,NARGP,46,14.7,37.48741241280442
Branin-Fav,NARGP,46,14.8,37.48741241280442
Branin-Fav,NARGP,46,14.9,37.48741241280442
Branin-Fav,NARGP,46,15.0,37.48741241280442
Branin-Fav,NARGP,46,15.1,37.48741241280442
Branin-Fav,NARGP,46,15.2,37.48741241280442
Branin-Fav,NARGP,46,15.3,37.48741241280442
Branin-Fav,NARGP,46,15.4,37.48741241280442
Branin-Fav,NARGP,46,15.5,37.48741241280442
Branin-Fav,NARGP,46,16.5,37.48741241280442
Branin-Fav,NARGP,46,16.6,37.48741241280442
Branin-Fav,NARGP,46,16.7,37.48741241280442
Branin-Fav,NARGP,46,16.8,37.48741241280442
Branin-Fav,NARGP,46,16.9,37.48741241280442
Branin-Fav,NARGP,46,17.0,37.48741241280442
Branin-Fav,NARGP,46,17.1,37.48741241280442
Branin-Fav,NARGP,46,17.2,37.48741241280442
Branin-Fav,NARGP,46,17.3,37.48741241280442
Branin-Fav,NARGP,46,17.4,37.48741241280442
Branin-Fav,NARGP,46,17.5,37.48741241280442
Branin-Fav,NARGP,46,18.5,37.48741241280442
Branin-Fav,NARGP,46,18.6,37.48741241280442
Branin-Fav,NARGP,46,18.7,37.48741241280442
Branin-Fav,NARGP,46,18.8,37.48741241280442
Branin-Fav,NARGP,46,18.9,37.48741241280442
Branin-Fav,NARGP,46,19.0,37.48741241280442
Branin-Fav,NARGP,46,19.1,37.48741241280442
Branin-Fav,NARGP,46,19.2,37.48741241280442
Branin-Fav,NARGP,46,19.3,37.48741241280442
Branin-Fav,NARGP,46,19.4,37.48741241280442
Branin-Fav,NARGP,46,19.5,37.48741241280442
Branin-Fav,NARGP,46,20.5,36.7677398996426
Branin-Fav,NARGP,46,20.6,36.7677398996426
Branin-Fav,NARGP,46,20.7,36.7677398996426
Branin-Fav,NARGP,46,20.8,36.7677398996426
Branin-Fav,NARGP,46,20.9,36.7677398996426
Branin-Fav,NARGP,46,21.0,36.7677398996426
Branin-Fav,NARGP,46,21.1,36.7677398996426
Branin-Fav,NARGP,46,21.2,36.7677398996426
Branin-Fav,NARGP,46,21.3,36.7677398996426
Branin-Fav,NARGP,46,21.4,36.7677398996426
Branin-Fav,NARGP,46,21.5,36.7677398996426
Branin-Fav,NARGP,46,22.5,36.63070767970886
Branin-Fav,NARGP,46,22.6,36.63070767970886
Branin-Fav,NARGP,46,22.7,36.63070767970886
Branin-Fav,NARGP,46,22.8,36.63070767970886
Branin-Fav,NARGP,46,22.9,36.63070767970886
Branin-Fav,NARGP,46,23.0,36.63070767970886
Branin-Fav,NARGP,46,23.1,36.63070767970886
Branin-Fav,NARGP,46,23.2,36.63070767970886
Branin-Fav,NARGP,46,23.3,36.63070767970886
Branin-Fav,NARGP,46,23.4,36.63070767970886
Branin-Fav,NARGP,46,23.5,36.63070767970886
Branin-Fav,NARGP,46,24.5,36.63070767970886
Branin-Fav,NARGP,46,24.6,36.63070767970886
Branin-Fav,NARGP,46,24.7,36.63070767970886
Branin-Fav,NARGP,46,24.8,36.63070767970886
Branin-Fav,NARGP,46,24.9,36.63070767970886
Branin-Fav,NARGP,46,25.0,36.63070767970886
Branin-Fav,NARGP,46,25.1,36.63070767970886
Branin-Fav,NARGP,46,25.2,36.63070767970886
Branin-Fav,NARGP,46,25.3,36.63070767970886
Branin-Fav,NARGP,46,25.4,36.63070767970886
Branin-Fav,NARGP,46,25.5,36.63070767970886
Branin-Fav,NARGP,46,26.5,36.63070767970886
Branin-Fav,NARGP,46,26.6,36.63070767970886
Branin-Fav,NARGP,46,26.7,36.63070767970886
Branin-Fav,NARGP,46,26.8,36.63070767970886
Branin-Fav,NARGP,46,26.9,36.63070767970886
Branin-Fav,NARGP,46,27.0,36.63070767970886
Branin-Fav,NARGP,46,27.1,36.63070767970886
Branin-Fav,NARGP,46,27.2,36.63070767970886
Branin-Fav,NARGP,46,27.3,36.63070767970886
Branin-Fav,NARGP,46,27.4,36.63070767970886
Branin-Fav,NARGP,46,27.5,36.63070767970886
Branin-Fav,NARGP,46,28.5,36.63070767970886
Branin-Fav,NARGP,46,28.6,36.63070767970886
Branin-Fav,NARGP,46,28.7,36.63070767970886
Branin-Fav,NARGP,46,28.8,36.63070767970886
Branin-Fav,NARGP,46,28.9,36.63070767970886
Branin-Fav,NARGP,46,29.0,36.63070767970886
Branin-Fav,NARGP,46,29.1,36.63070767970886
Branin-Fav,NARGP,46,29.2,36.63070767970886
Branin-Fav,NARGP,46,29.3,36.63070767970886
Branin-Fav,NARGP,46,29.4,36.63070767970886
Branin-Fav,NARGP,46,29.5,36.63070767970886
Branin-Fav,NARGP,46,30.5,36.2354061077507
Branin-Fav,NARGP,46,30.6,36.2354061077507
Branin-Fav,NARGP,46,30.7,36.2354061077507
Branin-Fav,NARGP,46,30.8,36.2354061077507
Branin-Fav,NARGP,46,30.9,36.2354061077507
Branin-Fav,NARGP,46,31.0,36.2354061077507
Branin-Fav,NARGP,46,31.1,36.2354061077507
Branin-Fav,NARGP,46,31.2,36.2354061077507
Branin-Fav,NARGP,46,31.3,36.2354061077507
Branin-Fav,NARGP,46,31.4,36.2354061077507
Branin-Fav,NARGP,46,31.5,36.2354061077507
Branin-Fav,NARGP,46,32.5,36.22053852250094
Branin-Fav,NARGP,46,32.6,36.22053852250094
Branin-Fav,NARGP,46,32.7,36.22053852250094
Branin-Fav,NARGP,46,32.8,36.22053852250094
Branin-Fav,NARGP,46,32.9,36.22053852250094
Branin-Fav,NARGP,46,33.0,36.22053852250094
Branin-Fav,NARGP,46,33.1,36.22053852250094
Branin-Fav,NARGP,46,33.2,36.22053852250094
Branin-Fav,NARGP,46,33.3,36.22053852250094
Branin-Fav,NARGP,46,33.4,36.22053852250094
Branin-Fav,NARGP,46,33.5,36.22053852250094
Branin-Fav,NARGP,46,34.5,36.22053852250094
Branin-Fav,NARGP,46,34.6,36.22053852250094
Branin-Fav,NARGP,46,34.7,36.22053852250094
Branin-Fav,NARGP,46,34.8,36.22053852250094
Branin-Fav,NARGP,46,34.9,36.22053852250094
Branin-Fav,NARGP,46,35.0,36.22053852250094
Branin-Fav,NARGP,46,35.1,36.22053852250094
Branin-Fav,NARGP,46,35.2,36.22053852250094
Branin-Fav,NARGP,46,35.3,36.22053852250094
Branin-Fav,NARGP,46,35.4,36.22053852250094
Branin-Fav,NARGP,46,35.5,36.22053852250094
Branin-Fav,NARGP,46,36.5,36.22053852250094
Branin-Fav,NARGP,46,36.6,36.22053852250094
Branin-Fav,NARGP,46,36.7,36.22053852250094
Branin-Fav,NARGP,46,36.8,36.22053852250094
Branin-Fav,NARGP,46,36.9,36.22053852250094
Branin-Fav,NARGP,46,37.0,36.22053852250094
Branin-Fav,NARGP,46,37.1,36.22053852250094
Branin-Fav,NARGP,46,37.2,36.22053852250094
Branin-Fav,NARGP,46,37.3,36.22053852250094
Branin-Fav,NARGP,46,37.4,36.22053852250094
Branin-Fav,NARGP,46,37.5,36.22053852250094
Branin-Fav,NARGP,46,38.5,35.31523733864276
Branin-Fav,NARGP,46,38.6,35.31523733864276
Branin-Fav,NARGP,46,38.7,35.31523733864276
Branin-Fav,NARGP,46,38.8,35.31523733864276
Branin-Fav,NARGP,46,38.9,35.31523733864276
Branin-Fav,NARGP,46,39.0,35.31523733864276
Branin-Fav,NARGP,46,39.1,35.31523733864276
Branin-Fav,NARGP,46,39.2,35.31523733864276
Branin-Fav,NARGP,46,39.3,35.31523733864276
Branin-Fav,NARGP,46,39.4,35.31523733864276
Branin-Fav,NARGP,46,39.5,35.31523733864276
Branin-Fav,NARGP,46,40.5,35.31523733864276
Branin-Fav,NARGP,46,40.6,35.31523733864276
Branin-Fav,NARGP,46,40.7,35.31523733864276
Branin-Fav,NARGP,46,40.8,35.31523733864276
Branin-Fav,NARGP,46,40.9,35.31523733864276
Branin-Fav,NARGP,46,41.0,35.31523733864276
Branin-Fav,NARGP,46,41.1,35.31523733864276
Branin-Fav,NARGP,46,41.2,35.31523733864276
Branin-Fav,NARGP,46,41.3,35.31523733864276
Branin-Fav,NARGP,46,41.4,35.31523733864276
Branin-Fav,NARGP,46,41.5,35.31523733864276
Branin-Fav,NARGP,46,42.5,35.31523733864276
Branin-Fav,NARGP,46,42.6,35.31523733864276
Branin-Fav,NARGP,46,42.7,35.31523733864276
Branin-Fav,NARGP,46,42.8,35.31523733864276
Branin-Fav,NARGP,46,42.9,35.31523733864276
Branin-Fav,NARGP,46,43.0,35.31523733864276
Branin-Fav,NARGP,46,43.1,35.31523733864276
Branin-Fav,NARGP,46,43.2,35.31523733864276
Branin-Fav,NARGP,46,43.3,35.31523733864276
Branin-Fav,NARGP,46,43.4,35.31523733864276
Branin-Fav,NARGP,46,43.5,35.31523733864276
Branin-Fav,NARGP,46,44.5,35.31523733864276
Branin-Fav,NARGP,46,44.6,35.31523733864276
Branin-Fav,NARGP,46,44.7,35.31523733864276
Branin-Fav,NARGP,46,44.8,35.31523733864276
Branin-Fav,NARGP,46,44.9,35.31523733864276
Branin-Fav,NARGP,46,45.0,35.31523733864276
Branin-Fav,NARGP,46,45.1,35.31523733864276
Branin-Fav,NARGP,46,45.2,35.31523733864276
Branin-Fav,NARGP,46,45.3,35.31523733864276
Branin-Fav,NARGP,46,45.4,35.31523733864276
Branin-Fav,NARGP,46,45.5,35.31523733864276
Branin-Fav,NARGP,46,46.5,34.00257266043849
Branin-Fav,NARGP,46,46.6,34.00257266043849
Branin-Fav,NARGP,46,46.7,34.00257266043849
Branin-Fav,NARGP,46,46.8,34.00257266043849
Branin-Fav,NARGP,46,46.9,34.00257266043849
Branin-Fav,NARGP,46,47.0,34.00257266043849
Branin-Fav,NARGP,46,47.1,34.00257266043849
Branin-Fav,NARGP,46,47.2,34.00257266043849
Branin-Fav,NARGP,46,47.3,34.00257266043849
Branin-Fav,NARGP,46,47.4,34.00257266043849
Branin-Fav,NARGP,46,47.5,34.00257266043849
Branin-Fav,NARGP,46,48.5,33.74412469117473
Branin-Fav,NARGP,46,48.6,33.74412469117473
Branin-Fav,NARGP,46,48.7,33.74412469117473
Branin-Fav,NARGP,46,48.8,33.74412469117473
Branin-Fav,NARGP,46,48.9,33.74412469117473
Branin-Fav,NARGP,46,49.0,33.74412469117473
Branin-Fav,NARGP,46,49.1,33.74412469117473
Branin-Fav,NARGP,46,49.2,33.74412469117473
Branin-Fav,NARGP,46,49.3,33.74412469117473
Branin-Fav,NARGP,46,49.4,33.74412469117473
Branin-Fav,NARGP,46,49.5,33.74412469117473
Branin-Fav,NARGP,46,49.6,33.74412469117473
Branin-Fav,NARGP,46,49.7,33.74412469117473
Branin-Fav,NARGP,46,49.8,33.74412469117473
Branin-Fav,NARGP,46,49.9,33.74412469117473
Branin-Fav,NARGP,47,4.5,30.732027563031828
Branin-Fav,NARGP,47,4.6,30.732027563031828
Branin-Fav,NARGP,47,4.7,30.732027563031828
Branin-Fav,NARGP,47,4.8,30.732027563031828
Branin-Fav,NARGP,47,4.9,30.732027563031828
Branin-Fav,NARGP,47,5.0,30.732027563031828
Branin-Fav,NARGP,47,5.1,30.732027563031828
Branin-Fav,NARGP,47,5.2,30.732027563031828
Branin-Fav,NARGP,47,5.3,30.732027563031828
Branin-Fav,NARGP,47,5.4,30.732027563031828
Branin-Fav,NARGP,47,5.5,30.732027563031828
Branin-Fav,NARGP,47,6.5,30.732027563031828
Branin-Fav,NARGP,47,6.6,30.732027563031828
Branin-Fav,NARGP,47,6.7,30.732027563031828
Branin-Fav,NARGP,47,6.8,30.732027563031828
Branin-Fav,NARGP,47,6.9,30.732027563031828
Branin-Fav,NARGP,47,7.0,30.732027563031828
Branin-Fav,NARGP,47,7.1,30.732027563031828
Branin-Fav,NARGP,47,7.2,30.732027563031828
Branin-Fav,NARGP,47,7.3,30.732027563031828
Branin-Fav,NARGP,47,7.4,30.732027563031828
Branin-Fav,NARGP,47,7.5,30.732027563031828
Branin-Fav,NARGP,47,8.5,30.732027563031828
Branin-Fav,NARGP,47,8.6,30.732027563031828
Branin-Fav,NARGP,47,8.7,30.732027563031828
Branin-Fav,NARGP,47,8.8,30.732027563031828
Branin-Fav,NARGP,47,8.9,30.732027563031828
Branin-Fav,NARGP,47,9.0,30.732027563031828
Branin-Fav,NARGP,47,9.1,30.732027563031828
Branin-Fav,NARGP,47,9.2,30.732027563031828
Branin-Fav,NARGP,47,9.3,30.732027563031828
Branin-Fav,NARGP,47,9.4,30.732027563031828
Branin-Fav,NARGP,47,9.5,30.732027563031828
Branin-Fav,NARGP,47,10.5,30.417804660858373
Branin-Fav,NARGP,47,10.6,30.417804660858373
Branin-Fav,NARGP,47,10.7,30.417804660858373
Branin-Fav,NARGP,47,10.8,30.417804660858373
Branin-Fav,NARGP,47,10.9,30.417804660858373
Branin-Fav,NARGP,47,11.0,30.417804660858373
Branin-Fav,NARGP,47,11.1,30.417804660858373
Branin-Fav,NARGP,47,11.2,30.417804660858373
Branin-Fav,NARGP,47,11.3,30.417804660858373
Branin-Fav,NARGP,47,11.4,30.417804660858373
Branin-Fav,NARGP,47,11.5,30.417804660858373
Branin-Fav,NARGP,47,12.5,27.13484041006657
Branin-Fav,NARGP,47,12.6,27.13484041006657
Branin-Fav,NARGP,47,12.7,27.13484041006657
Branin-Fav,NARGP,47,12.8,27.13484041006657
Branin-Fav,NARGP,47,12.9,27.13484041006657
Branin-Fav,NARGP,47,13.0,27.13484041006657
Branin-Fav,NARGP,47,13.1,27.13484041006657
Branin-Fav,NARGP,47,13.2,27.13484041006657
Branin-Fav,NARGP,47,13.3,27.13484041006657
Branin-Fav,NARGP,47,13.4,27.13484041006657
Branin-Fav,NARGP,47,13.5,27.13484041006657
Branin-Fav,NARGP,47,14.5,27.13484041006657
Branin-Fav,NARGP,47,14.6,27.13484041006657
Branin-Fav,NARGP,47,14.7,27.13484041006657
Branin-Fav,NARGP,47,14.8,27.13484041006657
Branin-Fav,NARGP,47,14.9,27.13484041006657
Branin-Fav,NARGP,47,15.0,27.13484041006657
Branin-Fav,NARGP,47,15.1,27.13484041006657
Branin-Fav,NARGP,47,15.2,27.13484041006657
Branin-Fav,NARGP,47,15.3,27.13484041006657
Branin-Fav,NARGP,47,15.4,27.13484041006657
Branin-Fav,NARGP,47,15.5,27.13484041006657
Branin-Fav,NARGP,47,16.5,27.13484041006657
Branin-Fav,NARGP,47,16.6,27.13484041006657
Branin-Fav,NARGP,47,16.7,27.13484041006657
Branin-Fav,NARGP,47,16.8,27.13484041006657
Branin-Fav,NARGP,47,16.9,27.13484041006657
Branin-Fav,NARGP,47,17.0,27.13484041006657
Branin-Fav,NARGP,47,17.1,27.13484041006657
Branin-Fav,NARGP,47,17.2,27.13484041006657
Branin-Fav,NARGP,47,17.3,27.13484041006657
Branin-Fav,NARGP,47,17.4,27.13484041006657
Branin-Fav,NARGP,47,17.5,27.13484041006657
Branin-Fav,NARGP,47,18.5,27.13484041006657
Branin-Fav,NARGP,47,18.6,27.13484041006657
Branin-Fav,NARGP,47,18.7,27.13484041006657
Branin-Fav,NARGP,47,18.8,27.13484041006657
Branin-Fav,NARGP,47,18.9,27.13484041006657
Branin-Fav,NARGP,47,19.0,27.13484041006657
Branin-Fav,NARGP,47,19.1,27.13484041006657
Branin-Fav,NARGP,47,19.2,27.13484041006657
Branin-Fav,NARGP,47,19.3,27.13484041006657
Branin-Fav,NARGP,47,19.4,27.13484041006657
Branin-Fav,NARGP,47,19.5,27.13484041006657
Branin-Fav,NARGP,47,20.5,27.13484041006657
Branin-Fav,NARGP,47,20.6,27.13484041006657
Branin-Fav,NARGP,47,20.7,27.13484041006657
Branin-Fav,NARGP,47,20.8,27.13484041006657
Branin-Fav,NARGP,47,20.9,27.13484041006657
Branin-Fav,NARGP,47,21.0,27.13484041006657
Branin-Fav,NARGP,47,21.1,27.13484041006657
Branin-Fav,NARGP,47,21.2,27.13484041006657
Branin-Fav,NARGP,47,21.3,27.13484041006657
Branin-Fav,NARGP,47,21.4,27.13484041006657
Branin-Fav,NARGP,47,21.5,27.13484041006657
Branin-Fav,NARGP,47,22.5,27.13484041006657
Branin-Fav,NARGP,47,22.6,27.13484041006657
Branin-Fav,NARGP,47,22.7,27.13484041006657
Branin-Fav,NARGP,47,22.8,27.13484041006657
Branin-Fav,NARGP,47,22.9,27.13484041006657
Branin-Fav,NARGP,47,23.0,27.13484041006657
Branin-Fav,NARGP,47,23.1,27.13484041006657
Branin-Fav,NARGP,47,23.2,27.13484041006657
Branin-Fav,NARGP,47,23.3,27.13484041006657
Branin-Fav,NARGP,47,23.4,27.13484041006657
Branin-Fav,NARGP,47,23.5,27.13484041006657
Branin-Fav,NARGP,47,24.5,26.102834717260382
Branin-Fav,NARGP,47,24.6,26.102834717260382
Branin-Fav,NARGP,47,24.7,26.102834717260382
Branin-Fav,NARGP,47,24.8,26.102834717260382
Branin-Fav,NARGP,47,24.9,26.102834717260382
Branin-Fav,NARGP,47,25.0,26.102834717260382
Branin-Fav,NARGP,47,25.1,26.102834717260382
Branin-Fav,NARGP,47,25.2,26.102834717260382
Branin-Fav,NARGP,47,25.3,26.102834717260382
Branin-Fav,NARGP,47,25.4,26.102834717260382
Branin-Fav,NARGP,47,25.5,26.102834717260382
Branin-Fav,NARGP,47,26.5,26.102834717260382
Branin-Fav,NARGP,47,26.6,26.102834717260382
Branin-Fav,NARGP,47,26.7,26.102834717260382
Branin-Fav,NARGP,47,26.8,26.102834717260382
Branin-Fav,NARGP,47,26.9,26.102834717260382
Branin-Fav,NARGP,47,27.0,26.102834717260382
Branin-Fav,NARGP,47,27.1,26.102834717260382
Branin-Fav,NARGP,47,27.2,26.102834717260382
Branin-Fav,NARGP,47,27.3,26.102834717260382
Branin-Fav,NARGP,47,27.4,26.102834717260382
Branin-Fav,NARGP,47,27.5,26.102834717260382
Branin-Fav,NARGP,47,28.5,26.102834717260382
Branin-Fav,NARGP,47,28.6,26.102834717260382
Branin-Fav,NARGP,47,28.7,26.102834717260382
Branin-Fav,NARGP,47,28.8,26.102834717260382
Branin-Fav,NARGP,47,28.9,26.102834717260382
Branin-Fav,NARGP,47,29.0,26.102834717260382
Branin-Fav,NARGP,47,29.1,26.102834717260382
Branin-Fav,NARGP,47,29.2,26.102834717260382
Branin-Fav,NARGP,47,29.3,26.102834717260382
Branin-Fav,NARGP,47,29.4,26.102834717260382
Branin-Fav,NARGP,47,29.5,26.102834717260382
Branin-Fav,NARGP,47,30.5,26.102834717260382
Branin-Fav,NARGP,47,30.6,26.102834717260382
Branin-Fav,NARGP,47,30.7,26.102834717260382
Branin-Fav,NARGP,47,30.8,26.102834717260382
Branin-Fav,NARGP,47,30.9,26.102834717260382
Branin-Fav,NARGP,47,31.0,26.102834717260382
Branin-Fav,NARGP,47,31.1,26.102834717260382
Branin-Fav,NARGP,47,31.2,26.102834717260382
Branin-Fav,NARGP,47,31.3,26.102834717260382
Branin-Fav,NARGP,47,31.4,26.102834717260382
Branin-Fav,NARGP,47,31.5,26.102834717260382
Branin-Fav,NARGP,47,32.5,26.102834717260382
Branin-Fav,NARGP,47,32.6,26.102834717260382
Branin-Fav,NARGP,47,32.7,26.102834717260382
Branin-Fav,NARGP,47,32.8,26.102834717260382
Branin-Fav,NARGP,47,32.9,26.102834717260382
Branin-Fav,NARGP,47,33.0,26.102834717260382
Branin-Fav,NARGP,47,33.1,26.102834717260382
Branin-Fav,NARGP,47,33.2,26.102834717260382
Branin-Fav,NARGP,47,33.3,26.102834717260382
Branin-Fav,NARGP,47,33.4,26.102834717260382
Branin-Fav,NARGP,47,33.5,26.102834717260382
Branin-Fav,NARGP,47,34.5,26.102834717260382
Branin-Fav,NARGP,47,34.6,26.102834717260382
Branin-Fav,NARGP,47,34.7,26.102834717260382
Branin-Fav,NARGP,47,34.8,26.102834717260382
Branin-Fav,NARGP,47,34.9,26.102834717260382
Branin-Fav,NARGP,47,35.0,26.102834717260382
Branin-Fav,NARGP,47,35.1,26.102834717260382
Branin-Fav,NARGP,47,35.2,26.102834717260382
Branin-Fav,NARGP,47,35.3,26.102834717260382
Branin-Fav,NARGP,47,35.4,26.102834717260382
Branin-Fav,NARGP,47,35.5,26.102834717260382
Branin-Fav,NARGP,47,36.5,26.102834717260382
Branin-Fav,NARGP,47,36.6,26.102834717260382
Branin-Fav,NARGP,47,36.7,26.102834717260382
Branin-Fav,NARGP,47,36.8,26.102834717260382
Branin-Fav,NARGP,47,36.9,26.102834717260382
Branin-Fav,NARGP,47,37.0,26.102834717260382
Branin-Fav,NARGP,47,37.1,26.102834717260382
Branin-Fav,NARGP,47,37.2,26.102834717260382
Branin-Fav,NARGP,47,37.3,26.102834717260382
Branin-Fav,NARGP,47,37.4,26.102834717260382
Branin-Fav,NARGP,47,37.5,26.102834717260382
Branin-Fav,NARGP,47,38.5,26.102834717260382
Branin-Fav,NARGP,47,38.6,26.102834717260382
Branin-Fav,NARGP,47,38.7,26.102834717260382
Branin-Fav,NARGP,47,38.8,26.102834717260382
Branin-Fav,NARGP,47,38.9,26.102834717260382
Branin-Fav,NARGP,47,39.0,26.102834717260382
Branin-Fav,NARGP,47,39.1,26.102834717260382
Branin-Fav,NARGP,47,39.2,26.102834717260382
Branin-Fav,NARGP,47,39.3,26.102834717260382
Branin-Fav,NARGP,47,39.4,26.102834717260382
Branin-Fav,NARGP,47,39.5,26.102834717260382
Branin-Fav,NARGP,47,40.5,26.102834717260382
Branin-Fav,NARGP,47,40.6,26.102834717260382
Branin-Fav,NARGP,47,40.7,26.102834717260382
Branin-Fav,NARGP,47,40.8,26.102834717260382
Branin-Fav,NARGP,47,40.9,26.102834717260382
Branin-Fav,NARGP,47,41.0,26.102834717260382
Branin-Fav,NARGP,47,41.1,26.102834717260382
Branin-Fav,NARGP,47,41.2,26.102834717260382
Branin-Fav,NARGP,47,41.3,26.102834717260382
Branin-Fav,NARGP,47,41.4,26.102834717260382
Branin-Fav,NARGP,47,41.5,26.102834717260382
Branin-Fav,NARGP,47,42.5,26.102834717260382
Branin-Fav,NARGP,47,42.6,26.102834717260382
Branin-Fav,NARGP,47,42.7,26.102834717260382
Branin-Fav,NARGP,47,42.8,26.102834717260382
Branin-Fav,NARGP,47,42.9,26.102834717260382
Branin-Fav,NARGP,47,43.0,26.102834717260382
Branin-Fav,NARGP,47,43.1,26.102834717260382
Branin-Fav,NARGP,47,43.2,26.102834717260382
Branin-Fav,NARGP,47,43.3,26.102834717260382
Branin-Fav,NARGP,47,43.4,26.102834717260382
Branin-Fav,NARGP,47,43.5,26.102834717260382
Branin-Fav,NARGP,47,44.5,26.102834717260382
Branin-Fav,NARGP,47,44.6,26.102834717260382
Branin-Fav,NARGP,47,44.7,26.102834717260382
Branin-Fav,NARGP,47,44.8,26.102834717260382
Branin-Fav,NARGP,47,44.9,26.102834717260382
Branin-Fav,NARGP,47,45.0,26.102834717260382
Branin-Fav,NARGP,47,45.1,26.102834717260382
Branin-Fav,NARGP,47,45.2,26.102834717260382
Branin-Fav,NARGP,47,45.3,26.102834717260382
Branin-Fav,NARGP,47,45.4,26.102834717260382
Branin-Fav,NARGP,47,45.5,26.102834717260382
Branin-Fav,NARGP,47,46.5,26.102834717260382
Branin-Fav,NARGP,47,46.6,26.102834717260382
Branin-Fav,NARGP,47,46.7,26.102834717260382
Branin-Fav,NARGP,47,46.8,26.102834717260382
Branin-Fav,NARGP,47,46.9,26.102834717260382
Branin-Fav,NARGP,47,47.0,26.102834717260382
Branin-Fav,NARGP,47,47.1,26.102834717260382
Branin-Fav,NARGP,47,47.2,26.102834717260382
Branin-Fav,NARGP,47,47.3,26.102834717260382
Branin-Fav,NARGP,47,47.4,26.102834717260382
Branin-Fav,NARGP,47,47.5,26.102834717260382
Branin-Fav,NARGP,47,48.5,26.102834717260382
Branin-Fav,NARGP,47,48.6,26.102834717260382
Branin-Fav,NARGP,47,48.7,26.102834717260382
Branin-Fav,NARGP,47,48.8,26.102834717260382
Branin-Fav,NARGP,47,48.9,26.102834717260382
Branin-Fav,NARGP,47,49.0,26.102834717260382
Branin-Fav,NARGP,47,49.1,26.102834717260382
Branin-Fav,NARGP,47,49.2,26.102834717260382
Branin-Fav,NARGP,47,49.3,26.102834717260382
Branin-Fav,NARGP,47,49.4,26.102834717260382
Branin-Fav,NARGP,47,49.5,26.102834717260382
Branin-Fav,NARGP,47,49.6,26.102834717260382
Branin-Fav,NARGP,47,49.7,26.102834717260382
Branin-Fav,NARGP,47,49.8,26.102834717260382
Branin-Fav,NARGP,47,49.9,26.102834717260382
Branin-Fav,NARGP,48,4.5,14.787152857646891
Branin-Fav,NARGP,48,4.6,14.787152857646891
Branin-Fav,NARGP,48,4.7,14.787152857646891
Branin-Fav,NARGP,48,4.8,14.787152857646891
Branin-Fav,NARGP,48,4.9,14.787152857646891
Branin-Fav,NARGP,48,5.0,14.787152857646891
Branin-Fav,NARGP,48,5.1,14.787152857646891
Branin-Fav,NARGP,48,5.2,14.787152857646891
Branin-Fav,NARGP,48,5.3,14.787152857646891
Branin-Fav,NARGP,48,5.4,14.787152857646891
Branin-Fav,NARGP,48,5.5,14.787152857646891
Branin-Fav,NARGP,48,6.5,12.187975314137809
Branin-Fav,NARGP,48,6.6,12.187975314137809
Branin-Fav,NARGP,48,6.7,12.187975314137809
Branin-Fav,NARGP,48,6.8,12.187975314137809
Branin-Fav,NARGP,48,6.9,12.187975314137809
Branin-Fav,NARGP,48,7.0,12.187975314137809
Branin-Fav,NARGP,48,7.1,12.187975314137809
Branin-Fav,NARGP,48,7.2,12.187975314137809
Branin-Fav,NARGP,48,7.3,12.187975314137809
Branin-Fav,NARGP,48,7.4,12.187975314137809
Branin-Fav,NARGP,48,7.5,12.187975314137809
Branin-Fav,NARGP,48,8.5,6.432843105410077
Branin-Fav,NARGP,48,8.6,6.432843105410077
Branin-Fav,NARGP,48,8.7,6.432843105410077
Branin-Fav,NARGP,48,8.8,6.432843105410077
Branin-Fav,NARGP,48,8.9,6.432843105410077
Branin-Fav,NARGP,48,9.0,6.432843105410077
Branin-Fav,NARGP,48,9.1,6.432843105410077
Branin-Fav,NARGP,48,9.2,6.432843105410077
Branin-Fav,NARGP,48,9.3,6.432843105410077
Branin-Fav,NARGP,48,9.4,6.432843105410077
Branin-Fav,NARGP,48,9.5,6.432843105410077
Branin-Fav,NARGP,48,10.5,5.043832630394716
Branin-Fav,NARGP,48,10.6,5.043832630394716
Branin-Fav,NARGP,48,10.7,5.043832630394716
Branin-Fav,NARGP,48,10.8,5.043832630394716
Branin-Fav,NARGP,48,10.9,5.043832630394716
Branin-Fav,NARGP,48,11.0,5.043832630394716
Branin-Fav,NARGP,48,11.1,5.043832630394716
Branin-Fav,NARGP,48,11.2,5.043832630394716
Branin-Fav,NARGP,48,11.3,5.043832630394716
Branin-Fav,NARGP,48,11.4,5.043832630394716
Branin-Fav,NARGP,48,11.5,5.043832630394716
Branin-Fav,NARGP,48,12.5,5.043832630394716
Branin-Fav,NARGP,48,12.6,5.043832630394716
Branin-Fav,NARGP,48,12.7,5.043832630394716
Branin-Fav,NARGP,48,12.8,5.043832630394716
Branin-Fav,NARGP,48,12.9,5.043832630394716
Branin-Fav,NARGP,48,13.0,5.043832630394716
Branin-Fav,NARGP,48,13.1,5.043832630394716
Branin-Fav,NARGP,48,13.2,5.043832630394716
Branin-Fav,NARGP,48,13.3,5.043832630394716
Branin-Fav,NARGP,48,13.4,5.043832630394716
Branin-Fav,NARGP,48,13.5,5.043832630394716
Branin-Fav,NARGP,48,14.5,5.043832630394716
Branin-Fav,NARGP,48,14.6,5.043832630394716
Branin-Fav,NARGP,48,14.7,5.043832630394716
Branin-Fav,NARGP,48,14.8,5.043832630394716
Branin-Fav,NARGP,48,14.9,5.043832630394716
Branin-Fav,NARGP,48,15.0,5.043832630394716
Branin-Fav,NARGP,48,15.1,5.043832630394716
Branin-Fav,NARGP,48,15.2,5.043832630394716
Branin-Fav,NARGP,48,15.3,5.043832630394716
Branin-Fav,NARGP,48,15.4,5.043832630394716
Branin-Fav,NARGP,48,15.5,5.043832630394716
Branin-Fav,NARGP,48,16.5,5.043832630394716
Branin-Fav,NARGP,48,16.6,5.043832630394716
Branin-Fav,NARGP,48,16.7,5.043832630394716
Branin-Fav,NARGP,48,16.8,5.043832630394716
Branin-Fav,NARGP,48,16.9,5.043832630394716
Branin-Fav,NARGP,48,17.0,5.043832630394716
Branin-Fav,NARGP,48,17.1,5.043832630394716
Branin-Fav,NARGP,48,17.2,5.043832630394716
Branin-Fav,NARGP,48,17.3,5.043832630394716
Branin-Fav,NARGP,48,17.4,5.043832630394716
Branin-Fav,NARGP,48,17.5,5.043832630394716
Branin-Fav,NARGP,48,18.5,5.043832630394716
Branin-Fav,NARGP,48,18.6,5.043832630394716
Branin-Fav,NARGP,48,18.7,5.043832630394716
Branin-Fav,NARGP,48,18.8,5.043832630394716
Branin-Fav,NARGP,48,18.9,5.043832630394716
Branin-Fav,NARGP,48,19.0,5.043832630394716
Branin-Fav,NARGP,48,19.1,5.043832630394716
Branin-Fav,NARGP,48,19.2,5.043832630394716
Branin-Fav,NARGP,48,19.3,5.043832630394716
Branin-Fav,NARGP,48,19.4,5.043832630394716
Branin-Fav,NARGP,48,19.5,5.043832630394716
Branin-Fav,NARGP,48,20.5,5.043832630394716
Branin-Fav,NARGP,48,20.6,5.043832630394716
Branin-Fav,NARGP,48,20.7,5.043832630394716
Branin-Fav,NARGP,48,20.8,5.043832630394716
Branin-Fav,NARGP,48,20.9,5.043832630394716
Branin-Fav,NARGP,48,21.0,5.043832630394716
Branin-Fav,NARGP,48,21.1,5.043832630394716
Branin-Fav,NARGP,48,21.2,5.043832630394716
Branin-Fav,NARGP,48,21.3,5.043832630394716
Branin-Fav,NARGP,48,21.4,5.043832630394716
Branin-Fav,NARGP,48,21.5,5.043832630394716
Branin-Fav,NARGP,48,22.5,4.745719527126411
Branin-Fav,NARGP,48,22.6,4.745719527126411
Branin-Fav,NARGP,48,22.7,4.745719527126411
Branin-Fav,NARGP,48,22.8,4.745719527126411
Branin-Fav,NARGP,48,22.9,4.745719527126411
Branin-Fav,NARGP,48,23.0,4.745719527126411
Branin-Fav,NARGP,48,23.1,4.745719527126411
Branin-Fav,NARGP,48,23.2,4.745719527126411
Branin-Fav,NARGP,48,23.3,4.745719527126411
Branin-Fav,NARGP,48,23.4,4.745719527126411
Branin-Fav,NARGP,48,23.5,4.745719527126411
Branin-Fav,NARGP,48,24.5,4.498716527046279
Branin-Fav,NARGP,48,24.6,4.498716527046279
Branin-Fav,NARGP,48,24.7,4.498716527046279
Branin-Fav,NARGP,48,24.8,4.498716527046279
Branin-Fav,NARGP,48,24.9,4.498716527046279
Branin-Fav,NARGP,48,25.0,4.498716527046279
Branin-Fav,NARGP,48,25.1,4.498716527046279
Branin-Fav,NARGP,48,25.2,4.498716527046279
Branin-Fav,NARGP,48,25.3,4.498716527046279
Branin-Fav,NARGP,48,25.4,4.498716527046279
Branin-Fav,NARGP,48,25.5,4.498716527046279
Branin-Fav,NARGP,48,26.5,4.498716527046279
Branin-Fav,NARGP,48,26.6,4.498716527046279
Branin-Fav,NARGP,48,26.7,4.498716527046279
Branin-Fav,NARGP,48,26.8,4.498716527046279
Branin-Fav,NARGP,48,26.9,4.498716527046279
Branin-Fav,NARGP,48,27.0,4.498716527046279
Branin-Fav,NARGP,48,27.1,4.498716527046279
Branin-Fav,NARGP,48,27.2,4.498716527046279
Branin-Fav,NARGP,48,27.3,4.498716527046279
Branin-Fav,NARGP,48,27.4,4.498716527046279
Branin-Fav,NARGP,48,27.5,4.498716527046279
Branin-Fav,NARGP,48,28.5,4.498716527046279
Branin-Fav,NARGP,48,28.6,4.498716527046279
Branin-Fav,NARGP,48,28.7,4.498716527046279
Branin-Fav,NARGP,48,28.8,4.498716527046279
Branin-Fav,NARGP,48,28.9,4.498716527046279
Branin-Fav,NARGP,48,29.0,4.498716527046279
Branin-Fav,NARGP,48,29.1,4.498716527046279
Branin-Fav,NARGP,48,29.2,4.498716527046279
Branin-Fav,NARGP,48,29.3,4.498716527046279
Branin-Fav,NARGP,48,29.4,4.498716527046279
Branin-Fav,NARGP,48,29.5,4.498716527046279
Branin-Fav,NARGP,48,30.5,4.498716527046279
Branin-Fav,NARGP,48,30.6,4.498716527046279
Branin-Fav,NARGP,48,30.7,4.498716527046279
Branin-Fav,NARGP,48,30.8,4.498716527046279
Branin-Fav,NARGP,48,30.9,4.498716527046279
Branin-Fav,NARGP,48,31.0,4.498716527046279
Branin-Fav,NARGP,48,31.1,4.498716527046279
Branin-Fav,NARGP,48,31.2,4.498716527046279
Branin-Fav,NARGP,48,31.3,4.498716527046279
Branin-Fav,NARGP,48,31.4,4.498716527046279
Branin-Fav,NARGP,48,31.5,4.498716527046279
Branin-Fav,NARGP,48,32.5,4.143148921928865
Branin-Fav,NARGP,48,32.6,4.143148921928865
Branin-Fav,NARGP,48,32.7,4.143148921928865
Branin-Fav,NARGP,48,32.8,4.143148921928865
Branin-Fav,NARGP,48,32.9,4.143148921928865
Branin-Fav,NARGP,48,33.0,4.143148921928865
Branin-Fav,NARGP,48,33.1,4.143148921928865
Branin-Fav,NARGP,48,33.2,4.143148921928865
Branin-Fav,NARGP,48,33.3,4.143148921928865
Branin-Fav,NARGP,48,33.4,4.143148921928865
Branin-Fav,NARGP,48,33.5,4.143148921928865
Branin-Fav,NARGP,48,34.5,4.143148921928865
Branin-Fav,NARGP,48,34.6,4.143148921928865
Branin-Fav,NARGP,48,34.7,4.143148921928865
Branin-Fav,NARGP,48,34.8,4.143148921928865
Branin-Fav,NARGP,48,34.9,4.143148921928865
Branin-Fav,NARGP,48,35.0,4.143148921928865
Branin-Fav,NARGP,48,35.1,4.143148921928865
Branin-Fav,NARGP,48,35.2,4.143148921928865
Branin-Fav,NARGP,48,35.3,4.143148921928865
Branin-Fav,NARGP,48,35.4,4.143148921928865
Branin-Fav,NARGP,48,35.5,4.143148921928865
Branin-Fav,NARGP,48,36.5,3.790319268353497
Branin-Fav,NARGP,48,36.6,3.790319268353497
Branin-Fav,NARGP,48,36.7,3.790319268353497
Branin-Fav,NARGP,48,36.8,3.790319268353497
Branin-Fav,NARGP,48,36.9,3.790319268353497
Branin-Fav,NARGP,48,37.0,3.790319268353497
Branin-Fav,NARGP,48,37.1,3.790319268353497
Branin-Fav,NARGP,48,37.2,3.790319268353497
Branin-Fav,NARGP,48,37.3,3.790319268353497
Branin-Fav,NARGP,48,37.4,3.790319268353497
Branin-Fav,NARGP,48,37.5,3.790319268353497
Branin-Fav,NARGP,48,38.5,3.627800133628373
Branin-Fav,NARGP,48,38.6,3.627800133628373
Branin-Fav,NARGP,48,38.7,3.627800133628373
Branin-Fav,NARGP,48,38.8,3.627800133628373
Branin-Fav,NARGP,48,38.9,3.627800133628373
Branin-Fav,NARGP,48,39.0,3.627800133628373
Branin-Fav,NARGP,48,39.1,3.627800133628373
Branin-Fav,NARGP,48,39.2,3.627800133628373
Branin-Fav,NARGP,48,39.3,3.627800133628373
Branin-Fav,NARGP,48,39.4,3.627800133628373
Branin-Fav,NARGP,48,39.5,3.627800133628373
Branin-Fav,NARGP,48,40.5,3.3035196011942904
Branin-Fav,NARGP,48,40.6,3.3035196011942904
Branin-Fav,NARGP,48,40.7,3.3035196011942904
Branin-Fav,NARGP,48,40.8,3.3035196011942904
Branin-Fav,NARGP,48,40.9,3.3035196011942904
Branin-Fav,NARGP,48,41.0,3.3035196011942904
Branin-Fav,NARGP,48,41.1,3.3035196011942904
Branin-Fav,NARGP,48,41.2,3.3035196011942904
Branin-Fav,NARGP,48,41.3,3.3035196011942904
Branin-Fav,NARGP,48,41.4,3.3035196011942904
Branin-Fav,NARGP,48,41.5,3.3035196011942904
Branin-Fav,NARGP,48,42.5,3.3035196011942904
Branin-Fav,NARGP,48,42.6,3.3035196011942904
Branin-Fav,NARGP,48,42.7,3.3035196011942904
Branin-Fav,NARGP,48,42.8,3.3035196011942904
Branin-Fav,NARGP,48,42.9,3.3035196011942904
Branin-Fav,NARGP,48,43.0,3.3035196011942904
Branin-Fav,NARGP,48,43.1,3.3035196011942904
Branin-Fav,NARGP,48,43.2,3.3035196011942904
Branin-Fav,NARGP,48,43.3,3.3035196011942904
Branin-Fav,NARGP,48,43.4,3.3035196011942904
Branin-Fav,NARGP,48,43.5,3.3035196011942904
Branin-Fav,NARGP,48,44.5,2.8372059964356
Branin-Fav,NARGP,48,44.6,2.8372059964356
Branin-Fav,NARGP,48,44.7,2.8372059964356
Branin-Fav,NARGP,48,44.8,2.8372059964356
Branin-Fav,NARGP,48,44.9,2.8372059964356
Branin-Fav,NARGP,48,45.0,2.8372059964356
Branin-Fav,NARGP,48,45.1,2.8372059964356
Branin-Fav,NARGP,48,45.2,2.8372059964356
Branin-Fav,NARGP,48,45.3,2.8372059964356
Branin-Fav,NARGP,48,45.4,2.8372059964356
Branin-Fav,NARGP,48,45.5,2.8372059964356
Branin-Fav,NARGP,48,46.5,2.8372059964356
Branin-Fav,NARGP,48,46.6,2.8372059964356
Branin-Fav,NARGP,48,46.7,2.8372059964356
Branin-Fav,NARGP,48,46.8,2.8372059964356
Branin-Fav,NARGP,48,46.9,2.8372059964356
Branin-Fav,NARGP,48,47.0,2.8372059964356
Branin-Fav,NARGP,48,47.1,2.8372059964356
Branin-Fav,NARGP,48,47.2,2.8372059964356
Branin-Fav,NARGP,48,47.3,2.8372059964356
Branin-Fav,NARGP,48,47.4,2.8372059964356
Branin-Fav,NARGP,48,47.5,2.8372059964356
Branin-Fav,NARGP,48,48.5,2.295744582880827
Branin-Fav,NARGP,48,48.6,2.295744582880827
Branin-Fav,NARGP,48,48.7,2.295744582880827
Branin-Fav,NARGP,48,48.8,2.295744582880827
Branin-Fav,NARGP,48,48.9,2.295744582880827
Branin-Fav,NARGP,48,49.0,2.295744582880827
Branin-Fav,NARGP,48,49.1,2.295744582880827
Branin-Fav,NARGP,48,49.2,2.295744582880827
Branin-Fav,NARGP,48,49.3,2.295744582880827
Branin-Fav,NARGP,48,49.4,2.295744582880827
Branin-Fav,NARGP,48,49.5,2.295744582880827
Branin-Fav,NARGP,48,49.6,2.295744582880827
Branin-Fav,NARGP,48,49.7,2.295744582880827
Branin-Fav,NARGP,48,49.8,2.295744582880827
Branin-Fav,NARGP,48,49.9,2.295744582880827
Branin-Fav,NARGP,49,4.5,31.270055115730926
Branin-Fav,NARGP,49,4.6,31.270055115730926
Branin-Fav,NARGP,49,4.7,31.270055115730926
Branin-Fav,NARGP,49,4.8,31.270055115730926
Branin-Fav,NARGP,49,4.9,31.270055115730926
Branin-Fav,NARGP,49,5.0,31.270055115730926
Branin-Fav,NARGP,49,5.1,31.270055115730926
Branin-Fav,NARGP,49,5.2,31.270055115730926
Branin-Fav,NARGP,49,5.3,31.270055115730926
Branin-Fav,NARGP,49,5.4,31.270055115730926
Branin-Fav,NARGP,49,5.5,31.270055115730926
Branin-Fav,NARGP,49,6.5,28.267622279614763
Branin-Fav,NARGP,49,6.6,28.267622279614763
Branin-Fav,NARGP,49,6.7,28.267622279614763
Branin-Fav,NARGP,49,6.8,28.267622279614763
Branin-Fav,NARGP,49,6.9,28.267622279614763
Branin-Fav,NARGP,49,7.0,28.267622279614763
Branin-Fav,NARGP,49,7.1,28.267622279614763
Branin-Fav,NARGP,49,7.2,28.267622279614763
Branin-Fav,NARGP,49,7.3,28.267622279614763
Branin-Fav,NARGP,49,7.4,28.267622279614763
Branin-Fav,NARGP,49,7.5,28.267622279614763
Branin-Fav,NARGP,49,8.5,28.17309859056073
Branin-Fav,NARGP,49,8.6,28.17309859056073
Branin-Fav,NARGP,49,8.7,28.17309859056073
Branin-Fav,NARGP,49,8.8,28.17309859056073
Branin-Fav,NARGP,49,8.9,28.17309859056073
Branin-Fav,NARGP,49,9.0,28.17309859056073
Branin-Fav,NARGP,49,9.1,28.17309859056073
Branin-Fav,NARGP,49,9.2,28.17309859056073
Branin-Fav,NARGP,49,9.3,28.17309859056073
Branin-Fav,NARGP,49,9.4,28.17309859056073
Branin-Fav,NARGP,49,9.5,28.17309859056073
Branin-Fav,NARGP,49,10.5,28.17309859056073
Branin-Fav,NARGP,49,10.6,28.17309859056073
Branin-Fav,NARGP,49,10.7,28.17309859056073
Branin-Fav,NARGP,49,10.8,28.17309859056073
Branin-Fav,NARGP,49,10.9,28.17309859056073
Branin-Fav,NARGP,49,11.0,28.17309859056073
Branin-Fav,NARGP,49,11.1,28.17309859056073
Branin-Fav,NARGP,49,11.2,28.17309859056073
Branin-Fav,NARGP,49,11.3,28.17309859056073
Branin-Fav,NARGP,49,11.4,28.17309859056073
Branin-Fav,NARGP,49,11.5,28.17309859056073
Branin-Fav,NARGP,49,12.5,28.17309859056073
Branin-Fav,NARGP,49,12.6,28.17309859056073
Branin-Fav,NARGP,49,12.7,28.17309859056073
Branin-Fav,NARGP,49,12.8,28.17309859056073
Branin-Fav,NARGP,49,12.9,28.17309859056073
Branin-Fav,NARGP,49,13.0,28.17309859056073
Branin-Fav,NARGP,49,13.1,28.17309859056073
Branin-Fav,NARGP,49,13.2,28.17309859056073
Branin-Fav,NARGP,49,13.3,28.17309859056073
Branin-Fav,NARGP,49,13.4,28.17309859056073
Branin-Fav,NARGP,49,13.5,28.17309859056073
Branin-Fav,NARGP,49,14.5,28.17309859056073
Branin-Fav,NARGP,49,14.6,28.17309859056073
Branin-Fav,NARGP,49,14.7,28.17309859056073
Branin-Fav,NARGP,49,14.8,28.17309859056073
Branin-Fav,NARGP,49,14.9,28.17309859056073
Branin-Fav,NARGP,49,15.0,28.17309859056073
Branin-Fav,NARGP,49,15.1,28.17309859056073
Branin-Fav,NARGP,49,15.2,28.17309859056073
Branin-Fav,NARGP,49,15.3,28.17309859056073
Branin-Fav,NARGP,49,15.4,28.17309859056073
Branin-Fav,NARGP,49,15.5,28.17309859056073
Branin-Fav,NARGP,49,16.5,28.17309859056073
Branin-Fav,NARGP,49,16.6,28.17309859056073
Branin-Fav,NARGP,49,16.7,28.17309859056073
Branin-Fav,NARGP,49,16.8,28.17309859056073
Branin-Fav,NARGP,49,16.9,28.17309859056073
Branin-Fav,NARGP,49,17.0,28.17309859056073
Branin-Fav,NARGP,49,17.1,28.17309859056073
Branin-Fav,NARGP,49,17.2,28.17309859056073
Branin-Fav,NARGP,49,17.3,28.17309859056073
Branin-Fav,NARGP,49,17.4,28.17309859056073
Branin-Fav,NARGP,49,17.5,28.17309859056073
Branin-Fav,NARGP,49,18.5,27.0480915105501
Branin-Fav,NARGP,49,18.6,27.0480915105501
Branin-Fav,NARGP,49,18.7,27.0480915105501
Branin-Fav,NARGP,49,18.8,27.0480915105501
Branin-Fav,NARGP,49,18.9,27.0480915105501
Branin-Fav,NARGP,49,19.0,27.0480915105501
Branin-Fav,NARGP,49,19.1,27.0480915105501
Branin-Fav,NARGP,49,19.2,27.0480915105501
Branin-Fav,NARGP,49,19.3,27.0480915105501
Branin-Fav,NARGP,49,19.4,27.0480915105501
Branin-Fav,NARGP,49,19.5,27.0480915105501
Branin-Fav,NARGP,49,20.5,26.78891899019241
Branin-Fav,NARGP,49,20.6,26.78891899019241
Branin-Fav,NARGP,49,20.7,26.78891899019241
Branin-Fav,NARGP,49,20.8,26.78891899019241
Branin-Fav,NARGP,49,20.9,26.78891899019241
Branin-Fav,NARGP,49,21.0,26.78891899019241
Branin-Fav,NARGP,49,21.1,26.78891899019241
Branin-Fav,NARGP,49,21.2,26.78891899019241
Branin-Fav,NARGP,49,21.3,26.78891899019241
Branin-Fav,NARGP,49,21.4,26.78891899019241
Branin-Fav,NARGP,49,21.5,26.78891899019241
Branin-Fav,NARGP,49,22.5,25.78019921778368
Branin-Fav,NARGP,49,22.6,25.78019921778368
Branin-Fav,NARGP,49,22.7,25.78019921778368
Branin-Fav,NARGP,49,22.8,25.78019921778368
Branin-Fav,NARGP,49,22.9,25.78019921778368
Branin-Fav,NARGP,49,23.0,25.78019921778368
Branin-Fav,NARGP,49,23.1,25.78019921778368
Branin-Fav,NARGP,49,23.2,25.78019921778368
Branin-Fav,NARGP,49,23.3,25.78019921778368
Branin-Fav,NARGP,49,23.4,25.78019921778368
Branin-Fav,NARGP,49,23.5,25.78019921778368
Branin-Fav,NARGP,49,24.5,25.78019921778368
Branin-Fav,NARGP,49,24.6,25.78019921778368
Branin-Fav,NARGP,49,24.7,25.78019921778368
Branin-Fav,NARGP,49,24.8,25.78019921778368
Branin-Fav,NARGP,49,24.9,25.78019921778368
Branin-Fav,NARGP,49,25.0,25.78019921778368
Branin-Fav,NARGP,49,25.1,25.78019921778368
Branin-Fav,NARGP,49,25.2,25.78019921778368
Branin-Fav,NARGP,49,25.3,25.78019921778368
Branin-Fav,NARGP,49,25.4,25.78019921778368
Branin-Fav,NARGP,49,25.5,25.78019921778368
Branin-Fav,NARGP,49,26.5,25.78019921778368
Branin-Fav,NARGP,49,26.6,25.78019921778368
Branin-Fav,NARGP,49,26.7,25.78019921778368
Branin-Fav,NARGP,49,26.8,25.78019921778368
Branin-Fav,NARGP,49,26.9,25.78019921778368
Branin-Fav,NARGP,49,27.0,25.78019921778368
Branin-Fav,NARGP,49,27.1,25.78019921778368
Branin-Fav,NARGP,49,27.2,25.78019921778368
Branin-Fav,NARGP,49,27.3,25.78019921778368
Branin-Fav,NARGP,49,27.4,25.78019921778368
Branin-Fav,NARGP,49,27.5,25.78019921778368
Branin-Fav,NARGP,49,28.5,24.171260161123904
Branin-Fav,NARGP,49,28.6,24.171260161123904
Branin-Fav,NARGP,49,28.7,24.171260161123904
Branin-Fav,NARGP,49,28.8,24.171260161123904
Branin-Fav,NARGP,49,28.9,24.171260161123904
Branin-Fav,NARGP,49,29.0,24.171260161123904
Branin-Fav,NARGP,49,29.1,24.171260161123904
Branin-Fav,NARGP,49,29.2,24.171260161123904
Branin-Fav,NARGP,49,29.3,24.171260161123904
Branin-Fav,NARGP,49,29.4,24.171260161123904
Branin-Fav,NARGP,49,29.5,24.171260161123904
Branin-Fav,NARGP,49,30.5,23.89283622126075
Branin-Fav,NARGP,49,30.6,23.89283622126075
Branin-Fav,NARGP,49,30.7,23.89283622126075
Branin-Fav,NARGP,49,30.8,23.89283622126075
Branin-Fav,NARGP,49,30.9,23.89283622126075
Branin-Fav,NARGP,49,31.0,23.89283622126075
Branin-Fav,NARGP,49,31.1,23.89283622126075
Branin-Fav,NARGP,49,31.2,23.89283622126075
Branin-Fav,NARGP,49,31.3,23.89283622126075
Branin-Fav,NARGP,49,31.4,23.89283622126075
Branin-Fav,NARGP,49,31.5,23.89283622126075
Branin-Fav,NARGP,49,32.5,23.63812526550226
Branin-Fav,NARGP,49,32.6,23.63812526550226
Branin-Fav,NARGP,49,32.7,23.63812526550226
Branin-Fav,NARGP,49,32.8,23.63812526550226
Branin-Fav,NARGP,49,32.9,23.63812526550226
Branin-Fav,NARGP,49,33.0,23.63812526550226
Branin-Fav,NARGP,49,33.1,23.63812526550226
Branin-Fav,NARGP,49,33.2,23.63812526550226
Branin-Fav,NARGP,49,33.3,23.63812526550226
Branin-Fav,NARGP,49,33.4,23.63812526550226
Branin-Fav,NARGP,49,33.5,23.63812526550226
Branin-Fav,NARGP,49,34.5,23.06702270244199
Branin-Fav,NARGP,49,34.6,23.06702270244199
Branin-Fav,NARGP,49,34.7,23.06702270244199
Branin-Fav,NARGP,49,34.8,23.06702270244199
Branin-Fav,NARGP,49,34.9,23.06702270244199
Branin-Fav,NARGP,49,35.0,23.06702270244199
Branin-Fav,NARGP,49,35.1,23.06702270244199
Branin-Fav,NARGP,49,35.2,23.06702270244199
Branin-Fav,NARGP,49,35.3,23.06702270244199
Branin-Fav,NARGP,49,35.4,23.06702270244199
Branin-Fav,NARGP,49,35.5,23.06702270244199
Branin-Fav,NARGP,49,36.5,23.028641260107605
Branin-Fav,NARGP,49,36.6,23.028641260107605
Branin-Fav,NARGP,49,36.7,23.028641260107605
Branin-Fav,NARGP,49,36.8,23.028641260107605
Branin-Fav,NARGP,49,36.9,23.028641260107605
Branin-Fav,NARGP,49,37.0,23.028641260107605
Branin-Fav,NARGP,49,37.1,23.028641260107605
Branin-Fav,NARGP,49,37.2,23.028641260107605
Branin-Fav,NARGP,49,37.3,23.028641260107605
Branin-Fav,NARGP,49,37.4,23.028641260107605
Branin-Fav,NARGP,49,37.5,23.028641260107605
Branin-Fav,NARGP,49,38.5,22.358828770868577
Branin-Fav,NARGP,49,38.6,22.358828770868577
Branin-Fav,NARGP,49,38.7,22.358828770868577
Branin-Fav,NARGP,49,38.8,22.358828770868577
Branin-Fav,NARGP,49,38.9,22.358828770868577
Branin-Fav,NARGP,49,39.0,22.358828770868577
Branin-Fav,NARGP,49,39.1,22.358828770868577
Branin-Fav,NARGP,49,39.2,22.358828770868577
Branin-Fav,NARGP,49,39.3,22.358828770868577
Branin-Fav,NARGP,49,39.4,22.358828770868577
Branin-Fav,NARGP,49,39.5,22.358828770868577
Branin-Fav,NARGP,49,40.5,19.38550868631848
Branin-Fav,NARGP,49,40.6,19.38550868631848
Branin-Fav,NARGP,49,40.7,19.38550868631848
Branin-Fav,NARGP,49,40.8,19.38550868631848
Branin-Fav,NARGP,49,40.9,19.38550868631848
Branin-Fav,NARGP,49,41.0,19.38550868631848
Branin-Fav,NARGP,49,41.1,19.38550868631848
Branin-Fav,NARGP,49,41.2,19.38550868631848
Branin-Fav,NARGP,49,41.3,19.38550868631848
Branin-Fav,NARGP,49,41.4,19.38550868631848
Branin-Fav,NARGP,49,41.5,19.38550868631848
Branin-Fav,NARGP,49,42.5,11.37291496362466
Branin-Fav,NARGP,49,42.6,11.37291496362466
Branin-Fav,NARGP,49,42.7,11.37291496362466
Branin-Fav,NARGP,49,42.8,11.37291496362466
Branin-Fav,NARGP,49,42.9,11.37291496362466
Branin-Fav,NARGP,49,43.0,11.37291496362466
Branin-Fav,NARGP,49,43.1,11.37291496362466
Branin-Fav,NARGP,49,43.2,11.37291496362466
Branin-Fav,NARGP,49,43.3,11.37291496362466
Branin-Fav,NARGP,49,43.4,11.37291496362466
Branin-Fav,NARGP,49,43.5,11.37291496362466
Branin-Fav,NARGP,49,44.5,9.979872001695943
Branin-Fav,NARGP,49,44.6,9.979872001695943
Branin-Fav,NARGP,49,44.7,9.979872001695943
Branin-Fav,NARGP,49,44.8,9.979872001695943
Branin-Fav,NARGP,49,44.9,9.979872001695943
Branin-Fav,NARGP,49,45.0,9.979872001695943
Branin-Fav,NARGP,49,45.1,9.979872001695943
Branin-Fav,NARGP,49,45.2,9.979872001695943
Branin-Fav,NARGP,49,45.3,9.979872001695943
Branin-Fav,NARGP,49,45.4,9.979872001695943
Branin-Fav,NARGP,49,45.5,9.979872001695943
Branin-Fav,NARGP,49,46.5,9.979872001695943
Branin-Fav,NARGP,49,46.6,9.979872001695943
Branin-Fav,NARGP,49,46.7,9.979872001695943
Branin-Fav,NARGP,49,46.8,9.979872001695943
Branin-Fav,NARGP,49,46.9,9.979872001695943
Branin-Fav,NARGP,49,47.0,9.979872001695943
Branin-Fav,NARGP,49,47.1,9.979872001695943
Branin-Fav,NARGP,49,47.2,9.979872001695943
Branin-Fav,NARGP,49,47.3,9.979872001695943
Branin-Fav,NARGP,49,47.4,9.979872001695943
Branin-Fav,NARGP,49,47.5,9.979872001695943
Branin-Fav,NARGP,49,48.5,9.453698302264888
Branin-Fav,NARGP,49,48.6,9.453698302264888
Branin-Fav,NARGP,49,48.7,9.453698302264888
Branin-Fav,NARGP,49,48.8,9.453698302264888
Branin-Fav,NARGP,49,48.9,9.453698302264888
Branin-Fav,NARGP,49,49.0,9.453698302264888
Branin-Fav,NARGP,49,49.1,9.453698302264888
Branin-Fav,NARGP,49,49.2,9.453698302264888
Branin-Fav,NARGP,49,49.3,9.453698302264888
Branin-Fav,NARGP,49,49.4,9.453698302264888
Branin-Fav,NARGP,49,49.5,9.453698302264888
Branin-Fav,NARGP,49,49.6,9.453698302264888
Branin-Fav,NARGP,49,49.7,9.453698302264888
Branin-Fav,NARGP,49,49.8,9.453698302264888
Branin-Fav,NARGP,49,49.9,9.453698302264888
Branin-Fav,NARGP,50,4.5,62.912846111745296
Branin-Fav,NARGP,50,4.6,62.912846111745296
Branin-Fav,NARGP,50,4.7,62.912846111745296
Branin-Fav,NARGP,50,4.8,62.912846111745296
Branin-Fav,NARGP,50,4.9,62.912846111745296
Branin-Fav,NARGP,50,5.0,62.912846111745296
Branin-Fav,NARGP,50,5.1,62.912846111745296
Branin-Fav,NARGP,50,5.2,62.912846111745296
Branin-Fav,NARGP,50,5.3,62.912846111745296
Branin-Fav,NARGP,50,5.4,62.912846111745296
Branin-Fav,NARGP,50,5.5,62.912846111745296
Branin-Fav,NARGP,50,6.5,49.68537817959159
Branin-Fav,NARGP,50,6.6,49.68537817959159
Branin-Fav,NARGP,50,6.7,49.68537817959159
Branin-Fav,NARGP,50,6.8,49.68537817959159
Branin-Fav,NARGP,50,6.9,49.68537817959159
Branin-Fav,NARGP,50,7.0,49.68537817959159
Branin-Fav,NARGP,50,7.1,49.68537817959159
Branin-Fav,NARGP,50,7.2,49.68537817959159
Branin-Fav,NARGP,50,7.3,49.68537817959159
Branin-Fav,NARGP,50,7.4,49.68537817959159
Branin-Fav,NARGP,50,7.5,49.68537817959159
Branin-Fav,NARGP,50,8.5,46.153493324145806
Branin-Fav,NARGP,50,8.6,46.153493324145806
Branin-Fav,NARGP,50,8.7,46.153493324145806
Branin-Fav,NARGP,50,8.8,46.153493324145806
Branin-Fav,NARGP,50,8.9,46.153493324145806
Branin-Fav,NARGP,50,9.0,46.153493324145806
Branin-Fav,NARGP,50,9.1,46.153493324145806
Branin-Fav,NARGP,50,9.2,46.153493324145806
Branin-Fav,NARGP,50,9.3,46.153493324145806
Branin-Fav,NARGP,50,9.4,46.153493324145806
Branin-Fav,NARGP,50,9.5,46.153493324145806
Branin-Fav,NARGP,50,10.5,46.153493324145806
Branin-Fav,NARGP,50,10.6,46.153493324145806
Branin-Fav,NARGP,50,10.7,46.153493324145806
Branin-Fav,NARGP,50,10.8,46.153493324145806
Branin-Fav,NARGP,50,10.9,46.153493324145806
Branin-Fav,NARGP,50,11.0,46.153493324145806
Branin-Fav,NARGP,50,11.1,46.153493324145806
Branin-Fav,NARGP,50,11.2,46.153493324145806
Branin-Fav,NARGP,50,11.3,46.153493324145806
Branin-Fav,NARGP,50,11.4,46.153493324145806
Branin-Fav,NARGP,50,11.5,46.153493324145806
Branin-Fav,NARGP,50,12.5,46.153493324145806
Branin-Fav,NARGP,50,12.6,46.153493324145806
Branin-Fav,NARGP,50,12.7,46.153493324145806
Branin-Fav,NARGP,50,12.8,46.153493324145806
Branin-Fav,NARGP,50,12.9,46.153493324145806
Branin-Fav,NARGP,50,13.0,46.153493324145806
Branin-Fav,NARGP,50,13.1,46.153493324145806
Branin-Fav,NARGP,50,13.2,46.153493324145806
Branin-Fav,NARGP,50,13.3,46.153493324145806
Branin-Fav,NARGP,50,13.4,46.153493324145806
Branin-Fav,NARGP,50,13.5,46.153493324145806
Branin-Fav,NARGP,50,14.5,45.64441403373776
Branin-Fav,NARGP,50,14.6,45.64441403373776
Branin-Fav,NARGP,50,14.7,45.64441403373776
Branin-Fav,NARGP,50,14.8,45.64441403373776
Branin-Fav,NARGP,50,14.9,45.64441403373776
Branin-Fav,NARGP,50,15.0,45.64441403373776
Branin-Fav,NARGP,50,15.1,45.64441403373776
Branin-Fav,NARGP,50,15.2,45.64441403373776
Branin-Fav,NARGP,50,15.3,45.64441403373776
Branin-Fav,NARGP,50,15.4,45.64441403373776
Branin-Fav,NARGP,50,15.5,45.64441403373776
Branin-Fav,NARGP,50,16.5,45.64441403373776
Branin-Fav,NARGP,50,16.6,45.64441403373776
Branin-Fav,NARGP,50,16.7,45.64441403373776
Branin-Fav,NARGP,50,16.8,45.64441403373776
Branin-Fav,NARGP,50,16.9,45.64441403373776
Branin-Fav,NARGP,50,17.0,45.64441403373776
Branin-Fav,NARGP,50,17.1,45.64441403373776
Branin-Fav,NARGP,50,17.2,45.64441403373776
Branin-Fav,NARGP,50,17.3,45.64441403373776
Branin-Fav,NARGP,50,17.4,45.64441403373776
Branin-Fav,NARGP,50,17.5,45.64441403373776
Branin-Fav,NARGP,50,18.5,45.64441403373776
Branin-Fav,NARGP,50,18.6,45.64441403373776
Branin-Fav,NARGP,50,18.7,45.64441403373776
Branin-Fav,NARGP,50,18.8,45.64441403373776
Branin-Fav,NARGP,50,18.9,45.64441403373776
Branin-Fav,NARGP,50,19.0,45.64441403373776
Branin-Fav,NARGP,50,19.1,45.64441403373776
Branin-Fav,NARGP,50,19.2,45.64441403373776
Branin-Fav,NARGP,50,19.3,45.64441403373776
Branin-Fav,NARGP,50,19.4,45.64441403373776
Branin-Fav,NARGP,50,19.5,45.64441403373776
Branin-Fav,NARGP,50,20.5,45.64441403373776
Branin-Fav,NARGP,50,20.6,45.64441403373776
Branin-Fav,NARGP,50,20.7,45.64441403373776
Branin-Fav,NARGP,50,20.8,45.64441403373776
Branin-Fav,NARGP,50,20.9,45.64441403373776
Branin-Fav,NARGP,50,21.0,45.64441403373776
Branin-Fav,NARGP,50,21.1,45.64441403373776
Branin-Fav,NARGP,50,21.2,45.64441403373776
Branin-Fav,NARGP,50,21.3,45.64441403373776
Branin-Fav,NARGP,50,21.4,45.64441403373776
Branin-Fav,NARGP,50,21.5,45.64441403373776
Branin-Fav,NARGP,50,22.5,45.64441403373776
Branin-Fav,NARGP,50,22.6,45.64441403373776
Branin-Fav,NARGP,50,22.7,45.64441403373776
Branin-Fav,NARGP,50,22.8,45.64441403373776
Branin-Fav,NARGP,50,22.9,45.64441403373776
Branin-Fav,NARGP,50,23.0,45.64441403373776
Branin-Fav,NARGP,50,23.1,45.64441403373776
Branin-Fav,NARGP,50,23.2,45.64441403373776
Branin-Fav,NARGP,50,23.3,45.64441403373776
Branin-Fav,NARGP,50,23.4,45.64441403373776
Branin-Fav,NARGP,50,23.5,45.64441403373776
Branin-Fav,NARGP,50,24.5,45.64441403373776
Branin-Fav,NARGP,50,24.6,45.64441403373776
Branin-Fav,NARGP,50,24.7,45.64441403373776
Branin-Fav,NARGP,50,24.8,45.64441403373776
Branin-Fav,NARGP,50,24.9,45.64441403373776
Branin-Fav,NARGP,50,25.0,45.64441403373776
Branin-Fav,NARGP,50,25.1,45.64441403373776
Branin-Fav,NARGP,50,25.2,45.64441403373776
Branin-Fav,NARGP,50,25.3,45.64441403373776
Branin-Fav,NARGP,50,25.4,45.64441403373776
Branin-Fav,NARGP,50,25.5,45.64441403373776
Branin-Fav,NARGP,50,26.5,45.64441403373776
Branin-Fav,NARGP,50,26.6,45.64441403373776
Branin-Fav,NARGP,50,26.7,45.64441403373776
Branin-Fav,NARGP,50,26.8,45.64441403373776
Branin-Fav,NARGP,50,26.9,45.64441403373776
Branin-Fav,NARGP,50,27.0,45.64441403373776
Branin-Fav,NARGP,50,27.1,45.64441403373776
Branin-Fav,NARGP,50,27.2,45.64441403373776
Branin-Fav,NARGP,50,27.3,45.64441403373776
Branin-Fav,NARGP,50,27.4,45.64441403373776
Branin-Fav,NARGP,50,27.5,45.64441403373776
Branin-Fav,NARGP,50,28.5,45.23998149837316
Branin-Fav,NARGP,50,28.6,45.23998149837316
Branin-Fav,NARGP,50,28.7,45.23998149837316
Branin-Fav,NARGP,50,28.8,45.23998149837316
Branin-Fav,NARGP,50,28.9,45.23998149837316
Branin-Fav,NARGP,50,29.0,45.23998149837316
Branin-Fav,NARGP,50,29.1,45.23998149837316
Branin-Fav,NARGP,50,29.2,45.23998149837316
Branin-Fav,NARGP,50,29.3,45.23998149837316
Branin-Fav,NARGP,50,29.4,45.23998149837316
Branin-Fav,NARGP,50,29.5,45.23998149837316
Branin-Fav,NARGP,50,30.5,44.83378180270973
Branin-Fav,NARGP,50,30.6,44.83378180270973
Branin-Fav,NARGP,50,30.7,44.83378180270973
Branin-Fav,NARGP,50,30.8,44.83378180270973
Branin-Fav,NARGP,50,30.9,44.83378180270973
Branin-Fav,NARGP,50,31.0,44.83378180270973
Branin-Fav,NARGP,50,31.1,44.83378180270973
Branin-Fav,NARGP,50,31.2,44.83378180270973
Branin-Fav,NARGP,50,31.3,44.83378180270973
Branin-Fav,NARGP,50,31.4,44.83378180270973
Branin-Fav,NARGP,50,31.5,44.83378180270973
Branin-Fav,NARGP,50,32.5,44.68631664793141
Branin-Fav,NARGP,50,32.6,44.68631664793141
Branin-Fav,NARGP,50,32.7,44.68631664793141
Branin-Fav,NARGP,50,32.8,44.68631664793141
Branin-Fav,NARGP,50,32.9,44.68631664793141
Branin-Fav,NARGP,50,33.0,44.68631664793141
Branin-Fav,NARGP,50,33.1,44.68631664793141
Branin-Fav,NARGP,50,33.2,44.68631664793141
Branin-Fav,NARGP,50,33.3,44.68631664793141
Branin-Fav,NARGP,50,33.4,44.68631664793141
Branin-Fav,NARGP,50,33.5,44.68631664793141
Branin-Fav,NARGP,50,34.5,43.54394587077935
Branin-Fav,NARGP,50,34.6,43.54394587077935
Branin-Fav,NARGP,50,34.7,43.54394587077935
Branin-Fav,NARGP,50,34.8,43.54394587077935
Branin-Fav,NARGP,50,34.9,43.54394587077935
Branin-Fav,NARGP,50,35.0,43.54394587077935
Branin-Fav,NARGP,50,35.1,43.54394587077935
Branin-Fav,NARGP,50,35.2,43.54394587077935
Branin-Fav,NARGP,50,35.3,43.54394587077935
Branin-Fav,NARGP,50,35.4,43.54394587077935
Branin-Fav,NARGP,50,35.5,43.54394587077935
Branin-Fav,NARGP,50,36.5,43.54394587077935
Branin-Fav,NARGP,50,36.6,43.54394587077935
Branin-Fav,NARGP,50,36.7,43.54394587077935
Branin-Fav,NARGP,50,36.8,43.54394587077935
Branin-Fav,NARGP,50,36.9,43.54394587077935
Branin-Fav,NARGP,50,37.0,43.54394587077935
Branin-Fav,NARGP,50,37.1,43.54394587077935
Branin-Fav,NARGP,50,37.2,43.54394587077935
Branin-Fav,NARGP,50,37.3,43.54394587077935
Branin-Fav,NARGP,50,37.4,43.54394587077935
Branin-Fav,NARGP,50,37.5,43.54394587077935
Branin-Fav,NARGP,50,38.5,43.54394587077935
Branin-Fav,NARGP,50,38.6,43.54394587077935
Branin-Fav,NARGP,50,38.7,43.54394587077935
Branin-Fav,NARGP,50,38.8,43.54394587077935
Branin-Fav,NARGP,50,38.9,43.54394587077935
Branin-Fav,NARGP,50,39.0,43.54394587077935
Branin-Fav,NARGP,50,39.1,43.54394587077935
Branin-Fav,NARGP,50,39.2,43.54394587077935
Branin-Fav,NARGP,50,39.3,43.54394587077935
Branin-Fav,NARGP,50,39.4,43.54394587077935
Branin-Fav,NARGP,50,39.5,43.54394587077935
Branin-Fav,NARGP,50,40.5,42.80903037623855
Branin-Fav,NARGP,50,40.6,42.80903037623855
Branin-Fav,NARGP,50,40.7,42.80903037623855
Branin-Fav,NARGP,50,40.8,42.80903037623855
Branin-Fav,NARGP,50,40.9,42.80903037623855
Branin-Fav,NARGP,50,41.0,42.80903037623855
Branin-Fav,NARGP,50,41.1,42.80903037623855
Branin-Fav,NARGP,50,41.2,42.80903037623855
Branin-Fav,NARGP,50,41.3,42.80903037623855
Branin-Fav,NARGP,50,41.4,42.80903037623855
Branin-Fav,NARGP,50,41.5,42.80903037623855
Branin-Fav,NARGP,50,42.5,42.45282082910516
Branin-Fav,NARGP,50,42.6,42.45282082910516
Branin-Fav,NARGP,50,42.7,42.45282082910516
Branin-Fav,NARGP,50,42.8,42.45282082910516
Branin-Fav,NARGP,50,42.9,42.45282082910516
Branin-Fav,NARGP,50,43.0,42.45282082910516
Branin-Fav,NARGP,50,43.1,42.45282082910516
Branin-Fav,NARGP,50,43.2,42.45282082910516
Branin-Fav,NARGP,50,43.3,42.45282082910516
Branin-Fav,NARGP,50,43.4,42.45282082910516
Branin-Fav,NARGP,50,43.5,42.45282082910516
Branin-Fav,NARGP,50,44.5,41.7802346635182
Branin-Fav,NARGP,50,44.6,41.7802346635182
Branin-Fav,NARGP,50,44.7,41.7802346635182
Branin-Fav,NARGP,50,44.8,41.7802346635182
Branin-Fav,NARGP,50,44.9,41.7802346635182
Branin-Fav,NARGP,50,45.0,41.7802346635182
Branin-Fav,NARGP,50,45.1,41.7802346635182
Branin-Fav,NARGP,50,45.2,41.7802346635182
Branin-Fav,NARGP,50,45.3,41.7802346635182
Branin-Fav,NARGP,50,45.4,41.7802346635182
Branin-Fav,NARGP,50,45.5,41.7802346635182
Branin-Fav,NARGP,50,46.5,41.67696869858273
Branin-Fav,NARGP,50,46.6,41.67696869858273
Branin-Fav,NARGP,50,46.7,41.67696869858273
Branin-Fav,NARGP,50,46.8,41.67696869858273
Branin-Fav,NARGP,50,46.9,41.67696869858273
Branin-Fav,NARGP,50,47.0,41.67696869858273
Branin-Fav,NARGP,50,47.1,41.67696869858273
Branin-Fav,NARGP,50,47.2,41.67696869858273
Branin-Fav,NARGP,50,47.3,41.67696869858273
Branin-Fav,NARGP,50,47.4,41.67696869858273
Branin-Fav,NARGP,50,47.5,41.67696869858273
Branin-Fav,NARGP,50,48.5,40.613621119195294
Branin-Fav,NARGP,50,48.6,40.613621119195294
Branin-Fav,NARGP,50,48.7,40.613621119195294
Branin-Fav,NARGP,50,48.8,40.613621119195294
Branin-Fav,NARGP,50,48.9,40.613621119195294
Branin-Fav,NARGP,50,49.0,40.613621119195294
Branin-Fav,NARGP,50,49.1,40.613621119195294
Branin-Fav,NARGP,50,49.2,40.613621119195294
Branin-Fav,NARGP,50,49.3,40.613621119195294
Branin-Fav,NARGP,50,49.4,40.613621119195294
Branin-Fav,NARGP,50,49.5,40.613621119195294
Branin-Fav,NARGP,50,49.6,40.613621119195294
Branin-Fav,NARGP,50,49.7,40.613621119195294
Branin-Fav,NARGP,50,49.8,40.613621119195294
Branin-Fav,NARGP,50,49.9,40.613621119195294
Branin-Fav,NARGP,51,4.5,5.414565532419525
Branin-Fav,NARGP,51,4.6,5.414565532419525
Branin-Fav,NARGP,51,4.7,5.414565532419525
Branin-Fav,NARGP,51,4.8,5.414565532419525
Branin-Fav,NARGP,51,4.9,5.414565532419525
Branin-Fav,NARGP,51,5.0,5.414565532419525
Branin-Fav,NARGP,51,5.1,5.414565532419525
Branin-Fav,NARGP,51,5.2,5.414565532419525
Branin-Fav,NARGP,51,5.3,5.414565532419525
Branin-Fav,NARGP,51,5.4,5.414565532419525
Branin-Fav,NARGP,51,5.5,5.414565532419525
Branin-Fav,NARGP,51,6.5,5.414565532419525
Branin-Fav,NARGP,51,6.6,5.414565532419525
Branin-Fav,NARGP,51,6.7,5.414565532419525
Branin-Fav,NARGP,51,6.8,5.414565532419525
Branin-Fav,NARGP,51,6.9,5.414565532419525
Branin-Fav,NARGP,51,7.0,5.414565532419525
Branin-Fav,NARGP,51,7.1,5.414565532419525
Branin-Fav,NARGP,51,7.2,5.414565532419525
Branin-Fav,NARGP,51,7.3,5.414565532419525
Branin-Fav,NARGP,51,7.4,5.414565532419525
Branin-Fav,NARGP,51,7.5,5.414565532419525
Branin-Fav,NARGP,51,8.5,5.414565532419525
Branin-Fav,NARGP,51,8.6,5.414565532419525
Branin-Fav,NARGP,51,8.7,5.414565532419525
Branin-Fav,NARGP,51,8.8,5.414565532419525
Branin-Fav,NARGP,51,8.9,5.414565532419525
Branin-Fav,NARGP,51,9.0,5.414565532419525
Branin-Fav,NARGP,51,9.1,5.414565532419525
Branin-Fav,NARGP,51,9.2,5.414565532419525
Branin-Fav,NARGP,51,9.3,5.414565532419525
Branin-Fav,NARGP,51,9.4,5.414565532419525
Branin-Fav,NARGP,51,9.5,5.414565532419525
Branin-Fav,NARGP,51,10.5,5.414565532419525
Branin-Fav,NARGP,51,10.6,5.414565532419525
Branin-Fav,NARGP,51,10.7,5.414565532419525
Branin-Fav,NARGP,51,10.8,5.414565532419525
Branin-Fav,NARGP,51,10.9,5.414565532419525
Branin-Fav,NARGP,51,11.0,5.414565532419525
Branin-Fav,NARGP,51,11.1,5.414565532419525
Branin-Fav,NARGP,51,11.2,5.414565532419525
Branin-Fav,NARGP,51,11.3,5.414565532419525
Branin-Fav,NARGP,51,11.4,5.414565532419525
Branin-Fav,NARGP,51,11.5,5.414565532419525
Branin-Fav,NARGP,51,12.5,5.414565532419525
Branin-Fav,NARGP,51,12.6,5.414565532419525
Branin-Fav,NARGP,51,12.7,5.414565532419525
Branin-Fav,NARGP,51,12.8,5.414565532419525
Branin-Fav,NARGP,51,12.9,5.414565532419525
Branin-Fav,NARGP,51,13.0,5.414565532419525
Branin-Fav,NARGP,51,13.1,5.414565532419525
Branin-Fav,NARGP,51,13.2,5.414565532419525
Branin-Fav,NARGP,51,13.3,5.414565532419525
Branin-Fav,NARGP,51,13.4,5.414565532419525
Branin-Fav,NARGP,51,13.5,5.414565532419525
Branin-Fav,NARGP,51,14.5,5.414565532419525
Branin-Fav,NARGP,51,14.6,5.414565532419525
Branin-Fav,NARGP,51,14.7,5.414565532419525
Branin-Fav,NARGP,51,14.8,5.414565532419525
Branin-Fav,NARGP,51,14.9,5.414565532419525
Branin-Fav,NARGP,51,15.0,5.414565532419525
Branin-Fav,NARGP,51,15.1,5.414565532419525
Branin-Fav,NARGP,51,15.2,5.414565532419525
Branin-Fav,NARGP,51,15.3,5.414565532419525
Branin-Fav,NARGP,51,15.4,5.414565532419525
Branin-Fav,NARGP,51,15.5,5.414565532419525
Branin-Fav,NARGP,51,16.5,5.414565532419525
Branin-Fav,NARGP,51,16.6,5.414565532419525
Branin-Fav,NARGP,51,16.7,5.414565532419525
Branin-Fav,NARGP,51,16.8,5.414565532419525
Branin-Fav,NARGP,51,16.9,5.414565532419525
Branin-Fav,NARGP,51,17.0,5.414565532419525
Branin-Fav,NARGP,51,17.1,5.414565532419525
Branin-Fav,NARGP,51,17.2,5.414565532419525
Branin-Fav,NARGP,51,17.3,5.414565532419525
Branin-Fav,NARGP,51,17.4,5.414565532419525
Branin-Fav,NARGP,51,17.5,5.414565532419525
Branin-Fav,NARGP,51,18.5,5.414565532419525
Branin-Fav,NARGP,51,18.6,5.414565532419525
Branin-Fav,NARGP,51,18.7,5.414565532419525
Branin-Fav,NARGP,51,18.8,5.414565532419525
Branin-Fav,NARGP,51,18.9,5.414565532419525
Branin-Fav,NARGP,51,19.0,5.414565532419525
Branin-Fav,NARGP,51,19.1,5.414565532419525
Branin-Fav,NARGP,51,19.2,5.414565532419525
Branin-Fav,NARGP,51,19.3,5.414565532419525
Branin-Fav,NARGP,51,19.4,5.414565532419525
Branin-Fav,NARGP,51,19.5,5.414565532419525
Branin-Fav,NARGP,51,20.5,5.414565532419525
Branin-Fav,NARGP,51,20.6,5.414565532419525
Branin-Fav,NARGP,51,20.7,5.414565532419525
Branin-Fav,NARGP,51,20.8,5.414565532419525
Branin-Fav,NARGP,51,20.9,5.414565532419525
Branin-Fav,NARGP,51,21.0,5.414565532419525
Branin-Fav,NARGP,51,21.1,5.414565532419525
Branin-Fav,NARGP,51,21.2,5.414565532419525
Branin-Fav,NARGP,51,21.3,5.414565532419525
Branin-Fav,NARGP,51,21.4,5.414565532419525
Branin-Fav,NARGP,51,21.5,5.414565532419525
Branin-Fav,NARGP,51,22.5,4.81770403431177
Branin-Fav,NARGP,51,22.6,4.81770403431177
Branin-Fav,NARGP,51,22.7,4.81770403431177
Branin-Fav,NARGP,51,22.8,4.81770403431177
Branin-Fav,NARGP,51,22.9,4.81770403431177
Branin-Fav,NARGP,51,23.0,4.81770403431177
Branin-Fav,NARGP,51,23.1,4.81770403431177
Branin-Fav,NARGP,51,23.2,4.81770403431177
Branin-Fav,NARGP,51,23.3,4.81770403431177
Branin-Fav,NARGP,51,23.4,4.81770403431177
Branin-Fav,NARGP,51,23.5,4.81770403431177
Branin-Fav,NARGP,51,24.5,4.343106847800339
Branin-Fav,NARGP,51,24.6,4.343106847800339
Branin-Fav,NARGP,51,24.7,4.343106847800339
Branin-Fav,NARGP,51,24.8,4.343106847800339
Branin-Fav,NARGP,51,24.9,4.343106847800339
Branin-Fav,NARGP,51,25.0,4.343106847800339
Branin-Fav,NARGP,51,25.1,4.343106847800339
Branin-Fav,NARGP,51,25.2,4.343106847800339
Branin-Fav,NARGP,51,25.3,4.343106847800339
Branin-Fav,NARGP,51,25.4,4.343106847800339
Branin-Fav,NARGP,51,25.5,4.343106847800339
Branin-Fav,NARGP,51,26.5,3.8669356492593465
Branin-Fav,NARGP,51,26.6,3.8669356492593465
Branin-Fav,NARGP,51,26.7,3.8669356492593465
Branin-Fav,NARGP,51,26.8,3.8669356492593465
Branin-Fav,NARGP,51,26.9,3.8669356492593465
Branin-Fav,NARGP,51,27.0,3.8669356492593465
Branin-Fav,NARGP,51,27.1,3.8669356492593465
Branin-Fav,NARGP,51,27.2,3.8669356492593465
Branin-Fav,NARGP,51,27.3,3.8669356492593465
Branin-Fav,NARGP,51,27.4,3.8669356492593465
Branin-Fav,NARGP,51,27.5,3.8669356492593465
Branin-Fav,NARGP,51,28.5,3.8669356492593465
Branin-Fav,NARGP,51,28.6,3.8669356492593465
Branin-Fav,NARGP,51,28.7,3.8669356492593465
Branin-Fav,NARGP,51,28.8,3.8669356492593465
Branin-Fav,NARGP,51,28.9,3.8669356492593465
Branin-Fav,NARGP,51,29.0,3.8669356492593465
Branin-Fav,NARGP,51,29.1,3.8669356492593465
Branin-Fav,NARGP,51,29.2,3.8669356492593465
Branin-Fav,NARGP,51,29.3,3.8669356492593465
Branin-Fav,NARGP,51,29.4,3.8669356492593465
Branin-Fav,NARGP,51,29.5,3.8669356492593465
Branin-Fav,NARGP,51,30.5,3.0738756723234832
Branin-Fav,NARGP,51,30.6,3.0738756723234832
Branin-Fav,NARGP,51,30.7,3.0738756723234832
Branin-Fav,NARGP,51,30.8,3.0738756723234832
Branin-Fav,NARGP,51,30.9,3.0738756723234832
Branin-Fav,NARGP,51,31.0,3.0738756723234832
Branin-Fav,NARGP,51,31.1,3.0738756723234832
Branin-Fav,NARGP,51,31.2,3.0738756723234832
Branin-Fav,NARGP,51,31.3,3.0738756723234832
Branin-Fav,NARGP,51,31.4,3.0738756723234832
Branin-Fav,NARGP,51,31.5,3.0738756723234832
Branin-Fav,NARGP,51,32.5,3.0738756723234832
Branin-Fav,NARGP,51,32.6,3.0738756723234832
Branin-Fav,NARGP,51,32.7,3.0738756723234832
Branin-Fav,NARGP,51,32.8,3.0738756723234832
Branin-Fav,NARGP,51,32.9,3.0738756723234832
Branin-Fav,NARGP,51,33.0,3.0738756723234832
Branin-Fav,NARGP,51,33.1,3.0738756723234832
Branin-Fav,NARGP,51,33.2,3.0738756723234832
Branin-Fav,NARGP,51,33.3,3.0738756723234832
Branin-Fav,NARGP,51,33.4,3.0738756723234832
Branin-Fav,NARGP,51,33.5,3.0738756723234832
Branin-Fav,NARGP,51,34.5,3.0738756723234832
Branin-Fav,NARGP,51,34.6,3.0738756723234832
Branin-Fav,NARGP,51,34.7,3.0738756723234832
Branin-Fav,NARGP,51,34.8,3.0738756723234832
Branin-Fav,NARGP,51,34.9,3.0738756723234832
Branin-Fav,NARGP,51,35.0,3.0738756723234832
Branin-Fav,NARGP,51,35.1,3.0738756723234832
Branin-Fav,NARGP,51,35.2,3.0738756723234832
Branin-Fav,NARGP,51,35.3,3.0738756723234832
Branin-Fav,NARGP,51,35.4,3.0738756723234832
Branin-Fav,NARGP,51,35.5,3.0738756723234832
Branin-Fav,NARGP,51,36.5,3.0738756723234832
Branin-Fav,NARGP,51,36.6,3.0738756723234832
Branin-Fav,NARGP,51,36.7,3.0738756723234832
Branin-Fav,NARGP,51,36.8,3.0738756723234832
Branin-Fav,NARGP,51,36.9,3.0738756723234832
Branin-Fav,NARGP,51,37.0,3.0738756723234832
Branin-Fav,NARGP,51,37.1,3.0738756723234832
Branin-Fav,NARGP,51,37.2,3.0738756723234832
Branin-Fav,NARGP,51,37.3,3.0738756723234832
Branin-Fav,NARGP,51,37.4,3.0738756723234832
Branin-Fav,NARGP,51,37.5,3.0738756723234832
Branin-Fav,NARGP,51,38.5,2.5704644115972153
Branin-Fav,NARGP,51,38.6,2.5704644115972153
Branin-Fav,NARGP,51,38.7,2.5704644115972153
Branin-Fav,NARGP,51,38.8,2.5704644115972153
Branin-Fav,NARGP,51,38.9,2.5704644115972153
Branin-Fav,NARGP,51,39.0,2.5704644115972153
Branin-Fav,NARGP,51,39.1,2.5704644115972153
Branin-Fav,NARGP,51,39.2,2.5704644115972153
Branin-Fav,NARGP,51,39.3,2.5704644115972153
Branin-Fav,NARGP,51,39.4,2.5704644115972153
Branin-Fav,NARGP,51,39.5,2.5704644115972153
Branin-Fav,NARGP,51,40.5,2.223657647128597
Branin-Fav,NARGP,51,40.6,2.223657647128597
Branin-Fav,NARGP,51,40.7,2.223657647128597
Branin-Fav,NARGP,51,40.8,2.223657647128597
Branin-Fav,NARGP,51,40.9,2.223657647128597
Branin-Fav,NARGP,51,41.0,2.223657647128597
Branin-Fav,NARGP,51,41.1,2.223657647128597
Branin-Fav,NARGP,51,41.2,2.223657647128597
Branin-Fav,NARGP,51,41.3,2.223657647128597
Branin-Fav,NARGP,51,41.4,2.223657647128597
Branin-Fav,NARGP,51,41.5,2.223657647128597
Branin-Fav,NARGP,51,42.5,2.0934106687995033
Branin-Fav,NARGP,51,42.6,2.0934106687995033
Branin-Fav,NARGP,51,42.7,2.0934106687995033
Branin-Fav,NARGP,51,42.8,2.0934106687995033
Branin-Fav,NARGP,51,42.9,2.0934106687995033
Branin-Fav,NARGP,51,43.0,2.0934106687995033
Branin-Fav,NARGP,51,43.1,2.0934106687995033
Branin-Fav,NARGP,51,43.2,2.0934106687995033
Branin-Fav,NARGP,51,43.3,2.0934106687995033
Branin-Fav,NARGP,51,43.4,2.0934106687995033
Branin-Fav,NARGP,51,43.5,2.0934106687995033
Branin-Fav,NARGP,51,44.5,1.9550003886074325
Branin-Fav,NARGP,51,44.6,1.9550003886074325
Branin-Fav,NARGP,51,44.7,1.9550003886074325
Branin-Fav,NARGP,51,44.8,1.9550003886074325
Branin-Fav,NARGP,51,44.9,1.9550003886074325
Branin-Fav,NARGP,51,45.0,1.9550003886074325
Branin-Fav,NARGP,51,45.1,1.9550003886074325
Branin-Fav,NARGP,51,45.2,1.9550003886074325
Branin-Fav,NARGP,51,45.3,1.9550003886074325
Branin-Fav,NARGP,51,45.4,1.9550003886074325
Branin-Fav,NARGP,51,45.5,1.9550003886074325
Branin-Fav,NARGP,51,46.5,1.3003675728140536
Branin-Fav,NARGP,51,46.6,1.3003675728140536
Branin-Fav,NARGP,51,46.7,1.3003675728140536
Branin-Fav,NARGP,51,46.8,1.3003675728140536
Branin-Fav,NARGP,51,46.9,1.3003675728140536
Branin-Fav,NARGP,51,47.0,1.3003675728140536
Branin-Fav,NARGP,51,47.1,1.3003675728140536
Branin-Fav,NARGP,51,47.2,1.3003675728140536
Branin-Fav,NARGP,51,47.3,1.3003675728140536
Branin-Fav,NARGP,51,47.4,1.3003675728140536
Branin-Fav,NARGP,51,47.5,1.3003675728140536
Branin-Fav,NARGP,51,48.5,0.9930678795058847
Branin-Fav,NARGP,51,48.6,0.9930678795058847
Branin-Fav,NARGP,51,48.7,0.9930678795058847
Branin-Fav,NARGP,51,48.8,0.9930678795058847
Branin-Fav,NARGP,51,48.9,0.9930678795058847
Branin-Fav,NARGP,51,49.0,0.9930678795058847
Branin-Fav,NARGP,51,49.1,0.9930678795058847
Branin-Fav,NARGP,51,49.2,0.9930678795058847
Branin-Fav,NARGP,51,49.3,0.9930678795058847
Branin-Fav,NARGP,51,49.4,0.9930678795058847
Branin-Fav,NARGP,51,49.5,0.9930678795058847
Branin-Fav,NARGP,51,49.6,0.9930678795058847
Branin-Fav,NARGP,51,49.7,0.9930678795058847
Branin-Fav,NARGP,51,49.8,0.9930678795058847
Branin-Fav,NARGP,51,49.9,0.9930678795058847
