benchmark,model,seed,budget,regret
COFs,Sequential,42,3.495,15.411634978620436
COFs,Sequential,42,3.56,15.411634978620436
COFs,Sequential,42,3.625,15.411634978620436
COFs,Sequential,42,3.69,15.411634978620436
COFs,Sequential,42,3.755,15.411634978620436
COFs,Sequential,42,3.82,15.411634978620436
COFs,Sequential,42,3.885,15.411634978620436
COFs,Sequential,42,3.95,15.411634978620436
COFs,Sequential,42,4.015,15.411634978620436
COFs,Sequential,42,4.08,15.411634978620436
COFs,Sequential,42,4.145,15.411634978620436
COFs,Sequential,42,4.21,15.411634978620436
COFs,Sequential,42,4.275,15.411634978620436
COFs,Sequential,42,4.34,15.411634978620436
COFs,Sequential,42,4.405,15.411634978620436
COFs,Sequential,42,4.47,15.411634978620436
COFs,Sequential,42,5.47,4.516970590908455
COFs,Sequential,42,5.535,4.516970590908455
COFs,Sequential,42,5.6,4.516970590908455
COFs,Sequential,42,5.665,4.516970590908455
COFs,Sequential,42,5.73,4.516970590908455
COFs,Sequential,42,5.795,4.516970590908455
COFs,Sequential,42,5.86,4.516970590908455
COFs,Sequential,42,5.925,4.516970590908455
COFs,Sequential,42,5.99,4.516970590908455
COFs,Sequential,42,6.055,4.516970590908455
COFs,Sequential,42,6.12,4.516970590908455
COFs,Sequential,42,6.185,4.516970590908455
COFs,Sequential,42,6.25,4.516970590908455
COFs,Sequential,42,6.315,4.516970590908455
COFs,Sequential,42,6.38,4.516970590908455
COFs,Sequential,42,6.445,4.516970590908455
COFs,Sequential,42,7.445,1.6834527522225675
COFs,Sequential,42,7.51,1.6834527522225675
COFs,Sequential,42,7.575,1.6834527522225675
COFs,Sequential,42,7.64,1.6834527522225675
COFs,Sequential,42,7.705,1.6834527522225675
COFs,Sequential,42,7.77,1.6834527522225675
COFs,Sequential,42,7.835,1.6834527522225675
COFs,Sequential,42,7.9,1.6834527522225675
COFs,Sequential,42,7.965,1.6834527522225675
COFs,Sequential,42,8.03,1.6834527522225675
COFs,Sequential,42,8.095,1.6834527522225675
COFs,Sequential,42,8.16,1.6834527522225675
COFs,Sequential,42,8.225,1.6834527522225675
COFs,Sequential,42,8.29,1.6834527522225675
COFs,Sequential,42,8.355,1.6834527522225675
COFs,Sequential,42,8.42,1.6834527522225675
COFs,Sequential,42,9.42,1.6834527522225675
COFs,Sequential,42,9.485,1.6834527522225675
COFs,Sequential,42,9.55,1.6834527522225675
COFs,Sequential,42,9.615,1.6834527522225675
COFs,Sequential,42,9.68,1.6834527522225675
COFs,Sequential,42,9.745,1.6834527522225675
COFs,Sequential,42,9.81,1.6834527522225675
COFs,Sequential,42,9.875,1.6834527522225675
COFs,Sequential,42,9.94,1.6834527522225675
COFs,Sequential,42,10.005,1.6834527522225675
COFs,Sequential,42,10.07,1.6834527522225675
COFs,Sequential,42,10.135,1.6834527522225675
COFs,Sequential,42,10.2,1.6834527522225675
COFs,Sequential,42,10.265,1.6834527522225675
COFs,Sequential,42,10.33,1.6834527522225675
COFs,Sequential,42,10.395,1.6834527522225675
COFs,Sequential,42,11.395,0.0
COFs,Sequential,42,11.46,0.0
COFs,Sequential,42,11.525,0.0
COFs,Sequential,42,11.59,0.0
COFs,Sequential,42,11.655,0.0
COFs,Sequential,42,11.72,0.0
COFs,Sequential,42,11.785,0.0
COFs,Sequential,42,11.85,0.0
COFs,Sequential,42,11.915,0.0
COFs,Sequential,42,11.98,0.0
COFs,Sequential,42,12.045,0.0
COFs,Sequential,42,12.11,0.0
COFs,Sequential,42,12.175,0.0
COFs,Sequential,42,12.24,0.0
COFs,Sequential,42,12.305,0.0
COFs,Sequential,42,12.37,0.0
COFs,Sequential,42,13.37,0.0
COFs,Sequential,42,13.435,0.0
COFs,Sequential,42,13.5,0.0
COFs,Sequential,42,13.565,0.0
COFs,Sequential,42,13.63,0.0
COFs,Sequential,42,13.695,0.0
COFs,Sequential,42,13.76,0.0
COFs,Sequential,42,13.825,0.0
COFs,Sequential,42,13.89,0.0
COFs,Sequential,42,13.955,0.0
COFs,Sequential,42,14.02,0.0
COFs,Sequential,42,14.085,0.0
COFs,Sequential,42,14.15,0.0
COFs,Sequential,42,14.215,0.0
COFs,Sequential,42,14.28,0.0
COFs,Sequential,42,14.345,0.0
COFs,Sequential,42,15.345,0.0
COFs,Sequential,42,15.41,0.0
COFs,Sequential,42,15.475,0.0
COFs,Sequential,42,15.54,0.0
COFs,Sequential,42,15.605,0.0
COFs,Sequential,42,15.67,0.0
COFs,Sequential,42,15.735,0.0
COFs,Sequential,42,15.8,0.0
COFs,Sequential,42,15.865,0.0
COFs,Sequential,42,15.93,0.0
COFs,Sequential,42,15.995,0.0
COFs,Sequential,42,16.06,0.0
COFs,Sequential,42,16.125,0.0
COFs,Sequential,42,16.19,0.0
COFs,Sequential,42,16.255,0.0
COFs,Sequential,42,16.32,0.0
COFs,Sequential,42,17.32,0.0
COFs,Sequential,42,17.385,0.0
COFs,Sequential,42,17.45,0.0
COFs,Sequential,42,17.515,0.0
COFs,Sequential,42,17.58,0.0
COFs,Sequential,42,17.645,0.0
COFs,Sequential,42,17.71,0.0
COFs,Sequential,42,17.775,0.0
COFs,Sequential,42,17.84,0.0
COFs,Sequential,42,17.905,0.0
COFs,Sequential,42,17.97,0.0
COFs,Sequential,42,18.035,0.0
COFs,Sequential,42,18.1,0.0
COFs,Sequential,42,18.165,0.0
COFs,Sequential,42,18.23,0.0
COFs,Sequential,42,18.295,0.0
COFs,Sequential,42,19.295,0.0
COFs,Sequential,42,19.36,0.0
COFs,Sequential,42,19.425,0.0
COFs,Sequential,42,19.49,0.0
COFs,Sequential,42,19.555,0.0
COFs,Sequential,42,19.62,0.0
COFs,Sequential,42,19.685,0.0
COFs,Sequential,42,19.75,0.0
COFs,Sequential,42,19.815,0.0
COFs,Sequential,42,19.88,0.0
COFs,Sequential,42,19.945,0.0
COFs,Sequential,42,20.01,0.0
COFs,Sequential,42,20.075,0.0
COFs,Sequential,42,20.14,0.0
COFs,Sequential,42,20.205,0.0
COFs,Sequential,42,20.27,0.0
COFs,Sequential,42,21.27,0.0
COFs,Sequential,42,21.335,0.0
COFs,Sequential,42,21.4,0.0
COFs,Sequential,42,21.465,0.0
COFs,Sequential,42,21.53,0.0
COFs,Sequential,42,21.595,0.0
COFs,Sequential,42,21.66,0.0
COFs,Sequential,42,21.725,0.0
COFs,Sequential,42,21.79,0.0
COFs,Sequential,42,21.855,0.0
COFs,Sequential,42,21.92,0.0
COFs,Sequential,42,21.985,0.0
COFs,Sequential,42,22.05,0.0
COFs,Sequential,42,22.115,0.0
COFs,Sequential,42,22.18,0.0
COFs,Sequential,42,22.245,0.0
COFs,Sequential,42,23.245,0.0
COFs,Sequential,42,23.31,0.0
COFs,Sequential,42,23.375,0.0
COFs,Sequential,42,23.44,0.0
COFs,Sequential,42,23.505,0.0
COFs,Sequential,42,23.57,0.0
COFs,Sequential,42,23.635,0.0
COFs,Sequential,42,23.7,0.0
COFs,Sequential,42,23.765,0.0
COFs,Sequential,42,23.83,0.0
COFs,Sequential,42,23.895,0.0
COFs,Sequential,42,23.96,0.0
COFs,Sequential,42,24.025,0.0
COFs,Sequential,42,24.09,0.0
COFs,Sequential,42,24.155,0.0
COFs,Sequential,42,24.22,0.0
COFs,Sequential,42,25.22,0.0
COFs,Sequential,42,25.285,0.0
COFs,Sequential,42,25.35,0.0
COFs,Sequential,42,25.415,0.0
COFs,Sequential,42,25.48,0.0
COFs,Sequential,42,25.545,0.0
COFs,Sequential,42,25.61,0.0
COFs,Sequential,42,25.675,0.0
COFs,Sequential,42,25.74,0.0
COFs,Sequential,42,25.805,0.0
COFs,Sequential,42,25.87,0.0
COFs,Sequential,42,25.935,0.0
COFs,Sequential,42,26.0,0.0
COFs,Sequential,42,26.065,0.0
COFs,Sequential,42,26.13,0.0
COFs,Sequential,42,26.195,0.0
COFs,Sequential,42,27.195,0.0
COFs,Sequential,42,27.26,0.0
COFs,Sequential,42,27.325,0.0
COFs,Sequential,42,27.39,0.0
COFs,Sequential,42,27.455,0.0
COFs,Sequential,42,27.52,0.0
COFs,Sequential,42,27.585,0.0
COFs,Sequential,42,27.65,0.0
COFs,Sequential,42,27.715,0.0
COFs,Sequential,42,27.78,0.0
COFs,Sequential,42,27.845,0.0
COFs,Sequential,42,27.91,0.0
COFs,Sequential,42,27.975,0.0
COFs,Sequential,42,28.04,0.0
COFs,Sequential,42,28.105,0.0
COFs,Sequential,42,28.17,0.0
COFs,Sequential,42,29.17,0.0
COFs,Sequential,42,29.235,0.0
COFs,Sequential,42,29.3,0.0
COFs,Sequential,42,29.365,0.0
COFs,Sequential,42,29.43,0.0
COFs,Sequential,42,29.495,0.0
COFs,Sequential,42,29.56,0.0
COFs,Sequential,42,29.625,0.0
COFs,Sequential,42,29.69,0.0
COFs,Sequential,42,29.755,0.0
COFs,Sequential,42,29.82,0.0
COFs,Sequential,42,29.885,0.0
COFs,Sequential,42,29.95,0.0
COFs,Sequential,43,3.495,2.768421691579954
COFs,Sequential,43,3.56,2.768421691579954
COFs,Sequential,43,3.625,2.768421691579954
COFs,Sequential,43,3.69,2.768421691579954
COFs,Sequential,43,3.755,2.768421691579954
COFs,Sequential,43,3.82,2.768421691579954
COFs,Sequential,43,3.885,2.768421691579954
COFs,Sequential,43,3.95,2.768421691579954
COFs,Sequential,43,4.015,2.768421691579954
COFs,Sequential,43,4.08,2.768421691579954
COFs,Sequential,43,4.145,2.768421691579954
COFs,Sequential,43,4.21,2.768421691579954
COFs,Sequential,43,4.275,2.768421691579954
COFs,Sequential,43,4.34,2.768421691579954
COFs,Sequential,43,4.405,2.768421691579954
COFs,Sequential,43,4.47,2.768421691579954
COFs,Sequential,43,5.47,2.768421691579954
COFs,Sequential,43,5.535,2.768421691579954
COFs,Sequential,43,5.6,2.768421691579954
COFs,Sequential,43,5.665,2.768421691579954
COFs,Sequential,43,5.73,2.768421691579954
COFs,Sequential,43,5.795,2.768421691579954
COFs,Sequential,43,5.86,2.768421691579954
COFs,Sequential,43,5.925,2.768421691579954
COFs,Sequential,43,5.99,2.768421691579954
COFs,Sequential,43,6.055,2.768421691579954
COFs,Sequential,43,6.12,2.768421691579954
COFs,Sequential,43,6.185,2.768421691579954
COFs,Sequential,43,6.25,2.768421691579954
COFs,Sequential,43,6.315,2.768421691579954
COFs,Sequential,43,6.38,2.768421691579954
COFs,Sequential,43,6.445,2.768421691579954
COFs,Sequential,43,7.445,2.768421691579954
COFs,Sequential,43,7.51,2.768421691579954
COFs,Sequential,43,7.575,2.768421691579954
COFs,Sequential,43,7.64,2.768421691579954
COFs,Sequential,43,7.705,2.768421691579954
COFs,Sequential,43,7.77,2.768421691579954
COFs,Sequential,43,7.835,2.768421691579954
COFs,Sequential,43,7.9,2.768421691579954
COFs,Sequential,43,7.965,2.768421691579954
COFs,Sequential,43,8.03,2.768421691579954
COFs,Sequential,43,8.095,2.768421691579954
COFs,Sequential,43,8.16,2.768421691579954
COFs,Sequential,43,8.225,2.768421691579954
COFs,Sequential,43,8.29,2.768421691579954
COFs,Sequential,43,8.355,2.768421691579954
COFs,Sequential,43,8.42,2.768421691579954
COFs,Sequential,43,9.42,1.6834527522225675
COFs,Sequential,43,9.485,1.6834527522225675
COFs,Sequential,43,9.55,1.6834527522225675
COFs,Sequential,43,9.615,1.6834527522225675
COFs,Sequential,43,9.68,1.6834527522225675
COFs,Sequential,43,9.745,1.6834527522225675
COFs,Sequential,43,9.81,1.6834527522225675
COFs,Sequential,43,9.875,1.6834527522225675
COFs,Sequential,43,9.94,1.6834527522225675
COFs,Sequential,43,10.005,1.6834527522225675
COFs,Sequential,43,10.07,1.6834527522225675
COFs,Sequential,43,10.135,1.6834527522225675
COFs,Sequential,43,10.2,1.6834527522225675
COFs,Sequential,43,10.265,1.6834527522225675
COFs,Sequential,43,10.33,1.6834527522225675
COFs,Sequential,43,10.395,1.6834527522225675
COFs,Sequential,43,11.395,1.6834527522225675
COFs,Sequential,43,11.46,1.6834527522225675
COFs,Sequential,43,11.525,1.6834527522225675
COFs,Sequential,43,11.59,1.6834527522225675
COFs,Sequential,43,11.655,1.6834527522225675
COFs,Sequential,43,11.72,1.6834527522225675
COFs,Sequential,43,11.785,1.6834527522225675
COFs,Sequential,43,11.85,1.6834527522225675
COFs,Sequential,43,11.915,1.6834527522225675
COFs,Sequential,43,11.98,1.6834527522225675
COFs,Sequential,43,12.045,1.6834527522225675
COFs,Sequential,43,12.11,1.6834527522225675
COFs,Sequential,43,12.175,1.6834527522225675
COFs,Sequential,43,12.24,1.6834527522225675
COFs,Sequential,43,12.305,1.6834527522225675
COFs,Sequential,43,12.37,1.6834527522225675
COFs,Sequential,43,13.37,1.6834527522225675
COFs,Sequential,43,13.435,1.6834527522225675
COFs,Sequential,43,13.5,1.6834527522225675
COFs,Sequential,43,13.565,1.6834527522225675
COFs,Sequential,43,13.63,1.6834527522225675
COFs,Sequential,43,13.695,1.6834527522225675
COFs,Sequential,43,13.76,1.6834527522225675
COFs,Sequential,43,13.825,1.6834527522225675
COFs,Sequential,43,13.89,1.6834527522225675
COFs,Sequential,43,13.955,1.6834527522225675
COFs,Sequential,43,14.02,1.6834527522225675
COFs,Sequential,43,14.085,1.6834527522225675
COFs,Sequential,43,14.15,1.6834527522225675
COFs,Sequential,43,14.215,1.6834527522225675
COFs,Sequential,43,14.28,1.6834527522225675
COFs,Sequential,43,14.345,1.6834527522225675
COFs,Sequential,43,15.345,0.0
COFs,Sequential,43,15.41,0.0
COFs,Sequential,43,15.475,0.0
COFs,Sequential,43,15.54,0.0
COFs,Sequential,43,15.605,0.0
COFs,Sequential,43,15.67,0.0
COFs,Sequential,43,15.735,0.0
COFs,Sequential,43,15.8,0.0
COFs,Sequential,43,15.865,0.0
COFs,Sequential,43,15.93,0.0
COFs,Sequential,43,15.995,0.0
COFs,Sequential,43,16.06,0.0
COFs,Sequential,43,16.125,0.0
COFs,Sequential,43,16.19,0.0
COFs,Sequential,43,16.255,0.0
COFs,Sequential,43,16.32,0.0
COFs,Sequential,43,17.32,0.0
COFs,Sequential,43,17.385,0.0
COFs,Sequential,43,17.45,0.0
COFs,Sequential,43,17.515,0.0
COFs,Sequential,43,17.58,0.0
COFs,Sequential,43,17.645,0.0
COFs,Sequential,43,17.71,0.0
COFs,Sequential,43,17.775,0.0
COFs,Sequential,43,17.84,0.0
COFs,Sequential,43,17.905,0.0
COFs,Sequential,43,17.97,0.0
COFs,Sequential,43,18.035,0.0
COFs,Sequential,43,18.1,0.0
COFs,Sequential,43,18.165,0.0
COFs,Sequential,43,18.23,0.0
COFs,Sequential,43,18.295,0.0
COFs,Sequential,43,19.295,0.0
COFs,Sequential,43,19.36,0.0
COFs,Sequential,43,19.425,0.0
COFs,Sequential,43,19.49,0.0
COFs,Sequential,43,19.555,0.0
COFs,Sequential,43,19.62,0.0
COFs,Sequential,43,19.685,0.0
COFs,Sequential,43,19.75,0.0
COFs,Sequential,43,19.815,0.0
COFs,Sequential,43,19.88,0.0
COFs,Sequential,43,19.945,0.0
COFs,Sequential,43,20.01,0.0
COFs,Sequential,43,20.075,0.0
COFs,Sequential,43,20.14,0.0
COFs,Sequential,43,20.205,0.0
COFs,Sequential,43,20.27,0.0
COFs,Sequential,43,21.27,0.0
COFs,Sequential,43,21.335,0.0
COFs,Sequential,43,21.4,0.0
COFs,Sequential,43,21.465,0.0
COFs,Sequential,43,21.53,0.0
COFs,Sequential,43,21.595,0.0
COFs,Sequential,43,21.66,0.0
COFs,Sequential,43,21.725,0.0
COFs,Sequential,43,21.79,0.0
COFs,Sequential,43,21.855,0.0
COFs,Sequential,43,21.92,0.0
COFs,Sequential,43,21.985,0.0
COFs,Sequential,43,22.05,0.0
COFs,Sequential,43,22.115,0.0
COFs,Sequential,43,22.18,0.0
COFs,Sequential,43,22.245,0.0
COFs,Sequential,43,23.245,0.0
COFs,Sequential,43,23.31,0.0
COFs,Sequential,43,23.375,0.0
COFs,Sequential,43,23.44,0.0
COFs,Sequential,43,23.505,0.0
COFs,Sequential,43,23.57,0.0
COFs,Sequential,43,23.635,0.0
COFs,Sequential,43,23.7,0.0
COFs,Sequential,43,23.765,0.0
COFs,Sequential,43,23.83,0.0
COFs,Sequential,43,23.895,0.0
COFs,Sequential,43,23.96,0.0
COFs,Sequential,43,24.025,0.0
COFs,Sequential,43,24.09,0.0
COFs,Sequential,43,24.155,0.0
COFs,Sequential,43,24.22,0.0
COFs,Sequential,43,25.22,0.0
COFs,Sequential,43,25.285,0.0
COFs,Sequential,43,25.35,0.0
COFs,Sequential,43,25.415,0.0
COFs,Sequential,43,25.48,0.0
COFs,Sequential,43,25.545,0.0
COFs,Sequential,43,25.61,0.0
COFs,Sequential,43,25.675,0.0
COFs,Sequential,43,25.74,0.0
COFs,Sequential,43,25.805,0.0
COFs,Sequential,43,25.87,0.0
COFs,Sequential,43,25.935,0.0
COFs,Sequential,43,26.0,0.0
COFs,Sequential,43,26.065,0.0
COFs,Sequential,43,26.13,0.0
COFs,Sequential,43,26.195,0.0
COFs,Sequential,43,27.195,0.0
COFs,Sequential,43,27.26,0.0
COFs,Sequential,43,27.325,0.0
COFs,Sequential,43,27.39,0.0
COFs,Sequential,43,27.455,0.0
COFs,Sequential,43,27.52,0.0
COFs,Sequential,43,27.585,0.0
COFs,Sequential,43,27.65,0.0
COFs,Sequential,43,27.715,0.0
COFs,Sequential,43,27.78,0.0
COFs,Sequential,43,27.845,0.0
COFs,Sequential,43,27.91,0.0
COFs,Sequential,43,27.975,0.0
COFs,Sequential,43,28.04,0.0
COFs,Sequential,43,28.105,0.0
COFs,Sequential,43,28.17,0.0
COFs,Sequential,43,29.17,0.0
COFs,Sequential,43,29.235,0.0
COFs,Sequential,43,29.3,0.0
COFs,Sequential,43,29.365,0.0
COFs,Sequential,43,29.43,0.0
COFs,Sequential,43,29.495,0.0
COFs,Sequential,43,29.56,0.0
COFs,Sequential,43,29.625,0.0
COFs,Sequential,43,29.69,0.0
COFs,Sequential,43,29.755,0.0
COFs,Sequential,43,29.82,0.0
COFs,Sequential,43,29.885,0.0
COFs,Sequential,43,29.95,0.0
COFs,Sequential,44,3.495,14.985327132158876
COFs,Sequential,44,3.56,14.985327132158876
COFs,Sequential,44,3.625,14.985327132158876
COFs,Sequential,44,3.69,14.985327132158876
COFs,Sequential,44,3.755,14.985327132158876
COFs,Sequential,44,3.82,14.985327132158876
COFs,Sequential,44,3.885,14.985327132158876
COFs,Sequential,44,3.95,14.985327132158876
COFs,Sequential,44,4.015,14.985327132158876
COFs,Sequential,44,4.08,14.985327132158876
COFs,Sequential,44,4.145,14.985327132158876
COFs,Sequential,44,4.21,14.985327132158876
COFs,Sequential,44,4.275,14.985327132158876
COFs,Sequential,44,4.34,14.985327132158876
COFs,Sequential,44,4.405,14.985327132158876
COFs,Sequential,44,4.47,14.985327132158876
COFs,Sequential,44,5.47,0.3635064340810032
COFs,Sequential,44,5.535,0.3635064340810032
COFs,Sequential,44,5.6,0.3635064340810032
COFs,Sequential,44,5.665,0.3635064340810032
COFs,Sequential,44,5.73,0.3635064340810032
COFs,Sequential,44,5.795,0.3635064340810032
COFs,Sequential,44,5.86,0.3635064340810032
COFs,Sequential,44,5.925,0.3635064340810032
COFs,Sequential,44,5.99,0.3635064340810032
COFs,Sequential,44,6.055,0.3635064340810032
COFs,Sequential,44,6.12,0.3635064340810032
COFs,Sequential,44,6.185,0.3635064340810032
COFs,Sequential,44,6.25,0.3635064340810032
COFs,Sequential,44,6.315,0.3635064340810032
COFs,Sequential,44,6.38,0.3635064340810032
COFs,Sequential,44,6.445,0.3635064340810032
COFs,Sequential,44,7.445,0.3635064340810032
COFs,Sequential,44,7.51,0.3635064340810032
COFs,Sequential,44,7.575,0.3635064340810032
COFs,Sequential,44,7.64,0.3635064340810032
COFs,Sequential,44,7.705,0.3635064340810032
COFs,Sequential,44,7.77,0.3635064340810032
COFs,Sequential,44,7.835,0.3635064340810032
COFs,Sequential,44,7.9,0.3635064340810032
COFs,Sequential,44,7.965,0.3635064340810032
COFs,Sequential,44,8.03,0.3635064340810032
COFs,Sequential,44,8.095,0.3635064340810032
COFs,Sequential,44,8.16,0.3635064340810032
COFs,Sequential,44,8.225,0.3635064340810032
COFs,Sequential,44,8.29,0.3635064340810032
COFs,Sequential,44,8.355,0.3635064340810032
COFs,Sequential,44,8.42,0.3635064340810032
COFs,Sequential,44,9.42,0.1384703736115966
COFs,Sequential,44,9.485,0.1384703736115966
COFs,Sequential,44,9.55,0.1384703736115966
COFs,Sequential,44,9.615,0.1384703736115966
COFs,Sequential,44,9.68,0.1384703736115966
COFs,Sequential,44,9.745,0.1384703736115966
COFs,Sequential,44,9.81,0.1384703736115966
COFs,Sequential,44,9.875,0.1384703736115966
COFs,Sequential,44,9.94,0.1384703736115966
COFs,Sequential,44,10.005,0.1384703736115966
COFs,Sequential,44,10.07,0.1384703736115966
COFs,Sequential,44,10.135,0.1384703736115966
COFs,Sequential,44,10.2,0.1384703736115966
COFs,Sequential,44,10.265,0.1384703736115966
COFs,Sequential,44,10.33,0.1384703736115966
COFs,Sequential,44,10.395,0.1384703736115966
COFs,Sequential,44,11.395,0.0
COFs,Sequential,44,11.46,0.0
COFs,Sequential,44,11.525,0.0
COFs,Sequential,44,11.59,0.0
COFs,Sequential,44,11.655,0.0
COFs,Sequential,44,11.72,0.0
COFs,Sequential,44,11.785,0.0
COFs,Sequential,44,11.85,0.0
COFs,Sequential,44,11.915,0.0
COFs,Sequential,44,11.98,0.0
COFs,Sequential,44,12.045,0.0
COFs,Sequential,44,12.11,0.0
COFs,Sequential,44,12.175,0.0
COFs,Sequential,44,12.24,0.0
COFs,Sequential,44,12.305,0.0
COFs,Sequential,44,12.37,0.0
COFs,Sequential,44,13.37,0.0
COFs,Sequential,44,13.435,0.0
COFs,Sequential,44,13.5,0.0
COFs,Sequential,44,13.565,0.0
COFs,Sequential,44,13.63,0.0
COFs,Sequential,44,13.695,0.0
COFs,Sequential,44,13.76,0.0
COFs,Sequential,44,13.825,0.0
COFs,Sequential,44,13.89,0.0
COFs,Sequential,44,13.955,0.0
COFs,Sequential,44,14.02,0.0
COFs,Sequential,44,14.085,0.0
COFs,Sequential,44,14.15,0.0
COFs,Sequential,44,14.215,0.0
COFs,Sequential,44,14.28,0.0
COFs,Sequential,44,14.345,0.0
COFs,Sequential,44,15.345,0.0
COFs,Sequential,44,15.41,0.0
COFs,Sequential,44,15.475,0.0
COFs,Sequential,44,15.54,0.0
COFs,Sequential,44,15.605,0.0
COFs,Sequential,44,15.67,0.0
COFs,Sequential,44,15.735,0.0
COFs,Sequential,44,15.8,0.0
COFs,Sequential,44,15.865,0.0
COFs,Sequential,44,15.93,0.0
COFs,Sequential,44,15.995,0.0
COFs,Sequential,44,16.06,0.0
COFs,Sequential,44,16.125,0.0
COFs,Sequential,44,16.19,0.0
COFs,Sequential,44,16.255,0.0
COFs,Sequential,44,16.32,0.0
COFs,Sequential,44,17.32,0.0
COFs,Sequential,44,17.385,0.0
COFs,Sequential,44,17.45,0.0
COFs,Sequential,44,17.515,0.0
COFs,Sequential,44,17.58,0.0
COFs,Sequential,44,17.645,0.0
COFs,Sequential,44,17.71,0.0
COFs,Sequential,44,17.775,0.0
COFs,Sequential,44,17.84,0.0
COFs,Sequential,44,17.905,0.0
COFs,Sequential,44,17.97,0.0
COFs,Sequential,44,18.035,0.0
COFs,Sequential,44,18.1,0.0
COFs,Sequential,44,18.165,0.0
COFs,Sequential,44,18.23,0.0
COFs,Sequential,44,18.295,0.0
COFs,Sequential,44,19.295,0.0
COFs,Sequential,44,19.36,0.0
COFs,Sequential,44,19.425,0.0
COFs,Sequential,44,19.49,0.0
COFs,Sequential,44,19.555,0.0
COFs,Sequential,44,19.62,0.0
COFs,Sequential,44,19.685,0.0
COFs,Sequential,44,19.75,0.0
COFs,Sequential,44,19.815,0.0
COFs,Sequential,44,19.88,0.0
COFs,Sequential,44,19.945,0.0
COFs,Sequential,44,20.01,0.0
COFs,Sequential,44,20.075,0.0
COFs,Sequential,44,20.14,0.0
COFs,Sequential,44,20.205,0.0
COFs,Sequential,44,20.27,0.0
COFs,Sequential,44,21.27,0.0
COFs,Sequential,44,21.335,0.0
COFs,Sequential,44,21.4,0.0
COFs,Sequential,44,21.465,0.0
COFs,Sequential,44,21.53,0.0
COFs,Sequential,44,21.595,0.0
COFs,Sequential,44,21.66,0.0
COFs,Sequential,44,21.725,0.0
COFs,Sequential,44,21.79,0.0
COFs,Sequential,44,21.855,0.0
COFs,Sequential,44,21.92,0.0
COFs,Sequential,44,21.985,0.0
COFs,Sequential,44,22.05,0.0
COFs,Sequential,44,22.115,0.0
COFs,Sequential,44,22.18,0.0
COFs,Sequential,44,22.245,0.0
COFs,Sequential,44,23.245,0.0
COFs,Sequential,44,23.31,0.0
COFs,Sequential,44,23.375,0.0
COFs,Sequential,44,23.44,0.0
COFs,Sequential,44,23.505,0.0
COFs,Sequential,44,23.57,0.0
COFs,Sequential,44,23.635,0.0
COFs,Sequential,44,23.7,0.0
COFs,Sequential,44,23.765,0.0
COFs,Sequential,44,23.83,0.0
COFs,Sequential,44,23.895,0.0
COFs,Sequential,44,23.96,0.0
COFs,Sequential,44,24.025,0.0
COFs,Sequential,44,24.09,0.0
COFs,Sequential,44,24.155,0.0
COFs,Sequential,44,24.22,0.0
COFs,Sequential,44,25.22,0.0
COFs,Sequential,44,25.285,0.0
COFs,Sequential,44,25.35,0.0
COFs,Sequential,44,25.415,0.0
COFs,Sequential,44,25.48,0.0
COFs,Sequential,44,25.545,0.0
COFs,Sequential,44,25.61,0.0
COFs,Sequential,44,25.675,0.0
COFs,Sequential,44,25.74,0.0
COFs,Sequential,44,25.805,0.0
COFs,Sequential,44,25.87,0.0
COFs,Sequential,44,25.935,0.0
COFs,Sequential,44,26.0,0.0
COFs,Sequential,44,26.065,0.0
COFs,Sequential,44,26.13,0.0
COFs,Sequential,44,26.195,0.0
COFs,Sequential,44,27.195,0.0
COFs,Sequential,44,27.26,0.0
COFs,Sequential,44,27.325,0.0
COFs,Sequential,44,27.39,0.0
COFs,Sequential,44,27.455,0.0
COFs,Sequential,44,27.52,0.0
COFs,Sequential,44,27.585,0.0
COFs,Sequential,44,27.65,0.0
COFs,Sequential,44,27.715,0.0
COFs,Sequential,44,27.78,0.0
COFs,Sequential,44,27.845,0.0
COFs,Sequential,44,27.91,0.0
COFs,Sequential,44,27.975,0.0
COFs,Sequential,44,28.04,0.0
COFs,Sequential,44,28.105,0.0
COFs,Sequential,44,28.17,0.0
COFs,Sequential,44,29.17,0.0
COFs,Sequential,44,29.235,0.0
COFs,Sequential,44,29.3,0.0
COFs,Sequential,44,29.365,0.0
COFs,Sequential,44,29.43,0.0
COFs,Sequential,44,29.495,0.0
COFs,Sequential,44,29.56,0.0
COFs,Sequential,44,29.625,0.0
COFs,Sequential,44,29.69,0.0
COFs,Sequential,44,29.755,0.0
COFs,Sequential,44,29.82,0.0
COFs,Sequential,44,29.885,0.0
COFs,Sequential,44,29.95,0.0
COFs,Sequential,45,3.495,2.768421691579954
COFs,Sequential,45,3.56,2.768421691579954
COFs,Sequential,45,3.625,2.768421691579954
COFs,Sequential,45,3.69,2.768421691579954
COFs,Sequential,45,3.755,2.768421691579954
COFs,Sequential,45,3.82,2.768421691579954
COFs,Sequential,45,3.885,2.768421691579954
COFs,Sequential,45,3.95,2.768421691579954
COFs,Sequential,45,4.015,2.768421691579954
COFs,Sequential,45,4.08,2.768421691579954
COFs,Sequential,45,4.145,2.768421691579954
COFs,Sequential,45,4.21,2.768421691579954
COFs,Sequential,45,4.275,2.768421691579954
COFs,Sequential,45,4.34,2.768421691579954
COFs,Sequential,45,4.405,2.768421691579954
COFs,Sequential,45,4.47,2.768421691579954
COFs,Sequential,45,5.47,2.768421691579954
COFs,Sequential,45,5.535,2.768421691579954
COFs,Sequential,45,5.6,2.768421691579954
COFs,Sequential,45,5.665,2.768421691579954
COFs,Sequential,45,5.73,2.768421691579954
COFs,Sequential,45,5.795,2.768421691579954
COFs,Sequential,45,5.86,2.768421691579954
COFs,Sequential,45,5.925,2.768421691579954
COFs,Sequential,45,5.99,2.768421691579954
COFs,Sequential,45,6.055,2.768421691579954
COFs,Sequential,45,6.12,2.768421691579954
COFs,Sequential,45,6.185,2.768421691579954
COFs,Sequential,45,6.25,2.768421691579954
COFs,Sequential,45,6.315,2.768421691579954
COFs,Sequential,45,6.38,2.768421691579954
COFs,Sequential,45,6.445,2.768421691579954
COFs,Sequential,45,7.445,2.768421691579954
COFs,Sequential,45,7.51,2.768421691579954
COFs,Sequential,45,7.575,2.768421691579954
COFs,Sequential,45,7.64,2.768421691579954
COFs,Sequential,45,7.705,2.768421691579954
COFs,Sequential,45,7.77,2.768421691579954
COFs,Sequential,45,7.835,2.768421691579954
COFs,Sequential,45,7.9,2.768421691579954
COFs,Sequential,45,7.965,2.768421691579954
COFs,Sequential,45,8.03,2.768421691579954
COFs,Sequential,45,8.095,2.768421691579954
COFs,Sequential,45,8.16,2.768421691579954
COFs,Sequential,45,8.225,2.768421691579954
COFs,Sequential,45,8.29,2.768421691579954
COFs,Sequential,45,8.355,2.768421691579954
COFs,Sequential,45,8.42,2.768421691579954
COFs,Sequential,45,9.42,2.768421691579954
COFs,Sequential,45,9.485,2.768421691579954
COFs,Sequential,45,9.55,2.768421691579954
COFs,Sequential,45,9.615,2.768421691579954
COFs,Sequential,45,9.68,2.768421691579954
COFs,Sequential,45,9.745,2.768421691579954
COFs,Sequential,45,9.81,2.768421691579954
COFs,Sequential,45,9.875,2.768421691579954
COFs,Sequential,45,9.94,2.768421691579954
COFs,Sequential,45,10.005,2.768421691579954
COFs,Sequential,45,10.07,2.768421691579954
COFs,Sequential,45,10.135,2.768421691579954
COFs,Sequential,45,10.2,2.768421691579954
COFs,Sequential,45,10.265,2.768421691579954
COFs,Sequential,45,10.33,2.768421691579954
COFs,Sequential,45,10.395,2.768421691579954
COFs,Sequential,45,11.395,1.6834527522225675
COFs,Sequential,45,11.46,1.6834527522225675
COFs,Sequential,45,11.525,1.6834527522225675
COFs,Sequential,45,11.59,1.6834527522225675
COFs,Sequential,45,11.655,1.6834527522225675
COFs,Sequential,45,11.72,1.6834527522225675
COFs,Sequential,45,11.785,1.6834527522225675
COFs,Sequential,45,11.85,1.6834527522225675
COFs,Sequential,45,11.915,1.6834527522225675
COFs,Sequential,45,11.98,1.6834527522225675
COFs,Sequential,45,12.045,1.6834527522225675
COFs,Sequential,45,12.11,1.6834527522225675
COFs,Sequential,45,12.175,1.6834527522225675
COFs,Sequential,45,12.24,1.6834527522225675
COFs,Sequential,45,12.305,1.6834527522225675
COFs,Sequential,45,12.37,1.6834527522225675
COFs,Sequential,45,13.37,1.6834527522225675
COFs,Sequential,45,13.435,1.6834527522225675
COFs,Sequential,45,13.5,1.6834527522225675
COFs,Sequential,45,13.565,1.6834527522225675
COFs,Sequential,45,13.63,1.6834527522225675
COFs,Sequential,45,13.695,1.6834527522225675
COFs,Sequential,45,13.76,1.6834527522225675
COFs,Sequential,45,13.825,1.6834527522225675
COFs,Sequential,45,13.89,1.6834527522225675
COFs,Sequential,45,13.955,1.6834527522225675
COFs,Sequential,45,14.02,1.6834527522225675
COFs,Sequential,45,14.085,1.6834527522225675
COFs,Sequential,45,14.15,1.6834527522225675
COFs,Sequential,45,14.215,1.6834527522225675
COFs,Sequential,45,14.28,1.6834527522225675
COFs,Sequential,45,14.345,1.6834527522225675
COFs,Sequential,45,15.345,0.0
COFs,Sequential,45,15.41,0.0
COFs,Sequential,45,15.475,0.0
COFs,Sequential,45,15.54,0.0
COFs,Sequential,45,15.605,0.0
COFs,Sequential,45,15.67,0.0
COFs,Sequential,45,15.735,0.0
COFs,Sequential,45,15.8,0.0
COFs,Sequential,45,15.865,0.0
COFs,Sequential,45,15.93,0.0
COFs,Sequential,45,15.995,0.0
COFs,Sequential,45,16.06,0.0
COFs,Sequential,45,16.125,0.0
COFs,Sequential,45,16.19,0.0
COFs,Sequential,45,16.255,0.0
COFs,Sequential,45,16.32,0.0
COFs,Sequential,45,17.32,0.0
COFs,Sequential,45,17.385,0.0
COFs,Sequential,45,17.45,0.0
COFs,Sequential,45,17.515,0.0
COFs,Sequential,45,17.58,0.0
COFs,Sequential,45,17.645,0.0
COFs,Sequential,45,17.71,0.0
COFs,Sequential,45,17.775,0.0
COFs,Sequential,45,17.84,0.0
COFs,Sequential,45,17.905,0.0
COFs,Sequential,45,17.97,0.0
COFs,Sequential,45,18.035,0.0
COFs,Sequential,45,18.1,0.0
COFs,Sequential,45,18.165,0.0
COFs,Sequential,45,18.23,0.0
COFs,Sequential,45,18.295,0.0
COFs,Sequential,45,19.295,0.0
COFs,Sequential,45,19.36,0.0
COFs,Sequential,45,19.425,0.0
COFs,Sequential,45,19.49,0.0
COFs,Sequential,45,19.555,0.0
COFs,Sequential,45,19.62,0.0
COFs,Sequential,45,19.685,0.0
COFs,Sequential,45,19.75,0.0
COFs,Sequential,45,19.815,0.0
COFs,Sequential,45,19.88,0.0
COFs,Sequential,45,19.945,0.0
COFs,Sequential,45,20.01,0.0
COFs,Sequential,45,20.075,0.0
COFs,Sequential,45,20.14,0.0
COFs,Sequential,45,20.205,0.0
COFs,Sequential,45,20.27,0.0
COFs,Sequential,45,21.27,0.0
COFs,Sequential,45,21.335,0.0
COFs,Sequential,45,21.4,0.0
COFs,Sequential,45,21.465,0.0
COFs,Sequential,45,21.53,0.0
COFs,Sequential,45,21.595,0.0
COFs,Sequential,45,21.66,0.0
COFs,Sequential,45,21.725,0.0
COFs,Sequential,45,21.79,0.0
COFs,Sequential,45,21.855,0.0
COFs,Sequential,45,21.92,0.0
COFs,Sequential,45,21.985,0.0
COFs,Sequential,45,22.05,0.0
COFs,Sequential,45,22.115,0.0
COFs,Sequential,45,22.18,0.0
COFs,Sequential,45,22.245,0.0
COFs,Sequential,45,23.245,0.0
COFs,Sequential,45,23.31,0.0
COFs,Sequential,45,23.375,0.0
COFs,Sequential,45,23.44,0.0
COFs,Sequential,45,23.505,0.0
COFs,Sequential,45,23.57,0.0
COFs,Sequential,45,23.635,0.0
COFs,Sequential,45,23.7,0.0
COFs,Sequential,45,23.765,0.0
COFs,Sequential,45,23.83,0.0
COFs,Sequential,45,23.895,0.0
COFs,Sequential,45,23.96,0.0
COFs,Sequential,45,24.025,0.0
COFs,Sequential,45,24.09,0.0
COFs,Sequential,45,24.155,0.0
COFs,Sequential,45,24.22,0.0
COFs,Sequential,45,25.22,0.0
COFs,Sequential,45,25.285,0.0
COFs,Sequential,45,25.35,0.0
COFs,Sequential,45,25.415,0.0
COFs,Sequential,45,25.48,0.0
COFs,Sequential,45,25.545,0.0
COFs,Sequential,45,25.61,0.0
COFs,Sequential,45,25.675,0.0
COFs,Sequential,45,25.74,0.0
COFs,Sequential,45,25.805,0.0
COFs,Sequential,45,25.87,0.0
COFs,Sequential,45,25.935,0.0
COFs,Sequential,45,26.0,0.0
COFs,Sequential,45,26.065,0.0
COFs,Sequential,45,26.13,0.0
COFs,Sequential,45,26.195,0.0
COFs,Sequential,45,27.195,0.0
COFs,Sequential,45,27.26,0.0
COFs,Sequential,45,27.325,0.0
COFs,Sequential,45,27.39,0.0
COFs,Sequential,45,27.455,0.0
COFs,Sequential,45,27.52,0.0
COFs,Sequential,45,27.585,0.0
COFs,Sequential,45,27.65,0.0
COFs,Sequential,45,27.715,0.0
COFs,Sequential,45,27.78,0.0
COFs,Sequential,45,27.845,0.0
COFs,Sequential,45,27.91,0.0
COFs,Sequential,45,27.975,0.0
COFs,Sequential,45,28.04,0.0
COFs,Sequential,45,28.105,0.0
COFs,Sequential,45,28.17,0.0
COFs,Sequential,45,29.17,0.0
COFs,Sequential,45,29.235,0.0
COFs,Sequential,45,29.3,0.0
COFs,Sequential,45,29.365,0.0
COFs,Sequential,45,29.43,0.0
COFs,Sequential,45,29.495,0.0
COFs,Sequential,45,29.56,0.0
COFs,Sequential,45,29.625,0.0
COFs,Sequential,45,29.69,0.0
COFs,Sequential,45,29.755,0.0
COFs,Sequential,45,29.82,0.0
COFs,Sequential,45,29.885,0.0
COFs,Sequential,45,29.95,0.0
COFs,Sequential,46,3.495,2.768421691579954
COFs,Sequential,46,3.56,2.768421691579954
COFs,Sequential,46,3.625,2.768421691579954
COFs,Sequential,46,3.69,2.768421691579954
COFs,Sequential,46,3.755,2.768421691579954
COFs,Sequential,46,3.82,2.768421691579954
COFs,Sequential,46,3.885,2.768421691579954
COFs,Sequential,46,3.95,2.768421691579954
COFs,Sequential,46,4.015,2.768421691579954
COFs,Sequential,46,4.08,2.768421691579954
COFs,Sequential,46,4.145,2.768421691579954
COFs,Sequential,46,4.21,2.768421691579954
COFs,Sequential,46,4.275,2.768421691579954
COFs,Sequential,46,4.34,2.768421691579954
COFs,Sequential,46,4.405,2.768421691579954
COFs,Sequential,46,4.47,2.768421691579954
COFs,Sequential,46,5.47,2.768421691579954
COFs,Sequential,46,5.535,2.768421691579954
COFs,Sequential,46,5.6,2.768421691579954
COFs,Sequential,46,5.665,2.768421691579954
COFs,Sequential,46,5.73,2.768421691579954
COFs,Sequential,46,5.795,2.768421691579954
COFs,Sequential,46,5.86,2.768421691579954
COFs,Sequential,46,5.925,2.768421691579954
COFs,Sequential,46,5.99,2.768421691579954
COFs,Sequential,46,6.055,2.768421691579954
COFs,Sequential,46,6.12,2.768421691579954
COFs,Sequential,46,6.185,2.768421691579954
COFs,Sequential,46,6.25,2.768421691579954
COFs,Sequential,46,6.315,2.768421691579954
COFs,Sequential,46,6.38,2.768421691579954
COFs,Sequential,46,6.445,2.768421691579954
COFs,Sequential,46,7.445,2.768421691579954
COFs,Sequential,46,7.51,2.768421691579954
COFs,Sequential,46,7.575,2.768421691579954
COFs,Sequential,46,7.64,2.768421691579954
COFs,Sequential,46,7.705,2.768421691579954
COFs,Sequential,46,7.77,2.768421691579954
COFs,Sequential,46,7.835,2.768421691579954
COFs,Sequential,46,7.9,2.768421691579954
COFs,Sequential,46,7.965,2.768421691579954
COFs,Sequential,46,8.03,2.768421691579954
COFs,Sequential,46,8.095,2.768421691579954
COFs,Sequential,46,8.16,2.768421691579954
COFs,Sequential,46,8.225,2.768421691579954
COFs,Sequential,46,8.29,2.768421691579954
COFs,Sequential,46,8.355,2.768421691579954
COFs,Sequential,46,8.42,2.768421691579954
COFs,Sequential,46,9.42,1.6834527522225675
COFs,Sequential,46,9.485,1.6834527522225675
COFs,Sequential,46,9.55,1.6834527522225675
COFs,Sequential,46,9.615,1.6834527522225675
COFs,Sequential,46,9.68,1.6834527522225675
COFs,Sequential,46,9.745,1.6834527522225675
COFs,Sequential,46,9.81,1.6834527522225675
COFs,Sequential,46,9.875,1.6834527522225675
COFs,Sequential,46,9.94,1.6834527522225675
COFs,Sequential,46,10.005,1.6834527522225675
COFs,Sequential,46,10.07,1.6834527522225675
COFs,Sequential,46,10.135,1.6834527522225675
COFs,Sequential,46,10.2,1.6834527522225675
COFs,Sequential,46,10.265,1.6834527522225675
COFs,Sequential,46,10.33,1.6834527522225675
COFs,Sequential,46,10.395,1.6834527522225675
COFs,Sequential,46,11.395,1.6834527522225675
COFs,Sequential,46,11.46,1.6834527522225675
COFs,Sequential,46,11.525,1.6834527522225675
COFs,Sequential,46,11.59,1.6834527522225675
COFs,Sequential,46,11.655,1.6834527522225675
COFs,Sequential,46,11.72,1.6834527522225675
COFs,Sequential,46,11.785,1.6834527522225675
COFs,Sequential,46,11.85,1.6834527522225675
COFs,Sequential,46,11.915,1.6834527522225675
COFs,Sequential,46,11.98,1.6834527522225675
COFs,Sequential,46,12.045,1.6834527522225675
COFs,Sequential,46,12.11,1.6834527522225675
COFs,Sequential,46,12.175,1.6834527522225675
COFs,Sequential,46,12.24,1.6834527522225675
COFs,Sequential,46,12.305,1.6834527522225675
COFs,Sequential,46,12.37,1.6834527522225675
COFs,Sequential,46,13.37,0.3635064340810032
COFs,Sequential,46,13.435,0.3635064340810032
COFs,Sequential,46,13.5,0.3635064340810032
COFs,Sequential,46,13.565,0.3635064340810032
COFs,Sequential,46,13.63,0.3635064340810032
COFs,Sequential,46,13.695,0.3635064340810032
COFs,Sequential,46,13.76,0.3635064340810032
COFs,Sequential,46,13.825,0.3635064340810032
COFs,Sequential,46,13.89,0.3635064340810032
COFs,Sequential,46,13.955,0.3635064340810032
COFs,Sequential,46,14.02,0.3635064340810032
COFs,Sequential,46,14.085,0.3635064340810032
COFs,Sequential,46,14.15,0.3635064340810032
COFs,Sequential,46,14.215,0.3635064340810032
COFs,Sequential,46,14.28,0.3635064340810032
COFs,Sequential,46,14.345,0.3635064340810032
COFs,Sequential,46,15.345,0.3635064340810032
COFs,Sequential,46,15.41,0.3635064340810032
COFs,Sequential,46,15.475,0.3635064340810032
COFs,Sequential,46,15.54,0.3635064340810032
COFs,Sequential,46,15.605,0.3635064340810032
COFs,Sequential,46,15.67,0.3635064340810032
COFs,Sequential,46,15.735,0.3635064340810032
COFs,Sequential,46,15.8,0.3635064340810032
COFs,Sequential,46,15.865,0.3635064340810032
COFs,Sequential,46,15.93,0.3635064340810032
COFs,Sequential,46,15.995,0.3635064340810032
COFs,Sequential,46,16.06,0.3635064340810032
COFs,Sequential,46,16.125,0.3635064340810032
COFs,Sequential,46,16.19,0.3635064340810032
COFs,Sequential,46,16.255,0.3635064340810032
COFs,Sequential,46,16.32,0.3635064340810032
COFs,Sequential,46,17.32,0.3635064340810032
COFs,Sequential,46,17.385,0.3635064340810032
COFs,Sequential,46,17.45,0.3635064340810032
COFs,Sequential,46,17.515,0.3635064340810032
COFs,Sequential,46,17.58,0.3635064340810032
COFs,Sequential,46,17.645,0.3635064340810032
COFs,Sequential,46,17.71,0.3635064340810032
COFs,Sequential,46,17.775,0.3635064340810032
COFs,Sequential,46,17.84,0.3635064340810032
COFs,Sequential,46,17.905,0.3635064340810032
COFs,Sequential,46,17.97,0.3635064340810032
COFs,Sequential,46,18.035,0.3635064340810032
COFs,Sequential,46,18.1,0.3635064340810032
COFs,Sequential,46,18.165,0.3635064340810032
COFs,Sequential,46,18.23,0.3635064340810032
COFs,Sequential,46,18.295,0.3635064340810032
COFs,Sequential,46,19.295,0.0
COFs,Sequential,46,19.36,0.0
COFs,Sequential,46,19.425,0.0
COFs,Sequential,46,19.49,0.0
COFs,Sequential,46,19.555,0.0
COFs,Sequential,46,19.62,0.0
COFs,Sequential,46,19.685,0.0
COFs,Sequential,46,19.75,0.0
COFs,Sequential,46,19.815,0.0
COFs,Sequential,46,19.88,0.0
COFs,Sequential,46,19.945,0.0
COFs,Sequential,46,20.01,0.0
COFs,Sequential,46,20.075,0.0
COFs,Sequential,46,20.14,0.0
COFs,Sequential,46,20.205,0.0
COFs,Sequential,46,20.27,0.0
COFs,Sequential,46,21.27,0.0
COFs,Sequential,46,21.335,0.0
COFs,Sequential,46,21.4,0.0
COFs,Sequential,46,21.465,0.0
COFs,Sequential,46,21.53,0.0
COFs,Sequential,46,21.595,0.0
COFs,Sequential,46,21.66,0.0
COFs,Sequential,46,21.725,0.0
COFs,Sequential,46,21.79,0.0
COFs,Sequential,46,21.855,0.0
COFs,Sequential,46,21.92,0.0
COFs,Sequential,46,21.985,0.0
COFs,Sequential,46,22.05,0.0
COFs,Sequential,46,22.115,0.0
COFs,Sequential,46,22.18,0.0
COFs,Sequential,46,22.245,0.0
COFs,Sequential,46,23.245,0.0
COFs,Sequential,46,23.31,0.0
COFs,Sequential,46,23.375,0.0
COFs,Sequential,46,23.44,0.0
COFs,Sequential,46,23.505,0.0
COFs,Sequential,46,23.57,0.0
COFs,Sequential,46,23.635,0.0
COFs,Sequential,46,23.7,0.0
COFs,Sequential,46,23.765,0.0
COFs,Sequential,46,23.83,0.0
COFs,Sequential,46,23.895,0.0
COFs,Sequential,46,23.96,0.0
COFs,Sequential,46,24.025,0.0
COFs,Sequential,46,24.09,0.0
COFs,Sequential,46,24.155,0.0
COFs,Sequential,46,24.22,0.0
COFs,Sequential,46,25.22,0.0
COFs,Sequential,46,25.285,0.0
COFs,Sequential,46,25.35,0.0
COFs,Sequential,46,25.415,0.0
COFs,Sequential,46,25.48,0.0
COFs,Sequential,46,25.545,0.0
COFs,Sequential,46,25.61,0.0
COFs,Sequential,46,25.675,0.0
COFs,Sequential,46,25.74,0.0
COFs,Sequential,46,25.805,0.0
COFs,Sequential,46,25.87,0.0
COFs,Sequential,46,25.935,0.0
COFs,Sequential,46,26.0,0.0
COFs,Sequential,46,26.065,0.0
COFs,Sequential,46,26.13,0.0
COFs,Sequential,46,26.195,0.0
COFs,Sequential,46,27.195,0.0
COFs,Sequential,46,27.26,0.0
COFs,Sequential,46,27.325,0.0
COFs,Sequential,46,27.39,0.0
COFs,Sequential,46,27.455,0.0
COFs,Sequential,46,27.52,0.0
COFs,Sequential,46,27.585,0.0
COFs,Sequential,46,27.65,0.0
COFs,Sequential,46,27.715,0.0
COFs,Sequential,46,27.78,0.0
COFs,Sequential,46,27.845,0.0
COFs,Sequential,46,27.91,0.0
COFs,Sequential,46,27.975,0.0
COFs,Sequential,46,28.04,0.0
COFs,Sequential,46,28.105,0.0
COFs,Sequential,46,28.17,0.0
COFs,Sequential,46,29.17,0.0
COFs,Sequential,46,29.235,0.0
COFs,Sequential,46,29.3,0.0
COFs,Sequential,46,29.365,0.0
COFs,Sequential,46,29.43,0.0
COFs,Sequential,46,29.495,0.0
COFs,Sequential,46,29.56,0.0
COFs,Sequential,46,29.625,0.0
COFs,Sequential,46,29.69,0.0
COFs,Sequential,46,29.755,0.0
COFs,Sequential,46,29.82,0.0
COFs,Sequential,46,29.885,0.0
COFs,Sequential,46,29.95,0.0
COFs,Sequential,47,3.495,12.286313844166015
COFs,Sequential,47,3.56,12.286313844166015
COFs,Sequential,47,3.625,12.286313844166015
COFs,Sequential,47,3.69,12.286313844166015
COFs,Sequential,47,3.755,12.286313844166015
COFs,Sequential,47,3.82,12.286313844166015
COFs,Sequential,47,3.885,12.286313844166015
COFs,Sequential,47,3.95,12.286313844166015
COFs,Sequential,47,4.015,12.286313844166015
COFs,Sequential,47,4.08,12.286313844166015
COFs,Sequential,47,4.145,12.286313844166015
COFs,Sequential,47,4.21,12.286313844166015
COFs,Sequential,47,4.275,12.286313844166015
COFs,Sequential,47,4.34,12.286313844166015
COFs,Sequential,47,4.405,12.286313844166015
COFs,Sequential,47,4.47,12.286313844166015
COFs,Sequential,47,5.47,0.3635064340810032
COFs,Sequential,47,5.535,0.3635064340810032
COFs,Sequential,47,5.6,0.3635064340810032
COFs,Sequential,47,5.665,0.3635064340810032
COFs,Sequential,47,5.73,0.3635064340810032
COFs,Sequential,47,5.795,0.3635064340810032
COFs,Sequential,47,5.86,0.3635064340810032
COFs,Sequential,47,5.925,0.3635064340810032
COFs,Sequential,47,5.99,0.3635064340810032
COFs,Sequential,47,6.055,0.3635064340810032
COFs,Sequential,47,6.12,0.3635064340810032
COFs,Sequential,47,6.185,0.3635064340810032
COFs,Sequential,47,6.25,0.3635064340810032
COFs,Sequential,47,6.315,0.3635064340810032
COFs,Sequential,47,6.38,0.3635064340810032
COFs,Sequential,47,6.445,0.3635064340810032
COFs,Sequential,47,7.445,0.3635064340810032
COFs,Sequential,47,7.51,0.3635064340810032
COFs,Sequential,47,7.575,0.3635064340810032
COFs,Sequential,47,7.64,0.3635064340810032
COFs,Sequential,47,7.705,0.3635064340810032
COFs,Sequential,47,7.77,0.3635064340810032
COFs,Sequential,47,7.835,0.3635064340810032
COFs,Sequential,47,7.9,0.3635064340810032
COFs,Sequential,47,7.965,0.3635064340810032
COFs,Sequential,47,8.03,0.3635064340810032
COFs,Sequential,47,8.095,0.3635064340810032
COFs,Sequential,47,8.16,0.3635064340810032
COFs,Sequential,47,8.225,0.3635064340810032
COFs,Sequential,47,8.29,0.3635064340810032
COFs,Sequential,47,8.355,0.3635064340810032
COFs,Sequential,47,8.42,0.3635064340810032
COFs,Sequential,47,9.42,0.0
COFs,Sequential,47,9.485,0.0
COFs,Sequential,47,9.55,0.0
COFs,Sequential,47,9.615,0.0
COFs,Sequential,47,9.68,0.0
COFs,Sequential,47,9.745,0.0
COFs,Sequential,47,9.81,0.0
COFs,Sequential,47,9.875,0.0
COFs,Sequential,47,9.94,0.0
COFs,Sequential,47,10.005,0.0
COFs,Sequential,47,10.07,0.0
COFs,Sequential,47,10.135,0.0
COFs,Sequential,47,10.2,0.0
COFs,Sequential,47,10.265,0.0
COFs,Sequential,47,10.33,0.0
COFs,Sequential,47,10.395,0.0
COFs,Sequential,47,11.395,0.0
COFs,Sequential,47,11.46,0.0
COFs,Sequential,47,11.525,0.0
COFs,Sequential,47,11.59,0.0
COFs,Sequential,47,11.655,0.0
COFs,Sequential,47,11.72,0.0
COFs,Sequential,47,11.785,0.0
COFs,Sequential,47,11.85,0.0
COFs,Sequential,47,11.915,0.0
COFs,Sequential,47,11.98,0.0
COFs,Sequential,47,12.045,0.0
COFs,Sequential,47,12.11,0.0
COFs,Sequential,47,12.175,0.0
COFs,Sequential,47,12.24,0.0
COFs,Sequential,47,12.305,0.0
COFs,Sequential,47,12.37,0.0
COFs,Sequential,47,13.37,0.0
COFs,Sequential,47,13.435,0.0
COFs,Sequential,47,13.5,0.0
COFs,Sequential,47,13.565,0.0
COFs,Sequential,47,13.63,0.0
COFs,Sequential,47,13.695,0.0
COFs,Sequential,47,13.76,0.0
COFs,Sequential,47,13.825,0.0
COFs,Sequential,47,13.89,0.0
COFs,Sequential,47,13.955,0.0
COFs,Sequential,47,14.02,0.0
COFs,Sequential,47,14.085,0.0
COFs,Sequential,47,14.15,0.0
COFs,Sequential,47,14.215,0.0
COFs,Sequential,47,14.28,0.0
COFs,Sequential,47,14.345,0.0
COFs,Sequential,47,15.345,0.0
COFs,Sequential,47,15.41,0.0
COFs,Sequential,47,15.475,0.0
COFs,Sequential,47,15.54,0.0
COFs,Sequential,47,15.605,0.0
COFs,Sequential,47,15.67,0.0
COFs,Sequential,47,15.735,0.0
COFs,Sequential,47,15.8,0.0
COFs,Sequential,47,15.865,0.0
COFs,Sequential,47,15.93,0.0
COFs,Sequential,47,15.995,0.0
COFs,Sequential,47,16.06,0.0
COFs,Sequential,47,16.125,0.0
COFs,Sequential,47,16.19,0.0
COFs,Sequential,47,16.255,0.0
COFs,Sequential,47,16.32,0.0
COFs,Sequential,47,17.32,0.0
COFs,Sequential,47,17.385,0.0
COFs,Sequential,47,17.45,0.0
COFs,Sequential,47,17.515,0.0
COFs,Sequential,47,17.58,0.0
COFs,Sequential,47,17.645,0.0
COFs,Sequential,47,17.71,0.0
COFs,Sequential,47,17.775,0.0
COFs,Sequential,47,17.84,0.0
COFs,Sequential,47,17.905,0.0
COFs,Sequential,47,17.97,0.0
COFs,Sequential,47,18.035,0.0
COFs,Sequential,47,18.1,0.0
COFs,Sequential,47,18.165,0.0
COFs,Sequential,47,18.23,0.0
COFs,Sequential,47,18.295,0.0
COFs,Sequential,47,19.295,0.0
COFs,Sequential,47,19.36,0.0
COFs,Sequential,47,19.425,0.0
COFs,Sequential,47,19.49,0.0
COFs,Sequential,47,19.555,0.0
COFs,Sequential,47,19.62,0.0
COFs,Sequential,47,19.685,0.0
COFs,Sequential,47,19.75,0.0
COFs,Sequential,47,19.815,0.0
COFs,Sequential,47,19.88,0.0
COFs,Sequential,47,19.945,0.0
COFs,Sequential,47,20.01,0.0
COFs,Sequential,47,20.075,0.0
COFs,Sequential,47,20.14,0.0
COFs,Sequential,47,20.205,0.0
COFs,Sequential,47,20.27,0.0
COFs,Sequential,47,21.27,0.0
COFs,Sequential,47,21.335,0.0
COFs,Sequential,47,21.4,0.0
COFs,Sequential,47,21.465,0.0
COFs,Sequential,47,21.53,0.0
COFs,Sequential,47,21.595,0.0
COFs,Sequential,47,21.66,0.0
COFs,Sequential,47,21.725,0.0
COFs,Sequential,47,21.79,0.0
COFs,Sequential,47,21.855,0.0
COFs,Sequential,47,21.92,0.0
COFs,Sequential,47,21.985,0.0
COFs,Sequential,47,22.05,0.0
COFs,Sequential,47,22.115,0.0
COFs,Sequential,47,22.18,0.0
COFs,Sequential,47,22.245,0.0
COFs,Sequential,47,23.245,0.0
COFs,Sequential,47,23.31,0.0
COFs,Sequential,47,23.375,0.0
COFs,Sequential,47,23.44,0.0
COFs,Sequential,47,23.505,0.0
COFs,Sequential,47,23.57,0.0
COFs,Sequential,47,23.635,0.0
COFs,Sequential,47,23.7,0.0
COFs,Sequential,47,23.765,0.0
COFs,Sequential,47,23.83,0.0
COFs,Sequential,47,23.895,0.0
COFs,Sequential,47,23.96,0.0
COFs,Sequential,47,24.025,0.0
COFs,Sequential,47,24.09,0.0
COFs,Sequential,47,24.155,0.0
COFs,Sequential,47,24.22,0.0
COFs,Sequential,47,25.22,0.0
COFs,Sequential,47,25.285,0.0
COFs,Sequential,47,25.35,0.0
COFs,Sequential,47,25.415,0.0
COFs,Sequential,47,25.48,0.0
COFs,Sequential,47,25.545,0.0
COFs,Sequential,47,25.61,0.0
COFs,Sequential,47,25.675,0.0
COFs,Sequential,47,25.74,0.0
COFs,Sequential,47,25.805,0.0
COFs,Sequential,47,25.87,0.0
COFs,Sequential,47,25.935,0.0
COFs,Sequential,47,26.0,0.0
COFs,Sequential,47,26.065,0.0
COFs,Sequential,47,26.13,0.0
COFs,Sequential,47,26.195,0.0
COFs,Sequential,47,27.195,0.0
COFs,Sequential,47,27.26,0.0
COFs,Sequential,47,27.325,0.0
COFs,Sequential,47,27.39,0.0
COFs,Sequential,47,27.455,0.0
COFs,Sequential,47,27.52,0.0
COFs,Sequential,47,27.585,0.0
COFs,Sequential,47,27.65,0.0
COFs,Sequential,47,27.715,0.0
COFs,Sequential,47,27.78,0.0
COFs,Sequential,47,27.845,0.0
COFs,Sequential,47,27.91,0.0
COFs,Sequential,47,27.975,0.0
COFs,Sequential,47,28.04,0.0
COFs,Sequential,47,28.105,0.0
COFs,Sequential,47,28.17,0.0
COFs,Sequential,47,29.17,0.0
COFs,Sequential,47,29.235,0.0
COFs,Sequential,47,29.3,0.0
COFs,Sequential,47,29.365,0.0
COFs,Sequential,47,29.43,0.0
COFs,Sequential,47,29.495,0.0
COFs,Sequential,47,29.56,0.0
COFs,Sequential,47,29.625,0.0
COFs,Sequential,47,29.69,0.0
COFs,Sequential,47,29.755,0.0
COFs,Sequential,47,29.82,0.0
COFs,Sequential,47,29.885,0.0
COFs,Sequential,47,29.95,0.0
COFs,Sequential,48,3.495,14.284141411021764
COFs,Sequential,48,3.56,14.284141411021764
COFs,Sequential,48,3.625,14.284141411021764
COFs,Sequential,48,3.69,14.284141411021764
COFs,Sequential,48,3.755,14.284141411021764
COFs,Sequential,48,3.82,14.284141411021764
COFs,Sequential,48,3.885,14.284141411021764
COFs,Sequential,48,3.95,14.284141411021764
COFs,Sequential,48,4.015,14.284141411021764
COFs,Sequential,48,4.08,14.284141411021764
COFs,Sequential,48,4.145,14.284141411021764
COFs,Sequential,48,4.21,14.284141411021764
COFs,Sequential,48,4.275,14.284141411021764
COFs,Sequential,48,4.34,14.284141411021764
COFs,Sequential,48,4.405,14.284141411021764
COFs,Sequential,48,4.47,14.284141411021764
COFs,Sequential,48,5.47,4.516970590908455
COFs,Sequential,48,5.535,4.516970590908455
COFs,Sequential,48,5.6,4.516970590908455
COFs,Sequential,48,5.665,4.516970590908455
COFs,Sequential,48,5.73,4.516970590908455
COFs,Sequential,48,5.795,4.516970590908455
COFs,Sequential,48,5.86,4.516970590908455
COFs,Sequential,48,5.925,4.516970590908455
COFs,Sequential,48,5.99,4.516970590908455
COFs,Sequential,48,6.055,4.516970590908455
COFs,Sequential,48,6.12,4.516970590908455
COFs,Sequential,48,6.185,4.516970590908455
COFs,Sequential,48,6.25,4.516970590908455
COFs,Sequential,48,6.315,4.516970590908455
COFs,Sequential,48,6.38,4.516970590908455
COFs,Sequential,48,6.445,4.516970590908455
COFs,Sequential,48,7.445,1.6834527522225675
COFs,Sequential,48,7.51,1.6834527522225675
COFs,Sequential,48,7.575,1.6834527522225675
COFs,Sequential,48,7.64,1.6834527522225675
COFs,Sequential,48,7.705,1.6834527522225675
COFs,Sequential,48,7.77,1.6834527522225675
COFs,Sequential,48,7.835,1.6834527522225675
COFs,Sequential,48,7.9,1.6834527522225675
COFs,Sequential,48,7.965,1.6834527522225675
COFs,Sequential,48,8.03,1.6834527522225675
COFs,Sequential,48,8.095,1.6834527522225675
COFs,Sequential,48,8.16,1.6834527522225675
COFs,Sequential,48,8.225,1.6834527522225675
COFs,Sequential,48,8.29,1.6834527522225675
COFs,Sequential,48,8.355,1.6834527522225675
COFs,Sequential,48,8.42,1.6834527522225675
COFs,Sequential,48,9.42,0.1384703736115966
COFs,Sequential,48,9.485,0.1384703736115966
COFs,Sequential,48,9.55,0.1384703736115966
COFs,Sequential,48,9.615,0.1384703736115966
COFs,Sequential,48,9.68,0.1384703736115966
COFs,Sequential,48,9.745,0.1384703736115966
COFs,Sequential,48,9.81,0.1384703736115966
COFs,Sequential,48,9.875,0.1384703736115966
COFs,Sequential,48,9.94,0.1384703736115966
COFs,Sequential,48,10.005,0.1384703736115966
COFs,Sequential,48,10.07,0.1384703736115966
COFs,Sequential,48,10.135,0.1384703736115966
COFs,Sequential,48,10.2,0.1384703736115966
COFs,Sequential,48,10.265,0.1384703736115966
COFs,Sequential,48,10.33,0.1384703736115966
COFs,Sequential,48,10.395,0.1384703736115966
COFs,Sequential,48,11.395,0.0
COFs,Sequential,48,11.46,0.0
COFs,Sequential,48,11.525,0.0
COFs,Sequential,48,11.59,0.0
COFs,Sequential,48,11.655,0.0
COFs,Sequential,48,11.72,0.0
COFs,Sequential,48,11.785,0.0
COFs,Sequential,48,11.85,0.0
COFs,Sequential,48,11.915,0.0
COFs,Sequential,48,11.98,0.0
COFs,Sequential,48,12.045,0.0
COFs,Sequential,48,12.11,0.0
COFs,Sequential,48,12.175,0.0
COFs,Sequential,48,12.24,0.0
COFs,Sequential,48,12.305,0.0
COFs,Sequential,48,12.37,0.0
COFs,Sequential,48,13.37,0.0
COFs,Sequential,48,13.435,0.0
COFs,Sequential,48,13.5,0.0
COFs,Sequential,48,13.565,0.0
COFs,Sequential,48,13.63,0.0
COFs,Sequential,48,13.695,0.0
COFs,Sequential,48,13.76,0.0
COFs,Sequential,48,13.825,0.0
COFs,Sequential,48,13.89,0.0
COFs,Sequential,48,13.955,0.0
COFs,Sequential,48,14.02,0.0
COFs,Sequential,48,14.085,0.0
COFs,Sequential,48,14.15,0.0
COFs,Sequential,48,14.215,0.0
COFs,Sequential,48,14.28,0.0
COFs,Sequential,48,14.345,0.0
COFs,Sequential,48,15.345,0.0
COFs,Sequential,48,15.41,0.0
COFs,Sequential,48,15.475,0.0
COFs,Sequential,48,15.54,0.0
COFs,Sequential,48,15.605,0.0
COFs,Sequential,48,15.67,0.0
COFs,Sequential,48,15.735,0.0
COFs,Sequential,48,15.8,0.0
COFs,Sequential,48,15.865,0.0
COFs,Sequential,48,15.93,0.0
COFs,Sequential,48,15.995,0.0
COFs,Sequential,48,16.06,0.0
COFs,Sequential,48,16.125,0.0
COFs,Sequential,48,16.19,0.0
COFs,Sequential,48,16.255,0.0
COFs,Sequential,48,16.32,0.0
COFs,Sequential,48,17.32,0.0
COFs,Sequential,48,17.385,0.0
COFs,Sequential,48,17.45,0.0
COFs,Sequential,48,17.515,0.0
COFs,Sequential,48,17.58,0.0
COFs,Sequential,48,17.645,0.0
COFs,Sequential,48,17.71,0.0
COFs,Sequential,48,17.775,0.0
COFs,Sequential,48,17.84,0.0
COFs,Sequential,48,17.905,0.0
COFs,Sequential,48,17.97,0.0
COFs,Sequential,48,18.035,0.0
COFs,Sequential,48,18.1,0.0
COFs,Sequential,48,18.165,0.0
COFs,Sequential,48,18.23,0.0
COFs,Sequential,48,18.295,0.0
COFs,Sequential,48,19.295,0.0
COFs,Sequential,48,19.36,0.0
COFs,Sequential,48,19.425,0.0
COFs,Sequential,48,19.49,0.0
COFs,Sequential,48,19.555,0.0
COFs,Sequential,48,19.62,0.0
COFs,Sequential,48,19.685,0.0
COFs,Sequential,48,19.75,0.0
COFs,Sequential,48,19.815,0.0
COFs,Sequential,48,19.88,0.0
COFs,Sequential,48,19.945,0.0
COFs,Sequential,48,20.01,0.0
COFs,Sequential,48,20.075,0.0
COFs,Sequential,48,20.14,0.0
COFs,Sequential,48,20.205,0.0
COFs,Sequential,48,20.27,0.0
COFs,Sequential,48,21.27,0.0
COFs,Sequential,48,21.335,0.0
COFs,Sequential,48,21.4,0.0
COFs,Sequential,48,21.465,0.0
COFs,Sequential,48,21.53,0.0
COFs,Sequential,48,21.595,0.0
COFs,Sequential,48,21.66,0.0
COFs,Sequential,48,21.725,0.0
COFs,Sequential,48,21.79,0.0
COFs,Sequential,48,21.855,0.0
COFs,Sequential,48,21.92,0.0
COFs,Sequential,48,21.985,0.0
COFs,Sequential,48,22.05,0.0
COFs,Sequential,48,22.115,0.0
COFs,Sequential,48,22.18,0.0
COFs,Sequential,48,22.245,0.0
COFs,Sequential,48,23.245,0.0
COFs,Sequential,48,23.31,0.0
COFs,Sequential,48,23.375,0.0
COFs,Sequential,48,23.44,0.0
COFs,Sequential,48,23.505,0.0
COFs,Sequential,48,23.57,0.0
COFs,Sequential,48,23.635,0.0
COFs,Sequential,48,23.7,0.0
COFs,Sequential,48,23.765,0.0
COFs,Sequential,48,23.83,0.0
COFs,Sequential,48,23.895,0.0
COFs,Sequential,48,23.96,0.0
COFs,Sequential,48,24.025,0.0
COFs,Sequential,48,24.09,0.0
COFs,Sequential,48,24.155,0.0
COFs,Sequential,48,24.22,0.0
COFs,Sequential,48,25.22,0.0
COFs,Sequential,48,25.285,0.0
COFs,Sequential,48,25.35,0.0
COFs,Sequential,48,25.415,0.0
COFs,Sequential,48,25.48,0.0
COFs,Sequential,48,25.545,0.0
COFs,Sequential,48,25.61,0.0
COFs,Sequential,48,25.675,0.0
COFs,Sequential,48,25.74,0.0
COFs,Sequential,48,25.805,0.0
COFs,Sequential,48,25.87,0.0
COFs,Sequential,48,25.935,0.0
COFs,Sequential,48,26.0,0.0
COFs,Sequential,48,26.065,0.0
COFs,Sequential,48,26.13,0.0
COFs,Sequential,48,26.195,0.0
COFs,Sequential,48,27.195,0.0
COFs,Sequential,48,27.26,0.0
COFs,Sequential,48,27.325,0.0
COFs,Sequential,48,27.39,0.0
COFs,Sequential,48,27.455,0.0
COFs,Sequential,48,27.52,0.0
COFs,Sequential,48,27.585,0.0
COFs,Sequential,48,27.65,0.0
COFs,Sequential,48,27.715,0.0
COFs,Sequential,48,27.78,0.0
COFs,Sequential,48,27.845,0.0
COFs,Sequential,48,27.91,0.0
COFs,Sequential,48,27.975,0.0
COFs,Sequential,48,28.04,0.0
COFs,Sequential,48,28.105,0.0
COFs,Sequential,48,28.17,0.0
COFs,Sequential,48,29.17,0.0
COFs,Sequential,48,29.235,0.0
COFs,Sequential,48,29.3,0.0
COFs,Sequential,48,29.365,0.0
COFs,Sequential,48,29.43,0.0
COFs,Sequential,48,29.495,0.0
COFs,Sequential,48,29.56,0.0
COFs,Sequential,48,29.625,0.0
COFs,Sequential,48,29.69,0.0
COFs,Sequential,48,29.755,0.0
COFs,Sequential,48,29.82,0.0
COFs,Sequential,48,29.885,0.0
COFs,Sequential,48,29.95,0.0
COFs,Sequential,49,3.495,12.286313844166015
COFs,Sequential,49,3.56,12.286313844166015
COFs,Sequential,49,3.625,12.286313844166015
COFs,Sequential,49,3.69,12.286313844166015
COFs,Sequential,49,3.755,12.286313844166015
COFs,Sequential,49,3.82,12.286313844166015
COFs,Sequential,49,3.885,12.286313844166015
COFs,Sequential,49,3.95,12.286313844166015
COFs,Sequential,49,4.015,12.286313844166015
COFs,Sequential,49,4.08,12.286313844166015
COFs,Sequential,49,4.145,12.286313844166015
COFs,Sequential,49,4.21,12.286313844166015
COFs,Sequential,49,4.275,12.286313844166015
COFs,Sequential,49,4.34,12.286313844166015
COFs,Sequential,49,4.405,12.286313844166015
COFs,Sequential,49,4.47,12.286313844166015
COFs,Sequential,49,5.47,1.6834527522225675
COFs,Sequential,49,5.535,1.6834527522225675
COFs,Sequential,49,5.6,1.6834527522225675
COFs,Sequential,49,5.665,1.6834527522225675
COFs,Sequential,49,5.73,1.6834527522225675
COFs,Sequential,49,5.795,1.6834527522225675
COFs,Sequential,49,5.86,1.6834527522225675
COFs,Sequential,49,5.925,1.6834527522225675
COFs,Sequential,49,5.99,1.6834527522225675
COFs,Sequential,49,6.055,1.6834527522225675
COFs,Sequential,49,6.12,1.6834527522225675
COFs,Sequential,49,6.185,1.6834527522225675
COFs,Sequential,49,6.25,1.6834527522225675
COFs,Sequential,49,6.315,1.6834527522225675
COFs,Sequential,49,6.38,1.6834527522225675
COFs,Sequential,49,6.445,1.6834527522225675
COFs,Sequential,49,7.445,1.6834527522225675
COFs,Sequential,49,7.51,1.6834527522225675
COFs,Sequential,49,7.575,1.6834527522225675
COFs,Sequential,49,7.64,1.6834527522225675
COFs,Sequential,49,7.705,1.6834527522225675
COFs,Sequential,49,7.77,1.6834527522225675
COFs,Sequential,49,7.835,1.6834527522225675
COFs,Sequential,49,7.9,1.6834527522225675
COFs,Sequential,49,7.965,1.6834527522225675
COFs,Sequential,49,8.03,1.6834527522225675
COFs,Sequential,49,8.095,1.6834527522225675
COFs,Sequential,49,8.16,1.6834527522225675
COFs,Sequential,49,8.225,1.6834527522225675
COFs,Sequential,49,8.29,1.6834527522225675
COFs,Sequential,49,8.355,1.6834527522225675
COFs,Sequential,49,8.42,1.6834527522225675
COFs,Sequential,49,9.42,0.0
COFs,Sequential,49,9.485,0.0
COFs,Sequential,49,9.55,0.0
COFs,Sequential,49,9.615,0.0
COFs,Sequential,49,9.68,0.0
COFs,Sequential,49,9.745,0.0
COFs,Sequential,49,9.81,0.0
COFs,Sequential,49,9.875,0.0
COFs,Sequential,49,9.94,0.0
COFs,Sequential,49,10.005,0.0
COFs,Sequential,49,10.07,0.0
COFs,Sequential,49,10.135,0.0
COFs,Sequential,49,10.2,0.0
COFs,Sequential,49,10.265,0.0
COFs,Sequential,49,10.33,0.0
COFs,Sequential,49,10.395,0.0
COFs,Sequential,49,11.395,0.0
COFs,Sequential,49,11.46,0.0
COFs,Sequential,49,11.525,0.0
COFs,Sequential,49,11.59,0.0
COFs,Sequential,49,11.655,0.0
COFs,Sequential,49,11.72,0.0
COFs,Sequential,49,11.785,0.0
COFs,Sequential,49,11.85,0.0
COFs,Sequential,49,11.915,0.0
COFs,Sequential,49,11.98,0.0
COFs,Sequential,49,12.045,0.0
COFs,Sequential,49,12.11,0.0
COFs,Sequential,49,12.175,0.0
COFs,Sequential,49,12.24,0.0
COFs,Sequential,49,12.305,0.0
COFs,Sequential,49,12.37,0.0
COFs,Sequential,49,13.37,0.0
COFs,Sequential,49,13.435,0.0
COFs,Sequential,49,13.5,0.0
COFs,Sequential,49,13.565,0.0
COFs,Sequential,49,13.63,0.0
COFs,Sequential,49,13.695,0.0
COFs,Sequential,49,13.76,0.0
COFs,Sequential,49,13.825,0.0
COFs,Sequential,49,13.89,0.0
COFs,Sequential,49,13.955,0.0
COFs,Sequential,49,14.02,0.0
COFs,Sequential,49,14.085,0.0
COFs,Sequential,49,14.15,0.0
COFs,Sequential,49,14.215,0.0
COFs,Sequential,49,14.28,0.0
COFs,Sequential,49,14.345,0.0
COFs,Sequential,49,15.345,0.0
COFs,Sequential,49,15.41,0.0
COFs,Sequential,49,15.475,0.0
COFs,Sequential,49,15.54,0.0
COFs,Sequential,49,15.605,0.0
COFs,Sequential,49,15.67,0.0
COFs,Sequential,49,15.735,0.0
COFs,Sequential,49,15.8,0.0
COFs,Sequential,49,15.865,0.0
COFs,Sequential,49,15.93,0.0
COFs,Sequential,49,15.995,0.0
COFs,Sequential,49,16.06,0.0
COFs,Sequential,49,16.125,0.0
COFs,Sequential,49,16.19,0.0
COFs,Sequential,49,16.255,0.0
COFs,Sequential,49,16.32,0.0
COFs,Sequential,49,17.32,0.0
COFs,Sequential,49,17.385,0.0
COFs,Sequential,49,17.45,0.0
COFs,Sequential,49,17.515,0.0
COFs,Sequential,49,17.58,0.0
COFs,Sequential,49,17.645,0.0
COFs,Sequential,49,17.71,0.0
COFs,Sequential,49,17.775,0.0
COFs,Sequential,49,17.84,0.0
COFs,Sequential,49,17.905,0.0
COFs,Sequential,49,17.97,0.0
COFs,Sequential,49,18.035,0.0
COFs,Sequential,49,18.1,0.0
COFs,Sequential,49,18.165,0.0
COFs,Sequential,49,18.23,0.0
COFs,Sequential,49,18.295,0.0
COFs,Sequential,49,19.295,0.0
COFs,Sequential,49,19.36,0.0
COFs,Sequential,49,19.425,0.0
COFs,Sequential,49,19.49,0.0
COFs,Sequential,49,19.555,0.0
COFs,Sequential,49,19.62,0.0
COFs,Sequential,49,19.685,0.0
COFs,Sequential,49,19.75,0.0
COFs,Sequential,49,19.815,0.0
COFs,Sequential,49,19.88,0.0
COFs,Sequential,49,19.945,0.0
COFs,Sequential,49,20.01,0.0
COFs,Sequential,49,20.075,0.0
COFs,Sequential,49,20.14,0.0
COFs,Sequential,49,20.205,0.0
COFs,Sequential,49,20.27,0.0
COFs,Sequential,49,21.27,0.0
COFs,Sequential,49,21.335,0.0
COFs,Sequential,49,21.4,0.0
COFs,Sequential,49,21.465,0.0
COFs,Sequential,49,21.53,0.0
COFs,Sequential,49,21.595,0.0
COFs,Sequential,49,21.66,0.0
COFs,Sequential,49,21.725,0.0
COFs,Sequential,49,21.79,0.0
COFs,Sequential,49,21.855,0.0
COFs,Sequential,49,21.92,0.0
COFs,Sequential,49,21.985,0.0
COFs,Sequential,49,22.05,0.0
COFs,Sequential,49,22.115,0.0
COFs,Sequential,49,22.18,0.0
COFs,Sequential,49,22.245,0.0
COFs,Sequential,49,23.245,0.0
COFs,Sequential,49,23.31,0.0
COFs,Sequential,49,23.375,0.0
COFs,Sequential,49,23.44,0.0
COFs,Sequential,49,23.505,0.0
COFs,Sequential,49,23.57,0.0
COFs,Sequential,49,23.635,0.0
COFs,Sequential,49,23.7,0.0
COFs,Sequential,49,23.765,0.0
COFs,Sequential,49,23.83,0.0
COFs,Sequential,49,23.895,0.0
COFs,Sequential,49,23.96,0.0
COFs,Sequential,49,24.025,0.0
COFs,Sequential,49,24.09,0.0
COFs,Sequential,49,24.155,0.0
COFs,Sequential,49,24.22,0.0
COFs,Sequential,49,25.22,0.0
COFs,Sequential,49,25.285,0.0
COFs,Sequential,49,25.35,0.0
COFs,Sequential,49,25.415,0.0
COFs,Sequential,49,25.48,0.0
COFs,Sequential,49,25.545,0.0
COFs,Sequential,49,25.61,0.0
COFs,Sequential,49,25.675,0.0
COFs,Sequential,49,25.74,0.0
COFs,Sequential,49,25.805,0.0
COFs,Sequential,49,25.87,0.0
COFs,Sequential,49,25.935,0.0
COFs,Sequential,49,26.0,0.0
COFs,Sequential,49,26.065,0.0
COFs,Sequential,49,26.13,0.0
COFs,Sequential,49,26.195,0.0
COFs,Sequential,49,27.195,0.0
COFs,Sequential,49,27.26,0.0
COFs,Sequential,49,27.325,0.0
COFs,Sequential,49,27.39,0.0
COFs,Sequential,49,27.455,0.0
COFs,Sequential,49,27.52,0.0
COFs,Sequential,49,27.585,0.0
COFs,Sequential,49,27.65,0.0
COFs,Sequential,49,27.715,0.0
COFs,Sequential,49,27.78,0.0
COFs,Sequential,49,27.845,0.0
COFs,Sequential,49,27.91,0.0
COFs,Sequential,49,27.975,0.0
COFs,Sequential,49,28.04,0.0
COFs,Sequential,49,28.105,0.0
COFs,Sequential,49,28.17,0.0
COFs,Sequential,49,29.17,0.0
COFs,Sequential,49,29.235,0.0
COFs,Sequential,49,29.3,0.0
COFs,Sequential,49,29.365,0.0
COFs,Sequential,49,29.43,0.0
COFs,Sequential,49,29.495,0.0
COFs,Sequential,49,29.56,0.0
COFs,Sequential,49,29.625,0.0
COFs,Sequential,49,29.69,0.0
COFs,Sequential,49,29.755,0.0
COFs,Sequential,49,29.82,0.0
COFs,Sequential,49,29.885,0.0
COFs,Sequential,49,29.95,0.0
COFs,Sequential,50,3.495,2.768421691579954
COFs,Sequential,50,3.56,2.768421691579954
COFs,Sequential,50,3.625,2.768421691579954
COFs,Sequential,50,3.69,2.768421691579954
COFs,Sequential,50,3.755,2.768421691579954
COFs,Sequential,50,3.82,2.768421691579954
COFs,Sequential,50,3.885,2.768421691579954
COFs,Sequential,50,3.95,2.768421691579954
COFs,Sequential,50,4.015,2.768421691579954
COFs,Sequential,50,4.08,2.768421691579954
COFs,Sequential,50,4.145,2.768421691579954
COFs,Sequential,50,4.21,2.768421691579954
COFs,Sequential,50,4.275,2.768421691579954
COFs,Sequential,50,4.34,2.768421691579954
COFs,Sequential,50,4.405,2.768421691579954
COFs,Sequential,50,4.47,2.768421691579954
COFs,Sequential,50,5.47,2.768421691579954
COFs,Sequential,50,5.535,2.768421691579954
COFs,Sequential,50,5.6,2.768421691579954
COFs,Sequential,50,5.665,2.768421691579954
COFs,Sequential,50,5.73,2.768421691579954
COFs,Sequential,50,5.795,2.768421691579954
COFs,Sequential,50,5.86,2.768421691579954
COFs,Sequential,50,5.925,2.768421691579954
COFs,Sequential,50,5.99,2.768421691579954
COFs,Sequential,50,6.055,2.768421691579954
COFs,Sequential,50,6.12,2.768421691579954
COFs,Sequential,50,6.185,2.768421691579954
COFs,Sequential,50,6.25,2.768421691579954
COFs,Sequential,50,6.315,2.768421691579954
COFs,Sequential,50,6.38,2.768421691579954
COFs,Sequential,50,6.445,2.768421691579954
COFs,Sequential,50,7.445,2.768421691579954
COFs,Sequential,50,7.51,2.768421691579954
COFs,Sequential,50,7.575,2.768421691579954
COFs,Sequential,50,7.64,2.768421691579954
COFs,Sequential,50,7.705,2.768421691579954
COFs,Sequential,50,7.77,2.768421691579954
COFs,Sequential,50,7.835,2.768421691579954
COFs,Sequential,50,7.9,2.768421691579954
COFs,Sequential,50,7.965,2.768421691579954
COFs,Sequential,50,8.03,2.768421691579954
COFs,Sequential,50,8.095,2.768421691579954
COFs,Sequential,50,8.16,2.768421691579954
COFs,Sequential,50,8.225,2.768421691579954
COFs,Sequential,50,8.29,2.768421691579954
COFs,Sequential,50,8.355,2.768421691579954
COFs,Sequential,50,8.42,2.768421691579954
COFs,Sequential,50,9.42,2.768421691579954
COFs,Sequential,50,9.485,2.768421691579954
COFs,Sequential,50,9.55,2.768421691579954
COFs,Sequential,50,9.615,2.768421691579954
COFs,Sequential,50,9.68,2.768421691579954
COFs,Sequential,50,9.745,2.768421691579954
COFs,Sequential,50,9.81,2.768421691579954
COFs,Sequential,50,9.875,2.768421691579954
COFs,Sequential,50,9.94,2.768421691579954
COFs,Sequential,50,10.005,2.768421691579954
COFs,Sequential,50,10.07,2.768421691579954
COFs,Sequential,50,10.135,2.768421691579954
COFs,Sequential,50,10.2,2.768421691579954
COFs,Sequential,50,10.265,2.768421691579954
COFs,Sequential,50,10.33,2.768421691579954
COFs,Sequential,50,10.395,2.768421691579954
COFs,Sequential,50,11.395,2.768421691579954
COFs,Sequential,50,11.46,2.768421691579954
COFs,Sequential,50,11.525,2.768421691579954
COFs,Sequential,50,11.59,2.768421691579954
COFs,Sequential,50,11.655,2.768421691579954
COFs,Sequential,50,11.72,2.768421691579954
COFs,Sequential,50,11.785,2.768421691579954
COFs,Sequential,50,11.85,2.768421691579954
COFs,Sequential,50,11.915,2.768421691579954
COFs,Sequential,50,11.98,2.768421691579954
COFs,Sequential,50,12.045,2.768421691579954
COFs,Sequential,50,12.11,2.768421691579954
COFs,Sequential,50,12.175,2.768421691579954
COFs,Sequential,50,12.24,2.768421691579954
COFs,Sequential,50,12.305,2.768421691579954
COFs,Sequential,50,12.37,2.768421691579954
COFs,Sequential,50,13.37,1.6834527522225675
COFs,Sequential,50,13.435,1.6834527522225675
COFs,Sequential,50,13.5,1.6834527522225675
COFs,Sequential,50,13.565,1.6834527522225675
COFs,Sequential,50,13.63,1.6834527522225675
COFs,Sequential,50,13.695,1.6834527522225675
COFs,Sequential,50,13.76,1.6834527522225675
COFs,Sequential,50,13.825,1.6834527522225675
COFs,Sequential,50,13.89,1.6834527522225675
COFs,Sequential,50,13.955,1.6834527522225675
COFs,Sequential,50,14.02,1.6834527522225675
COFs,Sequential,50,14.085,1.6834527522225675
COFs,Sequential,50,14.15,1.6834527522225675
COFs,Sequential,50,14.215,1.6834527522225675
COFs,Sequential,50,14.28,1.6834527522225675
COFs,Sequential,50,14.345,1.6834527522225675
COFs,Sequential,50,15.345,1.6834527522225675
COFs,Sequential,50,15.41,1.6834527522225675
COFs,Sequential,50,15.475,1.6834527522225675
COFs,Sequential,50,15.54,1.6834527522225675
COFs,Sequential,50,15.605,1.6834527522225675
COFs,Sequential,50,15.67,1.6834527522225675
COFs,Sequential,50,15.735,1.6834527522225675
COFs,Sequential,50,15.8,1.6834527522225675
COFs,Sequential,50,15.865,1.6834527522225675
COFs,Sequential,50,15.93,1.6834527522225675
COFs,Sequential,50,15.995,1.6834527522225675
COFs,Sequential,50,16.06,1.6834527522225675
COFs,Sequential,50,16.125,1.6834527522225675
COFs,Sequential,50,16.19,1.6834527522225675
COFs,Sequential,50,16.255,1.6834527522225675
COFs,Sequential,50,16.32,1.6834527522225675
COFs,Sequential,50,17.32,1.6834527522225675
COFs,Sequential,50,17.385,1.6834527522225675
COFs,Sequential,50,17.45,1.6834527522225675
COFs,Sequential,50,17.515,1.6834527522225675
COFs,Sequential,50,17.58,1.6834527522225675
COFs,Sequential,50,17.645,1.6834527522225675
COFs,Sequential,50,17.71,1.6834527522225675
COFs,Sequential,50,17.775,1.6834527522225675
COFs,Sequential,50,17.84,1.6834527522225675
COFs,Sequential,50,17.905,1.6834527522225675
COFs,Sequential,50,17.97,1.6834527522225675
COFs,Sequential,50,18.035,1.6834527522225675
COFs,Sequential,50,18.1,1.6834527522225675
COFs,Sequential,50,18.165,1.6834527522225675
COFs,Sequential,50,18.23,1.6834527522225675
COFs,Sequential,50,18.295,1.6834527522225675
COFs,Sequential,50,19.295,0.0
COFs,Sequential,50,19.36,0.0
COFs,Sequential,50,19.425,0.0
COFs,Sequential,50,19.49,0.0
COFs,Sequential,50,19.555,0.0
COFs,Sequential,50,19.62,0.0
COFs,Sequential,50,19.685,0.0
COFs,Sequential,50,19.75,0.0
COFs,Sequential,50,19.815,0.0
COFs,Sequential,50,19.88,0.0
COFs,Sequential,50,19.945,0.0
COFs,Sequential,50,20.01,0.0
COFs,Sequential,50,20.075,0.0
COFs,Sequential,50,20.14,0.0
COFs,Sequential,50,20.205,0.0
COFs,Sequential,50,20.27,0.0
COFs,Sequential,50,21.27,0.0
COFs,Sequential,50,21.335,0.0
COFs,Sequential,50,21.4,0.0
COFs,Sequential,50,21.465,0.0
COFs,Sequential,50,21.53,0.0
COFs,Sequential,50,21.595,0.0
COFs,Sequential,50,21.66,0.0
COFs,Sequential,50,21.725,0.0
COFs,Sequential,50,21.79,0.0
COFs,Sequential,50,21.855,0.0
COFs,Sequential,50,21.92,0.0
COFs,Sequential,50,21.985,0.0
COFs,Sequential,50,22.05,0.0
COFs,Sequential,50,22.115,0.0
COFs,Sequential,50,22.18,0.0
COFs,Sequential,50,22.245,0.0
COFs,Sequential,50,23.245,0.0
COFs,Sequential,50,23.31,0.0
COFs,Sequential,50,23.375,0.0
COFs,Sequential,50,23.44,0.0
COFs,Sequential,50,23.505,0.0
COFs,Sequential,50,23.57,0.0
COFs,Sequential,50,23.635,0.0
COFs,Sequential,50,23.7,0.0
COFs,Sequential,50,23.765,0.0
COFs,Sequential,50,23.83,0.0
COFs,Sequential,50,23.895,0.0
COFs,Sequential,50,23.96,0.0
COFs,Sequential,50,24.025,0.0
COFs,Sequential,50,24.09,0.0
COFs,Sequential,50,24.155,0.0
COFs,Sequential,50,24.22,0.0
COFs,Sequential,50,25.22,0.0
COFs,Sequential,50,25.285,0.0
COFs,Sequential,50,25.35,0.0
COFs,Sequential,50,25.415,0.0
COFs,Sequential,50,25.48,0.0
COFs,Sequential,50,25.545,0.0
COFs,Sequential,50,25.61,0.0
COFs,Sequential,50,25.675,0.0
COFs,Sequential,50,25.74,0.0
COFs,Sequential,50,25.805,0.0
COFs,Sequential,50,25.87,0.0
COFs,Sequential,50,25.935,0.0
COFs,Sequential,50,26.0,0.0
COFs,Sequential,50,26.065,0.0
COFs,Sequential,50,26.13,0.0
COFs,Sequential,50,26.195,0.0
COFs,Sequential,50,27.195,0.0
COFs,Sequential,50,27.26,0.0
COFs,Sequential,50,27.325,0.0
COFs,Sequential,50,27.39,0.0
COFs,Sequential,50,27.455,0.0
COFs,Sequential,50,27.52,0.0
COFs,Sequential,50,27.585,0.0
COFs,Sequential,50,27.65,0.0
COFs,Sequential,50,27.715,0.0
COFs,Sequential,50,27.78,0.0
COFs,Sequential,50,27.845,0.0
COFs,Sequential,50,27.91,0.0
COFs,Sequential,50,27.975,0.0
COFs,Sequential,50,28.04,0.0
COFs,Sequential,50,28.105,0.0
COFs,Sequential,50,28.17,0.0
COFs,Sequential,50,29.17,0.0
COFs,Sequential,50,29.235,0.0
COFs,Sequential,50,29.3,0.0
COFs,Sequential,50,29.365,0.0
COFs,Sequential,50,29.43,0.0
COFs,Sequential,50,29.495,0.0
COFs,Sequential,50,29.56,0.0
COFs,Sequential,50,29.625,0.0
COFs,Sequential,50,29.69,0.0
COFs,Sequential,50,29.755,0.0
COFs,Sequential,50,29.82,0.0
COFs,Sequential,50,29.885,0.0
COFs,Sequential,50,29.95,0.0
COFs,Sequential,51,3.495,15.631027496035156
COFs,Sequential,51,3.56,15.631027496035156
COFs,Sequential,51,3.625,15.631027496035156
COFs,Sequential,51,3.69,15.631027496035156
COFs,Sequential,51,3.755,15.631027496035156
COFs,Sequential,51,3.82,15.631027496035156
COFs,Sequential,51,3.885,15.631027496035156
COFs,Sequential,51,3.95,15.631027496035156
COFs,Sequential,51,4.015,15.631027496035156
COFs,Sequential,51,4.08,15.631027496035156
COFs,Sequential,51,4.145,15.631027496035156
COFs,Sequential,51,4.21,15.631027496035156
COFs,Sequential,51,4.275,15.631027496035156
COFs,Sequential,51,4.34,15.631027496035156
COFs,Sequential,51,4.405,15.631027496035156
COFs,Sequential,51,4.47,15.631027496035156
COFs,Sequential,51,5.47,4.516970590908455
COFs,Sequential,51,5.535,4.516970590908455
COFs,Sequential,51,5.6,4.516970590908455
COFs,Sequential,51,5.665,4.516970590908455
COFs,Sequential,51,5.73,4.516970590908455
COFs,Sequential,51,5.795,4.516970590908455
COFs,Sequential,51,5.86,4.516970590908455
COFs,Sequential,51,5.925,4.516970590908455
COFs,Sequential,51,5.99,4.516970590908455
COFs,Sequential,51,6.055,4.516970590908455
COFs,Sequential,51,6.12,4.516970590908455
COFs,Sequential,51,6.185,4.516970590908455
COFs,Sequential,51,6.25,4.516970590908455
COFs,Sequential,51,6.315,4.516970590908455
COFs,Sequential,51,6.38,4.516970590908455
COFs,Sequential,51,6.445,4.516970590908455
COFs,Sequential,51,7.445,1.6834527522225675
COFs,Sequential,51,7.51,1.6834527522225675
COFs,Sequential,51,7.575,1.6834527522225675
COFs,Sequential,51,7.64,1.6834527522225675
COFs,Sequential,51,7.705,1.6834527522225675
COFs,Sequential,51,7.77,1.6834527522225675
COFs,Sequential,51,7.835,1.6834527522225675
COFs,Sequential,51,7.9,1.6834527522225675
COFs,Sequential,51,7.965,1.6834527522225675
COFs,Sequential,51,8.03,1.6834527522225675
COFs,Sequential,51,8.095,1.6834527522225675
COFs,Sequential,51,8.16,1.6834527522225675
COFs,Sequential,51,8.225,1.6834527522225675
COFs,Sequential,51,8.29,1.6834527522225675
COFs,Sequential,51,8.355,1.6834527522225675
COFs,Sequential,51,8.42,1.6834527522225675
COFs,Sequential,51,9.42,1.6834527522225675
COFs,Sequential,51,9.485,1.6834527522225675
COFs,Sequential,51,9.55,1.6834527522225675
COFs,Sequential,51,9.615,1.6834527522225675
COFs,Sequential,51,9.68,1.6834527522225675
COFs,Sequential,51,9.745,1.6834527522225675
COFs,Sequential,51,9.81,1.6834527522225675
COFs,Sequential,51,9.875,1.6834527522225675
COFs,Sequential,51,9.94,1.6834527522225675
COFs,Sequential,51,10.005,1.6834527522225675
COFs,Sequential,51,10.07,1.6834527522225675
COFs,Sequential,51,10.135,1.6834527522225675
COFs,Sequential,51,10.2,1.6834527522225675
COFs,Sequential,51,10.265,1.6834527522225675
COFs,Sequential,51,10.33,1.6834527522225675
COFs,Sequential,51,10.395,1.6834527522225675
COFs,Sequential,51,11.395,0.3635064340810032
COFs,Sequential,51,11.46,0.3635064340810032
COFs,Sequential,51,11.525,0.3635064340810032
COFs,Sequential,51,11.59,0.3635064340810032
COFs,Sequential,51,11.655,0.3635064340810032
COFs,Sequential,51,11.72,0.3635064340810032
COFs,Sequential,51,11.785,0.3635064340810032
COFs,Sequential,51,11.85,0.3635064340810032
COFs,Sequential,51,11.915,0.3635064340810032
COFs,Sequential,51,11.98,0.3635064340810032
COFs,Sequential,51,12.045,0.3635064340810032
COFs,Sequential,51,12.11,0.3635064340810032
COFs,Sequential,51,12.175,0.3635064340810032
COFs,Sequential,51,12.24,0.3635064340810032
COFs,Sequential,51,12.305,0.3635064340810032
COFs,Sequential,51,12.37,0.3635064340810032
COFs,Sequential,51,13.37,0.1384703736115966
COFs,Sequential,51,13.435,0.1384703736115966
COFs,Sequential,51,13.5,0.1384703736115966
COFs,Sequential,51,13.565,0.1384703736115966
COFs,Sequential,51,13.63,0.1384703736115966
COFs,Sequential,51,13.695,0.1384703736115966
COFs,Sequential,51,13.76,0.1384703736115966
COFs,Sequential,51,13.825,0.1384703736115966
COFs,Sequential,51,13.89,0.1384703736115966
COFs,Sequential,51,13.955,0.1384703736115966
COFs,Sequential,51,14.02,0.1384703736115966
COFs,Sequential,51,14.085,0.1384703736115966
COFs,Sequential,51,14.15,0.1384703736115966
COFs,Sequential,51,14.215,0.1384703736115966
COFs,Sequential,51,14.28,0.1384703736115966
COFs,Sequential,51,14.345,0.1384703736115966
COFs,Sequential,51,15.345,0.0
COFs,Sequential,51,15.41,0.0
COFs,Sequential,51,15.475,0.0
COFs,Sequential,51,15.54,0.0
COFs,Sequential,51,15.605,0.0
COFs,Sequential,51,15.67,0.0
COFs,Sequential,51,15.735,0.0
COFs,Sequential,51,15.8,0.0
COFs,Sequential,51,15.865,0.0
COFs,Sequential,51,15.93,0.0
COFs,Sequential,51,15.995,0.0
COFs,Sequential,51,16.06,0.0
COFs,Sequential,51,16.125,0.0
COFs,Sequential,51,16.19,0.0
COFs,Sequential,51,16.255,0.0
COFs,Sequential,51,16.32,0.0
COFs,Sequential,51,17.32,0.0
COFs,Sequential,51,17.385,0.0
COFs,Sequential,51,17.45,0.0
COFs,Sequential,51,17.515,0.0
COFs,Sequential,51,17.58,0.0
COFs,Sequential,51,17.645,0.0
COFs,Sequential,51,17.71,0.0
COFs,Sequential,51,17.775,0.0
COFs,Sequential,51,17.84,0.0
COFs,Sequential,51,17.905,0.0
COFs,Sequential,51,17.97,0.0
COFs,Sequential,51,18.035,0.0
COFs,Sequential,51,18.1,0.0
COFs,Sequential,51,18.165,0.0
COFs,Sequential,51,18.23,0.0
COFs,Sequential,51,18.295,0.0
COFs,Sequential,51,19.295,0.0
COFs,Sequential,51,19.36,0.0
COFs,Sequential,51,19.425,0.0
COFs,Sequential,51,19.49,0.0
COFs,Sequential,51,19.555,0.0
COFs,Sequential,51,19.62,0.0
COFs,Sequential,51,19.685,0.0
COFs,Sequential,51,19.75,0.0
COFs,Sequential,51,19.815,0.0
COFs,Sequential,51,19.88,0.0
COFs,Sequential,51,19.945,0.0
COFs,Sequential,51,20.01,0.0
COFs,Sequential,51,20.075,0.0
COFs,Sequential,51,20.14,0.0
COFs,Sequential,51,20.205,0.0
COFs,Sequential,51,20.27,0.0
COFs,Sequential,51,21.27,0.0
COFs,Sequential,51,21.335,0.0
COFs,Sequential,51,21.4,0.0
COFs,Sequential,51,21.465,0.0
COFs,Sequential,51,21.53,0.0
COFs,Sequential,51,21.595,0.0
COFs,Sequential,51,21.66,0.0
COFs,Sequential,51,21.725,0.0
COFs,Sequential,51,21.79,0.0
COFs,Sequential,51,21.855,0.0
COFs,Sequential,51,21.92,0.0
COFs,Sequential,51,21.985,0.0
COFs,Sequential,51,22.05,0.0
COFs,Sequential,51,22.115,0.0
COFs,Sequential,51,22.18,0.0
COFs,Sequential,51,22.245,0.0
COFs,Sequential,51,23.245,0.0
COFs,Sequential,51,23.31,0.0
COFs,Sequential,51,23.375,0.0
COFs,Sequential,51,23.44,0.0
COFs,Sequential,51,23.505,0.0
COFs,Sequential,51,23.57,0.0
COFs,Sequential,51,23.635,0.0
COFs,Sequential,51,23.7,0.0
COFs,Sequential,51,23.765,0.0
COFs,Sequential,51,23.83,0.0
COFs,Sequential,51,23.895,0.0
COFs,Sequential,51,23.96,0.0
COFs,Sequential,51,24.025,0.0
COFs,Sequential,51,24.09,0.0
COFs,Sequential,51,24.155,0.0
COFs,Sequential,51,24.22,0.0
COFs,Sequential,51,25.22,0.0
COFs,Sequential,51,25.285,0.0
COFs,Sequential,51,25.35,0.0
COFs,Sequential,51,25.415,0.0
COFs,Sequential,51,25.48,0.0
COFs,Sequential,51,25.545,0.0
COFs,Sequential,51,25.61,0.0
COFs,Sequential,51,25.675,0.0
COFs,Sequential,51,25.74,0.0
COFs,Sequential,51,25.805,0.0
COFs,Sequential,51,25.87,0.0
COFs,Sequential,51,25.935,0.0
COFs,Sequential,51,26.0,0.0
COFs,Sequential,51,26.065,0.0
COFs,Sequential,51,26.13,0.0
COFs,Sequential,51,26.195,0.0
COFs,Sequential,51,27.195,0.0
COFs,Sequential,51,27.26,0.0
COFs,Sequential,51,27.325,0.0
COFs,Sequential,51,27.39,0.0
COFs,Sequential,51,27.455,0.0
COFs,Sequential,51,27.52,0.0
COFs,Sequential,51,27.585,0.0
COFs,Sequential,51,27.65,0.0
COFs,Sequential,51,27.715,0.0
COFs,Sequential,51,27.78,0.0
COFs,Sequential,51,27.845,0.0
COFs,Sequential,51,27.91,0.0
COFs,Sequential,51,27.975,0.0
COFs,Sequential,51,28.04,0.0
COFs,Sequential,51,28.105,0.0
COFs,Sequential,51,28.17,0.0
COFs,Sequential,51,29.17,0.0
COFs,Sequential,51,29.235,0.0
COFs,Sequential,51,29.3,0.0
COFs,Sequential,51,29.365,0.0
COFs,Sequential,51,29.43,0.0
COFs,Sequential,51,29.495,0.0
COFs,Sequential,51,29.56,0.0
COFs,Sequential,51,29.625,0.0
COFs,Sequential,51,29.69,0.0
COFs,Sequential,51,29.755,0.0
COFs,Sequential,51,29.82,0.0
COFs,Sequential,51,29.885,0.0
COFs,Sequential,51,29.95,0.0
COFs,Sequential,52,3.495,14.284141411021764
COFs,Sequential,52,3.56,14.284141411021764
COFs,Sequential,52,3.625,14.284141411021764
COFs,Sequential,52,3.69,14.284141411021764
COFs,Sequential,52,3.755,14.284141411021764
COFs,Sequential,52,3.82,14.284141411021764
COFs,Sequential,52,3.885,14.284141411021764
COFs,Sequential,52,3.95,14.284141411021764
COFs,Sequential,52,4.015,14.284141411021764
COFs,Sequential,52,4.08,14.284141411021764
COFs,Sequential,52,4.145,14.284141411021764
COFs,Sequential,52,4.21,14.284141411021764
COFs,Sequential,52,4.275,14.284141411021764
COFs,Sequential,52,4.34,14.284141411021764
COFs,Sequential,52,4.405,14.284141411021764
COFs,Sequential,52,4.47,14.284141411021764
COFs,Sequential,52,5.47,4.516970590908455
COFs,Sequential,52,5.535,4.516970590908455
COFs,Sequential,52,5.6,4.516970590908455
COFs,Sequential,52,5.665,4.516970590908455
COFs,Sequential,52,5.73,4.516970590908455
COFs,Sequential,52,5.795,4.516970590908455
COFs,Sequential,52,5.86,4.516970590908455
COFs,Sequential,52,5.925,4.516970590908455
COFs,Sequential,52,5.99,4.516970590908455
COFs,Sequential,52,6.055,4.516970590908455
COFs,Sequential,52,6.12,4.516970590908455
COFs,Sequential,52,6.185,4.516970590908455
COFs,Sequential,52,6.25,4.516970590908455
COFs,Sequential,52,6.315,4.516970590908455
COFs,Sequential,52,6.38,4.516970590908455
COFs,Sequential,52,6.445,4.516970590908455
COFs,Sequential,52,7.445,0.1384703736115966
COFs,Sequential,52,7.51,0.1384703736115966
COFs,Sequential,52,7.575,0.1384703736115966
COFs,Sequential,52,7.64,0.1384703736115966
COFs,Sequential,52,7.705,0.1384703736115966
COFs,Sequential,52,7.77,0.1384703736115966
COFs,Sequential,52,7.835,0.1384703736115966
COFs,Sequential,52,7.9,0.1384703736115966
COFs,Sequential,52,7.965,0.1384703736115966
COFs,Sequential,52,8.03,0.1384703736115966
COFs,Sequential,52,8.095,0.1384703736115966
COFs,Sequential,52,8.16,0.1384703736115966
COFs,Sequential,52,8.225,0.1384703736115966
COFs,Sequential,52,8.29,0.1384703736115966
COFs,Sequential,52,8.355,0.1384703736115966
COFs,Sequential,52,8.42,0.1384703736115966
COFs,Sequential,52,9.42,0.0
COFs,Sequential,52,9.485,0.0
COFs,Sequential,52,9.55,0.0
COFs,Sequential,52,9.615,0.0
COFs,Sequential,52,9.68,0.0
COFs,Sequential,52,9.745,0.0
COFs,Sequential,52,9.81,0.0
COFs,Sequential,52,9.875,0.0
COFs,Sequential,52,9.94,0.0
COFs,Sequential,52,10.005,0.0
COFs,Sequential,52,10.07,0.0
COFs,Sequential,52,10.135,0.0
COFs,Sequential,52,10.2,0.0
COFs,Sequential,52,10.265,0.0
COFs,Sequential,52,10.33,0.0
COFs,Sequential,52,10.395,0.0
COFs,Sequential,52,11.395,0.0
COFs,Sequential,52,11.46,0.0
COFs,Sequential,52,11.525,0.0
COFs,Sequential,52,11.59,0.0
COFs,Sequential,52,11.655,0.0
COFs,Sequential,52,11.72,0.0
COFs,Sequential,52,11.785,0.0
COFs,Sequential,52,11.85,0.0
COFs,Sequential,52,11.915,0.0
COFs,Sequential,52,11.98,0.0
COFs,Sequential,52,12.045,0.0
COFs,Sequential,52,12.11,0.0
COFs,Sequential,52,12.175,0.0
COFs,Sequential,52,12.24,0.0
COFs,Sequential,52,12.305,0.0
COFs,Sequential,52,12.37,0.0
COFs,Sequential,52,13.37,0.0
COFs,Sequential,52,13.435,0.0
COFs,Sequential,52,13.5,0.0
COFs,Sequential,52,13.565,0.0
COFs,Sequential,52,13.63,0.0
COFs,Sequential,52,13.695,0.0
COFs,Sequential,52,13.76,0.0
COFs,Sequential,52,13.825,0.0
COFs,Sequential,52,13.89,0.0
COFs,Sequential,52,13.955,0.0
COFs,Sequential,52,14.02,0.0
COFs,Sequential,52,14.085,0.0
COFs,Sequential,52,14.15,0.0
COFs,Sequential,52,14.215,0.0
COFs,Sequential,52,14.28,0.0
COFs,Sequential,52,14.345,0.0
COFs,Sequential,52,15.345,0.0
COFs,Sequential,52,15.41,0.0
COFs,Sequential,52,15.475,0.0
COFs,Sequential,52,15.54,0.0
COFs,Sequential,52,15.605,0.0
COFs,Sequential,52,15.67,0.0
COFs,Sequential,52,15.735,0.0
COFs,Sequential,52,15.8,0.0
COFs,Sequential,52,15.865,0.0
COFs,Sequential,52,15.93,0.0
COFs,Sequential,52,15.995,0.0
COFs,Sequential,52,16.06,0.0
COFs,Sequential,52,16.125,0.0
COFs,Sequential,52,16.19,0.0
COFs,Sequential,52,16.255,0.0
COFs,Sequential,52,16.32,0.0
COFs,Sequential,52,17.32,0.0
COFs,Sequential,52,17.385,0.0
COFs,Sequential,52,17.45,0.0
COFs,Sequential,52,17.515,0.0
COFs,Sequential,52,17.58,0.0
COFs,Sequential,52,17.645,0.0
COFs,Sequential,52,17.71,0.0
COFs,Sequential,52,17.775,0.0
COFs,Sequential,52,17.84,0.0
COFs,Sequential,52,17.905,0.0
COFs,Sequential,52,17.97,0.0
COFs,Sequential,52,18.035,0.0
COFs,Sequential,52,18.1,0.0
COFs,Sequential,52,18.165,0.0
COFs,Sequential,52,18.23,0.0
COFs,Sequential,52,18.295,0.0
COFs,Sequential,52,19.295,0.0
COFs,Sequential,52,19.36,0.0
COFs,Sequential,52,19.425,0.0
COFs,Sequential,52,19.49,0.0
COFs,Sequential,52,19.555,0.0
COFs,Sequential,52,19.62,0.0
COFs,Sequential,52,19.685,0.0
COFs,Sequential,52,19.75,0.0
COFs,Sequential,52,19.815,0.0
COFs,Sequential,52,19.88,0.0
COFs,Sequential,52,19.945,0.0
COFs,Sequential,52,20.01,0.0
COFs,Sequential,52,20.075,0.0
COFs,Sequential,52,20.14,0.0
COFs,Sequential,52,20.205,0.0
COFs,Sequential,52,20.27,0.0
COFs,Sequential,52,21.27,0.0
COFs,Sequential,52,21.335,0.0
COFs,Sequential,52,21.4,0.0
COFs,Sequential,52,21.465,0.0
COFs,Sequential,52,21.53,0.0
COFs,Sequential,52,21.595,0.0
COFs,Sequential,52,21.66,0.0
COFs,Sequential,52,21.725,0.0
COFs,Sequential,52,21.79,0.0
COFs,Sequential,52,21.855,0.0
COFs,Sequential,52,21.92,0.0
COFs,Sequential,52,21.985,0.0
COFs,Sequential,52,22.05,0.0
COFs,Sequential,52,22.115,0.0
COFs,Sequential,52,22.18,0.0
COFs,Sequential,52,22.245,0.0
COFs,Sequential,52,23.245,0.0
COFs,Sequential,52,23.31,0.0
COFs,Sequential,52,23.375,0.0
COFs,Sequential,52,23.44,0.0
COFs,Sequential,52,23.505,0.0
COFs,Sequential,52,23.57,0.0
COFs,Sequential,52,23.635,0.0
COFs,Sequential,52,23.7,0.0
COFs,Sequential,52,23.765,0.0
COFs,Sequential,52,23.83,0.0
COFs,Sequential,52,23.895,0.0
COFs,Sequential,52,23.96,0.0
COFs,Sequential,52,24.025,0.0
COFs,Sequential,52,24.09,0.0
COFs,Sequential,52,24.155,0.0
COFs,Sequential,52,24.22,0.0
COFs,Sequential,52,25.22,0.0
COFs,Sequential,52,25.285,0.0
COFs,Sequential,52,25.35,0.0
COFs,Sequential,52,25.415,0.0
COFs,Sequential,52,25.48,0.0
COFs,Sequential,52,25.545,0.0
COFs,Sequential,52,25.61,0.0
COFs,Sequential,52,25.675,0.0
COFs,Sequential,52,25.74,0.0
COFs,Sequential,52,25.805,0.0
COFs,Sequential,52,25.87,0.0
COFs,Sequential,52,25.935,0.0
COFs,Sequential,52,26.0,0.0
COFs,Sequential,52,26.065,0.0
COFs,Sequential,52,26.13,0.0
COFs,Sequential,52,26.195,0.0
COFs,Sequential,52,27.195,0.0
COFs,Sequential,52,27.26,0.0
COFs,Sequential,52,27.325,0.0
COFs,Sequential,52,27.39,0.0
COFs,Sequential,52,27.455,0.0
COFs,Sequential,52,27.52,0.0
COFs,Sequential,52,27.585,0.0
COFs,Sequential,52,27.65,0.0
COFs,Sequential,52,27.715,0.0
COFs,Sequential,52,27.78,0.0
COFs,Sequential,52,27.845,0.0
COFs,Sequential,52,27.91,0.0
COFs,Sequential,52,27.975,0.0
COFs,Sequential,52,28.04,0.0
COFs,Sequential,52,28.105,0.0
COFs,Sequential,52,28.17,0.0
COFs,Sequential,52,29.17,0.0
COFs,Sequential,52,29.235,0.0
COFs,Sequential,52,29.3,0.0
COFs,Sequential,52,29.365,0.0
COFs,Sequential,52,29.43,0.0
COFs,Sequential,52,29.495,0.0
COFs,Sequential,52,29.56,0.0
COFs,Sequential,52,29.625,0.0
COFs,Sequential,52,29.69,0.0
COFs,Sequential,52,29.755,0.0
COFs,Sequential,52,29.82,0.0
COFs,Sequential,52,29.885,0.0
COFs,Sequential,52,29.95,0.0
COFs,Sequential,53,3.495,14.985327132158876
COFs,Sequential,53,3.56,14.985327132158876
COFs,Sequential,53,3.625,14.985327132158876
COFs,Sequential,53,3.69,14.985327132158876
COFs,Sequential,53,3.755,14.985327132158876
COFs,Sequential,53,3.82,14.985327132158876
COFs,Sequential,53,3.885,14.985327132158876
COFs,Sequential,53,3.95,14.985327132158876
COFs,Sequential,53,4.015,14.985327132158876
COFs,Sequential,53,4.08,14.985327132158876
COFs,Sequential,53,4.145,14.985327132158876
COFs,Sequential,53,4.21,14.985327132158876
COFs,Sequential,53,4.275,14.985327132158876
COFs,Sequential,53,4.34,14.985327132158876
COFs,Sequential,53,4.405,14.985327132158876
COFs,Sequential,53,4.47,14.985327132158876
COFs,Sequential,53,5.47,0.3635064340810032
COFs,Sequential,53,5.535,0.3635064340810032
COFs,Sequential,53,5.6,0.3635064340810032
COFs,Sequential,53,5.665,0.3635064340810032
COFs,Sequential,53,5.73,0.3635064340810032
COFs,Sequential,53,5.795,0.3635064340810032
COFs,Sequential,53,5.86,0.3635064340810032
COFs,Sequential,53,5.925,0.3635064340810032
COFs,Sequential,53,5.99,0.3635064340810032
COFs,Sequential,53,6.055,0.3635064340810032
COFs,Sequential,53,6.12,0.3635064340810032
COFs,Sequential,53,6.185,0.3635064340810032
COFs,Sequential,53,6.25,0.3635064340810032
COFs,Sequential,53,6.315,0.3635064340810032
COFs,Sequential,53,6.38,0.3635064340810032
COFs,Sequential,53,6.445,0.3635064340810032
COFs,Sequential,53,7.445,0.1384703736115966
COFs,Sequential,53,7.51,0.1384703736115966
COFs,Sequential,53,7.575,0.1384703736115966
COFs,Sequential,53,7.64,0.1384703736115966
COFs,Sequential,53,7.705,0.1384703736115966
COFs,Sequential,53,7.77,0.1384703736115966
COFs,Sequential,53,7.835,0.1384703736115966
COFs,Sequential,53,7.9,0.1384703736115966
COFs,Sequential,53,7.965,0.1384703736115966
COFs,Sequential,53,8.03,0.1384703736115966
COFs,Sequential,53,8.095,0.1384703736115966
COFs,Sequential,53,8.16,0.1384703736115966
COFs,Sequential,53,8.225,0.1384703736115966
COFs,Sequential,53,8.29,0.1384703736115966
COFs,Sequential,53,8.355,0.1384703736115966
COFs,Sequential,53,8.42,0.1384703736115966
COFs,Sequential,53,9.42,0.1384703736115966
COFs,Sequential,53,9.485,0.1384703736115966
COFs,Sequential,53,9.55,0.1384703736115966
COFs,Sequential,53,9.615,0.1384703736115966
COFs,Sequential,53,9.68,0.1384703736115966
COFs,Sequential,53,9.745,0.1384703736115966
COFs,Sequential,53,9.81,0.1384703736115966
COFs,Sequential,53,9.875,0.1384703736115966
COFs,Sequential,53,9.94,0.1384703736115966
COFs,Sequential,53,10.005,0.1384703736115966
COFs,Sequential,53,10.07,0.1384703736115966
COFs,Sequential,53,10.135,0.1384703736115966
COFs,Sequential,53,10.2,0.1384703736115966
COFs,Sequential,53,10.265,0.1384703736115966
COFs,Sequential,53,10.33,0.1384703736115966
COFs,Sequential,53,10.395,0.1384703736115966
COFs,Sequential,53,11.395,0.0
COFs,Sequential,53,11.46,0.0
COFs,Sequential,53,11.525,0.0
COFs,Sequential,53,11.59,0.0
COFs,Sequential,53,11.655,0.0
COFs,Sequential,53,11.72,0.0
COFs,Sequential,53,11.785,0.0
COFs,Sequential,53,11.85,0.0
COFs,Sequential,53,11.915,0.0
COFs,Sequential,53,11.98,0.0
COFs,Sequential,53,12.045,0.0
COFs,Sequential,53,12.11,0.0
COFs,Sequential,53,12.175,0.0
COFs,Sequential,53,12.24,0.0
COFs,Sequential,53,12.305,0.0
COFs,Sequential,53,12.37,0.0
COFs,Sequential,53,13.37,0.0
COFs,Sequential,53,13.435,0.0
COFs,Sequential,53,13.5,0.0
COFs,Sequential,53,13.565,0.0
COFs,Sequential,53,13.63,0.0
COFs,Sequential,53,13.695,0.0
COFs,Sequential,53,13.76,0.0
COFs,Sequential,53,13.825,0.0
COFs,Sequential,53,13.89,0.0
COFs,Sequential,53,13.955,0.0
COFs,Sequential,53,14.02,0.0
COFs,Sequential,53,14.085,0.0
COFs,Sequential,53,14.15,0.0
COFs,Sequential,53,14.215,0.0
COFs,Sequential,53,14.28,0.0
COFs,Sequential,53,14.345,0.0
COFs,Sequential,53,15.345,0.0
COFs,Sequential,53,15.41,0.0
COFs,Sequential,53,15.475,0.0
COFs,Sequential,53,15.54,0.0
COFs,Sequential,53,15.605,0.0
COFs,Sequential,53,15.67,0.0
COFs,Sequential,53,15.735,0.0
COFs,Sequential,53,15.8,0.0
COFs,Sequential,53,15.865,0.0
COFs,Sequential,53,15.93,0.0
COFs,Sequential,53,15.995,0.0
COFs,Sequential,53,16.06,0.0
COFs,Sequential,53,16.125,0.0
COFs,Sequential,53,16.19,0.0
COFs,Sequential,53,16.255,0.0
COFs,Sequential,53,16.32,0.0
COFs,Sequential,53,17.32,0.0
COFs,Sequential,53,17.385,0.0
COFs,Sequential,53,17.45,0.0
COFs,Sequential,53,17.515,0.0
COFs,Sequential,53,17.58,0.0
COFs,Sequential,53,17.645,0.0
COFs,Sequential,53,17.71,0.0
COFs,Sequential,53,17.775,0.0
COFs,Sequential,53,17.84,0.0
COFs,Sequential,53,17.905,0.0
COFs,Sequential,53,17.97,0.0
COFs,Sequential,53,18.035,0.0
COFs,Sequential,53,18.1,0.0
COFs,Sequential,53,18.165,0.0
COFs,Sequential,53,18.23,0.0
COFs,Sequential,53,18.295,0.0
COFs,Sequential,53,19.295,0.0
COFs,Sequential,53,19.36,0.0
COFs,Sequential,53,19.425,0.0
COFs,Sequential,53,19.49,0.0
COFs,Sequential,53,19.555,0.0
COFs,Sequential,53,19.62,0.0
COFs,Sequential,53,19.685,0.0
COFs,Sequential,53,19.75,0.0
COFs,Sequential,53,19.815,0.0
COFs,Sequential,53,19.88,0.0
COFs,Sequential,53,19.945,0.0
COFs,Sequential,53,20.01,0.0
COFs,Sequential,53,20.075,0.0
COFs,Sequential,53,20.14,0.0
COFs,Sequential,53,20.205,0.0
COFs,Sequential,53,20.27,0.0
COFs,Sequential,53,21.27,0.0
COFs,Sequential,53,21.335,0.0
COFs,Sequential,53,21.4,0.0
COFs,Sequential,53,21.465,0.0
COFs,Sequential,53,21.53,0.0
COFs,Sequential,53,21.595,0.0
COFs,Sequential,53,21.66,0.0
COFs,Sequential,53,21.725,0.0
COFs,Sequential,53,21.79,0.0
COFs,Sequential,53,21.855,0.0
COFs,Sequential,53,21.92,0.0
COFs,Sequential,53,21.985,0.0
COFs,Sequential,53,22.05,0.0
COFs,Sequential,53,22.115,0.0
COFs,Sequential,53,22.18,0.0
COFs,Sequential,53,22.245,0.0
COFs,Sequential,53,23.245,0.0
COFs,Sequential,53,23.31,0.0
COFs,Sequential,53,23.375,0.0
COFs,Sequential,53,23.44,0.0
COFs,Sequential,53,23.505,0.0
COFs,Sequential,53,23.57,0.0
COFs,Sequential,53,23.635,0.0
COFs,Sequential,53,23.7,0.0
COFs,Sequential,53,23.765,0.0
COFs,Sequential,53,23.83,0.0
COFs,Sequential,53,23.895,0.0
COFs,Sequential,53,23.96,0.0
COFs,Sequential,53,24.025,0.0
COFs,Sequential,53,24.09,0.0
COFs,Sequential,53,24.155,0.0
COFs,Sequential,53,24.22,0.0
COFs,Sequential,53,25.22,0.0
COFs,Sequential,53,25.285,0.0
COFs,Sequential,53,25.35,0.0
COFs,Sequential,53,25.415,0.0
COFs,Sequential,53,25.48,0.0
COFs,Sequential,53,25.545,0.0
COFs,Sequential,53,25.61,0.0
COFs,Sequential,53,25.675,0.0
COFs,Sequential,53,25.74,0.0
COFs,Sequential,53,25.805,0.0
COFs,Sequential,53,25.87,0.0
COFs,Sequential,53,25.935,0.0
COFs,Sequential,53,26.0,0.0
COFs,Sequential,53,26.065,0.0
COFs,Sequential,53,26.13,0.0
COFs,Sequential,53,26.195,0.0
COFs,Sequential,53,27.195,0.0
COFs,Sequential,53,27.26,0.0
COFs,Sequential,53,27.325,0.0
COFs,Sequential,53,27.39,0.0
COFs,Sequential,53,27.455,0.0
COFs,Sequential,53,27.52,0.0
COFs,Sequential,53,27.585,0.0
COFs,Sequential,53,27.65,0.0
COFs,Sequential,53,27.715,0.0
COFs,Sequential,53,27.78,0.0
COFs,Sequential,53,27.845,0.0
COFs,Sequential,53,27.91,0.0
COFs,Sequential,53,27.975,0.0
COFs,Sequential,53,28.04,0.0
COFs,Sequential,53,28.105,0.0
COFs,Sequential,53,28.17,0.0
COFs,Sequential,53,29.17,0.0
COFs,Sequential,53,29.235,0.0
COFs,Sequential,53,29.3,0.0
COFs,Sequential,53,29.365,0.0
COFs,Sequential,53,29.43,0.0
COFs,Sequential,53,29.495,0.0
COFs,Sequential,53,29.56,0.0
COFs,Sequential,53,29.625,0.0
COFs,Sequential,53,29.69,0.0
COFs,Sequential,53,29.755,0.0
COFs,Sequential,53,29.82,0.0
COFs,Sequential,53,29.885,0.0
COFs,Sequential,53,29.95,0.0
COFs,Sequential,54,3.495,12.286313844166015
COFs,Sequential,54,3.56,12.286313844166015
COFs,Sequential,54,3.625,12.286313844166015
COFs,Sequential,54,3.69,12.286313844166015
COFs,Sequential,54,3.755,12.286313844166015
COFs,Sequential,54,3.82,12.286313844166015
COFs,Sequential,54,3.885,12.286313844166015
COFs,Sequential,54,3.95,12.286313844166015
COFs,Sequential,54,4.015,12.286313844166015
COFs,Sequential,54,4.08,12.286313844166015
COFs,Sequential,54,4.145,12.286313844166015
COFs,Sequential,54,4.21,12.286313844166015
COFs,Sequential,54,4.275,12.286313844166015
COFs,Sequential,54,4.34,12.286313844166015
COFs,Sequential,54,4.405,12.286313844166015
COFs,Sequential,54,4.47,12.286313844166015
COFs,Sequential,54,5.47,0.1384703736115966
COFs,Sequential,54,5.535,0.1384703736115966
COFs,Sequential,54,5.6,0.1384703736115966
COFs,Sequential,54,5.665,0.1384703736115966
COFs,Sequential,54,5.73,0.1384703736115966
COFs,Sequential,54,5.795,0.1384703736115966
COFs,Sequential,54,5.86,0.1384703736115966
COFs,Sequential,54,5.925,0.1384703736115966
COFs,Sequential,54,5.99,0.1384703736115966
COFs,Sequential,54,6.055,0.1384703736115966
COFs,Sequential,54,6.12,0.1384703736115966
COFs,Sequential,54,6.185,0.1384703736115966
COFs,Sequential,54,6.25,0.1384703736115966
COFs,Sequential,54,6.315,0.1384703736115966
COFs,Sequential,54,6.38,0.1384703736115966
COFs,Sequential,54,6.445,0.1384703736115966
COFs,Sequential,54,7.445,0.1384703736115966
COFs,Sequential,54,7.51,0.1384703736115966
COFs,Sequential,54,7.575,0.1384703736115966
COFs,Sequential,54,7.64,0.1384703736115966
COFs,Sequential,54,7.705,0.1384703736115966
COFs,Sequential,54,7.77,0.1384703736115966
COFs,Sequential,54,7.835,0.1384703736115966
COFs,Sequential,54,7.9,0.1384703736115966
COFs,Sequential,54,7.965,0.1384703736115966
COFs,Sequential,54,8.03,0.1384703736115966
COFs,Sequential,54,8.095,0.1384703736115966
COFs,Sequential,54,8.16,0.1384703736115966
COFs,Sequential,54,8.225,0.1384703736115966
COFs,Sequential,54,8.29,0.1384703736115966
COFs,Sequential,54,8.355,0.1384703736115966
COFs,Sequential,54,8.42,0.1384703736115966
COFs,Sequential,54,9.42,0.0
COFs,Sequential,54,9.485,0.0
COFs,Sequential,54,9.55,0.0
COFs,Sequential,54,9.615,0.0
COFs,Sequential,54,9.68,0.0
COFs,Sequential,54,9.745,0.0
COFs,Sequential,54,9.81,0.0
COFs,Sequential,54,9.875,0.0
COFs,Sequential,54,9.94,0.0
COFs,Sequential,54,10.005,0.0
COFs,Sequential,54,10.07,0.0
COFs,Sequential,54,10.135,0.0
COFs,Sequential,54,10.2,0.0
COFs,Sequential,54,10.265,0.0
COFs,Sequential,54,10.33,0.0
COFs,Sequential,54,10.395,0.0
COFs,Sequential,54,11.395,0.0
COFs,Sequential,54,11.46,0.0
COFs,Sequential,54,11.525,0.0
COFs,Sequential,54,11.59,0.0
COFs,Sequential,54,11.655,0.0
COFs,Sequential,54,11.72,0.0
COFs,Sequential,54,11.785,0.0
COFs,Sequential,54,11.85,0.0
COFs,Sequential,54,11.915,0.0
COFs,Sequential,54,11.98,0.0
COFs,Sequential,54,12.045,0.0
COFs,Sequential,54,12.11,0.0
COFs,Sequential,54,12.175,0.0
COFs,Sequential,54,12.24,0.0
COFs,Sequential,54,12.305,0.0
COFs,Sequential,54,12.37,0.0
COFs,Sequential,54,13.37,0.0
COFs,Sequential,54,13.435,0.0
COFs,Sequential,54,13.5,0.0
COFs,Sequential,54,13.565,0.0
COFs,Sequential,54,13.63,0.0
COFs,Sequential,54,13.695,0.0
COFs,Sequential,54,13.76,0.0
COFs,Sequential,54,13.825,0.0
COFs,Sequential,54,13.89,0.0
COFs,Sequential,54,13.955,0.0
COFs,Sequential,54,14.02,0.0
COFs,Sequential,54,14.085,0.0
COFs,Sequential,54,14.15,0.0
COFs,Sequential,54,14.215,0.0
COFs,Sequential,54,14.28,0.0
COFs,Sequential,54,14.345,0.0
COFs,Sequential,54,15.345,0.0
COFs,Sequential,54,15.41,0.0
COFs,Sequential,54,15.475,0.0
COFs,Sequential,54,15.54,0.0
COFs,Sequential,54,15.605,0.0
COFs,Sequential,54,15.67,0.0
COFs,Sequential,54,15.735,0.0
COFs,Sequential,54,15.8,0.0
COFs,Sequential,54,15.865,0.0
COFs,Sequential,54,15.93,0.0
COFs,Sequential,54,15.995,0.0
COFs,Sequential,54,16.06,0.0
COFs,Sequential,54,16.125,0.0
COFs,Sequential,54,16.19,0.0
COFs,Sequential,54,16.255,0.0
COFs,Sequential,54,16.32,0.0
COFs,Sequential,54,17.32,0.0
COFs,Sequential,54,17.385,0.0
COFs,Sequential,54,17.45,0.0
COFs,Sequential,54,17.515,0.0
COFs,Sequential,54,17.58,0.0
COFs,Sequential,54,17.645,0.0
COFs,Sequential,54,17.71,0.0
COFs,Sequential,54,17.775,0.0
COFs,Sequential,54,17.84,0.0
COFs,Sequential,54,17.905,0.0
COFs,Sequential,54,17.97,0.0
COFs,Sequential,54,18.035,0.0
COFs,Sequential,54,18.1,0.0
COFs,Sequential,54,18.165,0.0
COFs,Sequential,54,18.23,0.0
COFs,Sequential,54,18.295,0.0
COFs,Sequential,54,19.295,0.0
COFs,Sequential,54,19.36,0.0
COFs,Sequential,54,19.425,0.0
COFs,Sequential,54,19.49,0.0
COFs,Sequential,54,19.555,0.0
COFs,Sequential,54,19.62,0.0
COFs,Sequential,54,19.685,0.0
COFs,Sequential,54,19.75,0.0
COFs,Sequential,54,19.815,0.0
COFs,Sequential,54,19.88,0.0
COFs,Sequential,54,19.945,0.0
COFs,Sequential,54,20.01,0.0
COFs,Sequential,54,20.075,0.0
COFs,Sequential,54,20.14,0.0
COFs,Sequential,54,20.205,0.0
COFs,Sequential,54,20.27,0.0
COFs,Sequential,54,21.27,0.0
COFs,Sequential,54,21.335,0.0
COFs,Sequential,54,21.4,0.0
COFs,Sequential,54,21.465,0.0
COFs,Sequential,54,21.53,0.0
COFs,Sequential,54,21.595,0.0
COFs,Sequential,54,21.66,0.0
COFs,Sequential,54,21.725,0.0
COFs,Sequential,54,21.79,0.0
COFs,Sequential,54,21.855,0.0
COFs,Sequential,54,21.92,0.0
COFs,Sequential,54,21.985,0.0
COFs,Sequential,54,22.05,0.0
COFs,Sequential,54,22.115,0.0
COFs,Sequential,54,22.18,0.0
COFs,Sequential,54,22.245,0.0
COFs,Sequential,54,23.245,0.0
COFs,Sequential,54,23.31,0.0
COFs,Sequential,54,23.375,0.0
COFs,Sequential,54,23.44,0.0
COFs,Sequential,54,23.505,0.0
COFs,Sequential,54,23.57,0.0
COFs,Sequential,54,23.635,0.0
COFs,Sequential,54,23.7,0.0
COFs,Sequential,54,23.765,0.0
COFs,Sequential,54,23.83,0.0
COFs,Sequential,54,23.895,0.0
COFs,Sequential,54,23.96,0.0
COFs,Sequential,54,24.025,0.0
COFs,Sequential,54,24.09,0.0
COFs,Sequential,54,24.155,0.0
COFs,Sequential,54,24.22,0.0
COFs,Sequential,54,25.22,0.0
COFs,Sequential,54,25.285,0.0
COFs,Sequential,54,25.35,0.0
COFs,Sequential,54,25.415,0.0
COFs,Sequential,54,25.48,0.0
COFs,Sequential,54,25.545,0.0
COFs,Sequential,54,25.61,0.0
COFs,Sequential,54,25.675,0.0
COFs,Sequential,54,25.74,0.0
COFs,Sequential,54,25.805,0.0
COFs,Sequential,54,25.87,0.0
COFs,Sequential,54,25.935,0.0
COFs,Sequential,54,26.0,0.0
COFs,Sequential,54,26.065,0.0
COFs,Sequential,54,26.13,0.0
COFs,Sequential,54,26.195,0.0
COFs,Sequential,54,27.195,0.0
COFs,Sequential,54,27.26,0.0
COFs,Sequential,54,27.325,0.0
COFs,Sequential,54,27.39,0.0
COFs,Sequential,54,27.455,0.0
COFs,Sequential,54,27.52,0.0
COFs,Sequential,54,27.585,0.0
COFs,Sequential,54,27.65,0.0
COFs,Sequential,54,27.715,0.0
COFs,Sequential,54,27.78,0.0
COFs,Sequential,54,27.845,0.0
COFs,Sequential,54,27.91,0.0
COFs,Sequential,54,27.975,0.0
COFs,Sequential,54,28.04,0.0
COFs,Sequential,54,28.105,0.0
COFs,Sequential,54,28.17,0.0
COFs,Sequential,54,29.17,0.0
COFs,Sequential,54,29.235,0.0
COFs,Sequential,54,29.3,0.0
COFs,Sequential,54,29.365,0.0
COFs,Sequential,54,29.43,0.0
COFs,Sequential,54,29.495,0.0
COFs,Sequential,54,29.56,0.0
COFs,Sequential,54,29.625,0.0
COFs,Sequential,54,29.69,0.0
COFs,Sequential,54,29.755,0.0
COFs,Sequential,54,29.82,0.0
COFs,Sequential,54,29.885,0.0
COFs,Sequential,54,29.95,0.0
COFs,Sequential,55,3.495,15.734422241958349
COFs,Sequential,55,3.56,15.734422241958349
COFs,Sequential,55,3.625,15.734422241958349
COFs,Sequential,55,3.69,15.734422241958349
COFs,Sequential,55,3.755,15.734422241958349
COFs,Sequential,55,3.82,15.734422241958349
COFs,Sequential,55,3.885,15.734422241958349
COFs,Sequential,55,3.95,15.734422241958349
COFs,Sequential,55,4.015,15.734422241958349
COFs,Sequential,55,4.08,15.734422241958349
COFs,Sequential,55,4.145,15.734422241958349
COFs,Sequential,55,4.21,15.734422241958349
COFs,Sequential,55,4.275,15.734422241958349
COFs,Sequential,55,4.34,15.734422241958349
COFs,Sequential,55,4.405,15.734422241958349
COFs,Sequential,55,4.47,15.734422241958349
COFs,Sequential,55,5.47,4.516970590908455
COFs,Sequential,55,5.535,4.516970590908455
COFs,Sequential,55,5.6,4.516970590908455
COFs,Sequential,55,5.665,4.516970590908455
COFs,Sequential,55,5.73,4.516970590908455
COFs,Sequential,55,5.795,4.516970590908455
COFs,Sequential,55,5.86,4.516970590908455
COFs,Sequential,55,5.925,4.516970590908455
COFs,Sequential,55,5.99,4.516970590908455
COFs,Sequential,55,6.055,4.516970590908455
COFs,Sequential,55,6.12,4.516970590908455
COFs,Sequential,55,6.185,4.516970590908455
COFs,Sequential,55,6.25,4.516970590908455
COFs,Sequential,55,6.315,4.516970590908455
COFs,Sequential,55,6.38,4.516970590908455
COFs,Sequential,55,6.445,4.516970590908455
COFs,Sequential,55,7.445,0.1384703736115966
COFs,Sequential,55,7.51,0.1384703736115966
COFs,Sequential,55,7.575,0.1384703736115966
COFs,Sequential,55,7.64,0.1384703736115966
COFs,Sequential,55,7.705,0.1384703736115966
COFs,Sequential,55,7.77,0.1384703736115966
COFs,Sequential,55,7.835,0.1384703736115966
COFs,Sequential,55,7.9,0.1384703736115966
COFs,Sequential,55,7.965,0.1384703736115966
COFs,Sequential,55,8.03,0.1384703736115966
COFs,Sequential,55,8.095,0.1384703736115966
COFs,Sequential,55,8.16,0.1384703736115966
COFs,Sequential,55,8.225,0.1384703736115966
COFs,Sequential,55,8.29,0.1384703736115966
COFs,Sequential,55,8.355,0.1384703736115966
COFs,Sequential,55,8.42,0.1384703736115966
COFs,Sequential,55,9.42,0.0
COFs,Sequential,55,9.485,0.0
COFs,Sequential,55,9.55,0.0
COFs,Sequential,55,9.615,0.0
COFs,Sequential,55,9.68,0.0
COFs,Sequential,55,9.745,0.0
COFs,Sequential,55,9.81,0.0
COFs,Sequential,55,9.875,0.0
COFs,Sequential,55,9.94,0.0
COFs,Sequential,55,10.005,0.0
COFs,Sequential,55,10.07,0.0
COFs,Sequential,55,10.135,0.0
COFs,Sequential,55,10.2,0.0
COFs,Sequential,55,10.265,0.0
COFs,Sequential,55,10.33,0.0
COFs,Sequential,55,10.395,0.0
COFs,Sequential,55,11.395,0.0
COFs,Sequential,55,11.46,0.0
COFs,Sequential,55,11.525,0.0
COFs,Sequential,55,11.59,0.0
COFs,Sequential,55,11.655,0.0
COFs,Sequential,55,11.72,0.0
COFs,Sequential,55,11.785,0.0
COFs,Sequential,55,11.85,0.0
COFs,Sequential,55,11.915,0.0
COFs,Sequential,55,11.98,0.0
COFs,Sequential,55,12.045,0.0
COFs,Sequential,55,12.11,0.0
COFs,Sequential,55,12.175,0.0
COFs,Sequential,55,12.24,0.0
COFs,Sequential,55,12.305,0.0
COFs,Sequential,55,12.37,0.0
COFs,Sequential,55,13.37,0.0
COFs,Sequential,55,13.435,0.0
COFs,Sequential,55,13.5,0.0
COFs,Sequential,55,13.565,0.0
COFs,Sequential,55,13.63,0.0
COFs,Sequential,55,13.695,0.0
COFs,Sequential,55,13.76,0.0
COFs,Sequential,55,13.825,0.0
COFs,Sequential,55,13.89,0.0
COFs,Sequential,55,13.955,0.0
COFs,Sequential,55,14.02,0.0
COFs,Sequential,55,14.085,0.0
COFs,Sequential,55,14.15,0.0
COFs,Sequential,55,14.215,0.0
COFs,Sequential,55,14.28,0.0
COFs,Sequential,55,14.345,0.0
COFs,Sequential,55,15.345,0.0
COFs,Sequential,55,15.41,0.0
COFs,Sequential,55,15.475,0.0
COFs,Sequential,55,15.54,0.0
COFs,Sequential,55,15.605,0.0
COFs,Sequential,55,15.67,0.0
COFs,Sequential,55,15.735,0.0
COFs,Sequential,55,15.8,0.0
COFs,Sequential,55,15.865,0.0
COFs,Sequential,55,15.93,0.0
COFs,Sequential,55,15.995,0.0
COFs,Sequential,55,16.06,0.0
COFs,Sequential,55,16.125,0.0
COFs,Sequential,55,16.19,0.0
COFs,Sequential,55,16.255,0.0
COFs,Sequential,55,16.32,0.0
COFs,Sequential,55,17.32,0.0
COFs,Sequential,55,17.385,0.0
COFs,Sequential,55,17.45,0.0
COFs,Sequential,55,17.515,0.0
COFs,Sequential,55,17.58,0.0
COFs,Sequential,55,17.645,0.0
COFs,Sequential,55,17.71,0.0
COFs,Sequential,55,17.775,0.0
COFs,Sequential,55,17.84,0.0
COFs,Sequential,55,17.905,0.0
COFs,Sequential,55,17.97,0.0
COFs,Sequential,55,18.035,0.0
COFs,Sequential,55,18.1,0.0
COFs,Sequential,55,18.165,0.0
COFs,Sequential,55,18.23,0.0
COFs,Sequential,55,18.295,0.0
COFs,Sequential,55,19.295,0.0
COFs,Sequential,55,19.36,0.0
COFs,Sequential,55,19.425,0.0
COFs,Sequential,55,19.49,0.0
COFs,Sequential,55,19.555,0.0
COFs,Sequential,55,19.62,0.0
COFs,Sequential,55,19.685,0.0
COFs,Sequential,55,19.75,0.0
COFs,Sequential,55,19.815,0.0
COFs,Sequential,55,19.88,0.0
COFs,Sequential,55,19.945,0.0
COFs,Sequential,55,20.01,0.0
COFs,Sequential,55,20.075,0.0
COFs,Sequential,55,20.14,0.0
COFs,Sequential,55,20.205,0.0
COFs,Sequential,55,20.27,0.0
COFs,Sequential,55,21.27,0.0
COFs,Sequential,55,21.335,0.0
COFs,Sequential,55,21.4,0.0
COFs,Sequential,55,21.465,0.0
COFs,Sequential,55,21.53,0.0
COFs,Sequential,55,21.595,0.0
COFs,Sequential,55,21.66,0.0
COFs,Sequential,55,21.725,0.0
COFs,Sequential,55,21.79,0.0
COFs,Sequential,55,21.855,0.0
COFs,Sequential,55,21.92,0.0
COFs,Sequential,55,21.985,0.0
COFs,Sequential,55,22.05,0.0
COFs,Sequential,55,22.115,0.0
COFs,Sequential,55,22.18,0.0
COFs,Sequential,55,22.245,0.0
COFs,Sequential,55,23.245,0.0
COFs,Sequential,55,23.31,0.0
COFs,Sequential,55,23.375,0.0
COFs,Sequential,55,23.44,0.0
COFs,Sequential,55,23.505,0.0
COFs,Sequential,55,23.57,0.0
COFs,Sequential,55,23.635,0.0
COFs,Sequential,55,23.7,0.0
COFs,Sequential,55,23.765,0.0
COFs,Sequential,55,23.83,0.0
COFs,Sequential,55,23.895,0.0
COFs,Sequential,55,23.96,0.0
COFs,Sequential,55,24.025,0.0
COFs,Sequential,55,24.09,0.0
COFs,Sequential,55,24.155,0.0
COFs,Sequential,55,24.22,0.0
COFs,Sequential,55,25.22,0.0
COFs,Sequential,55,25.285,0.0
COFs,Sequential,55,25.35,0.0
COFs,Sequential,55,25.415,0.0
COFs,Sequential,55,25.48,0.0
COFs,Sequential,55,25.545,0.0
COFs,Sequential,55,25.61,0.0
COFs,Sequential,55,25.675,0.0
COFs,Sequential,55,25.74,0.0
COFs,Sequential,55,25.805,0.0
COFs,Sequential,55,25.87,0.0
COFs,Sequential,55,25.935,0.0
COFs,Sequential,55,26.0,0.0
COFs,Sequential,55,26.065,0.0
COFs,Sequential,55,26.13,0.0
COFs,Sequential,55,26.195,0.0
COFs,Sequential,55,27.195,0.0
COFs,Sequential,55,27.26,0.0
COFs,Sequential,55,27.325,0.0
COFs,Sequential,55,27.39,0.0
COFs,Sequential,55,27.455,0.0
COFs,Sequential,55,27.52,0.0
COFs,Sequential,55,27.585,0.0
COFs,Sequential,55,27.65,0.0
COFs,Sequential,55,27.715,0.0
COFs,Sequential,55,27.78,0.0
COFs,Sequential,55,27.845,0.0
COFs,Sequential,55,27.91,0.0
COFs,Sequential,55,27.975,0.0
COFs,Sequential,55,28.04,0.0
COFs,Sequential,55,28.105,0.0
COFs,Sequential,55,28.17,0.0
COFs,Sequential,55,29.17,0.0
COFs,Sequential,55,29.235,0.0
COFs,Sequential,55,29.3,0.0
COFs,Sequential,55,29.365,0.0
COFs,Sequential,55,29.43,0.0
COFs,Sequential,55,29.495,0.0
COFs,Sequential,55,29.56,0.0
COFs,Sequential,55,29.625,0.0
COFs,Sequential,55,29.69,0.0
COFs,Sequential,55,29.755,0.0
COFs,Sequential,55,29.82,0.0
COFs,Sequential,55,29.885,0.0
COFs,Sequential,55,29.95,0.0
COFs,Sequential,56,3.495,2.768421691579954
COFs,Sequential,56,3.56,2.768421691579954
COFs,Sequential,56,3.625,2.768421691579954
COFs,Sequential,56,3.69,2.768421691579954
COFs,Sequential,56,3.755,2.768421691579954
COFs,Sequential,56,3.82,2.768421691579954
COFs,Sequential,56,3.885,2.768421691579954
COFs,Sequential,56,3.95,2.768421691579954
COFs,Sequential,56,4.015,2.768421691579954
COFs,Sequential,56,4.08,2.768421691579954
COFs,Sequential,56,4.145,2.768421691579954
COFs,Sequential,56,4.21,2.768421691579954
COFs,Sequential,56,4.275,2.768421691579954
COFs,Sequential,56,4.34,2.768421691579954
COFs,Sequential,56,4.405,2.768421691579954
COFs,Sequential,56,4.47,2.768421691579954
COFs,Sequential,56,5.47,0.3635064340810032
COFs,Sequential,56,5.535,0.3635064340810032
COFs,Sequential,56,5.6,0.3635064340810032
COFs,Sequential,56,5.665,0.3635064340810032
COFs,Sequential,56,5.73,0.3635064340810032
COFs,Sequential,56,5.795,0.3635064340810032
COFs,Sequential,56,5.86,0.3635064340810032
COFs,Sequential,56,5.925,0.3635064340810032
COFs,Sequential,56,5.99,0.3635064340810032
COFs,Sequential,56,6.055,0.3635064340810032
COFs,Sequential,56,6.12,0.3635064340810032
COFs,Sequential,56,6.185,0.3635064340810032
COFs,Sequential,56,6.25,0.3635064340810032
COFs,Sequential,56,6.315,0.3635064340810032
COFs,Sequential,56,6.38,0.3635064340810032
COFs,Sequential,56,6.445,0.3635064340810032
COFs,Sequential,56,7.445,0.3635064340810032
COFs,Sequential,56,7.51,0.3635064340810032
COFs,Sequential,56,7.575,0.3635064340810032
COFs,Sequential,56,7.64,0.3635064340810032
COFs,Sequential,56,7.705,0.3635064340810032
COFs,Sequential,56,7.77,0.3635064340810032
COFs,Sequential,56,7.835,0.3635064340810032
COFs,Sequential,56,7.9,0.3635064340810032
COFs,Sequential,56,7.965,0.3635064340810032
COFs,Sequential,56,8.03,0.3635064340810032
COFs,Sequential,56,8.095,0.3635064340810032
COFs,Sequential,56,8.16,0.3635064340810032
COFs,Sequential,56,8.225,0.3635064340810032
COFs,Sequential,56,8.29,0.3635064340810032
COFs,Sequential,56,8.355,0.3635064340810032
COFs,Sequential,56,8.42,0.3635064340810032
COFs,Sequential,56,9.42,0.3635064340810032
COFs,Sequential,56,9.485,0.3635064340810032
COFs,Sequential,56,9.55,0.3635064340810032
COFs,Sequential,56,9.615,0.3635064340810032
COFs,Sequential,56,9.68,0.3635064340810032
COFs,Sequential,56,9.745,0.3635064340810032
COFs,Sequential,56,9.81,0.3635064340810032
COFs,Sequential,56,9.875,0.3635064340810032
COFs,Sequential,56,9.94,0.3635064340810032
COFs,Sequential,56,10.005,0.3635064340810032
COFs,Sequential,56,10.07,0.3635064340810032
COFs,Sequential,56,10.135,0.3635064340810032
COFs,Sequential,56,10.2,0.3635064340810032
COFs,Sequential,56,10.265,0.3635064340810032
COFs,Sequential,56,10.33,0.3635064340810032
COFs,Sequential,56,10.395,0.3635064340810032
COFs,Sequential,56,11.395,0.3635064340810032
COFs,Sequential,56,11.46,0.3635064340810032
COFs,Sequential,56,11.525,0.3635064340810032
COFs,Sequential,56,11.59,0.3635064340810032
COFs,Sequential,56,11.655,0.3635064340810032
COFs,Sequential,56,11.72,0.3635064340810032
COFs,Sequential,56,11.785,0.3635064340810032
COFs,Sequential,56,11.85,0.3635064340810032
COFs,Sequential,56,11.915,0.3635064340810032
COFs,Sequential,56,11.98,0.3635064340810032
COFs,Sequential,56,12.045,0.3635064340810032
COFs,Sequential,56,12.11,0.3635064340810032
COFs,Sequential,56,12.175,0.3635064340810032
COFs,Sequential,56,12.24,0.3635064340810032
COFs,Sequential,56,12.305,0.3635064340810032
COFs,Sequential,56,12.37,0.3635064340810032
COFs,Sequential,56,13.37,0.3635064340810032
COFs,Sequential,56,13.435,0.3635064340810032
COFs,Sequential,56,13.5,0.3635064340810032
COFs,Sequential,56,13.565,0.3635064340810032
COFs,Sequential,56,13.63,0.3635064340810032
COFs,Sequential,56,13.695,0.3635064340810032
COFs,Sequential,56,13.76,0.3635064340810032
COFs,Sequential,56,13.825,0.3635064340810032
COFs,Sequential,56,13.89,0.3635064340810032
COFs,Sequential,56,13.955,0.3635064340810032
COFs,Sequential,56,14.02,0.3635064340810032
COFs,Sequential,56,14.085,0.3635064340810032
COFs,Sequential,56,14.15,0.3635064340810032
COFs,Sequential,56,14.215,0.3635064340810032
COFs,Sequential,56,14.28,0.3635064340810032
COFs,Sequential,56,14.345,0.3635064340810032
COFs,Sequential,56,15.345,0.3635064340810032
COFs,Sequential,56,15.41,0.3635064340810032
COFs,Sequential,56,15.475,0.3635064340810032
COFs,Sequential,56,15.54,0.3635064340810032
COFs,Sequential,56,15.605,0.3635064340810032
COFs,Sequential,56,15.67,0.3635064340810032
COFs,Sequential,56,15.735,0.3635064340810032
COFs,Sequential,56,15.8,0.3635064340810032
COFs,Sequential,56,15.865,0.3635064340810032
COFs,Sequential,56,15.93,0.3635064340810032
COFs,Sequential,56,15.995,0.3635064340810032
COFs,Sequential,56,16.06,0.3635064340810032
COFs,Sequential,56,16.125,0.3635064340810032
COFs,Sequential,56,16.19,0.3635064340810032
COFs,Sequential,56,16.255,0.3635064340810032
COFs,Sequential,56,16.32,0.3635064340810032
COFs,Sequential,56,17.32,0.1384703736115966
COFs,Sequential,56,17.385,0.1384703736115966
COFs,Sequential,56,17.45,0.1384703736115966
COFs,Sequential,56,17.515,0.1384703736115966
COFs,Sequential,56,17.58,0.1384703736115966
COFs,Sequential,56,17.645,0.1384703736115966
COFs,Sequential,56,17.71,0.1384703736115966
COFs,Sequential,56,17.775,0.1384703736115966
COFs,Sequential,56,17.84,0.1384703736115966
COFs,Sequential,56,17.905,0.1384703736115966
COFs,Sequential,56,17.97,0.1384703736115966
COFs,Sequential,56,18.035,0.1384703736115966
COFs,Sequential,56,18.1,0.1384703736115966
COFs,Sequential,56,18.165,0.1384703736115966
COFs,Sequential,56,18.23,0.1384703736115966
COFs,Sequential,56,18.295,0.1384703736115966
COFs,Sequential,56,19.295,0.0
COFs,Sequential,56,19.36,0.0
COFs,Sequential,56,19.425,0.0
COFs,Sequential,56,19.49,0.0
COFs,Sequential,56,19.555,0.0
COFs,Sequential,56,19.62,0.0
COFs,Sequential,56,19.685,0.0
COFs,Sequential,56,19.75,0.0
COFs,Sequential,56,19.815,0.0
COFs,Sequential,56,19.88,0.0
COFs,Sequential,56,19.945,0.0
COFs,Sequential,56,20.01,0.0
COFs,Sequential,56,20.075,0.0
COFs,Sequential,56,20.14,0.0
COFs,Sequential,56,20.205,0.0
COFs,Sequential,56,20.27,0.0
COFs,Sequential,56,21.27,0.0
COFs,Sequential,56,21.335,0.0
COFs,Sequential,56,21.4,0.0
COFs,Sequential,56,21.465,0.0
COFs,Sequential,56,21.53,0.0
COFs,Sequential,56,21.595,0.0
COFs,Sequential,56,21.66,0.0
COFs,Sequential,56,21.725,0.0
COFs,Sequential,56,21.79,0.0
COFs,Sequential,56,21.855,0.0
COFs,Sequential,56,21.92,0.0
COFs,Sequential,56,21.985,0.0
COFs,Sequential,56,22.05,0.0
COFs,Sequential,56,22.115,0.0
COFs,Sequential,56,22.18,0.0
COFs,Sequential,56,22.245,0.0
COFs,Sequential,56,23.245,0.0
COFs,Sequential,56,23.31,0.0
COFs,Sequential,56,23.375,0.0
COFs,Sequential,56,23.44,0.0
COFs,Sequential,56,23.505,0.0
COFs,Sequential,56,23.57,0.0
COFs,Sequential,56,23.635,0.0
COFs,Sequential,56,23.7,0.0
COFs,Sequential,56,23.765,0.0
COFs,Sequential,56,23.83,0.0
COFs,Sequential,56,23.895,0.0
COFs,Sequential,56,23.96,0.0
COFs,Sequential,56,24.025,0.0
COFs,Sequential,56,24.09,0.0
COFs,Sequential,56,24.155,0.0
COFs,Sequential,56,24.22,0.0
COFs,Sequential,56,25.22,0.0
COFs,Sequential,56,25.285,0.0
COFs,Sequential,56,25.35,0.0
COFs,Sequential,56,25.415,0.0
COFs,Sequential,56,25.48,0.0
COFs,Sequential,56,25.545,0.0
COFs,Sequential,56,25.61,0.0
COFs,Sequential,56,25.675,0.0
COFs,Sequential,56,25.74,0.0
COFs,Sequential,56,25.805,0.0
COFs,Sequential,56,25.87,0.0
COFs,Sequential,56,25.935,0.0
COFs,Sequential,56,26.0,0.0
COFs,Sequential,56,26.065,0.0
COFs,Sequential,56,26.13,0.0
COFs,Sequential,56,26.195,0.0
COFs,Sequential,56,27.195,0.0
COFs,Sequential,56,27.26,0.0
COFs,Sequential,56,27.325,0.0
COFs,Sequential,56,27.39,0.0
COFs,Sequential,56,27.455,0.0
COFs,Sequential,56,27.52,0.0
COFs,Sequential,56,27.585,0.0
COFs,Sequential,56,27.65,0.0
COFs,Sequential,56,27.715,0.0
COFs,Sequential,56,27.78,0.0
COFs,Sequential,56,27.845,0.0
COFs,Sequential,56,27.91,0.0
COFs,Sequential,56,27.975,0.0
COFs,Sequential,56,28.04,0.0
COFs,Sequential,56,28.105,0.0
COFs,Sequential,56,28.17,0.0
COFs,Sequential,56,29.17,0.0
COFs,Sequential,56,29.235,0.0
COFs,Sequential,56,29.3,0.0
COFs,Sequential,56,29.365,0.0
COFs,Sequential,56,29.43,0.0
COFs,Sequential,56,29.495,0.0
COFs,Sequential,56,29.56,0.0
COFs,Sequential,56,29.625,0.0
COFs,Sequential,56,29.69,0.0
COFs,Sequential,56,29.755,0.0
COFs,Sequential,56,29.82,0.0
COFs,Sequential,56,29.885,0.0
COFs,Sequential,56,29.95,0.0
COFs,Sequential,57,3.495,16.312287703873416
COFs,Sequential,57,3.56,16.312287703873416
COFs,Sequential,57,3.625,16.312287703873416
COFs,Sequential,57,3.69,16.312287703873416
COFs,Sequential,57,3.755,16.312287703873416
COFs,Sequential,57,3.82,16.312287703873416
COFs,Sequential,57,3.885,16.312287703873416
COFs,Sequential,57,3.95,16.312287703873416
COFs,Sequential,57,4.015,16.312287703873416
COFs,Sequential,57,4.08,16.312287703873416
COFs,Sequential,57,4.145,16.312287703873416
COFs,Sequential,57,4.21,16.312287703873416
COFs,Sequential,57,4.275,16.312287703873416
COFs,Sequential,57,4.34,16.312287703873416
COFs,Sequential,57,4.405,16.312287703873416
COFs,Sequential,57,4.47,16.312287703873416
COFs,Sequential,57,5.47,4.516970590908455
COFs,Sequential,57,5.535,4.516970590908455
COFs,Sequential,57,5.6,4.516970590908455
COFs,Sequential,57,5.665,4.516970590908455
COFs,Sequential,57,5.73,4.516970590908455
COFs,Sequential,57,5.795,4.516970590908455
COFs,Sequential,57,5.86,4.516970590908455
COFs,Sequential,57,5.925,4.516970590908455
COFs,Sequential,57,5.99,4.516970590908455
COFs,Sequential,57,6.055,4.516970590908455
COFs,Sequential,57,6.12,4.516970590908455
COFs,Sequential,57,6.185,4.516970590908455
COFs,Sequential,57,6.25,4.516970590908455
COFs,Sequential,57,6.315,4.516970590908455
COFs,Sequential,57,6.38,4.516970590908455
COFs,Sequential,57,6.445,4.516970590908455
COFs,Sequential,57,7.445,0.3635064340810032
COFs,Sequential,57,7.51,0.3635064340810032
COFs,Sequential,57,7.575,0.3635064340810032
COFs,Sequential,57,7.64,0.3635064340810032
COFs,Sequential,57,7.705,0.3635064340810032
COFs,Sequential,57,7.77,0.3635064340810032
COFs,Sequential,57,7.835,0.3635064340810032
COFs,Sequential,57,7.9,0.3635064340810032
COFs,Sequential,57,7.965,0.3635064340810032
COFs,Sequential,57,8.03,0.3635064340810032
COFs,Sequential,57,8.095,0.3635064340810032
COFs,Sequential,57,8.16,0.3635064340810032
COFs,Sequential,57,8.225,0.3635064340810032
COFs,Sequential,57,8.29,0.3635064340810032
COFs,Sequential,57,8.355,0.3635064340810032
COFs,Sequential,57,8.42,0.3635064340810032
COFs,Sequential,57,9.42,0.1384703736115966
COFs,Sequential,57,9.485,0.1384703736115966
COFs,Sequential,57,9.55,0.1384703736115966
COFs,Sequential,57,9.615,0.1384703736115966
COFs,Sequential,57,9.68,0.1384703736115966
COFs,Sequential,57,9.745,0.1384703736115966
COFs,Sequential,57,9.81,0.1384703736115966
COFs,Sequential,57,9.875,0.1384703736115966
COFs,Sequential,57,9.94,0.1384703736115966
COFs,Sequential,57,10.005,0.1384703736115966
COFs,Sequential,57,10.07,0.1384703736115966
COFs,Sequential,57,10.135,0.1384703736115966
COFs,Sequential,57,10.2,0.1384703736115966
COFs,Sequential,57,10.265,0.1384703736115966
COFs,Sequential,57,10.33,0.1384703736115966
COFs,Sequential,57,10.395,0.1384703736115966
COFs,Sequential,57,11.395,0.0
COFs,Sequential,57,11.46,0.0
COFs,Sequential,57,11.525,0.0
COFs,Sequential,57,11.59,0.0
COFs,Sequential,57,11.655,0.0
COFs,Sequential,57,11.72,0.0
COFs,Sequential,57,11.785,0.0
COFs,Sequential,57,11.85,0.0
COFs,Sequential,57,11.915,0.0
COFs,Sequential,57,11.98,0.0
COFs,Sequential,57,12.045,0.0
COFs,Sequential,57,12.11,0.0
COFs,Sequential,57,12.175,0.0
COFs,Sequential,57,12.24,0.0
COFs,Sequential,57,12.305,0.0
COFs,Sequential,57,12.37,0.0
COFs,Sequential,57,13.37,0.0
COFs,Sequential,57,13.435,0.0
COFs,Sequential,57,13.5,0.0
COFs,Sequential,57,13.565,0.0
COFs,Sequential,57,13.63,0.0
COFs,Sequential,57,13.695,0.0
COFs,Sequential,57,13.76,0.0
COFs,Sequential,57,13.825,0.0
COFs,Sequential,57,13.89,0.0
COFs,Sequential,57,13.955,0.0
COFs,Sequential,57,14.02,0.0
COFs,Sequential,57,14.085,0.0
COFs,Sequential,57,14.15,0.0
COFs,Sequential,57,14.215,0.0
COFs,Sequential,57,14.28,0.0
COFs,Sequential,57,14.345,0.0
COFs,Sequential,57,15.345,0.0
COFs,Sequential,57,15.41,0.0
COFs,Sequential,57,15.475,0.0
COFs,Sequential,57,15.54,0.0
COFs,Sequential,57,15.605,0.0
COFs,Sequential,57,15.67,0.0
COFs,Sequential,57,15.735,0.0
COFs,Sequential,57,15.8,0.0
COFs,Sequential,57,15.865,0.0
COFs,Sequential,57,15.93,0.0
COFs,Sequential,57,15.995,0.0
COFs,Sequential,57,16.06,0.0
COFs,Sequential,57,16.125,0.0
COFs,Sequential,57,16.19,0.0
COFs,Sequential,57,16.255,0.0
COFs,Sequential,57,16.32,0.0
COFs,Sequential,57,17.32,0.0
COFs,Sequential,57,17.385,0.0
COFs,Sequential,57,17.45,0.0
COFs,Sequential,57,17.515,0.0
COFs,Sequential,57,17.58,0.0
COFs,Sequential,57,17.645,0.0
COFs,Sequential,57,17.71,0.0
COFs,Sequential,57,17.775,0.0
COFs,Sequential,57,17.84,0.0
COFs,Sequential,57,17.905,0.0
COFs,Sequential,57,17.97,0.0
COFs,Sequential,57,18.035,0.0
COFs,Sequential,57,18.1,0.0
COFs,Sequential,57,18.165,0.0
COFs,Sequential,57,18.23,0.0
COFs,Sequential,57,18.295,0.0
COFs,Sequential,57,19.295,0.0
COFs,Sequential,57,19.36,0.0
COFs,Sequential,57,19.425,0.0
COFs,Sequential,57,19.49,0.0
COFs,Sequential,57,19.555,0.0
COFs,Sequential,57,19.62,0.0
COFs,Sequential,57,19.685,0.0
COFs,Sequential,57,19.75,0.0
COFs,Sequential,57,19.815,0.0
COFs,Sequential,57,19.88,0.0
COFs,Sequential,57,19.945,0.0
COFs,Sequential,57,20.01,0.0
COFs,Sequential,57,20.075,0.0
COFs,Sequential,57,20.14,0.0
COFs,Sequential,57,20.205,0.0
COFs,Sequential,57,20.27,0.0
COFs,Sequential,57,21.27,0.0
COFs,Sequential,57,21.335,0.0
COFs,Sequential,57,21.4,0.0
COFs,Sequential,57,21.465,0.0
COFs,Sequential,57,21.53,0.0
COFs,Sequential,57,21.595,0.0
COFs,Sequential,57,21.66,0.0
COFs,Sequential,57,21.725,0.0
COFs,Sequential,57,21.79,0.0
COFs,Sequential,57,21.855,0.0
COFs,Sequential,57,21.92,0.0
COFs,Sequential,57,21.985,0.0
COFs,Sequential,57,22.05,0.0
COFs,Sequential,57,22.115,0.0
COFs,Sequential,57,22.18,0.0
COFs,Sequential,57,22.245,0.0
COFs,Sequential,57,23.245,0.0
COFs,Sequential,57,23.31,0.0
COFs,Sequential,57,23.375,0.0
COFs,Sequential,57,23.44,0.0
COFs,Sequential,57,23.505,0.0
COFs,Sequential,57,23.57,0.0
COFs,Sequential,57,23.635,0.0
COFs,Sequential,57,23.7,0.0
COFs,Sequential,57,23.765,0.0
COFs,Sequential,57,23.83,0.0
COFs,Sequential,57,23.895,0.0
COFs,Sequential,57,23.96,0.0
COFs,Sequential,57,24.025,0.0
COFs,Sequential,57,24.09,0.0
COFs,Sequential,57,24.155,0.0
COFs,Sequential,57,24.22,0.0
COFs,Sequential,57,25.22,0.0
COFs,Sequential,57,25.285,0.0
COFs,Sequential,57,25.35,0.0
COFs,Sequential,57,25.415,0.0
COFs,Sequential,57,25.48,0.0
COFs,Sequential,57,25.545,0.0
COFs,Sequential,57,25.61,0.0
COFs,Sequential,57,25.675,0.0
COFs,Sequential,57,25.74,0.0
COFs,Sequential,57,25.805,0.0
COFs,Sequential,57,25.87,0.0
COFs,Sequential,57,25.935,0.0
COFs,Sequential,57,26.0,0.0
COFs,Sequential,57,26.065,0.0
COFs,Sequential,57,26.13,0.0
COFs,Sequential,57,26.195,0.0
COFs,Sequential,57,27.195,0.0
COFs,Sequential,57,27.26,0.0
COFs,Sequential,57,27.325,0.0
COFs,Sequential,57,27.39,0.0
COFs,Sequential,57,27.455,0.0
COFs,Sequential,57,27.52,0.0
COFs,Sequential,57,27.585,0.0
COFs,Sequential,57,27.65,0.0
COFs,Sequential,57,27.715,0.0
COFs,Sequential,57,27.78,0.0
COFs,Sequential,57,27.845,0.0
COFs,Sequential,57,27.91,0.0
COFs,Sequential,57,27.975,0.0
COFs,Sequential,57,28.04,0.0
COFs,Sequential,57,28.105,0.0
COFs,Sequential,57,28.17,0.0
COFs,Sequential,57,29.17,0.0
COFs,Sequential,57,29.235,0.0
COFs,Sequential,57,29.3,0.0
COFs,Sequential,57,29.365,0.0
COFs,Sequential,57,29.43,0.0
COFs,Sequential,57,29.495,0.0
COFs,Sequential,57,29.56,0.0
COFs,Sequential,57,29.625,0.0
COFs,Sequential,57,29.69,0.0
COFs,Sequential,57,29.755,0.0
COFs,Sequential,57,29.82,0.0
COFs,Sequential,57,29.885,0.0
COFs,Sequential,57,29.95,0.0
COFs,Sequential,58,3.495,14.284141411021764
COFs,Sequential,58,3.56,14.284141411021764
COFs,Sequential,58,3.625,14.284141411021764
COFs,Sequential,58,3.69,14.284141411021764
COFs,Sequential,58,3.755,14.284141411021764
COFs,Sequential,58,3.82,14.284141411021764
COFs,Sequential,58,3.885,14.284141411021764
COFs,Sequential,58,3.95,14.284141411021764
COFs,Sequential,58,4.015,14.284141411021764
COFs,Sequential,58,4.08,14.284141411021764
COFs,Sequential,58,4.145,14.284141411021764
COFs,Sequential,58,4.21,14.284141411021764
COFs,Sequential,58,4.275,14.284141411021764
COFs,Sequential,58,4.34,14.284141411021764
COFs,Sequential,58,4.405,14.284141411021764
COFs,Sequential,58,4.47,14.284141411021764
COFs,Sequential,58,5.47,0.3635064340810032
COFs,Sequential,58,5.535,0.3635064340810032
COFs,Sequential,58,5.6,0.3635064340810032
COFs,Sequential,58,5.665,0.3635064340810032
COFs,Sequential,58,5.73,0.3635064340810032
COFs,Sequential,58,5.795,0.3635064340810032
COFs,Sequential,58,5.86,0.3635064340810032
COFs,Sequential,58,5.925,0.3635064340810032
COFs,Sequential,58,5.99,0.3635064340810032
COFs,Sequential,58,6.055,0.3635064340810032
COFs,Sequential,58,6.12,0.3635064340810032
COFs,Sequential,58,6.185,0.3635064340810032
COFs,Sequential,58,6.25,0.3635064340810032
COFs,Sequential,58,6.315,0.3635064340810032
COFs,Sequential,58,6.38,0.3635064340810032
COFs,Sequential,58,6.445,0.3635064340810032
COFs,Sequential,58,7.445,0.3635064340810032
COFs,Sequential,58,7.51,0.3635064340810032
COFs,Sequential,58,7.575,0.3635064340810032
COFs,Sequential,58,7.64,0.3635064340810032
COFs,Sequential,58,7.705,0.3635064340810032
COFs,Sequential,58,7.77,0.3635064340810032
COFs,Sequential,58,7.835,0.3635064340810032
COFs,Sequential,58,7.9,0.3635064340810032
COFs,Sequential,58,7.965,0.3635064340810032
COFs,Sequential,58,8.03,0.3635064340810032
COFs,Sequential,58,8.095,0.3635064340810032
COFs,Sequential,58,8.16,0.3635064340810032
COFs,Sequential,58,8.225,0.3635064340810032
COFs,Sequential,58,8.29,0.3635064340810032
COFs,Sequential,58,8.355,0.3635064340810032
COFs,Sequential,58,8.42,0.3635064340810032
COFs,Sequential,58,9.42,0.1384703736115966
COFs,Sequential,58,9.485,0.1384703736115966
COFs,Sequential,58,9.55,0.1384703736115966
COFs,Sequential,58,9.615,0.1384703736115966
COFs,Sequential,58,9.68,0.1384703736115966
COFs,Sequential,58,9.745,0.1384703736115966
COFs,Sequential,58,9.81,0.1384703736115966
COFs,Sequential,58,9.875,0.1384703736115966
COFs,Sequential,58,9.94,0.1384703736115966
COFs,Sequential,58,10.005,0.1384703736115966
COFs,Sequential,58,10.07,0.1384703736115966
COFs,Sequential,58,10.135,0.1384703736115966
COFs,Sequential,58,10.2,0.1384703736115966
COFs,Sequential,58,10.265,0.1384703736115966
COFs,Sequential,58,10.33,0.1384703736115966
COFs,Sequential,58,10.395,0.1384703736115966
COFs,Sequential,58,11.395,0.0
COFs,Sequential,58,11.46,0.0
COFs,Sequential,58,11.525,0.0
COFs,Sequential,58,11.59,0.0
COFs,Sequential,58,11.655,0.0
COFs,Sequential,58,11.72,0.0
COFs,Sequential,58,11.785,0.0
COFs,Sequential,58,11.85,0.0
COFs,Sequential,58,11.915,0.0
COFs,Sequential,58,11.98,0.0
COFs,Sequential,58,12.045,0.0
COFs,Sequential,58,12.11,0.0
COFs,Sequential,58,12.175,0.0
COFs,Sequential,58,12.24,0.0
COFs,Sequential,58,12.305,0.0
COFs,Sequential,58,12.37,0.0
COFs,Sequential,58,13.37,0.0
COFs,Sequential,58,13.435,0.0
COFs,Sequential,58,13.5,0.0
COFs,Sequential,58,13.565,0.0
COFs,Sequential,58,13.63,0.0
COFs,Sequential,58,13.695,0.0
COFs,Sequential,58,13.76,0.0
COFs,Sequential,58,13.825,0.0
COFs,Sequential,58,13.89,0.0
COFs,Sequential,58,13.955,0.0
COFs,Sequential,58,14.02,0.0
COFs,Sequential,58,14.085,0.0
COFs,Sequential,58,14.15,0.0
COFs,Sequential,58,14.215,0.0
COFs,Sequential,58,14.28,0.0
COFs,Sequential,58,14.345,0.0
COFs,Sequential,58,15.345,0.0
COFs,Sequential,58,15.41,0.0
COFs,Sequential,58,15.475,0.0
COFs,Sequential,58,15.54,0.0
COFs,Sequential,58,15.605,0.0
COFs,Sequential,58,15.67,0.0
COFs,Sequential,58,15.735,0.0
COFs,Sequential,58,15.8,0.0
COFs,Sequential,58,15.865,0.0
COFs,Sequential,58,15.93,0.0
COFs,Sequential,58,15.995,0.0
COFs,Sequential,58,16.06,0.0
COFs,Sequential,58,16.125,0.0
COFs,Sequential,58,16.19,0.0
COFs,Sequential,58,16.255,0.0
COFs,Sequential,58,16.32,0.0
COFs,Sequential,58,17.32,0.0
COFs,Sequential,58,17.385,0.0
COFs,Sequential,58,17.45,0.0
COFs,Sequential,58,17.515,0.0
COFs,Sequential,58,17.58,0.0
COFs,Sequential,58,17.645,0.0
COFs,Sequential,58,17.71,0.0
COFs,Sequential,58,17.775,0.0
COFs,Sequential,58,17.84,0.0
COFs,Sequential,58,17.905,0.0
COFs,Sequential,58,17.97,0.0
COFs,Sequential,58,18.035,0.0
COFs,Sequential,58,18.1,0.0
COFs,Sequential,58,18.165,0.0
COFs,Sequential,58,18.23,0.0
COFs,Sequential,58,18.295,0.0
COFs,Sequential,58,19.295,0.0
COFs,Sequential,58,19.36,0.0
COFs,Sequential,58,19.425,0.0
COFs,Sequential,58,19.49,0.0
COFs,Sequential,58,19.555,0.0
COFs,Sequential,58,19.62,0.0
COFs,Sequential,58,19.685,0.0
COFs,Sequential,58,19.75,0.0
COFs,Sequential,58,19.815,0.0
COFs,Sequential,58,19.88,0.0
COFs,Sequential,58,19.945,0.0
COFs,Sequential,58,20.01,0.0
COFs,Sequential,58,20.075,0.0
COFs,Sequential,58,20.14,0.0
COFs,Sequential,58,20.205,0.0
COFs,Sequential,58,20.27,0.0
COFs,Sequential,58,21.27,0.0
COFs,Sequential,58,21.335,0.0
COFs,Sequential,58,21.4,0.0
COFs,Sequential,58,21.465,0.0
COFs,Sequential,58,21.53,0.0
COFs,Sequential,58,21.595,0.0
COFs,Sequential,58,21.66,0.0
COFs,Sequential,58,21.725,0.0
COFs,Sequential,58,21.79,0.0
COFs,Sequential,58,21.855,0.0
COFs,Sequential,58,21.92,0.0
COFs,Sequential,58,21.985,0.0
COFs,Sequential,58,22.05,0.0
COFs,Sequential,58,22.115,0.0
COFs,Sequential,58,22.18,0.0
COFs,Sequential,58,22.245,0.0
COFs,Sequential,58,23.245,0.0
COFs,Sequential,58,23.31,0.0
COFs,Sequential,58,23.375,0.0
COFs,Sequential,58,23.44,0.0
COFs,Sequential,58,23.505,0.0
COFs,Sequential,58,23.57,0.0
COFs,Sequential,58,23.635,0.0
COFs,Sequential,58,23.7,0.0
COFs,Sequential,58,23.765,0.0
COFs,Sequential,58,23.83,0.0
COFs,Sequential,58,23.895,0.0
COFs,Sequential,58,23.96,0.0
COFs,Sequential,58,24.025,0.0
COFs,Sequential,58,24.09,0.0
COFs,Sequential,58,24.155,0.0
COFs,Sequential,58,24.22,0.0
COFs,Sequential,58,25.22,0.0
COFs,Sequential,58,25.285,0.0
COFs,Sequential,58,25.35,0.0
COFs,Sequential,58,25.415,0.0
COFs,Sequential,58,25.48,0.0
COFs,Sequential,58,25.545,0.0
COFs,Sequential,58,25.61,0.0
COFs,Sequential,58,25.675,0.0
COFs,Sequential,58,25.74,0.0
COFs,Sequential,58,25.805,0.0
COFs,Sequential,58,25.87,0.0
COFs,Sequential,58,25.935,0.0
COFs,Sequential,58,26.0,0.0
COFs,Sequential,58,26.065,0.0
COFs,Sequential,58,26.13,0.0
COFs,Sequential,58,26.195,0.0
COFs,Sequential,58,27.195,0.0
COFs,Sequential,58,27.26,0.0
COFs,Sequential,58,27.325,0.0
COFs,Sequential,58,27.39,0.0
COFs,Sequential,58,27.455,0.0
COFs,Sequential,58,27.52,0.0
COFs,Sequential,58,27.585,0.0
COFs,Sequential,58,27.65,0.0
COFs,Sequential,58,27.715,0.0
COFs,Sequential,58,27.78,0.0
COFs,Sequential,58,27.845,0.0
COFs,Sequential,58,27.91,0.0
COFs,Sequential,58,27.975,0.0
COFs,Sequential,58,28.04,0.0
COFs,Sequential,58,28.105,0.0
COFs,Sequential,58,28.17,0.0
COFs,Sequential,58,29.17,0.0
COFs,Sequential,58,29.235,0.0
COFs,Sequential,58,29.3,0.0
COFs,Sequential,58,29.365,0.0
COFs,Sequential,58,29.43,0.0
COFs,Sequential,58,29.495,0.0
COFs,Sequential,58,29.56,0.0
COFs,Sequential,58,29.625,0.0
COFs,Sequential,58,29.69,0.0
COFs,Sequential,58,29.755,0.0
COFs,Sequential,58,29.82,0.0
COFs,Sequential,58,29.885,0.0
COFs,Sequential,58,29.95,0.0
COFs,Sequential,59,3.495,2.768421691579954
COFs,Sequential,59,3.56,2.768421691579954
COFs,Sequential,59,3.625,2.768421691579954
COFs,Sequential,59,3.69,2.768421691579954
COFs,Sequential,59,3.755,2.768421691579954
COFs,Sequential,59,3.82,2.768421691579954
COFs,Sequential,59,3.885,2.768421691579954
COFs,Sequential,59,3.95,2.768421691579954
COFs,Sequential,59,4.015,2.768421691579954
COFs,Sequential,59,4.08,2.768421691579954
COFs,Sequential,59,4.145,2.768421691579954
COFs,Sequential,59,4.21,2.768421691579954
COFs,Sequential,59,4.275,2.768421691579954
COFs,Sequential,59,4.34,2.768421691579954
COFs,Sequential,59,4.405,2.768421691579954
COFs,Sequential,59,4.47,2.768421691579954
COFs,Sequential,59,5.47,2.768421691579954
COFs,Sequential,59,5.535,2.768421691579954
COFs,Sequential,59,5.6,2.768421691579954
COFs,Sequential,59,5.665,2.768421691579954
COFs,Sequential,59,5.73,2.768421691579954
COFs,Sequential,59,5.795,2.768421691579954
COFs,Sequential,59,5.86,2.768421691579954
COFs,Sequential,59,5.925,2.768421691579954
COFs,Sequential,59,5.99,2.768421691579954
COFs,Sequential,59,6.055,2.768421691579954
COFs,Sequential,59,6.12,2.768421691579954
COFs,Sequential,59,6.185,2.768421691579954
COFs,Sequential,59,6.25,2.768421691579954
COFs,Sequential,59,6.315,2.768421691579954
COFs,Sequential,59,6.38,2.768421691579954
COFs,Sequential,59,6.445,2.768421691579954
COFs,Sequential,59,7.445,2.768421691579954
COFs,Sequential,59,7.51,2.768421691579954
COFs,Sequential,59,7.575,2.768421691579954
COFs,Sequential,59,7.64,2.768421691579954
COFs,Sequential,59,7.705,2.768421691579954
COFs,Sequential,59,7.77,2.768421691579954
COFs,Sequential,59,7.835,2.768421691579954
COFs,Sequential,59,7.9,2.768421691579954
COFs,Sequential,59,7.965,2.768421691579954
COFs,Sequential,59,8.03,2.768421691579954
COFs,Sequential,59,8.095,2.768421691579954
COFs,Sequential,59,8.16,2.768421691579954
COFs,Sequential,59,8.225,2.768421691579954
COFs,Sequential,59,8.29,2.768421691579954
COFs,Sequential,59,8.355,2.768421691579954
COFs,Sequential,59,8.42,2.768421691579954
COFs,Sequential,59,9.42,2.768421691579954
COFs,Sequential,59,9.485,2.768421691579954
COFs,Sequential,59,9.55,2.768421691579954
COFs,Sequential,59,9.615,2.768421691579954
COFs,Sequential,59,9.68,2.768421691579954
COFs,Sequential,59,9.745,2.768421691579954
COFs,Sequential,59,9.81,2.768421691579954
COFs,Sequential,59,9.875,2.768421691579954
COFs,Sequential,59,9.94,2.768421691579954
COFs,Sequential,59,10.005,2.768421691579954
COFs,Sequential,59,10.07,2.768421691579954
COFs,Sequential,59,10.135,2.768421691579954
COFs,Sequential,59,10.2,2.768421691579954
COFs,Sequential,59,10.265,2.768421691579954
COFs,Sequential,59,10.33,2.768421691579954
COFs,Sequential,59,10.395,2.768421691579954
COFs,Sequential,59,11.395,0.0
COFs,Sequential,59,11.46,0.0
COFs,Sequential,59,11.525,0.0
COFs,Sequential,59,11.59,0.0
COFs,Sequential,59,11.655,0.0
COFs,Sequential,59,11.72,0.0
COFs,Sequential,59,11.785,0.0
COFs,Sequential,59,11.85,0.0
COFs,Sequential,59,11.915,0.0
COFs,Sequential,59,11.98,0.0
COFs,Sequential,59,12.045,0.0
COFs,Sequential,59,12.11,0.0
COFs,Sequential,59,12.175,0.0
COFs,Sequential,59,12.24,0.0
COFs,Sequential,59,12.305,0.0
COFs,Sequential,59,12.37,0.0
COFs,Sequential,59,13.37,0.0
COFs,Sequential,59,13.435,0.0
COFs,Sequential,59,13.5,0.0
COFs,Sequential,59,13.565,0.0
COFs,Sequential,59,13.63,0.0
COFs,Sequential,59,13.695,0.0
COFs,Sequential,59,13.76,0.0
COFs,Sequential,59,13.825,0.0
COFs,Sequential,59,13.89,0.0
COFs,Sequential,59,13.955,0.0
COFs,Sequential,59,14.02,0.0
COFs,Sequential,59,14.085,0.0
COFs,Sequential,59,14.15,0.0
COFs,Sequential,59,14.215,0.0
COFs,Sequential,59,14.28,0.0
COFs,Sequential,59,14.345,0.0
COFs,Sequential,59,15.345,0.0
COFs,Sequential,59,15.41,0.0
COFs,Sequential,59,15.475,0.0
COFs,Sequential,59,15.54,0.0
COFs,Sequential,59,15.605,0.0
COFs,Sequential,59,15.67,0.0
COFs,Sequential,59,15.735,0.0
COFs,Sequential,59,15.8,0.0
COFs,Sequential,59,15.865,0.0
COFs,Sequential,59,15.93,0.0
COFs,Sequential,59,15.995,0.0
COFs,Sequential,59,16.06,0.0
COFs,Sequential,59,16.125,0.0
COFs,Sequential,59,16.19,0.0
COFs,Sequential,59,16.255,0.0
COFs,Sequential,59,16.32,0.0
COFs,Sequential,59,17.32,0.0
COFs,Sequential,59,17.385,0.0
COFs,Sequential,59,17.45,0.0
COFs,Sequential,59,17.515,0.0
COFs,Sequential,59,17.58,0.0
COFs,Sequential,59,17.645,0.0
COFs,Sequential,59,17.71,0.0
COFs,Sequential,59,17.775,0.0
COFs,Sequential,59,17.84,0.0
COFs,Sequential,59,17.905,0.0
COFs,Sequential,59,17.97,0.0
COFs,Sequential,59,18.035,0.0
COFs,Sequential,59,18.1,0.0
COFs,Sequential,59,18.165,0.0
COFs,Sequential,59,18.23,0.0
COFs,Sequential,59,18.295,0.0
COFs,Sequential,59,19.295,0.0
COFs,Sequential,59,19.36,0.0
COFs,Sequential,59,19.425,0.0
COFs,Sequential,59,19.49,0.0
COFs,Sequential,59,19.555,0.0
COFs,Sequential,59,19.62,0.0
COFs,Sequential,59,19.685,0.0
COFs,Sequential,59,19.75,0.0
COFs,Sequential,59,19.815,0.0
COFs,Sequential,59,19.88,0.0
COFs,Sequential,59,19.945,0.0
COFs,Sequential,59,20.01,0.0
COFs,Sequential,59,20.075,0.0
COFs,Sequential,59,20.14,0.0
COFs,Sequential,59,20.205,0.0
COFs,Sequential,59,20.27,0.0
COFs,Sequential,59,21.27,0.0
COFs,Sequential,59,21.335,0.0
COFs,Sequential,59,21.4,0.0
COFs,Sequential,59,21.465,0.0
COFs,Sequential,59,21.53,0.0
COFs,Sequential,59,21.595,0.0
COFs,Sequential,59,21.66,0.0
COFs,Sequential,59,21.725,0.0
COFs,Sequential,59,21.79,0.0
COFs,Sequential,59,21.855,0.0
COFs,Sequential,59,21.92,0.0
COFs,Sequential,59,21.985,0.0
COFs,Sequential,59,22.05,0.0
COFs,Sequential,59,22.115,0.0
COFs,Sequential,59,22.18,0.0
COFs,Sequential,59,22.245,0.0
COFs,Sequential,59,23.245,0.0
COFs,Sequential,59,23.31,0.0
COFs,Sequential,59,23.375,0.0
COFs,Sequential,59,23.44,0.0
COFs,Sequential,59,23.505,0.0
COFs,Sequential,59,23.57,0.0
COFs,Sequential,59,23.635,0.0
COFs,Sequential,59,23.7,0.0
COFs,Sequential,59,23.765,0.0
COFs,Sequential,59,23.83,0.0
COFs,Sequential,59,23.895,0.0
COFs,Sequential,59,23.96,0.0
COFs,Sequential,59,24.025,0.0
COFs,Sequential,59,24.09,0.0
COFs,Sequential,59,24.155,0.0
COFs,Sequential,59,24.22,0.0
COFs,Sequential,59,25.22,0.0
COFs,Sequential,59,25.285,0.0
COFs,Sequential,59,25.35,0.0
COFs,Sequential,59,25.415,0.0
COFs,Sequential,59,25.48,0.0
COFs,Sequential,59,25.545,0.0
COFs,Sequential,59,25.61,0.0
COFs,Sequential,59,25.675,0.0
COFs,Sequential,59,25.74,0.0
COFs,Sequential,59,25.805,0.0
COFs,Sequential,59,25.87,0.0
COFs,Sequential,59,25.935,0.0
COFs,Sequential,59,26.0,0.0
COFs,Sequential,59,26.065,0.0
COFs,Sequential,59,26.13,0.0
COFs,Sequential,59,26.195,0.0
COFs,Sequential,59,27.195,0.0
COFs,Sequential,59,27.26,0.0
COFs,Sequential,59,27.325,0.0
COFs,Sequential,59,27.39,0.0
COFs,Sequential,59,27.455,0.0
COFs,Sequential,59,27.52,0.0
COFs,Sequential,59,27.585,0.0
COFs,Sequential,59,27.65,0.0
COFs,Sequential,59,27.715,0.0
COFs,Sequential,59,27.78,0.0
COFs,Sequential,59,27.845,0.0
COFs,Sequential,59,27.91,0.0
COFs,Sequential,59,27.975,0.0
COFs,Sequential,59,28.04,0.0
COFs,Sequential,59,28.105,0.0
COFs,Sequential,59,28.17,0.0
COFs,Sequential,59,29.17,0.0
COFs,Sequential,59,29.235,0.0
COFs,Sequential,59,29.3,0.0
COFs,Sequential,59,29.365,0.0
COFs,Sequential,59,29.43,0.0
COFs,Sequential,59,29.495,0.0
COFs,Sequential,59,29.56,0.0
COFs,Sequential,59,29.625,0.0
COFs,Sequential,59,29.69,0.0
COFs,Sequential,59,29.755,0.0
COFs,Sequential,59,29.82,0.0
COFs,Sequential,59,29.885,0.0
COFs,Sequential,59,29.95,0.0
COFs,Sequential,60,3.495,2.768421691579954
COFs,Sequential,60,3.56,2.768421691579954
COFs,Sequential,60,3.625,2.768421691579954
COFs,Sequential,60,3.69,2.768421691579954
COFs,Sequential,60,3.755,2.768421691579954
COFs,Sequential,60,3.82,2.768421691579954
COFs,Sequential,60,3.885,2.768421691579954
COFs,Sequential,60,3.95,2.768421691579954
COFs,Sequential,60,4.015,2.768421691579954
COFs,Sequential,60,4.08,2.768421691579954
COFs,Sequential,60,4.145,2.768421691579954
COFs,Sequential,60,4.21,2.768421691579954
COFs,Sequential,60,4.275,2.768421691579954
COFs,Sequential,60,4.34,2.768421691579954
COFs,Sequential,60,4.405,2.768421691579954
COFs,Sequential,60,4.47,2.768421691579954
COFs,Sequential,60,5.47,2.768421691579954
COFs,Sequential,60,5.535,2.768421691579954
COFs,Sequential,60,5.6,2.768421691579954
COFs,Sequential,60,5.665,2.768421691579954
COFs,Sequential,60,5.73,2.768421691579954
COFs,Sequential,60,5.795,2.768421691579954
COFs,Sequential,60,5.86,2.768421691579954
COFs,Sequential,60,5.925,2.768421691579954
COFs,Sequential,60,5.99,2.768421691579954
COFs,Sequential,60,6.055,2.768421691579954
COFs,Sequential,60,6.12,2.768421691579954
COFs,Sequential,60,6.185,2.768421691579954
COFs,Sequential,60,6.25,2.768421691579954
COFs,Sequential,60,6.315,2.768421691579954
COFs,Sequential,60,6.38,2.768421691579954
COFs,Sequential,60,6.445,2.768421691579954
COFs,Sequential,60,7.445,2.768421691579954
COFs,Sequential,60,7.51,2.768421691579954
COFs,Sequential,60,7.575,2.768421691579954
COFs,Sequential,60,7.64,2.768421691579954
COFs,Sequential,60,7.705,2.768421691579954
COFs,Sequential,60,7.77,2.768421691579954
COFs,Sequential,60,7.835,2.768421691579954
COFs,Sequential,60,7.9,2.768421691579954
COFs,Sequential,60,7.965,2.768421691579954
COFs,Sequential,60,8.03,2.768421691579954
COFs,Sequential,60,8.095,2.768421691579954
COFs,Sequential,60,8.16,2.768421691579954
COFs,Sequential,60,8.225,2.768421691579954
COFs,Sequential,60,8.29,2.768421691579954
COFs,Sequential,60,8.355,2.768421691579954
COFs,Sequential,60,8.42,2.768421691579954
COFs,Sequential,60,9.42,2.768421691579954
COFs,Sequential,60,9.485,2.768421691579954
COFs,Sequential,60,9.55,2.768421691579954
COFs,Sequential,60,9.615,2.768421691579954
COFs,Sequential,60,9.68,2.768421691579954
COFs,Sequential,60,9.745,2.768421691579954
COFs,Sequential,60,9.81,2.768421691579954
COFs,Sequential,60,9.875,2.768421691579954
COFs,Sequential,60,9.94,2.768421691579954
COFs,Sequential,60,10.005,2.768421691579954
COFs,Sequential,60,10.07,2.768421691579954
COFs,Sequential,60,10.135,2.768421691579954
COFs,Sequential,60,10.2,2.768421691579954
COFs,Sequential,60,10.265,2.768421691579954
COFs,Sequential,60,10.33,2.768421691579954
COFs,Sequential,60,10.395,2.768421691579954
COFs,Sequential,60,11.395,2.768421691579954
COFs,Sequential,60,11.46,2.768421691579954
COFs,Sequential,60,11.525,2.768421691579954
COFs,Sequential,60,11.59,2.768421691579954
COFs,Sequential,60,11.655,2.768421691579954
COFs,Sequential,60,11.72,2.768421691579954
COFs,Sequential,60,11.785,2.768421691579954
COFs,Sequential,60,11.85,2.768421691579954
COFs,Sequential,60,11.915,2.768421691579954
COFs,Sequential,60,11.98,2.768421691579954
COFs,Sequential,60,12.045,2.768421691579954
COFs,Sequential,60,12.11,2.768421691579954
COFs,Sequential,60,12.175,2.768421691579954
COFs,Sequential,60,12.24,2.768421691579954
COFs,Sequential,60,12.305,2.768421691579954
COFs,Sequential,60,12.37,2.768421691579954
COFs,Sequential,60,13.37,0.3635064340810032
COFs,Sequential,60,13.435,0.3635064340810032
COFs,Sequential,60,13.5,0.3635064340810032
COFs,Sequential,60,13.565,0.3635064340810032
COFs,Sequential,60,13.63,0.3635064340810032
COFs,Sequential,60,13.695,0.3635064340810032
COFs,Sequential,60,13.76,0.3635064340810032
COFs,Sequential,60,13.825,0.3635064340810032
COFs,Sequential,60,13.89,0.3635064340810032
COFs,Sequential,60,13.955,0.3635064340810032
COFs,Sequential,60,14.02,0.3635064340810032
COFs,Sequential,60,14.085,0.3635064340810032
COFs,Sequential,60,14.15,0.3635064340810032
COFs,Sequential,60,14.215,0.3635064340810032
COFs,Sequential,60,14.28,0.3635064340810032
COFs,Sequential,60,14.345,0.3635064340810032
COFs,Sequential,60,15.345,0.1384703736115966
COFs,Sequential,60,15.41,0.1384703736115966
COFs,Sequential,60,15.475,0.1384703736115966
COFs,Sequential,60,15.54,0.1384703736115966
COFs,Sequential,60,15.605,0.1384703736115966
COFs,Sequential,60,15.67,0.1384703736115966
COFs,Sequential,60,15.735,0.1384703736115966
COFs,Sequential,60,15.8,0.1384703736115966
COFs,Sequential,60,15.865,0.1384703736115966
COFs,Sequential,60,15.93,0.1384703736115966
COFs,Sequential,60,15.995,0.1384703736115966
COFs,Sequential,60,16.06,0.1384703736115966
COFs,Sequential,60,16.125,0.1384703736115966
COFs,Sequential,60,16.19,0.1384703736115966
COFs,Sequential,60,16.255,0.1384703736115966
COFs,Sequential,60,16.32,0.1384703736115966
COFs,Sequential,60,17.32,0.0
COFs,Sequential,60,17.385,0.0
COFs,Sequential,60,17.45,0.0
COFs,Sequential,60,17.515,0.0
COFs,Sequential,60,17.58,0.0
COFs,Sequential,60,17.645,0.0
COFs,Sequential,60,17.71,0.0
COFs,Sequential,60,17.775,0.0
COFs,Sequential,60,17.84,0.0
COFs,Sequential,60,17.905,0.0
COFs,Sequential,60,17.97,0.0
COFs,Sequential,60,18.035,0.0
COFs,Sequential,60,18.1,0.0
COFs,Sequential,60,18.165,0.0
COFs,Sequential,60,18.23,0.0
COFs,Sequential,60,18.295,0.0
COFs,Sequential,60,19.295,0.0
COFs,Sequential,60,19.36,0.0
COFs,Sequential,60,19.425,0.0
COFs,Sequential,60,19.49,0.0
COFs,Sequential,60,19.555,0.0
COFs,Sequential,60,19.62,0.0
COFs,Sequential,60,19.685,0.0
COFs,Sequential,60,19.75,0.0
COFs,Sequential,60,19.815,0.0
COFs,Sequential,60,19.88,0.0
COFs,Sequential,60,19.945,0.0
COFs,Sequential,60,20.01,0.0
COFs,Sequential,60,20.075,0.0
COFs,Sequential,60,20.14,0.0
COFs,Sequential,60,20.205,0.0
COFs,Sequential,60,20.27,0.0
COFs,Sequential,60,21.27,0.0
COFs,Sequential,60,21.335,0.0
COFs,Sequential,60,21.4,0.0
COFs,Sequential,60,21.465,0.0
COFs,Sequential,60,21.53,0.0
COFs,Sequential,60,21.595,0.0
COFs,Sequential,60,21.66,0.0
COFs,Sequential,60,21.725,0.0
COFs,Sequential,60,21.79,0.0
COFs,Sequential,60,21.855,0.0
COFs,Sequential,60,21.92,0.0
COFs,Sequential,60,21.985,0.0
COFs,Sequential,60,22.05,0.0
COFs,Sequential,60,22.115,0.0
COFs,Sequential,60,22.18,0.0
COFs,Sequential,60,22.245,0.0
COFs,Sequential,60,23.245,0.0
COFs,Sequential,60,23.31,0.0
COFs,Sequential,60,23.375,0.0
COFs,Sequential,60,23.44,0.0
COFs,Sequential,60,23.505,0.0
COFs,Sequential,60,23.57,0.0
COFs,Sequential,60,23.635,0.0
COFs,Sequential,60,23.7,0.0
COFs,Sequential,60,23.765,0.0
COFs,Sequential,60,23.83,0.0
COFs,Sequential,60,23.895,0.0
COFs,Sequential,60,23.96,0.0
COFs,Sequential,60,24.025,0.0
COFs,Sequential,60,24.09,0.0
COFs,Sequential,60,24.155,0.0
COFs,Sequential,60,24.22,0.0
COFs,Sequential,60,25.22,0.0
COFs,Sequential,60,25.285,0.0
COFs,Sequential,60,25.35,0.0
COFs,Sequential,60,25.415,0.0
COFs,Sequential,60,25.48,0.0
COFs,Sequential,60,25.545,0.0
COFs,Sequential,60,25.61,0.0
COFs,Sequential,60,25.675,0.0
COFs,Sequential,60,25.74,0.0
COFs,Sequential,60,25.805,0.0
COFs,Sequential,60,25.87,0.0
COFs,Sequential,60,25.935,0.0
COFs,Sequential,60,26.0,0.0
COFs,Sequential,60,26.065,0.0
COFs,Sequential,60,26.13,0.0
COFs,Sequential,60,26.195,0.0
COFs,Sequential,60,27.195,0.0
COFs,Sequential,60,27.26,0.0
COFs,Sequential,60,27.325,0.0
COFs,Sequential,60,27.39,0.0
COFs,Sequential,60,27.455,0.0
COFs,Sequential,60,27.52,0.0
COFs,Sequential,60,27.585,0.0
COFs,Sequential,60,27.65,0.0
COFs,Sequential,60,27.715,0.0
COFs,Sequential,60,27.78,0.0
COFs,Sequential,60,27.845,0.0
COFs,Sequential,60,27.91,0.0
COFs,Sequential,60,27.975,0.0
COFs,Sequential,60,28.04,0.0
COFs,Sequential,60,28.105,0.0
COFs,Sequential,60,28.17,0.0
COFs,Sequential,60,29.17,0.0
COFs,Sequential,60,29.235,0.0
COFs,Sequential,60,29.3,0.0
COFs,Sequential,60,29.365,0.0
COFs,Sequential,60,29.43,0.0
COFs,Sequential,60,29.495,0.0
COFs,Sequential,60,29.56,0.0
COFs,Sequential,60,29.625,0.0
COFs,Sequential,60,29.69,0.0
COFs,Sequential,60,29.755,0.0
COFs,Sequential,60,29.82,0.0
COFs,Sequential,60,29.885,0.0
COFs,Sequential,60,29.95,0.0
COFs,Sequential,61,3.495,12.286313844166017
COFs,Sequential,61,3.56,12.286313844166017
COFs,Sequential,61,3.625,12.286313844166017
COFs,Sequential,61,3.69,12.286313844166017
COFs,Sequential,61,3.755,12.286313844166017
COFs,Sequential,61,3.82,12.286313844166017
COFs,Sequential,61,3.885,12.286313844166017
COFs,Sequential,61,3.95,12.286313844166017
COFs,Sequential,61,4.015,12.286313844166017
COFs,Sequential,61,4.08,12.286313844166017
COFs,Sequential,61,4.145,12.286313844166017
COFs,Sequential,61,4.21,12.286313844166017
COFs,Sequential,61,4.275,12.286313844166017
COFs,Sequential,61,4.34,12.286313844166017
COFs,Sequential,61,4.405,12.286313844166017
COFs,Sequential,61,4.47,12.286313844166017
COFs,Sequential,61,5.47,4.516970590908455
COFs,Sequential,61,5.535,4.516970590908455
COFs,Sequential,61,5.6,4.516970590908455
COFs,Sequential,61,5.665,4.516970590908455
COFs,Sequential,61,5.73,4.516970590908455
COFs,Sequential,61,5.795,4.516970590908455
COFs,Sequential,61,5.86,4.516970590908455
COFs,Sequential,61,5.925,4.516970590908455
COFs,Sequential,61,5.99,4.516970590908455
COFs,Sequential,61,6.055,4.516970590908455
COFs,Sequential,61,6.12,4.516970590908455
COFs,Sequential,61,6.185,4.516970590908455
COFs,Sequential,61,6.25,4.516970590908455
COFs,Sequential,61,6.315,4.516970590908455
COFs,Sequential,61,6.38,4.516970590908455
COFs,Sequential,61,6.445,4.516970590908455
COFs,Sequential,61,7.445,0.36350643408100325
COFs,Sequential,61,7.51,0.36350643408100325
COFs,Sequential,61,7.575,0.36350643408100325
COFs,Sequential,61,7.64,0.36350643408100325
COFs,Sequential,61,7.705,0.36350643408100325
COFs,Sequential,61,7.77,0.36350643408100325
COFs,Sequential,61,7.835,0.36350643408100325
COFs,Sequential,61,7.9,0.36350643408100325
COFs,Sequential,61,7.965,0.36350643408100325
COFs,Sequential,61,8.03,0.36350643408100325
COFs,Sequential,61,8.095,0.36350643408100325
COFs,Sequential,61,8.16,0.36350643408100325
COFs,Sequential,61,8.225,0.36350643408100325
COFs,Sequential,61,8.29,0.36350643408100325
COFs,Sequential,61,8.355,0.36350643408100325
COFs,Sequential,61,8.42,0.36350643408100325
COFs,Sequential,61,9.42,0.13847037361159664
COFs,Sequential,61,9.485,0.13847037361159664
COFs,Sequential,61,9.55,0.13847037361159664
COFs,Sequential,61,9.615,0.13847037361159664
COFs,Sequential,61,9.68,0.13847037361159664
COFs,Sequential,61,9.745,0.13847037361159664
COFs,Sequential,61,9.81,0.13847037361159664
COFs,Sequential,61,9.875,0.13847037361159664
COFs,Sequential,61,9.94,0.13847037361159664
COFs,Sequential,61,10.005,0.13847037361159664
COFs,Sequential,61,10.07,0.13847037361159664
COFs,Sequential,61,10.135,0.13847037361159664
COFs,Sequential,61,10.2,0.13847037361159664
COFs,Sequential,61,10.265,0.13847037361159664
COFs,Sequential,61,10.33,0.13847037361159664
COFs,Sequential,61,10.395,0.13847037361159664
COFs,Sequential,61,11.395,0.0
COFs,Sequential,61,11.46,0.0
COFs,Sequential,61,11.525,0.0
COFs,Sequential,61,11.59,0.0
COFs,Sequential,61,11.655,0.0
COFs,Sequential,61,11.72,0.0
COFs,Sequential,61,11.785,0.0
COFs,Sequential,61,11.85,0.0
COFs,Sequential,61,11.915,0.0
COFs,Sequential,61,11.98,0.0
COFs,Sequential,61,12.045,0.0
COFs,Sequential,61,12.11,0.0
COFs,Sequential,61,12.175,0.0
COFs,Sequential,61,12.24,0.0
COFs,Sequential,61,12.305,0.0
COFs,Sequential,61,12.37,0.0
COFs,Sequential,61,13.37,0.0
COFs,Sequential,61,13.435,0.0
COFs,Sequential,61,13.5,0.0
COFs,Sequential,61,13.565,0.0
COFs,Sequential,61,13.63,0.0
COFs,Sequential,61,13.695,0.0
COFs,Sequential,61,13.76,0.0
COFs,Sequential,61,13.825,0.0
COFs,Sequential,61,13.89,0.0
COFs,Sequential,61,13.955,0.0
COFs,Sequential,61,14.02,0.0
COFs,Sequential,61,14.085,0.0
COFs,Sequential,61,14.15,0.0
COFs,Sequential,61,14.215,0.0
COFs,Sequential,61,14.28,0.0
COFs,Sequential,61,14.345,0.0
COFs,Sequential,61,15.345,0.0
COFs,Sequential,61,15.41,0.0
COFs,Sequential,61,15.475,0.0
COFs,Sequential,61,15.54,0.0
COFs,Sequential,61,15.605,0.0
COFs,Sequential,61,15.67,0.0
COFs,Sequential,61,15.735,0.0
COFs,Sequential,61,15.8,0.0
COFs,Sequential,61,15.865,0.0
COFs,Sequential,61,15.93,0.0
COFs,Sequential,61,15.995,0.0
COFs,Sequential,61,16.06,0.0
COFs,Sequential,61,16.125,0.0
COFs,Sequential,61,16.19,0.0
COFs,Sequential,61,16.255,0.0
COFs,Sequential,61,16.32,0.0
COFs,Sequential,61,17.32,0.0
COFs,Sequential,61,17.385,0.0
COFs,Sequential,61,17.45,0.0
COFs,Sequential,61,17.515,0.0
COFs,Sequential,61,17.58,0.0
COFs,Sequential,61,17.645,0.0
COFs,Sequential,61,17.71,0.0
COFs,Sequential,61,17.775,0.0
COFs,Sequential,61,17.84,0.0
COFs,Sequential,61,17.905,0.0
COFs,Sequential,61,17.97,0.0
COFs,Sequential,61,18.035,0.0
COFs,Sequential,61,18.1,0.0
COFs,Sequential,61,18.165,0.0
COFs,Sequential,61,18.23,0.0
COFs,Sequential,61,18.295,0.0
COFs,Sequential,61,19.295,0.0
COFs,Sequential,61,19.36,0.0
COFs,Sequential,61,19.425,0.0
COFs,Sequential,61,19.49,0.0
COFs,Sequential,61,19.555,0.0
COFs,Sequential,61,19.62,0.0
COFs,Sequential,61,19.685,0.0
COFs,Sequential,61,19.75,0.0
COFs,Sequential,61,19.815,0.0
COFs,Sequential,61,19.88,0.0
COFs,Sequential,61,19.945,0.0
COFs,Sequential,61,20.01,0.0
COFs,Sequential,61,20.075,0.0
COFs,Sequential,61,20.14,0.0
COFs,Sequential,61,20.205,0.0
COFs,Sequential,61,20.27,0.0
COFs,Sequential,61,21.27,0.0
COFs,Sequential,61,21.335,0.0
COFs,Sequential,61,21.4,0.0
COFs,Sequential,61,21.465,0.0
COFs,Sequential,61,21.53,0.0
COFs,Sequential,61,21.595,0.0
COFs,Sequential,61,21.66,0.0
COFs,Sequential,61,21.725,0.0
COFs,Sequential,61,21.79,0.0
COFs,Sequential,61,21.855,0.0
COFs,Sequential,61,21.92,0.0
COFs,Sequential,61,21.985,0.0
COFs,Sequential,61,22.05,0.0
COFs,Sequential,61,22.115,0.0
COFs,Sequential,61,22.18,0.0
COFs,Sequential,61,22.245,0.0
COFs,Sequential,61,23.245,0.0
COFs,Sequential,61,23.31,0.0
COFs,Sequential,61,23.375,0.0
COFs,Sequential,61,23.44,0.0
COFs,Sequential,61,23.505,0.0
COFs,Sequential,61,23.57,0.0
COFs,Sequential,61,23.635,0.0
COFs,Sequential,61,23.7,0.0
COFs,Sequential,61,23.765,0.0
COFs,Sequential,61,23.83,0.0
COFs,Sequential,61,23.895,0.0
COFs,Sequential,61,23.96,0.0
COFs,Sequential,61,24.025,0.0
COFs,Sequential,61,24.09,0.0
COFs,Sequential,61,24.155,0.0
COFs,Sequential,61,24.22,0.0
COFs,Sequential,61,25.22,0.0
COFs,Sequential,61,25.285,0.0
COFs,Sequential,61,25.35,0.0
COFs,Sequential,61,25.415,0.0
COFs,Sequential,61,25.48,0.0
COFs,Sequential,61,25.545,0.0
COFs,Sequential,61,25.61,0.0
COFs,Sequential,61,25.675,0.0
COFs,Sequential,61,25.74,0.0
COFs,Sequential,61,25.805,0.0
COFs,Sequential,61,25.87,0.0
COFs,Sequential,61,25.935,0.0
COFs,Sequential,61,26.0,0.0
COFs,Sequential,61,26.065,0.0
COFs,Sequential,61,26.13,0.0
COFs,Sequential,61,26.195,0.0
COFs,Sequential,61,27.195,0.0
COFs,Sequential,61,27.26,0.0
COFs,Sequential,61,27.325,0.0
COFs,Sequential,61,27.39,0.0
COFs,Sequential,61,27.455,0.0
COFs,Sequential,61,27.52,0.0
COFs,Sequential,61,27.585,0.0
COFs,Sequential,61,27.65,0.0
COFs,Sequential,61,27.715,0.0
COFs,Sequential,61,27.78,0.0
COFs,Sequential,61,27.845,0.0
COFs,Sequential,61,27.91,0.0
COFs,Sequential,61,27.975,0.0
COFs,Sequential,61,28.04,0.0
COFs,Sequential,61,28.105,0.0
COFs,Sequential,61,28.17,0.0
COFs,Sequential,61,29.17,0.0
COFs,Sequential,61,29.235,0.0
COFs,Sequential,61,29.3,0.0
COFs,Sequential,61,29.365,0.0
COFs,Sequential,61,29.43,0.0
COFs,Sequential,61,29.495,0.0
COFs,Sequential,61,29.56,0.0
COFs,Sequential,61,29.625,0.0
COFs,Sequential,61,29.69,0.0
COFs,Sequential,61,29.755,0.0
COFs,Sequential,61,29.82,0.0
COFs,Sequential,61,29.885,0.0
COFs,Sequential,61,29.95,0.0
