benchmark,model,seed,budget,regret
Branin-Fav,Progressive,42,4.5,14.36850341155652
Branin-Fav,Progressive,42,4.6,14.36850341155652
Branin-Fav,Progressive,42,4.7,14.36850341155652
Branin-Fav,Progressive,42,4.8,14.36850341155652
Branin-Fav,Progressive,42,4.9,14.36850341155652
Branin-Fav,Progressive,42,5.0,14.36850341155652
Branin-Fav,Progressive,42,5.1,14.36850341155652
Branin-Fav,Progressive,42,5.2,14.36850341155652
Branin-Fav,Progressive,42,5.3,14.36850341155652
Branin-Fav,Progressive,42,5.4,14.36850341155652
Branin-Fav,Progressive,42,5.5,14.36850341155652
Branin-Fav,Progressive,42,6.5,14.36850341155652
Branin-Fav,Progressive,42,6.6,14.36850341155652
Branin-Fav,Progressive,42,6.7,14.36850341155652
Branin-Fav,Progressive,42,6.8,14.36850341155652
Branin-Fav,Progressive,42,6.9,14.36850341155652
Branin-Fav,Progressive,42,7.0,14.36850341155652
Branin-Fav,Progressive,42,7.1,14.36850341155652
Branin-Fav,Progressive,42,7.2,14.36850341155652
Branin-Fav,Progressive,42,7.3,14.36850341155652
Branin-Fav,Progressive,42,7.4,14.36850341155652
Branin-Fav,Progressive,42,7.5,14.36850341155652
Branin-Fav,Progressive,42,8.5,0.5618792313577536
Branin-Fav,Progressive,42,8.6,0.5618792313577536
Branin-Fav,Progressive,42,8.7,0.5618792313577536
Branin-Fav,Progressive,42,8.8,0.5618792313577536
Branin-Fav,Progressive,42,8.9,0.5618792313577536
Branin-Fav,Progressive,42,9.0,0.5618792313577536
Branin-Fav,Progressive,42,9.1,0.5618792313577536
Branin-Fav,Progressive,42,9.2,0.5618792313577536
Branin-Fav,Progressive,42,9.3,0.5618792313577536
Branin-Fav,Progressive,42,9.4,0.5618792313577536
Branin-Fav,Progressive,42,9.5,0.5618792313577536
Branin-Fav,Progressive,42,10.5,0.5618792313577536
Branin-Fav,Progressive,42,10.6,0.5618792313577536
Branin-Fav,Progressive,42,10.7,0.5618792313577536
Branin-Fav,Progressive,42,10.8,0.5618792313577536
Branin-Fav,Progressive,42,10.9,0.5618792313577536
Branin-Fav,Progressive,42,11.0,0.5618792313577536
Branin-Fav,Progressive,42,11.1,0.5618792313577536
Branin-Fav,Progressive,42,11.2,0.5618792313577536
Branin-Fav,Progressive,42,11.3,0.5618792313577536
Branin-Fav,Progressive,42,11.4,0.5618792313577536
Branin-Fav,Progressive,42,11.5,0.5618792313577536
Branin-Fav,Progressive,42,12.5,0.5618792313577536
Branin-Fav,Progressive,42,12.6,0.5618792313577536
Branin-Fav,Progressive,42,12.7,0.5618792313577536
Branin-Fav,Progressive,42,12.8,0.5618792313577536
Branin-Fav,Progressive,42,12.9,0.5618792313577536
Branin-Fav,Progressive,42,13.0,0.5618792313577536
Branin-Fav,Progressive,42,13.1,0.5618792313577536
Branin-Fav,Progressive,42,13.2,0.5618792313577536
Branin-Fav,Progressive,42,13.3,0.5618792313577536
Branin-Fav,Progressive,42,13.4,0.5618792313577536
Branin-Fav,Progressive,42,13.5,0.5618792313577536
Branin-Fav,Progressive,42,14.5,0.3969509731715899
Branin-Fav,Progressive,42,14.6,0.3969509731715899
Branin-Fav,Progressive,42,14.7,0.3969509731715899
Branin-Fav,Progressive,42,14.8,0.3969509731715899
Branin-Fav,Progressive,42,14.9,0.3969509731715899
Branin-Fav,Progressive,42,15.0,0.3969509731715899
Branin-Fav,Progressive,42,15.1,0.3969509731715899
Branin-Fav,Progressive,42,15.2,0.3969509731715899
Branin-Fav,Progressive,42,15.3,0.3969509731715899
Branin-Fav,Progressive,42,15.4,0.3969509731715899
Branin-Fav,Progressive,42,15.5,0.3969509731715899
Branin-Fav,Progressive,42,16.5,0.3969509731715899
Branin-Fav,Progressive,42,16.6,0.3969509731715899
Branin-Fav,Progressive,42,16.7,0.3969509731715899
Branin-Fav,Progressive,42,16.8,0.3969509731715899
Branin-Fav,Progressive,42,16.9,0.3969509731715899
Branin-Fav,Progressive,42,17.0,0.3969509731715899
Branin-Fav,Progressive,42,17.1,0.3969509731715899
Branin-Fav,Progressive,42,17.2,0.3969509731715899
Branin-Fav,Progressive,42,17.3,0.3969509731715899
Branin-Fav,Progressive,42,17.4,0.3969509731715899
Branin-Fav,Progressive,42,17.5,0.3969509731715899
Branin-Fav,Progressive,42,18.5,0.3969509731715899
Branin-Fav,Progressive,42,18.6,0.3969509731715899
Branin-Fav,Progressive,42,18.7,0.3969509731715899
Branin-Fav,Progressive,42,18.8,0.3969509731715899
Branin-Fav,Progressive,42,18.9,0.3969509731715899
Branin-Fav,Progressive,42,19.0,0.3969509731715899
Branin-Fav,Progressive,42,19.1,0.3969509731715899
Branin-Fav,Progressive,42,19.2,0.3969509731715899
Branin-Fav,Progressive,42,19.3,0.3969509731715899
Branin-Fav,Progressive,42,19.4,0.3969509731715899
Branin-Fav,Progressive,42,19.5,0.3969509731715899
Branin-Fav,Progressive,42,20.5,0.3969509731715899
Branin-Fav,Progressive,42,20.6,0.3969509731715899
Branin-Fav,Progressive,42,20.7,0.3969509731715899
Branin-Fav,Progressive,42,20.8,0.3969509731715899
Branin-Fav,Progressive,42,20.9,0.3969509731715899
Branin-Fav,Progressive,42,21.0,0.3969509731715899
Branin-Fav,Progressive,42,21.1,0.3969509731715899
Branin-Fav,Progressive,42,21.2,0.3969509731715899
Branin-Fav,Progressive,42,21.3,0.3969509731715899
Branin-Fav,Progressive,42,21.4,0.3969509731715899
Branin-Fav,Progressive,42,21.5,0.3969509731715899
Branin-Fav,Progressive,42,22.5,0.3969509731715899
Branin-Fav,Progressive,42,22.6,0.3969509731715899
Branin-Fav,Progressive,42,22.7,0.3969509731715899
Branin-Fav,Progressive,42,22.8,0.3969509731715899
Branin-Fav,Progressive,42,22.9,0.3969509731715899
Branin-Fav,Progressive,42,23.0,0.3969509731715899
Branin-Fav,Progressive,42,23.1,0.3969509731715899
Branin-Fav,Progressive,42,23.2,0.3969509731715899
Branin-Fav,Progressive,42,23.3,0.3969509731715899
Branin-Fav,Progressive,42,23.4,0.3969509731715899
Branin-Fav,Progressive,42,23.5,0.3969509731715899
Branin-Fav,Progressive,42,24.5,0.3969509731715899
Branin-Fav,Progressive,42,24.6,0.3969509731715899
Branin-Fav,Progressive,42,24.7,0.3969509731715899
Branin-Fav,Progressive,42,24.8,0.3969509731715899
Branin-Fav,Progressive,42,24.9,0.3969509731715899
Branin-Fav,Progressive,42,25.0,0.3969509731715899
Branin-Fav,Progressive,42,25.1,0.3969509731715899
Branin-Fav,Progressive,42,25.2,0.3969509731715899
Branin-Fav,Progressive,42,25.3,0.3969509731715899
Branin-Fav,Progressive,42,25.4,0.3969509731715899
Branin-Fav,Progressive,42,25.5,0.3969509731715899
Branin-Fav,Progressive,42,26.5,0.3969509731715899
Branin-Fav,Progressive,42,26.6,0.3969509731715899
Branin-Fav,Progressive,42,26.7,0.3969509731715899
Branin-Fav,Progressive,42,26.8,0.3969509731715899
Branin-Fav,Progressive,42,26.9,0.3969509731715899
Branin-Fav,Progressive,42,27.0,0.3969509731715899
Branin-Fav,Progressive,42,27.1,0.3969509731715899
Branin-Fav,Progressive,42,27.2,0.3969509731715899
Branin-Fav,Progressive,42,27.3,0.3969509731715899
Branin-Fav,Progressive,42,27.4,0.3969509731715899
Branin-Fav,Progressive,42,27.5,0.3969509731715899
Branin-Fav,Progressive,42,28.5,0.3969509731715899
Branin-Fav,Progressive,42,28.6,0.3969509731715899
Branin-Fav,Progressive,42,28.7,0.3969509731715899
Branin-Fav,Progressive,42,28.8,0.3969509731715899
Branin-Fav,Progressive,42,28.9,0.3969509731715899
Branin-Fav,Progressive,42,29.0,0.3969509731715899
Branin-Fav,Progressive,42,29.1,0.3969509731715899
Branin-Fav,Progressive,42,29.2,0.3969509731715899
Branin-Fav,Progressive,42,29.3,0.3969509731715899
Branin-Fav,Progressive,42,29.4,0.3969509731715899
Branin-Fav,Progressive,42,29.5,0.3969509731715899
Branin-Fav,Progressive,42,30.5,0.3969509731715899
Branin-Fav,Progressive,42,30.6,0.3969509731715899
Branin-Fav,Progressive,42,30.7,0.3969509731715899
Branin-Fav,Progressive,42,30.8,0.3969509731715899
Branin-Fav,Progressive,42,30.9,0.3969509731715899
Branin-Fav,Progressive,42,31.0,0.3969509731715899
Branin-Fav,Progressive,42,31.1,0.3969509731715899
Branin-Fav,Progressive,42,31.2,0.3969509731715899
Branin-Fav,Progressive,42,31.3,0.3969509731715899
Branin-Fav,Progressive,42,31.4,0.3969509731715899
Branin-Fav,Progressive,42,31.5,0.3969509731715899
Branin-Fav,Progressive,42,32.5,0.3969509731715899
Branin-Fav,Progressive,42,32.6,0.3969509731715899
Branin-Fav,Progressive,42,32.7,0.3969509731715899
Branin-Fav,Progressive,42,32.8,0.3969509731715899
Branin-Fav,Progressive,42,32.9,0.3969509731715899
Branin-Fav,Progressive,42,33.0,0.3969509731715899
Branin-Fav,Progressive,42,33.1,0.3969509731715899
Branin-Fav,Progressive,42,33.2,0.3969509731715899
Branin-Fav,Progressive,42,33.3,0.3969509731715899
Branin-Fav,Progressive,42,33.4,0.3969509731715899
Branin-Fav,Progressive,42,33.5,0.3969509731715899
Branin-Fav,Progressive,42,34.5,0.3969509731715899
Branin-Fav,Progressive,42,34.6,0.3969509731715899
Branin-Fav,Progressive,42,34.7,0.3969509731715899
Branin-Fav,Progressive,42,34.8,0.3969509731715899
Branin-Fav,Progressive,42,34.9,0.3969509731715899
Branin-Fav,Progressive,42,35.0,0.3969509731715899
Branin-Fav,Progressive,42,35.1,0.3969509731715899
Branin-Fav,Progressive,42,35.2,0.3969509731715899
Branin-Fav,Progressive,42,35.3,0.3969509731715899
Branin-Fav,Progressive,42,35.4,0.3969509731715899
Branin-Fav,Progressive,42,35.5,0.3969509731715899
Branin-Fav,Progressive,42,36.5,0.3969509731715899
Branin-Fav,Progressive,42,36.6,0.3969509731715899
Branin-Fav,Progressive,42,36.7,0.3969509731715899
Branin-Fav,Progressive,42,36.8,0.3969509731715899
Branin-Fav,Progressive,42,36.9,0.3969509731715899
Branin-Fav,Progressive,42,37.0,0.3969509731715899
Branin-Fav,Progressive,42,37.1,0.3969509731715899
Branin-Fav,Progressive,42,37.2,0.3969509731715899
Branin-Fav,Progressive,42,37.3,0.3969509731715899
Branin-Fav,Progressive,42,37.4,0.3969509731715899
Branin-Fav,Progressive,42,37.5,0.3969509731715899
Branin-Fav,Progressive,42,38.5,0.3969509731715899
Branin-Fav,Progressive,42,38.6,0.3969509731715899
Branin-Fav,Progressive,42,38.7,0.3969509731715899
Branin-Fav,Progressive,42,38.8,0.3969509731715899
Branin-Fav,Progressive,42,38.9,0.3969509731715899
Branin-Fav,Progressive,42,39.0,0.3969509731715899
Branin-Fav,Progressive,42,39.1,0.3969509731715899
Branin-Fav,Progressive,42,39.2,0.3969509731715899
Branin-Fav,Progressive,42,39.3,0.3969509731715899
Branin-Fav,Progressive,42,39.4,0.3969509731715899
Branin-Fav,Progressive,42,39.5,0.3969509731715899
Branin-Fav,Progressive,42,40.5,0.3969509731715899
Branin-Fav,Progressive,42,40.6,0.3969509731715899
Branin-Fav,Progressive,42,40.7,0.3969509731715899
Branin-Fav,Progressive,42,40.8,0.3969509731715899
Branin-Fav,Progressive,42,40.9,0.3969509731715899
Branin-Fav,Progressive,42,41.0,0.3969509731715899
Branin-Fav,Progressive,42,41.1,0.3969509731715899
Branin-Fav,Progressive,42,41.2,0.3969509731715899
Branin-Fav,Progressive,42,41.3,0.3969509731715899
Branin-Fav,Progressive,42,41.4,0.3969509731715899
Branin-Fav,Progressive,42,41.5,0.3969509731715899
Branin-Fav,Progressive,42,42.5,0.3969509731715899
Branin-Fav,Progressive,42,42.6,0.3969509731715899
Branin-Fav,Progressive,42,42.7,0.3969509731715899
Branin-Fav,Progressive,42,42.8,0.3969509731715899
Branin-Fav,Progressive,42,42.9,0.3969509731715899
Branin-Fav,Progressive,42,43.0,0.3969509731715899
Branin-Fav,Progressive,42,43.1,0.3969509731715899
Branin-Fav,Progressive,42,43.2,0.3969509731715899
Branin-Fav,Progressive,42,43.3,0.3969509731715899
Branin-Fav,Progressive,42,43.4,0.3969509731715899
Branin-Fav,Progressive,42,43.5,0.3969509731715899
Branin-Fav,Progressive,42,44.5,0.3969509731715899
Branin-Fav,Progressive,42,44.6,0.3969509731715899
Branin-Fav,Progressive,42,44.7,0.3969509731715899
Branin-Fav,Progressive,42,44.8,0.3969509731715899
Branin-Fav,Progressive,42,44.9,0.3969509731715899
Branin-Fav,Progressive,42,45.0,0.3969509731715899
Branin-Fav,Progressive,42,45.1,0.3969509731715899
Branin-Fav,Progressive,42,45.2,0.3969509731715899
Branin-Fav,Progressive,42,45.3,0.3969509731715899
Branin-Fav,Progressive,42,45.4,0.3969509731715899
Branin-Fav,Progressive,42,45.5,0.3969509731715899
Branin-Fav,Progressive,42,46.5,0.1388635850122277
Branin-Fav,Progressive,42,46.6,0.1388635850122277
Branin-Fav,Progressive,42,46.7,0.1388635850122277
Branin-Fav,Progressive,42,46.8,0.1388635850122277
Branin-Fav,Progressive,42,46.9,0.1388635850122277
Branin-Fav,Progressive,42,47.0,0.1388635850122277
Branin-Fav,Progressive,42,47.1,0.1388635850122277
Branin-Fav,Progressive,42,47.2,0.1388635850122277
Branin-Fav,Progressive,42,47.3,0.1388635850122277
Branin-Fav,Progressive,42,47.4,0.1388635850122277
Branin-Fav,Progressive,42,47.5,0.1388635850122277
Branin-Fav,Progressive,42,48.5,0.1388635850122277
Branin-Fav,Progressive,42,48.6,0.1388635850122277
Branin-Fav,Progressive,42,48.7,0.1388635850122277
Branin-Fav,Progressive,42,48.8,0.1388635850122277
Branin-Fav,Progressive,42,48.9,0.1388635850122277
Branin-Fav,Progressive,42,49.0,0.1388635850122277
Branin-Fav,Progressive,42,49.1,0.1388635850122277
Branin-Fav,Progressive,42,49.2,0.1388635850122277
Branin-Fav,Progressive,42,49.3,0.1388635850122277
Branin-Fav,Progressive,42,49.4,0.1388635850122277
Branin-Fav,Progressive,42,49.5,0.1388635850122277
Branin-Fav,Progressive,42,49.6,0.1388635850122277
Branin-Fav,Progressive,42,49.7,0.1388635850122277
Branin-Fav,Progressive,42,49.8,0.1388635850122277
Branin-Fav,Progressive,42,49.9,0.1388635850122277
Branin-Fav,Progressive,43,4.5,20.30007072725389
Branin-Fav,Progressive,43,4.6,20.30007072725389
Branin-Fav,Progressive,43,4.7,20.30007072725389
Branin-Fav,Progressive,43,4.8,20.30007072725389
Branin-Fav,Progressive,43,4.9,20.30007072725389
Branin-Fav,Progressive,43,5.0,20.30007072725389
Branin-Fav,Progressive,43,5.1,20.30007072725389
Branin-Fav,Progressive,43,5.2,20.30007072725389
Branin-Fav,Progressive,43,5.3,20.30007072725389
Branin-Fav,Progressive,43,5.4,20.30007072725389
Branin-Fav,Progressive,43,5.5,20.30007072725389
Branin-Fav,Progressive,43,6.5,9.157176690460105
Branin-Fav,Progressive,43,6.6,9.157176690460105
Branin-Fav,Progressive,43,6.7,9.157176690460105
Branin-Fav,Progressive,43,6.8,9.157176690460105
Branin-Fav,Progressive,43,6.9,9.157176690460105
Branin-Fav,Progressive,43,7.0,9.157176690460105
Branin-Fav,Progressive,43,7.1,9.157176690460105
Branin-Fav,Progressive,43,7.2,9.157176690460105
Branin-Fav,Progressive,43,7.3,9.157176690460105
Branin-Fav,Progressive,43,7.4,9.157176690460105
Branin-Fav,Progressive,43,7.5,9.157176690460105
Branin-Fav,Progressive,43,8.5,1.7199958674160136
Branin-Fav,Progressive,43,8.6,1.7199958674160136
Branin-Fav,Progressive,43,8.7,1.7199958674160136
Branin-Fav,Progressive,43,8.8,1.7199958674160136
Branin-Fav,Progressive,43,8.9,1.7199958674160136
Branin-Fav,Progressive,43,9.0,1.7199958674160136
Branin-Fav,Progressive,43,9.1,1.7199958674160136
Branin-Fav,Progressive,43,9.2,1.7199958674160136
Branin-Fav,Progressive,43,9.3,1.7199958674160136
Branin-Fav,Progressive,43,9.4,1.7199958674160136
Branin-Fav,Progressive,43,9.5,1.7199958674160136
Branin-Fav,Progressive,43,10.5,1.7199958674160136
Branin-Fav,Progressive,43,10.6,1.7199958674160136
Branin-Fav,Progressive,43,10.7,1.7199958674160136
Branin-Fav,Progressive,43,10.8,1.7199958674160136
Branin-Fav,Progressive,43,10.9,1.7199958674160136
Branin-Fav,Progressive,43,11.0,1.7199958674160136
Branin-Fav,Progressive,43,11.1,1.7199958674160136
Branin-Fav,Progressive,43,11.2,1.7199958674160136
Branin-Fav,Progressive,43,11.3,1.7199958674160136
Branin-Fav,Progressive,43,11.4,1.7199958674160136
Branin-Fav,Progressive,43,11.5,1.7199958674160136
Branin-Fav,Progressive,43,12.5,1.7199958674160136
Branin-Fav,Progressive,43,12.6,1.7199958674160136
Branin-Fav,Progressive,43,12.7,1.7199958674160136
Branin-Fav,Progressive,43,12.8,1.7199958674160136
Branin-Fav,Progressive,43,12.9,1.7199958674160136
Branin-Fav,Progressive,43,13.0,1.7199958674160136
Branin-Fav,Progressive,43,13.1,1.7199958674160136
Branin-Fav,Progressive,43,13.2,1.7199958674160136
Branin-Fav,Progressive,43,13.3,1.7199958674160136
Branin-Fav,Progressive,43,13.4,1.7199958674160136
Branin-Fav,Progressive,43,13.5,1.7199958674160136
Branin-Fav,Progressive,43,14.5,1.7199958674160136
Branin-Fav,Progressive,43,14.6,1.7199958674160136
Branin-Fav,Progressive,43,14.7,1.7199958674160136
Branin-Fav,Progressive,43,14.8,1.7199958674160136
Branin-Fav,Progressive,43,14.9,1.7199958674160136
Branin-Fav,Progressive,43,15.0,1.7199958674160136
Branin-Fav,Progressive,43,15.1,1.7199958674160136
Branin-Fav,Progressive,43,15.2,1.7199958674160136
Branin-Fav,Progressive,43,15.3,1.7199958674160136
Branin-Fav,Progressive,43,15.4,1.7199958674160136
Branin-Fav,Progressive,43,15.5,1.7199958674160136
Branin-Fav,Progressive,43,16.5,1.7199958674160136
Branin-Fav,Progressive,43,16.6,1.7199958674160136
Branin-Fav,Progressive,43,16.7,1.7199958674160136
Branin-Fav,Progressive,43,16.8,1.7199958674160136
Branin-Fav,Progressive,43,16.9,1.7199958674160136
Branin-Fav,Progressive,43,17.0,1.7199958674160136
Branin-Fav,Progressive,43,17.1,1.7199958674160136
Branin-Fav,Progressive,43,17.2,1.7199958674160136
Branin-Fav,Progressive,43,17.3,1.7199958674160136
Branin-Fav,Progressive,43,17.4,1.7199958674160136
Branin-Fav,Progressive,43,17.5,1.7199958674160136
Branin-Fav,Progressive,43,18.5,1.7199958674160136
Branin-Fav,Progressive,43,18.6,1.7199958674160136
Branin-Fav,Progressive,43,18.7,1.7199958674160136
Branin-Fav,Progressive,43,18.8,1.7199958674160136
Branin-Fav,Progressive,43,18.9,1.7199958674160136
Branin-Fav,Progressive,43,19.0,1.7199958674160136
Branin-Fav,Progressive,43,19.1,1.7199958674160136
Branin-Fav,Progressive,43,19.2,1.7199958674160136
Branin-Fav,Progressive,43,19.3,1.7199958674160136
Branin-Fav,Progressive,43,19.4,1.7199958674160136
Branin-Fav,Progressive,43,19.5,1.7199958674160136
Branin-Fav,Progressive,43,20.5,1.7199958674160136
Branin-Fav,Progressive,43,20.6,1.7199958674160136
Branin-Fav,Progressive,43,20.7,1.7199958674160136
Branin-Fav,Progressive,43,20.8,1.7199958674160136
Branin-Fav,Progressive,43,20.9,1.7199958674160136
Branin-Fav,Progressive,43,21.0,1.7199958674160136
Branin-Fav,Progressive,43,21.1,1.7199958674160136
Branin-Fav,Progressive,43,21.2,1.7199958674160136
Branin-Fav,Progressive,43,21.3,1.7199958674160136
Branin-Fav,Progressive,43,21.4,1.7199958674160136
Branin-Fav,Progressive,43,21.5,1.7199958674160136
Branin-Fav,Progressive,43,22.5,1.7199958674160136
Branin-Fav,Progressive,43,22.6,1.7199958674160136
Branin-Fav,Progressive,43,22.7,1.7199958674160136
Branin-Fav,Progressive,43,22.8,1.7199958674160136
Branin-Fav,Progressive,43,22.9,1.7199958674160136
Branin-Fav,Progressive,43,23.0,1.7199958674160136
Branin-Fav,Progressive,43,23.1,1.7199958674160136
Branin-Fav,Progressive,43,23.2,1.7199958674160136
Branin-Fav,Progressive,43,23.3,1.7199958674160136
Branin-Fav,Progressive,43,23.4,1.7199958674160136
Branin-Fav,Progressive,43,23.5,1.7199958674160136
Branin-Fav,Progressive,43,24.5,1.7199958674160136
Branin-Fav,Progressive,43,24.6,1.7199958674160136
Branin-Fav,Progressive,43,24.7,1.7199958674160136
Branin-Fav,Progressive,43,24.8,1.7199958674160136
Branin-Fav,Progressive,43,24.9,1.7199958674160136
Branin-Fav,Progressive,43,25.0,1.7199958674160136
Branin-Fav,Progressive,43,25.1,1.7199958674160136
Branin-Fav,Progressive,43,25.2,1.7199958674160136
Branin-Fav,Progressive,43,25.3,1.7199958674160136
Branin-Fav,Progressive,43,25.4,1.7199958674160136
Branin-Fav,Progressive,43,25.5,1.7199958674160136
Branin-Fav,Progressive,43,26.5,1.7199958674160136
Branin-Fav,Progressive,43,26.6,1.7199958674160136
Branin-Fav,Progressive,43,26.7,1.7199958674160136
Branin-Fav,Progressive,43,26.8,1.7199958674160136
Branin-Fav,Progressive,43,26.9,1.7199958674160136
Branin-Fav,Progressive,43,27.0,1.7199958674160136
Branin-Fav,Progressive,43,27.1,1.7199958674160136
Branin-Fav,Progressive,43,27.2,1.7199958674160136
Branin-Fav,Progressive,43,27.3,1.7199958674160136
Branin-Fav,Progressive,43,27.4,1.7199958674160136
Branin-Fav,Progressive,43,27.5,1.7199958674160136
Branin-Fav,Progressive,43,28.5,1.7199958674160136
Branin-Fav,Progressive,43,28.6,1.7199958674160136
Branin-Fav,Progressive,43,28.7,1.7199958674160136
Branin-Fav,Progressive,43,28.8,1.7199958674160136
Branin-Fav,Progressive,43,28.9,1.7199958674160136
Branin-Fav,Progressive,43,29.0,1.7199958674160136
Branin-Fav,Progressive,43,29.1,1.7199958674160136
Branin-Fav,Progressive,43,29.2,1.7199958674160136
Branin-Fav,Progressive,43,29.3,1.7199958674160136
Branin-Fav,Progressive,43,29.4,1.7199958674160136
Branin-Fav,Progressive,43,29.5,1.7199958674160136
Branin-Fav,Progressive,43,30.5,1.102397625913067
Branin-Fav,Progressive,43,30.6,1.102397625913067
Branin-Fav,Progressive,43,30.7,1.102397625913067
Branin-Fav,Progressive,43,30.8,1.102397625913067
Branin-Fav,Progressive,43,30.9,1.102397625913067
Branin-Fav,Progressive,43,31.0,1.102397625913067
Branin-Fav,Progressive,43,31.1,1.102397625913067
Branin-Fav,Progressive,43,31.2,1.102397625913067
Branin-Fav,Progressive,43,31.3,1.102397625913067
Branin-Fav,Progressive,43,31.4,1.102397625913067
Branin-Fav,Progressive,43,31.5,1.102397625913067
Branin-Fav,Progressive,43,32.5,1.102397625913067
Branin-Fav,Progressive,43,32.6,1.102397625913067
Branin-Fav,Progressive,43,32.7,1.102397625913067
Branin-Fav,Progressive,43,32.8,1.102397625913067
Branin-Fav,Progressive,43,32.9,1.102397625913067
Branin-Fav,Progressive,43,33.0,1.102397625913067
Branin-Fav,Progressive,43,33.1,1.102397625913067
Branin-Fav,Progressive,43,33.2,1.102397625913067
Branin-Fav,Progressive,43,33.3,1.102397625913067
Branin-Fav,Progressive,43,33.4,1.102397625913067
Branin-Fav,Progressive,43,33.5,1.102397625913067
Branin-Fav,Progressive,43,34.5,1.102397625913067
Branin-Fav,Progressive,43,34.6,1.102397625913067
Branin-Fav,Progressive,43,34.7,1.102397625913067
Branin-Fav,Progressive,43,34.8,1.102397625913067
Branin-Fav,Progressive,43,34.9,1.102397625913067
Branin-Fav,Progressive,43,35.0,1.102397625913067
Branin-Fav,Progressive,43,35.1,1.102397625913067
Branin-Fav,Progressive,43,35.2,1.102397625913067
Branin-Fav,Progressive,43,35.3,1.102397625913067
Branin-Fav,Progressive,43,35.4,1.102397625913067
Branin-Fav,Progressive,43,35.5,1.102397625913067
Branin-Fav,Progressive,43,36.5,1.102397625913067
Branin-Fav,Progressive,43,36.6,1.102397625913067
Branin-Fav,Progressive,43,36.7,1.102397625913067
Branin-Fav,Progressive,43,36.8,1.102397625913067
Branin-Fav,Progressive,43,36.9,1.102397625913067
Branin-Fav,Progressive,43,37.0,1.102397625913067
Branin-Fav,Progressive,43,37.1,1.102397625913067
Branin-Fav,Progressive,43,37.2,1.102397625913067
Branin-Fav,Progressive,43,37.3,1.102397625913067
Branin-Fav,Progressive,43,37.4,1.102397625913067
Branin-Fav,Progressive,43,37.5,1.102397625913067
Branin-Fav,Progressive,43,38.5,0.3969509731715899
Branin-Fav,Progressive,43,38.6,0.3969509731715899
Branin-Fav,Progressive,43,38.7,0.3969509731715899
Branin-Fav,Progressive,43,38.8,0.3969509731715899
Branin-Fav,Progressive,43,38.9,0.3969509731715899
Branin-Fav,Progressive,43,39.0,0.3969509731715899
Branin-Fav,Progressive,43,39.1,0.3969509731715899
Branin-Fav,Progressive,43,39.2,0.3969509731715899
Branin-Fav,Progressive,43,39.3,0.3969509731715899
Branin-Fav,Progressive,43,39.4,0.3969509731715899
Branin-Fav,Progressive,43,39.5,0.3969509731715899
Branin-Fav,Progressive,43,40.5,0.3969509731715899
Branin-Fav,Progressive,43,40.6,0.3969509731715899
Branin-Fav,Progressive,43,40.7,0.3969509731715899
Branin-Fav,Progressive,43,40.8,0.3969509731715899
Branin-Fav,Progressive,43,40.9,0.3969509731715899
Branin-Fav,Progressive,43,41.0,0.3969509731715899
Branin-Fav,Progressive,43,41.1,0.3969509731715899
Branin-Fav,Progressive,43,41.2,0.3969509731715899
Branin-Fav,Progressive,43,41.3,0.3969509731715899
Branin-Fav,Progressive,43,41.4,0.3969509731715899
Branin-Fav,Progressive,43,41.5,0.3969509731715899
Branin-Fav,Progressive,43,42.5,0.3969509731715899
Branin-Fav,Progressive,43,42.6,0.3969509731715899
Branin-Fav,Progressive,43,42.7,0.3969509731715899
Branin-Fav,Progressive,43,42.8,0.3969509731715899
Branin-Fav,Progressive,43,42.9,0.3969509731715899
Branin-Fav,Progressive,43,43.0,0.3969509731715899
Branin-Fav,Progressive,43,43.1,0.3969509731715899
Branin-Fav,Progressive,43,43.2,0.3969509731715899
Branin-Fav,Progressive,43,43.3,0.3969509731715899
Branin-Fav,Progressive,43,43.4,0.3969509731715899
Branin-Fav,Progressive,43,43.5,0.3969509731715899
Branin-Fav,Progressive,43,44.5,0.3969509731715899
Branin-Fav,Progressive,43,44.6,0.3969509731715899
Branin-Fav,Progressive,43,44.7,0.3969509731715899
Branin-Fav,Progressive,43,44.8,0.3969509731715899
Branin-Fav,Progressive,43,44.9,0.3969509731715899
Branin-Fav,Progressive,43,45.0,0.3969509731715899
Branin-Fav,Progressive,43,45.1,0.3969509731715899
Branin-Fav,Progressive,43,45.2,0.3969509731715899
Branin-Fav,Progressive,43,45.3,0.3969509731715899
Branin-Fav,Progressive,43,45.4,0.3969509731715899
Branin-Fav,Progressive,43,45.5,0.3969509731715899
Branin-Fav,Progressive,43,46.5,0.3969509731715899
Branin-Fav,Progressive,43,46.6,0.3969509731715899
Branin-Fav,Progressive,43,46.7,0.3969509731715899
Branin-Fav,Progressive,43,46.8,0.3969509731715899
Branin-Fav,Progressive,43,46.9,0.3969509731715899
Branin-Fav,Progressive,43,47.0,0.3969509731715899
Branin-Fav,Progressive,43,47.1,0.3969509731715899
Branin-Fav,Progressive,43,47.2,0.3969509731715899
Branin-Fav,Progressive,43,47.3,0.3969509731715899
Branin-Fav,Progressive,43,47.4,0.3969509731715899
Branin-Fav,Progressive,43,47.5,0.3969509731715899
Branin-Fav,Progressive,43,48.5,0.3969509731715899
Branin-Fav,Progressive,43,48.6,0.3969509731715899
Branin-Fav,Progressive,43,48.7,0.3969509731715899
Branin-Fav,Progressive,43,48.8,0.3969509731715899
Branin-Fav,Progressive,43,48.9,0.3969509731715899
Branin-Fav,Progressive,43,49.0,0.3969509731715899
Branin-Fav,Progressive,43,49.1,0.3969509731715899
Branin-Fav,Progressive,43,49.2,0.3969509731715899
Branin-Fav,Progressive,43,49.3,0.3969509731715899
Branin-Fav,Progressive,43,49.4,0.3969509731715899
Branin-Fav,Progressive,43,49.5,0.3969509731715899
Branin-Fav,Progressive,43,49.6,0.3969509731715899
Branin-Fav,Progressive,43,49.7,0.3969509731715899
Branin-Fav,Progressive,43,49.8,0.3969509731715899
Branin-Fav,Progressive,43,49.9,0.3969509731715899
Branin-Fav,Progressive,44,4.5,26.64441115699304
Branin-Fav,Progressive,44,4.6,26.64441115699304
Branin-Fav,Progressive,44,4.7,26.64441115699304
Branin-Fav,Progressive,44,4.8,26.64441115699304
Branin-Fav,Progressive,44,4.9,26.64441115699304
Branin-Fav,Progressive,44,5.0,26.64441115699304
Branin-Fav,Progressive,44,5.1,26.64441115699304
Branin-Fav,Progressive,44,5.2,26.64441115699304
Branin-Fav,Progressive,44,5.3,26.64441115699304
Branin-Fav,Progressive,44,5.4,26.64441115699304
Branin-Fav,Progressive,44,5.5,26.64441115699304
Branin-Fav,Progressive,44,6.5,17.121648199992478
Branin-Fav,Progressive,44,6.6,17.121648199992478
Branin-Fav,Progressive,44,6.7,17.121648199992478
Branin-Fav,Progressive,44,6.8,17.121648199992478
Branin-Fav,Progressive,44,6.9,17.121648199992478
Branin-Fav,Progressive,44,7.0,17.121648199992478
Branin-Fav,Progressive,44,7.1,17.121648199992478
Branin-Fav,Progressive,44,7.2,17.121648199992478
Branin-Fav,Progressive,44,7.3,17.121648199992478
Branin-Fav,Progressive,44,7.4,17.121648199992478
Branin-Fav,Progressive,44,7.5,17.121648199992478
Branin-Fav,Progressive,44,8.5,11.151715310253842
Branin-Fav,Progressive,44,8.6,11.151715310253842
Branin-Fav,Progressive,44,8.7,11.151715310253842
Branin-Fav,Progressive,44,8.8,11.151715310253842
Branin-Fav,Progressive,44,8.9,11.151715310253842
Branin-Fav,Progressive,44,9.0,11.151715310253842
Branin-Fav,Progressive,44,9.1,11.151715310253842
Branin-Fav,Progressive,44,9.2,11.151715310253842
Branin-Fav,Progressive,44,9.3,11.151715310253842
Branin-Fav,Progressive,44,9.4,11.151715310253842
Branin-Fav,Progressive,44,9.5,11.151715310253842
Branin-Fav,Progressive,44,10.5,11.151715310253842
Branin-Fav,Progressive,44,10.6,11.151715310253842
Branin-Fav,Progressive,44,10.7,11.151715310253842
Branin-Fav,Progressive,44,10.8,11.151715310253842
Branin-Fav,Progressive,44,10.9,11.151715310253842
Branin-Fav,Progressive,44,11.0,11.151715310253842
Branin-Fav,Progressive,44,11.1,11.151715310253842
Branin-Fav,Progressive,44,11.2,11.151715310253842
Branin-Fav,Progressive,44,11.3,11.151715310253842
Branin-Fav,Progressive,44,11.4,11.151715310253842
Branin-Fav,Progressive,44,11.5,11.151715310253842
Branin-Fav,Progressive,44,12.5,1.5420431114730864
Branin-Fav,Progressive,44,12.6,1.5420431114730864
Branin-Fav,Progressive,44,12.7,1.5420431114730864
Branin-Fav,Progressive,44,12.8,1.5420431114730864
Branin-Fav,Progressive,44,12.9,1.5420431114730864
Branin-Fav,Progressive,44,13.0,1.5420431114730864
Branin-Fav,Progressive,44,13.1,1.5420431114730864
Branin-Fav,Progressive,44,13.2,1.5420431114730864
Branin-Fav,Progressive,44,13.3,1.5420431114730864
Branin-Fav,Progressive,44,13.4,1.5420431114730864
Branin-Fav,Progressive,44,13.5,1.5420431114730864
Branin-Fav,Progressive,44,14.5,1.5420431114730864
Branin-Fav,Progressive,44,14.6,1.5420431114730864
Branin-Fav,Progressive,44,14.7,1.5420431114730864
Branin-Fav,Progressive,44,14.8,1.5420431114730864
Branin-Fav,Progressive,44,14.9,1.5420431114730864
Branin-Fav,Progressive,44,15.0,1.5420431114730864
Branin-Fav,Progressive,44,15.1,1.5420431114730864
Branin-Fav,Progressive,44,15.2,1.5420431114730864
Branin-Fav,Progressive,44,15.3,1.5420431114730864
Branin-Fav,Progressive,44,15.4,1.5420431114730864
Branin-Fav,Progressive,44,15.5,1.5420431114730864
Branin-Fav,Progressive,44,16.5,1.5420431114730864
Branin-Fav,Progressive,44,16.6,1.5420431114730864
Branin-Fav,Progressive,44,16.7,1.5420431114730864
Branin-Fav,Progressive,44,16.8,1.5420431114730864
Branin-Fav,Progressive,44,16.9,1.5420431114730864
Branin-Fav,Progressive,44,17.0,1.5420431114730864
Branin-Fav,Progressive,44,17.1,1.5420431114730864
Branin-Fav,Progressive,44,17.2,1.5420431114730864
Branin-Fav,Progressive,44,17.3,1.5420431114730864
Branin-Fav,Progressive,44,17.4,1.5420431114730864
Branin-Fav,Progressive,44,17.5,1.5420431114730864
Branin-Fav,Progressive,44,18.5,1.5420431114730864
Branin-Fav,Progressive,44,18.6,1.5420431114730864
Branin-Fav,Progressive,44,18.7,1.5420431114730864
Branin-Fav,Progressive,44,18.8,1.5420431114730864
Branin-Fav,Progressive,44,18.9,1.5420431114730864
Branin-Fav,Progressive,44,19.0,1.5420431114730864
Branin-Fav,Progressive,44,19.1,1.5420431114730864
Branin-Fav,Progressive,44,19.2,1.5420431114730864
Branin-Fav,Progressive,44,19.3,1.5420431114730864
Branin-Fav,Progressive,44,19.4,1.5420431114730864
Branin-Fav,Progressive,44,19.5,1.5420431114730864
Branin-Fav,Progressive,44,20.5,1.5420431114730864
Branin-Fav,Progressive,44,20.6,1.5420431114730864
Branin-Fav,Progressive,44,20.7,1.5420431114730864
Branin-Fav,Progressive,44,20.8,1.5420431114730864
Branin-Fav,Progressive,44,20.9,1.5420431114730864
Branin-Fav,Progressive,44,21.0,1.5420431114730864
Branin-Fav,Progressive,44,21.1,1.5420431114730864
Branin-Fav,Progressive,44,21.2,1.5420431114730864
Branin-Fav,Progressive,44,21.3,1.5420431114730864
Branin-Fav,Progressive,44,21.4,1.5420431114730864
Branin-Fav,Progressive,44,21.5,1.5420431114730864
Branin-Fav,Progressive,44,22.5,1.5420431114730864
Branin-Fav,Progressive,44,22.6,1.5420431114730864
Branin-Fav,Progressive,44,22.7,1.5420431114730864
Branin-Fav,Progressive,44,22.8,1.5420431114730864
Branin-Fav,Progressive,44,22.9,1.5420431114730864
Branin-Fav,Progressive,44,23.0,1.5420431114730864
Branin-Fav,Progressive,44,23.1,1.5420431114730864
Branin-Fav,Progressive,44,23.2,1.5420431114730864
Branin-Fav,Progressive,44,23.3,1.5420431114730864
Branin-Fav,Progressive,44,23.4,1.5420431114730864
Branin-Fav,Progressive,44,23.5,1.5420431114730864
Branin-Fav,Progressive,44,24.5,1.5420431114730864
Branin-Fav,Progressive,44,24.6,1.5420431114730864
Branin-Fav,Progressive,44,24.7,1.5420431114730864
Branin-Fav,Progressive,44,24.8,1.5420431114730864
Branin-Fav,Progressive,44,24.9,1.5420431114730864
Branin-Fav,Progressive,44,25.0,1.5420431114730864
Branin-Fav,Progressive,44,25.1,1.5420431114730864
Branin-Fav,Progressive,44,25.2,1.5420431114730864
Branin-Fav,Progressive,44,25.3,1.5420431114730864
Branin-Fav,Progressive,44,25.4,1.5420431114730864
Branin-Fav,Progressive,44,25.5,1.5420431114730864
Branin-Fav,Progressive,44,26.5,1.5420431114730864
Branin-Fav,Progressive,44,26.6,1.5420431114730864
Branin-Fav,Progressive,44,26.7,1.5420431114730864
Branin-Fav,Progressive,44,26.8,1.5420431114730864
Branin-Fav,Progressive,44,26.9,1.5420431114730864
Branin-Fav,Progressive,44,27.0,1.5420431114730864
Branin-Fav,Progressive,44,27.1,1.5420431114730864
Branin-Fav,Progressive,44,27.2,1.5420431114730864
Branin-Fav,Progressive,44,27.3,1.5420431114730864
Branin-Fav,Progressive,44,27.4,1.5420431114730864
Branin-Fav,Progressive,44,27.5,1.5420431114730864
Branin-Fav,Progressive,44,28.5,1.5420431114730864
Branin-Fav,Progressive,44,28.6,1.5420431114730864
Branin-Fav,Progressive,44,28.7,1.5420431114730864
Branin-Fav,Progressive,44,28.8,1.5420431114730864
Branin-Fav,Progressive,44,28.9,1.5420431114730864
Branin-Fav,Progressive,44,29.0,1.5420431114730864
Branin-Fav,Progressive,44,29.1,1.5420431114730864
Branin-Fav,Progressive,44,29.2,1.5420431114730864
Branin-Fav,Progressive,44,29.3,1.5420431114730864
Branin-Fav,Progressive,44,29.4,1.5420431114730864
Branin-Fav,Progressive,44,29.5,1.5420431114730864
Branin-Fav,Progressive,44,30.5,0.6621478693184315
Branin-Fav,Progressive,44,30.6,0.6621478693184315
Branin-Fav,Progressive,44,30.7,0.6621478693184315
Branin-Fav,Progressive,44,30.8,0.6621478693184315
Branin-Fav,Progressive,44,30.9,0.6621478693184315
Branin-Fav,Progressive,44,31.0,0.6621478693184315
Branin-Fav,Progressive,44,31.1,0.6621478693184315
Branin-Fav,Progressive,44,31.2,0.6621478693184315
Branin-Fav,Progressive,44,31.3,0.6621478693184315
Branin-Fav,Progressive,44,31.4,0.6621478693184315
Branin-Fav,Progressive,44,31.5,0.6621478693184315
Branin-Fav,Progressive,44,32.5,0.6621478693184315
Branin-Fav,Progressive,44,32.6,0.6621478693184315
Branin-Fav,Progressive,44,32.7,0.6621478693184315
Branin-Fav,Progressive,44,32.8,0.6621478693184315
Branin-Fav,Progressive,44,32.9,0.6621478693184315
Branin-Fav,Progressive,44,33.0,0.6621478693184315
Branin-Fav,Progressive,44,33.1,0.6621478693184315
Branin-Fav,Progressive,44,33.2,0.6621478693184315
Branin-Fav,Progressive,44,33.3,0.6621478693184315
Branin-Fav,Progressive,44,33.4,0.6621478693184315
Branin-Fav,Progressive,44,33.5,0.6621478693184315
Branin-Fav,Progressive,44,34.5,0.4078043888879996
Branin-Fav,Progressive,44,34.6,0.4078043888879996
Branin-Fav,Progressive,44,34.7,0.4078043888879996
Branin-Fav,Progressive,44,34.8,0.4078043888879996
Branin-Fav,Progressive,44,34.9,0.4078043888879996
Branin-Fav,Progressive,44,35.0,0.4078043888879996
Branin-Fav,Progressive,44,35.1,0.4078043888879996
Branin-Fav,Progressive,44,35.2,0.4078043888879996
Branin-Fav,Progressive,44,35.3,0.4078043888879996
Branin-Fav,Progressive,44,35.4,0.4078043888879996
Branin-Fav,Progressive,44,35.5,0.4078043888879996
Branin-Fav,Progressive,44,36.5,0.3408828159960926
Branin-Fav,Progressive,44,36.6,0.3408828159960926
Branin-Fav,Progressive,44,36.7,0.3408828159960926
Branin-Fav,Progressive,44,36.8,0.3408828159960926
Branin-Fav,Progressive,44,36.9,0.3408828159960926
Branin-Fav,Progressive,44,37.0,0.3408828159960926
Branin-Fav,Progressive,44,37.1,0.3408828159960926
Branin-Fav,Progressive,44,37.2,0.3408828159960926
Branin-Fav,Progressive,44,37.3,0.3408828159960926
Branin-Fav,Progressive,44,37.4,0.3408828159960926
Branin-Fav,Progressive,44,37.5,0.3408828159960926
Branin-Fav,Progressive,44,38.5,0.3408828159960926
Branin-Fav,Progressive,44,38.6,0.3408828159960926
Branin-Fav,Progressive,44,38.7,0.3408828159960926
Branin-Fav,Progressive,44,38.8,0.3408828159960926
Branin-Fav,Progressive,44,38.9,0.3408828159960926
Branin-Fav,Progressive,44,39.0,0.3408828159960926
Branin-Fav,Progressive,44,39.1,0.3408828159960926
Branin-Fav,Progressive,44,39.2,0.3408828159960926
Branin-Fav,Progressive,44,39.3,0.3408828159960926
Branin-Fav,Progressive,44,39.4,0.3408828159960926
Branin-Fav,Progressive,44,39.5,0.3408828159960926
Branin-Fav,Progressive,44,40.5,0.3408828159960926
Branin-Fav,Progressive,44,40.6,0.3408828159960926
Branin-Fav,Progressive,44,40.7,0.3408828159960926
Branin-Fav,Progressive,44,40.8,0.3408828159960926
Branin-Fav,Progressive,44,40.9,0.3408828159960926
Branin-Fav,Progressive,44,41.0,0.3408828159960926
Branin-Fav,Progressive,44,41.1,0.3408828159960926
Branin-Fav,Progressive,44,41.2,0.3408828159960926
Branin-Fav,Progressive,44,41.3,0.3408828159960926
Branin-Fav,Progressive,44,41.4,0.3408828159960926
Branin-Fav,Progressive,44,41.5,0.3408828159960926
Branin-Fav,Progressive,44,42.5,0.3408828159960926
Branin-Fav,Progressive,44,42.6,0.3408828159960926
Branin-Fav,Progressive,44,42.7,0.3408828159960926
Branin-Fav,Progressive,44,42.8,0.3408828159960926
Branin-Fav,Progressive,44,42.9,0.3408828159960926
Branin-Fav,Progressive,44,43.0,0.3408828159960926
Branin-Fav,Progressive,44,43.1,0.3408828159960926
Branin-Fav,Progressive,44,43.2,0.3408828159960926
Branin-Fav,Progressive,44,43.3,0.3408828159960926
Branin-Fav,Progressive,44,43.4,0.3408828159960926
Branin-Fav,Progressive,44,43.5,0.3408828159960926
Branin-Fav,Progressive,44,44.5,0.3408828159960926
Branin-Fav,Progressive,44,44.6,0.3408828159960926
Branin-Fav,Progressive,44,44.7,0.3408828159960926
Branin-Fav,Progressive,44,44.8,0.3408828159960926
Branin-Fav,Progressive,44,44.9,0.3408828159960926
Branin-Fav,Progressive,44,45.0,0.3408828159960926
Branin-Fav,Progressive,44,45.1,0.3408828159960926
Branin-Fav,Progressive,44,45.2,0.3408828159960926
Branin-Fav,Progressive,44,45.3,0.3408828159960926
Branin-Fav,Progressive,44,45.4,0.3408828159960926
Branin-Fav,Progressive,44,45.5,0.3408828159960926
Branin-Fav,Progressive,44,46.5,0.3408828159960926
Branin-Fav,Progressive,44,46.6,0.3408828159960926
Branin-Fav,Progressive,44,46.7,0.3408828159960926
Branin-Fav,Progressive,44,46.8,0.3408828159960926
Branin-Fav,Progressive,44,46.9,0.3408828159960926
Branin-Fav,Progressive,44,47.0,0.3408828159960926
Branin-Fav,Progressive,44,47.1,0.3408828159960926
Branin-Fav,Progressive,44,47.2,0.3408828159960926
Branin-Fav,Progressive,44,47.3,0.3408828159960926
Branin-Fav,Progressive,44,47.4,0.3408828159960926
Branin-Fav,Progressive,44,47.5,0.3408828159960926
Branin-Fav,Progressive,44,48.5,0.3408828159960926
Branin-Fav,Progressive,44,48.6,0.3408828159960926
Branin-Fav,Progressive,44,48.7,0.3408828159960926
Branin-Fav,Progressive,44,48.8,0.3408828159960926
Branin-Fav,Progressive,44,48.9,0.3408828159960926
Branin-Fav,Progressive,44,49.0,0.3408828159960926
Branin-Fav,Progressive,44,49.1,0.3408828159960926
Branin-Fav,Progressive,44,49.2,0.3408828159960926
Branin-Fav,Progressive,44,49.3,0.3408828159960926
Branin-Fav,Progressive,44,49.4,0.3408828159960926
Branin-Fav,Progressive,44,49.5,0.3408828159960926
Branin-Fav,Progressive,44,49.6,0.3408828159960926
Branin-Fav,Progressive,44,49.7,0.3408828159960926
Branin-Fav,Progressive,44,49.8,0.3408828159960926
Branin-Fav,Progressive,44,49.9,0.3408828159960926
Branin-Fav,Progressive,45,4.5,19.4736521956608
Branin-Fav,Progressive,45,4.6,19.4736521956608
Branin-Fav,Progressive,45,4.7,19.4736521956608
Branin-Fav,Progressive,45,4.8,19.4736521956608
Branin-Fav,Progressive,45,4.9,19.4736521956608
Branin-Fav,Progressive,45,5.0,19.4736521956608
Branin-Fav,Progressive,45,5.1,19.4736521956608
Branin-Fav,Progressive,45,5.2,19.4736521956608
Branin-Fav,Progressive,45,5.3,19.4736521956608
Branin-Fav,Progressive,45,5.4,19.4736521956608
Branin-Fav,Progressive,45,5.5,19.4736521956608
Branin-Fav,Progressive,45,6.5,19.4736521956608
Branin-Fav,Progressive,45,6.6,19.4736521956608
Branin-Fav,Progressive,45,6.7,19.4736521956608
Branin-Fav,Progressive,45,6.8,19.4736521956608
Branin-Fav,Progressive,45,6.9,19.4736521956608
Branin-Fav,Progressive,45,7.0,19.4736521956608
Branin-Fav,Progressive,45,7.1,19.4736521956608
Branin-Fav,Progressive,45,7.2,19.4736521956608
Branin-Fav,Progressive,45,7.3,19.4736521956608
Branin-Fav,Progressive,45,7.4,19.4736521956608
Branin-Fav,Progressive,45,7.5,19.4736521956608
Branin-Fav,Progressive,45,8.5,17.103806817991007
Branin-Fav,Progressive,45,8.6,17.103806817991007
Branin-Fav,Progressive,45,8.7,17.103806817991007
Branin-Fav,Progressive,45,8.8,17.103806817991007
Branin-Fav,Progressive,45,8.9,17.103806817991007
Branin-Fav,Progressive,45,9.0,17.103806817991007
Branin-Fav,Progressive,45,9.1,17.103806817991007
Branin-Fav,Progressive,45,9.2,17.103806817991007
Branin-Fav,Progressive,45,9.3,17.103806817991007
Branin-Fav,Progressive,45,9.4,17.103806817991007
Branin-Fav,Progressive,45,9.5,17.103806817991007
Branin-Fav,Progressive,45,10.5,9.602691670280024
Branin-Fav,Progressive,45,10.6,9.602691670280024
Branin-Fav,Progressive,45,10.7,9.602691670280024
Branin-Fav,Progressive,45,10.8,9.602691670280024
Branin-Fav,Progressive,45,10.9,9.602691670280024
Branin-Fav,Progressive,45,11.0,9.602691670280024
Branin-Fav,Progressive,45,11.1,9.602691670280024
Branin-Fav,Progressive,45,11.2,9.602691670280024
Branin-Fav,Progressive,45,11.3,9.602691670280024
Branin-Fav,Progressive,45,11.4,9.602691670280024
Branin-Fav,Progressive,45,11.5,9.602691670280024
Branin-Fav,Progressive,45,12.5,7.32032152763081
Branin-Fav,Progressive,45,12.6,7.32032152763081
Branin-Fav,Progressive,45,12.7,7.32032152763081
Branin-Fav,Progressive,45,12.8,7.32032152763081
Branin-Fav,Progressive,45,12.9,7.32032152763081
Branin-Fav,Progressive,45,13.0,7.32032152763081
Branin-Fav,Progressive,45,13.1,7.32032152763081
Branin-Fav,Progressive,45,13.2,7.32032152763081
Branin-Fav,Progressive,45,13.3,7.32032152763081
Branin-Fav,Progressive,45,13.4,7.32032152763081
Branin-Fav,Progressive,45,13.5,7.32032152763081
Branin-Fav,Progressive,45,14.5,0.4891328657652973
Branin-Fav,Progressive,45,14.6,0.4891328657652973
Branin-Fav,Progressive,45,14.7,0.4891328657652973
Branin-Fav,Progressive,45,14.8,0.4891328657652973
Branin-Fav,Progressive,45,14.9,0.4891328657652973
Branin-Fav,Progressive,45,15.0,0.4891328657652973
Branin-Fav,Progressive,45,15.1,0.4891328657652973
Branin-Fav,Progressive,45,15.2,0.4891328657652973
Branin-Fav,Progressive,45,15.3,0.4891328657652973
Branin-Fav,Progressive,45,15.4,0.4891328657652973
Branin-Fav,Progressive,45,15.5,0.4891328657652973
Branin-Fav,Progressive,45,16.5,0.4891328657652973
Branin-Fav,Progressive,45,16.6,0.4891328657652973
Branin-Fav,Progressive,45,16.7,0.4891328657652973
Branin-Fav,Progressive,45,16.8,0.4891328657652973
Branin-Fav,Progressive,45,16.9,0.4891328657652973
Branin-Fav,Progressive,45,17.0,0.4891328657652973
Branin-Fav,Progressive,45,17.1,0.4891328657652973
Branin-Fav,Progressive,45,17.2,0.4891328657652973
Branin-Fav,Progressive,45,17.3,0.4891328657652973
Branin-Fav,Progressive,45,17.4,0.4891328657652973
Branin-Fav,Progressive,45,17.5,0.4891328657652973
Branin-Fav,Progressive,45,18.5,0.4891328657652973
Branin-Fav,Progressive,45,18.6,0.4891328657652973
Branin-Fav,Progressive,45,18.7,0.4891328657652973
Branin-Fav,Progressive,45,18.8,0.4891328657652973
Branin-Fav,Progressive,45,18.9,0.4891328657652973
Branin-Fav,Progressive,45,19.0,0.4891328657652973
Branin-Fav,Progressive,45,19.1,0.4891328657652973
Branin-Fav,Progressive,45,19.2,0.4891328657652973
Branin-Fav,Progressive,45,19.3,0.4891328657652973
Branin-Fav,Progressive,45,19.4,0.4891328657652973
Branin-Fav,Progressive,45,19.5,0.4891328657652973
Branin-Fav,Progressive,45,20.5,0.4891328657652973
Branin-Fav,Progressive,45,20.6,0.4891328657652973
Branin-Fav,Progressive,45,20.7,0.4891328657652973
Branin-Fav,Progressive,45,20.8,0.4891328657652973
Branin-Fav,Progressive,45,20.9,0.4891328657652973
Branin-Fav,Progressive,45,21.0,0.4891328657652973
Branin-Fav,Progressive,45,21.1,0.4891328657652973
Branin-Fav,Progressive,45,21.2,0.4891328657652973
Branin-Fav,Progressive,45,21.3,0.4891328657652973
Branin-Fav,Progressive,45,21.4,0.4891328657652973
Branin-Fav,Progressive,45,21.5,0.4891328657652973
Branin-Fav,Progressive,45,22.5,0.4891328657652973
Branin-Fav,Progressive,45,22.6,0.4891328657652973
Branin-Fav,Progressive,45,22.7,0.4891328657652973
Branin-Fav,Progressive,45,22.8,0.4891328657652973
Branin-Fav,Progressive,45,22.9,0.4891328657652973
Branin-Fav,Progressive,45,23.0,0.4891328657652973
Branin-Fav,Progressive,45,23.1,0.4891328657652973
Branin-Fav,Progressive,45,23.2,0.4891328657652973
Branin-Fav,Progressive,45,23.3,0.4891328657652973
Branin-Fav,Progressive,45,23.4,0.4891328657652973
Branin-Fav,Progressive,45,23.5,0.4891328657652973
Branin-Fav,Progressive,45,24.5,0.4891328657652973
Branin-Fav,Progressive,45,24.6,0.4891328657652973
Branin-Fav,Progressive,45,24.7,0.4891328657652973
Branin-Fav,Progressive,45,24.8,0.4891328657652973
Branin-Fav,Progressive,45,24.9,0.4891328657652973
Branin-Fav,Progressive,45,25.0,0.4891328657652973
Branin-Fav,Progressive,45,25.1,0.4891328657652973
Branin-Fav,Progressive,45,25.2,0.4891328657652973
Branin-Fav,Progressive,45,25.3,0.4891328657652973
Branin-Fav,Progressive,45,25.4,0.4891328657652973
Branin-Fav,Progressive,45,25.5,0.4891328657652973
Branin-Fav,Progressive,45,26.5,0.4891328657652973
Branin-Fav,Progressive,45,26.6,0.4891328657652973
Branin-Fav,Progressive,45,26.7,0.4891328657652973
Branin-Fav,Progressive,45,26.8,0.4891328657652973
Branin-Fav,Progressive,45,26.9,0.4891328657652973
Branin-Fav,Progressive,45,27.0,0.4891328657652973
Branin-Fav,Progressive,45,27.1,0.4891328657652973
Branin-Fav,Progressive,45,27.2,0.4891328657652973
Branin-Fav,Progressive,45,27.3,0.4891328657652973
Branin-Fav,Progressive,45,27.4,0.4891328657652973
Branin-Fav,Progressive,45,27.5,0.4891328657652973
Branin-Fav,Progressive,45,28.5,0.4891328657652973
Branin-Fav,Progressive,45,28.6,0.4891328657652973
Branin-Fav,Progressive,45,28.7,0.4891328657652973
Branin-Fav,Progressive,45,28.8,0.4891328657652973
Branin-Fav,Progressive,45,28.9,0.4891328657652973
Branin-Fav,Progressive,45,29.0,0.4891328657652973
Branin-Fav,Progressive,45,29.1,0.4891328657652973
Branin-Fav,Progressive,45,29.2,0.4891328657652973
Branin-Fav,Progressive,45,29.3,0.4891328657652973
Branin-Fav,Progressive,45,29.4,0.4891328657652973
Branin-Fav,Progressive,45,29.5,0.4891328657652973
Branin-Fav,Progressive,45,30.5,0.4891328657652973
Branin-Fav,Progressive,45,30.6,0.4891328657652973
Branin-Fav,Progressive,45,30.7,0.4891328657652973
Branin-Fav,Progressive,45,30.8,0.4891328657652973
Branin-Fav,Progressive,45,30.9,0.4891328657652973
Branin-Fav,Progressive,45,31.0,0.4891328657652973
Branin-Fav,Progressive,45,31.1,0.4891328657652973
Branin-Fav,Progressive,45,31.2,0.4891328657652973
Branin-Fav,Progressive,45,31.3,0.4891328657652973
Branin-Fav,Progressive,45,31.4,0.4891328657652973
Branin-Fav,Progressive,45,31.5,0.4891328657652973
Branin-Fav,Progressive,45,32.5,0.4891328657652973
Branin-Fav,Progressive,45,32.6,0.4891328657652973
Branin-Fav,Progressive,45,32.7,0.4891328657652973
Branin-Fav,Progressive,45,32.8,0.4891328657652973
Branin-Fav,Progressive,45,32.9,0.4891328657652973
Branin-Fav,Progressive,45,33.0,0.4891328657652973
Branin-Fav,Progressive,45,33.1,0.4891328657652973
Branin-Fav,Progressive,45,33.2,0.4891328657652973
Branin-Fav,Progressive,45,33.3,0.4891328657652973
Branin-Fav,Progressive,45,33.4,0.4891328657652973
Branin-Fav,Progressive,45,33.5,0.4891328657652973
Branin-Fav,Progressive,45,34.5,0.4891328657652973
Branin-Fav,Progressive,45,34.6,0.4891328657652973
Branin-Fav,Progressive,45,34.7,0.4891328657652973
Branin-Fav,Progressive,45,34.8,0.4891328657652973
Branin-Fav,Progressive,45,34.9,0.4891328657652973
Branin-Fav,Progressive,45,35.0,0.4891328657652973
Branin-Fav,Progressive,45,35.1,0.4891328657652973
Branin-Fav,Progressive,45,35.2,0.4891328657652973
Branin-Fav,Progressive,45,35.3,0.4891328657652973
Branin-Fav,Progressive,45,35.4,0.4891328657652973
Branin-Fav,Progressive,45,35.5,0.4891328657652973
Branin-Fav,Progressive,45,36.5,0.4891328657652973
Branin-Fav,Progressive,45,36.6,0.4891328657652973
Branin-Fav,Progressive,45,36.7,0.4891328657652973
Branin-Fav,Progressive,45,36.8,0.4891328657652973
Branin-Fav,Progressive,45,36.9,0.4891328657652973
Branin-Fav,Progressive,45,37.0,0.4891328657652973
Branin-Fav,Progressive,45,37.1,0.4891328657652973
Branin-Fav,Progressive,45,37.2,0.4891328657652973
Branin-Fav,Progressive,45,37.3,0.4891328657652973
Branin-Fav,Progressive,45,37.4,0.4891328657652973
Branin-Fav,Progressive,45,37.5,0.4891328657652973
Branin-Fav,Progressive,45,38.5,0.4891328657652973
Branin-Fav,Progressive,45,38.6,0.4891328657652973
Branin-Fav,Progressive,45,38.7,0.4891328657652973
Branin-Fav,Progressive,45,38.8,0.4891328657652973
Branin-Fav,Progressive,45,38.9,0.4891328657652973
Branin-Fav,Progressive,45,39.0,0.4891328657652973
Branin-Fav,Progressive,45,39.1,0.4891328657652973
Branin-Fav,Progressive,45,39.2,0.4891328657652973
Branin-Fav,Progressive,45,39.3,0.4891328657652973
Branin-Fav,Progressive,45,39.4,0.4891328657652973
Branin-Fav,Progressive,45,39.5,0.4891328657652973
Branin-Fav,Progressive,45,40.5,0.4891328657652973
Branin-Fav,Progressive,45,40.6,0.4891328657652973
Branin-Fav,Progressive,45,40.7,0.4891328657652973
Branin-Fav,Progressive,45,40.8,0.4891328657652973
Branin-Fav,Progressive,45,40.9,0.4891328657652973
Branin-Fav,Progressive,45,41.0,0.4891328657652973
Branin-Fav,Progressive,45,41.1,0.4891328657652973
Branin-Fav,Progressive,45,41.2,0.4891328657652973
Branin-Fav,Progressive,45,41.3,0.4891328657652973
Branin-Fav,Progressive,45,41.4,0.4891328657652973
Branin-Fav,Progressive,45,41.5,0.4891328657652973
Branin-Fav,Progressive,45,42.5,0.4891328657652973
Branin-Fav,Progressive,45,42.6,0.4891328657652973
Branin-Fav,Progressive,45,42.7,0.4891328657652973
Branin-Fav,Progressive,45,42.8,0.4891328657652973
Branin-Fav,Progressive,45,42.9,0.4891328657652973
Branin-Fav,Progressive,45,43.0,0.4891328657652973
Branin-Fav,Progressive,45,43.1,0.4891328657652973
Branin-Fav,Progressive,45,43.2,0.4891328657652973
Branin-Fav,Progressive,45,43.3,0.4891328657652973
Branin-Fav,Progressive,45,43.4,0.4891328657652973
Branin-Fav,Progressive,45,43.5,0.4891328657652973
Branin-Fav,Progressive,45,44.5,0.3969509731715899
Branin-Fav,Progressive,45,44.6,0.3969509731715899
Branin-Fav,Progressive,45,44.7,0.3969509731715899
Branin-Fav,Progressive,45,44.8,0.3969509731715899
Branin-Fav,Progressive,45,44.9,0.3969509731715899
Branin-Fav,Progressive,45,45.0,0.3969509731715899
Branin-Fav,Progressive,45,45.1,0.3969509731715899
Branin-Fav,Progressive,45,45.2,0.3969509731715899
Branin-Fav,Progressive,45,45.3,0.3969509731715899
Branin-Fav,Progressive,45,45.4,0.3969509731715899
Branin-Fav,Progressive,45,45.5,0.3969509731715899
Branin-Fav,Progressive,45,46.5,0.3969509731715899
Branin-Fav,Progressive,45,46.6,0.3969509731715899
Branin-Fav,Progressive,45,46.7,0.3969509731715899
Branin-Fav,Progressive,45,46.8,0.3969509731715899
Branin-Fav,Progressive,45,46.9,0.3969509731715899
Branin-Fav,Progressive,45,47.0,0.3969509731715899
Branin-Fav,Progressive,45,47.1,0.3969509731715899
Branin-Fav,Progressive,45,47.2,0.3969509731715899
Branin-Fav,Progressive,45,47.3,0.3969509731715899
Branin-Fav,Progressive,45,47.4,0.3969509731715899
Branin-Fav,Progressive,45,47.5,0.3969509731715899
Branin-Fav,Progressive,45,48.5,0.3969509731715899
Branin-Fav,Progressive,45,48.6,0.3969509731715899
Branin-Fav,Progressive,45,48.7,0.3969509731715899
Branin-Fav,Progressive,45,48.8,0.3969509731715899
Branin-Fav,Progressive,45,48.9,0.3969509731715899
Branin-Fav,Progressive,45,49.0,0.3969509731715899
Branin-Fav,Progressive,45,49.1,0.3969509731715899
Branin-Fav,Progressive,45,49.2,0.3969509731715899
Branin-Fav,Progressive,45,49.3,0.3969509731715899
Branin-Fav,Progressive,45,49.4,0.3969509731715899
Branin-Fav,Progressive,45,49.5,0.3969509731715899
Branin-Fav,Progressive,45,49.6,0.3969509731715899
Branin-Fav,Progressive,45,49.7,0.3969509731715899
Branin-Fav,Progressive,45,49.8,0.3969509731715899
Branin-Fav,Progressive,45,49.9,0.3969509731715899
Branin-Fav,Progressive,46,4.5,41.31070342471086
Branin-Fav,Progressive,46,4.6,41.31070342471086
Branin-Fav,Progressive,46,4.7,41.31070342471086
Branin-Fav,Progressive,46,4.8,41.31070342471086
Branin-Fav,Progressive,46,4.9,41.31070342471086
Branin-Fav,Progressive,46,5.0,41.31070342471086
Branin-Fav,Progressive,46,5.1,41.31070342471086
Branin-Fav,Progressive,46,5.2,41.31070342471086
Branin-Fav,Progressive,46,5.3,41.31070342471086
Branin-Fav,Progressive,46,5.4,41.31070342471086
Branin-Fav,Progressive,46,5.5,41.31070342471086
Branin-Fav,Progressive,46,6.5,20.157050490040653
Branin-Fav,Progressive,46,6.6,20.157050490040653
Branin-Fav,Progressive,46,6.7,20.157050490040653
Branin-Fav,Progressive,46,6.8,20.157050490040653
Branin-Fav,Progressive,46,6.9,20.157050490040653
Branin-Fav,Progressive,46,7.0,20.157050490040653
Branin-Fav,Progressive,46,7.1,20.157050490040653
Branin-Fav,Progressive,46,7.2,20.157050490040653
Branin-Fav,Progressive,46,7.3,20.157050490040653
Branin-Fav,Progressive,46,7.4,20.157050490040653
Branin-Fav,Progressive,46,7.5,20.157050490040653
Branin-Fav,Progressive,46,8.5,9.602691670280024
Branin-Fav,Progressive,46,8.6,9.602691670280024
Branin-Fav,Progressive,46,8.7,9.602691670280024
Branin-Fav,Progressive,46,8.8,9.602691670280024
Branin-Fav,Progressive,46,8.9,9.602691670280024
Branin-Fav,Progressive,46,9.0,9.602691670280024
Branin-Fav,Progressive,46,9.1,9.602691670280024
Branin-Fav,Progressive,46,9.2,9.602691670280024
Branin-Fav,Progressive,46,9.3,9.602691670280024
Branin-Fav,Progressive,46,9.4,9.602691670280024
Branin-Fav,Progressive,46,9.5,9.602691670280024
Branin-Fav,Progressive,46,10.5,3.821314811805865
Branin-Fav,Progressive,46,10.6,3.821314811805865
Branin-Fav,Progressive,46,10.7,3.821314811805865
Branin-Fav,Progressive,46,10.8,3.821314811805865
Branin-Fav,Progressive,46,10.9,3.821314811805865
Branin-Fav,Progressive,46,11.0,3.821314811805865
Branin-Fav,Progressive,46,11.1,3.821314811805865
Branin-Fav,Progressive,46,11.2,3.821314811805865
Branin-Fav,Progressive,46,11.3,3.821314811805865
Branin-Fav,Progressive,46,11.4,3.821314811805865
Branin-Fav,Progressive,46,11.5,3.821314811805865
Branin-Fav,Progressive,46,12.5,3.821314811805865
Branin-Fav,Progressive,46,12.6,3.821314811805865
Branin-Fav,Progressive,46,12.7,3.821314811805865
Branin-Fav,Progressive,46,12.8,3.821314811805865
Branin-Fav,Progressive,46,12.9,3.821314811805865
Branin-Fav,Progressive,46,13.0,3.821314811805865
Branin-Fav,Progressive,46,13.1,3.821314811805865
Branin-Fav,Progressive,46,13.2,3.821314811805865
Branin-Fav,Progressive,46,13.3,3.821314811805865
Branin-Fav,Progressive,46,13.4,3.821314811805865
Branin-Fav,Progressive,46,13.5,3.821314811805865
Branin-Fav,Progressive,46,14.5,3.821314811805865
Branin-Fav,Progressive,46,14.6,3.821314811805865
Branin-Fav,Progressive,46,14.7,3.821314811805865
Branin-Fav,Progressive,46,14.8,3.821314811805865
Branin-Fav,Progressive,46,14.9,3.821314811805865
Branin-Fav,Progressive,46,15.0,3.821314811805865
Branin-Fav,Progressive,46,15.1,3.821314811805865
Branin-Fav,Progressive,46,15.2,3.821314811805865
Branin-Fav,Progressive,46,15.3,3.821314811805865
Branin-Fav,Progressive,46,15.4,3.821314811805865
Branin-Fav,Progressive,46,15.5,3.821314811805865
Branin-Fav,Progressive,46,16.5,3.821314811805865
Branin-Fav,Progressive,46,16.6,3.821314811805865
Branin-Fav,Progressive,46,16.7,3.821314811805865
Branin-Fav,Progressive,46,16.8,3.821314811805865
Branin-Fav,Progressive,46,16.9,3.821314811805865
Branin-Fav,Progressive,46,17.0,3.821314811805865
Branin-Fav,Progressive,46,17.1,3.821314811805865
Branin-Fav,Progressive,46,17.2,3.821314811805865
Branin-Fav,Progressive,46,17.3,3.821314811805865
Branin-Fav,Progressive,46,17.4,3.821314811805865
Branin-Fav,Progressive,46,17.5,3.821314811805865
Branin-Fav,Progressive,46,18.5,3.821314811805865
Branin-Fav,Progressive,46,18.6,3.821314811805865
Branin-Fav,Progressive,46,18.7,3.821314811805865
Branin-Fav,Progressive,46,18.8,3.821314811805865
Branin-Fav,Progressive,46,18.9,3.821314811805865
Branin-Fav,Progressive,46,19.0,3.821314811805865
Branin-Fav,Progressive,46,19.1,3.821314811805865
Branin-Fav,Progressive,46,19.2,3.821314811805865
Branin-Fav,Progressive,46,19.3,3.821314811805865
Branin-Fav,Progressive,46,19.4,3.821314811805865
Branin-Fav,Progressive,46,19.5,3.821314811805865
Branin-Fav,Progressive,46,20.5,3.821314811805865
Branin-Fav,Progressive,46,20.6,3.821314811805865
Branin-Fav,Progressive,46,20.7,3.821314811805865
Branin-Fav,Progressive,46,20.8,3.821314811805865
Branin-Fav,Progressive,46,20.9,3.821314811805865
Branin-Fav,Progressive,46,21.0,3.821314811805865
Branin-Fav,Progressive,46,21.1,3.821314811805865
Branin-Fav,Progressive,46,21.2,3.821314811805865
Branin-Fav,Progressive,46,21.3,3.821314811805865
Branin-Fav,Progressive,46,21.4,3.821314811805865
Branin-Fav,Progressive,46,21.5,3.821314811805865
Branin-Fav,Progressive,46,22.5,3.821314811805865
Branin-Fav,Progressive,46,22.6,3.821314811805865
Branin-Fav,Progressive,46,22.7,3.821314811805865
Branin-Fav,Progressive,46,22.8,3.821314811805865
Branin-Fav,Progressive,46,22.9,3.821314811805865
Branin-Fav,Progressive,46,23.0,3.821314811805865
Branin-Fav,Progressive,46,23.1,3.821314811805865
Branin-Fav,Progressive,46,23.2,3.821314811805865
Branin-Fav,Progressive,46,23.3,3.821314811805865
Branin-Fav,Progressive,46,23.4,3.821314811805865
Branin-Fav,Progressive,46,23.5,3.821314811805865
Branin-Fav,Progressive,46,24.5,1.413226504089046
Branin-Fav,Progressive,46,24.6,1.413226504089046
Branin-Fav,Progressive,46,24.7,1.413226504089046
Branin-Fav,Progressive,46,24.8,1.413226504089046
Branin-Fav,Progressive,46,24.9,1.413226504089046
Branin-Fav,Progressive,46,25.0,1.413226504089046
Branin-Fav,Progressive,46,25.1,1.413226504089046
Branin-Fav,Progressive,46,25.2,1.413226504089046
Branin-Fav,Progressive,46,25.3,1.413226504089046
Branin-Fav,Progressive,46,25.4,1.413226504089046
Branin-Fav,Progressive,46,25.5,1.413226504089046
Branin-Fav,Progressive,46,26.5,1.413226504089046
Branin-Fav,Progressive,46,26.6,1.413226504089046
Branin-Fav,Progressive,46,26.7,1.413226504089046
Branin-Fav,Progressive,46,26.8,1.413226504089046
Branin-Fav,Progressive,46,26.9,1.413226504089046
Branin-Fav,Progressive,46,27.0,1.413226504089046
Branin-Fav,Progressive,46,27.1,1.413226504089046
Branin-Fav,Progressive,46,27.2,1.413226504089046
Branin-Fav,Progressive,46,27.3,1.413226504089046
Branin-Fav,Progressive,46,27.4,1.413226504089046
Branin-Fav,Progressive,46,27.5,1.413226504089046
Branin-Fav,Progressive,46,28.5,1.413226504089046
Branin-Fav,Progressive,46,28.6,1.413226504089046
Branin-Fav,Progressive,46,28.7,1.413226504089046
Branin-Fav,Progressive,46,28.8,1.413226504089046
Branin-Fav,Progressive,46,28.9,1.413226504089046
Branin-Fav,Progressive,46,29.0,1.413226504089046
Branin-Fav,Progressive,46,29.1,1.413226504089046
Branin-Fav,Progressive,46,29.2,1.413226504089046
Branin-Fav,Progressive,46,29.3,1.413226504089046
Branin-Fav,Progressive,46,29.4,1.413226504089046
Branin-Fav,Progressive,46,29.5,1.413226504089046
Branin-Fav,Progressive,46,30.5,1.413226504089046
Branin-Fav,Progressive,46,30.6,1.413226504089046
Branin-Fav,Progressive,46,30.7,1.413226504089046
Branin-Fav,Progressive,46,30.8,1.413226504089046
Branin-Fav,Progressive,46,30.9,1.413226504089046
Branin-Fav,Progressive,46,31.0,1.413226504089046
Branin-Fav,Progressive,46,31.1,1.413226504089046
Branin-Fav,Progressive,46,31.2,1.413226504089046
Branin-Fav,Progressive,46,31.3,1.413226504089046
Branin-Fav,Progressive,46,31.4,1.413226504089046
Branin-Fav,Progressive,46,31.5,1.413226504089046
Branin-Fav,Progressive,46,32.5,1.413226504089046
Branin-Fav,Progressive,46,32.6,1.413226504089046
Branin-Fav,Progressive,46,32.7,1.413226504089046
Branin-Fav,Progressive,46,32.8,1.413226504089046
Branin-Fav,Progressive,46,32.9,1.413226504089046
Branin-Fav,Progressive,46,33.0,1.413226504089046
Branin-Fav,Progressive,46,33.1,1.413226504089046
Branin-Fav,Progressive,46,33.2,1.413226504089046
Branin-Fav,Progressive,46,33.3,1.413226504089046
Branin-Fav,Progressive,46,33.4,1.413226504089046
Branin-Fav,Progressive,46,33.5,1.413226504089046
Branin-Fav,Progressive,46,34.5,1.413226504089046
Branin-Fav,Progressive,46,34.6,1.413226504089046
Branin-Fav,Progressive,46,34.7,1.413226504089046
Branin-Fav,Progressive,46,34.8,1.413226504089046
Branin-Fav,Progressive,46,34.9,1.413226504089046
Branin-Fav,Progressive,46,35.0,1.413226504089046
Branin-Fav,Progressive,46,35.1,1.413226504089046
Branin-Fav,Progressive,46,35.2,1.413226504089046
Branin-Fav,Progressive,46,35.3,1.413226504089046
Branin-Fav,Progressive,46,35.4,1.413226504089046
Branin-Fav,Progressive,46,35.5,1.413226504089046
Branin-Fav,Progressive,46,36.5,1.413226504089046
Branin-Fav,Progressive,46,36.6,1.413226504089046
Branin-Fav,Progressive,46,36.7,1.413226504089046
Branin-Fav,Progressive,46,36.8,1.413226504089046
Branin-Fav,Progressive,46,36.9,1.413226504089046
Branin-Fav,Progressive,46,37.0,1.413226504089046
Branin-Fav,Progressive,46,37.1,1.413226504089046
Branin-Fav,Progressive,46,37.2,1.413226504089046
Branin-Fav,Progressive,46,37.3,1.413226504089046
Branin-Fav,Progressive,46,37.4,1.413226504089046
Branin-Fav,Progressive,46,37.5,1.413226504089046
Branin-Fav,Progressive,46,38.5,0.5618792313577536
Branin-Fav,Progressive,46,38.6,0.5618792313577536
Branin-Fav,Progressive,46,38.7,0.5618792313577536
Branin-Fav,Progressive,46,38.8,0.5618792313577536
Branin-Fav,Progressive,46,38.9,0.5618792313577536
Branin-Fav,Progressive,46,39.0,0.5618792313577536
Branin-Fav,Progressive,46,39.1,0.5618792313577536
Branin-Fav,Progressive,46,39.2,0.5618792313577536
Branin-Fav,Progressive,46,39.3,0.5618792313577536
Branin-Fav,Progressive,46,39.4,0.5618792313577536
Branin-Fav,Progressive,46,39.5,0.5618792313577536
Branin-Fav,Progressive,46,40.5,0.5618792313577536
Branin-Fav,Progressive,46,40.6,0.5618792313577536
Branin-Fav,Progressive,46,40.7,0.5618792313577536
Branin-Fav,Progressive,46,40.8,0.5618792313577536
Branin-Fav,Progressive,46,40.9,0.5618792313577536
Branin-Fav,Progressive,46,41.0,0.5618792313577536
Branin-Fav,Progressive,46,41.1,0.5618792313577536
Branin-Fav,Progressive,46,41.2,0.5618792313577536
Branin-Fav,Progressive,46,41.3,0.5618792313577536
Branin-Fav,Progressive,46,41.4,0.5618792313577536
Branin-Fav,Progressive,46,41.5,0.5618792313577536
Branin-Fav,Progressive,46,42.5,0.5618792313577536
Branin-Fav,Progressive,46,42.6,0.5618792313577536
Branin-Fav,Progressive,46,42.7,0.5618792313577536
Branin-Fav,Progressive,46,42.8,0.5618792313577536
Branin-Fav,Progressive,46,42.9,0.5618792313577536
Branin-Fav,Progressive,46,43.0,0.5618792313577536
Branin-Fav,Progressive,46,43.1,0.5618792313577536
Branin-Fav,Progressive,46,43.2,0.5618792313577536
Branin-Fav,Progressive,46,43.3,0.5618792313577536
Branin-Fav,Progressive,46,43.4,0.5618792313577536
Branin-Fav,Progressive,46,43.5,0.5618792313577536
Branin-Fav,Progressive,46,44.5,0.5618792313577536
Branin-Fav,Progressive,46,44.6,0.5618792313577536
Branin-Fav,Progressive,46,44.7,0.5618792313577536
Branin-Fav,Progressive,46,44.8,0.5618792313577536
Branin-Fav,Progressive,46,44.9,0.5618792313577536
Branin-Fav,Progressive,46,45.0,0.5618792313577536
Branin-Fav,Progressive,46,45.1,0.5618792313577536
Branin-Fav,Progressive,46,45.2,0.5618792313577536
Branin-Fav,Progressive,46,45.3,0.5618792313577536
Branin-Fav,Progressive,46,45.4,0.5618792313577536
Branin-Fav,Progressive,46,45.5,0.5618792313577536
Branin-Fav,Progressive,46,46.5,0.3969509731715899
Branin-Fav,Progressive,46,46.6,0.3969509731715899
Branin-Fav,Progressive,46,46.7,0.3969509731715899
Branin-Fav,Progressive,46,46.8,0.3969509731715899
Branin-Fav,Progressive,46,46.9,0.3969509731715899
Branin-Fav,Progressive,46,47.0,0.3969509731715899
Branin-Fav,Progressive,46,47.1,0.3969509731715899
Branin-Fav,Progressive,46,47.2,0.3969509731715899
Branin-Fav,Progressive,46,47.3,0.3969509731715899
Branin-Fav,Progressive,46,47.4,0.3969509731715899
Branin-Fav,Progressive,46,47.5,0.3969509731715899
Branin-Fav,Progressive,46,48.5,0.3969509731715899
Branin-Fav,Progressive,46,48.6,0.3969509731715899
Branin-Fav,Progressive,46,48.7,0.3969509731715899
Branin-Fav,Progressive,46,48.8,0.3969509731715899
Branin-Fav,Progressive,46,48.9,0.3969509731715899
Branin-Fav,Progressive,46,49.0,0.3969509731715899
Branin-Fav,Progressive,46,49.1,0.3969509731715899
Branin-Fav,Progressive,46,49.2,0.3969509731715899
Branin-Fav,Progressive,46,49.3,0.3969509731715899
Branin-Fav,Progressive,46,49.4,0.3969509731715899
Branin-Fav,Progressive,46,49.5,0.3969509731715899
Branin-Fav,Progressive,46,49.6,0.3969509731715899
Branin-Fav,Progressive,46,49.7,0.3969509731715899
Branin-Fav,Progressive,46,49.8,0.3969509731715899
Branin-Fav,Progressive,46,49.9,0.3969509731715899
Branin-Fav,Progressive,47,4.5,30.732027563031828
Branin-Fav,Progressive,47,4.6,30.732027563031828
Branin-Fav,Progressive,47,4.7,30.732027563031828
Branin-Fav,Progressive,47,4.8,30.732027563031828
Branin-Fav,Progressive,47,4.9,30.732027563031828
Branin-Fav,Progressive,47,5.0,30.732027563031828
Branin-Fav,Progressive,47,5.1,30.732027563031828
Branin-Fav,Progressive,47,5.2,30.732027563031828
Branin-Fav,Progressive,47,5.3,30.732027563031828
Branin-Fav,Progressive,47,5.4,30.732027563031828
Branin-Fav,Progressive,47,5.5,30.732027563031828
Branin-Fav,Progressive,47,6.5,10.556396337864344
Branin-Fav,Progressive,47,6.6,10.556396337864344
Branin-Fav,Progressive,47,6.7,10.556396337864344
Branin-Fav,Progressive,47,6.8,10.556396337864344
Branin-Fav,Progressive,47,6.9,10.556396337864344
Branin-Fav,Progressive,47,7.0,10.556396337864344
Branin-Fav,Progressive,47,7.1,10.556396337864344
Branin-Fav,Progressive,47,7.2,10.556396337864344
Branin-Fav,Progressive,47,7.3,10.556396337864344
Branin-Fav,Progressive,47,7.4,10.556396337864344
Branin-Fav,Progressive,47,7.5,10.556396337864344
Branin-Fav,Progressive,47,8.5,10.556396337864344
Branin-Fav,Progressive,47,8.6,10.556396337864344
Branin-Fav,Progressive,47,8.7,10.556396337864344
Branin-Fav,Progressive,47,8.8,10.556396337864344
Branin-Fav,Progressive,47,8.9,10.556396337864344
Branin-Fav,Progressive,47,9.0,10.556396337864344
Branin-Fav,Progressive,47,9.1,10.556396337864344
Branin-Fav,Progressive,47,9.2,10.556396337864344
Branin-Fav,Progressive,47,9.3,10.556396337864344
Branin-Fav,Progressive,47,9.4,10.556396337864344
Branin-Fav,Progressive,47,9.5,10.556396337864344
Branin-Fav,Progressive,47,10.5,10.556396337864344
Branin-Fav,Progressive,47,10.6,10.556396337864344
Branin-Fav,Progressive,47,10.7,10.556396337864344
Branin-Fav,Progressive,47,10.8,10.556396337864344
Branin-Fav,Progressive,47,10.9,10.556396337864344
Branin-Fav,Progressive,47,11.0,10.556396337864344
Branin-Fav,Progressive,47,11.1,10.556396337864344
Branin-Fav,Progressive,47,11.2,10.556396337864344
Branin-Fav,Progressive,47,11.3,10.556396337864344
Branin-Fav,Progressive,47,11.4,10.556396337864344
Branin-Fav,Progressive,47,11.5,10.556396337864344
Branin-Fav,Progressive,47,12.5,1.8455384964431327
Branin-Fav,Progressive,47,12.6,1.8455384964431327
Branin-Fav,Progressive,47,12.7,1.8455384964431327
Branin-Fav,Progressive,47,12.8,1.8455384964431327
Branin-Fav,Progressive,47,12.9,1.8455384964431327
Branin-Fav,Progressive,47,13.0,1.8455384964431327
Branin-Fav,Progressive,47,13.1,1.8455384964431327
Branin-Fav,Progressive,47,13.2,1.8455384964431327
Branin-Fav,Progressive,47,13.3,1.8455384964431327
Branin-Fav,Progressive,47,13.4,1.8455384964431327
Branin-Fav,Progressive,47,13.5,1.8455384964431327
Branin-Fav,Progressive,47,14.5,1.8455384964431327
Branin-Fav,Progressive,47,14.6,1.8455384964431327
Branin-Fav,Progressive,47,14.7,1.8455384964431327
Branin-Fav,Progressive,47,14.8,1.8455384964431327
Branin-Fav,Progressive,47,14.9,1.8455384964431327
Branin-Fav,Progressive,47,15.0,1.8455384964431327
Branin-Fav,Progressive,47,15.1,1.8455384964431327
Branin-Fav,Progressive,47,15.2,1.8455384964431327
Branin-Fav,Progressive,47,15.3,1.8455384964431327
Branin-Fav,Progressive,47,15.4,1.8455384964431327
Branin-Fav,Progressive,47,15.5,1.8455384964431327
Branin-Fav,Progressive,47,16.5,1.8455384964431327
Branin-Fav,Progressive,47,16.6,1.8455384964431327
Branin-Fav,Progressive,47,16.7,1.8455384964431327
Branin-Fav,Progressive,47,16.8,1.8455384964431327
Branin-Fav,Progressive,47,16.9,1.8455384964431327
Branin-Fav,Progressive,47,17.0,1.8455384964431327
Branin-Fav,Progressive,47,17.1,1.8455384964431327
Branin-Fav,Progressive,47,17.2,1.8455384964431327
Branin-Fav,Progressive,47,17.3,1.8455384964431327
Branin-Fav,Progressive,47,17.4,1.8455384964431327
Branin-Fav,Progressive,47,17.5,1.8455384964431327
Branin-Fav,Progressive,47,18.5,1.6714282802958502
Branin-Fav,Progressive,47,18.6,1.6714282802958502
Branin-Fav,Progressive,47,18.7,1.6714282802958502
Branin-Fav,Progressive,47,18.8,1.6714282802958502
Branin-Fav,Progressive,47,18.9,1.6714282802958502
Branin-Fav,Progressive,47,19.0,1.6714282802958502
Branin-Fav,Progressive,47,19.1,1.6714282802958502
Branin-Fav,Progressive,47,19.2,1.6714282802958502
Branin-Fav,Progressive,47,19.3,1.6714282802958502
Branin-Fav,Progressive,47,19.4,1.6714282802958502
Branin-Fav,Progressive,47,19.5,1.6714282802958502
Branin-Fav,Progressive,47,20.5,1.6000798501888456
Branin-Fav,Progressive,47,20.6,1.6000798501888456
Branin-Fav,Progressive,47,20.7,1.6000798501888456
Branin-Fav,Progressive,47,20.8,1.6000798501888456
Branin-Fav,Progressive,47,20.9,1.6000798501888456
Branin-Fav,Progressive,47,21.0,1.6000798501888456
Branin-Fav,Progressive,47,21.1,1.6000798501888456
Branin-Fav,Progressive,47,21.2,1.6000798501888456
Branin-Fav,Progressive,47,21.3,1.6000798501888456
Branin-Fav,Progressive,47,21.4,1.6000798501888456
Branin-Fav,Progressive,47,21.5,1.6000798501888456
Branin-Fav,Progressive,47,22.5,1.5420431114730864
Branin-Fav,Progressive,47,22.6,1.5420431114730864
Branin-Fav,Progressive,47,22.7,1.5420431114730864
Branin-Fav,Progressive,47,22.8,1.5420431114730864
Branin-Fav,Progressive,47,22.9,1.5420431114730864
Branin-Fav,Progressive,47,23.0,1.5420431114730864
Branin-Fav,Progressive,47,23.1,1.5420431114730864
Branin-Fav,Progressive,47,23.2,1.5420431114730864
Branin-Fav,Progressive,47,23.3,1.5420431114730864
Branin-Fav,Progressive,47,23.4,1.5420431114730864
Branin-Fav,Progressive,47,23.5,1.5420431114730864
Branin-Fav,Progressive,47,24.5,1.5420431114730864
Branin-Fav,Progressive,47,24.6,1.5420431114730864
Branin-Fav,Progressive,47,24.7,1.5420431114730864
Branin-Fav,Progressive,47,24.8,1.5420431114730864
Branin-Fav,Progressive,47,24.9,1.5420431114730864
Branin-Fav,Progressive,47,25.0,1.5420431114730864
Branin-Fav,Progressive,47,25.1,1.5420431114730864
Branin-Fav,Progressive,47,25.2,1.5420431114730864
Branin-Fav,Progressive,47,25.3,1.5420431114730864
Branin-Fav,Progressive,47,25.4,1.5420431114730864
Branin-Fav,Progressive,47,25.5,1.5420431114730864
Branin-Fav,Progressive,47,26.5,1.5420431114730864
Branin-Fav,Progressive,47,26.6,1.5420431114730864
Branin-Fav,Progressive,47,26.7,1.5420431114730864
Branin-Fav,Progressive,47,26.8,1.5420431114730864
Branin-Fav,Progressive,47,26.9,1.5420431114730864
Branin-Fav,Progressive,47,27.0,1.5420431114730864
Branin-Fav,Progressive,47,27.1,1.5420431114730864
Branin-Fav,Progressive,47,27.2,1.5420431114730864
Branin-Fav,Progressive,47,27.3,1.5420431114730864
Branin-Fav,Progressive,47,27.4,1.5420431114730864
Branin-Fav,Progressive,47,27.5,1.5420431114730864
Branin-Fav,Progressive,47,28.5,0.3408828159960926
Branin-Fav,Progressive,47,28.6,0.3408828159960926
Branin-Fav,Progressive,47,28.7,0.3408828159960926
Branin-Fav,Progressive,47,28.8,0.3408828159960926
Branin-Fav,Progressive,47,28.9,0.3408828159960926
Branin-Fav,Progressive,47,29.0,0.3408828159960926
Branin-Fav,Progressive,47,29.1,0.3408828159960926
Branin-Fav,Progressive,47,29.2,0.3408828159960926
Branin-Fav,Progressive,47,29.3,0.3408828159960926
Branin-Fav,Progressive,47,29.4,0.3408828159960926
Branin-Fav,Progressive,47,29.5,0.3408828159960926
Branin-Fav,Progressive,47,30.5,0.3408828159960926
Branin-Fav,Progressive,47,30.6,0.3408828159960926
Branin-Fav,Progressive,47,30.7,0.3408828159960926
Branin-Fav,Progressive,47,30.8,0.3408828159960926
Branin-Fav,Progressive,47,30.9,0.3408828159960926
Branin-Fav,Progressive,47,31.0,0.3408828159960926
Branin-Fav,Progressive,47,31.1,0.3408828159960926
Branin-Fav,Progressive,47,31.2,0.3408828159960926
Branin-Fav,Progressive,47,31.3,0.3408828159960926
Branin-Fav,Progressive,47,31.4,0.3408828159960926
Branin-Fav,Progressive,47,31.5,0.3408828159960926
Branin-Fav,Progressive,47,32.5,0.3408828159960926
Branin-Fav,Progressive,47,32.6,0.3408828159960926
Branin-Fav,Progressive,47,32.7,0.3408828159960926
Branin-Fav,Progressive,47,32.8,0.3408828159960926
Branin-Fav,Progressive,47,32.9,0.3408828159960926
Branin-Fav,Progressive,47,33.0,0.3408828159960926
Branin-Fav,Progressive,47,33.1,0.3408828159960926
Branin-Fav,Progressive,47,33.2,0.3408828159960926
Branin-Fav,Progressive,47,33.3,0.3408828159960926
Branin-Fav,Progressive,47,33.4,0.3408828159960926
Branin-Fav,Progressive,47,33.5,0.3408828159960926
Branin-Fav,Progressive,47,34.5,0.3408828159960926
Branin-Fav,Progressive,47,34.6,0.3408828159960926
Branin-Fav,Progressive,47,34.7,0.3408828159960926
Branin-Fav,Progressive,47,34.8,0.3408828159960926
Branin-Fav,Progressive,47,34.9,0.3408828159960926
Branin-Fav,Progressive,47,35.0,0.3408828159960926
Branin-Fav,Progressive,47,35.1,0.3408828159960926
Branin-Fav,Progressive,47,35.2,0.3408828159960926
Branin-Fav,Progressive,47,35.3,0.3408828159960926
Branin-Fav,Progressive,47,35.4,0.3408828159960926
Branin-Fav,Progressive,47,35.5,0.3408828159960926
Branin-Fav,Progressive,47,36.5,0.3408828159960926
Branin-Fav,Progressive,47,36.6,0.3408828159960926
Branin-Fav,Progressive,47,36.7,0.3408828159960926
Branin-Fav,Progressive,47,36.8,0.3408828159960926
Branin-Fav,Progressive,47,36.9,0.3408828159960926
Branin-Fav,Progressive,47,37.0,0.3408828159960926
Branin-Fav,Progressive,47,37.1,0.3408828159960926
Branin-Fav,Progressive,47,37.2,0.3408828159960926
Branin-Fav,Progressive,47,37.3,0.3408828159960926
Branin-Fav,Progressive,47,37.4,0.3408828159960926
Branin-Fav,Progressive,47,37.5,0.3408828159960926
Branin-Fav,Progressive,47,38.5,0.3408828159960926
Branin-Fav,Progressive,47,38.6,0.3408828159960926
Branin-Fav,Progressive,47,38.7,0.3408828159960926
Branin-Fav,Progressive,47,38.8,0.3408828159960926
Branin-Fav,Progressive,47,38.9,0.3408828159960926
Branin-Fav,Progressive,47,39.0,0.3408828159960926
Branin-Fav,Progressive,47,39.1,0.3408828159960926
Branin-Fav,Progressive,47,39.2,0.3408828159960926
Branin-Fav,Progressive,47,39.3,0.3408828159960926
Branin-Fav,Progressive,47,39.4,0.3408828159960926
Branin-Fav,Progressive,47,39.5,0.3408828159960926
Branin-Fav,Progressive,47,40.5,0.3408828159960926
Branin-Fav,Progressive,47,40.6,0.3408828159960926
Branin-Fav,Progressive,47,40.7,0.3408828159960926
Branin-Fav,Progressive,47,40.8,0.3408828159960926
Branin-Fav,Progressive,47,40.9,0.3408828159960926
Branin-Fav,Progressive,47,41.0,0.3408828159960926
Branin-Fav,Progressive,47,41.1,0.3408828159960926
Branin-Fav,Progressive,47,41.2,0.3408828159960926
Branin-Fav,Progressive,47,41.3,0.3408828159960926
Branin-Fav,Progressive,47,41.4,0.3408828159960926
Branin-Fav,Progressive,47,41.5,0.3408828159960926
Branin-Fav,Progressive,47,42.5,0.3408828159960926
Branin-Fav,Progressive,47,42.6,0.3408828159960926
Branin-Fav,Progressive,47,42.7,0.3408828159960926
Branin-Fav,Progressive,47,42.8,0.3408828159960926
Branin-Fav,Progressive,47,42.9,0.3408828159960926
Branin-Fav,Progressive,47,43.0,0.3408828159960926
Branin-Fav,Progressive,47,43.1,0.3408828159960926
Branin-Fav,Progressive,47,43.2,0.3408828159960926
Branin-Fav,Progressive,47,43.3,0.3408828159960926
Branin-Fav,Progressive,47,43.4,0.3408828159960926
Branin-Fav,Progressive,47,43.5,0.3408828159960926
Branin-Fav,Progressive,47,44.5,0.3408828159960926
Branin-Fav,Progressive,47,44.6,0.3408828159960926
Branin-Fav,Progressive,47,44.7,0.3408828159960926
Branin-Fav,Progressive,47,44.8,0.3408828159960926
Branin-Fav,Progressive,47,44.9,0.3408828159960926
Branin-Fav,Progressive,47,45.0,0.3408828159960926
Branin-Fav,Progressive,47,45.1,0.3408828159960926
Branin-Fav,Progressive,47,45.2,0.3408828159960926
Branin-Fav,Progressive,47,45.3,0.3408828159960926
Branin-Fav,Progressive,47,45.4,0.3408828159960926
Branin-Fav,Progressive,47,45.5,0.3408828159960926
Branin-Fav,Progressive,47,46.5,0.3408828159960926
Branin-Fav,Progressive,47,46.6,0.3408828159960926
Branin-Fav,Progressive,47,46.7,0.3408828159960926
Branin-Fav,Progressive,47,46.8,0.3408828159960926
Branin-Fav,Progressive,47,46.9,0.3408828159960926
Branin-Fav,Progressive,47,47.0,0.3408828159960926
Branin-Fav,Progressive,47,47.1,0.3408828159960926
Branin-Fav,Progressive,47,47.2,0.3408828159960926
Branin-Fav,Progressive,47,47.3,0.3408828159960926
Branin-Fav,Progressive,47,47.4,0.3408828159960926
Branin-Fav,Progressive,47,47.5,0.3408828159960926
Branin-Fav,Progressive,47,48.5,0.3408828159960926
Branin-Fav,Progressive,47,48.6,0.3408828159960926
Branin-Fav,Progressive,47,48.7,0.3408828159960926
Branin-Fav,Progressive,47,48.8,0.3408828159960926
Branin-Fav,Progressive,47,48.9,0.3408828159960926
Branin-Fav,Progressive,47,49.0,0.3408828159960926
Branin-Fav,Progressive,47,49.1,0.3408828159960926
Branin-Fav,Progressive,47,49.2,0.3408828159960926
Branin-Fav,Progressive,47,49.3,0.3408828159960926
Branin-Fav,Progressive,47,49.4,0.3408828159960926
Branin-Fav,Progressive,47,49.5,0.3408828159960926
Branin-Fav,Progressive,47,49.6,0.3408828159960926
Branin-Fav,Progressive,47,49.7,0.3408828159960926
Branin-Fav,Progressive,47,49.8,0.3408828159960926
Branin-Fav,Progressive,47,49.9,0.3408828159960926
Branin-Fav,Progressive,48,4.5,14.787152857646891
Branin-Fav,Progressive,48,4.6,14.787152857646891
Branin-Fav,Progressive,48,4.7,14.787152857646891
Branin-Fav,Progressive,48,4.8,14.787152857646891
Branin-Fav,Progressive,48,4.9,14.787152857646891
Branin-Fav,Progressive,48,5.0,14.787152857646891
Branin-Fav,Progressive,48,5.1,14.787152857646891
Branin-Fav,Progressive,48,5.2,14.787152857646891
Branin-Fav,Progressive,48,5.3,14.787152857646891
Branin-Fav,Progressive,48,5.4,14.787152857646891
Branin-Fav,Progressive,48,5.5,14.787152857646891
Branin-Fav,Progressive,48,6.5,12.382266032880262
Branin-Fav,Progressive,48,6.6,12.382266032880262
Branin-Fav,Progressive,48,6.7,12.382266032880262
Branin-Fav,Progressive,48,6.8,12.382266032880262
Branin-Fav,Progressive,48,6.9,12.382266032880262
Branin-Fav,Progressive,48,7.0,12.382266032880262
Branin-Fav,Progressive,48,7.1,12.382266032880262
Branin-Fav,Progressive,48,7.2,12.382266032880262
Branin-Fav,Progressive,48,7.3,12.382266032880262
Branin-Fav,Progressive,48,7.4,12.382266032880262
Branin-Fav,Progressive,48,7.5,12.382266032880262
Branin-Fav,Progressive,48,8.5,11.62999796705708
Branin-Fav,Progressive,48,8.6,11.62999796705708
Branin-Fav,Progressive,48,8.7,11.62999796705708
Branin-Fav,Progressive,48,8.8,11.62999796705708
Branin-Fav,Progressive,48,8.9,11.62999796705708
Branin-Fav,Progressive,48,9.0,11.62999796705708
Branin-Fav,Progressive,48,9.1,11.62999796705708
Branin-Fav,Progressive,48,9.2,11.62999796705708
Branin-Fav,Progressive,48,9.3,11.62999796705708
Branin-Fav,Progressive,48,9.4,11.62999796705708
Branin-Fav,Progressive,48,9.5,11.62999796705708
Branin-Fav,Progressive,48,10.5,11.04376845905733
Branin-Fav,Progressive,48,10.6,11.04376845905733
Branin-Fav,Progressive,48,10.7,11.04376845905733
Branin-Fav,Progressive,48,10.8,11.04376845905733
Branin-Fav,Progressive,48,10.9,11.04376845905733
Branin-Fav,Progressive,48,11.0,11.04376845905733
Branin-Fav,Progressive,48,11.1,11.04376845905733
Branin-Fav,Progressive,48,11.2,11.04376845905733
Branin-Fav,Progressive,48,11.3,11.04376845905733
Branin-Fav,Progressive,48,11.4,11.04376845905733
Branin-Fav,Progressive,48,11.5,11.04376845905733
Branin-Fav,Progressive,48,12.5,2.07151463205623
Branin-Fav,Progressive,48,12.6,2.07151463205623
Branin-Fav,Progressive,48,12.7,2.07151463205623
Branin-Fav,Progressive,48,12.8,2.07151463205623
Branin-Fav,Progressive,48,12.9,2.07151463205623
Branin-Fav,Progressive,48,13.0,2.07151463205623
Branin-Fav,Progressive,48,13.1,2.07151463205623
Branin-Fav,Progressive,48,13.2,2.07151463205623
Branin-Fav,Progressive,48,13.3,2.07151463205623
Branin-Fav,Progressive,48,13.4,2.07151463205623
Branin-Fav,Progressive,48,13.5,2.07151463205623
Branin-Fav,Progressive,48,14.5,2.07151463205623
Branin-Fav,Progressive,48,14.6,2.07151463205623
Branin-Fav,Progressive,48,14.7,2.07151463205623
Branin-Fav,Progressive,48,14.8,2.07151463205623
Branin-Fav,Progressive,48,14.9,2.07151463205623
Branin-Fav,Progressive,48,15.0,2.07151463205623
Branin-Fav,Progressive,48,15.1,2.07151463205623
Branin-Fav,Progressive,48,15.2,2.07151463205623
Branin-Fav,Progressive,48,15.3,2.07151463205623
Branin-Fav,Progressive,48,15.4,2.07151463205623
Branin-Fav,Progressive,48,15.5,2.07151463205623
Branin-Fav,Progressive,48,16.5,2.07151463205623
Branin-Fav,Progressive,48,16.6,2.07151463205623
Branin-Fav,Progressive,48,16.7,2.07151463205623
Branin-Fav,Progressive,48,16.8,2.07151463205623
Branin-Fav,Progressive,48,16.9,2.07151463205623
Branin-Fav,Progressive,48,17.0,2.07151463205623
Branin-Fav,Progressive,48,17.1,2.07151463205623
Branin-Fav,Progressive,48,17.2,2.07151463205623
Branin-Fav,Progressive,48,17.3,2.07151463205623
Branin-Fav,Progressive,48,17.4,2.07151463205623
Branin-Fav,Progressive,48,17.5,2.07151463205623
Branin-Fav,Progressive,48,18.5,2.07151463205623
Branin-Fav,Progressive,48,18.6,2.07151463205623
Branin-Fav,Progressive,48,18.7,2.07151463205623
Branin-Fav,Progressive,48,18.8,2.07151463205623
Branin-Fav,Progressive,48,18.9,2.07151463205623
Branin-Fav,Progressive,48,19.0,2.07151463205623
Branin-Fav,Progressive,48,19.1,2.07151463205623
Branin-Fav,Progressive,48,19.2,2.07151463205623
Branin-Fav,Progressive,48,19.3,2.07151463205623
Branin-Fav,Progressive,48,19.4,2.07151463205623
Branin-Fav,Progressive,48,19.5,2.07151463205623
Branin-Fav,Progressive,48,20.5,2.07151463205623
Branin-Fav,Progressive,48,20.6,2.07151463205623
Branin-Fav,Progressive,48,20.7,2.07151463205623
Branin-Fav,Progressive,48,20.8,2.07151463205623
Branin-Fav,Progressive,48,20.9,2.07151463205623
Branin-Fav,Progressive,48,21.0,2.07151463205623
Branin-Fav,Progressive,48,21.1,2.07151463205623
Branin-Fav,Progressive,48,21.2,2.07151463205623
Branin-Fav,Progressive,48,21.3,2.07151463205623
Branin-Fav,Progressive,48,21.4,2.07151463205623
Branin-Fav,Progressive,48,21.5,2.07151463205623
Branin-Fav,Progressive,48,22.5,2.07151463205623
Branin-Fav,Progressive,48,22.6,2.07151463205623
Branin-Fav,Progressive,48,22.7,2.07151463205623
Branin-Fav,Progressive,48,22.8,2.07151463205623
Branin-Fav,Progressive,48,22.9,2.07151463205623
Branin-Fav,Progressive,48,23.0,2.07151463205623
Branin-Fav,Progressive,48,23.1,2.07151463205623
Branin-Fav,Progressive,48,23.2,2.07151463205623
Branin-Fav,Progressive,48,23.3,2.07151463205623
Branin-Fav,Progressive,48,23.4,2.07151463205623
Branin-Fav,Progressive,48,23.5,2.07151463205623
Branin-Fav,Progressive,48,24.5,2.07151463205623
Branin-Fav,Progressive,48,24.6,2.07151463205623
Branin-Fav,Progressive,48,24.7,2.07151463205623
Branin-Fav,Progressive,48,24.8,2.07151463205623
Branin-Fav,Progressive,48,24.9,2.07151463205623
Branin-Fav,Progressive,48,25.0,2.07151463205623
Branin-Fav,Progressive,48,25.1,2.07151463205623
Branin-Fav,Progressive,48,25.2,2.07151463205623
Branin-Fav,Progressive,48,25.3,2.07151463205623
Branin-Fav,Progressive,48,25.4,2.07151463205623
Branin-Fav,Progressive,48,25.5,2.07151463205623
Branin-Fav,Progressive,48,26.5,2.07151463205623
Branin-Fav,Progressive,48,26.6,2.07151463205623
Branin-Fav,Progressive,48,26.7,2.07151463205623
Branin-Fav,Progressive,48,26.8,2.07151463205623
Branin-Fav,Progressive,48,26.9,2.07151463205623
Branin-Fav,Progressive,48,27.0,2.07151463205623
Branin-Fav,Progressive,48,27.1,2.07151463205623
Branin-Fav,Progressive,48,27.2,2.07151463205623
Branin-Fav,Progressive,48,27.3,2.07151463205623
Branin-Fav,Progressive,48,27.4,2.07151463205623
Branin-Fav,Progressive,48,27.5,2.07151463205623
Branin-Fav,Progressive,48,28.5,2.07151463205623
Branin-Fav,Progressive,48,28.6,2.07151463205623
Branin-Fav,Progressive,48,28.7,2.07151463205623
Branin-Fav,Progressive,48,28.8,2.07151463205623
Branin-Fav,Progressive,48,28.9,2.07151463205623
Branin-Fav,Progressive,48,29.0,2.07151463205623
Branin-Fav,Progressive,48,29.1,2.07151463205623
Branin-Fav,Progressive,48,29.2,2.07151463205623
Branin-Fav,Progressive,48,29.3,2.07151463205623
Branin-Fav,Progressive,48,29.4,2.07151463205623
Branin-Fav,Progressive,48,29.5,2.07151463205623
Branin-Fav,Progressive,48,30.5,2.07151463205623
Branin-Fav,Progressive,48,30.6,2.07151463205623
Branin-Fav,Progressive,48,30.7,2.07151463205623
Branin-Fav,Progressive,48,30.8,2.07151463205623
Branin-Fav,Progressive,48,30.9,2.07151463205623
Branin-Fav,Progressive,48,31.0,2.07151463205623
Branin-Fav,Progressive,48,31.1,2.07151463205623
Branin-Fav,Progressive,48,31.2,2.07151463205623
Branin-Fav,Progressive,48,31.3,2.07151463205623
Branin-Fav,Progressive,48,31.4,2.07151463205623
Branin-Fav,Progressive,48,31.5,2.07151463205623
Branin-Fav,Progressive,48,32.5,2.07151463205623
Branin-Fav,Progressive,48,32.6,2.07151463205623
Branin-Fav,Progressive,48,32.7,2.07151463205623
Branin-Fav,Progressive,48,32.8,2.07151463205623
Branin-Fav,Progressive,48,32.9,2.07151463205623
Branin-Fav,Progressive,48,33.0,2.07151463205623
Branin-Fav,Progressive,48,33.1,2.07151463205623
Branin-Fav,Progressive,48,33.2,2.07151463205623
Branin-Fav,Progressive,48,33.3,2.07151463205623
Branin-Fav,Progressive,48,33.4,2.07151463205623
Branin-Fav,Progressive,48,33.5,2.07151463205623
Branin-Fav,Progressive,48,34.5,2.07151463205623
Branin-Fav,Progressive,48,34.6,2.07151463205623
Branin-Fav,Progressive,48,34.7,2.07151463205623
Branin-Fav,Progressive,48,34.8,2.07151463205623
Branin-Fav,Progressive,48,34.9,2.07151463205623
Branin-Fav,Progressive,48,35.0,2.07151463205623
Branin-Fav,Progressive,48,35.1,2.07151463205623
Branin-Fav,Progressive,48,35.2,2.07151463205623
Branin-Fav,Progressive,48,35.3,2.07151463205623
Branin-Fav,Progressive,48,35.4,2.07151463205623
Branin-Fav,Progressive,48,35.5,2.07151463205623
Branin-Fav,Progressive,48,36.5,2.07151463205623
Branin-Fav,Progressive,48,36.6,2.07151463205623
Branin-Fav,Progressive,48,36.7,2.07151463205623
Branin-Fav,Progressive,48,36.8,2.07151463205623
Branin-Fav,Progressive,48,36.9,2.07151463205623
Branin-Fav,Progressive,48,37.0,2.07151463205623
Branin-Fav,Progressive,48,37.1,2.07151463205623
Branin-Fav,Progressive,48,37.2,2.07151463205623
Branin-Fav,Progressive,48,37.3,2.07151463205623
Branin-Fav,Progressive,48,37.4,2.07151463205623
Branin-Fav,Progressive,48,37.5,2.07151463205623
Branin-Fav,Progressive,48,38.5,2.07151463205623
Branin-Fav,Progressive,48,38.6,2.07151463205623
Branin-Fav,Progressive,48,38.7,2.07151463205623
Branin-Fav,Progressive,48,38.8,2.07151463205623
Branin-Fav,Progressive,48,38.9,2.07151463205623
Branin-Fav,Progressive,48,39.0,2.07151463205623
Branin-Fav,Progressive,48,39.1,2.07151463205623
Branin-Fav,Progressive,48,39.2,2.07151463205623
Branin-Fav,Progressive,48,39.3,2.07151463205623
Branin-Fav,Progressive,48,39.4,2.07151463205623
Branin-Fav,Progressive,48,39.5,2.07151463205623
Branin-Fav,Progressive,48,40.5,2.07151463205623
Branin-Fav,Progressive,48,40.6,2.07151463205623
Branin-Fav,Progressive,48,40.7,2.07151463205623
Branin-Fav,Progressive,48,40.8,2.07151463205623
Branin-Fav,Progressive,48,40.9,2.07151463205623
Branin-Fav,Progressive,48,41.0,2.07151463205623
Branin-Fav,Progressive,48,41.1,2.07151463205623
Branin-Fav,Progressive,48,41.2,2.07151463205623
Branin-Fav,Progressive,48,41.3,2.07151463205623
Branin-Fav,Progressive,48,41.4,2.07151463205623
Branin-Fav,Progressive,48,41.5,2.07151463205623
Branin-Fav,Progressive,48,42.5,2.07151463205623
Branin-Fav,Progressive,48,42.6,2.07151463205623
Branin-Fav,Progressive,48,42.7,2.07151463205623
Branin-Fav,Progressive,48,42.8,2.07151463205623
Branin-Fav,Progressive,48,42.9,2.07151463205623
Branin-Fav,Progressive,48,43.0,2.07151463205623
Branin-Fav,Progressive,48,43.1,2.07151463205623
Branin-Fav,Progressive,48,43.2,2.07151463205623
Branin-Fav,Progressive,48,43.3,2.07151463205623
Branin-Fav,Progressive,48,43.4,2.07151463205623
Branin-Fav,Progressive,48,43.5,2.07151463205623
Branin-Fav,Progressive,48,44.5,2.07151463205623
Branin-Fav,Progressive,48,44.6,2.07151463205623
Branin-Fav,Progressive,48,44.7,2.07151463205623
Branin-Fav,Progressive,48,44.8,2.07151463205623
Branin-Fav,Progressive,48,44.9,2.07151463205623
Branin-Fav,Progressive,48,45.0,2.07151463205623
Branin-Fav,Progressive,48,45.1,2.07151463205623
Branin-Fav,Progressive,48,45.2,2.07151463205623
Branin-Fav,Progressive,48,45.3,2.07151463205623
Branin-Fav,Progressive,48,45.4,2.07151463205623
Branin-Fav,Progressive,48,45.5,2.07151463205623
Branin-Fav,Progressive,48,46.5,1.8455384964431327
Branin-Fav,Progressive,48,46.6,1.8455384964431327
Branin-Fav,Progressive,48,46.7,1.8455384964431327
Branin-Fav,Progressive,48,46.8,1.8455384964431327
Branin-Fav,Progressive,48,46.9,1.8455384964431327
Branin-Fav,Progressive,48,47.0,1.8455384964431327
Branin-Fav,Progressive,48,47.1,1.8455384964431327
Branin-Fav,Progressive,48,47.2,1.8455384964431327
Branin-Fav,Progressive,48,47.3,1.8455384964431327
Branin-Fav,Progressive,48,47.4,1.8455384964431327
Branin-Fav,Progressive,48,47.5,1.8455384964431327
Branin-Fav,Progressive,48,48.5,1.8455384964431327
Branin-Fav,Progressive,48,48.6,1.8455384964431327
Branin-Fav,Progressive,48,48.7,1.8455384964431327
Branin-Fav,Progressive,48,48.8,1.8455384964431327
Branin-Fav,Progressive,48,48.9,1.8455384964431327
Branin-Fav,Progressive,48,49.0,1.8455384964431327
Branin-Fav,Progressive,48,49.1,1.8455384964431327
Branin-Fav,Progressive,48,49.2,1.8455384964431327
Branin-Fav,Progressive,48,49.3,1.8455384964431327
Branin-Fav,Progressive,48,49.4,1.8455384964431327
Branin-Fav,Progressive,48,49.5,1.8455384964431327
Branin-Fav,Progressive,48,49.6,1.8455384964431327
Branin-Fav,Progressive,48,49.7,1.8455384964431327
Branin-Fav,Progressive,48,49.8,1.8455384964431327
Branin-Fav,Progressive,48,49.9,1.8455384964431327
Branin-Fav,Progressive,49,4.5,31.270055115730926
Branin-Fav,Progressive,49,4.6,31.270055115730926
Branin-Fav,Progressive,49,4.7,31.270055115730926
Branin-Fav,Progressive,49,4.8,31.270055115730926
Branin-Fav,Progressive,49,4.9,31.270055115730926
Branin-Fav,Progressive,49,5.0,31.270055115730926
Branin-Fav,Progressive,49,5.1,31.270055115730926
Branin-Fav,Progressive,49,5.2,31.270055115730926
Branin-Fav,Progressive,49,5.3,31.270055115730926
Branin-Fav,Progressive,49,5.4,31.270055115730926
Branin-Fav,Progressive,49,5.5,31.270055115730926
Branin-Fav,Progressive,49,6.5,10.01770817100861
Branin-Fav,Progressive,49,6.6,10.01770817100861
Branin-Fav,Progressive,49,6.7,10.01770817100861
Branin-Fav,Progressive,49,6.8,10.01770817100861
Branin-Fav,Progressive,49,6.9,10.01770817100861
Branin-Fav,Progressive,49,7.0,10.01770817100861
Branin-Fav,Progressive,49,7.1,10.01770817100861
Branin-Fav,Progressive,49,7.2,10.01770817100861
Branin-Fav,Progressive,49,7.3,10.01770817100861
Branin-Fav,Progressive,49,7.4,10.01770817100861
Branin-Fav,Progressive,49,7.5,10.01770817100861
Branin-Fav,Progressive,49,8.5,10.01770817100861
Branin-Fav,Progressive,49,8.6,10.01770817100861
Branin-Fav,Progressive,49,8.7,10.01770817100861
Branin-Fav,Progressive,49,8.8,10.01770817100861
Branin-Fav,Progressive,49,8.9,10.01770817100861
Branin-Fav,Progressive,49,9.0,10.01770817100861
Branin-Fav,Progressive,49,9.1,10.01770817100861
Branin-Fav,Progressive,49,9.2,10.01770817100861
Branin-Fav,Progressive,49,9.3,10.01770817100861
Branin-Fav,Progressive,49,9.4,10.01770817100861
Branin-Fav,Progressive,49,9.5,10.01770817100861
Branin-Fav,Progressive,49,10.5,10.01770817100861
Branin-Fav,Progressive,49,10.6,10.01770817100861
Branin-Fav,Progressive,49,10.7,10.01770817100861
Branin-Fav,Progressive,49,10.8,10.01770817100861
Branin-Fav,Progressive,49,10.9,10.01770817100861
Branin-Fav,Progressive,49,11.0,10.01770817100861
Branin-Fav,Progressive,49,11.1,10.01770817100861
Branin-Fav,Progressive,49,11.2,10.01770817100861
Branin-Fav,Progressive,49,11.3,10.01770817100861
Branin-Fav,Progressive,49,11.4,10.01770817100861
Branin-Fav,Progressive,49,11.5,10.01770817100861
Branin-Fav,Progressive,49,12.5,4.701592156845532
Branin-Fav,Progressive,49,12.6,4.701592156845532
Branin-Fav,Progressive,49,12.7,4.701592156845532
Branin-Fav,Progressive,49,12.8,4.701592156845532
Branin-Fav,Progressive,49,12.9,4.701592156845532
Branin-Fav,Progressive,49,13.0,4.701592156845532
Branin-Fav,Progressive,49,13.1,4.701592156845532
Branin-Fav,Progressive,49,13.2,4.701592156845532
Branin-Fav,Progressive,49,13.3,4.701592156845532
Branin-Fav,Progressive,49,13.4,4.701592156845532
Branin-Fav,Progressive,49,13.5,4.701592156845532
Branin-Fav,Progressive,49,14.5,1.5420431114730864
Branin-Fav,Progressive,49,14.6,1.5420431114730864
Branin-Fav,Progressive,49,14.7,1.5420431114730864
Branin-Fav,Progressive,49,14.8,1.5420431114730864
Branin-Fav,Progressive,49,14.9,1.5420431114730864
Branin-Fav,Progressive,49,15.0,1.5420431114730864
Branin-Fav,Progressive,49,15.1,1.5420431114730864
Branin-Fav,Progressive,49,15.2,1.5420431114730864
Branin-Fav,Progressive,49,15.3,1.5420431114730864
Branin-Fav,Progressive,49,15.4,1.5420431114730864
Branin-Fav,Progressive,49,15.5,1.5420431114730864
Branin-Fav,Progressive,49,16.5,1.5420431114730864
Branin-Fav,Progressive,49,16.6,1.5420431114730864
Branin-Fav,Progressive,49,16.7,1.5420431114730864
Branin-Fav,Progressive,49,16.8,1.5420431114730864
Branin-Fav,Progressive,49,16.9,1.5420431114730864
Branin-Fav,Progressive,49,17.0,1.5420431114730864
Branin-Fav,Progressive,49,17.1,1.5420431114730864
Branin-Fav,Progressive,49,17.2,1.5420431114730864
Branin-Fav,Progressive,49,17.3,1.5420431114730864
Branin-Fav,Progressive,49,17.4,1.5420431114730864
Branin-Fav,Progressive,49,17.5,1.5420431114730864
Branin-Fav,Progressive,49,18.5,1.5420431114730864
Branin-Fav,Progressive,49,18.6,1.5420431114730864
Branin-Fav,Progressive,49,18.7,1.5420431114730864
Branin-Fav,Progressive,49,18.8,1.5420431114730864
Branin-Fav,Progressive,49,18.9,1.5420431114730864
Branin-Fav,Progressive,49,19.0,1.5420431114730864
Branin-Fav,Progressive,49,19.1,1.5420431114730864
Branin-Fav,Progressive,49,19.2,1.5420431114730864
Branin-Fav,Progressive,49,19.3,1.5420431114730864
Branin-Fav,Progressive,49,19.4,1.5420431114730864
Branin-Fav,Progressive,49,19.5,1.5420431114730864
Branin-Fav,Progressive,49,20.5,1.5420431114730864
Branin-Fav,Progressive,49,20.6,1.5420431114730864
Branin-Fav,Progressive,49,20.7,1.5420431114730864
Branin-Fav,Progressive,49,20.8,1.5420431114730864
Branin-Fav,Progressive,49,20.9,1.5420431114730864
Branin-Fav,Progressive,49,21.0,1.5420431114730864
Branin-Fav,Progressive,49,21.1,1.5420431114730864
Branin-Fav,Progressive,49,21.2,1.5420431114730864
Branin-Fav,Progressive,49,21.3,1.5420431114730864
Branin-Fav,Progressive,49,21.4,1.5420431114730864
Branin-Fav,Progressive,49,21.5,1.5420431114730864
Branin-Fav,Progressive,49,22.5,1.5420431114730864
Branin-Fav,Progressive,49,22.6,1.5420431114730864
Branin-Fav,Progressive,49,22.7,1.5420431114730864
Branin-Fav,Progressive,49,22.8,1.5420431114730864
Branin-Fav,Progressive,49,22.9,1.5420431114730864
Branin-Fav,Progressive,49,23.0,1.5420431114730864
Branin-Fav,Progressive,49,23.1,1.5420431114730864
Branin-Fav,Progressive,49,23.2,1.5420431114730864
Branin-Fav,Progressive,49,23.3,1.5420431114730864
Branin-Fav,Progressive,49,23.4,1.5420431114730864
Branin-Fav,Progressive,49,23.5,1.5420431114730864
Branin-Fav,Progressive,49,24.5,1.5420431114730864
Branin-Fav,Progressive,49,24.6,1.5420431114730864
Branin-Fav,Progressive,49,24.7,1.5420431114730864
Branin-Fav,Progressive,49,24.8,1.5420431114730864
Branin-Fav,Progressive,49,24.9,1.5420431114730864
Branin-Fav,Progressive,49,25.0,1.5420431114730864
Branin-Fav,Progressive,49,25.1,1.5420431114730864
Branin-Fav,Progressive,49,25.2,1.5420431114730864
Branin-Fav,Progressive,49,25.3,1.5420431114730864
Branin-Fav,Progressive,49,25.4,1.5420431114730864
Branin-Fav,Progressive,49,25.5,1.5420431114730864
Branin-Fav,Progressive,49,26.5,1.5420431114730864
Branin-Fav,Progressive,49,26.6,1.5420431114730864
Branin-Fav,Progressive,49,26.7,1.5420431114730864
Branin-Fav,Progressive,49,26.8,1.5420431114730864
Branin-Fav,Progressive,49,26.9,1.5420431114730864
Branin-Fav,Progressive,49,27.0,1.5420431114730864
Branin-Fav,Progressive,49,27.1,1.5420431114730864
Branin-Fav,Progressive,49,27.2,1.5420431114730864
Branin-Fav,Progressive,49,27.3,1.5420431114730864
Branin-Fav,Progressive,49,27.4,1.5420431114730864
Branin-Fav,Progressive,49,27.5,1.5420431114730864
Branin-Fav,Progressive,49,28.5,1.5420431114730864
Branin-Fav,Progressive,49,28.6,1.5420431114730864
Branin-Fav,Progressive,49,28.7,1.5420431114730864
Branin-Fav,Progressive,49,28.8,1.5420431114730864
Branin-Fav,Progressive,49,28.9,1.5420431114730864
Branin-Fav,Progressive,49,29.0,1.5420431114730864
Branin-Fav,Progressive,49,29.1,1.5420431114730864
Branin-Fav,Progressive,49,29.2,1.5420431114730864
Branin-Fav,Progressive,49,29.3,1.5420431114730864
Branin-Fav,Progressive,49,29.4,1.5420431114730864
Branin-Fav,Progressive,49,29.5,1.5420431114730864
Branin-Fav,Progressive,49,30.5,1.1039132572873882
Branin-Fav,Progressive,49,30.6,1.1039132572873882
Branin-Fav,Progressive,49,30.7,1.1039132572873882
Branin-Fav,Progressive,49,30.8,1.1039132572873882
Branin-Fav,Progressive,49,30.9,1.1039132572873882
Branin-Fav,Progressive,49,31.0,1.1039132572873882
Branin-Fav,Progressive,49,31.1,1.1039132572873882
Branin-Fav,Progressive,49,31.2,1.1039132572873882
Branin-Fav,Progressive,49,31.3,1.1039132572873882
Branin-Fav,Progressive,49,31.4,1.1039132572873882
Branin-Fav,Progressive,49,31.5,1.1039132572873882
Branin-Fav,Progressive,49,32.5,0.6621478693184315
Branin-Fav,Progressive,49,32.6,0.6621478693184315
Branin-Fav,Progressive,49,32.7,0.6621478693184315
Branin-Fav,Progressive,49,32.8,0.6621478693184315
Branin-Fav,Progressive,49,32.9,0.6621478693184315
Branin-Fav,Progressive,49,33.0,0.6621478693184315
Branin-Fav,Progressive,49,33.1,0.6621478693184315
Branin-Fav,Progressive,49,33.2,0.6621478693184315
Branin-Fav,Progressive,49,33.3,0.6621478693184315
Branin-Fav,Progressive,49,33.4,0.6621478693184315
Branin-Fav,Progressive,49,33.5,0.6621478693184315
Branin-Fav,Progressive,49,34.5,0.6621478693184315
Branin-Fav,Progressive,49,34.6,0.6621478693184315
Branin-Fav,Progressive,49,34.7,0.6621478693184315
Branin-Fav,Progressive,49,34.8,0.6621478693184315
Branin-Fav,Progressive,49,34.9,0.6621478693184315
Branin-Fav,Progressive,49,35.0,0.6621478693184315
Branin-Fav,Progressive,49,35.1,0.6621478693184315
Branin-Fav,Progressive,49,35.2,0.6621478693184315
Branin-Fav,Progressive,49,35.3,0.6621478693184315
Branin-Fav,Progressive,49,35.4,0.6621478693184315
Branin-Fav,Progressive,49,35.5,0.6621478693184315
Branin-Fav,Progressive,49,36.5,0.6621478693184315
Branin-Fav,Progressive,49,36.6,0.6621478693184315
Branin-Fav,Progressive,49,36.7,0.6621478693184315
Branin-Fav,Progressive,49,36.8,0.6621478693184315
Branin-Fav,Progressive,49,36.9,0.6621478693184315
Branin-Fav,Progressive,49,37.0,0.6621478693184315
Branin-Fav,Progressive,49,37.1,0.6621478693184315
Branin-Fav,Progressive,49,37.2,0.6621478693184315
Branin-Fav,Progressive,49,37.3,0.6621478693184315
Branin-Fav,Progressive,49,37.4,0.6621478693184315
Branin-Fav,Progressive,49,37.5,0.6621478693184315
Branin-Fav,Progressive,49,38.5,0.6621478693184315
Branin-Fav,Progressive,49,38.6,0.6621478693184315
Branin-Fav,Progressive,49,38.7,0.6621478693184315
Branin-Fav,Progressive,49,38.8,0.6621478693184315
Branin-Fav,Progressive,49,38.9,0.6621478693184315
Branin-Fav,Progressive,49,39.0,0.6621478693184315
Branin-Fav,Progressive,49,39.1,0.6621478693184315
Branin-Fav,Progressive,49,39.2,0.6621478693184315
Branin-Fav,Progressive,49,39.3,0.6621478693184315
Branin-Fav,Progressive,49,39.4,0.6621478693184315
Branin-Fav,Progressive,49,39.5,0.6621478693184315
Branin-Fav,Progressive,49,40.5,0.6621478693184315
Branin-Fav,Progressive,49,40.6,0.6621478693184315
Branin-Fav,Progressive,49,40.7,0.6621478693184315
Branin-Fav,Progressive,49,40.8,0.6621478693184315
Branin-Fav,Progressive,49,40.9,0.6621478693184315
Branin-Fav,Progressive,49,41.0,0.6621478693184315
Branin-Fav,Progressive,49,41.1,0.6621478693184315
Branin-Fav,Progressive,49,41.2,0.6621478693184315
Branin-Fav,Progressive,49,41.3,0.6621478693184315
Branin-Fav,Progressive,49,41.4,0.6621478693184315
Branin-Fav,Progressive,49,41.5,0.6621478693184315
Branin-Fav,Progressive,49,42.5,0.4078043888879996
Branin-Fav,Progressive,49,42.6,0.4078043888879996
Branin-Fav,Progressive,49,42.7,0.4078043888879996
Branin-Fav,Progressive,49,42.8,0.4078043888879996
Branin-Fav,Progressive,49,42.9,0.4078043888879996
Branin-Fav,Progressive,49,43.0,0.4078043888879996
Branin-Fav,Progressive,49,43.1,0.4078043888879996
Branin-Fav,Progressive,49,43.2,0.4078043888879996
Branin-Fav,Progressive,49,43.3,0.4078043888879996
Branin-Fav,Progressive,49,43.4,0.4078043888879996
Branin-Fav,Progressive,49,43.5,0.4078043888879996
Branin-Fav,Progressive,49,44.5,0.4078043888879996
Branin-Fav,Progressive,49,44.6,0.4078043888879996
Branin-Fav,Progressive,49,44.7,0.4078043888879996
Branin-Fav,Progressive,49,44.8,0.4078043888879996
Branin-Fav,Progressive,49,44.9,0.4078043888879996
Branin-Fav,Progressive,49,45.0,0.4078043888879996
Branin-Fav,Progressive,49,45.1,0.4078043888879996
Branin-Fav,Progressive,49,45.2,0.4078043888879996
Branin-Fav,Progressive,49,45.3,0.4078043888879996
Branin-Fav,Progressive,49,45.4,0.4078043888879996
Branin-Fav,Progressive,49,45.5,0.4078043888879996
Branin-Fav,Progressive,49,46.5,0.4078043888879996
Branin-Fav,Progressive,49,46.6,0.4078043888879996
Branin-Fav,Progressive,49,46.7,0.4078043888879996
Branin-Fav,Progressive,49,46.8,0.4078043888879996
Branin-Fav,Progressive,49,46.9,0.4078043888879996
Branin-Fav,Progressive,49,47.0,0.4078043888879996
Branin-Fav,Progressive,49,47.1,0.4078043888879996
Branin-Fav,Progressive,49,47.2,0.4078043888879996
Branin-Fav,Progressive,49,47.3,0.4078043888879996
Branin-Fav,Progressive,49,47.4,0.4078043888879996
Branin-Fav,Progressive,49,47.5,0.4078043888879996
Branin-Fav,Progressive,49,48.5,0.3408828159960926
Branin-Fav,Progressive,49,48.6,0.3408828159960926
Branin-Fav,Progressive,49,48.7,0.3408828159960926
Branin-Fav,Progressive,49,48.8,0.3408828159960926
Branin-Fav,Progressive,49,48.9,0.3408828159960926
Branin-Fav,Progressive,49,49.0,0.3408828159960926
Branin-Fav,Progressive,49,49.1,0.3408828159960926
Branin-Fav,Progressive,49,49.2,0.3408828159960926
Branin-Fav,Progressive,49,49.3,0.3408828159960926
Branin-Fav,Progressive,49,49.4,0.3408828159960926
Branin-Fav,Progressive,49,49.5,0.3408828159960926
Branin-Fav,Progressive,49,49.6,0.3408828159960926
Branin-Fav,Progressive,49,49.7,0.3408828159960926
Branin-Fav,Progressive,49,49.8,0.3408828159960926
Branin-Fav,Progressive,49,49.9,0.3408828159960926
Branin-Fav,Progressive,50,4.5,62.912846111745296
Branin-Fav,Progressive,50,4.6,62.912846111745296
Branin-Fav,Progressive,50,4.7,62.912846111745296
Branin-Fav,Progressive,50,4.8,62.912846111745296
Branin-Fav,Progressive,50,4.9,62.912846111745296
Branin-Fav,Progressive,50,5.0,62.912846111745296
Branin-Fav,Progressive,50,5.1,62.912846111745296
Branin-Fav,Progressive,50,5.2,62.912846111745296
Branin-Fav,Progressive,50,5.3,62.912846111745296
Branin-Fav,Progressive,50,5.4,62.912846111745296
Branin-Fav,Progressive,50,5.5,62.912846111745296
Branin-Fav,Progressive,50,6.5,17.727394400081522
Branin-Fav,Progressive,50,6.6,17.727394400081522
Branin-Fav,Progressive,50,6.7,17.727394400081522
Branin-Fav,Progressive,50,6.8,17.727394400081522
Branin-Fav,Progressive,50,6.9,17.727394400081522
Branin-Fav,Progressive,50,7.0,17.727394400081522
Branin-Fav,Progressive,50,7.1,17.727394400081522
Branin-Fav,Progressive,50,7.2,17.727394400081522
Branin-Fav,Progressive,50,7.3,17.727394400081522
Branin-Fav,Progressive,50,7.4,17.727394400081522
Branin-Fav,Progressive,50,7.5,17.727394400081522
Branin-Fav,Progressive,50,8.5,17.727394400081522
Branin-Fav,Progressive,50,8.6,17.727394400081522
Branin-Fav,Progressive,50,8.7,17.727394400081522
Branin-Fav,Progressive,50,8.8,17.727394400081522
Branin-Fav,Progressive,50,8.9,17.727394400081522
Branin-Fav,Progressive,50,9.0,17.727394400081522
Branin-Fav,Progressive,50,9.1,17.727394400081522
Branin-Fav,Progressive,50,9.2,17.727394400081522
Branin-Fav,Progressive,50,9.3,17.727394400081522
Branin-Fav,Progressive,50,9.4,17.727394400081522
Branin-Fav,Progressive,50,9.5,17.727394400081522
Branin-Fav,Progressive,50,10.5,17.727394400081522
Branin-Fav,Progressive,50,10.6,17.727394400081522
Branin-Fav,Progressive,50,10.7,17.727394400081522
Branin-Fav,Progressive,50,10.8,17.727394400081522
Branin-Fav,Progressive,50,10.9,17.727394400081522
Branin-Fav,Progressive,50,11.0,17.727394400081522
Branin-Fav,Progressive,50,11.1,17.727394400081522
Branin-Fav,Progressive,50,11.2,17.727394400081522
Branin-Fav,Progressive,50,11.3,17.727394400081522
Branin-Fav,Progressive,50,11.4,17.727394400081522
Branin-Fav,Progressive,50,11.5,17.727394400081522
Branin-Fav,Progressive,50,12.5,17.121648199992478
Branin-Fav,Progressive,50,12.6,17.121648199992478
Branin-Fav,Progressive,50,12.7,17.121648199992478
Branin-Fav,Progressive,50,12.8,17.121648199992478
Branin-Fav,Progressive,50,12.9,17.121648199992478
Branin-Fav,Progressive,50,13.0,17.121648199992478
Branin-Fav,Progressive,50,13.1,17.121648199992478
Branin-Fav,Progressive,50,13.2,17.121648199992478
Branin-Fav,Progressive,50,13.3,17.121648199992478
Branin-Fav,Progressive,50,13.4,17.121648199992478
Branin-Fav,Progressive,50,13.5,17.121648199992478
Branin-Fav,Progressive,50,14.5,17.121648199992478
Branin-Fav,Progressive,50,14.6,17.121648199992478
Branin-Fav,Progressive,50,14.7,17.121648199992478
Branin-Fav,Progressive,50,14.8,17.121648199992478
Branin-Fav,Progressive,50,14.9,17.121648199992478
Branin-Fav,Progressive,50,15.0,17.121648199992478
Branin-Fav,Progressive,50,15.1,17.121648199992478
Branin-Fav,Progressive,50,15.2,17.121648199992478
Branin-Fav,Progressive,50,15.3,17.121648199992478
Branin-Fav,Progressive,50,15.4,17.121648199992478
Branin-Fav,Progressive,50,15.5,17.121648199992478
Branin-Fav,Progressive,50,16.5,17.121648199992478
Branin-Fav,Progressive,50,16.6,17.121648199992478
Branin-Fav,Progressive,50,16.7,17.121648199992478
Branin-Fav,Progressive,50,16.8,17.121648199992478
Branin-Fav,Progressive,50,16.9,17.121648199992478
Branin-Fav,Progressive,50,17.0,17.121648199992478
Branin-Fav,Progressive,50,17.1,17.121648199992478
Branin-Fav,Progressive,50,17.2,17.121648199992478
Branin-Fav,Progressive,50,17.3,17.121648199992478
Branin-Fav,Progressive,50,17.4,17.121648199992478
Branin-Fav,Progressive,50,17.5,17.121648199992478
Branin-Fav,Progressive,50,18.5,10.556396337864344
Branin-Fav,Progressive,50,18.6,10.556396337864344
Branin-Fav,Progressive,50,18.7,10.556396337864344
Branin-Fav,Progressive,50,18.8,10.556396337864344
Branin-Fav,Progressive,50,18.9,10.556396337864344
Branin-Fav,Progressive,50,19.0,10.556396337864344
Branin-Fav,Progressive,50,19.1,10.556396337864344
Branin-Fav,Progressive,50,19.2,10.556396337864344
Branin-Fav,Progressive,50,19.3,10.556396337864344
Branin-Fav,Progressive,50,19.4,10.556396337864344
Branin-Fav,Progressive,50,19.5,10.556396337864344
Branin-Fav,Progressive,50,20.5,9.28583729300003
Branin-Fav,Progressive,50,20.6,9.28583729300003
Branin-Fav,Progressive,50,20.7,9.28583729300003
Branin-Fav,Progressive,50,20.8,9.28583729300003
Branin-Fav,Progressive,50,20.9,9.28583729300003
Branin-Fav,Progressive,50,21.0,9.28583729300003
Branin-Fav,Progressive,50,21.1,9.28583729300003
Branin-Fav,Progressive,50,21.2,9.28583729300003
Branin-Fav,Progressive,50,21.3,9.28583729300003
Branin-Fav,Progressive,50,21.4,9.28583729300003
Branin-Fav,Progressive,50,21.5,9.28583729300003
Branin-Fav,Progressive,50,22.5,5.9728540902918255
Branin-Fav,Progressive,50,22.6,5.9728540902918255
Branin-Fav,Progressive,50,22.7,5.9728540902918255
Branin-Fav,Progressive,50,22.8,5.9728540902918255
Branin-Fav,Progressive,50,22.9,5.9728540902918255
Branin-Fav,Progressive,50,23.0,5.9728540902918255
Branin-Fav,Progressive,50,23.1,5.9728540902918255
Branin-Fav,Progressive,50,23.2,5.9728540902918255
Branin-Fav,Progressive,50,23.3,5.9728540902918255
Branin-Fav,Progressive,50,23.4,5.9728540902918255
Branin-Fav,Progressive,50,23.5,5.9728540902918255
Branin-Fav,Progressive,50,24.5,5.396536248624538
Branin-Fav,Progressive,50,24.6,5.396536248624538
Branin-Fav,Progressive,50,24.7,5.396536248624538
Branin-Fav,Progressive,50,24.8,5.396536248624538
Branin-Fav,Progressive,50,24.9,5.396536248624538
Branin-Fav,Progressive,50,25.0,5.396536248624538
Branin-Fav,Progressive,50,25.1,5.396536248624538
Branin-Fav,Progressive,50,25.2,5.396536248624538
Branin-Fav,Progressive,50,25.3,5.396536248624538
Branin-Fav,Progressive,50,25.4,5.396536248624538
Branin-Fav,Progressive,50,25.5,5.396536248624538
Branin-Fav,Progressive,50,26.5,5.396536248624538
Branin-Fav,Progressive,50,26.6,5.396536248624538
Branin-Fav,Progressive,50,26.7,5.396536248624538
Branin-Fav,Progressive,50,26.8,5.396536248624538
Branin-Fav,Progressive,50,26.9,5.396536248624538
Branin-Fav,Progressive,50,27.0,5.396536248624538
Branin-Fav,Progressive,50,27.1,5.396536248624538
Branin-Fav,Progressive,50,27.2,5.396536248624538
Branin-Fav,Progressive,50,27.3,5.396536248624538
Branin-Fav,Progressive,50,27.4,5.396536248624538
Branin-Fav,Progressive,50,27.5,5.396536248624538
Branin-Fav,Progressive,50,28.5,5.396536248624538
Branin-Fav,Progressive,50,28.6,5.396536248624538
Branin-Fav,Progressive,50,28.7,5.396536248624538
Branin-Fav,Progressive,50,28.8,5.396536248624538
Branin-Fav,Progressive,50,28.9,5.396536248624538
Branin-Fav,Progressive,50,29.0,5.396536248624538
Branin-Fav,Progressive,50,29.1,5.396536248624538
Branin-Fav,Progressive,50,29.2,5.396536248624538
Branin-Fav,Progressive,50,29.3,5.396536248624538
Branin-Fav,Progressive,50,29.4,5.396536248624538
Branin-Fav,Progressive,50,29.5,5.396536248624538
Branin-Fav,Progressive,50,30.5,4.701592156845532
Branin-Fav,Progressive,50,30.6,4.701592156845532
Branin-Fav,Progressive,50,30.7,4.701592156845532
Branin-Fav,Progressive,50,30.8,4.701592156845532
Branin-Fav,Progressive,50,30.9,4.701592156845532
Branin-Fav,Progressive,50,31.0,4.701592156845532
Branin-Fav,Progressive,50,31.1,4.701592156845532
Branin-Fav,Progressive,50,31.2,4.701592156845532
Branin-Fav,Progressive,50,31.3,4.701592156845532
Branin-Fav,Progressive,50,31.4,4.701592156845532
Branin-Fav,Progressive,50,31.5,4.701592156845532
Branin-Fav,Progressive,50,32.5,4.701592156845532
Branin-Fav,Progressive,50,32.6,4.701592156845532
Branin-Fav,Progressive,50,32.7,4.701592156845532
Branin-Fav,Progressive,50,32.8,4.701592156845532
Branin-Fav,Progressive,50,32.9,4.701592156845532
Branin-Fav,Progressive,50,33.0,4.701592156845532
Branin-Fav,Progressive,50,33.1,4.701592156845532
Branin-Fav,Progressive,50,33.2,4.701592156845532
Branin-Fav,Progressive,50,33.3,4.701592156845532
Branin-Fav,Progressive,50,33.4,4.701592156845532
Branin-Fav,Progressive,50,33.5,4.701592156845532
Branin-Fav,Progressive,50,34.5,4.701592156845532
Branin-Fav,Progressive,50,34.6,4.701592156845532
Branin-Fav,Progressive,50,34.7,4.701592156845532
Branin-Fav,Progressive,50,34.8,4.701592156845532
Branin-Fav,Progressive,50,34.9,4.701592156845532
Branin-Fav,Progressive,50,35.0,4.701592156845532
Branin-Fav,Progressive,50,35.1,4.701592156845532
Branin-Fav,Progressive,50,35.2,4.701592156845532
Branin-Fav,Progressive,50,35.3,4.701592156845532
Branin-Fav,Progressive,50,35.4,4.701592156845532
Branin-Fav,Progressive,50,35.5,4.701592156845532
Branin-Fav,Progressive,50,36.5,4.701592156845532
Branin-Fav,Progressive,50,36.6,4.701592156845532
Branin-Fav,Progressive,50,36.7,4.701592156845532
Branin-Fav,Progressive,50,36.8,4.701592156845532
Branin-Fav,Progressive,50,36.9,4.701592156845532
Branin-Fav,Progressive,50,37.0,4.701592156845532
Branin-Fav,Progressive,50,37.1,4.701592156845532
Branin-Fav,Progressive,50,37.2,4.701592156845532
Branin-Fav,Progressive,50,37.3,4.701592156845532
Branin-Fav,Progressive,50,37.4,4.701592156845532
Branin-Fav,Progressive,50,37.5,4.701592156845532
Branin-Fav,Progressive,50,38.5,4.701592156845532
Branin-Fav,Progressive,50,38.6,4.701592156845532
Branin-Fav,Progressive,50,38.7,4.701592156845532
Branin-Fav,Progressive,50,38.8,4.701592156845532
Branin-Fav,Progressive,50,38.9,4.701592156845532
Branin-Fav,Progressive,50,39.0,4.701592156845532
Branin-Fav,Progressive,50,39.1,4.701592156845532
Branin-Fav,Progressive,50,39.2,4.701592156845532
Branin-Fav,Progressive,50,39.3,4.701592156845532
Branin-Fav,Progressive,50,39.4,4.701592156845532
Branin-Fav,Progressive,50,39.5,4.701592156845532
Branin-Fav,Progressive,50,40.5,4.5702706526205095
Branin-Fav,Progressive,50,40.6,4.5702706526205095
Branin-Fav,Progressive,50,40.7,4.5702706526205095
Branin-Fav,Progressive,50,40.8,4.5702706526205095
Branin-Fav,Progressive,50,40.9,4.5702706526205095
Branin-Fav,Progressive,50,41.0,4.5702706526205095
Branin-Fav,Progressive,50,41.1,4.5702706526205095
Branin-Fav,Progressive,50,41.2,4.5702706526205095
Branin-Fav,Progressive,50,41.3,4.5702706526205095
Branin-Fav,Progressive,50,41.4,4.5702706526205095
Branin-Fav,Progressive,50,41.5,4.5702706526205095
Branin-Fav,Progressive,50,42.5,4.142842528648427
Branin-Fav,Progressive,50,42.6,4.142842528648427
Branin-Fav,Progressive,50,42.7,4.142842528648427
Branin-Fav,Progressive,50,42.8,4.142842528648427
Branin-Fav,Progressive,50,42.9,4.142842528648427
Branin-Fav,Progressive,50,43.0,4.142842528648427
Branin-Fav,Progressive,50,43.1,4.142842528648427
Branin-Fav,Progressive,50,43.2,4.142842528648427
Branin-Fav,Progressive,50,43.3,4.142842528648427
Branin-Fav,Progressive,50,43.4,4.142842528648427
Branin-Fav,Progressive,50,43.5,4.142842528648427
Branin-Fav,Progressive,50,44.5,4.142842528648427
Branin-Fav,Progressive,50,44.6,4.142842528648427
Branin-Fav,Progressive,50,44.7,4.142842528648427
Branin-Fav,Progressive,50,44.8,4.142842528648427
Branin-Fav,Progressive,50,44.9,4.142842528648427
Branin-Fav,Progressive,50,45.0,4.142842528648427
Branin-Fav,Progressive,50,45.1,4.142842528648427
Branin-Fav,Progressive,50,45.2,4.142842528648427
Branin-Fav,Progressive,50,45.3,4.142842528648427
Branin-Fav,Progressive,50,45.4,4.142842528648427
Branin-Fav,Progressive,50,45.5,4.142842528648427
Branin-Fav,Progressive,50,46.5,3.706445880437144
Branin-Fav,Progressive,50,46.6,3.706445880437144
Branin-Fav,Progressive,50,46.7,3.706445880437144
Branin-Fav,Progressive,50,46.8,3.706445880437144
Branin-Fav,Progressive,50,46.9,3.706445880437144
Branin-Fav,Progressive,50,47.0,3.706445880437144
Branin-Fav,Progressive,50,47.1,3.706445880437144
Branin-Fav,Progressive,50,47.2,3.706445880437144
Branin-Fav,Progressive,50,47.3,3.706445880437144
Branin-Fav,Progressive,50,47.4,3.706445880437144
Branin-Fav,Progressive,50,47.5,3.706445880437144
Branin-Fav,Progressive,50,48.5,2.898721511567282
Branin-Fav,Progressive,50,48.6,2.898721511567282
Branin-Fav,Progressive,50,48.7,2.898721511567282
Branin-Fav,Progressive,50,48.8,2.898721511567282
Branin-Fav,Progressive,50,48.9,2.898721511567282
Branin-Fav,Progressive,50,49.0,2.898721511567282
Branin-Fav,Progressive,50,49.1,2.898721511567282
Branin-Fav,Progressive,50,49.2,2.898721511567282
Branin-Fav,Progressive,50,49.3,2.898721511567282
Branin-Fav,Progressive,50,49.4,2.898721511567282
Branin-Fav,Progressive,50,49.5,2.898721511567282
Branin-Fav,Progressive,50,49.6,2.898721511567282
Branin-Fav,Progressive,50,49.7,2.898721511567282
Branin-Fav,Progressive,50,49.8,2.898721511567282
Branin-Fav,Progressive,50,49.9,2.898721511567282
Branin-Fav,Progressive,51,4.5,5.414565532419525
Branin-Fav,Progressive,51,4.6,5.414565532419525
Branin-Fav,Progressive,51,4.7,5.414565532419525
Branin-Fav,Progressive,51,4.8,5.414565532419525
Branin-Fav,Progressive,51,4.9,5.414565532419525
Branin-Fav,Progressive,51,5.0,5.414565532419525
Branin-Fav,Progressive,51,5.1,5.414565532419525
Branin-Fav,Progressive,51,5.2,5.414565532419525
Branin-Fav,Progressive,51,5.3,5.414565532419525
Branin-Fav,Progressive,51,5.4,5.414565532419525
Branin-Fav,Progressive,51,5.5,5.414565532419525
Branin-Fav,Progressive,51,6.5,5.414565532419525
Branin-Fav,Progressive,51,6.6,5.414565532419525
Branin-Fav,Progressive,51,6.7,5.414565532419525
Branin-Fav,Progressive,51,6.8,5.414565532419525
Branin-Fav,Progressive,51,6.9,5.414565532419525
Branin-Fav,Progressive,51,7.0,5.414565532419525
Branin-Fav,Progressive,51,7.1,5.414565532419525
Branin-Fav,Progressive,51,7.2,5.414565532419525
Branin-Fav,Progressive,51,7.3,5.414565532419525
Branin-Fav,Progressive,51,7.4,5.414565532419525
Branin-Fav,Progressive,51,7.5,5.414565532419525
Branin-Fav,Progressive,51,8.5,5.414565532419525
Branin-Fav,Progressive,51,8.6,5.414565532419525
Branin-Fav,Progressive,51,8.7,5.414565532419525
Branin-Fav,Progressive,51,8.8,5.414565532419525
Branin-Fav,Progressive,51,8.9,5.414565532419525
Branin-Fav,Progressive,51,9.0,5.414565532419525
Branin-Fav,Progressive,51,9.1,5.414565532419525
Branin-Fav,Progressive,51,9.2,5.414565532419525
Branin-Fav,Progressive,51,9.3,5.414565532419525
Branin-Fav,Progressive,51,9.4,5.414565532419525
Branin-Fav,Progressive,51,9.5,5.414565532419525
Branin-Fav,Progressive,51,10.5,2.93815894916696
Branin-Fav,Progressive,51,10.6,2.93815894916696
Branin-Fav,Progressive,51,10.7,2.93815894916696
Branin-Fav,Progressive,51,10.8,2.93815894916696
Branin-Fav,Progressive,51,10.9,2.93815894916696
Branin-Fav,Progressive,51,11.0,2.93815894916696
Branin-Fav,Progressive,51,11.1,2.93815894916696
Branin-Fav,Progressive,51,11.2,2.93815894916696
Branin-Fav,Progressive,51,11.3,2.93815894916696
Branin-Fav,Progressive,51,11.4,2.93815894916696
Branin-Fav,Progressive,51,11.5,2.93815894916696
Branin-Fav,Progressive,51,12.5,2.93815894916696
Branin-Fav,Progressive,51,12.6,2.93815894916696
Branin-Fav,Progressive,51,12.7,2.93815894916696
Branin-Fav,Progressive,51,12.8,2.93815894916696
Branin-Fav,Progressive,51,12.9,2.93815894916696
Branin-Fav,Progressive,51,13.0,2.93815894916696
Branin-Fav,Progressive,51,13.1,2.93815894916696
Branin-Fav,Progressive,51,13.2,2.93815894916696
Branin-Fav,Progressive,51,13.3,2.93815894916696
Branin-Fav,Progressive,51,13.4,2.93815894916696
Branin-Fav,Progressive,51,13.5,2.93815894916696
Branin-Fav,Progressive,51,14.5,0.8989719841492736
Branin-Fav,Progressive,51,14.6,0.8989719841492736
Branin-Fav,Progressive,51,14.7,0.8989719841492736
Branin-Fav,Progressive,51,14.8,0.8989719841492736
Branin-Fav,Progressive,51,14.9,0.8989719841492736
Branin-Fav,Progressive,51,15.0,0.8989719841492736
Branin-Fav,Progressive,51,15.1,0.8989719841492736
Branin-Fav,Progressive,51,15.2,0.8989719841492736
Branin-Fav,Progressive,51,15.3,0.8989719841492736
Branin-Fav,Progressive,51,15.4,0.8989719841492736
Branin-Fav,Progressive,51,15.5,0.8989719841492736
Branin-Fav,Progressive,51,16.5,0.8989719841492736
Branin-Fav,Progressive,51,16.6,0.8989719841492736
Branin-Fav,Progressive,51,16.7,0.8989719841492736
Branin-Fav,Progressive,51,16.8,0.8989719841492736
Branin-Fav,Progressive,51,16.9,0.8989719841492736
Branin-Fav,Progressive,51,17.0,0.8989719841492736
Branin-Fav,Progressive,51,17.1,0.8989719841492736
Branin-Fav,Progressive,51,17.2,0.8989719841492736
Branin-Fav,Progressive,51,17.3,0.8989719841492736
Branin-Fav,Progressive,51,17.4,0.8989719841492736
Branin-Fav,Progressive,51,17.5,0.8989719841492736
Branin-Fav,Progressive,51,18.5,0.8989719841492736
Branin-Fav,Progressive,51,18.6,0.8989719841492736
Branin-Fav,Progressive,51,18.7,0.8989719841492736
Branin-Fav,Progressive,51,18.8,0.8989719841492736
Branin-Fav,Progressive,51,18.9,0.8989719841492736
Branin-Fav,Progressive,51,19.0,0.8989719841492736
Branin-Fav,Progressive,51,19.1,0.8989719841492736
Branin-Fav,Progressive,51,19.2,0.8989719841492736
Branin-Fav,Progressive,51,19.3,0.8989719841492736
Branin-Fav,Progressive,51,19.4,0.8989719841492736
Branin-Fav,Progressive,51,19.5,0.8989719841492736
Branin-Fav,Progressive,51,20.5,0.8989719841492736
Branin-Fav,Progressive,51,20.6,0.8989719841492736
Branin-Fav,Progressive,51,20.7,0.8989719841492736
Branin-Fav,Progressive,51,20.8,0.8989719841492736
Branin-Fav,Progressive,51,20.9,0.8989719841492736
Branin-Fav,Progressive,51,21.0,0.8989719841492736
Branin-Fav,Progressive,51,21.1,0.8989719841492736
Branin-Fav,Progressive,51,21.2,0.8989719841492736
Branin-Fav,Progressive,51,21.3,0.8989719841492736
Branin-Fav,Progressive,51,21.4,0.8989719841492736
Branin-Fav,Progressive,51,21.5,0.8989719841492736
Branin-Fav,Progressive,51,22.5,0.8989719841492736
Branin-Fav,Progressive,51,22.6,0.8989719841492736
Branin-Fav,Progressive,51,22.7,0.8989719841492736
Branin-Fav,Progressive,51,22.8,0.8989719841492736
Branin-Fav,Progressive,51,22.9,0.8989719841492736
Branin-Fav,Progressive,51,23.0,0.8989719841492736
Branin-Fav,Progressive,51,23.1,0.8989719841492736
Branin-Fav,Progressive,51,23.2,0.8989719841492736
Branin-Fav,Progressive,51,23.3,0.8989719841492736
Branin-Fav,Progressive,51,23.4,0.8989719841492736
Branin-Fav,Progressive,51,23.5,0.8989719841492736
Branin-Fav,Progressive,51,24.5,0.8989719841492736
Branin-Fav,Progressive,51,24.6,0.8989719841492736
Branin-Fav,Progressive,51,24.7,0.8989719841492736
Branin-Fav,Progressive,51,24.8,0.8989719841492736
Branin-Fav,Progressive,51,24.9,0.8989719841492736
Branin-Fav,Progressive,51,25.0,0.8989719841492736
Branin-Fav,Progressive,51,25.1,0.8989719841492736
Branin-Fav,Progressive,51,25.2,0.8989719841492736
Branin-Fav,Progressive,51,25.3,0.8989719841492736
Branin-Fav,Progressive,51,25.4,0.8989719841492736
Branin-Fav,Progressive,51,25.5,0.8989719841492736
Branin-Fav,Progressive,51,26.5,0.8989719841492736
Branin-Fav,Progressive,51,26.6,0.8989719841492736
Branin-Fav,Progressive,51,26.7,0.8989719841492736
Branin-Fav,Progressive,51,26.8,0.8989719841492736
Branin-Fav,Progressive,51,26.9,0.8989719841492736
Branin-Fav,Progressive,51,27.0,0.8989719841492736
Branin-Fav,Progressive,51,27.1,0.8989719841492736
Branin-Fav,Progressive,51,27.2,0.8989719841492736
Branin-Fav,Progressive,51,27.3,0.8989719841492736
Branin-Fav,Progressive,51,27.4,0.8989719841492736
Branin-Fav,Progressive,51,27.5,0.8989719841492736
Branin-Fav,Progressive,51,28.5,0.8989719841492736
Branin-Fav,Progressive,51,28.6,0.8989719841492736
Branin-Fav,Progressive,51,28.7,0.8989719841492736
Branin-Fav,Progressive,51,28.8,0.8989719841492736
Branin-Fav,Progressive,51,28.9,0.8989719841492736
Branin-Fav,Progressive,51,29.0,0.8989719841492736
Branin-Fav,Progressive,51,29.1,0.8989719841492736
Branin-Fav,Progressive,51,29.2,0.8989719841492736
Branin-Fav,Progressive,51,29.3,0.8989719841492736
Branin-Fav,Progressive,51,29.4,0.8989719841492736
Branin-Fav,Progressive,51,29.5,0.8989719841492736
Branin-Fav,Progressive,51,30.5,0.8989719841492736
Branin-Fav,Progressive,51,30.6,0.8989719841492736
Branin-Fav,Progressive,51,30.7,0.8989719841492736
Branin-Fav,Progressive,51,30.8,0.8989719841492736
Branin-Fav,Progressive,51,30.9,0.8989719841492736
Branin-Fav,Progressive,51,31.0,0.8989719841492736
Branin-Fav,Progressive,51,31.1,0.8989719841492736
Branin-Fav,Progressive,51,31.2,0.8989719841492736
Branin-Fav,Progressive,51,31.3,0.8989719841492736
Branin-Fav,Progressive,51,31.4,0.8989719841492736
Branin-Fav,Progressive,51,31.5,0.8989719841492736
Branin-Fav,Progressive,51,32.5,0.8989719841492736
Branin-Fav,Progressive,51,32.6,0.8989719841492736
Branin-Fav,Progressive,51,32.7,0.8989719841492736
Branin-Fav,Progressive,51,32.8,0.8989719841492736
Branin-Fav,Progressive,51,32.9,0.8989719841492736
Branin-Fav,Progressive,51,33.0,0.8989719841492736
Branin-Fav,Progressive,51,33.1,0.8989719841492736
Branin-Fav,Progressive,51,33.2,0.8989719841492736
Branin-Fav,Progressive,51,33.3,0.8989719841492736
Branin-Fav,Progressive,51,33.4,0.8989719841492736
Branin-Fav,Progressive,51,33.5,0.8989719841492736
Branin-Fav,Progressive,51,34.5,0.8989719841492736
Branin-Fav,Progressive,51,34.6,0.8989719841492736
Branin-Fav,Progressive,51,34.7,0.8989719841492736
Branin-Fav,Progressive,51,34.8,0.8989719841492736
Branin-Fav,Progressive,51,34.9,0.8989719841492736
Branin-Fav,Progressive,51,35.0,0.8989719841492736
Branin-Fav,Progressive,51,35.1,0.8989719841492736
Branin-Fav,Progressive,51,35.2,0.8989719841492736
Branin-Fav,Progressive,51,35.3,0.8989719841492736
Branin-Fav,Progressive,51,35.4,0.8989719841492736
Branin-Fav,Progressive,51,35.5,0.8989719841492736
Branin-Fav,Progressive,51,36.5,0.8989719841492736
Branin-Fav,Progressive,51,36.6,0.8989719841492736
Branin-Fav,Progressive,51,36.7,0.8989719841492736
Branin-Fav,Progressive,51,36.8,0.8989719841492736
Branin-Fav,Progressive,51,36.9,0.8989719841492736
Branin-Fav,Progressive,51,37.0,0.8989719841492736
Branin-Fav,Progressive,51,37.1,0.8989719841492736
Branin-Fav,Progressive,51,37.2,0.8989719841492736
Branin-Fav,Progressive,51,37.3,0.8989719841492736
Branin-Fav,Progressive,51,37.4,0.8989719841492736
Branin-Fav,Progressive,51,37.5,0.8989719841492736
Branin-Fav,Progressive,51,38.5,0.8989719841492736
Branin-Fav,Progressive,51,38.6,0.8989719841492736
Branin-Fav,Progressive,51,38.7,0.8989719841492736
Branin-Fav,Progressive,51,38.8,0.8989719841492736
Branin-Fav,Progressive,51,38.9,0.8989719841492736
Branin-Fav,Progressive,51,39.0,0.8989719841492736
Branin-Fav,Progressive,51,39.1,0.8989719841492736
Branin-Fav,Progressive,51,39.2,0.8989719841492736
Branin-Fav,Progressive,51,39.3,0.8989719841492736
Branin-Fav,Progressive,51,39.4,0.8989719841492736
Branin-Fav,Progressive,51,39.5,0.8989719841492736
Branin-Fav,Progressive,51,40.5,0.8989719841492736
Branin-Fav,Progressive,51,40.6,0.8989719841492736
Branin-Fav,Progressive,51,40.7,0.8989719841492736
Branin-Fav,Progressive,51,40.8,0.8989719841492736
Branin-Fav,Progressive,51,40.9,0.8989719841492736
Branin-Fav,Progressive,51,41.0,0.8989719841492736
Branin-Fav,Progressive,51,41.1,0.8989719841492736
Branin-Fav,Progressive,51,41.2,0.8989719841492736
Branin-Fav,Progressive,51,41.3,0.8989719841492736
Branin-Fav,Progressive,51,41.4,0.8989719841492736
Branin-Fav,Progressive,51,41.5,0.8989719841492736
Branin-Fav,Progressive,51,42.5,0.8989719841492736
Branin-Fav,Progressive,51,42.6,0.8989719841492736
Branin-Fav,Progressive,51,42.7,0.8989719841492736
Branin-Fav,Progressive,51,42.8,0.8989719841492736
Branin-Fav,Progressive,51,42.9,0.8989719841492736
Branin-Fav,Progressive,51,43.0,0.8989719841492736
Branin-Fav,Progressive,51,43.1,0.8989719841492736
Branin-Fav,Progressive,51,43.2,0.8989719841492736
Branin-Fav,Progressive,51,43.3,0.8989719841492736
Branin-Fav,Progressive,51,43.4,0.8989719841492736
Branin-Fav,Progressive,51,43.5,0.8989719841492736
Branin-Fav,Progressive,51,44.5,0.8989719841492736
Branin-Fav,Progressive,51,44.6,0.8989719841492736
Branin-Fav,Progressive,51,44.7,0.8989719841492736
Branin-Fav,Progressive,51,44.8,0.8989719841492736
Branin-Fav,Progressive,51,44.9,0.8989719841492736
Branin-Fav,Progressive,51,45.0,0.8989719841492736
Branin-Fav,Progressive,51,45.1,0.8989719841492736
Branin-Fav,Progressive,51,45.2,0.8989719841492736
Branin-Fav,Progressive,51,45.3,0.8989719841492736
Branin-Fav,Progressive,51,45.4,0.8989719841492736
Branin-Fav,Progressive,51,45.5,0.8989719841492736
Branin-Fav,Progressive,51,46.5,0.2639537746364127
Branin-Fav,Progressive,51,46.6,0.2639537746364127
Branin-Fav,Progressive,51,46.7,0.2639537746364127
Branin-Fav,Progressive,51,46.8,0.2639537746364127
Branin-Fav,Progressive,51,46.9,0.2639537746364127
Branin-Fav,Progressive,51,47.0,0.2639537746364127
Branin-Fav,Progressive,51,47.1,0.2639537746364127
Branin-Fav,Progressive,51,47.2,0.2639537746364127
Branin-Fav,Progressive,51,47.3,0.2639537746364127
Branin-Fav,Progressive,51,47.4,0.2639537746364127
Branin-Fav,Progressive,51,47.5,0.2639537746364127
Branin-Fav,Progressive,51,48.5,0.2639537746364127
Branin-Fav,Progressive,51,48.6,0.2639537746364127
Branin-Fav,Progressive,51,48.7,0.2639537746364127
Branin-Fav,Progressive,51,48.8,0.2639537746364127
Branin-Fav,Progressive,51,48.9,0.2639537746364127
Branin-Fav,Progressive,51,49.0,0.2639537746364127
Branin-Fav,Progressive,51,49.1,0.2639537746364127
Branin-Fav,Progressive,51,49.2,0.2639537746364127
Branin-Fav,Progressive,51,49.3,0.2639537746364127
Branin-Fav,Progressive,51,49.4,0.2639537746364127
Branin-Fav,Progressive,51,49.5,0.2639537746364127
Branin-Fav,Progressive,51,49.6,0.2639537746364127
Branin-Fav,Progressive,51,49.7,0.2639537746364127
Branin-Fav,Progressive,51,49.8,0.2639537746364127
Branin-Fav,Progressive,51,49.9,0.2639537746364127
