benchmark,model,seed,budget,regret
COFs,NARGP,42,3.495,15.411634978620436
COFs,NARGP,42,3.56,15.411634978620436
COFs,NARGP,42,3.625,15.411634978620436
COFs,NARGP,42,3.69,15.411634978620436
COFs,NARGP,42,3.755,15.411634978620436
COFs,NARGP,42,3.82,15.411634978620436
COFs,NARGP,42,3.885,15.411634978620436
COFs,NARGP,42,3.95,15.411634978620436
COFs,NARGP,42,4.015,15.411634978620436
COFs,NARGP,42,4.08,15.411634978620436
COFs,NARGP,42,4.145,15.411634978620436
COFs,NARGP,42,4.21,15.411634978620436
COFs,NARGP,42,4.275,15.411634978620436
COFs,NARGP,42,4.34,15.411634978620436
COFs,NARGP,42,4.405,15.411634978620436
COFs,NARGP,42,4.47,15.411634978620436
COFs,NARGP,42,5.47,14.89594214837237
COFs,NARGP,42,5.535,14.89594214837237
COFs,NARGP,42,5.6,14.89594214837237
COFs,NARGP,42,5.665,14.89594214837237
COFs,NARGP,42,5.73,14.89594214837237
COFs,NARGP,42,5.795,14.89594214837237
COFs,NARGP,42,5.86,14.89594214837237
COFs,NARGP,42,5.925,14.89594214837237
COFs,NARGP,42,5.99,14.89594214837237
COFs,NARGP,42,6.055,14.89594214837237
COFs,NARGP,42,6.12,14.89594214837237
COFs,NARGP,42,6.185,14.89594214837237
COFs,NARGP,42,6.25,14.89594214837237
COFs,NARGP,42,6.315,14.89594214837237
COFs,NARGP,42,6.38,14.89594214837237
COFs,NARGP,42,6.445,14.89594214837237
COFs,NARGP,42,7.445,14.89594214837237
COFs,NARGP,42,7.51,14.89594214837237
COFs,NARGP,42,7.575,14.89594214837237
COFs,NARGP,42,7.64,14.89594214837237
COFs,NARGP,42,7.705,14.89594214837237
COFs,NARGP,42,7.77,14.89594214837237
COFs,NARGP,42,7.835,14.89594214837237
COFs,NARGP,42,7.9,14.89594214837237
COFs,NARGP,42,7.965,14.89594214837237
COFs,NARGP,42,8.03,14.89594214837237
COFs,NARGP,42,8.095,14.89594214837237
COFs,NARGP,42,8.16,14.89594214837237
COFs,NARGP,42,8.225,14.89594214837237
COFs,NARGP,42,8.29,14.89594214837237
COFs,NARGP,42,8.355,14.89594214837237
COFs,NARGP,42,8.42,14.89594214837237
COFs,NARGP,42,9.42,14.361055693751313
COFs,NARGP,42,9.485,14.361055693751313
COFs,NARGP,42,9.55,14.361055693751313
COFs,NARGP,42,9.615,14.361055693751313
COFs,NARGP,42,9.68,14.361055693751313
COFs,NARGP,42,9.745,14.361055693751313
COFs,NARGP,42,9.81,14.361055693751313
COFs,NARGP,42,9.875,14.361055693751313
COFs,NARGP,42,9.94,14.361055693751313
COFs,NARGP,42,10.005,14.361055693751313
COFs,NARGP,42,10.07,14.361055693751313
COFs,NARGP,42,10.135,14.361055693751313
COFs,NARGP,42,10.2,14.361055693751313
COFs,NARGP,42,10.265,14.361055693751313
COFs,NARGP,42,10.33,14.361055693751313
COFs,NARGP,42,10.395,14.361055693751313
COFs,NARGP,42,11.395,14.361055693751313
COFs,NARGP,42,11.46,14.361055693751313
COFs,NARGP,42,11.525,14.361055693751313
COFs,NARGP,42,11.59,14.361055693751313
COFs,NARGP,42,11.655,14.361055693751313
COFs,NARGP,42,11.72,14.361055693751313
COFs,NARGP,42,11.785,14.361055693751313
COFs,NARGP,42,11.85,14.361055693751313
COFs,NARGP,42,11.915,14.361055693751313
COFs,NARGP,42,11.98,14.361055693751313
COFs,NARGP,42,12.045,14.361055693751313
COFs,NARGP,42,12.11,14.361055693751313
COFs,NARGP,42,12.175,14.361055693751313
COFs,NARGP,42,12.24,14.361055693751313
COFs,NARGP,42,12.305,14.361055693751313
COFs,NARGP,42,12.37,14.361055693751313
COFs,NARGP,42,13.37,14.361055693751313
COFs,NARGP,42,13.435,14.361055693751313
COFs,NARGP,42,13.5,14.361055693751313
COFs,NARGP,42,13.565,14.361055693751313
COFs,NARGP,42,13.63,14.361055693751313
COFs,NARGP,42,13.695,14.361055693751313
COFs,NARGP,42,13.76,14.361055693751313
COFs,NARGP,42,13.825,14.361055693751313
COFs,NARGP,42,13.89,14.361055693751313
COFs,NARGP,42,13.955,14.361055693751313
COFs,NARGP,42,14.02,14.361055693751313
COFs,NARGP,42,14.085,14.361055693751313
COFs,NARGP,42,14.15,14.361055693751313
COFs,NARGP,42,14.215,14.361055693751313
COFs,NARGP,42,14.28,14.361055693751313
COFs,NARGP,42,14.345,14.361055693751313
COFs,NARGP,42,15.345,14.361055693751313
COFs,NARGP,42,15.41,14.361055693751313
COFs,NARGP,42,15.475,14.361055693751313
COFs,NARGP,42,15.54,14.361055693751313
COFs,NARGP,42,15.605,14.361055693751313
COFs,NARGP,42,15.67,14.361055693751313
COFs,NARGP,42,15.735,14.361055693751313
COFs,NARGP,42,15.8,14.361055693751313
COFs,NARGP,42,15.865,14.361055693751313
COFs,NARGP,42,15.93,14.361055693751313
COFs,NARGP,42,15.995,14.361055693751313
COFs,NARGP,42,16.06,14.361055693751313
COFs,NARGP,42,16.125,14.361055693751313
COFs,NARGP,42,16.19,14.361055693751313
COFs,NARGP,42,16.255,14.361055693751313
COFs,NARGP,42,16.32,14.361055693751313
COFs,NARGP,42,17.32,14.361055693751313
COFs,NARGP,42,17.385,14.361055693751313
COFs,NARGP,42,17.45,14.361055693751313
COFs,NARGP,42,17.515,14.361055693751313
COFs,NARGP,42,17.58,14.361055693751313
COFs,NARGP,42,17.645,14.361055693751313
COFs,NARGP,42,17.71,14.361055693751313
COFs,NARGP,42,17.775,14.361055693751313
COFs,NARGP,42,17.84,14.361055693751313
COFs,NARGP,42,17.905,14.361055693751313
COFs,NARGP,42,17.97,14.361055693751313
COFs,NARGP,42,18.035,14.361055693751313
COFs,NARGP,42,18.1,14.361055693751313
COFs,NARGP,42,18.165,14.361055693751313
COFs,NARGP,42,18.23,14.361055693751313
COFs,NARGP,42,18.295,14.361055693751313
COFs,NARGP,42,19.295,14.361055693751313
COFs,NARGP,42,19.36,14.361055693751313
COFs,NARGP,42,19.425,14.361055693751313
COFs,NARGP,42,19.49,14.361055693751313
COFs,NARGP,42,19.555,14.361055693751313
COFs,NARGP,42,19.62,14.361055693751313
COFs,NARGP,42,19.685,14.361055693751313
COFs,NARGP,42,19.75,14.361055693751313
COFs,NARGP,42,19.815,14.361055693751313
COFs,NARGP,42,19.88,14.361055693751313
COFs,NARGP,42,19.945,14.361055693751313
COFs,NARGP,42,20.01,14.361055693751313
COFs,NARGP,42,20.075,14.361055693751313
COFs,NARGP,42,20.14,14.361055693751313
COFs,NARGP,42,20.205,14.361055693751313
COFs,NARGP,42,20.27,14.361055693751313
COFs,NARGP,42,21.27,14.361055693751313
COFs,NARGP,42,21.335,14.361055693751313
COFs,NARGP,42,21.4,14.361055693751313
COFs,NARGP,42,21.465,14.361055693751313
COFs,NARGP,42,21.53,14.361055693751313
COFs,NARGP,42,21.595,14.361055693751313
COFs,NARGP,42,21.66,14.361055693751313
COFs,NARGP,42,21.725,14.361055693751313
COFs,NARGP,42,21.79,14.361055693751313
COFs,NARGP,42,21.855,14.361055693751313
COFs,NARGP,42,21.92,14.361055693751313
COFs,NARGP,42,21.985,14.361055693751313
COFs,NARGP,42,22.05,14.361055693751313
COFs,NARGP,42,22.115,14.361055693751313
COFs,NARGP,42,22.18,14.361055693751313
COFs,NARGP,42,22.245,14.361055693751313
COFs,NARGP,42,23.245,14.361055693751313
COFs,NARGP,42,23.31,14.361055693751313
COFs,NARGP,42,23.375,14.361055693751313
COFs,NARGP,42,23.44,14.361055693751313
COFs,NARGP,42,23.505,14.361055693751313
COFs,NARGP,42,23.57,14.361055693751313
COFs,NARGP,42,23.635,14.361055693751313
COFs,NARGP,42,23.7,14.361055693751313
COFs,NARGP,42,23.765,14.361055693751313
COFs,NARGP,42,23.83,14.361055693751313
COFs,NARGP,42,23.895,14.361055693751313
COFs,NARGP,42,23.96,14.361055693751313
COFs,NARGP,42,24.025,14.361055693751313
COFs,NARGP,42,24.09,14.361055693751313
COFs,NARGP,42,24.155,14.361055693751313
COFs,NARGP,42,24.22,14.361055693751313
COFs,NARGP,42,25.22,14.361055693751313
COFs,NARGP,42,25.285,14.361055693751313
COFs,NARGP,42,25.35,14.361055693751313
COFs,NARGP,42,25.415,14.361055693751313
COFs,NARGP,42,25.48,14.361055693751313
COFs,NARGP,42,25.545,14.361055693751313
COFs,NARGP,42,25.61,14.361055693751313
COFs,NARGP,42,25.675,14.361055693751313
COFs,NARGP,42,25.74,14.361055693751313
COFs,NARGP,42,25.805,14.361055693751313
COFs,NARGP,42,25.87,14.361055693751313
COFs,NARGP,42,25.935,14.361055693751313
COFs,NARGP,42,26.0,14.361055693751313
COFs,NARGP,42,26.065,14.361055693751313
COFs,NARGP,42,26.13,14.361055693751313
COFs,NARGP,42,26.195,14.361055693751313
COFs,NARGP,42,27.195,14.361055693751313
COFs,NARGP,42,27.26,14.361055693751313
COFs,NARGP,42,27.325,14.361055693751313
COFs,NARGP,42,27.39,14.361055693751313
COFs,NARGP,42,27.455,14.361055693751313
COFs,NARGP,42,27.52,14.361055693751313
COFs,NARGP,42,27.585,14.361055693751313
COFs,NARGP,42,27.65,14.361055693751313
COFs,NARGP,42,27.715,14.361055693751313
COFs,NARGP,42,27.78,14.361055693751313
COFs,NARGP,42,27.845,14.361055693751313
COFs,NARGP,42,27.91,14.361055693751313
COFs,NARGP,42,27.975,14.361055693751313
COFs,NARGP,42,28.04,14.361055693751313
COFs,NARGP,42,28.105,14.361055693751313
COFs,NARGP,42,28.17,14.361055693751313
COFs,NARGP,42,29.17,14.361055693751313
COFs,NARGP,42,29.235,14.361055693751313
COFs,NARGP,42,29.3,14.361055693751313
COFs,NARGP,42,29.365,14.361055693751313
COFs,NARGP,42,29.43,14.361055693751313
COFs,NARGP,42,29.495,14.361055693751313
COFs,NARGP,42,29.56,14.361055693751313
COFs,NARGP,42,29.625,14.361055693751313
COFs,NARGP,42,29.69,14.361055693751313
COFs,NARGP,42,29.755,14.361055693751313
COFs,NARGP,42,29.82,14.361055693751313
COFs,NARGP,42,29.885,14.361055693751313
COFs,NARGP,42,29.95,14.361055693751313
COFs,NARGP,43,3.495,2.768421691579954
COFs,NARGP,43,3.56,2.768421691579954
COFs,NARGP,43,3.625,2.768421691579954
COFs,NARGP,43,3.69,2.768421691579954
COFs,NARGP,43,3.755,2.768421691579954
COFs,NARGP,43,3.82,2.768421691579954
COFs,NARGP,43,3.885,2.768421691579954
COFs,NARGP,43,3.95,2.768421691579954
COFs,NARGP,43,4.015,2.768421691579954
COFs,NARGP,43,4.08,2.768421691579954
COFs,NARGP,43,4.145,2.768421691579954
COFs,NARGP,43,4.21,2.768421691579954
COFs,NARGP,43,4.275,2.768421691579954
COFs,NARGP,43,4.34,2.768421691579954
COFs,NARGP,43,4.405,2.768421691579954
COFs,NARGP,43,4.47,2.768421691579954
COFs,NARGP,43,5.47,2.768421691579954
COFs,NARGP,43,5.535,2.768421691579954
COFs,NARGP,43,5.6,2.768421691579954
COFs,NARGP,43,5.665,2.768421691579954
COFs,NARGP,43,5.73,2.768421691579954
COFs,NARGP,43,5.795,2.768421691579954
COFs,NARGP,43,5.86,2.768421691579954
COFs,NARGP,43,5.925,2.768421691579954
COFs,NARGP,43,5.99,2.768421691579954
COFs,NARGP,43,6.055,2.768421691579954
COFs,NARGP,43,6.12,2.768421691579954
COFs,NARGP,43,6.185,2.768421691579954
COFs,NARGP,43,6.25,2.768421691579954
COFs,NARGP,43,6.315,2.768421691579954
COFs,NARGP,43,6.38,2.768421691579954
COFs,NARGP,43,6.445,2.768421691579954
COFs,NARGP,43,7.445,2.768421691579954
COFs,NARGP,43,7.51,2.768421691579954
COFs,NARGP,43,7.575,2.768421691579954
COFs,NARGP,43,7.64,2.768421691579954
COFs,NARGP,43,7.705,2.768421691579954
COFs,NARGP,43,7.77,2.768421691579954
COFs,NARGP,43,7.835,2.768421691579954
COFs,NARGP,43,7.9,2.768421691579954
COFs,NARGP,43,7.965,2.768421691579954
COFs,NARGP,43,8.03,2.768421691579954
COFs,NARGP,43,8.095,2.768421691579954
COFs,NARGP,43,8.16,2.768421691579954
COFs,NARGP,43,8.225,2.768421691579954
COFs,NARGP,43,8.29,2.768421691579954
COFs,NARGP,43,8.355,2.768421691579954
COFs,NARGP,43,8.42,2.768421691579954
COFs,NARGP,43,9.42,2.768421691579954
COFs,NARGP,43,9.485,2.768421691579954
COFs,NARGP,43,9.55,2.768421691579954
COFs,NARGP,43,9.615,2.768421691579954
COFs,NARGP,43,9.68,2.768421691579954
COFs,NARGP,43,9.745,2.768421691579954
COFs,NARGP,43,9.81,2.768421691579954
COFs,NARGP,43,9.875,2.768421691579954
COFs,NARGP,43,9.94,2.768421691579954
COFs,NARGP,43,10.005,2.768421691579954
COFs,NARGP,43,10.07,2.768421691579954
COFs,NARGP,43,10.135,2.768421691579954
COFs,NARGP,43,10.2,2.768421691579954
COFs,NARGP,43,10.265,2.768421691579954
COFs,NARGP,43,10.33,2.768421691579954
COFs,NARGP,43,10.395,2.768421691579954
COFs,NARGP,43,11.395,2.768421691579954
COFs,NARGP,43,11.46,2.768421691579954
COFs,NARGP,43,11.525,2.768421691579954
COFs,NARGP,43,11.59,2.768421691579954
COFs,NARGP,43,11.655,2.768421691579954
COFs,NARGP,43,11.72,2.768421691579954
COFs,NARGP,43,11.785,2.768421691579954
COFs,NARGP,43,11.85,2.768421691579954
COFs,NARGP,43,11.915,2.768421691579954
COFs,NARGP,43,11.98,2.768421691579954
COFs,NARGP,43,12.045,2.768421691579954
COFs,NARGP,43,12.11,2.768421691579954
COFs,NARGP,43,12.175,2.768421691579954
COFs,NARGP,43,12.24,2.768421691579954
COFs,NARGP,43,12.305,2.768421691579954
COFs,NARGP,43,12.37,2.768421691579954
COFs,NARGP,43,13.37,2.768421691579954
COFs,NARGP,43,13.435,2.768421691579954
COFs,NARGP,43,13.5,2.768421691579954
COFs,NARGP,43,13.565,2.768421691579954
COFs,NARGP,43,13.63,2.768421691579954
COFs,NARGP,43,13.695,2.768421691579954
COFs,NARGP,43,13.76,2.768421691579954
COFs,NARGP,43,13.825,2.768421691579954
COFs,NARGP,43,13.89,2.768421691579954
COFs,NARGP,43,13.955,2.768421691579954
COFs,NARGP,43,14.02,2.768421691579954
COFs,NARGP,43,14.085,2.768421691579954
COFs,NARGP,43,14.15,2.768421691579954
COFs,NARGP,43,14.215,2.768421691579954
COFs,NARGP,43,14.28,2.768421691579954
COFs,NARGP,43,14.345,2.768421691579954
COFs,NARGP,43,15.345,2.768421691579954
COFs,NARGP,43,15.41,2.768421691579954
COFs,NARGP,43,15.475,2.768421691579954
COFs,NARGP,43,15.54,2.768421691579954
COFs,NARGP,43,15.605,2.768421691579954
COFs,NARGP,43,15.67,2.768421691579954
COFs,NARGP,43,15.735,2.768421691579954
COFs,NARGP,43,15.8,2.768421691579954
COFs,NARGP,43,15.865,2.768421691579954
COFs,NARGP,43,15.93,2.768421691579954
COFs,NARGP,43,15.995,2.768421691579954
COFs,NARGP,43,16.06,2.768421691579954
COFs,NARGP,43,16.125,2.768421691579954
COFs,NARGP,43,16.19,2.768421691579954
COFs,NARGP,43,16.255,2.768421691579954
COFs,NARGP,43,16.32,2.768421691579954
COFs,NARGP,43,17.32,2.768421691579954
COFs,NARGP,43,17.385,2.768421691579954
COFs,NARGP,43,17.45,2.768421691579954
COFs,NARGP,43,17.515,2.768421691579954
COFs,NARGP,43,17.58,2.768421691579954
COFs,NARGP,43,17.645,2.768421691579954
COFs,NARGP,43,17.71,2.768421691579954
COFs,NARGP,43,17.775,2.768421691579954
COFs,NARGP,43,17.84,2.768421691579954
COFs,NARGP,43,17.905,2.768421691579954
COFs,NARGP,43,17.97,2.768421691579954
COFs,NARGP,43,18.035,2.768421691579954
COFs,NARGP,43,18.1,2.768421691579954
COFs,NARGP,43,18.165,2.768421691579954
COFs,NARGP,43,18.23,2.768421691579954
COFs,NARGP,43,18.295,2.768421691579954
COFs,NARGP,43,19.295,2.768421691579954
COFs,NARGP,43,19.36,2.768421691579954
COFs,NARGP,43,19.425,2.768421691579954
COFs,NARGP,43,19.49,2.768421691579954
COFs,NARGP,43,19.555,2.768421691579954
COFs,NARGP,43,19.62,2.768421691579954
COFs,NARGP,43,19.685,2.768421691579954
COFs,NARGP,43,19.75,2.768421691579954
COFs,NARGP,43,19.815,2.768421691579954
COFs,NARGP,43,19.88,2.768421691579954
COFs,NARGP,43,19.945,2.768421691579954
COFs,NARGP,43,20.01,2.768421691579954
COFs,NARGP,43,20.075,2.768421691579954
COFs,NARGP,43,20.14,2.768421691579954
COFs,NARGP,43,20.205,2.768421691579954
COFs,NARGP,43,20.27,2.768421691579954
COFs,NARGP,43,21.27,2.768421691579954
COFs,NARGP,43,21.335,2.768421691579954
COFs,NARGP,43,21.4,2.768421691579954
COFs,NARGP,43,21.465,2.768421691579954
COFs,NARGP,43,21.53,2.768421691579954
COFs,NARGP,43,21.595,2.768421691579954
COFs,NARGP,43,21.66,2.768421691579954
COFs,NARGP,43,21.725,2.768421691579954
COFs,NARGP,43,21.79,2.768421691579954
COFs,NARGP,43,21.855,2.768421691579954
COFs,NARGP,43,21.92,2.768421691579954
COFs,NARGP,43,21.985,2.768421691579954
COFs,NARGP,43,22.05,2.768421691579954
COFs,NARGP,43,22.115,2.768421691579954
COFs,NARGP,43,22.18,2.768421691579954
COFs,NARGP,43,22.245,2.768421691579954
COFs,NARGP,43,23.245,2.768421691579954
COFs,NARGP,43,23.31,2.768421691579954
COFs,NARGP,43,23.375,2.768421691579954
COFs,NARGP,43,23.44,2.768421691579954
COFs,NARGP,43,23.505,2.768421691579954
COFs,NARGP,43,23.57,2.768421691579954
COFs,NARGP,43,23.635,2.768421691579954
COFs,NARGP,43,23.7,2.768421691579954
COFs,NARGP,43,23.765,2.768421691579954
COFs,NARGP,43,23.83,2.768421691579954
COFs,NARGP,43,23.895,2.768421691579954
COFs,NARGP,43,23.96,2.768421691579954
COFs,NARGP,43,24.025,2.768421691579954
COFs,NARGP,43,24.09,2.768421691579954
COFs,NARGP,43,24.155,2.768421691579954
COFs,NARGP,43,24.22,2.768421691579954
COFs,NARGP,43,25.22,2.768421691579954
COFs,NARGP,43,25.285,2.768421691579954
COFs,NARGP,43,25.35,2.768421691579954
COFs,NARGP,43,25.415,2.768421691579954
COFs,NARGP,43,25.48,2.768421691579954
COFs,NARGP,43,25.545,2.768421691579954
COFs,NARGP,43,25.61,2.768421691579954
COFs,NARGP,43,25.675,2.768421691579954
COFs,NARGP,43,25.74,2.768421691579954
COFs,NARGP,43,25.805,2.768421691579954
COFs,NARGP,43,25.87,2.768421691579954
COFs,NARGP,43,25.935,2.768421691579954
COFs,NARGP,43,26.0,2.768421691579954
COFs,NARGP,43,26.065,2.768421691579954
COFs,NARGP,43,26.13,2.768421691579954
COFs,NARGP,43,26.195,2.768421691579954
COFs,NARGP,43,27.195,2.768421691579954
COFs,NARGP,43,27.26,2.768421691579954
COFs,NARGP,43,27.325,2.768421691579954
COFs,NARGP,43,27.39,2.768421691579954
COFs,NARGP,43,27.455,2.768421691579954
COFs,NARGP,43,27.52,2.768421691579954
COFs,NARGP,43,27.585,2.768421691579954
COFs,NARGP,43,27.65,2.768421691579954
COFs,NARGP,43,27.715,2.768421691579954
COFs,NARGP,43,27.78,2.768421691579954
COFs,NARGP,43,27.845,2.768421691579954
COFs,NARGP,43,27.91,2.768421691579954
COFs,NARGP,43,27.975,2.768421691579954
COFs,NARGP,43,28.04,2.768421691579954
COFs,NARGP,43,28.105,2.768421691579954
COFs,NARGP,43,28.17,2.768421691579954
COFs,NARGP,43,29.17,2.768421691579954
COFs,NARGP,43,29.235,2.768421691579954
COFs,NARGP,43,29.3,2.768421691579954
COFs,NARGP,43,29.365,2.768421691579954
COFs,NARGP,43,29.43,2.768421691579954
COFs,NARGP,43,29.495,2.768421691579954
COFs,NARGP,43,29.56,2.768421691579954
COFs,NARGP,43,29.625,2.768421691579954
COFs,NARGP,43,29.69,2.768421691579954
COFs,NARGP,43,29.755,2.768421691579954
COFs,NARGP,43,29.82,2.768421691579954
COFs,NARGP,43,29.885,2.768421691579954
COFs,NARGP,43,29.95,2.768421691579954
COFs,NARGP,44,3.495,14.985327132158876
COFs,NARGP,44,3.56,14.985327132158876
COFs,NARGP,44,3.625,14.985327132158876
COFs,NARGP,44,3.69,14.985327132158876
COFs,NARGP,44,3.755,14.985327132158876
COFs,NARGP,44,3.82,14.985327132158876
COFs,NARGP,44,3.885,14.985327132158876
COFs,NARGP,44,3.95,14.985327132158876
COFs,NARGP,44,4.015,14.985327132158876
COFs,NARGP,44,4.08,14.985327132158876
COFs,NARGP,44,4.145,14.985327132158876
COFs,NARGP,44,4.21,14.985327132158876
COFs,NARGP,44,4.275,14.985327132158876
COFs,NARGP,44,4.34,14.985327132158876
COFs,NARGP,44,4.405,14.985327132158876
COFs,NARGP,44,4.47,14.985327132158876
COFs,NARGP,44,5.47,14.54171655774799
COFs,NARGP,44,5.535,14.54171655774799
COFs,NARGP,44,5.6,14.54171655774799
COFs,NARGP,44,5.665,14.54171655774799
COFs,NARGP,44,5.73,14.54171655774799
COFs,NARGP,44,5.795,14.54171655774799
COFs,NARGP,44,5.86,14.54171655774799
COFs,NARGP,44,5.925,14.54171655774799
COFs,NARGP,44,5.99,14.54171655774799
COFs,NARGP,44,6.055,14.54171655774799
COFs,NARGP,44,6.12,14.54171655774799
COFs,NARGP,44,6.185,14.54171655774799
COFs,NARGP,44,6.25,14.54171655774799
COFs,NARGP,44,6.315,14.54171655774799
COFs,NARGP,44,6.38,14.54171655774799
COFs,NARGP,44,6.445,14.54171655774799
COFs,NARGP,44,7.445,14.54171655774799
COFs,NARGP,44,7.51,14.54171655774799
COFs,NARGP,44,7.575,14.54171655774799
COFs,NARGP,44,7.64,14.54171655774799
COFs,NARGP,44,7.705,14.54171655774799
COFs,NARGP,44,7.77,14.54171655774799
COFs,NARGP,44,7.835,14.54171655774799
COFs,NARGP,44,7.9,14.54171655774799
COFs,NARGP,44,7.965,14.54171655774799
COFs,NARGP,44,8.03,14.54171655774799
COFs,NARGP,44,8.095,14.54171655774799
COFs,NARGP,44,8.16,14.54171655774799
COFs,NARGP,44,8.225,14.54171655774799
COFs,NARGP,44,8.29,14.54171655774799
COFs,NARGP,44,8.355,14.54171655774799
COFs,NARGP,44,8.42,14.54171655774799
COFs,NARGP,44,9.42,14.54171655774799
COFs,NARGP,44,9.485,14.54171655774799
COFs,NARGP,44,9.55,14.54171655774799
COFs,NARGP,44,9.615,14.54171655774799
COFs,NARGP,44,9.68,14.54171655774799
COFs,NARGP,44,9.745,14.54171655774799
COFs,NARGP,44,9.81,14.54171655774799
COFs,NARGP,44,9.875,14.54171655774799
COFs,NARGP,44,9.94,14.54171655774799
COFs,NARGP,44,10.005,14.54171655774799
COFs,NARGP,44,10.07,14.54171655774799
COFs,NARGP,44,10.135,14.54171655774799
COFs,NARGP,44,10.2,14.54171655774799
COFs,NARGP,44,10.265,14.54171655774799
COFs,NARGP,44,10.33,14.54171655774799
COFs,NARGP,44,10.395,14.54171655774799
COFs,NARGP,44,11.395,14.54171655774799
COFs,NARGP,44,11.46,14.54171655774799
COFs,NARGP,44,11.525,14.54171655774799
COFs,NARGP,44,11.59,14.54171655774799
COFs,NARGP,44,11.655,14.54171655774799
COFs,NARGP,44,11.72,14.54171655774799
COFs,NARGP,44,11.785,14.54171655774799
COFs,NARGP,44,11.85,14.54171655774799
COFs,NARGP,44,11.915,14.54171655774799
COFs,NARGP,44,11.98,14.54171655774799
COFs,NARGP,44,12.045,14.54171655774799
COFs,NARGP,44,12.11,14.54171655774799
COFs,NARGP,44,12.175,14.54171655774799
COFs,NARGP,44,12.24,14.54171655774799
COFs,NARGP,44,12.305,14.54171655774799
COFs,NARGP,44,12.37,14.54171655774799
COFs,NARGP,44,13.37,14.22456326364745
COFs,NARGP,44,13.435,14.22456326364745
COFs,NARGP,44,13.5,14.22456326364745
COFs,NARGP,44,13.565,14.22456326364745
COFs,NARGP,44,13.63,14.22456326364745
COFs,NARGP,44,13.695,14.22456326364745
COFs,NARGP,44,13.76,14.22456326364745
COFs,NARGP,44,13.825,14.22456326364745
COFs,NARGP,44,13.89,14.22456326364745
COFs,NARGP,44,13.955,14.22456326364745
COFs,NARGP,44,14.02,14.22456326364745
COFs,NARGP,44,14.085,14.22456326364745
COFs,NARGP,44,14.15,14.22456326364745
COFs,NARGP,44,14.215,14.22456326364745
COFs,NARGP,44,14.28,14.22456326364745
COFs,NARGP,44,14.345,14.22456326364745
COFs,NARGP,44,15.345,14.060109484458074
COFs,NARGP,44,15.41,14.060109484458074
COFs,NARGP,44,15.475,14.060109484458074
COFs,NARGP,44,15.54,14.060109484458074
COFs,NARGP,44,15.605,14.060109484458074
COFs,NARGP,44,15.67,14.060109484458074
COFs,NARGP,44,15.735,14.060109484458074
COFs,NARGP,44,15.8,14.060109484458074
COFs,NARGP,44,15.865,14.060109484458074
COFs,NARGP,44,15.93,14.060109484458074
COFs,NARGP,44,15.995,14.060109484458074
COFs,NARGP,44,16.06,14.060109484458074
COFs,NARGP,44,16.125,14.060109484458074
COFs,NARGP,44,16.19,14.060109484458074
COFs,NARGP,44,16.255,14.060109484458074
COFs,NARGP,44,16.32,14.060109484458074
COFs,NARGP,44,17.32,14.060109484458074
COFs,NARGP,44,17.385,14.060109484458074
COFs,NARGP,44,17.45,14.060109484458074
COFs,NARGP,44,17.515,14.060109484458074
COFs,NARGP,44,17.58,14.060109484458074
COFs,NARGP,44,17.645,14.060109484458074
COFs,NARGP,44,17.71,14.060109484458074
COFs,NARGP,44,17.775,14.060109484458074
COFs,NARGP,44,17.84,14.060109484458074
COFs,NARGP,44,17.905,14.060109484458074
COFs,NARGP,44,17.97,14.060109484458074
COFs,NARGP,44,18.035,14.060109484458074
COFs,NARGP,44,18.1,14.060109484458074
COFs,NARGP,44,18.165,14.060109484458074
COFs,NARGP,44,18.23,14.060109484458074
COFs,NARGP,44,18.295,14.060109484458074
COFs,NARGP,44,19.295,13.975396845273291
COFs,NARGP,44,19.36,13.975396845273291
COFs,NARGP,44,19.425,13.975396845273291
COFs,NARGP,44,19.49,13.975396845273291
COFs,NARGP,44,19.555,13.975396845273291
COFs,NARGP,44,19.62,13.975396845273291
COFs,NARGP,44,19.685,13.975396845273291
COFs,NARGP,44,19.75,13.975396845273291
COFs,NARGP,44,19.815,13.975396845273291
COFs,NARGP,44,19.88,13.975396845273291
COFs,NARGP,44,19.945,13.975396845273291
COFs,NARGP,44,20.01,13.975396845273291
COFs,NARGP,44,20.075,13.975396845273291
COFs,NARGP,44,20.14,13.975396845273291
COFs,NARGP,44,20.205,13.975396845273291
COFs,NARGP,44,20.27,13.975396845273291
COFs,NARGP,44,21.27,13.975396845273291
COFs,NARGP,44,21.335,13.975396845273291
COFs,NARGP,44,21.4,13.975396845273291
COFs,NARGP,44,21.465,13.975396845273291
COFs,NARGP,44,21.53,13.975396845273291
COFs,NARGP,44,21.595,13.975396845273291
COFs,NARGP,44,21.66,13.975396845273291
COFs,NARGP,44,21.725,13.975396845273291
COFs,NARGP,44,21.79,13.975396845273291
COFs,NARGP,44,21.855,13.975396845273291
COFs,NARGP,44,21.92,13.975396845273291
COFs,NARGP,44,21.985,13.975396845273291
COFs,NARGP,44,22.05,13.975396845273291
COFs,NARGP,44,22.115,13.975396845273291
COFs,NARGP,44,22.18,13.975396845273291
COFs,NARGP,44,22.245,13.975396845273291
COFs,NARGP,44,23.245,12.972389294833311
COFs,NARGP,44,23.31,12.972389294833311
COFs,NARGP,44,23.375,12.972389294833311
COFs,NARGP,44,23.44,12.972389294833311
COFs,NARGP,44,23.505,12.972389294833311
COFs,NARGP,44,23.57,12.972389294833311
COFs,NARGP,44,23.635,12.972389294833311
COFs,NARGP,44,23.7,12.972389294833311
COFs,NARGP,44,23.765,12.972389294833311
COFs,NARGP,44,23.83,12.972389294833311
COFs,NARGP,44,23.895,12.972389294833311
COFs,NARGP,44,23.96,12.972389294833311
COFs,NARGP,44,24.025,12.972389294833311
COFs,NARGP,44,24.09,12.972389294833311
COFs,NARGP,44,24.155,12.972389294833311
COFs,NARGP,44,24.22,12.972389294833311
COFs,NARGP,44,25.22,12.972389294833311
COFs,NARGP,44,25.285,12.972389294833311
COFs,NARGP,44,25.35,12.972389294833311
COFs,NARGP,44,25.415,12.972389294833311
COFs,NARGP,44,25.48,12.972389294833311
COFs,NARGP,44,25.545,12.972389294833311
COFs,NARGP,44,25.61,12.972389294833311
COFs,NARGP,44,25.675,12.972389294833311
COFs,NARGP,44,25.74,12.972389294833311
COFs,NARGP,44,25.805,12.972389294833311
COFs,NARGP,44,25.87,12.972389294833311
COFs,NARGP,44,25.935,12.972389294833311
COFs,NARGP,44,26.0,12.972389294833311
COFs,NARGP,44,26.065,12.972389294833311
COFs,NARGP,44,26.13,12.972389294833311
COFs,NARGP,44,26.195,12.972389294833311
COFs,NARGP,44,27.195,12.972389294833311
COFs,NARGP,44,27.26,12.972389294833311
COFs,NARGP,44,27.325,12.972389294833311
COFs,NARGP,44,27.39,12.972389294833311
COFs,NARGP,44,27.455,12.972389294833311
COFs,NARGP,44,27.52,12.972389294833311
COFs,NARGP,44,27.585,12.972389294833311
COFs,NARGP,44,27.65,12.972389294833311
COFs,NARGP,44,27.715,12.972389294833311
COFs,NARGP,44,27.78,12.972389294833311
COFs,NARGP,44,27.845,12.972389294833311
COFs,NARGP,44,27.91,12.972389294833311
COFs,NARGP,44,27.975,12.972389294833311
COFs,NARGP,44,28.04,12.972389294833311
COFs,NARGP,44,28.105,12.972389294833311
COFs,NARGP,44,28.17,12.972389294833311
COFs,NARGP,44,29.17,12.972389294833311
COFs,NARGP,44,29.235,12.972389294833311
COFs,NARGP,44,29.3,12.972389294833311
COFs,NARGP,44,29.365,12.972389294833311
COFs,NARGP,44,29.43,12.972389294833311
COFs,NARGP,44,29.495,12.972389294833311
COFs,NARGP,44,29.56,12.972389294833311
COFs,NARGP,44,29.625,12.972389294833311
COFs,NARGP,44,29.69,12.972389294833311
COFs,NARGP,44,29.755,12.972389294833311
COFs,NARGP,44,29.82,12.972389294833311
COFs,NARGP,44,29.885,12.972389294833311
COFs,NARGP,44,29.95,12.972389294833311
COFs,NARGP,45,3.495,2.768421691579954
COFs,NARGP,45,3.56,2.768421691579954
COFs,NARGP,45,3.625,2.768421691579954
COFs,NARGP,45,3.69,2.768421691579954
COFs,NARGP,45,3.755,2.768421691579954
COFs,NARGP,45,3.82,2.768421691579954
COFs,NARGP,45,3.885,2.768421691579954
COFs,NARGP,45,3.95,2.768421691579954
COFs,NARGP,45,4.015,2.768421691579954
COFs,NARGP,45,4.08,2.768421691579954
COFs,NARGP,45,4.145,2.768421691579954
COFs,NARGP,45,4.21,2.768421691579954
COFs,NARGP,45,4.275,2.768421691579954
COFs,NARGP,45,4.34,2.768421691579954
COFs,NARGP,45,4.405,2.768421691579954
COFs,NARGP,45,4.47,2.768421691579954
COFs,NARGP,45,5.47,2.768421691579954
COFs,NARGP,45,5.535,2.768421691579954
COFs,NARGP,45,5.6,2.768421691579954
COFs,NARGP,45,5.665,2.768421691579954
COFs,NARGP,45,5.73,2.768421691579954
COFs,NARGP,45,5.795,2.768421691579954
COFs,NARGP,45,5.86,2.768421691579954
COFs,NARGP,45,5.925,2.768421691579954
COFs,NARGP,45,5.99,2.768421691579954
COFs,NARGP,45,6.055,2.768421691579954
COFs,NARGP,45,6.12,2.768421691579954
COFs,NARGP,45,6.185,2.768421691579954
COFs,NARGP,45,6.25,2.768421691579954
COFs,NARGP,45,6.315,2.768421691579954
COFs,NARGP,45,6.38,2.768421691579954
COFs,NARGP,45,6.445,2.768421691579954
COFs,NARGP,45,7.445,2.768421691579954
COFs,NARGP,45,7.51,2.768421691579954
COFs,NARGP,45,7.575,2.768421691579954
COFs,NARGP,45,7.64,2.768421691579954
COFs,NARGP,45,7.705,2.768421691579954
COFs,NARGP,45,7.77,2.768421691579954
COFs,NARGP,45,7.835,2.768421691579954
COFs,NARGP,45,7.9,2.768421691579954
COFs,NARGP,45,7.965,2.768421691579954
COFs,NARGP,45,8.03,2.768421691579954
COFs,NARGP,45,8.095,2.768421691579954
COFs,NARGP,45,8.16,2.768421691579954
COFs,NARGP,45,8.225,2.768421691579954
COFs,NARGP,45,8.29,2.768421691579954
COFs,NARGP,45,8.355,2.768421691579954
COFs,NARGP,45,8.42,2.768421691579954
COFs,NARGP,45,9.42,2.768421691579954
COFs,NARGP,45,9.485,2.768421691579954
COFs,NARGP,45,9.55,2.768421691579954
COFs,NARGP,45,9.615,2.768421691579954
COFs,NARGP,45,9.68,2.768421691579954
COFs,NARGP,45,9.745,2.768421691579954
COFs,NARGP,45,9.81,2.768421691579954
COFs,NARGP,45,9.875,2.768421691579954
COFs,NARGP,45,9.94,2.768421691579954
COFs,NARGP,45,10.005,2.768421691579954
COFs,NARGP,45,10.07,2.768421691579954
COFs,NARGP,45,10.135,2.768421691579954
COFs,NARGP,45,10.2,2.768421691579954
COFs,NARGP,45,10.265,2.768421691579954
COFs,NARGP,45,10.33,2.768421691579954
COFs,NARGP,45,10.395,2.768421691579954
COFs,NARGP,45,11.395,2.768421691579954
COFs,NARGP,45,11.46,2.768421691579954
COFs,NARGP,45,11.525,2.768421691579954
COFs,NARGP,45,11.59,2.768421691579954
COFs,NARGP,45,11.655,2.768421691579954
COFs,NARGP,45,11.72,2.768421691579954
COFs,NARGP,45,11.785,2.768421691579954
COFs,NARGP,45,11.85,2.768421691579954
COFs,NARGP,45,11.915,2.768421691579954
COFs,NARGP,45,11.98,2.768421691579954
COFs,NARGP,45,12.045,2.768421691579954
COFs,NARGP,45,12.11,2.768421691579954
COFs,NARGP,45,12.175,2.768421691579954
COFs,NARGP,45,12.24,2.768421691579954
COFs,NARGP,45,12.305,2.768421691579954
COFs,NARGP,45,12.37,2.768421691579954
COFs,NARGP,45,13.37,2.768421691579954
COFs,NARGP,45,13.435,2.768421691579954
COFs,NARGP,45,13.5,2.768421691579954
COFs,NARGP,45,13.565,2.768421691579954
COFs,NARGP,45,13.63,2.768421691579954
COFs,NARGP,45,13.695,2.768421691579954
COFs,NARGP,45,13.76,2.768421691579954
COFs,NARGP,45,13.825,2.768421691579954
COFs,NARGP,45,13.89,2.768421691579954
COFs,NARGP,45,13.955,2.768421691579954
COFs,NARGP,45,14.02,2.768421691579954
COFs,NARGP,45,14.085,2.768421691579954
COFs,NARGP,45,14.15,2.768421691579954
COFs,NARGP,45,14.215,2.768421691579954
COFs,NARGP,45,14.28,2.768421691579954
COFs,NARGP,45,14.345,2.768421691579954
COFs,NARGP,45,15.345,2.768421691579954
COFs,NARGP,45,15.41,2.768421691579954
COFs,NARGP,45,15.475,2.768421691579954
COFs,NARGP,45,15.54,2.768421691579954
COFs,NARGP,45,15.605,2.768421691579954
COFs,NARGP,45,15.67,2.768421691579954
COFs,NARGP,45,15.735,2.768421691579954
COFs,NARGP,45,15.8,2.768421691579954
COFs,NARGP,45,15.865,2.768421691579954
COFs,NARGP,45,15.93,2.768421691579954
COFs,NARGP,45,15.995,2.768421691579954
COFs,NARGP,45,16.06,2.768421691579954
COFs,NARGP,45,16.125,2.768421691579954
COFs,NARGP,45,16.19,2.768421691579954
COFs,NARGP,45,16.255,2.768421691579954
COFs,NARGP,45,16.32,2.768421691579954
COFs,NARGP,45,17.32,2.768421691579954
COFs,NARGP,45,17.385,2.768421691579954
COFs,NARGP,45,17.45,2.768421691579954
COFs,NARGP,45,17.515,2.768421691579954
COFs,NARGP,45,17.58,2.768421691579954
COFs,NARGP,45,17.645,2.768421691579954
COFs,NARGP,45,17.71,2.768421691579954
COFs,NARGP,45,17.775,2.768421691579954
COFs,NARGP,45,17.84,2.768421691579954
COFs,NARGP,45,17.905,2.768421691579954
COFs,NARGP,45,17.97,2.768421691579954
COFs,NARGP,45,18.035,2.768421691579954
COFs,NARGP,45,18.1,2.768421691579954
COFs,NARGP,45,18.165,2.768421691579954
COFs,NARGP,45,18.23,2.768421691579954
COFs,NARGP,45,18.295,2.768421691579954
COFs,NARGP,45,19.295,2.768421691579954
COFs,NARGP,45,19.36,2.768421691579954
COFs,NARGP,45,19.425,2.768421691579954
COFs,NARGP,45,19.49,2.768421691579954
COFs,NARGP,45,19.555,2.768421691579954
COFs,NARGP,45,19.62,2.768421691579954
COFs,NARGP,45,19.685,2.768421691579954
COFs,NARGP,45,19.75,2.768421691579954
COFs,NARGP,45,19.815,2.768421691579954
COFs,NARGP,45,19.88,2.768421691579954
COFs,NARGP,45,19.945,2.768421691579954
COFs,NARGP,45,20.01,2.768421691579954
COFs,NARGP,45,20.075,2.768421691579954
COFs,NARGP,45,20.14,2.768421691579954
COFs,NARGP,45,20.205,2.768421691579954
COFs,NARGP,45,20.27,2.768421691579954
COFs,NARGP,45,21.27,2.768421691579954
COFs,NARGP,45,21.335,2.768421691579954
COFs,NARGP,45,21.4,2.768421691579954
COFs,NARGP,45,21.465,2.768421691579954
COFs,NARGP,45,21.53,2.768421691579954
COFs,NARGP,45,21.595,2.768421691579954
COFs,NARGP,45,21.66,2.768421691579954
COFs,NARGP,45,21.725,2.768421691579954
COFs,NARGP,45,21.79,2.768421691579954
COFs,NARGP,45,21.855,2.768421691579954
COFs,NARGP,45,21.92,2.768421691579954
COFs,NARGP,45,21.985,2.768421691579954
COFs,NARGP,45,22.05,2.768421691579954
COFs,NARGP,45,22.115,2.768421691579954
COFs,NARGP,45,22.18,2.768421691579954
COFs,NARGP,45,22.245,2.768421691579954
COFs,NARGP,45,23.245,2.768421691579954
COFs,NARGP,45,23.31,2.768421691579954
COFs,NARGP,45,23.375,2.768421691579954
COFs,NARGP,45,23.44,2.768421691579954
COFs,NARGP,45,23.505,2.768421691579954
COFs,NARGP,45,23.57,2.768421691579954
COFs,NARGP,45,23.635,2.768421691579954
COFs,NARGP,45,23.7,2.768421691579954
COFs,NARGP,45,23.765,2.768421691579954
COFs,NARGP,45,23.83,2.768421691579954
COFs,NARGP,45,23.895,2.768421691579954
COFs,NARGP,45,23.96,2.768421691579954
COFs,NARGP,45,24.025,2.768421691579954
COFs,NARGP,45,24.09,2.768421691579954
COFs,NARGP,45,24.155,2.768421691579954
COFs,NARGP,45,24.22,2.768421691579954
COFs,NARGP,45,25.22,2.768421691579954
COFs,NARGP,45,25.285,2.768421691579954
COFs,NARGP,45,25.35,2.768421691579954
COFs,NARGP,45,25.415,2.768421691579954
COFs,NARGP,45,25.48,2.768421691579954
COFs,NARGP,45,25.545,2.768421691579954
COFs,NARGP,45,25.61,2.768421691579954
COFs,NARGP,45,25.675,2.768421691579954
COFs,NARGP,45,25.74,2.768421691579954
COFs,NARGP,45,25.805,2.768421691579954
COFs,NARGP,45,25.87,2.768421691579954
COFs,NARGP,45,25.935,2.768421691579954
COFs,NARGP,45,26.0,2.768421691579954
COFs,NARGP,45,26.065,2.768421691579954
COFs,NARGP,45,26.13,2.768421691579954
COFs,NARGP,45,26.195,2.768421691579954
COFs,NARGP,45,27.195,2.768421691579954
COFs,NARGP,45,27.26,2.768421691579954
COFs,NARGP,45,27.325,2.768421691579954
COFs,NARGP,45,27.39,2.768421691579954
COFs,NARGP,45,27.455,2.768421691579954
COFs,NARGP,45,27.52,2.768421691579954
COFs,NARGP,45,27.585,2.768421691579954
COFs,NARGP,45,27.65,2.768421691579954
COFs,NARGP,45,27.715,2.768421691579954
COFs,NARGP,45,27.78,2.768421691579954
COFs,NARGP,45,27.845,2.768421691579954
COFs,NARGP,45,27.91,2.768421691579954
COFs,NARGP,45,27.975,2.768421691579954
COFs,NARGP,45,28.04,2.768421691579954
COFs,NARGP,45,28.105,2.768421691579954
COFs,NARGP,45,28.17,2.768421691579954
COFs,NARGP,45,29.17,2.768421691579954
COFs,NARGP,45,29.235,2.768421691579954
COFs,NARGP,45,29.3,2.768421691579954
COFs,NARGP,45,29.365,2.768421691579954
COFs,NARGP,45,29.43,2.768421691579954
COFs,NARGP,45,29.495,2.768421691579954
COFs,NARGP,45,29.56,2.768421691579954
COFs,NARGP,45,29.625,2.768421691579954
COFs,NARGP,45,29.69,2.768421691579954
COFs,NARGP,45,29.755,2.768421691579954
COFs,NARGP,45,29.82,2.768421691579954
COFs,NARGP,45,29.885,2.768421691579954
COFs,NARGP,45,29.95,2.768421691579954
COFs,NARGP,46,3.495,2.768421691579954
COFs,NARGP,46,3.56,2.768421691579954
COFs,NARGP,46,3.625,2.768421691579954
COFs,NARGP,46,3.69,2.768421691579954
COFs,NARGP,46,3.755,2.768421691579954
COFs,NARGP,46,3.82,2.768421691579954
COFs,NARGP,46,3.885,2.768421691579954
COFs,NARGP,46,3.95,2.768421691579954
COFs,NARGP,46,4.015,2.768421691579954
COFs,NARGP,46,4.08,2.768421691579954
COFs,NARGP,46,4.145,2.768421691579954
COFs,NARGP,46,4.21,2.768421691579954
COFs,NARGP,46,4.275,2.768421691579954
COFs,NARGP,46,4.34,2.768421691579954
COFs,NARGP,46,4.405,2.768421691579954
COFs,NARGP,46,4.47,2.768421691579954
COFs,NARGP,46,5.47,2.768421691579954
COFs,NARGP,46,5.535,2.768421691579954
COFs,NARGP,46,5.6,2.768421691579954
COFs,NARGP,46,5.665,2.768421691579954
COFs,NARGP,46,5.73,2.768421691579954
COFs,NARGP,46,5.795,2.768421691579954
COFs,NARGP,46,5.86,2.768421691579954
COFs,NARGP,46,5.925,2.768421691579954
COFs,NARGP,46,5.99,2.768421691579954
COFs,NARGP,46,6.055,2.768421691579954
COFs,NARGP,46,6.12,2.768421691579954
COFs,NARGP,46,6.185,2.768421691579954
COFs,NARGP,46,6.25,2.768421691579954
COFs,NARGP,46,6.315,2.768421691579954
COFs,NARGP,46,6.38,2.768421691579954
COFs,NARGP,46,6.445,2.768421691579954
COFs,NARGP,46,7.445,2.768421691579954
COFs,NARGP,46,7.51,2.768421691579954
COFs,NARGP,46,7.575,2.768421691579954
COFs,NARGP,46,7.64,2.768421691579954
COFs,NARGP,46,7.705,2.768421691579954
COFs,NARGP,46,7.77,2.768421691579954
COFs,NARGP,46,7.835,2.768421691579954
COFs,NARGP,46,7.9,2.768421691579954
COFs,NARGP,46,7.965,2.768421691579954
COFs,NARGP,46,8.03,2.768421691579954
COFs,NARGP,46,8.095,2.768421691579954
COFs,NARGP,46,8.16,2.768421691579954
COFs,NARGP,46,8.225,2.768421691579954
COFs,NARGP,46,8.29,2.768421691579954
COFs,NARGP,46,8.355,2.768421691579954
COFs,NARGP,46,8.42,2.768421691579954
COFs,NARGP,46,9.42,2.768421691579954
COFs,NARGP,46,9.485,2.768421691579954
COFs,NARGP,46,9.55,2.768421691579954
COFs,NARGP,46,9.615,2.768421691579954
COFs,NARGP,46,9.68,2.768421691579954
COFs,NARGP,46,9.745,2.768421691579954
COFs,NARGP,46,9.81,2.768421691579954
COFs,NARGP,46,9.875,2.768421691579954
COFs,NARGP,46,9.94,2.768421691579954
COFs,NARGP,46,10.005,2.768421691579954
COFs,NARGP,46,10.07,2.768421691579954
COFs,NARGP,46,10.135,2.768421691579954
COFs,NARGP,46,10.2,2.768421691579954
COFs,NARGP,46,10.265,2.768421691579954
COFs,NARGP,46,10.33,2.768421691579954
COFs,NARGP,46,10.395,2.768421691579954
COFs,NARGP,46,11.395,2.768421691579954
COFs,NARGP,46,11.46,2.768421691579954
COFs,NARGP,46,11.525,2.768421691579954
COFs,NARGP,46,11.59,2.768421691579954
COFs,NARGP,46,11.655,2.768421691579954
COFs,NARGP,46,11.72,2.768421691579954
COFs,NARGP,46,11.785,2.768421691579954
COFs,NARGP,46,11.85,2.768421691579954
COFs,NARGP,46,11.915,2.768421691579954
COFs,NARGP,46,11.98,2.768421691579954
COFs,NARGP,46,12.045,2.768421691579954
COFs,NARGP,46,12.11,2.768421691579954
COFs,NARGP,46,12.175,2.768421691579954
COFs,NARGP,46,12.24,2.768421691579954
COFs,NARGP,46,12.305,2.768421691579954
COFs,NARGP,46,12.37,2.768421691579954
COFs,NARGP,46,13.37,2.768421691579954
COFs,NARGP,46,13.435,2.768421691579954
COFs,NARGP,46,13.5,2.768421691579954
COFs,NARGP,46,13.565,2.768421691579954
COFs,NARGP,46,13.63,2.768421691579954
COFs,NARGP,46,13.695,2.768421691579954
COFs,NARGP,46,13.76,2.768421691579954
COFs,NARGP,46,13.825,2.768421691579954
COFs,NARGP,46,13.89,2.768421691579954
COFs,NARGP,46,13.955,2.768421691579954
COFs,NARGP,46,14.02,2.768421691579954
COFs,NARGP,46,14.085,2.768421691579954
COFs,NARGP,46,14.15,2.768421691579954
COFs,NARGP,46,14.215,2.768421691579954
COFs,NARGP,46,14.28,2.768421691579954
COFs,NARGP,46,14.345,2.768421691579954
COFs,NARGP,46,15.345,2.768421691579954
COFs,NARGP,46,15.41,2.768421691579954
COFs,NARGP,46,15.475,2.768421691579954
COFs,NARGP,46,15.54,2.768421691579954
COFs,NARGP,46,15.605,2.768421691579954
COFs,NARGP,46,15.67,2.768421691579954
COFs,NARGP,46,15.735,2.768421691579954
COFs,NARGP,46,15.8,2.768421691579954
COFs,NARGP,46,15.865,2.768421691579954
COFs,NARGP,46,15.93,2.768421691579954
COFs,NARGP,46,15.995,2.768421691579954
COFs,NARGP,46,16.06,2.768421691579954
COFs,NARGP,46,16.125,2.768421691579954
COFs,NARGP,46,16.19,2.768421691579954
COFs,NARGP,46,16.255,2.768421691579954
COFs,NARGP,46,16.32,2.768421691579954
COFs,NARGP,46,17.32,2.768421691579954
COFs,NARGP,46,17.385,2.768421691579954
COFs,NARGP,46,17.45,2.768421691579954
COFs,NARGP,46,17.515,2.768421691579954
COFs,NARGP,46,17.58,2.768421691579954
COFs,NARGP,46,17.645,2.768421691579954
COFs,NARGP,46,17.71,2.768421691579954
COFs,NARGP,46,17.775,2.768421691579954
COFs,NARGP,46,17.84,2.768421691579954
COFs,NARGP,46,17.905,2.768421691579954
COFs,NARGP,46,17.97,2.768421691579954
COFs,NARGP,46,18.035,2.768421691579954
COFs,NARGP,46,18.1,2.768421691579954
COFs,NARGP,46,18.165,2.768421691579954
COFs,NARGP,46,18.23,2.768421691579954
COFs,NARGP,46,18.295,2.768421691579954
COFs,NARGP,46,19.295,2.768421691579954
COFs,NARGP,46,19.36,2.768421691579954
COFs,NARGP,46,19.425,2.768421691579954
COFs,NARGP,46,19.49,2.768421691579954
COFs,NARGP,46,19.555,2.768421691579954
COFs,NARGP,46,19.62,2.768421691579954
COFs,NARGP,46,19.685,2.768421691579954
COFs,NARGP,46,19.75,2.768421691579954
COFs,NARGP,46,19.815,2.768421691579954
COFs,NARGP,46,19.88,2.768421691579954
COFs,NARGP,46,19.945,2.768421691579954
COFs,NARGP,46,20.01,2.768421691579954
COFs,NARGP,46,20.075,2.768421691579954
COFs,NARGP,46,20.14,2.768421691579954
COFs,NARGP,46,20.205,2.768421691579954
COFs,NARGP,46,20.27,2.768421691579954
COFs,NARGP,46,21.27,2.768421691579954
COFs,NARGP,46,21.335,2.768421691579954
COFs,NARGP,46,21.4,2.768421691579954
COFs,NARGP,46,21.465,2.768421691579954
COFs,NARGP,46,21.53,2.768421691579954
COFs,NARGP,46,21.595,2.768421691579954
COFs,NARGP,46,21.66,2.768421691579954
COFs,NARGP,46,21.725,2.768421691579954
COFs,NARGP,46,21.79,2.768421691579954
COFs,NARGP,46,21.855,2.768421691579954
COFs,NARGP,46,21.92,2.768421691579954
COFs,NARGP,46,21.985,2.768421691579954
COFs,NARGP,46,22.05,2.768421691579954
COFs,NARGP,46,22.115,2.768421691579954
COFs,NARGP,46,22.18,2.768421691579954
COFs,NARGP,46,22.245,2.768421691579954
COFs,NARGP,46,23.245,2.768421691579954
COFs,NARGP,46,23.31,2.768421691579954
COFs,NARGP,46,23.375,2.768421691579954
COFs,NARGP,46,23.44,2.768421691579954
COFs,NARGP,46,23.505,2.768421691579954
COFs,NARGP,46,23.57,2.768421691579954
COFs,NARGP,46,23.635,2.768421691579954
COFs,NARGP,46,23.7,2.768421691579954
COFs,NARGP,46,23.765,2.768421691579954
COFs,NARGP,46,23.83,2.768421691579954
COFs,NARGP,46,23.895,2.768421691579954
COFs,NARGP,46,23.96,2.768421691579954
COFs,NARGP,46,24.025,2.768421691579954
COFs,NARGP,46,24.09,2.768421691579954
COFs,NARGP,46,24.155,2.768421691579954
COFs,NARGP,46,24.22,2.768421691579954
COFs,NARGP,46,25.22,2.768421691579954
COFs,NARGP,46,25.285,2.768421691579954
COFs,NARGP,46,25.35,2.768421691579954
COFs,NARGP,46,25.415,2.768421691579954
COFs,NARGP,46,25.48,2.768421691579954
COFs,NARGP,46,25.545,2.768421691579954
COFs,NARGP,46,25.61,2.768421691579954
COFs,NARGP,46,25.675,2.768421691579954
COFs,NARGP,46,25.74,2.768421691579954
COFs,NARGP,46,25.805,2.768421691579954
COFs,NARGP,46,25.87,2.768421691579954
COFs,NARGP,46,25.935,2.768421691579954
COFs,NARGP,46,26.0,2.768421691579954
COFs,NARGP,46,26.065,2.768421691579954
COFs,NARGP,46,26.13,2.768421691579954
COFs,NARGP,46,26.195,2.768421691579954
COFs,NARGP,46,27.195,2.768421691579954
COFs,NARGP,46,27.26,2.768421691579954
COFs,NARGP,46,27.325,2.768421691579954
COFs,NARGP,46,27.39,2.768421691579954
COFs,NARGP,46,27.455,2.768421691579954
COFs,NARGP,46,27.52,2.768421691579954
COFs,NARGP,46,27.585,2.768421691579954
COFs,NARGP,46,27.65,2.768421691579954
COFs,NARGP,46,27.715,2.768421691579954
COFs,NARGP,46,27.78,2.768421691579954
COFs,NARGP,46,27.845,2.768421691579954
COFs,NARGP,46,27.91,2.768421691579954
COFs,NARGP,46,27.975,2.768421691579954
COFs,NARGP,46,28.04,2.768421691579954
COFs,NARGP,46,28.105,2.768421691579954
COFs,NARGP,46,28.17,2.768421691579954
COFs,NARGP,46,29.17,2.768421691579954
COFs,NARGP,46,29.235,2.768421691579954
COFs,NARGP,46,29.3,2.768421691579954
COFs,NARGP,46,29.365,2.768421691579954
COFs,NARGP,46,29.43,2.768421691579954
COFs,NARGP,46,29.495,2.768421691579954
COFs,NARGP,46,29.56,2.768421691579954
COFs,NARGP,46,29.625,2.768421691579954
COFs,NARGP,46,29.69,2.768421691579954
COFs,NARGP,46,29.755,2.768421691579954
COFs,NARGP,46,29.82,2.768421691579954
COFs,NARGP,46,29.885,2.768421691579954
COFs,NARGP,46,29.95,2.768421691579954
COFs,NARGP,47,3.495,12.286313844166015
COFs,NARGP,47,3.56,12.286313844166015
COFs,NARGP,47,3.625,12.286313844166015
COFs,NARGP,47,3.69,12.286313844166015
COFs,NARGP,47,3.755,12.286313844166015
COFs,NARGP,47,3.82,12.286313844166015
COFs,NARGP,47,3.885,12.286313844166015
COFs,NARGP,47,3.95,12.286313844166015
COFs,NARGP,47,4.015,12.286313844166015
COFs,NARGP,47,4.08,12.286313844166015
COFs,NARGP,47,4.145,12.286313844166015
COFs,NARGP,47,4.21,12.286313844166015
COFs,NARGP,47,4.275,12.286313844166015
COFs,NARGP,47,4.34,12.286313844166015
COFs,NARGP,47,4.405,12.286313844166015
COFs,NARGP,47,4.47,12.286313844166015
COFs,NARGP,47,5.47,12.286313844166015
COFs,NARGP,47,5.535,12.286313844166015
COFs,NARGP,47,5.6,12.286313844166015
COFs,NARGP,47,5.665,12.286313844166015
COFs,NARGP,47,5.73,12.286313844166015
COFs,NARGP,47,5.795,12.286313844166015
COFs,NARGP,47,5.86,12.286313844166015
COFs,NARGP,47,5.925,12.286313844166015
COFs,NARGP,47,5.99,12.286313844166015
COFs,NARGP,47,6.055,12.286313844166015
COFs,NARGP,47,6.12,12.286313844166015
COFs,NARGP,47,6.185,12.286313844166015
COFs,NARGP,47,6.25,12.286313844166015
COFs,NARGP,47,6.315,12.286313844166015
COFs,NARGP,47,6.38,12.286313844166015
COFs,NARGP,47,6.445,12.286313844166015
COFs,NARGP,47,7.445,12.286313844166015
COFs,NARGP,47,7.51,12.286313844166015
COFs,NARGP,47,7.575,12.286313844166015
COFs,NARGP,47,7.64,12.286313844166015
COFs,NARGP,47,7.705,12.286313844166015
COFs,NARGP,47,7.77,12.286313844166015
COFs,NARGP,47,7.835,12.286313844166015
COFs,NARGP,47,7.9,12.286313844166015
COFs,NARGP,47,7.965,12.286313844166015
COFs,NARGP,47,8.03,12.286313844166015
COFs,NARGP,47,8.095,12.286313844166015
COFs,NARGP,47,8.16,12.286313844166015
COFs,NARGP,47,8.225,12.286313844166015
COFs,NARGP,47,8.29,12.286313844166015
COFs,NARGP,47,8.355,12.286313844166015
COFs,NARGP,47,8.42,12.286313844166015
COFs,NARGP,47,9.42,10.90904598655704
COFs,NARGP,47,9.485,10.90904598655704
COFs,NARGP,47,9.55,10.90904598655704
COFs,NARGP,47,9.615,10.90904598655704
COFs,NARGP,47,9.68,10.90904598655704
COFs,NARGP,47,9.745,10.90904598655704
COFs,NARGP,47,9.81,10.90904598655704
COFs,NARGP,47,9.875,10.90904598655704
COFs,NARGP,47,9.94,10.90904598655704
COFs,NARGP,47,10.005,10.90904598655704
COFs,NARGP,47,10.07,10.90904598655704
COFs,NARGP,47,10.135,10.90904598655704
COFs,NARGP,47,10.2,10.90904598655704
COFs,NARGP,47,10.265,10.90904598655704
COFs,NARGP,47,10.33,10.90904598655704
COFs,NARGP,47,10.395,10.90904598655704
COFs,NARGP,47,11.395,10.90904598655704
COFs,NARGP,47,11.46,10.90904598655704
COFs,NARGP,47,11.525,10.90904598655704
COFs,NARGP,47,11.59,10.90904598655704
COFs,NARGP,47,11.655,10.90904598655704
COFs,NARGP,47,11.72,10.90904598655704
COFs,NARGP,47,11.785,10.90904598655704
COFs,NARGP,47,11.85,10.90904598655704
COFs,NARGP,47,11.915,10.90904598655704
COFs,NARGP,47,11.98,10.90904598655704
COFs,NARGP,47,12.045,10.90904598655704
COFs,NARGP,47,12.11,10.90904598655704
COFs,NARGP,47,12.175,10.90904598655704
COFs,NARGP,47,12.24,10.90904598655704
COFs,NARGP,47,12.305,10.90904598655704
COFs,NARGP,47,12.37,10.90904598655704
COFs,NARGP,47,13.37,10.90904598655704
COFs,NARGP,47,13.435,10.90904598655704
COFs,NARGP,47,13.5,10.90904598655704
COFs,NARGP,47,13.565,10.90904598655704
COFs,NARGP,47,13.63,10.90904598655704
COFs,NARGP,47,13.695,10.90904598655704
COFs,NARGP,47,13.76,10.90904598655704
COFs,NARGP,47,13.825,10.90904598655704
COFs,NARGP,47,13.89,10.90904598655704
COFs,NARGP,47,13.955,10.90904598655704
COFs,NARGP,47,14.02,10.90904598655704
COFs,NARGP,47,14.085,10.90904598655704
COFs,NARGP,47,14.15,10.90904598655704
COFs,NARGP,47,14.215,10.90904598655704
COFs,NARGP,47,14.28,10.90904598655704
COFs,NARGP,47,14.345,10.90904598655704
COFs,NARGP,47,15.345,10.90904598655704
COFs,NARGP,47,15.41,10.90904598655704
COFs,NARGP,47,15.475,10.90904598655704
COFs,NARGP,47,15.54,10.90904598655704
COFs,NARGP,47,15.605,10.90904598655704
COFs,NARGP,47,15.67,10.90904598655704
COFs,NARGP,47,15.735,10.90904598655704
COFs,NARGP,47,15.8,10.90904598655704
COFs,NARGP,47,15.865,10.90904598655704
COFs,NARGP,47,15.93,10.90904598655704
COFs,NARGP,47,15.995,10.90904598655704
COFs,NARGP,47,16.06,10.90904598655704
COFs,NARGP,47,16.125,10.90904598655704
COFs,NARGP,47,16.19,10.90904598655704
COFs,NARGP,47,16.255,10.90904598655704
COFs,NARGP,47,16.32,10.90904598655704
COFs,NARGP,47,17.32,10.90904598655704
COFs,NARGP,47,17.385,10.90904598655704
COFs,NARGP,47,17.45,10.90904598655704
COFs,NARGP,47,17.515,10.90904598655704
COFs,NARGP,47,17.58,10.90904598655704
COFs,NARGP,47,17.645,10.90904598655704
COFs,NARGP,47,17.71,10.90904598655704
COFs,NARGP,47,17.775,10.90904598655704
COFs,NARGP,47,17.84,10.90904598655704
COFs,NARGP,47,17.905,10.90904598655704
COFs,NARGP,47,17.97,10.90904598655704
COFs,NARGP,47,18.035,10.90904598655704
COFs,NARGP,47,18.1,10.90904598655704
COFs,NARGP,47,18.165,10.90904598655704
COFs,NARGP,47,18.23,10.90904598655704
COFs,NARGP,47,18.295,10.90904598655704
COFs,NARGP,47,19.295,10.90904598655704
COFs,NARGP,47,19.36,10.90904598655704
COFs,NARGP,47,19.425,10.90904598655704
COFs,NARGP,47,19.49,10.90904598655704
COFs,NARGP,47,19.555,10.90904598655704
COFs,NARGP,47,19.62,10.90904598655704
COFs,NARGP,47,19.685,10.90904598655704
COFs,NARGP,47,19.75,10.90904598655704
COFs,NARGP,47,19.815,10.90904598655704
COFs,NARGP,47,19.88,10.90904598655704
COFs,NARGP,47,19.945,10.90904598655704
COFs,NARGP,47,20.01,10.90904598655704
COFs,NARGP,47,20.075,10.90904598655704
COFs,NARGP,47,20.14,10.90904598655704
COFs,NARGP,47,20.205,10.90904598655704
COFs,NARGP,47,20.27,10.90904598655704
COFs,NARGP,47,21.27,10.90904598655704
COFs,NARGP,47,21.335,10.90904598655704
COFs,NARGP,47,21.4,10.90904598655704
COFs,NARGP,47,21.465,10.90904598655704
COFs,NARGP,47,21.53,10.90904598655704
COFs,NARGP,47,21.595,10.90904598655704
COFs,NARGP,47,21.66,10.90904598655704
COFs,NARGP,47,21.725,10.90904598655704
COFs,NARGP,47,21.79,10.90904598655704
COFs,NARGP,47,21.855,10.90904598655704
COFs,NARGP,47,21.92,10.90904598655704
COFs,NARGP,47,21.985,10.90904598655704
COFs,NARGP,47,22.05,10.90904598655704
COFs,NARGP,47,22.115,10.90904598655704
COFs,NARGP,47,22.18,10.90904598655704
COFs,NARGP,47,22.245,10.90904598655704
COFs,NARGP,47,23.245,10.90904598655704
COFs,NARGP,47,23.31,10.90904598655704
COFs,NARGP,47,23.375,10.90904598655704
COFs,NARGP,47,23.44,10.90904598655704
COFs,NARGP,47,23.505,10.90904598655704
COFs,NARGP,47,23.57,10.90904598655704
COFs,NARGP,47,23.635,10.90904598655704
COFs,NARGP,47,23.7,10.90904598655704
COFs,NARGP,47,23.765,10.90904598655704
COFs,NARGP,47,23.83,10.90904598655704
COFs,NARGP,47,23.895,10.90904598655704
COFs,NARGP,47,23.96,10.90904598655704
COFs,NARGP,47,24.025,10.90904598655704
COFs,NARGP,47,24.09,10.90904598655704
COFs,NARGP,47,24.155,10.90904598655704
COFs,NARGP,47,24.22,10.90904598655704
COFs,NARGP,47,25.22,10.90904598655704
COFs,NARGP,47,25.285,10.90904598655704
COFs,NARGP,47,25.35,10.90904598655704
COFs,NARGP,47,25.415,10.90904598655704
COFs,NARGP,47,25.48,10.90904598655704
COFs,NARGP,47,25.545,10.90904598655704
COFs,NARGP,47,25.61,10.90904598655704
COFs,NARGP,47,25.675,10.90904598655704
COFs,NARGP,47,25.74,10.90904598655704
COFs,NARGP,47,25.805,10.90904598655704
COFs,NARGP,47,25.87,10.90904598655704
COFs,NARGP,47,25.935,10.90904598655704
COFs,NARGP,47,26.0,10.90904598655704
COFs,NARGP,47,26.065,10.90904598655704
COFs,NARGP,47,26.13,10.90904598655704
COFs,NARGP,47,26.195,10.90904598655704
COFs,NARGP,47,27.195,10.90904598655704
COFs,NARGP,47,27.26,10.90904598655704
COFs,NARGP,47,27.325,10.90904598655704
COFs,NARGP,47,27.39,10.90904598655704
COFs,NARGP,47,27.455,10.90904598655704
COFs,NARGP,47,27.52,10.90904598655704
COFs,NARGP,47,27.585,10.90904598655704
COFs,NARGP,47,27.65,10.90904598655704
COFs,NARGP,47,27.715,10.90904598655704
COFs,NARGP,47,27.78,10.90904598655704
COFs,NARGP,47,27.845,10.90904598655704
COFs,NARGP,47,27.91,10.90904598655704
COFs,NARGP,47,27.975,10.90904598655704
COFs,NARGP,47,28.04,10.90904598655704
COFs,NARGP,47,28.105,10.90904598655704
COFs,NARGP,47,28.17,10.90904598655704
COFs,NARGP,47,29.17,10.90904598655704
COFs,NARGP,47,29.235,10.90904598655704
COFs,NARGP,47,29.3,10.90904598655704
COFs,NARGP,47,29.365,10.90904598655704
COFs,NARGP,47,29.43,10.90904598655704
COFs,NARGP,47,29.495,10.90904598655704
COFs,NARGP,47,29.56,10.90904598655704
COFs,NARGP,47,29.625,10.90904598655704
COFs,NARGP,47,29.69,10.90904598655704
COFs,NARGP,47,29.755,10.90904598655704
COFs,NARGP,47,29.82,10.90904598655704
COFs,NARGP,47,29.885,10.90904598655704
COFs,NARGP,47,29.95,10.90904598655704
COFs,NARGP,48,3.495,14.284141411021764
COFs,NARGP,48,3.56,14.284141411021764
COFs,NARGP,48,3.625,14.284141411021764
COFs,NARGP,48,3.69,14.284141411021764
COFs,NARGP,48,3.755,14.284141411021764
COFs,NARGP,48,3.82,14.284141411021764
COFs,NARGP,48,3.885,14.284141411021764
COFs,NARGP,48,3.95,14.284141411021764
COFs,NARGP,48,4.015,14.284141411021764
COFs,NARGP,48,4.08,14.284141411021764
COFs,NARGP,48,4.145,14.284141411021764
COFs,NARGP,48,4.21,14.284141411021764
COFs,NARGP,48,4.275,14.284141411021764
COFs,NARGP,48,4.34,14.284141411021764
COFs,NARGP,48,4.405,14.284141411021764
COFs,NARGP,48,4.47,14.284141411021764
COFs,NARGP,48,5.47,14.284141411021764
COFs,NARGP,48,5.535,14.284141411021764
COFs,NARGP,48,5.6,14.284141411021764
COFs,NARGP,48,5.665,14.284141411021764
COFs,NARGP,48,5.73,14.284141411021764
COFs,NARGP,48,5.795,14.284141411021764
COFs,NARGP,48,5.86,14.284141411021764
COFs,NARGP,48,5.925,14.284141411021764
COFs,NARGP,48,5.99,14.284141411021764
COFs,NARGP,48,6.055,14.284141411021764
COFs,NARGP,48,6.12,14.284141411021764
COFs,NARGP,48,6.185,14.284141411021764
COFs,NARGP,48,6.25,14.284141411021764
COFs,NARGP,48,6.315,14.284141411021764
COFs,NARGP,48,6.38,14.284141411021764
COFs,NARGP,48,6.445,14.284141411021764
COFs,NARGP,48,7.445,14.284141411021764
COFs,NARGP,48,7.51,14.284141411021764
COFs,NARGP,48,7.575,14.284141411021764
COFs,NARGP,48,7.64,14.284141411021764
COFs,NARGP,48,7.705,14.284141411021764
COFs,NARGP,48,7.77,14.284141411021764
COFs,NARGP,48,7.835,14.284141411021764
COFs,NARGP,48,7.9,14.284141411021764
COFs,NARGP,48,7.965,14.284141411021764
COFs,NARGP,48,8.03,14.284141411021764
COFs,NARGP,48,8.095,14.284141411021764
COFs,NARGP,48,8.16,14.284141411021764
COFs,NARGP,48,8.225,14.284141411021764
COFs,NARGP,48,8.29,14.284141411021764
COFs,NARGP,48,8.355,14.284141411021764
COFs,NARGP,48,8.42,14.284141411021764
COFs,NARGP,48,9.42,14.284141411021764
COFs,NARGP,48,9.485,14.284141411021764
COFs,NARGP,48,9.55,14.284141411021764
COFs,NARGP,48,9.615,14.284141411021764
COFs,NARGP,48,9.68,14.284141411021764
COFs,NARGP,48,9.745,14.284141411021764
COFs,NARGP,48,9.81,14.284141411021764
COFs,NARGP,48,9.875,14.284141411021764
COFs,NARGP,48,9.94,14.284141411021764
COFs,NARGP,48,10.005,14.284141411021764
COFs,NARGP,48,10.07,14.284141411021764
COFs,NARGP,48,10.135,14.284141411021764
COFs,NARGP,48,10.2,14.284141411021764
COFs,NARGP,48,10.265,14.284141411021764
COFs,NARGP,48,10.33,14.284141411021764
COFs,NARGP,48,10.395,14.284141411021764
COFs,NARGP,48,11.395,14.284141411021764
COFs,NARGP,48,11.46,14.284141411021764
COFs,NARGP,48,11.525,14.284141411021764
COFs,NARGP,48,11.59,14.284141411021764
COFs,NARGP,48,11.655,14.284141411021764
COFs,NARGP,48,11.72,14.284141411021764
COFs,NARGP,48,11.785,14.284141411021764
COFs,NARGP,48,11.85,14.284141411021764
COFs,NARGP,48,11.915,14.284141411021764
COFs,NARGP,48,11.98,14.284141411021764
COFs,NARGP,48,12.045,14.284141411021764
COFs,NARGP,48,12.11,14.284141411021764
COFs,NARGP,48,12.175,14.284141411021764
COFs,NARGP,48,12.24,14.284141411021764
COFs,NARGP,48,12.305,14.284141411021764
COFs,NARGP,48,12.37,14.284141411021764
COFs,NARGP,48,13.37,14.284141411021764
COFs,NARGP,48,13.435,14.284141411021764
COFs,NARGP,48,13.5,14.284141411021764
COFs,NARGP,48,13.565,14.284141411021764
COFs,NARGP,48,13.63,14.284141411021764
COFs,NARGP,48,13.695,14.284141411021764
COFs,NARGP,48,13.76,14.284141411021764
COFs,NARGP,48,13.825,14.284141411021764
COFs,NARGP,48,13.89,14.284141411021764
COFs,NARGP,48,13.955,14.284141411021764
COFs,NARGP,48,14.02,14.284141411021764
COFs,NARGP,48,14.085,14.284141411021764
COFs,NARGP,48,14.15,14.284141411021764
COFs,NARGP,48,14.215,14.284141411021764
COFs,NARGP,48,14.28,14.284141411021764
COFs,NARGP,48,14.345,14.284141411021764
COFs,NARGP,48,15.345,14.284141411021764
COFs,NARGP,48,15.41,14.284141411021764
COFs,NARGP,48,15.475,14.284141411021764
COFs,NARGP,48,15.54,14.284141411021764
COFs,NARGP,48,15.605,14.284141411021764
COFs,NARGP,48,15.67,14.284141411021764
COFs,NARGP,48,15.735,14.284141411021764
COFs,NARGP,48,15.8,14.284141411021764
COFs,NARGP,48,15.865,14.284141411021764
COFs,NARGP,48,15.93,14.284141411021764
COFs,NARGP,48,15.995,14.284141411021764
COFs,NARGP,48,16.06,14.284141411021764
COFs,NARGP,48,16.125,14.284141411021764
COFs,NARGP,48,16.19,14.284141411021764
COFs,NARGP,48,16.255,14.284141411021764
COFs,NARGP,48,16.32,14.284141411021764
COFs,NARGP,48,17.32,14.284141411021764
COFs,NARGP,48,17.385,14.284141411021764
COFs,NARGP,48,17.45,14.284141411021764
COFs,NARGP,48,17.515,14.284141411021764
COFs,NARGP,48,17.58,14.284141411021764
COFs,NARGP,48,17.645,14.284141411021764
COFs,NARGP,48,17.71,14.284141411021764
COFs,NARGP,48,17.775,14.284141411021764
COFs,NARGP,48,17.84,14.284141411021764
COFs,NARGP,48,17.905,14.284141411021764
COFs,NARGP,48,17.97,14.284141411021764
COFs,NARGP,48,18.035,14.284141411021764
COFs,NARGP,48,18.1,14.284141411021764
COFs,NARGP,48,18.165,14.284141411021764
COFs,NARGP,48,18.23,14.284141411021764
COFs,NARGP,48,18.295,14.284141411021764
COFs,NARGP,48,19.295,12.630282705389106
COFs,NARGP,48,19.36,12.630282705389106
COFs,NARGP,48,19.425,12.630282705389106
COFs,NARGP,48,19.49,12.630282705389106
COFs,NARGP,48,19.555,12.630282705389106
COFs,NARGP,48,19.62,12.630282705389106
COFs,NARGP,48,19.685,12.630282705389106
COFs,NARGP,48,19.75,12.630282705389106
COFs,NARGP,48,19.815,12.630282705389106
COFs,NARGP,48,19.88,12.630282705389106
COFs,NARGP,48,19.945,12.630282705389106
COFs,NARGP,48,20.01,12.630282705389106
COFs,NARGP,48,20.075,12.630282705389106
COFs,NARGP,48,20.14,12.630282705389106
COFs,NARGP,48,20.205,12.630282705389106
COFs,NARGP,48,20.27,12.630282705389106
COFs,NARGP,48,21.27,12.630282705389106
COFs,NARGP,48,21.335,12.630282705389106
COFs,NARGP,48,21.4,12.630282705389106
COFs,NARGP,48,21.465,12.630282705389106
COFs,NARGP,48,21.53,12.630282705389106
COFs,NARGP,48,21.595,12.630282705389106
COFs,NARGP,48,21.66,12.630282705389106
COFs,NARGP,48,21.725,12.630282705389106
COFs,NARGP,48,21.79,12.630282705389106
COFs,NARGP,48,21.855,12.630282705389106
COFs,NARGP,48,21.92,12.630282705389106
COFs,NARGP,48,21.985,12.630282705389106
COFs,NARGP,48,22.05,12.630282705389106
COFs,NARGP,48,22.115,12.630282705389106
COFs,NARGP,48,22.18,12.630282705389106
COFs,NARGP,48,22.245,12.630282705389106
COFs,NARGP,48,23.245,12.630282705389106
COFs,NARGP,48,23.31,12.630282705389106
COFs,NARGP,48,23.375,12.630282705389106
COFs,NARGP,48,23.44,12.630282705389106
COFs,NARGP,48,23.505,12.630282705389106
COFs,NARGP,48,23.57,12.630282705389106
COFs,NARGP,48,23.635,12.630282705389106
COFs,NARGP,48,23.7,12.630282705389106
COFs,NARGP,48,23.765,12.630282705389106
COFs,NARGP,48,23.83,12.630282705389106
COFs,NARGP,48,23.895,12.630282705389106
COFs,NARGP,48,23.96,12.630282705389106
COFs,NARGP,48,24.025,12.630282705389106
COFs,NARGP,48,24.09,12.630282705389106
COFs,NARGP,48,24.155,12.630282705389106
COFs,NARGP,48,24.22,12.630282705389106
COFs,NARGP,48,25.22,12.630282705389106
COFs,NARGP,48,25.285,12.630282705389106
COFs,NARGP,48,25.35,12.630282705389106
COFs,NARGP,48,25.415,12.630282705389106
COFs,NARGP,48,25.48,12.630282705389106
COFs,NARGP,48,25.545,12.630282705389106
COFs,NARGP,48,25.61,12.630282705389106
COFs,NARGP,48,25.675,12.630282705389106
COFs,NARGP,48,25.74,12.630282705389106
COFs,NARGP,48,25.805,12.630282705389106
COFs,NARGP,48,25.87,12.630282705389106
COFs,NARGP,48,25.935,12.630282705389106
COFs,NARGP,48,26.0,12.630282705389106
COFs,NARGP,48,26.065,12.630282705389106
COFs,NARGP,48,26.13,12.630282705389106
COFs,NARGP,48,26.195,12.630282705389106
COFs,NARGP,48,27.195,12.630282705389106
COFs,NARGP,48,27.26,12.630282705389106
COFs,NARGP,48,27.325,12.630282705389106
COFs,NARGP,48,27.39,12.630282705389106
COFs,NARGP,48,27.455,12.630282705389106
COFs,NARGP,48,27.52,12.630282705389106
COFs,NARGP,48,27.585,12.630282705389106
COFs,NARGP,48,27.65,12.630282705389106
COFs,NARGP,48,27.715,12.630282705389106
COFs,NARGP,48,27.78,12.630282705389106
COFs,NARGP,48,27.845,12.630282705389106
COFs,NARGP,48,27.91,12.630282705389106
COFs,NARGP,48,27.975,12.630282705389106
COFs,NARGP,48,28.04,12.630282705389106
COFs,NARGP,48,28.105,12.630282705389106
COFs,NARGP,48,28.17,12.630282705389106
COFs,NARGP,48,29.17,12.381929340315477
COFs,NARGP,48,29.235,12.381929340315477
COFs,NARGP,48,29.3,12.381929340315477
COFs,NARGP,48,29.365,12.381929340315477
COFs,NARGP,48,29.43,12.381929340315477
COFs,NARGP,48,29.495,12.381929340315477
COFs,NARGP,48,29.56,12.381929340315477
COFs,NARGP,48,29.625,12.381929340315477
COFs,NARGP,48,29.69,12.381929340315477
COFs,NARGP,48,29.755,12.381929340315477
COFs,NARGP,48,29.82,12.381929340315477
COFs,NARGP,48,29.885,12.381929340315477
COFs,NARGP,48,29.95,12.381929340315477
COFs,NARGP,49,3.495,12.286313844166015
COFs,NARGP,49,3.56,12.286313844166015
COFs,NARGP,49,3.625,12.286313844166015
COFs,NARGP,49,3.69,12.286313844166015
COFs,NARGP,49,3.755,12.286313844166015
COFs,NARGP,49,3.82,12.286313844166015
COFs,NARGP,49,3.885,12.286313844166015
COFs,NARGP,49,3.95,12.286313844166015
COFs,NARGP,49,4.015,12.286313844166015
COFs,NARGP,49,4.08,12.286313844166015
COFs,NARGP,49,4.145,12.286313844166015
COFs,NARGP,49,4.21,12.286313844166015
COFs,NARGP,49,4.275,12.286313844166015
COFs,NARGP,49,4.34,12.286313844166015
COFs,NARGP,49,4.405,12.286313844166015
COFs,NARGP,49,4.47,12.286313844166015
COFs,NARGP,49,5.47,12.286313844166015
COFs,NARGP,49,5.535,12.286313844166015
COFs,NARGP,49,5.6,12.286313844166015
COFs,NARGP,49,5.665,12.286313844166015
COFs,NARGP,49,5.73,12.286313844166015
COFs,NARGP,49,5.795,12.286313844166015
COFs,NARGP,49,5.86,12.286313844166015
COFs,NARGP,49,5.925,12.286313844166015
COFs,NARGP,49,5.99,12.286313844166015
COFs,NARGP,49,6.055,12.286313844166015
COFs,NARGP,49,6.12,12.286313844166015
COFs,NARGP,49,6.185,12.286313844166015
COFs,NARGP,49,6.25,12.286313844166015
COFs,NARGP,49,6.315,12.286313844166015
COFs,NARGP,49,6.38,12.286313844166015
COFs,NARGP,49,6.445,12.286313844166015
COFs,NARGP,49,7.445,12.286313844166015
COFs,NARGP,49,7.51,12.286313844166015
COFs,NARGP,49,7.575,12.286313844166015
COFs,NARGP,49,7.64,12.286313844166015
COFs,NARGP,49,7.705,12.286313844166015
COFs,NARGP,49,7.77,12.286313844166015
COFs,NARGP,49,7.835,12.286313844166015
COFs,NARGP,49,7.9,12.286313844166015
COFs,NARGP,49,7.965,12.286313844166015
COFs,NARGP,49,8.03,12.286313844166015
COFs,NARGP,49,8.095,12.286313844166015
COFs,NARGP,49,8.16,12.286313844166015
COFs,NARGP,49,8.225,12.286313844166015
COFs,NARGP,49,8.29,12.286313844166015
COFs,NARGP,49,8.355,12.286313844166015
COFs,NARGP,49,8.42,12.286313844166015
COFs,NARGP,49,9.42,12.286313844166015
COFs,NARGP,49,9.485,12.286313844166015
COFs,NARGP,49,9.55,12.286313844166015
COFs,NARGP,49,9.615,12.286313844166015
COFs,NARGP,49,9.68,12.286313844166015
COFs,NARGP,49,9.745,12.286313844166015
COFs,NARGP,49,9.81,12.286313844166015
COFs,NARGP,49,9.875,12.286313844166015
COFs,NARGP,49,9.94,12.286313844166015
COFs,NARGP,49,10.005,12.286313844166015
COFs,NARGP,49,10.07,12.286313844166015
COFs,NARGP,49,10.135,12.286313844166015
COFs,NARGP,49,10.2,12.286313844166015
COFs,NARGP,49,10.265,12.286313844166015
COFs,NARGP,49,10.33,12.286313844166015
COFs,NARGP,49,10.395,12.286313844166015
COFs,NARGP,49,11.395,12.286313844166015
COFs,NARGP,49,11.46,12.286313844166015
COFs,NARGP,49,11.525,12.286313844166015
COFs,NARGP,49,11.59,12.286313844166015
COFs,NARGP,49,11.655,12.286313844166015
COFs,NARGP,49,11.72,12.286313844166015
COFs,NARGP,49,11.785,12.286313844166015
COFs,NARGP,49,11.85,12.286313844166015
COFs,NARGP,49,11.915,12.286313844166015
COFs,NARGP,49,11.98,12.286313844166015
COFs,NARGP,49,12.045,12.286313844166015
COFs,NARGP,49,12.11,12.286313844166015
COFs,NARGP,49,12.175,12.286313844166015
COFs,NARGP,49,12.24,12.286313844166015
COFs,NARGP,49,12.305,12.286313844166015
COFs,NARGP,49,12.37,12.286313844166015
COFs,NARGP,49,13.37,11.653438568976892
COFs,NARGP,49,13.435,11.653438568976892
COFs,NARGP,49,13.5,11.653438568976892
COFs,NARGP,49,13.565,11.653438568976892
COFs,NARGP,49,13.63,11.653438568976892
COFs,NARGP,49,13.695,11.653438568976892
COFs,NARGP,49,13.76,11.653438568976892
COFs,NARGP,49,13.825,11.653438568976892
COFs,NARGP,49,13.89,11.653438568976892
COFs,NARGP,49,13.955,11.653438568976892
COFs,NARGP,49,14.02,11.653438568976892
COFs,NARGP,49,14.085,11.653438568976892
COFs,NARGP,49,14.15,11.653438568976892
COFs,NARGP,49,14.215,11.653438568976892
COFs,NARGP,49,14.28,11.653438568976892
COFs,NARGP,49,14.345,11.653438568976892
COFs,NARGP,49,15.345,11.653438568976892
COFs,NARGP,49,15.41,11.653438568976892
COFs,NARGP,49,15.475,11.653438568976892
COFs,NARGP,49,15.54,11.653438568976892
COFs,NARGP,49,15.605,11.653438568976892
COFs,NARGP,49,15.67,11.653438568976892
COFs,NARGP,49,15.735,11.653438568976892
COFs,NARGP,49,15.8,11.653438568976892
COFs,NARGP,49,15.865,11.653438568976892
COFs,NARGP,49,15.93,11.653438568976892
COFs,NARGP,49,15.995,11.653438568976892
COFs,NARGP,49,16.06,11.653438568976892
COFs,NARGP,49,16.125,11.653438568976892
COFs,NARGP,49,16.19,11.653438568976892
COFs,NARGP,49,16.255,11.653438568976892
COFs,NARGP,49,16.32,11.653438568976892
COFs,NARGP,49,17.32,11.653438568976892
COFs,NARGP,49,17.385,11.653438568976892
COFs,NARGP,49,17.45,11.653438568976892
COFs,NARGP,49,17.515,11.653438568976892
COFs,NARGP,49,17.58,11.653438568976892
COFs,NARGP,49,17.645,11.653438568976892
COFs,NARGP,49,17.71,11.653438568976892
COFs,NARGP,49,17.775,11.653438568976892
COFs,NARGP,49,17.84,11.653438568976892
COFs,NARGP,49,17.905,11.653438568976892
COFs,NARGP,49,17.97,11.653438568976892
COFs,NARGP,49,18.035,11.653438568976892
COFs,NARGP,49,18.1,11.653438568976892
COFs,NARGP,49,18.165,11.653438568976892
COFs,NARGP,49,18.23,11.653438568976892
COFs,NARGP,49,18.295,11.653438568976892
COFs,NARGP,49,19.295,11.653438568976892
COFs,NARGP,49,19.36,11.653438568976892
COFs,NARGP,49,19.425,11.653438568976892
COFs,NARGP,49,19.49,11.653438568976892
COFs,NARGP,49,19.555,11.653438568976892
COFs,NARGP,49,19.62,11.653438568976892
COFs,NARGP,49,19.685,11.653438568976892
COFs,NARGP,49,19.75,11.653438568976892
COFs,NARGP,49,19.815,11.653438568976892
COFs,NARGP,49,19.88,11.653438568976892
COFs,NARGP,49,19.945,11.653438568976892
COFs,NARGP,49,20.01,11.653438568976892
COFs,NARGP,49,20.075,11.653438568976892
COFs,NARGP,49,20.14,11.653438568976892
COFs,NARGP,49,20.205,11.653438568976892
COFs,NARGP,49,20.27,11.653438568976892
COFs,NARGP,49,21.27,10.90904598655704
COFs,NARGP,49,21.335,10.90904598655704
COFs,NARGP,49,21.4,10.90904598655704
COFs,NARGP,49,21.465,10.90904598655704
COFs,NARGP,49,21.53,10.90904598655704
COFs,NARGP,49,21.595,10.90904598655704
COFs,NARGP,49,21.66,10.90904598655704
COFs,NARGP,49,21.725,10.90904598655704
COFs,NARGP,49,21.79,10.90904598655704
COFs,NARGP,49,21.855,10.90904598655704
COFs,NARGP,49,21.92,10.90904598655704
COFs,NARGP,49,21.985,10.90904598655704
COFs,NARGP,49,22.05,10.90904598655704
COFs,NARGP,49,22.115,10.90904598655704
COFs,NARGP,49,22.18,10.90904598655704
COFs,NARGP,49,22.245,10.90904598655704
COFs,NARGP,49,23.245,10.90904598655704
COFs,NARGP,49,23.31,10.90904598655704
COFs,NARGP,49,23.375,10.90904598655704
COFs,NARGP,49,23.44,10.90904598655704
COFs,NARGP,49,23.505,10.90904598655704
COFs,NARGP,49,23.57,10.90904598655704
COFs,NARGP,49,23.635,10.90904598655704
COFs,NARGP,49,23.7,10.90904598655704
COFs,NARGP,49,23.765,10.90904598655704
COFs,NARGP,49,23.83,10.90904598655704
COFs,NARGP,49,23.895,10.90904598655704
COFs,NARGP,49,23.96,10.90904598655704
COFs,NARGP,49,24.025,10.90904598655704
COFs,NARGP,49,24.09,10.90904598655704
COFs,NARGP,49,24.155,10.90904598655704
COFs,NARGP,49,24.22,10.90904598655704
COFs,NARGP,49,25.22,10.90904598655704
COFs,NARGP,49,25.285,10.90904598655704
COFs,NARGP,49,25.35,10.90904598655704
COFs,NARGP,49,25.415,10.90904598655704
COFs,NARGP,49,25.48,10.90904598655704
COFs,NARGP,49,25.545,10.90904598655704
COFs,NARGP,49,25.61,10.90904598655704
COFs,NARGP,49,25.675,10.90904598655704
COFs,NARGP,49,25.74,10.90904598655704
COFs,NARGP,49,25.805,10.90904598655704
COFs,NARGP,49,25.87,10.90904598655704
COFs,NARGP,49,25.935,10.90904598655704
COFs,NARGP,49,26.0,10.90904598655704
COFs,NARGP,49,26.065,10.90904598655704
COFs,NARGP,49,26.13,10.90904598655704
COFs,NARGP,49,26.195,10.90904598655704
COFs,NARGP,49,27.195,10.90904598655704
COFs,NARGP,49,27.26,10.90904598655704
COFs,NARGP,49,27.325,10.90904598655704
COFs,NARGP,49,27.39,10.90904598655704
COFs,NARGP,49,27.455,10.90904598655704
COFs,NARGP,49,27.52,10.90904598655704
COFs,NARGP,49,27.585,10.90904598655704
COFs,NARGP,49,27.65,10.90904598655704
COFs,NARGP,49,27.715,10.90904598655704
COFs,NARGP,49,27.78,10.90904598655704
COFs,NARGP,49,27.845,10.90904598655704
COFs,NARGP,49,27.91,10.90904598655704
COFs,NARGP,49,27.975,10.90904598655704
COFs,NARGP,49,28.04,10.90904598655704
COFs,NARGP,49,28.105,10.90904598655704
COFs,NARGP,49,28.17,10.90904598655704
COFs,NARGP,49,29.17,10.90904598655704
COFs,NARGP,49,29.235,10.90904598655704
COFs,NARGP,49,29.3,10.90904598655704
COFs,NARGP,49,29.365,10.90904598655704
COFs,NARGP,49,29.43,10.90904598655704
COFs,NARGP,49,29.495,10.90904598655704
COFs,NARGP,49,29.56,10.90904598655704
COFs,NARGP,49,29.625,10.90904598655704
COFs,NARGP,49,29.69,10.90904598655704
COFs,NARGP,49,29.755,10.90904598655704
COFs,NARGP,49,29.82,10.90904598655704
COFs,NARGP,49,29.885,10.90904598655704
COFs,NARGP,49,29.95,10.90904598655704
COFs,NARGP,50,3.495,2.768421691579954
COFs,NARGP,50,3.56,2.768421691579954
COFs,NARGP,50,3.625,2.768421691579954
COFs,NARGP,50,3.69,2.768421691579954
COFs,NARGP,50,3.755,2.768421691579954
COFs,NARGP,50,3.82,2.768421691579954
COFs,NARGP,50,3.885,2.768421691579954
COFs,NARGP,50,3.95,2.768421691579954
COFs,NARGP,50,4.015,2.768421691579954
COFs,NARGP,50,4.08,2.768421691579954
COFs,NARGP,50,4.145,2.768421691579954
COFs,NARGP,50,4.21,2.768421691579954
COFs,NARGP,50,4.275,2.768421691579954
COFs,NARGP,50,4.34,2.768421691579954
COFs,NARGP,50,4.405,2.768421691579954
COFs,NARGP,50,4.47,2.768421691579954
COFs,NARGP,50,5.47,2.768421691579954
COFs,NARGP,50,5.535,2.768421691579954
COFs,NARGP,50,5.6,2.768421691579954
COFs,NARGP,50,5.665,2.768421691579954
COFs,NARGP,50,5.73,2.768421691579954
COFs,NARGP,50,5.795,2.768421691579954
COFs,NARGP,50,5.86,2.768421691579954
COFs,NARGP,50,5.925,2.768421691579954
COFs,NARGP,50,5.99,2.768421691579954
COFs,NARGP,50,6.055,2.768421691579954
COFs,NARGP,50,6.12,2.768421691579954
COFs,NARGP,50,6.185,2.768421691579954
COFs,NARGP,50,6.25,2.768421691579954
COFs,NARGP,50,6.315,2.768421691579954
COFs,NARGP,50,6.38,2.768421691579954
COFs,NARGP,50,6.445,2.768421691579954
COFs,NARGP,50,7.445,2.768421691579954
COFs,NARGP,50,7.51,2.768421691579954
COFs,NARGP,50,7.575,2.768421691579954
COFs,NARGP,50,7.64,2.768421691579954
COFs,NARGP,50,7.705,2.768421691579954
COFs,NARGP,50,7.77,2.768421691579954
COFs,NARGP,50,7.835,2.768421691579954
COFs,NARGP,50,7.9,2.768421691579954
COFs,NARGP,50,7.965,2.768421691579954
COFs,NARGP,50,8.03,2.768421691579954
COFs,NARGP,50,8.095,2.768421691579954
COFs,NARGP,50,8.16,2.768421691579954
COFs,NARGP,50,8.225,2.768421691579954
COFs,NARGP,50,8.29,2.768421691579954
COFs,NARGP,50,8.355,2.768421691579954
COFs,NARGP,50,8.42,2.768421691579954
COFs,NARGP,50,9.42,2.768421691579954
COFs,NARGP,50,9.485,2.768421691579954
COFs,NARGP,50,9.55,2.768421691579954
COFs,NARGP,50,9.615,2.768421691579954
COFs,NARGP,50,9.68,2.768421691579954
COFs,NARGP,50,9.745,2.768421691579954
COFs,NARGP,50,9.81,2.768421691579954
COFs,NARGP,50,9.875,2.768421691579954
COFs,NARGP,50,9.94,2.768421691579954
COFs,NARGP,50,10.005,2.768421691579954
COFs,NARGP,50,10.07,2.768421691579954
COFs,NARGP,50,10.135,2.768421691579954
COFs,NARGP,50,10.2,2.768421691579954
COFs,NARGP,50,10.265,2.768421691579954
COFs,NARGP,50,10.33,2.768421691579954
COFs,NARGP,50,10.395,2.768421691579954
COFs,NARGP,50,11.395,2.768421691579954
COFs,NARGP,50,11.46,2.768421691579954
COFs,NARGP,50,11.525,2.768421691579954
COFs,NARGP,50,11.59,2.768421691579954
COFs,NARGP,50,11.655,2.768421691579954
COFs,NARGP,50,11.72,2.768421691579954
COFs,NARGP,50,11.785,2.768421691579954
COFs,NARGP,50,11.85,2.768421691579954
COFs,NARGP,50,11.915,2.768421691579954
COFs,NARGP,50,11.98,2.768421691579954
COFs,NARGP,50,12.045,2.768421691579954
COFs,NARGP,50,12.11,2.768421691579954
COFs,NARGP,50,12.175,2.768421691579954
COFs,NARGP,50,12.24,2.768421691579954
COFs,NARGP,50,12.305,2.768421691579954
COFs,NARGP,50,12.37,2.768421691579954
COFs,NARGP,50,13.37,2.768421691579954
COFs,NARGP,50,13.435,2.768421691579954
COFs,NARGP,50,13.5,2.768421691579954
COFs,NARGP,50,13.565,2.768421691579954
COFs,NARGP,50,13.63,2.768421691579954
COFs,NARGP,50,13.695,2.768421691579954
COFs,NARGP,50,13.76,2.768421691579954
COFs,NARGP,50,13.825,2.768421691579954
COFs,NARGP,50,13.89,2.768421691579954
COFs,NARGP,50,13.955,2.768421691579954
COFs,NARGP,50,14.02,2.768421691579954
COFs,NARGP,50,14.085,2.768421691579954
COFs,NARGP,50,14.15,2.768421691579954
COFs,NARGP,50,14.215,2.768421691579954
COFs,NARGP,50,14.28,2.768421691579954
COFs,NARGP,50,14.345,2.768421691579954
COFs,NARGP,50,15.345,2.768421691579954
COFs,NARGP,50,15.41,2.768421691579954
COFs,NARGP,50,15.475,2.768421691579954
COFs,NARGP,50,15.54,2.768421691579954
COFs,NARGP,50,15.605,2.768421691579954
COFs,NARGP,50,15.67,2.768421691579954
COFs,NARGP,50,15.735,2.768421691579954
COFs,NARGP,50,15.8,2.768421691579954
COFs,NARGP,50,15.865,2.768421691579954
COFs,NARGP,50,15.93,2.768421691579954
COFs,NARGP,50,15.995,2.768421691579954
COFs,NARGP,50,16.06,2.768421691579954
COFs,NARGP,50,16.125,2.768421691579954
COFs,NARGP,50,16.19,2.768421691579954
COFs,NARGP,50,16.255,2.768421691579954
COFs,NARGP,50,16.32,2.768421691579954
COFs,NARGP,50,17.32,2.768421691579954
COFs,NARGP,50,17.385,2.768421691579954
COFs,NARGP,50,17.45,2.768421691579954
COFs,NARGP,50,17.515,2.768421691579954
COFs,NARGP,50,17.58,2.768421691579954
COFs,NARGP,50,17.645,2.768421691579954
COFs,NARGP,50,17.71,2.768421691579954
COFs,NARGP,50,17.775,2.768421691579954
COFs,NARGP,50,17.84,2.768421691579954
COFs,NARGP,50,17.905,2.768421691579954
COFs,NARGP,50,17.97,2.768421691579954
COFs,NARGP,50,18.035,2.768421691579954
COFs,NARGP,50,18.1,2.768421691579954
COFs,NARGP,50,18.165,2.768421691579954
COFs,NARGP,50,18.23,2.768421691579954
COFs,NARGP,50,18.295,2.768421691579954
COFs,NARGP,50,19.295,2.768421691579954
COFs,NARGP,50,19.36,2.768421691579954
COFs,NARGP,50,19.425,2.768421691579954
COFs,NARGP,50,19.49,2.768421691579954
COFs,NARGP,50,19.555,2.768421691579954
COFs,NARGP,50,19.62,2.768421691579954
COFs,NARGP,50,19.685,2.768421691579954
COFs,NARGP,50,19.75,2.768421691579954
COFs,NARGP,50,19.815,2.768421691579954
COFs,NARGP,50,19.88,2.768421691579954
COFs,NARGP,50,19.945,2.768421691579954
COFs,NARGP,50,20.01,2.768421691579954
COFs,NARGP,50,20.075,2.768421691579954
COFs,NARGP,50,20.14,2.768421691579954
COFs,NARGP,50,20.205,2.768421691579954
COFs,NARGP,50,20.27,2.768421691579954
COFs,NARGP,50,21.27,2.768421691579954
COFs,NARGP,50,21.335,2.768421691579954
COFs,NARGP,50,21.4,2.768421691579954
COFs,NARGP,50,21.465,2.768421691579954
COFs,NARGP,50,21.53,2.768421691579954
COFs,NARGP,50,21.595,2.768421691579954
COFs,NARGP,50,21.66,2.768421691579954
COFs,NARGP,50,21.725,2.768421691579954
COFs,NARGP,50,21.79,2.768421691579954
COFs,NARGP,50,21.855,2.768421691579954
COFs,NARGP,50,21.92,2.768421691579954
COFs,NARGP,50,21.985,2.768421691579954
COFs,NARGP,50,22.05,2.768421691579954
COFs,NARGP,50,22.115,2.768421691579954
COFs,NARGP,50,22.18,2.768421691579954
COFs,NARGP,50,22.245,2.768421691579954
COFs,NARGP,50,23.245,2.768421691579954
COFs,NARGP,50,23.31,2.768421691579954
COFs,NARGP,50,23.375,2.768421691579954
COFs,NARGP,50,23.44,2.768421691579954
COFs,NARGP,50,23.505,2.768421691579954
COFs,NARGP,50,23.57,2.768421691579954
COFs,NARGP,50,23.635,2.768421691579954
COFs,NARGP,50,23.7,2.768421691579954
COFs,NARGP,50,23.765,2.768421691579954
COFs,NARGP,50,23.83,2.768421691579954
COFs,NARGP,50,23.895,2.768421691579954
COFs,NARGP,50,23.96,2.768421691579954
COFs,NARGP,50,24.025,2.768421691579954
COFs,NARGP,50,24.09,2.768421691579954
COFs,NARGP,50,24.155,2.768421691579954
COFs,NARGP,50,24.22,2.768421691579954
COFs,NARGP,50,25.22,2.768421691579954
COFs,NARGP,50,25.285,2.768421691579954
COFs,NARGP,50,25.35,2.768421691579954
COFs,NARGP,50,25.415,2.768421691579954
COFs,NARGP,50,25.48,2.768421691579954
COFs,NARGP,50,25.545,2.768421691579954
COFs,NARGP,50,25.61,2.768421691579954
COFs,NARGP,50,25.675,2.768421691579954
COFs,NARGP,50,25.74,2.768421691579954
COFs,NARGP,50,25.805,2.768421691579954
COFs,NARGP,50,25.87,2.768421691579954
COFs,NARGP,50,25.935,2.768421691579954
COFs,NARGP,50,26.0,2.768421691579954
COFs,NARGP,50,26.065,2.768421691579954
COFs,NARGP,50,26.13,2.768421691579954
COFs,NARGP,50,26.195,2.768421691579954
COFs,NARGP,50,27.195,2.768421691579954
COFs,NARGP,50,27.26,2.768421691579954
COFs,NARGP,50,27.325,2.768421691579954
COFs,NARGP,50,27.39,2.768421691579954
COFs,NARGP,50,27.455,2.768421691579954
COFs,NARGP,50,27.52,2.768421691579954
COFs,NARGP,50,27.585,2.768421691579954
COFs,NARGP,50,27.65,2.768421691579954
COFs,NARGP,50,27.715,2.768421691579954
COFs,NARGP,50,27.78,2.768421691579954
COFs,NARGP,50,27.845,2.768421691579954
COFs,NARGP,50,27.91,2.768421691579954
COFs,NARGP,50,27.975,2.768421691579954
COFs,NARGP,50,28.04,2.768421691579954
COFs,NARGP,50,28.105,2.768421691579954
COFs,NARGP,50,28.17,2.768421691579954
COFs,NARGP,50,29.17,2.768421691579954
COFs,NARGP,50,29.235,2.768421691579954
COFs,NARGP,50,29.3,2.768421691579954
COFs,NARGP,50,29.365,2.768421691579954
COFs,NARGP,50,29.43,2.768421691579954
COFs,NARGP,50,29.495,2.768421691579954
COFs,NARGP,50,29.56,2.768421691579954
COFs,NARGP,50,29.625,2.768421691579954
COFs,NARGP,50,29.69,2.768421691579954
COFs,NARGP,50,29.755,2.768421691579954
COFs,NARGP,50,29.82,2.768421691579954
COFs,NARGP,50,29.885,2.768421691579954
COFs,NARGP,50,29.95,2.768421691579954
COFs,NARGP,51,3.495,15.631027496035156
COFs,NARGP,51,3.56,15.631027496035156
COFs,NARGP,51,3.625,15.631027496035156
COFs,NARGP,51,3.69,15.631027496035156
COFs,NARGP,51,3.755,15.631027496035156
COFs,NARGP,51,3.82,15.631027496035156
COFs,NARGP,51,3.885,15.631027496035156
COFs,NARGP,51,3.95,15.631027496035156
COFs,NARGP,51,4.015,15.631027496035156
COFs,NARGP,51,4.08,15.631027496035156
COFs,NARGP,51,4.145,15.631027496035156
COFs,NARGP,51,4.21,15.631027496035156
COFs,NARGP,51,4.275,15.631027496035156
COFs,NARGP,51,4.34,15.631027496035156
COFs,NARGP,51,4.405,15.631027496035156
COFs,NARGP,51,4.47,15.631027496035156
COFs,NARGP,51,5.47,12.297426493617362
COFs,NARGP,51,5.535,12.297426493617362
COFs,NARGP,51,5.6,12.297426493617362
COFs,NARGP,51,5.665,12.297426493617362
COFs,NARGP,51,5.73,12.297426493617362
COFs,NARGP,51,5.795,12.297426493617362
COFs,NARGP,51,5.86,12.297426493617362
COFs,NARGP,51,5.925,12.297426493617362
COFs,NARGP,51,5.99,12.297426493617362
COFs,NARGP,51,6.055,12.297426493617362
COFs,NARGP,51,6.12,12.297426493617362
COFs,NARGP,51,6.185,12.297426493617362
COFs,NARGP,51,6.25,12.297426493617362
COFs,NARGP,51,6.315,12.297426493617362
COFs,NARGP,51,6.38,12.297426493617362
COFs,NARGP,51,6.445,12.297426493617362
COFs,NARGP,51,7.445,12.297426493617362
COFs,NARGP,51,7.51,12.297426493617362
COFs,NARGP,51,7.575,12.297426493617362
COFs,NARGP,51,7.64,12.297426493617362
COFs,NARGP,51,7.705,12.297426493617362
COFs,NARGP,51,7.77,12.297426493617362
COFs,NARGP,51,7.835,12.297426493617362
COFs,NARGP,51,7.9,12.297426493617362
COFs,NARGP,51,7.965,12.297426493617362
COFs,NARGP,51,8.03,12.297426493617362
COFs,NARGP,51,8.095,12.297426493617362
COFs,NARGP,51,8.16,12.297426493617362
COFs,NARGP,51,8.225,12.297426493617362
COFs,NARGP,51,8.29,12.297426493617362
COFs,NARGP,51,8.355,12.297426493617362
COFs,NARGP,51,8.42,12.297426493617362
COFs,NARGP,51,9.42,12.297426493617362
COFs,NARGP,51,9.485,12.297426493617362
COFs,NARGP,51,9.55,12.297426493617362
COFs,NARGP,51,9.615,12.297426493617362
COFs,NARGP,51,9.68,12.297426493617362
COFs,NARGP,51,9.745,12.297426493617362
COFs,NARGP,51,9.81,12.297426493617362
COFs,NARGP,51,9.875,12.297426493617362
COFs,NARGP,51,9.94,12.297426493617362
COFs,NARGP,51,10.005,12.297426493617362
COFs,NARGP,51,10.07,12.297426493617362
COFs,NARGP,51,10.135,12.297426493617362
COFs,NARGP,51,10.2,12.297426493617362
COFs,NARGP,51,10.265,12.297426493617362
COFs,NARGP,51,10.33,12.297426493617362
COFs,NARGP,51,10.395,12.297426493617362
COFs,NARGP,51,11.395,12.297426493617362
COFs,NARGP,51,11.46,12.297426493617362
COFs,NARGP,51,11.525,12.297426493617362
COFs,NARGP,51,11.59,12.297426493617362
COFs,NARGP,51,11.655,12.297426493617362
COFs,NARGP,51,11.72,12.297426493617362
COFs,NARGP,51,11.785,12.297426493617362
COFs,NARGP,51,11.85,12.297426493617362
COFs,NARGP,51,11.915,12.297426493617362
COFs,NARGP,51,11.98,12.297426493617362
COFs,NARGP,51,12.045,12.297426493617362
COFs,NARGP,51,12.11,12.297426493617362
COFs,NARGP,51,12.175,12.297426493617362
COFs,NARGP,51,12.24,12.297426493617362
COFs,NARGP,51,12.305,12.297426493617362
COFs,NARGP,51,12.37,12.297426493617362
COFs,NARGP,51,13.37,12.297426493617362
COFs,NARGP,51,13.435,12.297426493617362
COFs,NARGP,51,13.5,12.297426493617362
COFs,NARGP,51,13.565,12.297426493617362
COFs,NARGP,51,13.63,12.297426493617362
COFs,NARGP,51,13.695,12.297426493617362
COFs,NARGP,51,13.76,12.297426493617362
COFs,NARGP,51,13.825,12.297426493617362
COFs,NARGP,51,13.89,12.297426493617362
COFs,NARGP,51,13.955,12.297426493617362
COFs,NARGP,51,14.02,12.297426493617362
COFs,NARGP,51,14.085,12.297426493617362
COFs,NARGP,51,14.15,12.297426493617362
COFs,NARGP,51,14.215,12.297426493617362
COFs,NARGP,51,14.28,12.297426493617362
COFs,NARGP,51,14.345,12.297426493617362
COFs,NARGP,51,15.345,12.297426493617362
COFs,NARGP,51,15.41,12.297426493617362
COFs,NARGP,51,15.475,12.297426493617362
COFs,NARGP,51,15.54,12.297426493617362
COFs,NARGP,51,15.605,12.297426493617362
COFs,NARGP,51,15.67,12.297426493617362
COFs,NARGP,51,15.735,12.297426493617362
COFs,NARGP,51,15.8,12.297426493617362
COFs,NARGP,51,15.865,12.297426493617362
COFs,NARGP,51,15.93,12.297426493617362
COFs,NARGP,51,15.995,12.297426493617362
COFs,NARGP,51,16.06,12.297426493617362
COFs,NARGP,51,16.125,12.297426493617362
COFs,NARGP,51,16.19,12.297426493617362
COFs,NARGP,51,16.255,12.297426493617362
COFs,NARGP,51,16.32,12.297426493617362
COFs,NARGP,51,17.32,12.297426493617362
COFs,NARGP,51,17.385,12.297426493617362
COFs,NARGP,51,17.45,12.297426493617362
COFs,NARGP,51,17.515,12.297426493617362
COFs,NARGP,51,17.58,12.297426493617362
COFs,NARGP,51,17.645,12.297426493617362
COFs,NARGP,51,17.71,12.297426493617362
COFs,NARGP,51,17.775,12.297426493617362
COFs,NARGP,51,17.84,12.297426493617362
COFs,NARGP,51,17.905,12.297426493617362
COFs,NARGP,51,17.97,12.297426493617362
COFs,NARGP,51,18.035,12.297426493617362
COFs,NARGP,51,18.1,12.297426493617362
COFs,NARGP,51,18.165,12.297426493617362
COFs,NARGP,51,18.23,12.297426493617362
COFs,NARGP,51,18.295,12.297426493617362
COFs,NARGP,51,19.295,12.297426493617362
COFs,NARGP,51,19.36,12.297426493617362
COFs,NARGP,51,19.425,12.297426493617362
COFs,NARGP,51,19.49,12.297426493617362
COFs,NARGP,51,19.555,12.297426493617362
COFs,NARGP,51,19.62,12.297426493617362
COFs,NARGP,51,19.685,12.297426493617362
COFs,NARGP,51,19.75,12.297426493617362
COFs,NARGP,51,19.815,12.297426493617362
COFs,NARGP,51,19.88,12.297426493617362
COFs,NARGP,51,19.945,12.297426493617362
COFs,NARGP,51,20.01,12.297426493617362
COFs,NARGP,51,20.075,12.297426493617362
COFs,NARGP,51,20.14,12.297426493617362
COFs,NARGP,51,20.205,12.297426493617362
COFs,NARGP,51,20.27,12.297426493617362
COFs,NARGP,51,21.27,12.297426493617362
COFs,NARGP,51,21.335,12.297426493617362
COFs,NARGP,51,21.4,12.297426493617362
COFs,NARGP,51,21.465,12.297426493617362
COFs,NARGP,51,21.53,12.297426493617362
COFs,NARGP,51,21.595,12.297426493617362
COFs,NARGP,51,21.66,12.297426493617362
COFs,NARGP,51,21.725,12.297426493617362
COFs,NARGP,51,21.79,12.297426493617362
COFs,NARGP,51,21.855,12.297426493617362
COFs,NARGP,51,21.92,12.297426493617362
COFs,NARGP,51,21.985,12.297426493617362
COFs,NARGP,51,22.05,12.297426493617362
COFs,NARGP,51,22.115,12.297426493617362
COFs,NARGP,51,22.18,12.297426493617362
COFs,NARGP,51,22.245,12.297426493617362
COFs,NARGP,51,23.245,12.079919802483024
COFs,NARGP,51,23.31,12.079919802483024
COFs,NARGP,51,23.375,12.079919802483024
COFs,NARGP,51,23.44,12.079919802483024
COFs,NARGP,51,23.505,12.079919802483024
COFs,NARGP,51,23.57,12.079919802483024
COFs,NARGP,51,23.635,12.079919802483024
COFs,NARGP,51,23.7,12.079919802483024
COFs,NARGP,51,23.765,12.079919802483024
COFs,NARGP,51,23.83,12.079919802483024
COFs,NARGP,51,23.895,12.079919802483024
COFs,NARGP,51,23.96,12.079919802483024
COFs,NARGP,51,24.025,12.079919802483024
COFs,NARGP,51,24.09,12.079919802483024
COFs,NARGP,51,24.155,12.079919802483024
COFs,NARGP,51,24.22,12.079919802483024
COFs,NARGP,51,25.22,12.079919802483024
COFs,NARGP,51,25.285,12.079919802483024
COFs,NARGP,51,25.35,12.079919802483024
COFs,NARGP,51,25.415,12.079919802483024
COFs,NARGP,51,25.48,12.079919802483024
COFs,NARGP,51,25.545,12.079919802483024
COFs,NARGP,51,25.61,12.079919802483024
COFs,NARGP,51,25.675,12.079919802483024
COFs,NARGP,51,25.74,12.079919802483024
COFs,NARGP,51,25.805,12.079919802483024
COFs,NARGP,51,25.87,12.079919802483024
COFs,NARGP,51,25.935,12.079919802483024
COFs,NARGP,51,26.0,12.079919802483024
COFs,NARGP,51,26.065,12.079919802483024
COFs,NARGP,51,26.13,12.079919802483024
COFs,NARGP,51,26.195,12.079919802483024
COFs,NARGP,51,27.195,12.079919802483024
COFs,NARGP,51,27.26,12.079919802483024
COFs,NARGP,51,27.325,12.079919802483024
COFs,NARGP,51,27.39,12.079919802483024
COFs,NARGP,51,27.455,12.079919802483024
COFs,NARGP,51,27.52,12.079919802483024
COFs,NARGP,51,27.585,12.079919802483024
COFs,NARGP,51,27.65,12.079919802483024
COFs,NARGP,51,27.715,12.079919802483024
COFs,NARGP,51,27.78,12.079919802483024
COFs,NARGP,51,27.845,12.079919802483024
COFs,NARGP,51,27.91,12.079919802483024
COFs,NARGP,51,27.975,12.079919802483024
COFs,NARGP,51,28.04,12.079919802483024
COFs,NARGP,51,28.105,12.079919802483024
COFs,NARGP,51,28.17,12.079919802483024
COFs,NARGP,51,29.17,12.079919802483024
COFs,NARGP,51,29.235,12.079919802483024
COFs,NARGP,51,29.3,12.079919802483024
COFs,NARGP,51,29.365,12.079919802483024
COFs,NARGP,51,29.43,12.079919802483024
COFs,NARGP,51,29.495,12.079919802483024
COFs,NARGP,51,29.56,12.079919802483024
COFs,NARGP,51,29.625,12.079919802483024
COFs,NARGP,51,29.69,12.079919802483024
COFs,NARGP,51,29.755,12.079919802483024
COFs,NARGP,51,29.82,12.079919802483024
COFs,NARGP,51,29.885,12.079919802483024
COFs,NARGP,51,29.95,12.079919802483024
COFs,NARGP,52,3.495,14.284141411021764
COFs,NARGP,52,3.56,14.284141411021764
COFs,NARGP,52,3.625,14.284141411021764
COFs,NARGP,52,3.69,14.284141411021764
COFs,NARGP,52,3.755,14.284141411021764
COFs,NARGP,52,3.82,14.284141411021764
COFs,NARGP,52,3.885,14.284141411021764
COFs,NARGP,52,3.95,14.284141411021764
COFs,NARGP,52,4.015,14.284141411021764
COFs,NARGP,52,4.08,14.284141411021764
COFs,NARGP,52,4.145,14.284141411021764
COFs,NARGP,52,4.21,14.284141411021764
COFs,NARGP,52,4.275,14.284141411021764
COFs,NARGP,52,4.34,14.284141411021764
COFs,NARGP,52,4.405,14.284141411021764
COFs,NARGP,52,4.47,14.284141411021764
COFs,NARGP,52,5.47,14.284141411021764
COFs,NARGP,52,5.535,14.284141411021764
COFs,NARGP,52,5.6,14.284141411021764
COFs,NARGP,52,5.665,14.284141411021764
COFs,NARGP,52,5.73,14.284141411021764
COFs,NARGP,52,5.795,14.284141411021764
COFs,NARGP,52,5.86,14.284141411021764
COFs,NARGP,52,5.925,14.284141411021764
COFs,NARGP,52,5.99,14.284141411021764
COFs,NARGP,52,6.055,14.284141411021764
COFs,NARGP,52,6.12,14.284141411021764
COFs,NARGP,52,6.185,14.284141411021764
COFs,NARGP,52,6.25,14.284141411021764
COFs,NARGP,52,6.315,14.284141411021764
COFs,NARGP,52,6.38,14.284141411021764
COFs,NARGP,52,6.445,14.284141411021764
COFs,NARGP,52,7.445,14.284141411021764
COFs,NARGP,52,7.51,14.284141411021764
COFs,NARGP,52,7.575,14.284141411021764
COFs,NARGP,52,7.64,14.284141411021764
COFs,NARGP,52,7.705,14.284141411021764
COFs,NARGP,52,7.77,14.284141411021764
COFs,NARGP,52,7.835,14.284141411021764
COFs,NARGP,52,7.9,14.284141411021764
COFs,NARGP,52,7.965,14.284141411021764
COFs,NARGP,52,8.03,14.284141411021764
COFs,NARGP,52,8.095,14.284141411021764
COFs,NARGP,52,8.16,14.284141411021764
COFs,NARGP,52,8.225,14.284141411021764
COFs,NARGP,52,8.29,14.284141411021764
COFs,NARGP,52,8.355,14.284141411021764
COFs,NARGP,52,8.42,14.284141411021764
COFs,NARGP,52,9.42,14.284141411021764
COFs,NARGP,52,9.485,14.284141411021764
COFs,NARGP,52,9.55,14.284141411021764
COFs,NARGP,52,9.615,14.284141411021764
COFs,NARGP,52,9.68,14.284141411021764
COFs,NARGP,52,9.745,14.284141411021764
COFs,NARGP,52,9.81,14.284141411021764
COFs,NARGP,52,9.875,14.284141411021764
COFs,NARGP,52,9.94,14.284141411021764
COFs,NARGP,52,10.005,14.284141411021764
COFs,NARGP,52,10.07,14.284141411021764
COFs,NARGP,52,10.135,14.284141411021764
COFs,NARGP,52,10.2,14.284141411021764
COFs,NARGP,52,10.265,14.284141411021764
COFs,NARGP,52,10.33,14.284141411021764
COFs,NARGP,52,10.395,14.284141411021764
COFs,NARGP,52,11.395,14.284141411021764
COFs,NARGP,52,11.46,14.284141411021764
COFs,NARGP,52,11.525,14.284141411021764
COFs,NARGP,52,11.59,14.284141411021764
COFs,NARGP,52,11.655,14.284141411021764
COFs,NARGP,52,11.72,14.284141411021764
COFs,NARGP,52,11.785,14.284141411021764
COFs,NARGP,52,11.85,14.284141411021764
COFs,NARGP,52,11.915,14.284141411021764
COFs,NARGP,52,11.98,14.284141411021764
COFs,NARGP,52,12.045,14.284141411021764
COFs,NARGP,52,12.11,14.284141411021764
COFs,NARGP,52,12.175,14.284141411021764
COFs,NARGP,52,12.24,14.284141411021764
COFs,NARGP,52,12.305,14.284141411021764
COFs,NARGP,52,12.37,14.284141411021764
COFs,NARGP,52,13.37,14.284141411021764
COFs,NARGP,52,13.435,14.284141411021764
COFs,NARGP,52,13.5,14.284141411021764
COFs,NARGP,52,13.565,14.284141411021764
COFs,NARGP,52,13.63,14.284141411021764
COFs,NARGP,52,13.695,14.284141411021764
COFs,NARGP,52,13.76,14.284141411021764
COFs,NARGP,52,13.825,14.284141411021764
COFs,NARGP,52,13.89,14.284141411021764
COFs,NARGP,52,13.955,14.284141411021764
COFs,NARGP,52,14.02,14.284141411021764
COFs,NARGP,52,14.085,14.284141411021764
COFs,NARGP,52,14.15,14.284141411021764
COFs,NARGP,52,14.215,14.284141411021764
COFs,NARGP,52,14.28,14.284141411021764
COFs,NARGP,52,14.345,14.284141411021764
COFs,NARGP,52,15.345,14.284141411021764
COFs,NARGP,52,15.41,14.284141411021764
COFs,NARGP,52,15.475,14.284141411021764
COFs,NARGP,52,15.54,14.284141411021764
COFs,NARGP,52,15.605,14.284141411021764
COFs,NARGP,52,15.67,14.284141411021764
COFs,NARGP,52,15.735,14.284141411021764
COFs,NARGP,52,15.8,14.284141411021764
COFs,NARGP,52,15.865,14.284141411021764
COFs,NARGP,52,15.93,14.284141411021764
COFs,NARGP,52,15.995,14.284141411021764
COFs,NARGP,52,16.06,14.284141411021764
COFs,NARGP,52,16.125,14.284141411021764
COFs,NARGP,52,16.19,14.284141411021764
COFs,NARGP,52,16.255,14.284141411021764
COFs,NARGP,52,16.32,14.284141411021764
COFs,NARGP,52,17.32,14.284141411021764
COFs,NARGP,52,17.385,14.284141411021764
COFs,NARGP,52,17.45,14.284141411021764
COFs,NARGP,52,17.515,14.284141411021764
COFs,NARGP,52,17.58,14.284141411021764
COFs,NARGP,52,17.645,14.284141411021764
COFs,NARGP,52,17.71,14.284141411021764
COFs,NARGP,52,17.775,14.284141411021764
COFs,NARGP,52,17.84,14.284141411021764
COFs,NARGP,52,17.905,14.284141411021764
COFs,NARGP,52,17.97,14.284141411021764
COFs,NARGP,52,18.035,14.284141411021764
COFs,NARGP,52,18.1,14.284141411021764
COFs,NARGP,52,18.165,14.284141411021764
COFs,NARGP,52,18.23,14.284141411021764
COFs,NARGP,52,18.295,14.284141411021764
COFs,NARGP,52,19.295,12.630282705389106
COFs,NARGP,52,19.36,12.630282705389106
COFs,NARGP,52,19.425,12.630282705389106
COFs,NARGP,52,19.49,12.630282705389106
COFs,NARGP,52,19.555,12.630282705389106
COFs,NARGP,52,19.62,12.630282705389106
COFs,NARGP,52,19.685,12.630282705389106
COFs,NARGP,52,19.75,12.630282705389106
COFs,NARGP,52,19.815,12.630282705389106
COFs,NARGP,52,19.88,12.630282705389106
COFs,NARGP,52,19.945,12.630282705389106
COFs,NARGP,52,20.01,12.630282705389106
COFs,NARGP,52,20.075,12.630282705389106
COFs,NARGP,52,20.14,12.630282705389106
COFs,NARGP,52,20.205,12.630282705389106
COFs,NARGP,52,20.27,12.630282705389106
COFs,NARGP,52,21.27,12.630282705389106
COFs,NARGP,52,21.335,12.630282705389106
COFs,NARGP,52,21.4,12.630282705389106
COFs,NARGP,52,21.465,12.630282705389106
COFs,NARGP,52,21.53,12.630282705389106
COFs,NARGP,52,21.595,12.630282705389106
COFs,NARGP,52,21.66,12.630282705389106
COFs,NARGP,52,21.725,12.630282705389106
COFs,NARGP,52,21.79,12.630282705389106
COFs,NARGP,52,21.855,12.630282705389106
COFs,NARGP,52,21.92,12.630282705389106
COFs,NARGP,52,21.985,12.630282705389106
COFs,NARGP,52,22.05,12.630282705389106
COFs,NARGP,52,22.115,12.630282705389106
COFs,NARGP,52,22.18,12.630282705389106
COFs,NARGP,52,22.245,12.630282705389106
COFs,NARGP,52,23.245,12.630282705389106
COFs,NARGP,52,23.31,12.630282705389106
COFs,NARGP,52,23.375,12.630282705389106
COFs,NARGP,52,23.44,12.630282705389106
COFs,NARGP,52,23.505,12.630282705389106
COFs,NARGP,52,23.57,12.630282705389106
COFs,NARGP,52,23.635,12.630282705389106
COFs,NARGP,52,23.7,12.630282705389106
COFs,NARGP,52,23.765,12.630282705389106
COFs,NARGP,52,23.83,12.630282705389106
COFs,NARGP,52,23.895,12.630282705389106
COFs,NARGP,52,23.96,12.630282705389106
COFs,NARGP,52,24.025,12.630282705389106
COFs,NARGP,52,24.09,12.630282705389106
COFs,NARGP,52,24.155,12.630282705389106
COFs,NARGP,52,24.22,12.630282705389106
COFs,NARGP,52,25.22,12.630282705389106
COFs,NARGP,52,25.285,12.630282705389106
COFs,NARGP,52,25.35,12.630282705389106
COFs,NARGP,52,25.415,12.630282705389106
COFs,NARGP,52,25.48,12.630282705389106
COFs,NARGP,52,25.545,12.630282705389106
COFs,NARGP,52,25.61,12.630282705389106
COFs,NARGP,52,25.675,12.630282705389106
COFs,NARGP,52,25.74,12.630282705389106
COFs,NARGP,52,25.805,12.630282705389106
COFs,NARGP,52,25.87,12.630282705389106
COFs,NARGP,52,25.935,12.630282705389106
COFs,NARGP,52,26.0,12.630282705389106
COFs,NARGP,52,26.065,12.630282705389106
COFs,NARGP,52,26.13,12.630282705389106
COFs,NARGP,52,26.195,12.630282705389106
COFs,NARGP,52,27.195,12.630282705389106
COFs,NARGP,52,27.26,12.630282705389106
COFs,NARGP,52,27.325,12.630282705389106
COFs,NARGP,52,27.39,12.630282705389106
COFs,NARGP,52,27.455,12.630282705389106
COFs,NARGP,52,27.52,12.630282705389106
COFs,NARGP,52,27.585,12.630282705389106
COFs,NARGP,52,27.65,12.630282705389106
COFs,NARGP,52,27.715,12.630282705389106
COFs,NARGP,52,27.78,12.630282705389106
COFs,NARGP,52,27.845,12.630282705389106
COFs,NARGP,52,27.91,12.630282705389106
COFs,NARGP,52,27.975,12.630282705389106
COFs,NARGP,52,28.04,12.630282705389106
COFs,NARGP,52,28.105,12.630282705389106
COFs,NARGP,52,28.17,12.630282705389106
COFs,NARGP,52,29.17,12.381929340315477
COFs,NARGP,52,29.235,12.381929340315477
COFs,NARGP,52,29.3,12.381929340315477
COFs,NARGP,52,29.365,12.381929340315477
COFs,NARGP,52,29.43,12.381929340315477
COFs,NARGP,52,29.495,12.381929340315477
COFs,NARGP,52,29.56,12.381929340315477
COFs,NARGP,52,29.625,12.381929340315477
COFs,NARGP,52,29.69,12.381929340315477
COFs,NARGP,52,29.755,12.381929340315477
COFs,NARGP,52,29.82,12.381929340315477
COFs,NARGP,52,29.885,12.381929340315477
COFs,NARGP,52,29.95,12.381929340315477
COFs,NARGP,53,3.495,14.985327132158876
COFs,NARGP,53,3.56,14.985327132158876
COFs,NARGP,53,3.625,14.985327132158876
COFs,NARGP,53,3.69,14.985327132158876
COFs,NARGP,53,3.755,14.985327132158876
COFs,NARGP,53,3.82,14.985327132158876
COFs,NARGP,53,3.885,14.985327132158876
COFs,NARGP,53,3.95,14.985327132158876
COFs,NARGP,53,4.015,14.985327132158876
COFs,NARGP,53,4.08,14.985327132158876
COFs,NARGP,53,4.145,14.985327132158876
COFs,NARGP,53,4.21,14.985327132158876
COFs,NARGP,53,4.275,14.985327132158876
COFs,NARGP,53,4.34,14.985327132158876
COFs,NARGP,53,4.405,14.985327132158876
COFs,NARGP,53,4.47,14.985327132158876
COFs,NARGP,53,5.47,14.54171655774799
COFs,NARGP,53,5.535,14.54171655774799
COFs,NARGP,53,5.6,14.54171655774799
COFs,NARGP,53,5.665,14.54171655774799
COFs,NARGP,53,5.73,14.54171655774799
COFs,NARGP,53,5.795,14.54171655774799
COFs,NARGP,53,5.86,14.54171655774799
COFs,NARGP,53,5.925,14.54171655774799
COFs,NARGP,53,5.99,14.54171655774799
COFs,NARGP,53,6.055,14.54171655774799
COFs,NARGP,53,6.12,14.54171655774799
COFs,NARGP,53,6.185,14.54171655774799
COFs,NARGP,53,6.25,14.54171655774799
COFs,NARGP,53,6.315,14.54171655774799
COFs,NARGP,53,6.38,14.54171655774799
COFs,NARGP,53,6.445,14.54171655774799
COFs,NARGP,53,7.445,14.54171655774799
COFs,NARGP,53,7.51,14.54171655774799
COFs,NARGP,53,7.575,14.54171655774799
COFs,NARGP,53,7.64,14.54171655774799
COFs,NARGP,53,7.705,14.54171655774799
COFs,NARGP,53,7.77,14.54171655774799
COFs,NARGP,53,7.835,14.54171655774799
COFs,NARGP,53,7.9,14.54171655774799
COFs,NARGP,53,7.965,14.54171655774799
COFs,NARGP,53,8.03,14.54171655774799
COFs,NARGP,53,8.095,14.54171655774799
COFs,NARGP,53,8.16,14.54171655774799
COFs,NARGP,53,8.225,14.54171655774799
COFs,NARGP,53,8.29,14.54171655774799
COFs,NARGP,53,8.355,14.54171655774799
COFs,NARGP,53,8.42,14.54171655774799
COFs,NARGP,53,9.42,13.208815681257612
COFs,NARGP,53,9.485,13.208815681257612
COFs,NARGP,53,9.55,13.208815681257612
COFs,NARGP,53,9.615,13.208815681257612
COFs,NARGP,53,9.68,13.208815681257612
COFs,NARGP,53,9.745,13.208815681257612
COFs,NARGP,53,9.81,13.208815681257612
COFs,NARGP,53,9.875,13.208815681257612
COFs,NARGP,53,9.94,13.208815681257612
COFs,NARGP,53,10.005,13.208815681257612
COFs,NARGP,53,10.07,13.208815681257612
COFs,NARGP,53,10.135,13.208815681257612
COFs,NARGP,53,10.2,13.208815681257612
COFs,NARGP,53,10.265,13.208815681257612
COFs,NARGP,53,10.33,13.208815681257612
COFs,NARGP,53,10.395,13.208815681257612
COFs,NARGP,53,11.395,12.972389294833311
COFs,NARGP,53,11.46,12.972389294833311
COFs,NARGP,53,11.525,12.972389294833311
COFs,NARGP,53,11.59,12.972389294833311
COFs,NARGP,53,11.655,12.972389294833311
COFs,NARGP,53,11.72,12.972389294833311
COFs,NARGP,53,11.785,12.972389294833311
COFs,NARGP,53,11.85,12.972389294833311
COFs,NARGP,53,11.915,12.972389294833311
COFs,NARGP,53,11.98,12.972389294833311
COFs,NARGP,53,12.045,12.972389294833311
COFs,NARGP,53,12.11,12.972389294833311
COFs,NARGP,53,12.175,12.972389294833311
COFs,NARGP,53,12.24,12.972389294833311
COFs,NARGP,53,12.305,12.972389294833311
COFs,NARGP,53,12.37,12.972389294833311
COFs,NARGP,53,13.37,12.972389294833311
COFs,NARGP,53,13.435,12.972389294833311
COFs,NARGP,53,13.5,12.972389294833311
COFs,NARGP,53,13.565,12.972389294833311
COFs,NARGP,53,13.63,12.972389294833311
COFs,NARGP,53,13.695,12.972389294833311
COFs,NARGP,53,13.76,12.972389294833311
COFs,NARGP,53,13.825,12.972389294833311
COFs,NARGP,53,13.89,12.972389294833311
COFs,NARGP,53,13.955,12.972389294833311
COFs,NARGP,53,14.02,12.972389294833311
COFs,NARGP,53,14.085,12.972389294833311
COFs,NARGP,53,14.15,12.972389294833311
COFs,NARGP,53,14.215,12.972389294833311
COFs,NARGP,53,14.28,12.972389294833311
COFs,NARGP,53,14.345,12.972389294833311
COFs,NARGP,53,15.345,12.972389294833311
COFs,NARGP,53,15.41,12.972389294833311
COFs,NARGP,53,15.475,12.972389294833311
COFs,NARGP,53,15.54,12.972389294833311
COFs,NARGP,53,15.605,12.972389294833311
COFs,NARGP,53,15.67,12.972389294833311
COFs,NARGP,53,15.735,12.972389294833311
COFs,NARGP,53,15.8,12.972389294833311
COFs,NARGP,53,15.865,12.972389294833311
COFs,NARGP,53,15.93,12.972389294833311
COFs,NARGP,53,15.995,12.972389294833311
COFs,NARGP,53,16.06,12.972389294833311
COFs,NARGP,53,16.125,12.972389294833311
COFs,NARGP,53,16.19,12.972389294833311
COFs,NARGP,53,16.255,12.972389294833311
COFs,NARGP,53,16.32,12.972389294833311
COFs,NARGP,53,17.32,12.972389294833311
COFs,NARGP,53,17.385,12.972389294833311
COFs,NARGP,53,17.45,12.972389294833311
COFs,NARGP,53,17.515,12.972389294833311
COFs,NARGP,53,17.58,12.972389294833311
COFs,NARGP,53,17.645,12.972389294833311
COFs,NARGP,53,17.71,12.972389294833311
COFs,NARGP,53,17.775,12.972389294833311
COFs,NARGP,53,17.84,12.972389294833311
COFs,NARGP,53,17.905,12.972389294833311
COFs,NARGP,53,17.97,12.972389294833311
COFs,NARGP,53,18.035,12.972389294833311
COFs,NARGP,53,18.1,12.972389294833311
COFs,NARGP,53,18.165,12.972389294833311
COFs,NARGP,53,18.23,12.972389294833311
COFs,NARGP,53,18.295,12.972389294833311
COFs,NARGP,53,19.295,12.972389294833311
COFs,NARGP,53,19.36,12.972389294833311
COFs,NARGP,53,19.425,12.972389294833311
COFs,NARGP,53,19.49,12.972389294833311
COFs,NARGP,53,19.555,12.972389294833311
COFs,NARGP,53,19.62,12.972389294833311
COFs,NARGP,53,19.685,12.972389294833311
COFs,NARGP,53,19.75,12.972389294833311
COFs,NARGP,53,19.815,12.972389294833311
COFs,NARGP,53,19.88,12.972389294833311
COFs,NARGP,53,19.945,12.972389294833311
COFs,NARGP,53,20.01,12.972389294833311
COFs,NARGP,53,20.075,12.972389294833311
COFs,NARGP,53,20.14,12.972389294833311
COFs,NARGP,53,20.205,12.972389294833311
COFs,NARGP,53,20.27,12.972389294833311
COFs,NARGP,53,21.27,12.972389294833311
COFs,NARGP,53,21.335,12.972389294833311
COFs,NARGP,53,21.4,12.972389294833311
COFs,NARGP,53,21.465,12.972389294833311
COFs,NARGP,53,21.53,12.972389294833311
COFs,NARGP,53,21.595,12.972389294833311
COFs,NARGP,53,21.66,12.972389294833311
COFs,NARGP,53,21.725,12.972389294833311
COFs,NARGP,53,21.79,12.972389294833311
COFs,NARGP,53,21.855,12.972389294833311
COFs,NARGP,53,21.92,12.972389294833311
COFs,NARGP,53,21.985,12.972389294833311
COFs,NARGP,53,22.05,12.972389294833311
COFs,NARGP,53,22.115,12.972389294833311
COFs,NARGP,53,22.18,12.972389294833311
COFs,NARGP,53,22.245,12.972389294833311
COFs,NARGP,53,23.245,12.972389294833311
COFs,NARGP,53,23.31,12.972389294833311
COFs,NARGP,53,23.375,12.972389294833311
COFs,NARGP,53,23.44,12.972389294833311
COFs,NARGP,53,23.505,12.972389294833311
COFs,NARGP,53,23.57,12.972389294833311
COFs,NARGP,53,23.635,12.972389294833311
COFs,NARGP,53,23.7,12.972389294833311
COFs,NARGP,53,23.765,12.972389294833311
COFs,NARGP,53,23.83,12.972389294833311
COFs,NARGP,53,23.895,12.972389294833311
COFs,NARGP,53,23.96,12.972389294833311
COFs,NARGP,53,24.025,12.972389294833311
COFs,NARGP,53,24.09,12.972389294833311
COFs,NARGP,53,24.155,12.972389294833311
COFs,NARGP,53,24.22,12.972389294833311
COFs,NARGP,53,25.22,12.972389294833311
COFs,NARGP,53,25.285,12.972389294833311
COFs,NARGP,53,25.35,12.972389294833311
COFs,NARGP,53,25.415,12.972389294833311
COFs,NARGP,53,25.48,12.972389294833311
COFs,NARGP,53,25.545,12.972389294833311
COFs,NARGP,53,25.61,12.972389294833311
COFs,NARGP,53,25.675,12.972389294833311
COFs,NARGP,53,25.74,12.972389294833311
COFs,NARGP,53,25.805,12.972389294833311
COFs,NARGP,53,25.87,12.972389294833311
COFs,NARGP,53,25.935,12.972389294833311
COFs,NARGP,53,26.0,12.972389294833311
COFs,NARGP,53,26.065,12.972389294833311
COFs,NARGP,53,26.13,12.972389294833311
COFs,NARGP,53,26.195,12.972389294833311
COFs,NARGP,53,27.195,12.972389294833311
COFs,NARGP,53,27.26,12.972389294833311
COFs,NARGP,53,27.325,12.972389294833311
COFs,NARGP,53,27.39,12.972389294833311
COFs,NARGP,53,27.455,12.972389294833311
COFs,NARGP,53,27.52,12.972389294833311
COFs,NARGP,53,27.585,12.972389294833311
COFs,NARGP,53,27.65,12.972389294833311
COFs,NARGP,53,27.715,12.972389294833311
COFs,NARGP,53,27.78,12.972389294833311
COFs,NARGP,53,27.845,12.972389294833311
COFs,NARGP,53,27.91,12.972389294833311
COFs,NARGP,53,27.975,12.972389294833311
COFs,NARGP,53,28.04,12.972389294833311
COFs,NARGP,53,28.105,12.972389294833311
COFs,NARGP,53,28.17,12.972389294833311
COFs,NARGP,53,29.17,12.972389294833311
COFs,NARGP,53,29.235,12.972389294833311
COFs,NARGP,53,29.3,12.972389294833311
COFs,NARGP,53,29.365,12.972389294833311
COFs,NARGP,53,29.43,12.972389294833311
COFs,NARGP,53,29.495,12.972389294833311
COFs,NARGP,53,29.56,12.972389294833311
COFs,NARGP,53,29.625,12.972389294833311
COFs,NARGP,53,29.69,12.972389294833311
COFs,NARGP,53,29.755,12.972389294833311
COFs,NARGP,53,29.82,12.972389294833311
COFs,NARGP,53,29.885,12.972389294833311
COFs,NARGP,53,29.95,12.972389294833311
COFs,NARGP,54,3.495,12.286313844166015
COFs,NARGP,54,3.56,12.286313844166015
COFs,NARGP,54,3.625,12.286313844166015
COFs,NARGP,54,3.69,12.286313844166015
COFs,NARGP,54,3.755,12.286313844166015
COFs,NARGP,54,3.82,12.286313844166015
COFs,NARGP,54,3.885,12.286313844166015
COFs,NARGP,54,3.95,12.286313844166015
COFs,NARGP,54,4.015,12.286313844166015
COFs,NARGP,54,4.08,12.286313844166015
COFs,NARGP,54,4.145,12.286313844166015
COFs,NARGP,54,4.21,12.286313844166015
COFs,NARGP,54,4.275,12.286313844166015
COFs,NARGP,54,4.34,12.286313844166015
COFs,NARGP,54,4.405,12.286313844166015
COFs,NARGP,54,4.47,12.286313844166015
COFs,NARGP,54,5.47,12.286313844166015
COFs,NARGP,54,5.535,12.286313844166015
COFs,NARGP,54,5.6,12.286313844166015
COFs,NARGP,54,5.665,12.286313844166015
COFs,NARGP,54,5.73,12.286313844166015
COFs,NARGP,54,5.795,12.286313844166015
COFs,NARGP,54,5.86,12.286313844166015
COFs,NARGP,54,5.925,12.286313844166015
COFs,NARGP,54,5.99,12.286313844166015
COFs,NARGP,54,6.055,12.286313844166015
COFs,NARGP,54,6.12,12.286313844166015
COFs,NARGP,54,6.185,12.286313844166015
COFs,NARGP,54,6.25,12.286313844166015
COFs,NARGP,54,6.315,12.286313844166015
COFs,NARGP,54,6.38,12.286313844166015
COFs,NARGP,54,6.445,12.286313844166015
COFs,NARGP,54,7.445,12.286313844166015
COFs,NARGP,54,7.51,12.286313844166015
COFs,NARGP,54,7.575,12.286313844166015
COFs,NARGP,54,7.64,12.286313844166015
COFs,NARGP,54,7.705,12.286313844166015
COFs,NARGP,54,7.77,12.286313844166015
COFs,NARGP,54,7.835,12.286313844166015
COFs,NARGP,54,7.9,12.286313844166015
COFs,NARGP,54,7.965,12.286313844166015
COFs,NARGP,54,8.03,12.286313844166015
COFs,NARGP,54,8.095,12.286313844166015
COFs,NARGP,54,8.16,12.286313844166015
COFs,NARGP,54,8.225,12.286313844166015
COFs,NARGP,54,8.29,12.286313844166015
COFs,NARGP,54,8.355,12.286313844166015
COFs,NARGP,54,8.42,12.286313844166015
COFs,NARGP,54,9.42,10.90904598655704
COFs,NARGP,54,9.485,10.90904598655704
COFs,NARGP,54,9.55,10.90904598655704
COFs,NARGP,54,9.615,10.90904598655704
COFs,NARGP,54,9.68,10.90904598655704
COFs,NARGP,54,9.745,10.90904598655704
COFs,NARGP,54,9.81,10.90904598655704
COFs,NARGP,54,9.875,10.90904598655704
COFs,NARGP,54,9.94,10.90904598655704
COFs,NARGP,54,10.005,10.90904598655704
COFs,NARGP,54,10.07,10.90904598655704
COFs,NARGP,54,10.135,10.90904598655704
COFs,NARGP,54,10.2,10.90904598655704
COFs,NARGP,54,10.265,10.90904598655704
COFs,NARGP,54,10.33,10.90904598655704
COFs,NARGP,54,10.395,10.90904598655704
COFs,NARGP,54,11.395,10.90904598655704
COFs,NARGP,54,11.46,10.90904598655704
COFs,NARGP,54,11.525,10.90904598655704
COFs,NARGP,54,11.59,10.90904598655704
COFs,NARGP,54,11.655,10.90904598655704
COFs,NARGP,54,11.72,10.90904598655704
COFs,NARGP,54,11.785,10.90904598655704
COFs,NARGP,54,11.85,10.90904598655704
COFs,NARGP,54,11.915,10.90904598655704
COFs,NARGP,54,11.98,10.90904598655704
COFs,NARGP,54,12.045,10.90904598655704
COFs,NARGP,54,12.11,10.90904598655704
COFs,NARGP,54,12.175,10.90904598655704
COFs,NARGP,54,12.24,10.90904598655704
COFs,NARGP,54,12.305,10.90904598655704
COFs,NARGP,54,12.37,10.90904598655704
COFs,NARGP,54,13.37,10.90904598655704
COFs,NARGP,54,13.435,10.90904598655704
COFs,NARGP,54,13.5,10.90904598655704
COFs,NARGP,54,13.565,10.90904598655704
COFs,NARGP,54,13.63,10.90904598655704
COFs,NARGP,54,13.695,10.90904598655704
COFs,NARGP,54,13.76,10.90904598655704
COFs,NARGP,54,13.825,10.90904598655704
COFs,NARGP,54,13.89,10.90904598655704
COFs,NARGP,54,13.955,10.90904598655704
COFs,NARGP,54,14.02,10.90904598655704
COFs,NARGP,54,14.085,10.90904598655704
COFs,NARGP,54,14.15,10.90904598655704
COFs,NARGP,54,14.215,10.90904598655704
COFs,NARGP,54,14.28,10.90904598655704
COFs,NARGP,54,14.345,10.90904598655704
COFs,NARGP,54,15.345,10.90904598655704
COFs,NARGP,54,15.41,10.90904598655704
COFs,NARGP,54,15.475,10.90904598655704
COFs,NARGP,54,15.54,10.90904598655704
COFs,NARGP,54,15.605,10.90904598655704
COFs,NARGP,54,15.67,10.90904598655704
COFs,NARGP,54,15.735,10.90904598655704
COFs,NARGP,54,15.8,10.90904598655704
COFs,NARGP,54,15.865,10.90904598655704
COFs,NARGP,54,15.93,10.90904598655704
COFs,NARGP,54,15.995,10.90904598655704
COFs,NARGP,54,16.06,10.90904598655704
COFs,NARGP,54,16.125,10.90904598655704
COFs,NARGP,54,16.19,10.90904598655704
COFs,NARGP,54,16.255,10.90904598655704
COFs,NARGP,54,16.32,10.90904598655704
COFs,NARGP,54,17.32,10.90904598655704
COFs,NARGP,54,17.385,10.90904598655704
COFs,NARGP,54,17.45,10.90904598655704
COFs,NARGP,54,17.515,10.90904598655704
COFs,NARGP,54,17.58,10.90904598655704
COFs,NARGP,54,17.645,10.90904598655704
COFs,NARGP,54,17.71,10.90904598655704
COFs,NARGP,54,17.775,10.90904598655704
COFs,NARGP,54,17.84,10.90904598655704
COFs,NARGP,54,17.905,10.90904598655704
COFs,NARGP,54,17.97,10.90904598655704
COFs,NARGP,54,18.035,10.90904598655704
COFs,NARGP,54,18.1,10.90904598655704
COFs,NARGP,54,18.165,10.90904598655704
COFs,NARGP,54,18.23,10.90904598655704
COFs,NARGP,54,18.295,10.90904598655704
COFs,NARGP,54,19.295,10.90904598655704
COFs,NARGP,54,19.36,10.90904598655704
COFs,NARGP,54,19.425,10.90904598655704
COFs,NARGP,54,19.49,10.90904598655704
COFs,NARGP,54,19.555,10.90904598655704
COFs,NARGP,54,19.62,10.90904598655704
COFs,NARGP,54,19.685,10.90904598655704
COFs,NARGP,54,19.75,10.90904598655704
COFs,NARGP,54,19.815,10.90904598655704
COFs,NARGP,54,19.88,10.90904598655704
COFs,NARGP,54,19.945,10.90904598655704
COFs,NARGP,54,20.01,10.90904598655704
COFs,NARGP,54,20.075,10.90904598655704
COFs,NARGP,54,20.14,10.90904598655704
COFs,NARGP,54,20.205,10.90904598655704
COFs,NARGP,54,20.27,10.90904598655704
COFs,NARGP,54,21.27,10.90904598655704
COFs,NARGP,54,21.335,10.90904598655704
COFs,NARGP,54,21.4,10.90904598655704
COFs,NARGP,54,21.465,10.90904598655704
COFs,NARGP,54,21.53,10.90904598655704
COFs,NARGP,54,21.595,10.90904598655704
COFs,NARGP,54,21.66,10.90904598655704
COFs,NARGP,54,21.725,10.90904598655704
COFs,NARGP,54,21.79,10.90904598655704
COFs,NARGP,54,21.855,10.90904598655704
COFs,NARGP,54,21.92,10.90904598655704
COFs,NARGP,54,21.985,10.90904598655704
COFs,NARGP,54,22.05,10.90904598655704
COFs,NARGP,54,22.115,10.90904598655704
COFs,NARGP,54,22.18,10.90904598655704
COFs,NARGP,54,22.245,10.90904598655704
COFs,NARGP,54,23.245,10.90904598655704
COFs,NARGP,54,23.31,10.90904598655704
COFs,NARGP,54,23.375,10.90904598655704
COFs,NARGP,54,23.44,10.90904598655704
COFs,NARGP,54,23.505,10.90904598655704
COFs,NARGP,54,23.57,10.90904598655704
COFs,NARGP,54,23.635,10.90904598655704
COFs,NARGP,54,23.7,10.90904598655704
COFs,NARGP,54,23.765,10.90904598655704
COFs,NARGP,54,23.83,10.90904598655704
COFs,NARGP,54,23.895,10.90904598655704
COFs,NARGP,54,23.96,10.90904598655704
COFs,NARGP,54,24.025,10.90904598655704
COFs,NARGP,54,24.09,10.90904598655704
COFs,NARGP,54,24.155,10.90904598655704
COFs,NARGP,54,24.22,10.90904598655704
COFs,NARGP,54,25.22,10.90904598655704
COFs,NARGP,54,25.285,10.90904598655704
COFs,NARGP,54,25.35,10.90904598655704
COFs,NARGP,54,25.415,10.90904598655704
COFs,NARGP,54,25.48,10.90904598655704
COFs,NARGP,54,25.545,10.90904598655704
COFs,NARGP,54,25.61,10.90904598655704
COFs,NARGP,54,25.675,10.90904598655704
COFs,NARGP,54,25.74,10.90904598655704
COFs,NARGP,54,25.805,10.90904598655704
COFs,NARGP,54,25.87,10.90904598655704
COFs,NARGP,54,25.935,10.90904598655704
COFs,NARGP,54,26.0,10.90904598655704
COFs,NARGP,54,26.065,10.90904598655704
COFs,NARGP,54,26.13,10.90904598655704
COFs,NARGP,54,26.195,10.90904598655704
COFs,NARGP,54,27.195,10.90904598655704
COFs,NARGP,54,27.26,10.90904598655704
COFs,NARGP,54,27.325,10.90904598655704
COFs,NARGP,54,27.39,10.90904598655704
COFs,NARGP,54,27.455,10.90904598655704
COFs,NARGP,54,27.52,10.90904598655704
COFs,NARGP,54,27.585,10.90904598655704
COFs,NARGP,54,27.65,10.90904598655704
COFs,NARGP,54,27.715,10.90904598655704
COFs,NARGP,54,27.78,10.90904598655704
COFs,NARGP,54,27.845,10.90904598655704
COFs,NARGP,54,27.91,10.90904598655704
COFs,NARGP,54,27.975,10.90904598655704
COFs,NARGP,54,28.04,10.90904598655704
COFs,NARGP,54,28.105,10.90904598655704
COFs,NARGP,54,28.17,10.90904598655704
COFs,NARGP,54,29.17,10.90904598655704
COFs,NARGP,54,29.235,10.90904598655704
COFs,NARGP,54,29.3,10.90904598655704
COFs,NARGP,54,29.365,10.90904598655704
COFs,NARGP,54,29.43,10.90904598655704
COFs,NARGP,54,29.495,10.90904598655704
COFs,NARGP,54,29.56,10.90904598655704
COFs,NARGP,54,29.625,10.90904598655704
COFs,NARGP,54,29.69,10.90904598655704
COFs,NARGP,54,29.755,10.90904598655704
COFs,NARGP,54,29.82,10.90904598655704
COFs,NARGP,54,29.885,10.90904598655704
COFs,NARGP,54,29.95,10.90904598655704
COFs,NARGP,55,3.495,15.734422241958349
COFs,NARGP,55,3.56,15.734422241958349
COFs,NARGP,55,3.625,15.734422241958349
COFs,NARGP,55,3.69,15.734422241958349
COFs,NARGP,55,3.755,15.734422241958349
COFs,NARGP,55,3.82,15.734422241958349
COFs,NARGP,55,3.885,15.734422241958349
COFs,NARGP,55,3.95,15.734422241958349
COFs,NARGP,55,4.015,15.734422241958349
COFs,NARGP,55,4.08,15.734422241958349
COFs,NARGP,55,4.145,15.734422241958349
COFs,NARGP,55,4.21,15.734422241958349
COFs,NARGP,55,4.275,15.734422241958349
COFs,NARGP,55,4.34,15.734422241958349
COFs,NARGP,55,4.405,15.734422241958349
COFs,NARGP,55,4.47,15.734422241958349
COFs,NARGP,55,5.47,15.349389827987476
COFs,NARGP,55,5.535,15.349389827987476
COFs,NARGP,55,5.6,15.349389827987476
COFs,NARGP,55,5.665,15.349389827987476
COFs,NARGP,55,5.73,15.349389827987476
COFs,NARGP,55,5.795,15.349389827987476
COFs,NARGP,55,5.86,15.349389827987476
COFs,NARGP,55,5.925,15.349389827987476
COFs,NARGP,55,5.99,15.349389827987476
COFs,NARGP,55,6.055,15.349389827987476
COFs,NARGP,55,6.12,15.349389827987476
COFs,NARGP,55,6.185,15.349389827987476
COFs,NARGP,55,6.25,15.349389827987476
COFs,NARGP,55,6.315,15.349389827987476
COFs,NARGP,55,6.38,15.349389827987476
COFs,NARGP,55,6.445,15.349389827987476
COFs,NARGP,55,7.445,14.819193758082172
COFs,NARGP,55,7.51,14.819193758082172
COFs,NARGP,55,7.575,14.819193758082172
COFs,NARGP,55,7.64,14.819193758082172
COFs,NARGP,55,7.705,14.819193758082172
COFs,NARGP,55,7.77,14.819193758082172
COFs,NARGP,55,7.835,14.819193758082172
COFs,NARGP,55,7.9,14.819193758082172
COFs,NARGP,55,7.965,14.819193758082172
COFs,NARGP,55,8.03,14.819193758082172
COFs,NARGP,55,8.095,14.819193758082172
COFs,NARGP,55,8.16,14.819193758082172
COFs,NARGP,55,8.225,14.819193758082172
COFs,NARGP,55,8.29,14.819193758082172
COFs,NARGP,55,8.355,14.819193758082172
COFs,NARGP,55,8.42,14.819193758082172
COFs,NARGP,55,9.42,14.819193758082172
COFs,NARGP,55,9.485,14.819193758082172
COFs,NARGP,55,9.55,14.819193758082172
COFs,NARGP,55,9.615,14.819193758082172
COFs,NARGP,55,9.68,14.819193758082172
COFs,NARGP,55,9.745,14.819193758082172
COFs,NARGP,55,9.81,14.819193758082172
COFs,NARGP,55,9.875,14.819193758082172
COFs,NARGP,55,9.94,14.819193758082172
COFs,NARGP,55,10.005,14.819193758082172
COFs,NARGP,55,10.07,14.819193758082172
COFs,NARGP,55,10.135,14.819193758082172
COFs,NARGP,55,10.2,14.819193758082172
COFs,NARGP,55,10.265,14.819193758082172
COFs,NARGP,55,10.33,14.819193758082172
COFs,NARGP,55,10.395,14.819193758082172
COFs,NARGP,55,11.395,14.819193758082172
COFs,NARGP,55,11.46,14.819193758082172
COFs,NARGP,55,11.525,14.819193758082172
COFs,NARGP,55,11.59,14.819193758082172
COFs,NARGP,55,11.655,14.819193758082172
COFs,NARGP,55,11.72,14.819193758082172
COFs,NARGP,55,11.785,14.819193758082172
COFs,NARGP,55,11.85,14.819193758082172
COFs,NARGP,55,11.915,14.819193758082172
COFs,NARGP,55,11.98,14.819193758082172
COFs,NARGP,55,12.045,14.819193758082172
COFs,NARGP,55,12.11,14.819193758082172
COFs,NARGP,55,12.175,14.819193758082172
COFs,NARGP,55,12.24,14.819193758082172
COFs,NARGP,55,12.305,14.819193758082172
COFs,NARGP,55,12.37,14.819193758082172
COFs,NARGP,55,13.37,14.819193758082172
COFs,NARGP,55,13.435,14.819193758082172
COFs,NARGP,55,13.5,14.819193758082172
COFs,NARGP,55,13.565,14.819193758082172
COFs,NARGP,55,13.63,14.819193758082172
COFs,NARGP,55,13.695,14.819193758082172
COFs,NARGP,55,13.76,14.819193758082172
COFs,NARGP,55,13.825,14.819193758082172
COFs,NARGP,55,13.89,14.819193758082172
COFs,NARGP,55,13.955,14.819193758082172
COFs,NARGP,55,14.02,14.819193758082172
COFs,NARGP,55,14.085,14.819193758082172
COFs,NARGP,55,14.15,14.819193758082172
COFs,NARGP,55,14.215,14.819193758082172
COFs,NARGP,55,14.28,14.819193758082172
COFs,NARGP,55,14.345,14.819193758082172
COFs,NARGP,55,15.345,14.819193758082172
COFs,NARGP,55,15.41,14.819193758082172
COFs,NARGP,55,15.475,14.819193758082172
COFs,NARGP,55,15.54,14.819193758082172
COFs,NARGP,55,15.605,14.819193758082172
COFs,NARGP,55,15.67,14.819193758082172
COFs,NARGP,55,15.735,14.819193758082172
COFs,NARGP,55,15.8,14.819193758082172
COFs,NARGP,55,15.865,14.819193758082172
COFs,NARGP,55,15.93,14.819193758082172
COFs,NARGP,55,15.995,14.819193758082172
COFs,NARGP,55,16.06,14.819193758082172
COFs,NARGP,55,16.125,14.819193758082172
COFs,NARGP,55,16.19,14.819193758082172
COFs,NARGP,55,16.255,14.819193758082172
COFs,NARGP,55,16.32,14.819193758082172
COFs,NARGP,55,17.32,14.819193758082172
COFs,NARGP,55,17.385,14.819193758082172
COFs,NARGP,55,17.45,14.819193758082172
COFs,NARGP,55,17.515,14.819193758082172
COFs,NARGP,55,17.58,14.819193758082172
COFs,NARGP,55,17.645,14.819193758082172
COFs,NARGP,55,17.71,14.819193758082172
COFs,NARGP,55,17.775,14.819193758082172
COFs,NARGP,55,17.84,14.819193758082172
COFs,NARGP,55,17.905,14.819193758082172
COFs,NARGP,55,17.97,14.819193758082172
COFs,NARGP,55,18.035,14.819193758082172
COFs,NARGP,55,18.1,14.819193758082172
COFs,NARGP,55,18.165,14.819193758082172
COFs,NARGP,55,18.23,14.819193758082172
COFs,NARGP,55,18.295,14.819193758082172
COFs,NARGP,55,19.295,14.525885454224513
COFs,NARGP,55,19.36,14.525885454224513
COFs,NARGP,55,19.425,14.525885454224513
COFs,NARGP,55,19.49,14.525885454224513
COFs,NARGP,55,19.555,14.525885454224513
COFs,NARGP,55,19.62,14.525885454224513
COFs,NARGP,55,19.685,14.525885454224513
COFs,NARGP,55,19.75,14.525885454224513
COFs,NARGP,55,19.815,14.525885454224513
COFs,NARGP,55,19.88,14.525885454224513
COFs,NARGP,55,19.945,14.525885454224513
COFs,NARGP,55,20.01,14.525885454224513
COFs,NARGP,55,20.075,14.525885454224513
COFs,NARGP,55,20.14,14.525885454224513
COFs,NARGP,55,20.205,14.525885454224513
COFs,NARGP,55,20.27,14.525885454224513
COFs,NARGP,55,21.27,14.491704767558256
COFs,NARGP,55,21.335,14.491704767558256
COFs,NARGP,55,21.4,14.491704767558256
COFs,NARGP,55,21.465,14.491704767558256
COFs,NARGP,55,21.53,14.491704767558256
COFs,NARGP,55,21.595,14.491704767558256
COFs,NARGP,55,21.66,14.491704767558256
COFs,NARGP,55,21.725,14.491704767558256
COFs,NARGP,55,21.79,14.491704767558256
COFs,NARGP,55,21.855,14.491704767558256
COFs,NARGP,55,21.92,14.491704767558256
COFs,NARGP,55,21.985,14.491704767558256
COFs,NARGP,55,22.05,14.491704767558256
COFs,NARGP,55,22.115,14.491704767558256
COFs,NARGP,55,22.18,14.491704767558256
COFs,NARGP,55,22.245,14.491704767558256
COFs,NARGP,55,23.245,14.491704767558256
COFs,NARGP,55,23.31,14.491704767558256
COFs,NARGP,55,23.375,14.491704767558256
COFs,NARGP,55,23.44,14.491704767558256
COFs,NARGP,55,23.505,14.491704767558256
COFs,NARGP,55,23.57,14.491704767558256
COFs,NARGP,55,23.635,14.491704767558256
COFs,NARGP,55,23.7,14.491704767558256
COFs,NARGP,55,23.765,14.491704767558256
COFs,NARGP,55,23.83,14.491704767558256
COFs,NARGP,55,23.895,14.491704767558256
COFs,NARGP,55,23.96,14.491704767558256
COFs,NARGP,55,24.025,14.491704767558256
COFs,NARGP,55,24.09,14.491704767558256
COFs,NARGP,55,24.155,14.491704767558256
COFs,NARGP,55,24.22,14.491704767558256
COFs,NARGP,55,25.22,14.491704767558256
COFs,NARGP,55,25.285,14.491704767558256
COFs,NARGP,55,25.35,14.491704767558256
COFs,NARGP,55,25.415,14.491704767558256
COFs,NARGP,55,25.48,14.491704767558256
COFs,NARGP,55,25.545,14.491704767558256
COFs,NARGP,55,25.61,14.491704767558256
COFs,NARGP,55,25.675,14.491704767558256
COFs,NARGP,55,25.74,14.491704767558256
COFs,NARGP,55,25.805,14.491704767558256
COFs,NARGP,55,25.87,14.491704767558256
COFs,NARGP,55,25.935,14.491704767558256
COFs,NARGP,55,26.0,14.491704767558256
COFs,NARGP,55,26.065,14.491704767558256
COFs,NARGP,55,26.13,14.491704767558256
COFs,NARGP,55,26.195,14.491704767558256
COFs,NARGP,55,27.195,14.491704767558256
COFs,NARGP,55,27.26,14.491704767558256
COFs,NARGP,55,27.325,14.491704767558256
COFs,NARGP,55,27.39,14.491704767558256
COFs,NARGP,55,27.455,14.491704767558256
COFs,NARGP,55,27.52,14.491704767558256
COFs,NARGP,55,27.585,14.491704767558256
COFs,NARGP,55,27.65,14.491704767558256
COFs,NARGP,55,27.715,14.491704767558256
COFs,NARGP,55,27.78,14.491704767558256
COFs,NARGP,55,27.845,14.491704767558256
COFs,NARGP,55,27.91,14.491704767558256
COFs,NARGP,55,27.975,14.491704767558256
COFs,NARGP,55,28.04,14.491704767558256
COFs,NARGP,55,28.105,14.491704767558256
COFs,NARGP,55,28.17,14.491704767558256
COFs,NARGP,55,29.17,14.491704767558256
COFs,NARGP,55,29.235,14.491704767558256
COFs,NARGP,55,29.3,14.491704767558256
COFs,NARGP,55,29.365,14.491704767558256
COFs,NARGP,55,29.43,14.491704767558256
COFs,NARGP,55,29.495,14.491704767558256
COFs,NARGP,55,29.56,14.491704767558256
COFs,NARGP,55,29.625,14.491704767558256
COFs,NARGP,55,29.69,14.491704767558256
COFs,NARGP,55,29.755,14.491704767558256
COFs,NARGP,55,29.82,14.491704767558256
COFs,NARGP,55,29.885,14.491704767558256
COFs,NARGP,55,29.95,14.491704767558256
COFs,NARGP,56,3.495,2.768421691579954
COFs,NARGP,56,3.56,2.768421691579954
COFs,NARGP,56,3.625,2.768421691579954
COFs,NARGP,56,3.69,2.768421691579954
COFs,NARGP,56,3.755,2.768421691579954
COFs,NARGP,56,3.82,2.768421691579954
COFs,NARGP,56,3.885,2.768421691579954
COFs,NARGP,56,3.95,2.768421691579954
COFs,NARGP,56,4.015,2.768421691579954
COFs,NARGP,56,4.08,2.768421691579954
COFs,NARGP,56,4.145,2.768421691579954
COFs,NARGP,56,4.21,2.768421691579954
COFs,NARGP,56,4.275,2.768421691579954
COFs,NARGP,56,4.34,2.768421691579954
COFs,NARGP,56,4.405,2.768421691579954
COFs,NARGP,56,4.47,2.768421691579954
COFs,NARGP,56,5.47,2.768421691579954
COFs,NARGP,56,5.535,2.768421691579954
COFs,NARGP,56,5.6,2.768421691579954
COFs,NARGP,56,5.665,2.768421691579954
COFs,NARGP,56,5.73,2.768421691579954
COFs,NARGP,56,5.795,2.768421691579954
COFs,NARGP,56,5.86,2.768421691579954
COFs,NARGP,56,5.925,2.768421691579954
COFs,NARGP,56,5.99,2.768421691579954
COFs,NARGP,56,6.055,2.768421691579954
COFs,NARGP,56,6.12,2.768421691579954
COFs,NARGP,56,6.185,2.768421691579954
COFs,NARGP,56,6.25,2.768421691579954
COFs,NARGP,56,6.315,2.768421691579954
COFs,NARGP,56,6.38,2.768421691579954
COFs,NARGP,56,6.445,2.768421691579954
COFs,NARGP,56,7.445,2.768421691579954
COFs,NARGP,56,7.51,2.768421691579954
COFs,NARGP,56,7.575,2.768421691579954
COFs,NARGP,56,7.64,2.768421691579954
COFs,NARGP,56,7.705,2.768421691579954
COFs,NARGP,56,7.77,2.768421691579954
COFs,NARGP,56,7.835,2.768421691579954
COFs,NARGP,56,7.9,2.768421691579954
COFs,NARGP,56,7.965,2.768421691579954
COFs,NARGP,56,8.03,2.768421691579954
COFs,NARGP,56,8.095,2.768421691579954
COFs,NARGP,56,8.16,2.768421691579954
COFs,NARGP,56,8.225,2.768421691579954
COFs,NARGP,56,8.29,2.768421691579954
COFs,NARGP,56,8.355,2.768421691579954
COFs,NARGP,56,8.42,2.768421691579954
COFs,NARGP,56,9.42,2.768421691579954
COFs,NARGP,56,9.485,2.768421691579954
COFs,NARGP,56,9.55,2.768421691579954
COFs,NARGP,56,9.615,2.768421691579954
COFs,NARGP,56,9.68,2.768421691579954
COFs,NARGP,56,9.745,2.768421691579954
COFs,NARGP,56,9.81,2.768421691579954
COFs,NARGP,56,9.875,2.768421691579954
COFs,NARGP,56,9.94,2.768421691579954
COFs,NARGP,56,10.005,2.768421691579954
COFs,NARGP,56,10.07,2.768421691579954
COFs,NARGP,56,10.135,2.768421691579954
COFs,NARGP,56,10.2,2.768421691579954
COFs,NARGP,56,10.265,2.768421691579954
COFs,NARGP,56,10.33,2.768421691579954
COFs,NARGP,56,10.395,2.768421691579954
COFs,NARGP,56,11.395,2.768421691579954
COFs,NARGP,56,11.46,2.768421691579954
COFs,NARGP,56,11.525,2.768421691579954
COFs,NARGP,56,11.59,2.768421691579954
COFs,NARGP,56,11.655,2.768421691579954
COFs,NARGP,56,11.72,2.768421691579954
COFs,NARGP,56,11.785,2.768421691579954
COFs,NARGP,56,11.85,2.768421691579954
COFs,NARGP,56,11.915,2.768421691579954
COFs,NARGP,56,11.98,2.768421691579954
COFs,NARGP,56,12.045,2.768421691579954
COFs,NARGP,56,12.11,2.768421691579954
COFs,NARGP,56,12.175,2.768421691579954
COFs,NARGP,56,12.24,2.768421691579954
COFs,NARGP,56,12.305,2.768421691579954
COFs,NARGP,56,12.37,2.768421691579954
COFs,NARGP,56,13.37,2.768421691579954
COFs,NARGP,56,13.435,2.768421691579954
COFs,NARGP,56,13.5,2.768421691579954
COFs,NARGP,56,13.565,2.768421691579954
COFs,NARGP,56,13.63,2.768421691579954
COFs,NARGP,56,13.695,2.768421691579954
COFs,NARGP,56,13.76,2.768421691579954
COFs,NARGP,56,13.825,2.768421691579954
COFs,NARGP,56,13.89,2.768421691579954
COFs,NARGP,56,13.955,2.768421691579954
COFs,NARGP,56,14.02,2.768421691579954
COFs,NARGP,56,14.085,2.768421691579954
COFs,NARGP,56,14.15,2.768421691579954
COFs,NARGP,56,14.215,2.768421691579954
COFs,NARGP,56,14.28,2.768421691579954
COFs,NARGP,56,14.345,2.768421691579954
COFs,NARGP,56,15.345,2.768421691579954
COFs,NARGP,56,15.41,2.768421691579954
COFs,NARGP,56,15.475,2.768421691579954
COFs,NARGP,56,15.54,2.768421691579954
COFs,NARGP,56,15.605,2.768421691579954
COFs,NARGP,56,15.67,2.768421691579954
COFs,NARGP,56,15.735,2.768421691579954
COFs,NARGP,56,15.8,2.768421691579954
COFs,NARGP,56,15.865,2.768421691579954
COFs,NARGP,56,15.93,2.768421691579954
COFs,NARGP,56,15.995,2.768421691579954
COFs,NARGP,56,16.06,2.768421691579954
COFs,NARGP,56,16.125,2.768421691579954
COFs,NARGP,56,16.19,2.768421691579954
COFs,NARGP,56,16.255,2.768421691579954
COFs,NARGP,56,16.32,2.768421691579954
COFs,NARGP,56,17.32,2.768421691579954
COFs,NARGP,56,17.385,2.768421691579954
COFs,NARGP,56,17.45,2.768421691579954
COFs,NARGP,56,17.515,2.768421691579954
COFs,NARGP,56,17.58,2.768421691579954
COFs,NARGP,56,17.645,2.768421691579954
COFs,NARGP,56,17.71,2.768421691579954
COFs,NARGP,56,17.775,2.768421691579954
COFs,NARGP,56,17.84,2.768421691579954
COFs,NARGP,56,17.905,2.768421691579954
COFs,NARGP,56,17.97,2.768421691579954
COFs,NARGP,56,18.035,2.768421691579954
COFs,NARGP,56,18.1,2.768421691579954
COFs,NARGP,56,18.165,2.768421691579954
COFs,NARGP,56,18.23,2.768421691579954
COFs,NARGP,56,18.295,2.768421691579954
COFs,NARGP,56,19.295,2.768421691579954
COFs,NARGP,56,19.36,2.768421691579954
COFs,NARGP,56,19.425,2.768421691579954
COFs,NARGP,56,19.49,2.768421691579954
COFs,NARGP,56,19.555,2.768421691579954
COFs,NARGP,56,19.62,2.768421691579954
COFs,NARGP,56,19.685,2.768421691579954
COFs,NARGP,56,19.75,2.768421691579954
COFs,NARGP,56,19.815,2.768421691579954
COFs,NARGP,56,19.88,2.768421691579954
COFs,NARGP,56,19.945,2.768421691579954
COFs,NARGP,56,20.01,2.768421691579954
COFs,NARGP,56,20.075,2.768421691579954
COFs,NARGP,56,20.14,2.768421691579954
COFs,NARGP,56,20.205,2.768421691579954
COFs,NARGP,56,20.27,2.768421691579954
COFs,NARGP,56,21.27,2.768421691579954
COFs,NARGP,56,21.335,2.768421691579954
COFs,NARGP,56,21.4,2.768421691579954
COFs,NARGP,56,21.465,2.768421691579954
COFs,NARGP,56,21.53,2.768421691579954
COFs,NARGP,56,21.595,2.768421691579954
COFs,NARGP,56,21.66,2.768421691579954
COFs,NARGP,56,21.725,2.768421691579954
COFs,NARGP,56,21.79,2.768421691579954
COFs,NARGP,56,21.855,2.768421691579954
COFs,NARGP,56,21.92,2.768421691579954
COFs,NARGP,56,21.985,2.768421691579954
COFs,NARGP,56,22.05,2.768421691579954
COFs,NARGP,56,22.115,2.768421691579954
COFs,NARGP,56,22.18,2.768421691579954
COFs,NARGP,56,22.245,2.768421691579954
COFs,NARGP,56,23.245,2.768421691579954
COFs,NARGP,56,23.31,2.768421691579954
COFs,NARGP,56,23.375,2.768421691579954
COFs,NARGP,56,23.44,2.768421691579954
COFs,NARGP,56,23.505,2.768421691579954
COFs,NARGP,56,23.57,2.768421691579954
COFs,NARGP,56,23.635,2.768421691579954
COFs,NARGP,56,23.7,2.768421691579954
COFs,NARGP,56,23.765,2.768421691579954
COFs,NARGP,56,23.83,2.768421691579954
COFs,NARGP,56,23.895,2.768421691579954
COFs,NARGP,56,23.96,2.768421691579954
COFs,NARGP,56,24.025,2.768421691579954
COFs,NARGP,56,24.09,2.768421691579954
COFs,NARGP,56,24.155,2.768421691579954
COFs,NARGP,56,24.22,2.768421691579954
COFs,NARGP,56,25.22,2.768421691579954
COFs,NARGP,56,25.285,2.768421691579954
COFs,NARGP,56,25.35,2.768421691579954
COFs,NARGP,56,25.415,2.768421691579954
COFs,NARGP,56,25.48,2.768421691579954
COFs,NARGP,56,25.545,2.768421691579954
COFs,NARGP,56,25.61,2.768421691579954
COFs,NARGP,56,25.675,2.768421691579954
COFs,NARGP,56,25.74,2.768421691579954
COFs,NARGP,56,25.805,2.768421691579954
COFs,NARGP,56,25.87,2.768421691579954
COFs,NARGP,56,25.935,2.768421691579954
COFs,NARGP,56,26.0,2.768421691579954
COFs,NARGP,56,26.065,2.768421691579954
COFs,NARGP,56,26.13,2.768421691579954
COFs,NARGP,56,26.195,2.768421691579954
COFs,NARGP,56,27.195,2.768421691579954
COFs,NARGP,56,27.26,2.768421691579954
COFs,NARGP,56,27.325,2.768421691579954
COFs,NARGP,56,27.39,2.768421691579954
COFs,NARGP,56,27.455,2.768421691579954
COFs,NARGP,56,27.52,2.768421691579954
COFs,NARGP,56,27.585,2.768421691579954
COFs,NARGP,56,27.65,2.768421691579954
COFs,NARGP,56,27.715,2.768421691579954
COFs,NARGP,56,27.78,2.768421691579954
COFs,NARGP,56,27.845,2.768421691579954
COFs,NARGP,56,27.91,2.768421691579954
COFs,NARGP,56,27.975,2.768421691579954
COFs,NARGP,56,28.04,2.768421691579954
COFs,NARGP,56,28.105,2.768421691579954
COFs,NARGP,56,28.17,2.768421691579954
COFs,NARGP,56,29.17,2.768421691579954
COFs,NARGP,56,29.235,2.768421691579954
COFs,NARGP,56,29.3,2.768421691579954
COFs,NARGP,56,29.365,2.768421691579954
COFs,NARGP,56,29.43,2.768421691579954
COFs,NARGP,56,29.495,2.768421691579954
COFs,NARGP,56,29.56,2.768421691579954
COFs,NARGP,56,29.625,2.768421691579954
COFs,NARGP,56,29.69,2.768421691579954
COFs,NARGP,56,29.755,2.768421691579954
COFs,NARGP,56,29.82,2.768421691579954
COFs,NARGP,56,29.885,2.768421691579954
COFs,NARGP,56,29.95,2.768421691579954
COFs,NARGP,57,3.495,16.312287703873416
COFs,NARGP,57,3.56,16.312287703873416
COFs,NARGP,57,3.625,16.312287703873416
COFs,NARGP,57,3.69,16.312287703873416
COFs,NARGP,57,3.755,16.312287703873416
COFs,NARGP,57,3.82,16.312287703873416
COFs,NARGP,57,3.885,16.312287703873416
COFs,NARGP,57,3.95,16.312287703873416
COFs,NARGP,57,4.015,16.312287703873416
COFs,NARGP,57,4.08,16.312287703873416
COFs,NARGP,57,4.145,16.312287703873416
COFs,NARGP,57,4.21,16.312287703873416
COFs,NARGP,57,4.275,16.312287703873416
COFs,NARGP,57,4.34,16.312287703873416
COFs,NARGP,57,4.405,16.312287703873416
COFs,NARGP,57,4.47,16.312287703873416
COFs,NARGP,57,5.47,14.325566584020724
COFs,NARGP,57,5.535,14.325566584020724
COFs,NARGP,57,5.6,14.325566584020724
COFs,NARGP,57,5.665,14.325566584020724
COFs,NARGP,57,5.73,14.325566584020724
COFs,NARGP,57,5.795,14.325566584020724
COFs,NARGP,57,5.86,14.325566584020724
COFs,NARGP,57,5.925,14.325566584020724
COFs,NARGP,57,5.99,14.325566584020724
COFs,NARGP,57,6.055,14.325566584020724
COFs,NARGP,57,6.12,14.325566584020724
COFs,NARGP,57,6.185,14.325566584020724
COFs,NARGP,57,6.25,14.325566584020724
COFs,NARGP,57,6.315,14.325566584020724
COFs,NARGP,57,6.38,14.325566584020724
COFs,NARGP,57,6.445,14.325566584020724
COFs,NARGP,57,7.445,14.325566584020724
COFs,NARGP,57,7.51,14.325566584020724
COFs,NARGP,57,7.575,14.325566584020724
COFs,NARGP,57,7.64,14.325566584020724
COFs,NARGP,57,7.705,14.325566584020724
COFs,NARGP,57,7.77,14.325566584020724
COFs,NARGP,57,7.835,14.325566584020724
COFs,NARGP,57,7.9,14.325566584020724
COFs,NARGP,57,7.965,14.325566584020724
COFs,NARGP,57,8.03,14.325566584020724
COFs,NARGP,57,8.095,14.325566584020724
COFs,NARGP,57,8.16,14.325566584020724
COFs,NARGP,57,8.225,14.325566584020724
COFs,NARGP,57,8.29,14.325566584020724
COFs,NARGP,57,8.355,14.325566584020724
COFs,NARGP,57,8.42,14.325566584020724
COFs,NARGP,57,9.42,14.325566584020724
COFs,NARGP,57,9.485,14.325566584020724
COFs,NARGP,57,9.55,14.325566584020724
COFs,NARGP,57,9.615,14.325566584020724
COFs,NARGP,57,9.68,14.325566584020724
COFs,NARGP,57,9.745,14.325566584020724
COFs,NARGP,57,9.81,14.325566584020724
COFs,NARGP,57,9.875,14.325566584020724
COFs,NARGP,57,9.94,14.325566584020724
COFs,NARGP,57,10.005,14.325566584020724
COFs,NARGP,57,10.07,14.325566584020724
COFs,NARGP,57,10.135,14.325566584020724
COFs,NARGP,57,10.2,14.325566584020724
COFs,NARGP,57,10.265,14.325566584020724
COFs,NARGP,57,10.33,14.325566584020724
COFs,NARGP,57,10.395,14.325566584020724
COFs,NARGP,57,11.395,14.294653849643131
COFs,NARGP,57,11.46,14.294653849643131
COFs,NARGP,57,11.525,14.294653849643131
COFs,NARGP,57,11.59,14.294653849643131
COFs,NARGP,57,11.655,14.294653849643131
COFs,NARGP,57,11.72,14.294653849643131
COFs,NARGP,57,11.785,14.294653849643131
COFs,NARGP,57,11.85,14.294653849643131
COFs,NARGP,57,11.915,14.294653849643131
COFs,NARGP,57,11.98,14.294653849643131
COFs,NARGP,57,12.045,14.294653849643131
COFs,NARGP,57,12.11,14.294653849643131
COFs,NARGP,57,12.175,14.294653849643131
COFs,NARGP,57,12.24,14.294653849643131
COFs,NARGP,57,12.305,14.294653849643131
COFs,NARGP,57,12.37,14.294653849643131
COFs,NARGP,57,13.37,13.858066652514268
COFs,NARGP,57,13.435,13.858066652514268
COFs,NARGP,57,13.5,13.858066652514268
COFs,NARGP,57,13.565,13.858066652514268
COFs,NARGP,57,13.63,13.858066652514268
COFs,NARGP,57,13.695,13.858066652514268
COFs,NARGP,57,13.76,13.858066652514268
COFs,NARGP,57,13.825,13.858066652514268
COFs,NARGP,57,13.89,13.858066652514268
COFs,NARGP,57,13.955,13.858066652514268
COFs,NARGP,57,14.02,13.858066652514268
COFs,NARGP,57,14.085,13.858066652514268
COFs,NARGP,57,14.15,13.858066652514268
COFs,NARGP,57,14.215,13.858066652514268
COFs,NARGP,57,14.28,13.858066652514268
COFs,NARGP,57,14.345,13.858066652514268
COFs,NARGP,57,15.345,13.858066652514268
COFs,NARGP,57,15.41,13.858066652514268
COFs,NARGP,57,15.475,13.858066652514268
COFs,NARGP,57,15.54,13.858066652514268
COFs,NARGP,57,15.605,13.858066652514268
COFs,NARGP,57,15.67,13.858066652514268
COFs,NARGP,57,15.735,13.858066652514268
COFs,NARGP,57,15.8,13.858066652514268
COFs,NARGP,57,15.865,13.858066652514268
COFs,NARGP,57,15.93,13.858066652514268
COFs,NARGP,57,15.995,13.858066652514268
COFs,NARGP,57,16.06,13.858066652514268
COFs,NARGP,57,16.125,13.858066652514268
COFs,NARGP,57,16.19,13.858066652514268
COFs,NARGP,57,16.255,13.858066652514268
COFs,NARGP,57,16.32,13.858066652514268
COFs,NARGP,57,17.32,13.858066652514268
COFs,NARGP,57,17.385,13.858066652514268
COFs,NARGP,57,17.45,13.858066652514268
COFs,NARGP,57,17.515,13.858066652514268
COFs,NARGP,57,17.58,13.858066652514268
COFs,NARGP,57,17.645,13.858066652514268
COFs,NARGP,57,17.71,13.858066652514268
COFs,NARGP,57,17.775,13.858066652514268
COFs,NARGP,57,17.84,13.858066652514268
COFs,NARGP,57,17.905,13.858066652514268
COFs,NARGP,57,17.97,13.858066652514268
COFs,NARGP,57,18.035,13.858066652514268
COFs,NARGP,57,18.1,13.858066652514268
COFs,NARGP,57,18.165,13.858066652514268
COFs,NARGP,57,18.23,13.858066652514268
COFs,NARGP,57,18.295,13.858066652514268
COFs,NARGP,57,19.295,13.858066652514268
COFs,NARGP,57,19.36,13.858066652514268
COFs,NARGP,57,19.425,13.858066652514268
COFs,NARGP,57,19.49,13.858066652514268
COFs,NARGP,57,19.555,13.858066652514268
COFs,NARGP,57,19.62,13.858066652514268
COFs,NARGP,57,19.685,13.858066652514268
COFs,NARGP,57,19.75,13.858066652514268
COFs,NARGP,57,19.815,13.858066652514268
COFs,NARGP,57,19.88,13.858066652514268
COFs,NARGP,57,19.945,13.858066652514268
COFs,NARGP,57,20.01,13.858066652514268
COFs,NARGP,57,20.075,13.858066652514268
COFs,NARGP,57,20.14,13.858066652514268
COFs,NARGP,57,20.205,13.858066652514268
COFs,NARGP,57,20.27,13.858066652514268
COFs,NARGP,57,21.27,13.858066652514268
COFs,NARGP,57,21.335,13.858066652514268
COFs,NARGP,57,21.4,13.858066652514268
COFs,NARGP,57,21.465,13.858066652514268
COFs,NARGP,57,21.53,13.858066652514268
COFs,NARGP,57,21.595,13.858066652514268
COFs,NARGP,57,21.66,13.858066652514268
COFs,NARGP,57,21.725,13.858066652514268
COFs,NARGP,57,21.79,13.858066652514268
COFs,NARGP,57,21.855,13.858066652514268
COFs,NARGP,57,21.92,13.858066652514268
COFs,NARGP,57,21.985,13.858066652514268
COFs,NARGP,57,22.05,13.858066652514268
COFs,NARGP,57,22.115,13.858066652514268
COFs,NARGP,57,22.18,13.858066652514268
COFs,NARGP,57,22.245,13.858066652514268
COFs,NARGP,57,23.245,13.858066652514268
COFs,NARGP,57,23.31,13.858066652514268
COFs,NARGP,57,23.375,13.858066652514268
COFs,NARGP,57,23.44,13.858066652514268
COFs,NARGP,57,23.505,13.858066652514268
COFs,NARGP,57,23.57,13.858066652514268
COFs,NARGP,57,23.635,13.858066652514268
COFs,NARGP,57,23.7,13.858066652514268
COFs,NARGP,57,23.765,13.858066652514268
COFs,NARGP,57,23.83,13.858066652514268
COFs,NARGP,57,23.895,13.858066652514268
COFs,NARGP,57,23.96,13.858066652514268
COFs,NARGP,57,24.025,13.858066652514268
COFs,NARGP,57,24.09,13.858066652514268
COFs,NARGP,57,24.155,13.858066652514268
COFs,NARGP,57,24.22,13.858066652514268
COFs,NARGP,57,25.22,13.858066652514268
COFs,NARGP,57,25.285,13.858066652514268
COFs,NARGP,57,25.35,13.858066652514268
COFs,NARGP,57,25.415,13.858066652514268
COFs,NARGP,57,25.48,13.858066652514268
COFs,NARGP,57,25.545,13.858066652514268
COFs,NARGP,57,25.61,13.858066652514268
COFs,NARGP,57,25.675,13.858066652514268
COFs,NARGP,57,25.74,13.858066652514268
COFs,NARGP,57,25.805,13.858066652514268
COFs,NARGP,57,25.87,13.858066652514268
COFs,NARGP,57,25.935,13.858066652514268
COFs,NARGP,57,26.0,13.858066652514268
COFs,NARGP,57,26.065,13.858066652514268
COFs,NARGP,57,26.13,13.858066652514268
COFs,NARGP,57,26.195,13.858066652514268
COFs,NARGP,57,27.195,13.858066652514268
COFs,NARGP,57,27.26,13.858066652514268
COFs,NARGP,57,27.325,13.858066652514268
COFs,NARGP,57,27.39,13.858066652514268
COFs,NARGP,57,27.455,13.858066652514268
COFs,NARGP,57,27.52,13.858066652514268
COFs,NARGP,57,27.585,13.858066652514268
COFs,NARGP,57,27.65,13.858066652514268
COFs,NARGP,57,27.715,13.858066652514268
COFs,NARGP,57,27.78,13.858066652514268
COFs,NARGP,57,27.845,13.858066652514268
COFs,NARGP,57,27.91,13.858066652514268
COFs,NARGP,57,27.975,13.858066652514268
COFs,NARGP,57,28.04,13.858066652514268
COFs,NARGP,57,28.105,13.858066652514268
COFs,NARGP,57,28.17,13.858066652514268
COFs,NARGP,57,29.17,13.173480186239876
COFs,NARGP,57,29.235,13.173480186239876
COFs,NARGP,57,29.3,13.173480186239876
COFs,NARGP,57,29.365,13.173480186239876
COFs,NARGP,57,29.43,13.173480186239876
COFs,NARGP,57,29.495,13.173480186239876
COFs,NARGP,57,29.56,13.173480186239876
COFs,NARGP,57,29.625,13.173480186239876
COFs,NARGP,57,29.69,13.173480186239876
COFs,NARGP,57,29.755,13.173480186239876
COFs,NARGP,57,29.82,13.173480186239876
COFs,NARGP,57,29.885,13.173480186239876
COFs,NARGP,57,29.95,13.173480186239876
COFs,NARGP,58,3.495,14.284141411021764
COFs,NARGP,58,3.56,14.284141411021764
COFs,NARGP,58,3.625,14.284141411021764
COFs,NARGP,58,3.69,14.284141411021764
COFs,NARGP,58,3.755,14.284141411021764
COFs,NARGP,58,3.82,14.284141411021764
COFs,NARGP,58,3.885,14.284141411021764
COFs,NARGP,58,3.95,14.284141411021764
COFs,NARGP,58,4.015,14.284141411021764
COFs,NARGP,58,4.08,14.284141411021764
COFs,NARGP,58,4.145,14.284141411021764
COFs,NARGP,58,4.21,14.284141411021764
COFs,NARGP,58,4.275,14.284141411021764
COFs,NARGP,58,4.34,14.284141411021764
COFs,NARGP,58,4.405,14.284141411021764
COFs,NARGP,58,4.47,14.284141411021764
COFs,NARGP,58,5.47,14.284141411021764
COFs,NARGP,58,5.535,14.284141411021764
COFs,NARGP,58,5.6,14.284141411021764
COFs,NARGP,58,5.665,14.284141411021764
COFs,NARGP,58,5.73,14.284141411021764
COFs,NARGP,58,5.795,14.284141411021764
COFs,NARGP,58,5.86,14.284141411021764
COFs,NARGP,58,5.925,14.284141411021764
COFs,NARGP,58,5.99,14.284141411021764
COFs,NARGP,58,6.055,14.284141411021764
COFs,NARGP,58,6.12,14.284141411021764
COFs,NARGP,58,6.185,14.284141411021764
COFs,NARGP,58,6.25,14.284141411021764
COFs,NARGP,58,6.315,14.284141411021764
COFs,NARGP,58,6.38,14.284141411021764
COFs,NARGP,58,6.445,14.284141411021764
COFs,NARGP,58,7.445,14.284141411021764
COFs,NARGP,58,7.51,14.284141411021764
COFs,NARGP,58,7.575,14.284141411021764
COFs,NARGP,58,7.64,14.284141411021764
COFs,NARGP,58,7.705,14.284141411021764
COFs,NARGP,58,7.77,14.284141411021764
COFs,NARGP,58,7.835,14.284141411021764
COFs,NARGP,58,7.9,14.284141411021764
COFs,NARGP,58,7.965,14.284141411021764
COFs,NARGP,58,8.03,14.284141411021764
COFs,NARGP,58,8.095,14.284141411021764
COFs,NARGP,58,8.16,14.284141411021764
COFs,NARGP,58,8.225,14.284141411021764
COFs,NARGP,58,8.29,14.284141411021764
COFs,NARGP,58,8.355,14.284141411021764
COFs,NARGP,58,8.42,14.284141411021764
COFs,NARGP,58,9.42,14.284141411021764
COFs,NARGP,58,9.485,14.284141411021764
COFs,NARGP,58,9.55,14.284141411021764
COFs,NARGP,58,9.615,14.284141411021764
COFs,NARGP,58,9.68,14.284141411021764
COFs,NARGP,58,9.745,14.284141411021764
COFs,NARGP,58,9.81,14.284141411021764
COFs,NARGP,58,9.875,14.284141411021764
COFs,NARGP,58,9.94,14.284141411021764
COFs,NARGP,58,10.005,14.284141411021764
COFs,NARGP,58,10.07,14.284141411021764
COFs,NARGP,58,10.135,14.284141411021764
COFs,NARGP,58,10.2,14.284141411021764
COFs,NARGP,58,10.265,14.284141411021764
COFs,NARGP,58,10.33,14.284141411021764
COFs,NARGP,58,10.395,14.284141411021764
COFs,NARGP,58,11.395,14.284141411021764
COFs,NARGP,58,11.46,14.284141411021764
COFs,NARGP,58,11.525,14.284141411021764
COFs,NARGP,58,11.59,14.284141411021764
COFs,NARGP,58,11.655,14.284141411021764
COFs,NARGP,58,11.72,14.284141411021764
COFs,NARGP,58,11.785,14.284141411021764
COFs,NARGP,58,11.85,14.284141411021764
COFs,NARGP,58,11.915,14.284141411021764
COFs,NARGP,58,11.98,14.284141411021764
COFs,NARGP,58,12.045,14.284141411021764
COFs,NARGP,58,12.11,14.284141411021764
COFs,NARGP,58,12.175,14.284141411021764
COFs,NARGP,58,12.24,14.284141411021764
COFs,NARGP,58,12.305,14.284141411021764
COFs,NARGP,58,12.37,14.284141411021764
COFs,NARGP,58,13.37,14.284141411021764
COFs,NARGP,58,13.435,14.284141411021764
COFs,NARGP,58,13.5,14.284141411021764
COFs,NARGP,58,13.565,14.284141411021764
COFs,NARGP,58,13.63,14.284141411021764
COFs,NARGP,58,13.695,14.284141411021764
COFs,NARGP,58,13.76,14.284141411021764
COFs,NARGP,58,13.825,14.284141411021764
COFs,NARGP,58,13.89,14.284141411021764
COFs,NARGP,58,13.955,14.284141411021764
COFs,NARGP,58,14.02,14.284141411021764
COFs,NARGP,58,14.085,14.284141411021764
COFs,NARGP,58,14.15,14.284141411021764
COFs,NARGP,58,14.215,14.284141411021764
COFs,NARGP,58,14.28,14.284141411021764
COFs,NARGP,58,14.345,14.284141411021764
COFs,NARGP,58,15.345,14.284141411021764
COFs,NARGP,58,15.41,14.284141411021764
COFs,NARGP,58,15.475,14.284141411021764
COFs,NARGP,58,15.54,14.284141411021764
COFs,NARGP,58,15.605,14.284141411021764
COFs,NARGP,58,15.67,14.284141411021764
COFs,NARGP,58,15.735,14.284141411021764
COFs,NARGP,58,15.8,14.284141411021764
COFs,NARGP,58,15.865,14.284141411021764
COFs,NARGP,58,15.93,14.284141411021764
COFs,NARGP,58,15.995,14.284141411021764
COFs,NARGP,58,16.06,14.284141411021764
COFs,NARGP,58,16.125,14.284141411021764
COFs,NARGP,58,16.19,14.284141411021764
COFs,NARGP,58,16.255,14.284141411021764
COFs,NARGP,58,16.32,14.284141411021764
COFs,NARGP,58,17.32,14.284141411021764
COFs,NARGP,58,17.385,14.284141411021764
COFs,NARGP,58,17.45,14.284141411021764
COFs,NARGP,58,17.515,14.284141411021764
COFs,NARGP,58,17.58,14.284141411021764
COFs,NARGP,58,17.645,14.284141411021764
COFs,NARGP,58,17.71,14.284141411021764
COFs,NARGP,58,17.775,14.284141411021764
COFs,NARGP,58,17.84,14.284141411021764
COFs,NARGP,58,17.905,14.284141411021764
COFs,NARGP,58,17.97,14.284141411021764
COFs,NARGP,58,18.035,14.284141411021764
COFs,NARGP,58,18.1,14.284141411021764
COFs,NARGP,58,18.165,14.284141411021764
COFs,NARGP,58,18.23,14.284141411021764
COFs,NARGP,58,18.295,14.284141411021764
COFs,NARGP,58,19.295,12.630282705389106
COFs,NARGP,58,19.36,12.630282705389106
COFs,NARGP,58,19.425,12.630282705389106
COFs,NARGP,58,19.49,12.630282705389106
COFs,NARGP,58,19.555,12.630282705389106
COFs,NARGP,58,19.62,12.630282705389106
COFs,NARGP,58,19.685,12.630282705389106
COFs,NARGP,58,19.75,12.630282705389106
COFs,NARGP,58,19.815,12.630282705389106
COFs,NARGP,58,19.88,12.630282705389106
COFs,NARGP,58,19.945,12.630282705389106
COFs,NARGP,58,20.01,12.630282705389106
COFs,NARGP,58,20.075,12.630282705389106
COFs,NARGP,58,20.14,12.630282705389106
COFs,NARGP,58,20.205,12.630282705389106
COFs,NARGP,58,20.27,12.630282705389106
COFs,NARGP,58,21.27,12.630282705389106
COFs,NARGP,58,21.335,12.630282705389106
COFs,NARGP,58,21.4,12.630282705389106
COFs,NARGP,58,21.465,12.630282705389106
COFs,NARGP,58,21.53,12.630282705389106
COFs,NARGP,58,21.595,12.630282705389106
COFs,NARGP,58,21.66,12.630282705389106
COFs,NARGP,58,21.725,12.630282705389106
COFs,NARGP,58,21.79,12.630282705389106
COFs,NARGP,58,21.855,12.630282705389106
COFs,NARGP,58,21.92,12.630282705389106
COFs,NARGP,58,21.985,12.630282705389106
COFs,NARGP,58,22.05,12.630282705389106
COFs,NARGP,58,22.115,12.630282705389106
COFs,NARGP,58,22.18,12.630282705389106
COFs,NARGP,58,22.245,12.630282705389106
COFs,NARGP,58,23.245,12.630282705389106
COFs,NARGP,58,23.31,12.630282705389106
COFs,NARGP,58,23.375,12.630282705389106
COFs,NARGP,58,23.44,12.630282705389106
COFs,NARGP,58,23.505,12.630282705389106
COFs,NARGP,58,23.57,12.630282705389106
COFs,NARGP,58,23.635,12.630282705389106
COFs,NARGP,58,23.7,12.630282705389106
COFs,NARGP,58,23.765,12.630282705389106
COFs,NARGP,58,23.83,12.630282705389106
COFs,NARGP,58,23.895,12.630282705389106
COFs,NARGP,58,23.96,12.630282705389106
COFs,NARGP,58,24.025,12.630282705389106
COFs,NARGP,58,24.09,12.630282705389106
COFs,NARGP,58,24.155,12.630282705389106
COFs,NARGP,58,24.22,12.630282705389106
COFs,NARGP,58,25.22,12.630282705389106
COFs,NARGP,58,25.285,12.630282705389106
COFs,NARGP,58,25.35,12.630282705389106
COFs,NARGP,58,25.415,12.630282705389106
COFs,NARGP,58,25.48,12.630282705389106
COFs,NARGP,58,25.545,12.630282705389106
COFs,NARGP,58,25.61,12.630282705389106
COFs,NARGP,58,25.675,12.630282705389106
COFs,NARGP,58,25.74,12.630282705389106
COFs,NARGP,58,25.805,12.630282705389106
COFs,NARGP,58,25.87,12.630282705389106
COFs,NARGP,58,25.935,12.630282705389106
COFs,NARGP,58,26.0,12.630282705389106
COFs,NARGP,58,26.065,12.630282705389106
COFs,NARGP,58,26.13,12.630282705389106
COFs,NARGP,58,26.195,12.630282705389106
COFs,NARGP,58,27.195,12.630282705389106
COFs,NARGP,58,27.26,12.630282705389106
COFs,NARGP,58,27.325,12.630282705389106
COFs,NARGP,58,27.39,12.630282705389106
COFs,NARGP,58,27.455,12.630282705389106
COFs,NARGP,58,27.52,12.630282705389106
COFs,NARGP,58,27.585,12.630282705389106
COFs,NARGP,58,27.65,12.630282705389106
COFs,NARGP,58,27.715,12.630282705389106
COFs,NARGP,58,27.78,12.630282705389106
COFs,NARGP,58,27.845,12.630282705389106
COFs,NARGP,58,27.91,12.630282705389106
COFs,NARGP,58,27.975,12.630282705389106
COFs,NARGP,58,28.04,12.630282705389106
COFs,NARGP,58,28.105,12.630282705389106
COFs,NARGP,58,28.17,12.630282705389106
COFs,NARGP,58,29.17,12.381929340315477
COFs,NARGP,58,29.235,12.381929340315477
COFs,NARGP,58,29.3,12.381929340315477
COFs,NARGP,58,29.365,12.381929340315477
COFs,NARGP,58,29.43,12.381929340315477
COFs,NARGP,58,29.495,12.381929340315477
COFs,NARGP,58,29.56,12.381929340315477
COFs,NARGP,58,29.625,12.381929340315477
COFs,NARGP,58,29.69,12.381929340315477
COFs,NARGP,58,29.755,12.381929340315477
COFs,NARGP,58,29.82,12.381929340315477
COFs,NARGP,58,29.885,12.381929340315477
COFs,NARGP,58,29.95,12.381929340315477
COFs,NARGP,59,3.495,2.768421691579954
COFs,NARGP,59,3.56,2.768421691579954
COFs,NARGP,59,3.625,2.768421691579954
COFs,NARGP,59,3.69,2.768421691579954
COFs,NARGP,59,3.755,2.768421691579954
COFs,NARGP,59,3.82,2.768421691579954
COFs,NARGP,59,3.885,2.768421691579954
COFs,NARGP,59,3.95,2.768421691579954
COFs,NARGP,59,4.015,2.768421691579954
COFs,NARGP,59,4.08,2.768421691579954
COFs,NARGP,59,4.145,2.768421691579954
COFs,NARGP,59,4.21,2.768421691579954
COFs,NARGP,59,4.275,2.768421691579954
COFs,NARGP,59,4.34,2.768421691579954
COFs,NARGP,59,4.405,2.768421691579954
COFs,NARGP,59,4.47,2.768421691579954
COFs,NARGP,59,5.47,2.768421691579954
COFs,NARGP,59,5.535,2.768421691579954
COFs,NARGP,59,5.6,2.768421691579954
COFs,NARGP,59,5.665,2.768421691579954
COFs,NARGP,59,5.73,2.768421691579954
COFs,NARGP,59,5.795,2.768421691579954
COFs,NARGP,59,5.86,2.768421691579954
COFs,NARGP,59,5.925,2.768421691579954
COFs,NARGP,59,5.99,2.768421691579954
COFs,NARGP,59,6.055,2.768421691579954
COFs,NARGP,59,6.12,2.768421691579954
COFs,NARGP,59,6.185,2.768421691579954
COFs,NARGP,59,6.25,2.768421691579954
COFs,NARGP,59,6.315,2.768421691579954
COFs,NARGP,59,6.38,2.768421691579954
COFs,NARGP,59,6.445,2.768421691579954
COFs,NARGP,59,7.445,2.768421691579954
COFs,NARGP,59,7.51,2.768421691579954
COFs,NARGP,59,7.575,2.768421691579954
COFs,NARGP,59,7.64,2.768421691579954
COFs,NARGP,59,7.705,2.768421691579954
COFs,NARGP,59,7.77,2.768421691579954
COFs,NARGP,59,7.835,2.768421691579954
COFs,NARGP,59,7.9,2.768421691579954
COFs,NARGP,59,7.965,2.768421691579954
COFs,NARGP,59,8.03,2.768421691579954
COFs,NARGP,59,8.095,2.768421691579954
COFs,NARGP,59,8.16,2.768421691579954
COFs,NARGP,59,8.225,2.768421691579954
COFs,NARGP,59,8.29,2.768421691579954
COFs,NARGP,59,8.355,2.768421691579954
COFs,NARGP,59,8.42,2.768421691579954
COFs,NARGP,59,9.42,2.768421691579954
COFs,NARGP,59,9.485,2.768421691579954
COFs,NARGP,59,9.55,2.768421691579954
COFs,NARGP,59,9.615,2.768421691579954
COFs,NARGP,59,9.68,2.768421691579954
COFs,NARGP,59,9.745,2.768421691579954
COFs,NARGP,59,9.81,2.768421691579954
COFs,NARGP,59,9.875,2.768421691579954
COFs,NARGP,59,9.94,2.768421691579954
COFs,NARGP,59,10.005,2.768421691579954
COFs,NARGP,59,10.07,2.768421691579954
COFs,NARGP,59,10.135,2.768421691579954
COFs,NARGP,59,10.2,2.768421691579954
COFs,NARGP,59,10.265,2.768421691579954
COFs,NARGP,59,10.33,2.768421691579954
COFs,NARGP,59,10.395,2.768421691579954
COFs,NARGP,59,11.395,2.768421691579954
COFs,NARGP,59,11.46,2.768421691579954
COFs,NARGP,59,11.525,2.768421691579954
COFs,NARGP,59,11.59,2.768421691579954
COFs,NARGP,59,11.655,2.768421691579954
COFs,NARGP,59,11.72,2.768421691579954
COFs,NARGP,59,11.785,2.768421691579954
COFs,NARGP,59,11.85,2.768421691579954
COFs,NARGP,59,11.915,2.768421691579954
COFs,NARGP,59,11.98,2.768421691579954
COFs,NARGP,59,12.045,2.768421691579954
COFs,NARGP,59,12.11,2.768421691579954
COFs,NARGP,59,12.175,2.768421691579954
COFs,NARGP,59,12.24,2.768421691579954
COFs,NARGP,59,12.305,2.768421691579954
COFs,NARGP,59,12.37,2.768421691579954
COFs,NARGP,59,13.37,2.768421691579954
COFs,NARGP,59,13.435,2.768421691579954
COFs,NARGP,59,13.5,2.768421691579954
COFs,NARGP,59,13.565,2.768421691579954
COFs,NARGP,59,13.63,2.768421691579954
COFs,NARGP,59,13.695,2.768421691579954
COFs,NARGP,59,13.76,2.768421691579954
COFs,NARGP,59,13.825,2.768421691579954
COFs,NARGP,59,13.89,2.768421691579954
COFs,NARGP,59,13.955,2.768421691579954
COFs,NARGP,59,14.02,2.768421691579954
COFs,NARGP,59,14.085,2.768421691579954
COFs,NARGP,59,14.15,2.768421691579954
COFs,NARGP,59,14.215,2.768421691579954
COFs,NARGP,59,14.28,2.768421691579954
COFs,NARGP,59,14.345,2.768421691579954
COFs,NARGP,59,15.345,2.768421691579954
COFs,NARGP,59,15.41,2.768421691579954
COFs,NARGP,59,15.475,2.768421691579954
COFs,NARGP,59,15.54,2.768421691579954
COFs,NARGP,59,15.605,2.768421691579954
COFs,NARGP,59,15.67,2.768421691579954
COFs,NARGP,59,15.735,2.768421691579954
COFs,NARGP,59,15.8,2.768421691579954
COFs,NARGP,59,15.865,2.768421691579954
COFs,NARGP,59,15.93,2.768421691579954
COFs,NARGP,59,15.995,2.768421691579954
COFs,NARGP,59,16.06,2.768421691579954
COFs,NARGP,59,16.125,2.768421691579954
COFs,NARGP,59,16.19,2.768421691579954
COFs,NARGP,59,16.255,2.768421691579954
COFs,NARGP,59,16.32,2.768421691579954
COFs,NARGP,59,17.32,2.768421691579954
COFs,NARGP,59,17.385,2.768421691579954
COFs,NARGP,59,17.45,2.768421691579954
COFs,NARGP,59,17.515,2.768421691579954
COFs,NARGP,59,17.58,2.768421691579954
COFs,NARGP,59,17.645,2.768421691579954
COFs,NARGP,59,17.71,2.768421691579954
COFs,NARGP,59,17.775,2.768421691579954
COFs,NARGP,59,17.84,2.768421691579954
COFs,NARGP,59,17.905,2.768421691579954
COFs,NARGP,59,17.97,2.768421691579954
COFs,NARGP,59,18.035,2.768421691579954
COFs,NARGP,59,18.1,2.768421691579954
COFs,NARGP,59,18.165,2.768421691579954
COFs,NARGP,59,18.23,2.768421691579954
COFs,NARGP,59,18.295,2.768421691579954
COFs,NARGP,59,19.295,2.768421691579954
COFs,NARGP,59,19.36,2.768421691579954
COFs,NARGP,59,19.425,2.768421691579954
COFs,NARGP,59,19.49,2.768421691579954
COFs,NARGP,59,19.555,2.768421691579954
COFs,NARGP,59,19.62,2.768421691579954
COFs,NARGP,59,19.685,2.768421691579954
COFs,NARGP,59,19.75,2.768421691579954
COFs,NARGP,59,19.815,2.768421691579954
COFs,NARGP,59,19.88,2.768421691579954
COFs,NARGP,59,19.945,2.768421691579954
COFs,NARGP,59,20.01,2.768421691579954
COFs,NARGP,59,20.075,2.768421691579954
COFs,NARGP,59,20.14,2.768421691579954
COFs,NARGP,59,20.205,2.768421691579954
COFs,NARGP,59,20.27,2.768421691579954
COFs,NARGP,59,21.27,2.768421691579954
COFs,NARGP,59,21.335,2.768421691579954
COFs,NARGP,59,21.4,2.768421691579954
COFs,NARGP,59,21.465,2.768421691579954
COFs,NARGP,59,21.53,2.768421691579954
COFs,NARGP,59,21.595,2.768421691579954
COFs,NARGP,59,21.66,2.768421691579954
COFs,NARGP,59,21.725,2.768421691579954
COFs,NARGP,59,21.79,2.768421691579954
COFs,NARGP,59,21.855,2.768421691579954
COFs,NARGP,59,21.92,2.768421691579954
COFs,NARGP,59,21.985,2.768421691579954
COFs,NARGP,59,22.05,2.768421691579954
COFs,NARGP,59,22.115,2.768421691579954
COFs,NARGP,59,22.18,2.768421691579954
COFs,NARGP,59,22.245,2.768421691579954
COFs,NARGP,59,23.245,2.768421691579954
COFs,NARGP,59,23.31,2.768421691579954
COFs,NARGP,59,23.375,2.768421691579954
COFs,NARGP,59,23.44,2.768421691579954
COFs,NARGP,59,23.505,2.768421691579954
COFs,NARGP,59,23.57,2.768421691579954
COFs,NARGP,59,23.635,2.768421691579954
COFs,NARGP,59,23.7,2.768421691579954
COFs,NARGP,59,23.765,2.768421691579954
COFs,NARGP,59,23.83,2.768421691579954
COFs,NARGP,59,23.895,2.768421691579954
COFs,NARGP,59,23.96,2.768421691579954
COFs,NARGP,59,24.025,2.768421691579954
COFs,NARGP,59,24.09,2.768421691579954
COFs,NARGP,59,24.155,2.768421691579954
COFs,NARGP,59,24.22,2.768421691579954
COFs,NARGP,59,25.22,2.768421691579954
COFs,NARGP,59,25.285,2.768421691579954
COFs,NARGP,59,25.35,2.768421691579954
COFs,NARGP,59,25.415,2.768421691579954
COFs,NARGP,59,25.48,2.768421691579954
COFs,NARGP,59,25.545,2.768421691579954
COFs,NARGP,59,25.61,2.768421691579954
COFs,NARGP,59,25.675,2.768421691579954
COFs,NARGP,59,25.74,2.768421691579954
COFs,NARGP,59,25.805,2.768421691579954
COFs,NARGP,59,25.87,2.768421691579954
COFs,NARGP,59,25.935,2.768421691579954
COFs,NARGP,59,26.0,2.768421691579954
COFs,NARGP,59,26.065,2.768421691579954
COFs,NARGP,59,26.13,2.768421691579954
COFs,NARGP,59,26.195,2.768421691579954
COFs,NARGP,59,27.195,2.768421691579954
COFs,NARGP,59,27.26,2.768421691579954
COFs,NARGP,59,27.325,2.768421691579954
COFs,NARGP,59,27.39,2.768421691579954
COFs,NARGP,59,27.455,2.768421691579954
COFs,NARGP,59,27.52,2.768421691579954
COFs,NARGP,59,27.585,2.768421691579954
COFs,NARGP,59,27.65,2.768421691579954
COFs,NARGP,59,27.715,2.768421691579954
COFs,NARGP,59,27.78,2.768421691579954
COFs,NARGP,59,27.845,2.768421691579954
COFs,NARGP,59,27.91,2.768421691579954
COFs,NARGP,59,27.975,2.768421691579954
COFs,NARGP,59,28.04,2.768421691579954
COFs,NARGP,59,28.105,2.768421691579954
COFs,NARGP,59,28.17,2.768421691579954
COFs,NARGP,59,29.17,2.768421691579954
COFs,NARGP,59,29.235,2.768421691579954
COFs,NARGP,59,29.3,2.768421691579954
COFs,NARGP,59,29.365,2.768421691579954
COFs,NARGP,59,29.43,2.768421691579954
COFs,NARGP,59,29.495,2.768421691579954
COFs,NARGP,59,29.56,2.768421691579954
COFs,NARGP,59,29.625,2.768421691579954
COFs,NARGP,59,29.69,2.768421691579954
COFs,NARGP,59,29.755,2.768421691579954
COFs,NARGP,59,29.82,2.768421691579954
COFs,NARGP,59,29.885,2.768421691579954
COFs,NARGP,59,29.95,2.768421691579954
COFs,NARGP,60,3.495,2.768421691579954
COFs,NARGP,60,3.56,2.768421691579954
COFs,NARGP,60,3.625,2.768421691579954
COFs,NARGP,60,3.69,2.768421691579954
COFs,NARGP,60,3.755,2.768421691579954
COFs,NARGP,60,3.82,2.768421691579954
COFs,NARGP,60,3.885,2.768421691579954
COFs,NARGP,60,3.95,2.768421691579954
COFs,NARGP,60,4.015,2.768421691579954
COFs,NARGP,60,4.08,2.768421691579954
COFs,NARGP,60,4.145,2.768421691579954
COFs,NARGP,60,4.21,2.768421691579954
COFs,NARGP,60,4.275,2.768421691579954
COFs,NARGP,60,4.34,2.768421691579954
COFs,NARGP,60,4.405,2.768421691579954
COFs,NARGP,60,4.47,2.768421691579954
COFs,NARGP,60,5.47,2.768421691579954
COFs,NARGP,60,5.535,2.768421691579954
COFs,NARGP,60,5.6,2.768421691579954
COFs,NARGP,60,5.665,2.768421691579954
COFs,NARGP,60,5.73,2.768421691579954
COFs,NARGP,60,5.795,2.768421691579954
COFs,NARGP,60,5.86,2.768421691579954
COFs,NARGP,60,5.925,2.768421691579954
COFs,NARGP,60,5.99,2.768421691579954
COFs,NARGP,60,6.055,2.768421691579954
COFs,NARGP,60,6.12,2.768421691579954
COFs,NARGP,60,6.185,2.768421691579954
COFs,NARGP,60,6.25,2.768421691579954
COFs,NARGP,60,6.315,2.768421691579954
COFs,NARGP,60,6.38,2.768421691579954
COFs,NARGP,60,6.445,2.768421691579954
COFs,NARGP,60,7.445,2.768421691579954
COFs,NARGP,60,7.51,2.768421691579954
COFs,NARGP,60,7.575,2.768421691579954
COFs,NARGP,60,7.64,2.768421691579954
COFs,NARGP,60,7.705,2.768421691579954
COFs,NARGP,60,7.77,2.768421691579954
COFs,NARGP,60,7.835,2.768421691579954
COFs,NARGP,60,7.9,2.768421691579954
COFs,NARGP,60,7.965,2.768421691579954
COFs,NARGP,60,8.03,2.768421691579954
COFs,NARGP,60,8.095,2.768421691579954
COFs,NARGP,60,8.16,2.768421691579954
COFs,NARGP,60,8.225,2.768421691579954
COFs,NARGP,60,8.29,2.768421691579954
COFs,NARGP,60,8.355,2.768421691579954
COFs,NARGP,60,8.42,2.768421691579954
COFs,NARGP,60,9.42,2.768421691579954
COFs,NARGP,60,9.485,2.768421691579954
COFs,NARGP,60,9.55,2.768421691579954
COFs,NARGP,60,9.615,2.768421691579954
COFs,NARGP,60,9.68,2.768421691579954
COFs,NARGP,60,9.745,2.768421691579954
COFs,NARGP,60,9.81,2.768421691579954
COFs,NARGP,60,9.875,2.768421691579954
COFs,NARGP,60,9.94,2.768421691579954
COFs,NARGP,60,10.005,2.768421691579954
COFs,NARGP,60,10.07,2.768421691579954
COFs,NARGP,60,10.135,2.768421691579954
COFs,NARGP,60,10.2,2.768421691579954
COFs,NARGP,60,10.265,2.768421691579954
COFs,NARGP,60,10.33,2.768421691579954
COFs,NARGP,60,10.395,2.768421691579954
COFs,NARGP,60,11.395,2.768421691579954
COFs,NARGP,60,11.46,2.768421691579954
COFs,NARGP,60,11.525,2.768421691579954
COFs,NARGP,60,11.59,2.768421691579954
COFs,NARGP,60,11.655,2.768421691579954
COFs,NARGP,60,11.72,2.768421691579954
COFs,NARGP,60,11.785,2.768421691579954
COFs,NARGP,60,11.85,2.768421691579954
COFs,NARGP,60,11.915,2.768421691579954
COFs,NARGP,60,11.98,2.768421691579954
COFs,NARGP,60,12.045,2.768421691579954
COFs,NARGP,60,12.11,2.768421691579954
COFs,NARGP,60,12.175,2.768421691579954
COFs,NARGP,60,12.24,2.768421691579954
COFs,NARGP,60,12.305,2.768421691579954
COFs,NARGP,60,12.37,2.768421691579954
COFs,NARGP,60,13.37,2.768421691579954
COFs,NARGP,60,13.435,2.768421691579954
COFs,NARGP,60,13.5,2.768421691579954
COFs,NARGP,60,13.565,2.768421691579954
COFs,NARGP,60,13.63,2.768421691579954
COFs,NARGP,60,13.695,2.768421691579954
COFs,NARGP,60,13.76,2.768421691579954
COFs,NARGP,60,13.825,2.768421691579954
COFs,NARGP,60,13.89,2.768421691579954
COFs,NARGP,60,13.955,2.768421691579954
COFs,NARGP,60,14.02,2.768421691579954
COFs,NARGP,60,14.085,2.768421691579954
COFs,NARGP,60,14.15,2.768421691579954
COFs,NARGP,60,14.215,2.768421691579954
COFs,NARGP,60,14.28,2.768421691579954
COFs,NARGP,60,14.345,2.768421691579954
COFs,NARGP,60,15.345,2.768421691579954
COFs,NARGP,60,15.41,2.768421691579954
COFs,NARGP,60,15.475,2.768421691579954
COFs,NARGP,60,15.54,2.768421691579954
COFs,NARGP,60,15.605,2.768421691579954
COFs,NARGP,60,15.67,2.768421691579954
COFs,NARGP,60,15.735,2.768421691579954
COFs,NARGP,60,15.8,2.768421691579954
COFs,NARGP,60,15.865,2.768421691579954
COFs,NARGP,60,15.93,2.768421691579954
COFs,NARGP,60,15.995,2.768421691579954
COFs,NARGP,60,16.06,2.768421691579954
COFs,NARGP,60,16.125,2.768421691579954
COFs,NARGP,60,16.19,2.768421691579954
COFs,NARGP,60,16.255,2.768421691579954
COFs,NARGP,60,16.32,2.768421691579954
COFs,NARGP,60,17.32,2.768421691579954
COFs,NARGP,60,17.385,2.768421691579954
COFs,NARGP,60,17.45,2.768421691579954
COFs,NARGP,60,17.515,2.768421691579954
COFs,NARGP,60,17.58,2.768421691579954
COFs,NARGP,60,17.645,2.768421691579954
COFs,NARGP,60,17.71,2.768421691579954
COFs,NARGP,60,17.775,2.768421691579954
COFs,NARGP,60,17.84,2.768421691579954
COFs,NARGP,60,17.905,2.768421691579954
COFs,NARGP,60,17.97,2.768421691579954
COFs,NARGP,60,18.035,2.768421691579954
COFs,NARGP,60,18.1,2.768421691579954
COFs,NARGP,60,18.165,2.768421691579954
COFs,NARGP,60,18.23,2.768421691579954
COFs,NARGP,60,18.295,2.768421691579954
COFs,NARGP,60,19.295,2.768421691579954
COFs,NARGP,60,19.36,2.768421691579954
COFs,NARGP,60,19.425,2.768421691579954
COFs,NARGP,60,19.49,2.768421691579954
COFs,NARGP,60,19.555,2.768421691579954
COFs,NARGP,60,19.62,2.768421691579954
COFs,NARGP,60,19.685,2.768421691579954
COFs,NARGP,60,19.75,2.768421691579954
COFs,NARGP,60,19.815,2.768421691579954
COFs,NARGP,60,19.88,2.768421691579954
COFs,NARGP,60,19.945,2.768421691579954
COFs,NARGP,60,20.01,2.768421691579954
COFs,NARGP,60,20.075,2.768421691579954
COFs,NARGP,60,20.14,2.768421691579954
COFs,NARGP,60,20.205,2.768421691579954
COFs,NARGP,60,20.27,2.768421691579954
COFs,NARGP,60,21.27,2.768421691579954
COFs,NARGP,60,21.335,2.768421691579954
COFs,NARGP,60,21.4,2.768421691579954
COFs,NARGP,60,21.465,2.768421691579954
COFs,NARGP,60,21.53,2.768421691579954
COFs,NARGP,60,21.595,2.768421691579954
COFs,NARGP,60,21.66,2.768421691579954
COFs,NARGP,60,21.725,2.768421691579954
COFs,NARGP,60,21.79,2.768421691579954
COFs,NARGP,60,21.855,2.768421691579954
COFs,NARGP,60,21.92,2.768421691579954
COFs,NARGP,60,21.985,2.768421691579954
COFs,NARGP,60,22.05,2.768421691579954
COFs,NARGP,60,22.115,2.768421691579954
COFs,NARGP,60,22.18,2.768421691579954
COFs,NARGP,60,22.245,2.768421691579954
COFs,NARGP,60,23.245,2.768421691579954
COFs,NARGP,60,23.31,2.768421691579954
COFs,NARGP,60,23.375,2.768421691579954
COFs,NARGP,60,23.44,2.768421691579954
COFs,NARGP,60,23.505,2.768421691579954
COFs,NARGP,60,23.57,2.768421691579954
COFs,NARGP,60,23.635,2.768421691579954
COFs,NARGP,60,23.7,2.768421691579954
COFs,NARGP,60,23.765,2.768421691579954
COFs,NARGP,60,23.83,2.768421691579954
COFs,NARGP,60,23.895,2.768421691579954
COFs,NARGP,60,23.96,2.768421691579954
COFs,NARGP,60,24.025,2.768421691579954
COFs,NARGP,60,24.09,2.768421691579954
COFs,NARGP,60,24.155,2.768421691579954
COFs,NARGP,60,24.22,2.768421691579954
COFs,NARGP,60,25.22,2.768421691579954
COFs,NARGP,60,25.285,2.768421691579954
COFs,NARGP,60,25.35,2.768421691579954
COFs,NARGP,60,25.415,2.768421691579954
COFs,NARGP,60,25.48,2.768421691579954
COFs,NARGP,60,25.545,2.768421691579954
COFs,NARGP,60,25.61,2.768421691579954
COFs,NARGP,60,25.675,2.768421691579954
COFs,NARGP,60,25.74,2.768421691579954
COFs,NARGP,60,25.805,2.768421691579954
COFs,NARGP,60,25.87,2.768421691579954
COFs,NARGP,60,25.935,2.768421691579954
COFs,NARGP,60,26.0,2.768421691579954
COFs,NARGP,60,26.065,2.768421691579954
COFs,NARGP,60,26.13,2.768421691579954
COFs,NARGP,60,26.195,2.768421691579954
COFs,NARGP,60,27.195,2.768421691579954
COFs,NARGP,60,27.26,2.768421691579954
COFs,NARGP,60,27.325,2.768421691579954
COFs,NARGP,60,27.39,2.768421691579954
COFs,NARGP,60,27.455,2.768421691579954
COFs,NARGP,60,27.52,2.768421691579954
COFs,NARGP,60,27.585,2.768421691579954
COFs,NARGP,60,27.65,2.768421691579954
COFs,NARGP,60,27.715,2.768421691579954
COFs,NARGP,60,27.78,2.768421691579954
COFs,NARGP,60,27.845,2.768421691579954
COFs,NARGP,60,27.91,2.768421691579954
COFs,NARGP,60,27.975,2.768421691579954
COFs,NARGP,60,28.04,2.768421691579954
COFs,NARGP,60,28.105,2.768421691579954
COFs,NARGP,60,28.17,2.768421691579954
COFs,NARGP,60,29.17,2.768421691579954
COFs,NARGP,60,29.235,2.768421691579954
COFs,NARGP,60,29.3,2.768421691579954
COFs,NARGP,60,29.365,2.768421691579954
COFs,NARGP,60,29.43,2.768421691579954
COFs,NARGP,60,29.495,2.768421691579954
COFs,NARGP,60,29.56,2.768421691579954
COFs,NARGP,60,29.625,2.768421691579954
COFs,NARGP,60,29.69,2.768421691579954
COFs,NARGP,60,29.755,2.768421691579954
COFs,NARGP,60,29.82,2.768421691579954
COFs,NARGP,60,29.885,2.768421691579954
COFs,NARGP,60,29.95,2.768421691579954
COFs,NARGP,61,3.495,12.286313844166017
COFs,NARGP,61,3.56,12.286313844166017
COFs,NARGP,61,3.625,12.286313844166017
COFs,NARGP,61,3.69,12.286313844166017
COFs,NARGP,61,3.755,12.286313844166017
COFs,NARGP,61,3.82,12.286313844166017
COFs,NARGP,61,3.885,12.286313844166017
COFs,NARGP,61,3.95,12.286313844166017
COFs,NARGP,61,4.015,12.286313844166017
COFs,NARGP,61,4.08,12.286313844166017
COFs,NARGP,61,4.145,12.286313844166017
COFs,NARGP,61,4.21,12.286313844166017
COFs,NARGP,61,4.275,12.286313844166017
COFs,NARGP,61,4.34,12.286313844166017
COFs,NARGP,61,4.405,12.286313844166017
COFs,NARGP,61,4.47,12.286313844166017
COFs,NARGP,61,5.47,12.286313844166017
COFs,NARGP,61,5.535,12.286313844166017
COFs,NARGP,61,5.6,12.286313844166017
COFs,NARGP,61,5.665,12.286313844166017
COFs,NARGP,61,5.73,12.286313844166017
COFs,NARGP,61,5.795,12.286313844166017
COFs,NARGP,61,5.86,12.286313844166017
COFs,NARGP,61,5.925,12.286313844166017
COFs,NARGP,61,5.99,12.286313844166017
COFs,NARGP,61,6.055,12.286313844166017
COFs,NARGP,61,6.12,12.286313844166017
COFs,NARGP,61,6.185,12.286313844166017
COFs,NARGP,61,6.25,12.286313844166017
COFs,NARGP,61,6.315,12.286313844166017
COFs,NARGP,61,6.38,12.286313844166017
COFs,NARGP,61,6.445,12.286313844166017
COFs,NARGP,61,7.445,12.286313844166017
COFs,NARGP,61,7.51,12.286313844166017
COFs,NARGP,61,7.575,12.286313844166017
COFs,NARGP,61,7.64,12.286313844166017
COFs,NARGP,61,7.705,12.286313844166017
COFs,NARGP,61,7.77,12.286313844166017
COFs,NARGP,61,7.835,12.286313844166017
COFs,NARGP,61,7.9,12.286313844166017
COFs,NARGP,61,7.965,12.286313844166017
COFs,NARGP,61,8.03,12.286313844166017
COFs,NARGP,61,8.095,12.286313844166017
COFs,NARGP,61,8.16,12.286313844166017
COFs,NARGP,61,8.225,12.286313844166017
COFs,NARGP,61,8.29,12.286313844166017
COFs,NARGP,61,8.355,12.286313844166017
COFs,NARGP,61,8.42,12.286313844166017
COFs,NARGP,61,9.42,10.909045986557041
COFs,NARGP,61,9.485,10.909045986557041
COFs,NARGP,61,9.55,10.909045986557041
COFs,NARGP,61,9.615,10.909045986557041
COFs,NARGP,61,9.68,10.909045986557041
COFs,NARGP,61,9.745,10.909045986557041
COFs,NARGP,61,9.81,10.909045986557041
COFs,NARGP,61,9.875,10.909045986557041
COFs,NARGP,61,9.94,10.909045986557041
COFs,NARGP,61,10.005,10.909045986557041
COFs,NARGP,61,10.07,10.909045986557041
COFs,NARGP,61,10.135,10.909045986557041
COFs,NARGP,61,10.2,10.909045986557041
COFs,NARGP,61,10.265,10.909045986557041
COFs,NARGP,61,10.33,10.909045986557041
COFs,NARGP,61,10.395,10.909045986557041
COFs,NARGP,61,11.395,10.909045986557041
COFs,NARGP,61,11.46,10.909045986557041
COFs,NARGP,61,11.525,10.909045986557041
COFs,NARGP,61,11.59,10.909045986557041
COFs,NARGP,61,11.655,10.909045986557041
COFs,NARGP,61,11.72,10.909045986557041
COFs,NARGP,61,11.785,10.909045986557041
COFs,NARGP,61,11.85,10.909045986557041
COFs,NARGP,61,11.915,10.909045986557041
COFs,NARGP,61,11.98,10.909045986557041
COFs,NARGP,61,12.045,10.909045986557041
COFs,NARGP,61,12.11,10.909045986557041
COFs,NARGP,61,12.175,10.909045986557041
COFs,NARGP,61,12.24,10.909045986557041
COFs,NARGP,61,12.305,10.909045986557041
COFs,NARGP,61,12.37,10.909045986557041
COFs,NARGP,61,13.37,10.909045986557041
COFs,NARGP,61,13.435,10.909045986557041
COFs,NARGP,61,13.5,10.909045986557041
COFs,NARGP,61,13.565,10.909045986557041
COFs,NARGP,61,13.63,10.909045986557041
COFs,NARGP,61,13.695,10.909045986557041
COFs,NARGP,61,13.76,10.909045986557041
COFs,NARGP,61,13.825,10.909045986557041
COFs,NARGP,61,13.89,10.909045986557041
COFs,NARGP,61,13.955,10.909045986557041
COFs,NARGP,61,14.02,10.909045986557041
COFs,NARGP,61,14.085,10.909045986557041
COFs,NARGP,61,14.15,10.909045986557041
COFs,NARGP,61,14.215,10.909045986557041
COFs,NARGP,61,14.28,10.909045986557041
COFs,NARGP,61,14.345,10.909045986557041
COFs,NARGP,61,15.345,10.909045986557041
COFs,NARGP,61,15.41,10.909045986557041
COFs,NARGP,61,15.475,10.909045986557041
COFs,NARGP,61,15.54,10.909045986557041
COFs,NARGP,61,15.605,10.909045986557041
COFs,NARGP,61,15.67,10.909045986557041
COFs,NARGP,61,15.735,10.909045986557041
COFs,NARGP,61,15.8,10.909045986557041
COFs,NARGP,61,15.865,10.909045986557041
COFs,NARGP,61,15.93,10.909045986557041
COFs,NARGP,61,15.995,10.909045986557041
COFs,NARGP,61,16.06,10.909045986557041
COFs,NARGP,61,16.125,10.909045986557041
COFs,NARGP,61,16.19,10.909045986557041
COFs,NARGP,61,16.255,10.909045986557041
COFs,NARGP,61,16.32,10.909045986557041
COFs,NARGP,61,17.32,10.909045986557041
COFs,NARGP,61,17.385,10.909045986557041
COFs,NARGP,61,17.45,10.909045986557041
COFs,NARGP,61,17.515,10.909045986557041
COFs,NARGP,61,17.58,10.909045986557041
COFs,NARGP,61,17.645,10.909045986557041
COFs,NARGP,61,17.71,10.909045986557041
COFs,NARGP,61,17.775,10.909045986557041
COFs,NARGP,61,17.84,10.909045986557041
COFs,NARGP,61,17.905,10.909045986557041
COFs,NARGP,61,17.97,10.909045986557041
COFs,NARGP,61,18.035,10.909045986557041
COFs,NARGP,61,18.1,10.909045986557041
COFs,NARGP,61,18.165,10.909045986557041
COFs,NARGP,61,18.23,10.909045986557041
COFs,NARGP,61,18.295,10.909045986557041
COFs,NARGP,61,19.295,10.909045986557041
COFs,NARGP,61,19.36,10.909045986557041
COFs,NARGP,61,19.425,10.909045986557041
COFs,NARGP,61,19.49,10.909045986557041
COFs,NARGP,61,19.555,10.909045986557041
COFs,NARGP,61,19.62,10.909045986557041
COFs,NARGP,61,19.685,10.909045986557041
COFs,NARGP,61,19.75,10.909045986557041
COFs,NARGP,61,19.815,10.909045986557041
COFs,NARGP,61,19.88,10.909045986557041
COFs,NARGP,61,19.945,10.909045986557041
COFs,NARGP,61,20.01,10.909045986557041
COFs,NARGP,61,20.075,10.909045986557041
COFs,NARGP,61,20.14,10.909045986557041
COFs,NARGP,61,20.205,10.909045986557041
COFs,NARGP,61,20.27,10.909045986557041
COFs,NARGP,61,21.27,10.909045986557041
COFs,NARGP,61,21.335,10.909045986557041
COFs,NARGP,61,21.4,10.909045986557041
COFs,NARGP,61,21.465,10.909045986557041
COFs,NARGP,61,21.53,10.909045986557041
COFs,NARGP,61,21.595,10.909045986557041
COFs,NARGP,61,21.66,10.909045986557041
COFs,NARGP,61,21.725,10.909045986557041
COFs,NARGP,61,21.79,10.909045986557041
COFs,NARGP,61,21.855,10.909045986557041
COFs,NARGP,61,21.92,10.909045986557041
COFs,NARGP,61,21.985,10.909045986557041
COFs,NARGP,61,22.05,10.909045986557041
COFs,NARGP,61,22.115,10.909045986557041
COFs,NARGP,61,22.18,10.909045986557041
COFs,NARGP,61,22.245,10.909045986557041
COFs,NARGP,61,23.245,10.909045986557041
COFs,NARGP,61,23.31,10.909045986557041
COFs,NARGP,61,23.375,10.909045986557041
COFs,NARGP,61,23.44,10.909045986557041
COFs,NARGP,61,23.505,10.909045986557041
COFs,NARGP,61,23.57,10.909045986557041
COFs,NARGP,61,23.635,10.909045986557041
COFs,NARGP,61,23.7,10.909045986557041
COFs,NARGP,61,23.765,10.909045986557041
COFs,NARGP,61,23.83,10.909045986557041
COFs,NARGP,61,23.895,10.909045986557041
COFs,NARGP,61,23.96,10.909045986557041
COFs,NARGP,61,24.025,10.909045986557041
COFs,NARGP,61,24.09,10.909045986557041
COFs,NARGP,61,24.155,10.909045986557041
COFs,NARGP,61,24.22,10.909045986557041
COFs,NARGP,61,25.22,10.909045986557041
COFs,NARGP,61,25.285,10.909045986557041
COFs,NARGP,61,25.35,10.909045986557041
COFs,NARGP,61,25.415,10.909045986557041
COFs,NARGP,61,25.48,10.909045986557041
COFs,NARGP,61,25.545,10.909045986557041
COFs,NARGP,61,25.61,10.909045986557041
COFs,NARGP,61,25.675,10.909045986557041
COFs,NARGP,61,25.74,10.909045986557041
COFs,NARGP,61,25.805,10.909045986557041
COFs,NARGP,61,25.87,10.909045986557041
COFs,NARGP,61,25.935,10.909045986557041
COFs,NARGP,61,26.0,10.909045986557041
COFs,NARGP,61,26.065,10.909045986557041
COFs,NARGP,61,26.13,10.909045986557041
COFs,NARGP,61,26.195,10.909045986557041
COFs,NARGP,61,27.195,10.909045986557041
COFs,NARGP,61,27.26,10.909045986557041
COFs,NARGP,61,27.325,10.909045986557041
COFs,NARGP,61,27.39,10.909045986557041
COFs,NARGP,61,27.455,10.909045986557041
COFs,NARGP,61,27.52,10.909045986557041
COFs,NARGP,61,27.585,10.909045986557041
COFs,NARGP,61,27.65,10.909045986557041
COFs,NARGP,61,27.715,10.909045986557041
COFs,NARGP,61,27.78,10.909045986557041
COFs,NARGP,61,27.845,10.909045986557041
COFs,NARGP,61,27.91,10.909045986557041
COFs,NARGP,61,27.975,10.909045986557041
COFs,NARGP,61,28.04,10.909045986557041
COFs,NARGP,61,28.105,10.909045986557041
COFs,NARGP,61,28.17,10.909045986557041
COFs,NARGP,61,29.17,10.909045986557041
COFs,NARGP,61,29.235,10.909045986557041
COFs,NARGP,61,29.3,10.909045986557041
COFs,NARGP,61,29.365,10.909045986557041
COFs,NARGP,61,29.43,10.909045986557041
COFs,NARGP,61,29.495,10.909045986557041
COFs,NARGP,61,29.56,10.909045986557041
COFs,NARGP,61,29.625,10.909045986557041
COFs,NARGP,61,29.69,10.909045986557041
COFs,NARGP,61,29.755,10.909045986557041
COFs,NARGP,61,29.82,10.909045986557041
COFs,NARGP,61,29.885,10.909045986557041
COFs,NARGP,61,29.95,10.909045986557041
