benchmark,model,seed,budget,regret
HOPV15,DomainAdaptationMMD,42,3.5,8.19
HOPV15,DomainAdaptationMMD,42,3.6,8.19
HOPV15,DomainAdaptationMMD,42,3.7,8.19
HOPV15,DomainAdaptationMMD,42,3.8,8.19
HOPV15,DomainAdaptationMMD,42,3.9,8.19
HOPV15,DomainAdaptationMMD,42,4.0,8.19
HOPV15,DomainAdaptationMMD,42,4.1,8.19
HOPV15,DomainAdaptationMMD,42,4.2,8.19
HOPV15,DomainAdaptationMMD,42,4.3,8.19
HOPV15,DomainAdaptationMMD,42,4.4,8.19
HOPV15,DomainAdaptationMMD,42,4.5,8.19
HOPV15,DomainAdaptationMMD,42,5.5,5.98
HOPV15,DomainAdaptationMMD,42,5.6,5.98
HOPV15,DomainAdaptationMMD,42,5.7,5.98
HOPV15,DomainAdaptationMMD,42,5.8,5.98
HOPV15,DomainAdaptationMMD,42,5.9,5.98
HOPV15,DomainAdaptationMMD,42,6.0,5.98
HOPV15,DomainAdaptationMMD,42,6.1,5.98
HOPV15,DomainAdaptationMMD,42,6.2,5.98
HOPV15,DomainAdaptationMMD,42,6.3,5.98
HOPV15,DomainAdaptationMMD,42,6.4,5.98
HOPV15,DomainAdaptationMMD,42,6.5,5.98
HOPV15,DomainAdaptationMMD,42,7.5,5.98
HOPV15,DomainAdaptationMMD,42,7.6,5.98
HOPV15,DomainAdaptationMMD,42,7.7,5.98
HOPV15,DomainAdaptationMMD,42,7.8,5.98
HOPV15,DomainAdaptationMMD,42,7.9,5.98
HOPV15,DomainAdaptationMMD,42,8.0,5.98
HOPV15,DomainAdaptationMMD,42,8.1,5.98
HOPV15,DomainAdaptationMMD,42,8.2,5.98
HOPV15,DomainAdaptationMMD,42,8.3,5.98
HOPV15,DomainAdaptationMMD,42,8.4,5.98
HOPV15,DomainAdaptationMMD,42,8.5,5.98
HOPV15,DomainAdaptationMMD,42,9.5,5.98
HOPV15,DomainAdaptationMMD,42,9.6,5.98
HOPV15,DomainAdaptationMMD,42,9.7,5.98
HOPV15,DomainAdaptationMMD,42,9.8,5.98
HOPV15,DomainAdaptationMMD,42,9.9,5.98
HOPV15,DomainAdaptationMMD,42,10.0,5.98
HOPV15,DomainAdaptationMMD,42,10.1,5.98
HOPV15,DomainAdaptationMMD,42,10.2,5.98
HOPV15,DomainAdaptationMMD,42,10.3,5.98
HOPV15,DomainAdaptationMMD,42,10.4,5.98
HOPV15,DomainAdaptationMMD,42,10.5,5.98
HOPV15,DomainAdaptationMMD,42,11.5,4.9
HOPV15,DomainAdaptationMMD,42,11.6,4.9
HOPV15,DomainAdaptationMMD,42,11.7,4.9
HOPV15,DomainAdaptationMMD,42,11.8,4.9
HOPV15,DomainAdaptationMMD,42,11.9,4.9
HOPV15,DomainAdaptationMMD,42,12.0,4.9
HOPV15,DomainAdaptationMMD,42,12.1,4.9
HOPV15,DomainAdaptationMMD,42,12.2,4.9
HOPV15,DomainAdaptationMMD,42,12.3,4.9
HOPV15,DomainAdaptationMMD,42,12.4,4.9
HOPV15,DomainAdaptationMMD,42,12.5,4.9
HOPV15,DomainAdaptationMMD,42,13.5,4.499999999999999
HOPV15,DomainAdaptationMMD,42,13.6,4.499999999999999
HOPV15,DomainAdaptationMMD,42,13.7,4.499999999999999
HOPV15,DomainAdaptationMMD,42,13.8,4.499999999999999
HOPV15,DomainAdaptationMMD,42,13.9,4.499999999999999
HOPV15,DomainAdaptationMMD,42,14.0,4.499999999999999
HOPV15,DomainAdaptationMMD,42,14.1,4.499999999999999
HOPV15,DomainAdaptationMMD,42,14.2,4.499999999999999
HOPV15,DomainAdaptationMMD,42,14.3,4.499999999999999
HOPV15,DomainAdaptationMMD,42,14.4,4.499999999999999
HOPV15,DomainAdaptationMMD,42,14.5,4.499999999999999
HOPV15,DomainAdaptationMMD,42,15.5,4.499999999999999
HOPV15,DomainAdaptationMMD,42,15.6,4.499999999999999
HOPV15,DomainAdaptationMMD,42,15.7,4.499999999999999
HOPV15,DomainAdaptationMMD,42,15.8,4.499999999999999
HOPV15,DomainAdaptationMMD,42,15.9,4.499999999999999
HOPV15,DomainAdaptationMMD,42,16.0,4.499999999999999
HOPV15,DomainAdaptationMMD,42,16.1,4.499999999999999
HOPV15,DomainAdaptationMMD,42,16.2,4.499999999999999
HOPV15,DomainAdaptationMMD,42,16.3,4.499999999999999
HOPV15,DomainAdaptationMMD,42,16.4,4.499999999999999
HOPV15,DomainAdaptationMMD,42,16.5,4.499999999999999
HOPV15,DomainAdaptationMMD,42,17.5,4.499999999999999
HOPV15,DomainAdaptationMMD,42,17.6,4.499999999999999
HOPV15,DomainAdaptationMMD,42,17.7,4.499999999999999
HOPV15,DomainAdaptationMMD,42,17.8,4.499999999999999
HOPV15,DomainAdaptationMMD,42,17.9,4.499999999999999
HOPV15,DomainAdaptationMMD,42,18.0,4.499999999999999
HOPV15,DomainAdaptationMMD,42,18.1,4.499999999999999
HOPV15,DomainAdaptationMMD,42,18.2,4.499999999999999
HOPV15,DomainAdaptationMMD,42,18.3,4.499999999999999
HOPV15,DomainAdaptationMMD,42,18.4,4.499999999999999
HOPV15,DomainAdaptationMMD,42,18.5,4.499999999999999
HOPV15,DomainAdaptationMMD,42,19.5,4.499999999999999
HOPV15,DomainAdaptationMMD,42,19.6,4.499999999999999
HOPV15,DomainAdaptationMMD,42,19.7,4.499999999999999
HOPV15,DomainAdaptationMMD,42,19.8,4.499999999999999
HOPV15,DomainAdaptationMMD,42,19.9,4.499999999999999
HOPV15,DomainAdaptationMMD,42,20.0,4.499999999999999
HOPV15,DomainAdaptationMMD,42,20.1,4.499999999999999
HOPV15,DomainAdaptationMMD,42,20.2,4.499999999999999
HOPV15,DomainAdaptationMMD,42,20.3,4.499999999999999
HOPV15,DomainAdaptationMMD,42,20.4,4.499999999999999
HOPV15,DomainAdaptationMMD,42,20.5,4.499999999999999
HOPV15,DomainAdaptationMMD,42,21.5,3.499999999999999
HOPV15,DomainAdaptationMMD,42,21.6,3.499999999999999
HOPV15,DomainAdaptationMMD,42,21.7,3.499999999999999
HOPV15,DomainAdaptationMMD,42,21.8,3.499999999999999
HOPV15,DomainAdaptationMMD,42,21.9,3.499999999999999
HOPV15,DomainAdaptationMMD,42,22.0,3.499999999999999
HOPV15,DomainAdaptationMMD,42,22.1,3.499999999999999
HOPV15,DomainAdaptationMMD,42,22.2,3.499999999999999
HOPV15,DomainAdaptationMMD,42,22.3,3.499999999999999
HOPV15,DomainAdaptationMMD,42,22.4,3.499999999999999
HOPV15,DomainAdaptationMMD,42,22.5,3.499999999999999
HOPV15,DomainAdaptationMMD,42,23.5,3.499999999999999
HOPV15,DomainAdaptationMMD,42,23.6,3.499999999999999
HOPV15,DomainAdaptationMMD,42,23.7,3.499999999999999
HOPV15,DomainAdaptationMMD,42,23.8,3.499999999999999
HOPV15,DomainAdaptationMMD,42,23.9,3.499999999999999
HOPV15,DomainAdaptationMMD,42,24.0,3.499999999999999
HOPV15,DomainAdaptationMMD,42,24.1,3.499999999999999
HOPV15,DomainAdaptationMMD,42,24.2,3.499999999999999
HOPV15,DomainAdaptationMMD,42,24.3,3.499999999999999
HOPV15,DomainAdaptationMMD,42,24.4,3.499999999999999
HOPV15,DomainAdaptationMMD,42,24.5,3.499999999999999
HOPV15,DomainAdaptationMMD,42,25.5,3.499999999999999
HOPV15,DomainAdaptationMMD,42,25.6,3.499999999999999
HOPV15,DomainAdaptationMMD,42,25.7,3.499999999999999
HOPV15,DomainAdaptationMMD,42,25.8,3.499999999999999
HOPV15,DomainAdaptationMMD,42,25.9,3.499999999999999
HOPV15,DomainAdaptationMMD,42,26.0,3.499999999999999
HOPV15,DomainAdaptationMMD,42,26.1,3.499999999999999
HOPV15,DomainAdaptationMMD,42,26.2,3.499999999999999
HOPV15,DomainAdaptationMMD,42,26.3,3.499999999999999
HOPV15,DomainAdaptationMMD,42,26.4,3.499999999999999
HOPV15,DomainAdaptationMMD,42,26.5,3.499999999999999
HOPV15,DomainAdaptationMMD,42,27.5,3.499999999999999
HOPV15,DomainAdaptationMMD,42,27.6,3.499999999999999
HOPV15,DomainAdaptationMMD,42,27.7,3.499999999999999
HOPV15,DomainAdaptationMMD,42,27.8,3.499999999999999
HOPV15,DomainAdaptationMMD,42,27.9,3.499999999999999
HOPV15,DomainAdaptationMMD,42,28.0,3.499999999999999
HOPV15,DomainAdaptationMMD,42,28.1,3.499999999999999
HOPV15,DomainAdaptationMMD,42,28.2,3.499999999999999
HOPV15,DomainAdaptationMMD,42,28.3,3.499999999999999
HOPV15,DomainAdaptationMMD,42,28.4,3.499999999999999
HOPV15,DomainAdaptationMMD,42,28.5,3.499999999999999
HOPV15,DomainAdaptationMMD,42,29.5,0.0
HOPV15,DomainAdaptationMMD,42,29.6,0.0
HOPV15,DomainAdaptationMMD,42,29.7,0.0
HOPV15,DomainAdaptationMMD,42,29.8,0.0
HOPV15,DomainAdaptationMMD,42,29.9,0.0
HOPV15,DomainAdaptationMMD,43,3.5,6.85
HOPV15,DomainAdaptationMMD,43,3.6,6.85
HOPV15,DomainAdaptationMMD,43,3.7,6.85
HOPV15,DomainAdaptationMMD,43,3.8,6.85
HOPV15,DomainAdaptationMMD,43,3.9,6.85
HOPV15,DomainAdaptationMMD,43,4.0,6.85
HOPV15,DomainAdaptationMMD,43,4.1,6.85
HOPV15,DomainAdaptationMMD,43,4.2,6.85
HOPV15,DomainAdaptationMMD,43,4.3,6.85
HOPV15,DomainAdaptationMMD,43,4.4,6.85
HOPV15,DomainAdaptationMMD,43,4.5,6.85
HOPV15,DomainAdaptationMMD,43,5.5,6.67
HOPV15,DomainAdaptationMMD,43,5.6,6.67
HOPV15,DomainAdaptationMMD,43,5.7,6.67
HOPV15,DomainAdaptationMMD,43,5.8,6.67
HOPV15,DomainAdaptationMMD,43,5.9,6.67
HOPV15,DomainAdaptationMMD,43,6.0,6.67
HOPV15,DomainAdaptationMMD,43,6.1,6.67
HOPV15,DomainAdaptationMMD,43,6.2,6.67
HOPV15,DomainAdaptationMMD,43,6.3,6.67
HOPV15,DomainAdaptationMMD,43,6.4,6.67
HOPV15,DomainAdaptationMMD,43,6.5,6.67
HOPV15,DomainAdaptationMMD,43,7.5,6.329999999999999
HOPV15,DomainAdaptationMMD,43,7.6,6.329999999999999
HOPV15,DomainAdaptationMMD,43,7.7,6.329999999999999
HOPV15,DomainAdaptationMMD,43,7.8,6.329999999999999
HOPV15,DomainAdaptationMMD,43,7.9,6.329999999999999
HOPV15,DomainAdaptationMMD,43,8.0,6.329999999999999
HOPV15,DomainAdaptationMMD,43,8.1,6.329999999999999
HOPV15,DomainAdaptationMMD,43,8.2,6.329999999999999
HOPV15,DomainAdaptationMMD,43,8.3,6.329999999999999
HOPV15,DomainAdaptationMMD,43,8.4,6.329999999999999
HOPV15,DomainAdaptationMMD,43,8.5,6.329999999999999
HOPV15,DomainAdaptationMMD,43,9.5,4.9
HOPV15,DomainAdaptationMMD,43,9.6,4.9
HOPV15,DomainAdaptationMMD,43,9.7,4.9
HOPV15,DomainAdaptationMMD,43,9.8,4.9
HOPV15,DomainAdaptationMMD,43,9.9,4.9
HOPV15,DomainAdaptationMMD,43,10.0,4.9
HOPV15,DomainAdaptationMMD,43,10.1,4.9
HOPV15,DomainAdaptationMMD,43,10.2,4.9
HOPV15,DomainAdaptationMMD,43,10.3,4.9
HOPV15,DomainAdaptationMMD,43,10.4,4.9
HOPV15,DomainAdaptationMMD,43,10.5,4.9
HOPV15,DomainAdaptationMMD,43,11.5,4.9
HOPV15,DomainAdaptationMMD,43,11.6,4.9
HOPV15,DomainAdaptationMMD,43,11.7,4.9
HOPV15,DomainAdaptationMMD,43,11.8,4.9
HOPV15,DomainAdaptationMMD,43,11.9,4.9
HOPV15,DomainAdaptationMMD,43,12.0,4.9
HOPV15,DomainAdaptationMMD,43,12.1,4.9
HOPV15,DomainAdaptationMMD,43,12.2,4.9
HOPV15,DomainAdaptationMMD,43,12.3,4.9
HOPV15,DomainAdaptationMMD,43,12.4,4.9
HOPV15,DomainAdaptationMMD,43,12.5,4.9
HOPV15,DomainAdaptationMMD,43,13.5,4.9
HOPV15,DomainAdaptationMMD,43,13.6,4.9
HOPV15,DomainAdaptationMMD,43,13.7,4.9
HOPV15,DomainAdaptationMMD,43,13.8,4.9
HOPV15,DomainAdaptationMMD,43,13.9,4.9
HOPV15,DomainAdaptationMMD,43,14.0,4.9
HOPV15,DomainAdaptationMMD,43,14.1,4.9
HOPV15,DomainAdaptationMMD,43,14.2,4.9
HOPV15,DomainAdaptationMMD,43,14.3,4.9
HOPV15,DomainAdaptationMMD,43,14.4,4.9
HOPV15,DomainAdaptationMMD,43,14.5,4.9
HOPV15,DomainAdaptationMMD,43,15.5,4.9
HOPV15,DomainAdaptationMMD,43,15.6,4.9
HOPV15,DomainAdaptationMMD,43,15.7,4.9
HOPV15,DomainAdaptationMMD,43,15.8,4.9
HOPV15,DomainAdaptationMMD,43,15.9,4.9
HOPV15,DomainAdaptationMMD,43,16.0,4.9
HOPV15,DomainAdaptationMMD,43,16.1,4.9
HOPV15,DomainAdaptationMMD,43,16.2,4.9
HOPV15,DomainAdaptationMMD,43,16.3,4.9
HOPV15,DomainAdaptationMMD,43,16.4,4.9
HOPV15,DomainAdaptationMMD,43,16.5,4.9
HOPV15,DomainAdaptationMMD,43,17.5,4.9
HOPV15,DomainAdaptationMMD,43,17.6,4.9
HOPV15,DomainAdaptationMMD,43,17.7,4.9
HOPV15,DomainAdaptationMMD,43,17.8,4.9
HOPV15,DomainAdaptationMMD,43,17.9,4.9
HOPV15,DomainAdaptationMMD,43,18.0,4.9
HOPV15,DomainAdaptationMMD,43,18.1,4.9
HOPV15,DomainAdaptationMMD,43,18.2,4.9
HOPV15,DomainAdaptationMMD,43,18.3,4.9
HOPV15,DomainAdaptationMMD,43,18.4,4.9
HOPV15,DomainAdaptationMMD,43,18.5,4.9
HOPV15,DomainAdaptationMMD,43,19.5,4.299999999999999
HOPV15,DomainAdaptationMMD,43,19.6,4.299999999999999
HOPV15,DomainAdaptationMMD,43,19.7,4.299999999999999
HOPV15,DomainAdaptationMMD,43,19.8,4.299999999999999
HOPV15,DomainAdaptationMMD,43,19.9,4.299999999999999
HOPV15,DomainAdaptationMMD,43,20.0,4.299999999999999
HOPV15,DomainAdaptationMMD,43,20.1,4.299999999999999
HOPV15,DomainAdaptationMMD,43,20.2,4.299999999999999
HOPV15,DomainAdaptationMMD,43,20.3,4.299999999999999
HOPV15,DomainAdaptationMMD,43,20.4,4.299999999999999
HOPV15,DomainAdaptationMMD,43,20.5,4.299999999999999
HOPV15,DomainAdaptationMMD,43,21.5,3.499999999999999
HOPV15,DomainAdaptationMMD,43,21.6,3.499999999999999
HOPV15,DomainAdaptationMMD,43,21.7,3.499999999999999
HOPV15,DomainAdaptationMMD,43,21.8,3.499999999999999
HOPV15,DomainAdaptationMMD,43,21.9,3.499999999999999
HOPV15,DomainAdaptationMMD,43,22.0,3.499999999999999
HOPV15,DomainAdaptationMMD,43,22.1,3.499999999999999
HOPV15,DomainAdaptationMMD,43,22.2,3.499999999999999
HOPV15,DomainAdaptationMMD,43,22.3,3.499999999999999
HOPV15,DomainAdaptationMMD,43,22.4,3.499999999999999
HOPV15,DomainAdaptationMMD,43,22.5,3.499999999999999
HOPV15,DomainAdaptationMMD,43,23.5,3.499999999999999
HOPV15,DomainAdaptationMMD,43,23.6,3.499999999999999
HOPV15,DomainAdaptationMMD,43,23.7,3.499999999999999
HOPV15,DomainAdaptationMMD,43,23.8,3.499999999999999
HOPV15,DomainAdaptationMMD,43,23.9,3.499999999999999
HOPV15,DomainAdaptationMMD,43,24.0,3.499999999999999
HOPV15,DomainAdaptationMMD,43,24.1,3.499999999999999
HOPV15,DomainAdaptationMMD,43,24.2,3.499999999999999
HOPV15,DomainAdaptationMMD,43,24.3,3.499999999999999
HOPV15,DomainAdaptationMMD,43,24.4,3.499999999999999
HOPV15,DomainAdaptationMMD,43,24.5,3.499999999999999
HOPV15,DomainAdaptationMMD,43,25.5,3.499999999999999
HOPV15,DomainAdaptationMMD,43,25.6,3.499999999999999
HOPV15,DomainAdaptationMMD,43,25.7,3.499999999999999
HOPV15,DomainAdaptationMMD,43,25.8,3.499999999999999
HOPV15,DomainAdaptationMMD,43,25.9,3.499999999999999
HOPV15,DomainAdaptationMMD,43,26.0,3.499999999999999
HOPV15,DomainAdaptationMMD,43,26.1,3.499999999999999
HOPV15,DomainAdaptationMMD,43,26.2,3.499999999999999
HOPV15,DomainAdaptationMMD,43,26.3,3.499999999999999
HOPV15,DomainAdaptationMMD,43,26.4,3.499999999999999
HOPV15,DomainAdaptationMMD,43,26.5,3.499999999999999
HOPV15,DomainAdaptationMMD,43,27.5,3.499999999999999
HOPV15,DomainAdaptationMMD,43,27.6,3.499999999999999
HOPV15,DomainAdaptationMMD,43,27.7,3.499999999999999
HOPV15,DomainAdaptationMMD,43,27.8,3.499999999999999
HOPV15,DomainAdaptationMMD,43,27.9,3.499999999999999
HOPV15,DomainAdaptationMMD,43,28.0,3.499999999999999
HOPV15,DomainAdaptationMMD,43,28.1,3.499999999999999
HOPV15,DomainAdaptationMMD,43,28.2,3.499999999999999
HOPV15,DomainAdaptationMMD,43,28.3,3.499999999999999
HOPV15,DomainAdaptationMMD,43,28.4,3.499999999999999
HOPV15,DomainAdaptationMMD,43,28.5,3.499999999999999
HOPV15,DomainAdaptationMMD,43,29.5,0.0
HOPV15,DomainAdaptationMMD,43,29.6,0.0
HOPV15,DomainAdaptationMMD,43,29.7,0.0
HOPV15,DomainAdaptationMMD,43,29.8,0.0
HOPV15,DomainAdaptationMMD,43,29.9,0.0
HOPV15,DomainAdaptationMMD,44,3.5,5.27
HOPV15,DomainAdaptationMMD,44,3.6,5.27
HOPV15,DomainAdaptationMMD,44,3.7,5.27
HOPV15,DomainAdaptationMMD,44,3.8,5.27
HOPV15,DomainAdaptationMMD,44,3.9,5.27
HOPV15,DomainAdaptationMMD,44,4.0,5.27
HOPV15,DomainAdaptationMMD,44,4.1,5.27
HOPV15,DomainAdaptationMMD,44,4.2,5.27
HOPV15,DomainAdaptationMMD,44,4.3,5.27
HOPV15,DomainAdaptationMMD,44,4.4,5.27
HOPV15,DomainAdaptationMMD,44,4.5,5.27
HOPV15,DomainAdaptationMMD,44,5.5,4.299999999999999
HOPV15,DomainAdaptationMMD,44,5.6,4.299999999999999
HOPV15,DomainAdaptationMMD,44,5.7,4.299999999999999
HOPV15,DomainAdaptationMMD,44,5.8,4.299999999999999
HOPV15,DomainAdaptationMMD,44,5.9,4.299999999999999
HOPV15,DomainAdaptationMMD,44,6.0,4.299999999999999
HOPV15,DomainAdaptationMMD,44,6.1,4.299999999999999
HOPV15,DomainAdaptationMMD,44,6.2,4.299999999999999
HOPV15,DomainAdaptationMMD,44,6.3,4.299999999999999
HOPV15,DomainAdaptationMMD,44,6.4,4.299999999999999
HOPV15,DomainAdaptationMMD,44,6.5,4.299999999999999
HOPV15,DomainAdaptationMMD,44,7.5,0.0
HOPV15,DomainAdaptationMMD,44,7.6,0.0
HOPV15,DomainAdaptationMMD,44,7.7,0.0
HOPV15,DomainAdaptationMMD,44,7.8,0.0
HOPV15,DomainAdaptationMMD,44,7.9,0.0
HOPV15,DomainAdaptationMMD,44,8.0,0.0
HOPV15,DomainAdaptationMMD,44,8.1,0.0
HOPV15,DomainAdaptationMMD,44,8.2,0.0
HOPV15,DomainAdaptationMMD,44,8.3,0.0
HOPV15,DomainAdaptationMMD,44,8.4,0.0
HOPV15,DomainAdaptationMMD,44,8.5,0.0
HOPV15,DomainAdaptationMMD,44,9.5,0.0
HOPV15,DomainAdaptationMMD,44,9.6,0.0
HOPV15,DomainAdaptationMMD,44,9.7,0.0
HOPV15,DomainAdaptationMMD,44,9.8,0.0
HOPV15,DomainAdaptationMMD,44,9.9,0.0
HOPV15,DomainAdaptationMMD,44,10.0,0.0
HOPV15,DomainAdaptationMMD,44,10.1,0.0
HOPV15,DomainAdaptationMMD,44,10.2,0.0
HOPV15,DomainAdaptationMMD,44,10.3,0.0
HOPV15,DomainAdaptationMMD,44,10.4,0.0
HOPV15,DomainAdaptationMMD,44,10.5,0.0
HOPV15,DomainAdaptationMMD,44,11.5,0.0
HOPV15,DomainAdaptationMMD,44,11.6,0.0
HOPV15,DomainAdaptationMMD,44,11.7,0.0
HOPV15,DomainAdaptationMMD,44,11.8,0.0
HOPV15,DomainAdaptationMMD,44,11.9,0.0
HOPV15,DomainAdaptationMMD,44,12.0,0.0
HOPV15,DomainAdaptationMMD,44,12.1,0.0
HOPV15,DomainAdaptationMMD,44,12.2,0.0
HOPV15,DomainAdaptationMMD,44,12.3,0.0
HOPV15,DomainAdaptationMMD,44,12.4,0.0
HOPV15,DomainAdaptationMMD,44,12.5,0.0
HOPV15,DomainAdaptationMMD,44,13.5,0.0
HOPV15,DomainAdaptationMMD,44,13.6,0.0
HOPV15,DomainAdaptationMMD,44,13.7,0.0
HOPV15,DomainAdaptationMMD,44,13.8,0.0
HOPV15,DomainAdaptationMMD,44,13.9,0.0
HOPV15,DomainAdaptationMMD,44,14.0,0.0
HOPV15,DomainAdaptationMMD,44,14.1,0.0
HOPV15,DomainAdaptationMMD,44,14.2,0.0
HOPV15,DomainAdaptationMMD,44,14.3,0.0
HOPV15,DomainAdaptationMMD,44,14.4,0.0
HOPV15,DomainAdaptationMMD,44,14.5,0.0
HOPV15,DomainAdaptationMMD,44,15.5,0.0
HOPV15,DomainAdaptationMMD,44,15.6,0.0
HOPV15,DomainAdaptationMMD,44,15.7,0.0
HOPV15,DomainAdaptationMMD,44,15.8,0.0
HOPV15,DomainAdaptationMMD,44,15.9,0.0
HOPV15,DomainAdaptationMMD,44,16.0,0.0
HOPV15,DomainAdaptationMMD,44,16.1,0.0
HOPV15,DomainAdaptationMMD,44,16.2,0.0
HOPV15,DomainAdaptationMMD,44,16.3,0.0
HOPV15,DomainAdaptationMMD,44,16.4,0.0
HOPV15,DomainAdaptationMMD,44,16.5,0.0
HOPV15,DomainAdaptationMMD,44,17.5,0.0
HOPV15,DomainAdaptationMMD,44,17.6,0.0
HOPV15,DomainAdaptationMMD,44,17.7,0.0
HOPV15,DomainAdaptationMMD,44,17.8,0.0
HOPV15,DomainAdaptationMMD,44,17.9,0.0
HOPV15,DomainAdaptationMMD,44,18.0,0.0
HOPV15,DomainAdaptationMMD,44,18.1,0.0
HOPV15,DomainAdaptationMMD,44,18.2,0.0
HOPV15,DomainAdaptationMMD,44,18.3,0.0
HOPV15,DomainAdaptationMMD,44,18.4,0.0
HOPV15,DomainAdaptationMMD,44,18.5,0.0
HOPV15,DomainAdaptationMMD,44,19.5,0.0
HOPV15,DomainAdaptationMMD,44,19.6,0.0
HOPV15,DomainAdaptationMMD,44,19.7,0.0
HOPV15,DomainAdaptationMMD,44,19.8,0.0
HOPV15,DomainAdaptationMMD,44,19.9,0.0
HOPV15,DomainAdaptationMMD,44,20.0,0.0
HOPV15,DomainAdaptationMMD,44,20.1,0.0
HOPV15,DomainAdaptationMMD,44,20.2,0.0
HOPV15,DomainAdaptationMMD,44,20.3,0.0
HOPV15,DomainAdaptationMMD,44,20.4,0.0
HOPV15,DomainAdaptationMMD,44,20.5,0.0
HOPV15,DomainAdaptationMMD,44,21.5,0.0
HOPV15,DomainAdaptationMMD,44,21.6,0.0
HOPV15,DomainAdaptationMMD,44,21.7,0.0
HOPV15,DomainAdaptationMMD,44,21.8,0.0
HOPV15,DomainAdaptationMMD,44,21.9,0.0
HOPV15,DomainAdaptationMMD,44,22.0,0.0
HOPV15,DomainAdaptationMMD,44,22.1,0.0
HOPV15,DomainAdaptationMMD,44,22.2,0.0
HOPV15,DomainAdaptationMMD,44,22.3,0.0
HOPV15,DomainAdaptationMMD,44,22.4,0.0
HOPV15,DomainAdaptationMMD,44,22.5,0.0
HOPV15,DomainAdaptationMMD,44,23.5,0.0
HOPV15,DomainAdaptationMMD,44,23.6,0.0
HOPV15,DomainAdaptationMMD,44,23.7,0.0
HOPV15,DomainAdaptationMMD,44,23.8,0.0
HOPV15,DomainAdaptationMMD,44,23.9,0.0
HOPV15,DomainAdaptationMMD,44,24.0,0.0
HOPV15,DomainAdaptationMMD,44,24.1,0.0
HOPV15,DomainAdaptationMMD,44,24.2,0.0
HOPV15,DomainAdaptationMMD,44,24.3,0.0
HOPV15,DomainAdaptationMMD,44,24.4,0.0
HOPV15,DomainAdaptationMMD,44,24.5,0.0
HOPV15,DomainAdaptationMMD,44,25.5,0.0
HOPV15,DomainAdaptationMMD,44,25.6,0.0
HOPV15,DomainAdaptationMMD,44,25.7,0.0
HOPV15,DomainAdaptationMMD,44,25.8,0.0
HOPV15,DomainAdaptationMMD,44,25.9,0.0
HOPV15,DomainAdaptationMMD,44,26.0,0.0
HOPV15,DomainAdaptationMMD,44,26.1,0.0
HOPV15,DomainAdaptationMMD,44,26.2,0.0
HOPV15,DomainAdaptationMMD,44,26.3,0.0
HOPV15,DomainAdaptationMMD,44,26.4,0.0
HOPV15,DomainAdaptationMMD,44,26.5,0.0
HOPV15,DomainAdaptationMMD,44,27.5,0.0
HOPV15,DomainAdaptationMMD,44,27.6,0.0
HOPV15,DomainAdaptationMMD,44,27.7,0.0
HOPV15,DomainAdaptationMMD,44,27.8,0.0
HOPV15,DomainAdaptationMMD,44,27.9,0.0
HOPV15,DomainAdaptationMMD,44,28.0,0.0
HOPV15,DomainAdaptationMMD,44,28.1,0.0
HOPV15,DomainAdaptationMMD,44,28.2,0.0
HOPV15,DomainAdaptationMMD,44,28.3,0.0
HOPV15,DomainAdaptationMMD,44,28.4,0.0
HOPV15,DomainAdaptationMMD,44,28.5,0.0
HOPV15,DomainAdaptationMMD,44,29.5,0.0
HOPV15,DomainAdaptationMMD,44,29.6,0.0
HOPV15,DomainAdaptationMMD,44,29.7,0.0
HOPV15,DomainAdaptationMMD,44,29.8,0.0
HOPV15,DomainAdaptationMMD,44,29.9,0.0
HOPV15,DomainAdaptationMMD,45,3.5,6.85
HOPV15,DomainAdaptationMMD,45,3.6,6.85
HOPV15,DomainAdaptationMMD,45,3.7,6.85
HOPV15,DomainAdaptationMMD,45,3.8,6.85
HOPV15,DomainAdaptationMMD,45,3.9,6.85
HOPV15,DomainAdaptationMMD,45,4.0,6.85
HOPV15,DomainAdaptationMMD,45,4.1,6.85
HOPV15,DomainAdaptationMMD,45,4.2,6.85
HOPV15,DomainAdaptationMMD,45,4.3,6.85
HOPV15,DomainAdaptationMMD,45,4.4,6.85
HOPV15,DomainAdaptationMMD,45,4.5,6.85
HOPV15,DomainAdaptationMMD,45,5.5,6.1
HOPV15,DomainAdaptationMMD,45,5.6,6.1
HOPV15,DomainAdaptationMMD,45,5.7,6.1
HOPV15,DomainAdaptationMMD,45,5.8,6.1
HOPV15,DomainAdaptationMMD,45,5.9,6.1
HOPV15,DomainAdaptationMMD,45,6.0,6.1
HOPV15,DomainAdaptationMMD,45,6.1,6.1
HOPV15,DomainAdaptationMMD,45,6.2,6.1
HOPV15,DomainAdaptationMMD,45,6.3,6.1
HOPV15,DomainAdaptationMMD,45,6.4,6.1
HOPV15,DomainAdaptationMMD,45,6.5,6.1
HOPV15,DomainAdaptationMMD,45,7.5,5.199999999999999
HOPV15,DomainAdaptationMMD,45,7.6,5.199999999999999
HOPV15,DomainAdaptationMMD,45,7.7,5.199999999999999
HOPV15,DomainAdaptationMMD,45,7.8,5.199999999999999
HOPV15,DomainAdaptationMMD,45,7.9,5.199999999999999
HOPV15,DomainAdaptationMMD,45,8.0,5.199999999999999
HOPV15,DomainAdaptationMMD,45,8.1,5.199999999999999
HOPV15,DomainAdaptationMMD,45,8.2,5.199999999999999
HOPV15,DomainAdaptationMMD,45,8.3,5.199999999999999
HOPV15,DomainAdaptationMMD,45,8.4,5.199999999999999
HOPV15,DomainAdaptationMMD,45,8.5,5.199999999999999
HOPV15,DomainAdaptationMMD,45,9.5,5.199999999999999
HOPV15,DomainAdaptationMMD,45,9.6,5.199999999999999
HOPV15,DomainAdaptationMMD,45,9.7,5.199999999999999
HOPV15,DomainAdaptationMMD,45,9.8,5.199999999999999
HOPV15,DomainAdaptationMMD,45,9.9,5.199999999999999
HOPV15,DomainAdaptationMMD,45,10.0,5.199999999999999
HOPV15,DomainAdaptationMMD,45,10.1,5.199999999999999
HOPV15,DomainAdaptationMMD,45,10.2,5.199999999999999
HOPV15,DomainAdaptationMMD,45,10.3,5.199999999999999
HOPV15,DomainAdaptationMMD,45,10.4,5.199999999999999
HOPV15,DomainAdaptationMMD,45,10.5,5.199999999999999
HOPV15,DomainAdaptationMMD,45,11.5,5.199999999999999
HOPV15,DomainAdaptationMMD,45,11.6,5.199999999999999
HOPV15,DomainAdaptationMMD,45,11.7,5.199999999999999
HOPV15,DomainAdaptationMMD,45,11.8,5.199999999999999
HOPV15,DomainAdaptationMMD,45,11.9,5.199999999999999
HOPV15,DomainAdaptationMMD,45,12.0,5.199999999999999
HOPV15,DomainAdaptationMMD,45,12.1,5.199999999999999
HOPV15,DomainAdaptationMMD,45,12.2,5.199999999999999
HOPV15,DomainAdaptationMMD,45,12.3,5.199999999999999
HOPV15,DomainAdaptationMMD,45,12.4,5.199999999999999
HOPV15,DomainAdaptationMMD,45,12.5,5.199999999999999
HOPV15,DomainAdaptationMMD,45,13.5,4.499999999999999
HOPV15,DomainAdaptationMMD,45,13.6,4.499999999999999
HOPV15,DomainAdaptationMMD,45,13.7,4.499999999999999
HOPV15,DomainAdaptationMMD,45,13.8,4.499999999999999
HOPV15,DomainAdaptationMMD,45,13.9,4.499999999999999
HOPV15,DomainAdaptationMMD,45,14.0,4.499999999999999
HOPV15,DomainAdaptationMMD,45,14.1,4.499999999999999
HOPV15,DomainAdaptationMMD,45,14.2,4.499999999999999
HOPV15,DomainAdaptationMMD,45,14.3,4.499999999999999
HOPV15,DomainAdaptationMMD,45,14.4,4.499999999999999
HOPV15,DomainAdaptationMMD,45,14.5,4.499999999999999
HOPV15,DomainAdaptationMMD,45,15.5,4.499999999999999
HOPV15,DomainAdaptationMMD,45,15.6,4.499999999999999
HOPV15,DomainAdaptationMMD,45,15.7,4.499999999999999
HOPV15,DomainAdaptationMMD,45,15.8,4.499999999999999
HOPV15,DomainAdaptationMMD,45,15.9,4.499999999999999
HOPV15,DomainAdaptationMMD,45,16.0,4.499999999999999
HOPV15,DomainAdaptationMMD,45,16.1,4.499999999999999
HOPV15,DomainAdaptationMMD,45,16.2,4.499999999999999
HOPV15,DomainAdaptationMMD,45,16.3,4.499999999999999
HOPV15,DomainAdaptationMMD,45,16.4,4.499999999999999
HOPV15,DomainAdaptationMMD,45,16.5,4.499999999999999
HOPV15,DomainAdaptationMMD,45,17.5,4.499999999999999
HOPV15,DomainAdaptationMMD,45,17.6,4.499999999999999
HOPV15,DomainAdaptationMMD,45,17.7,4.499999999999999
HOPV15,DomainAdaptationMMD,45,17.8,4.499999999999999
HOPV15,DomainAdaptationMMD,45,17.9,4.499999999999999
HOPV15,DomainAdaptationMMD,45,18.0,4.499999999999999
HOPV15,DomainAdaptationMMD,45,18.1,4.499999999999999
HOPV15,DomainAdaptationMMD,45,18.2,4.499999999999999
HOPV15,DomainAdaptationMMD,45,18.3,4.499999999999999
HOPV15,DomainAdaptationMMD,45,18.4,4.499999999999999
HOPV15,DomainAdaptationMMD,45,18.5,4.499999999999999
HOPV15,DomainAdaptationMMD,45,19.5,4.499999999999999
HOPV15,DomainAdaptationMMD,45,19.6,4.499999999999999
HOPV15,DomainAdaptationMMD,45,19.7,4.499999999999999
HOPV15,DomainAdaptationMMD,45,19.8,4.499999999999999
HOPV15,DomainAdaptationMMD,45,19.9,4.499999999999999
HOPV15,DomainAdaptationMMD,45,20.0,4.499999999999999
HOPV15,DomainAdaptationMMD,45,20.1,4.499999999999999
HOPV15,DomainAdaptationMMD,45,20.2,4.499999999999999
HOPV15,DomainAdaptationMMD,45,20.3,4.499999999999999
HOPV15,DomainAdaptationMMD,45,20.4,4.499999999999999
HOPV15,DomainAdaptationMMD,45,20.5,4.499999999999999
HOPV15,DomainAdaptationMMD,45,21.5,4.499999999999999
HOPV15,DomainAdaptationMMD,45,21.6,4.499999999999999
HOPV15,DomainAdaptationMMD,45,21.7,4.499999999999999
HOPV15,DomainAdaptationMMD,45,21.8,4.499999999999999
HOPV15,DomainAdaptationMMD,45,21.9,4.499999999999999
HOPV15,DomainAdaptationMMD,45,22.0,4.499999999999999
HOPV15,DomainAdaptationMMD,45,22.1,4.499999999999999
HOPV15,DomainAdaptationMMD,45,22.2,4.499999999999999
HOPV15,DomainAdaptationMMD,45,22.3,4.499999999999999
HOPV15,DomainAdaptationMMD,45,22.4,4.499999999999999
HOPV15,DomainAdaptationMMD,45,22.5,4.499999999999999
HOPV15,DomainAdaptationMMD,45,23.5,4.299999999999999
HOPV15,DomainAdaptationMMD,45,23.6,4.299999999999999
HOPV15,DomainAdaptationMMD,45,23.7,4.299999999999999
HOPV15,DomainAdaptationMMD,45,23.8,4.299999999999999
HOPV15,DomainAdaptationMMD,45,23.9,4.299999999999999
HOPV15,DomainAdaptationMMD,45,24.0,4.299999999999999
HOPV15,DomainAdaptationMMD,45,24.1,4.299999999999999
HOPV15,DomainAdaptationMMD,45,24.2,4.299999999999999
HOPV15,DomainAdaptationMMD,45,24.3,4.299999999999999
HOPV15,DomainAdaptationMMD,45,24.4,4.299999999999999
HOPV15,DomainAdaptationMMD,45,24.5,4.299999999999999
HOPV15,DomainAdaptationMMD,45,25.5,4.299999999999999
HOPV15,DomainAdaptationMMD,45,25.6,4.299999999999999
HOPV15,DomainAdaptationMMD,45,25.7,4.299999999999999
HOPV15,DomainAdaptationMMD,45,25.8,4.299999999999999
HOPV15,DomainAdaptationMMD,45,25.9,4.299999999999999
HOPV15,DomainAdaptationMMD,45,26.0,4.299999999999999
HOPV15,DomainAdaptationMMD,45,26.1,4.299999999999999
HOPV15,DomainAdaptationMMD,45,26.2,4.299999999999999
HOPV15,DomainAdaptationMMD,45,26.3,4.299999999999999
HOPV15,DomainAdaptationMMD,45,26.4,4.299999999999999
HOPV15,DomainAdaptationMMD,45,26.5,4.299999999999999
HOPV15,DomainAdaptationMMD,45,27.5,4.299999999999999
HOPV15,DomainAdaptationMMD,45,27.6,4.299999999999999
HOPV15,DomainAdaptationMMD,45,27.7,4.299999999999999
HOPV15,DomainAdaptationMMD,45,27.8,4.299999999999999
HOPV15,DomainAdaptationMMD,45,27.9,4.299999999999999
HOPV15,DomainAdaptationMMD,45,28.0,4.299999999999999
HOPV15,DomainAdaptationMMD,45,28.1,4.299999999999999
HOPV15,DomainAdaptationMMD,45,28.2,4.299999999999999
HOPV15,DomainAdaptationMMD,45,28.3,4.299999999999999
HOPV15,DomainAdaptationMMD,45,28.4,4.299999999999999
HOPV15,DomainAdaptationMMD,45,28.5,4.299999999999999
HOPV15,DomainAdaptationMMD,45,29.5,4.299999999999999
HOPV15,DomainAdaptationMMD,45,29.6,4.299999999999999
HOPV15,DomainAdaptationMMD,45,29.7,4.299999999999999
HOPV15,DomainAdaptationMMD,45,29.8,4.299999999999999
HOPV15,DomainAdaptationMMD,45,29.9,4.299999999999999
HOPV15,DomainAdaptationMMD,46,3.5,7.499999999999999
HOPV15,DomainAdaptationMMD,46,3.6,7.499999999999999
HOPV15,DomainAdaptationMMD,46,3.7,7.499999999999999
HOPV15,DomainAdaptationMMD,46,3.8,7.499999999999999
HOPV15,DomainAdaptationMMD,46,3.9,7.499999999999999
HOPV15,DomainAdaptationMMD,46,4.0,7.499999999999999
HOPV15,DomainAdaptationMMD,46,4.1,7.499999999999999
HOPV15,DomainAdaptationMMD,46,4.2,7.499999999999999
HOPV15,DomainAdaptationMMD,46,4.3,7.499999999999999
HOPV15,DomainAdaptationMMD,46,4.4,7.499999999999999
HOPV15,DomainAdaptationMMD,46,4.5,7.499999999999999
HOPV15,DomainAdaptationMMD,46,5.5,5.68
HOPV15,DomainAdaptationMMD,46,5.6,5.68
HOPV15,DomainAdaptationMMD,46,5.7,5.68
HOPV15,DomainAdaptationMMD,46,5.8,5.68
HOPV15,DomainAdaptationMMD,46,5.9,5.68
HOPV15,DomainAdaptationMMD,46,6.0,5.68
HOPV15,DomainAdaptationMMD,46,6.1,5.68
HOPV15,DomainAdaptationMMD,46,6.2,5.68
HOPV15,DomainAdaptationMMD,46,6.3,5.68
HOPV15,DomainAdaptationMMD,46,6.4,5.68
HOPV15,DomainAdaptationMMD,46,6.5,5.68
HOPV15,DomainAdaptationMMD,46,7.5,5.68
HOPV15,DomainAdaptationMMD,46,7.6,5.68
HOPV15,DomainAdaptationMMD,46,7.7,5.68
HOPV15,DomainAdaptationMMD,46,7.8,5.68
HOPV15,DomainAdaptationMMD,46,7.9,5.68
HOPV15,DomainAdaptationMMD,46,8.0,5.68
HOPV15,DomainAdaptationMMD,46,8.1,5.68
HOPV15,DomainAdaptationMMD,46,8.2,5.68
HOPV15,DomainAdaptationMMD,46,8.3,5.68
HOPV15,DomainAdaptationMMD,46,8.4,5.68
HOPV15,DomainAdaptationMMD,46,8.5,5.68
HOPV15,DomainAdaptationMMD,46,9.5,5.68
HOPV15,DomainAdaptationMMD,46,9.6,5.68
HOPV15,DomainAdaptationMMD,46,9.7,5.68
HOPV15,DomainAdaptationMMD,46,9.8,5.68
HOPV15,DomainAdaptationMMD,46,9.9,5.68
HOPV15,DomainAdaptationMMD,46,10.0,5.68
HOPV15,DomainAdaptationMMD,46,10.1,5.68
HOPV15,DomainAdaptationMMD,46,10.2,5.68
HOPV15,DomainAdaptationMMD,46,10.3,5.68
HOPV15,DomainAdaptationMMD,46,10.4,5.68
HOPV15,DomainAdaptationMMD,46,10.5,5.68
HOPV15,DomainAdaptationMMD,46,11.5,5.199999999999999
HOPV15,DomainAdaptationMMD,46,11.6,5.199999999999999
HOPV15,DomainAdaptationMMD,46,11.7,5.199999999999999
HOPV15,DomainAdaptationMMD,46,11.8,5.199999999999999
HOPV15,DomainAdaptationMMD,46,11.9,5.199999999999999
HOPV15,DomainAdaptationMMD,46,12.0,5.199999999999999
HOPV15,DomainAdaptationMMD,46,12.1,5.199999999999999
HOPV15,DomainAdaptationMMD,46,12.2,5.199999999999999
HOPV15,DomainAdaptationMMD,46,12.3,5.199999999999999
HOPV15,DomainAdaptationMMD,46,12.4,5.199999999999999
HOPV15,DomainAdaptationMMD,46,12.5,5.199999999999999
HOPV15,DomainAdaptationMMD,46,13.5,5.199999999999999
HOPV15,DomainAdaptationMMD,46,13.6,5.199999999999999
HOPV15,DomainAdaptationMMD,46,13.7,5.199999999999999
HOPV15,DomainAdaptationMMD,46,13.8,5.199999999999999
HOPV15,DomainAdaptationMMD,46,13.9,5.199999999999999
HOPV15,DomainAdaptationMMD,46,14.0,5.199999999999999
HOPV15,DomainAdaptationMMD,46,14.1,5.199999999999999
HOPV15,DomainAdaptationMMD,46,14.2,5.199999999999999
HOPV15,DomainAdaptationMMD,46,14.3,5.199999999999999
HOPV15,DomainAdaptationMMD,46,14.4,5.199999999999999
HOPV15,DomainAdaptationMMD,46,14.5,5.199999999999999
HOPV15,DomainAdaptationMMD,46,15.5,5.199999999999999
HOPV15,DomainAdaptationMMD,46,15.6,5.199999999999999
HOPV15,DomainAdaptationMMD,46,15.7,5.199999999999999
HOPV15,DomainAdaptationMMD,46,15.8,5.199999999999999
HOPV15,DomainAdaptationMMD,46,15.9,5.199999999999999
HOPV15,DomainAdaptationMMD,46,16.0,5.199999999999999
HOPV15,DomainAdaptationMMD,46,16.1,5.199999999999999
HOPV15,DomainAdaptationMMD,46,16.2,5.199999999999999
HOPV15,DomainAdaptationMMD,46,16.3,5.199999999999999
HOPV15,DomainAdaptationMMD,46,16.4,5.199999999999999
HOPV15,DomainAdaptationMMD,46,16.5,5.199999999999999
HOPV15,DomainAdaptationMMD,46,17.5,5.199999999999999
HOPV15,DomainAdaptationMMD,46,17.6,5.199999999999999
HOPV15,DomainAdaptationMMD,46,17.7,5.199999999999999
HOPV15,DomainAdaptationMMD,46,17.8,5.199999999999999
HOPV15,DomainAdaptationMMD,46,17.9,5.199999999999999
HOPV15,DomainAdaptationMMD,46,18.0,5.199999999999999
HOPV15,DomainAdaptationMMD,46,18.1,5.199999999999999
HOPV15,DomainAdaptationMMD,46,18.2,5.199999999999999
HOPV15,DomainAdaptationMMD,46,18.3,5.199999999999999
HOPV15,DomainAdaptationMMD,46,18.4,5.199999999999999
HOPV15,DomainAdaptationMMD,46,18.5,5.199999999999999
HOPV15,DomainAdaptationMMD,46,19.5,5.199999999999999
HOPV15,DomainAdaptationMMD,46,19.6,5.199999999999999
HOPV15,DomainAdaptationMMD,46,19.7,5.199999999999999
HOPV15,DomainAdaptationMMD,46,19.8,5.199999999999999
HOPV15,DomainAdaptationMMD,46,19.9,5.199999999999999
HOPV15,DomainAdaptationMMD,46,20.0,5.199999999999999
HOPV15,DomainAdaptationMMD,46,20.1,5.199999999999999
HOPV15,DomainAdaptationMMD,46,20.2,5.199999999999999
HOPV15,DomainAdaptationMMD,46,20.3,5.199999999999999
HOPV15,DomainAdaptationMMD,46,20.4,5.199999999999999
HOPV15,DomainAdaptationMMD,46,20.5,5.199999999999999
HOPV15,DomainAdaptationMMD,46,21.5,5.199999999999999
HOPV15,DomainAdaptationMMD,46,21.6,5.199999999999999
HOPV15,DomainAdaptationMMD,46,21.7,5.199999999999999
HOPV15,DomainAdaptationMMD,46,21.8,5.199999999999999
HOPV15,DomainAdaptationMMD,46,21.9,5.199999999999999
HOPV15,DomainAdaptationMMD,46,22.0,5.199999999999999
HOPV15,DomainAdaptationMMD,46,22.1,5.199999999999999
HOPV15,DomainAdaptationMMD,46,22.2,5.199999999999999
HOPV15,DomainAdaptationMMD,46,22.3,5.199999999999999
HOPV15,DomainAdaptationMMD,46,22.4,5.199999999999999
HOPV15,DomainAdaptationMMD,46,22.5,5.199999999999999
HOPV15,DomainAdaptationMMD,46,23.5,4.499999999999999
HOPV15,DomainAdaptationMMD,46,23.6,4.499999999999999
HOPV15,DomainAdaptationMMD,46,23.7,4.499999999999999
HOPV15,DomainAdaptationMMD,46,23.8,4.499999999999999
HOPV15,DomainAdaptationMMD,46,23.9,4.499999999999999
HOPV15,DomainAdaptationMMD,46,24.0,4.499999999999999
HOPV15,DomainAdaptationMMD,46,24.1,4.499999999999999
HOPV15,DomainAdaptationMMD,46,24.2,4.499999999999999
HOPV15,DomainAdaptationMMD,46,24.3,4.499999999999999
HOPV15,DomainAdaptationMMD,46,24.4,4.499999999999999
HOPV15,DomainAdaptationMMD,46,24.5,4.499999999999999
HOPV15,DomainAdaptationMMD,46,25.5,3.9
HOPV15,DomainAdaptationMMD,46,25.6,3.9
HOPV15,DomainAdaptationMMD,46,25.7,3.9
HOPV15,DomainAdaptationMMD,46,25.8,3.9
HOPV15,DomainAdaptationMMD,46,25.9,3.9
HOPV15,DomainAdaptationMMD,46,26.0,3.9
HOPV15,DomainAdaptationMMD,46,26.1,3.9
HOPV15,DomainAdaptationMMD,46,26.2,3.9
HOPV15,DomainAdaptationMMD,46,26.3,3.9
HOPV15,DomainAdaptationMMD,46,26.4,3.9
HOPV15,DomainAdaptationMMD,46,26.5,3.9
HOPV15,DomainAdaptationMMD,46,27.5,3.9
HOPV15,DomainAdaptationMMD,46,27.6,3.9
HOPV15,DomainAdaptationMMD,46,27.7,3.9
HOPV15,DomainAdaptationMMD,46,27.8,3.9
HOPV15,DomainAdaptationMMD,46,27.9,3.9
HOPV15,DomainAdaptationMMD,46,28.0,3.9
HOPV15,DomainAdaptationMMD,46,28.1,3.9
HOPV15,DomainAdaptationMMD,46,28.2,3.9
HOPV15,DomainAdaptationMMD,46,28.3,3.9
HOPV15,DomainAdaptationMMD,46,28.4,3.9
HOPV15,DomainAdaptationMMD,46,28.5,3.9
HOPV15,DomainAdaptationMMD,46,29.5,3.9
HOPV15,DomainAdaptationMMD,46,29.6,3.9
HOPV15,DomainAdaptationMMD,46,29.7,3.9
HOPV15,DomainAdaptationMMD,46,29.8,3.9
HOPV15,DomainAdaptationMMD,46,29.9,3.9
HOPV15,DomainAdaptationMMD,47,3.5,6.14
HOPV15,DomainAdaptationMMD,47,3.6,6.14
HOPV15,DomainAdaptationMMD,47,3.7,6.14
HOPV15,DomainAdaptationMMD,47,3.8,6.14
HOPV15,DomainAdaptationMMD,47,3.9,6.14
HOPV15,DomainAdaptationMMD,47,4.0,6.14
HOPV15,DomainAdaptationMMD,47,4.1,6.14
HOPV15,DomainAdaptationMMD,47,4.2,6.14
HOPV15,DomainAdaptationMMD,47,4.3,6.14
HOPV15,DomainAdaptationMMD,47,4.4,6.14
HOPV15,DomainAdaptationMMD,47,4.5,6.14
HOPV15,DomainAdaptationMMD,47,5.5,6.14
HOPV15,DomainAdaptationMMD,47,5.6,6.14
HOPV15,DomainAdaptationMMD,47,5.7,6.14
HOPV15,DomainAdaptationMMD,47,5.8,6.14
HOPV15,DomainAdaptationMMD,47,5.9,6.14
HOPV15,DomainAdaptationMMD,47,6.0,6.14
HOPV15,DomainAdaptationMMD,47,6.1,6.14
HOPV15,DomainAdaptationMMD,47,6.2,6.14
HOPV15,DomainAdaptationMMD,47,6.3,6.14
HOPV15,DomainAdaptationMMD,47,6.4,6.14
HOPV15,DomainAdaptationMMD,47,6.5,6.14
HOPV15,DomainAdaptationMMD,47,7.5,6.1
HOPV15,DomainAdaptationMMD,47,7.6,6.1
HOPV15,DomainAdaptationMMD,47,7.7,6.1
HOPV15,DomainAdaptationMMD,47,7.8,6.1
HOPV15,DomainAdaptationMMD,47,7.9,6.1
HOPV15,DomainAdaptationMMD,47,8.0,6.1
HOPV15,DomainAdaptationMMD,47,8.1,6.1
HOPV15,DomainAdaptationMMD,47,8.2,6.1
HOPV15,DomainAdaptationMMD,47,8.3,6.1
HOPV15,DomainAdaptationMMD,47,8.4,6.1
HOPV15,DomainAdaptationMMD,47,8.5,6.1
HOPV15,DomainAdaptationMMD,47,9.5,5.199999999999999
HOPV15,DomainAdaptationMMD,47,9.6,5.199999999999999
HOPV15,DomainAdaptationMMD,47,9.7,5.199999999999999
HOPV15,DomainAdaptationMMD,47,9.8,5.199999999999999
HOPV15,DomainAdaptationMMD,47,9.9,5.199999999999999
HOPV15,DomainAdaptationMMD,47,10.0,5.199999999999999
HOPV15,DomainAdaptationMMD,47,10.1,5.199999999999999
HOPV15,DomainAdaptationMMD,47,10.2,5.199999999999999
HOPV15,DomainAdaptationMMD,47,10.3,5.199999999999999
HOPV15,DomainAdaptationMMD,47,10.4,5.199999999999999
HOPV15,DomainAdaptationMMD,47,10.5,5.199999999999999
HOPV15,DomainAdaptationMMD,47,11.5,4.9
HOPV15,DomainAdaptationMMD,47,11.6,4.9
HOPV15,DomainAdaptationMMD,47,11.7,4.9
HOPV15,DomainAdaptationMMD,47,11.8,4.9
HOPV15,DomainAdaptationMMD,47,11.9,4.9
HOPV15,DomainAdaptationMMD,47,12.0,4.9
HOPV15,DomainAdaptationMMD,47,12.1,4.9
HOPV15,DomainAdaptationMMD,47,12.2,4.9
HOPV15,DomainAdaptationMMD,47,12.3,4.9
HOPV15,DomainAdaptationMMD,47,12.4,4.9
HOPV15,DomainAdaptationMMD,47,12.5,4.9
HOPV15,DomainAdaptationMMD,47,13.5,4.299999999999999
HOPV15,DomainAdaptationMMD,47,13.6,4.299999999999999
HOPV15,DomainAdaptationMMD,47,13.7,4.299999999999999
HOPV15,DomainAdaptationMMD,47,13.8,4.299999999999999
HOPV15,DomainAdaptationMMD,47,13.9,4.299999999999999
HOPV15,DomainAdaptationMMD,47,14.0,4.299999999999999
HOPV15,DomainAdaptationMMD,47,14.1,4.299999999999999
HOPV15,DomainAdaptationMMD,47,14.2,4.299999999999999
HOPV15,DomainAdaptationMMD,47,14.3,4.299999999999999
HOPV15,DomainAdaptationMMD,47,14.4,4.299999999999999
HOPV15,DomainAdaptationMMD,47,14.5,4.299999999999999
HOPV15,DomainAdaptationMMD,47,15.5,4.299999999999999
HOPV15,DomainAdaptationMMD,47,15.6,4.299999999999999
HOPV15,DomainAdaptationMMD,47,15.7,4.299999999999999
HOPV15,DomainAdaptationMMD,47,15.8,4.299999999999999
HOPV15,DomainAdaptationMMD,47,15.9,4.299999999999999
HOPV15,DomainAdaptationMMD,47,16.0,4.299999999999999
HOPV15,DomainAdaptationMMD,47,16.1,4.299999999999999
HOPV15,DomainAdaptationMMD,47,16.2,4.299999999999999
HOPV15,DomainAdaptationMMD,47,16.3,4.299999999999999
HOPV15,DomainAdaptationMMD,47,16.4,4.299999999999999
HOPV15,DomainAdaptationMMD,47,16.5,4.299999999999999
HOPV15,DomainAdaptationMMD,47,17.5,4.299999999999999
HOPV15,DomainAdaptationMMD,47,17.6,4.299999999999999
HOPV15,DomainAdaptationMMD,47,17.7,4.299999999999999
HOPV15,DomainAdaptationMMD,47,17.8,4.299999999999999
HOPV15,DomainAdaptationMMD,47,17.9,4.299999999999999
HOPV15,DomainAdaptationMMD,47,18.0,4.299999999999999
HOPV15,DomainAdaptationMMD,47,18.1,4.299999999999999
HOPV15,DomainAdaptationMMD,47,18.2,4.299999999999999
HOPV15,DomainAdaptationMMD,47,18.3,4.299999999999999
HOPV15,DomainAdaptationMMD,47,18.4,4.299999999999999
HOPV15,DomainAdaptationMMD,47,18.5,4.299999999999999
HOPV15,DomainAdaptationMMD,47,19.5,4.299999999999999
HOPV15,DomainAdaptationMMD,47,19.6,4.299999999999999
HOPV15,DomainAdaptationMMD,47,19.7,4.299999999999999
HOPV15,DomainAdaptationMMD,47,19.8,4.299999999999999
HOPV15,DomainAdaptationMMD,47,19.9,4.299999999999999
HOPV15,DomainAdaptationMMD,47,20.0,4.299999999999999
HOPV15,DomainAdaptationMMD,47,20.1,4.299999999999999
HOPV15,DomainAdaptationMMD,47,20.2,4.299999999999999
HOPV15,DomainAdaptationMMD,47,20.3,4.299999999999999
HOPV15,DomainAdaptationMMD,47,20.4,4.299999999999999
HOPV15,DomainAdaptationMMD,47,20.5,4.299999999999999
HOPV15,DomainAdaptationMMD,47,21.5,4.299999999999999
HOPV15,DomainAdaptationMMD,47,21.6,4.299999999999999
HOPV15,DomainAdaptationMMD,47,21.7,4.299999999999999
HOPV15,DomainAdaptationMMD,47,21.8,4.299999999999999
HOPV15,DomainAdaptationMMD,47,21.9,4.299999999999999
HOPV15,DomainAdaptationMMD,47,22.0,4.299999999999999
HOPV15,DomainAdaptationMMD,47,22.1,4.299999999999999
HOPV15,DomainAdaptationMMD,47,22.2,4.299999999999999
HOPV15,DomainAdaptationMMD,47,22.3,4.299999999999999
HOPV15,DomainAdaptationMMD,47,22.4,4.299999999999999
HOPV15,DomainAdaptationMMD,47,22.5,4.299999999999999
HOPV15,DomainAdaptationMMD,47,23.5,4.299999999999999
HOPV15,DomainAdaptationMMD,47,23.6,4.299999999999999
HOPV15,DomainAdaptationMMD,47,23.7,4.299999999999999
HOPV15,DomainAdaptationMMD,47,23.8,4.299999999999999
HOPV15,DomainAdaptationMMD,47,23.9,4.299999999999999
HOPV15,DomainAdaptationMMD,47,24.0,4.299999999999999
HOPV15,DomainAdaptationMMD,47,24.1,4.299999999999999
HOPV15,DomainAdaptationMMD,47,24.2,4.299999999999999
HOPV15,DomainAdaptationMMD,47,24.3,4.299999999999999
HOPV15,DomainAdaptationMMD,47,24.4,4.299999999999999
HOPV15,DomainAdaptationMMD,47,24.5,4.299999999999999
HOPV15,DomainAdaptationMMD,47,25.5,4.299999999999999
HOPV15,DomainAdaptationMMD,47,25.6,4.299999999999999
HOPV15,DomainAdaptationMMD,47,25.7,4.299999999999999
HOPV15,DomainAdaptationMMD,47,25.8,4.299999999999999
HOPV15,DomainAdaptationMMD,47,25.9,4.299999999999999
HOPV15,DomainAdaptationMMD,47,26.0,4.299999999999999
HOPV15,DomainAdaptationMMD,47,26.1,4.299999999999999
HOPV15,DomainAdaptationMMD,47,26.2,4.299999999999999
HOPV15,DomainAdaptationMMD,47,26.3,4.299999999999999
HOPV15,DomainAdaptationMMD,47,26.4,4.299999999999999
HOPV15,DomainAdaptationMMD,47,26.5,4.299999999999999
HOPV15,DomainAdaptationMMD,47,27.5,3.9
HOPV15,DomainAdaptationMMD,47,27.6,3.9
HOPV15,DomainAdaptationMMD,47,27.7,3.9
HOPV15,DomainAdaptationMMD,47,27.8,3.9
HOPV15,DomainAdaptationMMD,47,27.9,3.9
HOPV15,DomainAdaptationMMD,47,28.0,3.9
HOPV15,DomainAdaptationMMD,47,28.1,3.9
HOPV15,DomainAdaptationMMD,47,28.2,3.9
HOPV15,DomainAdaptationMMD,47,28.3,3.9
HOPV15,DomainAdaptationMMD,47,28.4,3.9
HOPV15,DomainAdaptationMMD,47,28.5,3.9
HOPV15,DomainAdaptationMMD,47,29.5,3.9
HOPV15,DomainAdaptationMMD,47,29.6,3.9
HOPV15,DomainAdaptationMMD,47,29.7,3.9
HOPV15,DomainAdaptationMMD,47,29.8,3.9
HOPV15,DomainAdaptationMMD,47,29.9,3.9
HOPV15,DomainAdaptationMMD,48,3.5,6.85
HOPV15,DomainAdaptationMMD,48,3.6,6.85
HOPV15,DomainAdaptationMMD,48,3.7,6.85
HOPV15,DomainAdaptationMMD,48,3.8,6.85
HOPV15,DomainAdaptationMMD,48,3.9,6.85
HOPV15,DomainAdaptationMMD,48,4.0,6.85
HOPV15,DomainAdaptationMMD,48,4.1,6.85
HOPV15,DomainAdaptationMMD,48,4.2,6.85
HOPV15,DomainAdaptationMMD,48,4.3,6.85
HOPV15,DomainAdaptationMMD,48,4.4,6.85
HOPV15,DomainAdaptationMMD,48,4.5,6.85
HOPV15,DomainAdaptationMMD,48,5.5,6.1
HOPV15,DomainAdaptationMMD,48,5.6,6.1
HOPV15,DomainAdaptationMMD,48,5.7,6.1
HOPV15,DomainAdaptationMMD,48,5.8,6.1
HOPV15,DomainAdaptationMMD,48,5.9,6.1
HOPV15,DomainAdaptationMMD,48,6.0,6.1
HOPV15,DomainAdaptationMMD,48,6.1,6.1
HOPV15,DomainAdaptationMMD,48,6.2,6.1
HOPV15,DomainAdaptationMMD,48,6.3,6.1
HOPV15,DomainAdaptationMMD,48,6.4,6.1
HOPV15,DomainAdaptationMMD,48,6.5,6.1
HOPV15,DomainAdaptationMMD,48,7.5,4.299999999999999
HOPV15,DomainAdaptationMMD,48,7.6,4.299999999999999
HOPV15,DomainAdaptationMMD,48,7.7,4.299999999999999
HOPV15,DomainAdaptationMMD,48,7.8,4.299999999999999
HOPV15,DomainAdaptationMMD,48,7.9,4.299999999999999
HOPV15,DomainAdaptationMMD,48,8.0,4.299999999999999
HOPV15,DomainAdaptationMMD,48,8.1,4.299999999999999
HOPV15,DomainAdaptationMMD,48,8.2,4.299999999999999
HOPV15,DomainAdaptationMMD,48,8.3,4.299999999999999
HOPV15,DomainAdaptationMMD,48,8.4,4.299999999999999
HOPV15,DomainAdaptationMMD,48,8.5,4.299999999999999
HOPV15,DomainAdaptationMMD,48,9.5,4.299999999999999
HOPV15,DomainAdaptationMMD,48,9.6,4.299999999999999
HOPV15,DomainAdaptationMMD,48,9.7,4.299999999999999
HOPV15,DomainAdaptationMMD,48,9.8,4.299999999999999
HOPV15,DomainAdaptationMMD,48,9.9,4.299999999999999
HOPV15,DomainAdaptationMMD,48,10.0,4.299999999999999
HOPV15,DomainAdaptationMMD,48,10.1,4.299999999999999
HOPV15,DomainAdaptationMMD,48,10.2,4.299999999999999
HOPV15,DomainAdaptationMMD,48,10.3,4.299999999999999
HOPV15,DomainAdaptationMMD,48,10.4,4.299999999999999
HOPV15,DomainAdaptationMMD,48,10.5,4.299999999999999
HOPV15,DomainAdaptationMMD,48,11.5,4.299999999999999
HOPV15,DomainAdaptationMMD,48,11.6,4.299999999999999
HOPV15,DomainAdaptationMMD,48,11.7,4.299999999999999
HOPV15,DomainAdaptationMMD,48,11.8,4.299999999999999
HOPV15,DomainAdaptationMMD,48,11.9,4.299999999999999
HOPV15,DomainAdaptationMMD,48,12.0,4.299999999999999
HOPV15,DomainAdaptationMMD,48,12.1,4.299999999999999
HOPV15,DomainAdaptationMMD,48,12.2,4.299999999999999
HOPV15,DomainAdaptationMMD,48,12.3,4.299999999999999
HOPV15,DomainAdaptationMMD,48,12.4,4.299999999999999
HOPV15,DomainAdaptationMMD,48,12.5,4.299999999999999
HOPV15,DomainAdaptationMMD,48,13.5,4.299999999999999
HOPV15,DomainAdaptationMMD,48,13.6,4.299999999999999
HOPV15,DomainAdaptationMMD,48,13.7,4.299999999999999
HOPV15,DomainAdaptationMMD,48,13.8,4.299999999999999
HOPV15,DomainAdaptationMMD,48,13.9,4.299999999999999
HOPV15,DomainAdaptationMMD,48,14.0,4.299999999999999
HOPV15,DomainAdaptationMMD,48,14.1,4.299999999999999
HOPV15,DomainAdaptationMMD,48,14.2,4.299999999999999
HOPV15,DomainAdaptationMMD,48,14.3,4.299999999999999
HOPV15,DomainAdaptationMMD,48,14.4,4.299999999999999
HOPV15,DomainAdaptationMMD,48,14.5,4.299999999999999
HOPV15,DomainAdaptationMMD,48,15.5,0.0
HOPV15,DomainAdaptationMMD,48,15.6,0.0
HOPV15,DomainAdaptationMMD,48,15.7,0.0
HOPV15,DomainAdaptationMMD,48,15.8,0.0
HOPV15,DomainAdaptationMMD,48,15.9,0.0
HOPV15,DomainAdaptationMMD,48,16.0,0.0
HOPV15,DomainAdaptationMMD,48,16.1,0.0
HOPV15,DomainAdaptationMMD,48,16.2,0.0
HOPV15,DomainAdaptationMMD,48,16.3,0.0
HOPV15,DomainAdaptationMMD,48,16.4,0.0
HOPV15,DomainAdaptationMMD,48,16.5,0.0
HOPV15,DomainAdaptationMMD,48,17.5,0.0
HOPV15,DomainAdaptationMMD,48,17.6,0.0
HOPV15,DomainAdaptationMMD,48,17.7,0.0
HOPV15,DomainAdaptationMMD,48,17.8,0.0
HOPV15,DomainAdaptationMMD,48,17.9,0.0
HOPV15,DomainAdaptationMMD,48,18.0,0.0
HOPV15,DomainAdaptationMMD,48,18.1,0.0
HOPV15,DomainAdaptationMMD,48,18.2,0.0
HOPV15,DomainAdaptationMMD,48,18.3,0.0
HOPV15,DomainAdaptationMMD,48,18.4,0.0
HOPV15,DomainAdaptationMMD,48,18.5,0.0
HOPV15,DomainAdaptationMMD,48,19.5,0.0
HOPV15,DomainAdaptationMMD,48,19.6,0.0
HOPV15,DomainAdaptationMMD,48,19.7,0.0
HOPV15,DomainAdaptationMMD,48,19.8,0.0
HOPV15,DomainAdaptationMMD,48,19.9,0.0
HOPV15,DomainAdaptationMMD,48,20.0,0.0
HOPV15,DomainAdaptationMMD,48,20.1,0.0
HOPV15,DomainAdaptationMMD,48,20.2,0.0
HOPV15,DomainAdaptationMMD,48,20.3,0.0
HOPV15,DomainAdaptationMMD,48,20.4,0.0
HOPV15,DomainAdaptationMMD,48,20.5,0.0
HOPV15,DomainAdaptationMMD,48,21.5,0.0
HOPV15,DomainAdaptationMMD,48,21.6,0.0
HOPV15,DomainAdaptationMMD,48,21.7,0.0
HOPV15,DomainAdaptationMMD,48,21.8,0.0
HOPV15,DomainAdaptationMMD,48,21.9,0.0
HOPV15,DomainAdaptationMMD,48,22.0,0.0
HOPV15,DomainAdaptationMMD,48,22.1,0.0
HOPV15,DomainAdaptationMMD,48,22.2,0.0
HOPV15,DomainAdaptationMMD,48,22.3,0.0
HOPV15,DomainAdaptationMMD,48,22.4,0.0
HOPV15,DomainAdaptationMMD,48,22.5,0.0
HOPV15,DomainAdaptationMMD,48,23.5,0.0
HOPV15,DomainAdaptationMMD,48,23.6,0.0
HOPV15,DomainAdaptationMMD,48,23.7,0.0
HOPV15,DomainAdaptationMMD,48,23.8,0.0
HOPV15,DomainAdaptationMMD,48,23.9,0.0
HOPV15,DomainAdaptationMMD,48,24.0,0.0
HOPV15,DomainAdaptationMMD,48,24.1,0.0
HOPV15,DomainAdaptationMMD,48,24.2,0.0
HOPV15,DomainAdaptationMMD,48,24.3,0.0
HOPV15,DomainAdaptationMMD,48,24.4,0.0
HOPV15,DomainAdaptationMMD,48,24.5,0.0
HOPV15,DomainAdaptationMMD,48,25.5,0.0
HOPV15,DomainAdaptationMMD,48,25.6,0.0
HOPV15,DomainAdaptationMMD,48,25.7,0.0
HOPV15,DomainAdaptationMMD,48,25.8,0.0
HOPV15,DomainAdaptationMMD,48,25.9,0.0
HOPV15,DomainAdaptationMMD,48,26.0,0.0
HOPV15,DomainAdaptationMMD,48,26.1,0.0
HOPV15,DomainAdaptationMMD,48,26.2,0.0
HOPV15,DomainAdaptationMMD,48,26.3,0.0
HOPV15,DomainAdaptationMMD,48,26.4,0.0
HOPV15,DomainAdaptationMMD,48,26.5,0.0
HOPV15,DomainAdaptationMMD,48,27.5,0.0
HOPV15,DomainAdaptationMMD,48,27.6,0.0
HOPV15,DomainAdaptationMMD,48,27.7,0.0
HOPV15,DomainAdaptationMMD,48,27.8,0.0
HOPV15,DomainAdaptationMMD,48,27.9,0.0
HOPV15,DomainAdaptationMMD,48,28.0,0.0
HOPV15,DomainAdaptationMMD,48,28.1,0.0
HOPV15,DomainAdaptationMMD,48,28.2,0.0
HOPV15,DomainAdaptationMMD,48,28.3,0.0
HOPV15,DomainAdaptationMMD,48,28.4,0.0
HOPV15,DomainAdaptationMMD,48,28.5,0.0
HOPV15,DomainAdaptationMMD,48,29.5,0.0
HOPV15,DomainAdaptationMMD,48,29.6,0.0
HOPV15,DomainAdaptationMMD,48,29.7,0.0
HOPV15,DomainAdaptationMMD,48,29.8,0.0
HOPV15,DomainAdaptationMMD,48,29.9,0.0
HOPV15,DomainAdaptationMMD,49,3.5,5.069999999999999
HOPV15,DomainAdaptationMMD,49,3.6,5.069999999999999
HOPV15,DomainAdaptationMMD,49,3.7,5.069999999999999
HOPV15,DomainAdaptationMMD,49,3.8,5.069999999999999
HOPV15,DomainAdaptationMMD,49,3.9,5.069999999999999
HOPV15,DomainAdaptationMMD,49,4.0,5.069999999999999
HOPV15,DomainAdaptationMMD,49,4.1,5.069999999999999
HOPV15,DomainAdaptationMMD,49,4.2,5.069999999999999
HOPV15,DomainAdaptationMMD,49,4.3,5.069999999999999
HOPV15,DomainAdaptationMMD,49,4.4,5.069999999999999
HOPV15,DomainAdaptationMMD,49,4.5,5.069999999999999
HOPV15,DomainAdaptationMMD,49,5.5,3.499999999999999
HOPV15,DomainAdaptationMMD,49,5.6,3.499999999999999
HOPV15,DomainAdaptationMMD,49,5.7,3.499999999999999
HOPV15,DomainAdaptationMMD,49,5.8,3.499999999999999
HOPV15,DomainAdaptationMMD,49,5.9,3.499999999999999
HOPV15,DomainAdaptationMMD,49,6.0,3.499999999999999
HOPV15,DomainAdaptationMMD,49,6.1,3.499999999999999
HOPV15,DomainAdaptationMMD,49,6.2,3.499999999999999
HOPV15,DomainAdaptationMMD,49,6.3,3.499999999999999
HOPV15,DomainAdaptationMMD,49,6.4,3.499999999999999
HOPV15,DomainAdaptationMMD,49,6.5,3.499999999999999
HOPV15,DomainAdaptationMMD,49,7.5,3.499999999999999
HOPV15,DomainAdaptationMMD,49,7.6,3.499999999999999
HOPV15,DomainAdaptationMMD,49,7.7,3.499999999999999
HOPV15,DomainAdaptationMMD,49,7.8,3.499999999999999
HOPV15,DomainAdaptationMMD,49,7.9,3.499999999999999
HOPV15,DomainAdaptationMMD,49,8.0,3.499999999999999
HOPV15,DomainAdaptationMMD,49,8.1,3.499999999999999
HOPV15,DomainAdaptationMMD,49,8.2,3.499999999999999
HOPV15,DomainAdaptationMMD,49,8.3,3.499999999999999
HOPV15,DomainAdaptationMMD,49,8.4,3.499999999999999
HOPV15,DomainAdaptationMMD,49,8.5,3.499999999999999
HOPV15,DomainAdaptationMMD,49,9.5,3.499999999999999
HOPV15,DomainAdaptationMMD,49,9.6,3.499999999999999
HOPV15,DomainAdaptationMMD,49,9.7,3.499999999999999
HOPV15,DomainAdaptationMMD,49,9.8,3.499999999999999
HOPV15,DomainAdaptationMMD,49,9.9,3.499999999999999
HOPV15,DomainAdaptationMMD,49,10.0,3.499999999999999
HOPV15,DomainAdaptationMMD,49,10.1,3.499999999999999
HOPV15,DomainAdaptationMMD,49,10.2,3.499999999999999
HOPV15,DomainAdaptationMMD,49,10.3,3.499999999999999
HOPV15,DomainAdaptationMMD,49,10.4,3.499999999999999
HOPV15,DomainAdaptationMMD,49,10.5,3.499999999999999
HOPV15,DomainAdaptationMMD,49,11.5,3.499999999999999
HOPV15,DomainAdaptationMMD,49,11.6,3.499999999999999
HOPV15,DomainAdaptationMMD,49,11.7,3.499999999999999
HOPV15,DomainAdaptationMMD,49,11.8,3.499999999999999
HOPV15,DomainAdaptationMMD,49,11.9,3.499999999999999
HOPV15,DomainAdaptationMMD,49,12.0,3.499999999999999
HOPV15,DomainAdaptationMMD,49,12.1,3.499999999999999
HOPV15,DomainAdaptationMMD,49,12.2,3.499999999999999
HOPV15,DomainAdaptationMMD,49,12.3,3.499999999999999
HOPV15,DomainAdaptationMMD,49,12.4,3.499999999999999
HOPV15,DomainAdaptationMMD,49,12.5,3.499999999999999
HOPV15,DomainAdaptationMMD,49,13.5,3.499999999999999
HOPV15,DomainAdaptationMMD,49,13.6,3.499999999999999
HOPV15,DomainAdaptationMMD,49,13.7,3.499999999999999
HOPV15,DomainAdaptationMMD,49,13.8,3.499999999999999
HOPV15,DomainAdaptationMMD,49,13.9,3.499999999999999
HOPV15,DomainAdaptationMMD,49,14.0,3.499999999999999
HOPV15,DomainAdaptationMMD,49,14.1,3.499999999999999
HOPV15,DomainAdaptationMMD,49,14.2,3.499999999999999
HOPV15,DomainAdaptationMMD,49,14.3,3.499999999999999
HOPV15,DomainAdaptationMMD,49,14.4,3.499999999999999
HOPV15,DomainAdaptationMMD,49,14.5,3.499999999999999
HOPV15,DomainAdaptationMMD,49,15.5,3.499999999999999
HOPV15,DomainAdaptationMMD,49,15.6,3.499999999999999
HOPV15,DomainAdaptationMMD,49,15.7,3.499999999999999
HOPV15,DomainAdaptationMMD,49,15.8,3.499999999999999
HOPV15,DomainAdaptationMMD,49,15.9,3.499999999999999
HOPV15,DomainAdaptationMMD,49,16.0,3.499999999999999
HOPV15,DomainAdaptationMMD,49,16.1,3.499999999999999
HOPV15,DomainAdaptationMMD,49,16.2,3.499999999999999
HOPV15,DomainAdaptationMMD,49,16.3,3.499999999999999
HOPV15,DomainAdaptationMMD,49,16.4,3.499999999999999
HOPV15,DomainAdaptationMMD,49,16.5,3.499999999999999
HOPV15,DomainAdaptationMMD,49,17.5,3.499999999999999
HOPV15,DomainAdaptationMMD,49,17.6,3.499999999999999
HOPV15,DomainAdaptationMMD,49,17.7,3.499999999999999
HOPV15,DomainAdaptationMMD,49,17.8,3.499999999999999
HOPV15,DomainAdaptationMMD,49,17.9,3.499999999999999
HOPV15,DomainAdaptationMMD,49,18.0,3.499999999999999
HOPV15,DomainAdaptationMMD,49,18.1,3.499999999999999
HOPV15,DomainAdaptationMMD,49,18.2,3.499999999999999
HOPV15,DomainAdaptationMMD,49,18.3,3.499999999999999
HOPV15,DomainAdaptationMMD,49,18.4,3.499999999999999
HOPV15,DomainAdaptationMMD,49,18.5,3.499999999999999
HOPV15,DomainAdaptationMMD,49,19.5,3.499999999999999
HOPV15,DomainAdaptationMMD,49,19.6,3.499999999999999
HOPV15,DomainAdaptationMMD,49,19.7,3.499999999999999
HOPV15,DomainAdaptationMMD,49,19.8,3.499999999999999
HOPV15,DomainAdaptationMMD,49,19.9,3.499999999999999
HOPV15,DomainAdaptationMMD,49,20.0,3.499999999999999
HOPV15,DomainAdaptationMMD,49,20.1,3.499999999999999
HOPV15,DomainAdaptationMMD,49,20.2,3.499999999999999
HOPV15,DomainAdaptationMMD,49,20.3,3.499999999999999
HOPV15,DomainAdaptationMMD,49,20.4,3.499999999999999
HOPV15,DomainAdaptationMMD,49,20.5,3.499999999999999
HOPV15,DomainAdaptationMMD,49,21.5,3.499999999999999
HOPV15,DomainAdaptationMMD,49,21.6,3.499999999999999
HOPV15,DomainAdaptationMMD,49,21.7,3.499999999999999
HOPV15,DomainAdaptationMMD,49,21.8,3.499999999999999
HOPV15,DomainAdaptationMMD,49,21.9,3.499999999999999
HOPV15,DomainAdaptationMMD,49,22.0,3.499999999999999
HOPV15,DomainAdaptationMMD,49,22.1,3.499999999999999
HOPV15,DomainAdaptationMMD,49,22.2,3.499999999999999
HOPV15,DomainAdaptationMMD,49,22.3,3.499999999999999
HOPV15,DomainAdaptationMMD,49,22.4,3.499999999999999
HOPV15,DomainAdaptationMMD,49,22.5,3.499999999999999
HOPV15,DomainAdaptationMMD,49,23.5,3.499999999999999
HOPV15,DomainAdaptationMMD,49,23.6,3.499999999999999
HOPV15,DomainAdaptationMMD,49,23.7,3.499999999999999
HOPV15,DomainAdaptationMMD,49,23.8,3.499999999999999
HOPV15,DomainAdaptationMMD,49,23.9,3.499999999999999
HOPV15,DomainAdaptationMMD,49,24.0,3.499999999999999
HOPV15,DomainAdaptationMMD,49,24.1,3.499999999999999
HOPV15,DomainAdaptationMMD,49,24.2,3.499999999999999
HOPV15,DomainAdaptationMMD,49,24.3,3.499999999999999
HOPV15,DomainAdaptationMMD,49,24.4,3.499999999999999
HOPV15,DomainAdaptationMMD,49,24.5,3.499999999999999
HOPV15,DomainAdaptationMMD,49,25.5,3.499999999999999
HOPV15,DomainAdaptationMMD,49,25.6,3.499999999999999
HOPV15,DomainAdaptationMMD,49,25.7,3.499999999999999
HOPV15,DomainAdaptationMMD,49,25.8,3.499999999999999
HOPV15,DomainAdaptationMMD,49,25.9,3.499999999999999
HOPV15,DomainAdaptationMMD,49,26.0,3.499999999999999
HOPV15,DomainAdaptationMMD,49,26.1,3.499999999999999
HOPV15,DomainAdaptationMMD,49,26.2,3.499999999999999
HOPV15,DomainAdaptationMMD,49,26.3,3.499999999999999
HOPV15,DomainAdaptationMMD,49,26.4,3.499999999999999
HOPV15,DomainAdaptationMMD,49,26.5,3.499999999999999
HOPV15,DomainAdaptationMMD,49,27.5,3.499999999999999
HOPV15,DomainAdaptationMMD,49,27.6,3.499999999999999
HOPV15,DomainAdaptationMMD,49,27.7,3.499999999999999
HOPV15,DomainAdaptationMMD,49,27.8,3.499999999999999
HOPV15,DomainAdaptationMMD,49,27.9,3.499999999999999
HOPV15,DomainAdaptationMMD,49,28.0,3.499999999999999
HOPV15,DomainAdaptationMMD,49,28.1,3.499999999999999
HOPV15,DomainAdaptationMMD,49,28.2,3.499999999999999
HOPV15,DomainAdaptationMMD,49,28.3,3.499999999999999
HOPV15,DomainAdaptationMMD,49,28.4,3.499999999999999
HOPV15,DomainAdaptationMMD,49,28.5,3.499999999999999
HOPV15,DomainAdaptationMMD,49,29.5,3.499999999999999
HOPV15,DomainAdaptationMMD,49,29.6,3.499999999999999
HOPV15,DomainAdaptationMMD,49,29.7,3.499999999999999
HOPV15,DomainAdaptationMMD,49,29.8,3.499999999999999
HOPV15,DomainAdaptationMMD,49,29.9,3.499999999999999
HOPV15,DomainAdaptationMMD,50,3.5,5.919999999999999
HOPV15,DomainAdaptationMMD,50,3.6,5.919999999999999
HOPV15,DomainAdaptationMMD,50,3.7,5.919999999999999
HOPV15,DomainAdaptationMMD,50,3.8,5.919999999999999
HOPV15,DomainAdaptationMMD,50,3.9,5.919999999999999
HOPV15,DomainAdaptationMMD,50,4.0,5.919999999999999
HOPV15,DomainAdaptationMMD,50,4.1,5.919999999999999
HOPV15,DomainAdaptationMMD,50,4.2,5.919999999999999
HOPV15,DomainAdaptationMMD,50,4.3,5.919999999999999
HOPV15,DomainAdaptationMMD,50,4.4,5.919999999999999
HOPV15,DomainAdaptationMMD,50,4.5,5.919999999999999
HOPV15,DomainAdaptationMMD,50,5.5,5.919999999999999
HOPV15,DomainAdaptationMMD,50,5.6,5.919999999999999
HOPV15,DomainAdaptationMMD,50,5.7,5.919999999999999
HOPV15,DomainAdaptationMMD,50,5.8,5.919999999999999
HOPV15,DomainAdaptationMMD,50,5.9,5.919999999999999
HOPV15,DomainAdaptationMMD,50,6.0,5.919999999999999
HOPV15,DomainAdaptationMMD,50,6.1,5.919999999999999
HOPV15,DomainAdaptationMMD,50,6.2,5.919999999999999
HOPV15,DomainAdaptationMMD,50,6.3,5.919999999999999
HOPV15,DomainAdaptationMMD,50,6.4,5.919999999999999
HOPV15,DomainAdaptationMMD,50,6.5,5.919999999999999
HOPV15,DomainAdaptationMMD,50,7.5,5.199999999999999
HOPV15,DomainAdaptationMMD,50,7.6,5.199999999999999
HOPV15,DomainAdaptationMMD,50,7.7,5.199999999999999
HOPV15,DomainAdaptationMMD,50,7.8,5.199999999999999
HOPV15,DomainAdaptationMMD,50,7.9,5.199999999999999
HOPV15,DomainAdaptationMMD,50,8.0,5.199999999999999
HOPV15,DomainAdaptationMMD,50,8.1,5.199999999999999
HOPV15,DomainAdaptationMMD,50,8.2,5.199999999999999
HOPV15,DomainAdaptationMMD,50,8.3,5.199999999999999
HOPV15,DomainAdaptationMMD,50,8.4,5.199999999999999
HOPV15,DomainAdaptationMMD,50,8.5,5.199999999999999
HOPV15,DomainAdaptationMMD,50,9.5,4.299999999999999
HOPV15,DomainAdaptationMMD,50,9.6,4.299999999999999
HOPV15,DomainAdaptationMMD,50,9.7,4.299999999999999
HOPV15,DomainAdaptationMMD,50,9.8,4.299999999999999
HOPV15,DomainAdaptationMMD,50,9.9,4.299999999999999
HOPV15,DomainAdaptationMMD,50,10.0,4.299999999999999
HOPV15,DomainAdaptationMMD,50,10.1,4.299999999999999
HOPV15,DomainAdaptationMMD,50,10.2,4.299999999999999
HOPV15,DomainAdaptationMMD,50,10.3,4.299999999999999
HOPV15,DomainAdaptationMMD,50,10.4,4.299999999999999
HOPV15,DomainAdaptationMMD,50,10.5,4.299999999999999
HOPV15,DomainAdaptationMMD,50,11.5,4.299999999999999
HOPV15,DomainAdaptationMMD,50,11.6,4.299999999999999
HOPV15,DomainAdaptationMMD,50,11.7,4.299999999999999
HOPV15,DomainAdaptationMMD,50,11.8,4.299999999999999
HOPV15,DomainAdaptationMMD,50,11.9,4.299999999999999
HOPV15,DomainAdaptationMMD,50,12.0,4.299999999999999
HOPV15,DomainAdaptationMMD,50,12.1,4.299999999999999
HOPV15,DomainAdaptationMMD,50,12.2,4.299999999999999
HOPV15,DomainAdaptationMMD,50,12.3,4.299999999999999
HOPV15,DomainAdaptationMMD,50,12.4,4.299999999999999
HOPV15,DomainAdaptationMMD,50,12.5,4.299999999999999
HOPV15,DomainAdaptationMMD,50,13.5,4.299999999999999
HOPV15,DomainAdaptationMMD,50,13.6,4.299999999999999
HOPV15,DomainAdaptationMMD,50,13.7,4.299999999999999
HOPV15,DomainAdaptationMMD,50,13.8,4.299999999999999
HOPV15,DomainAdaptationMMD,50,13.9,4.299999999999999
HOPV15,DomainAdaptationMMD,50,14.0,4.299999999999999
HOPV15,DomainAdaptationMMD,50,14.1,4.299999999999999
HOPV15,DomainAdaptationMMD,50,14.2,4.299999999999999
HOPV15,DomainAdaptationMMD,50,14.3,4.299999999999999
HOPV15,DomainAdaptationMMD,50,14.4,4.299999999999999
HOPV15,DomainAdaptationMMD,50,14.5,4.299999999999999
HOPV15,DomainAdaptationMMD,50,15.5,0.0
HOPV15,DomainAdaptationMMD,50,15.6,0.0
HOPV15,DomainAdaptationMMD,50,15.7,0.0
HOPV15,DomainAdaptationMMD,50,15.8,0.0
HOPV15,DomainAdaptationMMD,50,15.9,0.0
HOPV15,DomainAdaptationMMD,50,16.0,0.0
HOPV15,DomainAdaptationMMD,50,16.1,0.0
HOPV15,DomainAdaptationMMD,50,16.2,0.0
HOPV15,DomainAdaptationMMD,50,16.3,0.0
HOPV15,DomainAdaptationMMD,50,16.4,0.0
HOPV15,DomainAdaptationMMD,50,16.5,0.0
HOPV15,DomainAdaptationMMD,50,17.5,0.0
HOPV15,DomainAdaptationMMD,50,17.6,0.0
HOPV15,DomainAdaptationMMD,50,17.7,0.0
HOPV15,DomainAdaptationMMD,50,17.8,0.0
HOPV15,DomainAdaptationMMD,50,17.9,0.0
HOPV15,DomainAdaptationMMD,50,18.0,0.0
HOPV15,DomainAdaptationMMD,50,18.1,0.0
HOPV15,DomainAdaptationMMD,50,18.2,0.0
HOPV15,DomainAdaptationMMD,50,18.3,0.0
HOPV15,DomainAdaptationMMD,50,18.4,0.0
HOPV15,DomainAdaptationMMD,50,18.5,0.0
HOPV15,DomainAdaptationMMD,50,19.5,0.0
HOPV15,DomainAdaptationMMD,50,19.6,0.0
HOPV15,DomainAdaptationMMD,50,19.7,0.0
HOPV15,DomainAdaptationMMD,50,19.8,0.0
HOPV15,DomainAdaptationMMD,50,19.9,0.0
HOPV15,DomainAdaptationMMD,50,20.0,0.0
HOPV15,DomainAdaptationMMD,50,20.1,0.0
HOPV15,DomainAdaptationMMD,50,20.2,0.0
HOPV15,DomainAdaptationMMD,50,20.3,0.0
HOPV15,DomainAdaptationMMD,50,20.4,0.0
HOPV15,DomainAdaptationMMD,50,20.5,0.0
HOPV15,DomainAdaptationMMD,50,21.5,0.0
HOPV15,DomainAdaptationMMD,50,21.6,0.0
HOPV15,DomainAdaptationMMD,50,21.7,0.0
HOPV15,DomainAdaptationMMD,50,21.8,0.0
HOPV15,DomainAdaptationMMD,50,21.9,0.0
HOPV15,DomainAdaptationMMD,50,22.0,0.0
HOPV15,DomainAdaptationMMD,50,22.1,0.0
HOPV15,DomainAdaptationMMD,50,22.2,0.0
HOPV15,DomainAdaptationMMD,50,22.3,0.0
HOPV15,DomainAdaptationMMD,50,22.4,0.0
HOPV15,DomainAdaptationMMD,50,22.5,0.0
HOPV15,DomainAdaptationMMD,50,23.5,0.0
HOPV15,DomainAdaptationMMD,50,23.6,0.0
HOPV15,DomainAdaptationMMD,50,23.7,0.0
HOPV15,DomainAdaptationMMD,50,23.8,0.0
HOPV15,DomainAdaptationMMD,50,23.9,0.0
HOPV15,DomainAdaptationMMD,50,24.0,0.0
HOPV15,DomainAdaptationMMD,50,24.1,0.0
HOPV15,DomainAdaptationMMD,50,24.2,0.0
HOPV15,DomainAdaptationMMD,50,24.3,0.0
HOPV15,DomainAdaptationMMD,50,24.4,0.0
HOPV15,DomainAdaptationMMD,50,24.5,0.0
HOPV15,DomainAdaptationMMD,50,25.5,0.0
HOPV15,DomainAdaptationMMD,50,25.6,0.0
HOPV15,DomainAdaptationMMD,50,25.7,0.0
HOPV15,DomainAdaptationMMD,50,25.8,0.0
HOPV15,DomainAdaptationMMD,50,25.9,0.0
HOPV15,DomainAdaptationMMD,50,26.0,0.0
HOPV15,DomainAdaptationMMD,50,26.1,0.0
HOPV15,DomainAdaptationMMD,50,26.2,0.0
HOPV15,DomainAdaptationMMD,50,26.3,0.0
HOPV15,DomainAdaptationMMD,50,26.4,0.0
HOPV15,DomainAdaptationMMD,50,26.5,0.0
HOPV15,DomainAdaptationMMD,50,27.5,0.0
HOPV15,DomainAdaptationMMD,50,27.6,0.0
HOPV15,DomainAdaptationMMD,50,27.7,0.0
HOPV15,DomainAdaptationMMD,50,27.8,0.0
HOPV15,DomainAdaptationMMD,50,27.9,0.0
HOPV15,DomainAdaptationMMD,50,28.0,0.0
HOPV15,DomainAdaptationMMD,50,28.1,0.0
HOPV15,DomainAdaptationMMD,50,28.2,0.0
HOPV15,DomainAdaptationMMD,50,28.3,0.0
HOPV15,DomainAdaptationMMD,50,28.4,0.0
HOPV15,DomainAdaptationMMD,50,28.5,0.0
HOPV15,DomainAdaptationMMD,50,29.5,0.0
HOPV15,DomainAdaptationMMD,50,29.6,0.0
HOPV15,DomainAdaptationMMD,50,29.7,0.0
HOPV15,DomainAdaptationMMD,50,29.8,0.0
HOPV15,DomainAdaptationMMD,50,29.9,0.0
HOPV15,DomainAdaptationMMD,51,3.5,3.499999999999999
HOPV15,DomainAdaptationMMD,51,3.6,3.499999999999999
HOPV15,DomainAdaptationMMD,51,3.7,3.499999999999999
HOPV15,DomainAdaptationMMD,51,3.8,3.499999999999999
HOPV15,DomainAdaptationMMD,51,3.9,3.499999999999999
HOPV15,DomainAdaptationMMD,51,4.0,3.499999999999999
HOPV15,DomainAdaptationMMD,51,4.1,3.499999999999999
HOPV15,DomainAdaptationMMD,51,4.2,3.499999999999999
HOPV15,DomainAdaptationMMD,51,4.3,3.499999999999999
HOPV15,DomainAdaptationMMD,51,4.4,3.499999999999999
HOPV15,DomainAdaptationMMD,51,4.5,3.499999999999999
HOPV15,DomainAdaptationMMD,51,5.5,3.499999999999999
HOPV15,DomainAdaptationMMD,51,5.6,3.499999999999999
HOPV15,DomainAdaptationMMD,51,5.7,3.499999999999999
HOPV15,DomainAdaptationMMD,51,5.8,3.499999999999999
HOPV15,DomainAdaptationMMD,51,5.9,3.499999999999999
HOPV15,DomainAdaptationMMD,51,6.0,3.499999999999999
HOPV15,DomainAdaptationMMD,51,6.1,3.499999999999999
HOPV15,DomainAdaptationMMD,51,6.2,3.499999999999999
HOPV15,DomainAdaptationMMD,51,6.3,3.499999999999999
HOPV15,DomainAdaptationMMD,51,6.4,3.499999999999999
HOPV15,DomainAdaptationMMD,51,6.5,3.499999999999999
HOPV15,DomainAdaptationMMD,51,7.5,3.499999999999999
HOPV15,DomainAdaptationMMD,51,7.6,3.499999999999999
HOPV15,DomainAdaptationMMD,51,7.7,3.499999999999999
HOPV15,DomainAdaptationMMD,51,7.8,3.499999999999999
HOPV15,DomainAdaptationMMD,51,7.9,3.499999999999999
HOPV15,DomainAdaptationMMD,51,8.0,3.499999999999999
HOPV15,DomainAdaptationMMD,51,8.1,3.499999999999999
HOPV15,DomainAdaptationMMD,51,8.2,3.499999999999999
HOPV15,DomainAdaptationMMD,51,8.3,3.499999999999999
HOPV15,DomainAdaptationMMD,51,8.4,3.499999999999999
HOPV15,DomainAdaptationMMD,51,8.5,3.499999999999999
HOPV15,DomainAdaptationMMD,51,9.5,0.0
HOPV15,DomainAdaptationMMD,51,9.6,0.0
HOPV15,DomainAdaptationMMD,51,9.7,0.0
HOPV15,DomainAdaptationMMD,51,9.8,0.0
HOPV15,DomainAdaptationMMD,51,9.9,0.0
HOPV15,DomainAdaptationMMD,51,10.0,0.0
HOPV15,DomainAdaptationMMD,51,10.1,0.0
HOPV15,DomainAdaptationMMD,51,10.2,0.0
HOPV15,DomainAdaptationMMD,51,10.3,0.0
HOPV15,DomainAdaptationMMD,51,10.4,0.0
HOPV15,DomainAdaptationMMD,51,10.5,0.0
HOPV15,DomainAdaptationMMD,51,11.5,0.0
HOPV15,DomainAdaptationMMD,51,11.6,0.0
HOPV15,DomainAdaptationMMD,51,11.7,0.0
HOPV15,DomainAdaptationMMD,51,11.8,0.0
HOPV15,DomainAdaptationMMD,51,11.9,0.0
HOPV15,DomainAdaptationMMD,51,12.0,0.0
HOPV15,DomainAdaptationMMD,51,12.1,0.0
HOPV15,DomainAdaptationMMD,51,12.2,0.0
HOPV15,DomainAdaptationMMD,51,12.3,0.0
HOPV15,DomainAdaptationMMD,51,12.4,0.0
HOPV15,DomainAdaptationMMD,51,12.5,0.0
HOPV15,DomainAdaptationMMD,51,13.5,0.0
HOPV15,DomainAdaptationMMD,51,13.6,0.0
HOPV15,DomainAdaptationMMD,51,13.7,0.0
HOPV15,DomainAdaptationMMD,51,13.8,0.0
HOPV15,DomainAdaptationMMD,51,13.9,0.0
HOPV15,DomainAdaptationMMD,51,14.0,0.0
HOPV15,DomainAdaptationMMD,51,14.1,0.0
HOPV15,DomainAdaptationMMD,51,14.2,0.0
HOPV15,DomainAdaptationMMD,51,14.3,0.0
HOPV15,DomainAdaptationMMD,51,14.4,0.0
HOPV15,DomainAdaptationMMD,51,14.5,0.0
HOPV15,DomainAdaptationMMD,51,15.5,0.0
HOPV15,DomainAdaptationMMD,51,15.6,0.0
HOPV15,DomainAdaptationMMD,51,15.7,0.0
HOPV15,DomainAdaptationMMD,51,15.8,0.0
HOPV15,DomainAdaptationMMD,51,15.9,0.0
HOPV15,DomainAdaptationMMD,51,16.0,0.0
HOPV15,DomainAdaptationMMD,51,16.1,0.0
HOPV15,DomainAdaptationMMD,51,16.2,0.0
HOPV15,DomainAdaptationMMD,51,16.3,0.0
HOPV15,DomainAdaptationMMD,51,16.4,0.0
HOPV15,DomainAdaptationMMD,51,16.5,0.0
HOPV15,DomainAdaptationMMD,51,17.5,0.0
HOPV15,DomainAdaptationMMD,51,17.6,0.0
HOPV15,DomainAdaptationMMD,51,17.7,0.0
HOPV15,DomainAdaptationMMD,51,17.8,0.0
HOPV15,DomainAdaptationMMD,51,17.9,0.0
HOPV15,DomainAdaptationMMD,51,18.0,0.0
HOPV15,DomainAdaptationMMD,51,18.1,0.0
HOPV15,DomainAdaptationMMD,51,18.2,0.0
HOPV15,DomainAdaptationMMD,51,18.3,0.0
HOPV15,DomainAdaptationMMD,51,18.4,0.0
HOPV15,DomainAdaptationMMD,51,18.5,0.0
HOPV15,DomainAdaptationMMD,51,19.5,0.0
HOPV15,DomainAdaptationMMD,51,19.6,0.0
HOPV15,DomainAdaptationMMD,51,19.7,0.0
HOPV15,DomainAdaptationMMD,51,19.8,0.0
HOPV15,DomainAdaptationMMD,51,19.9,0.0
HOPV15,DomainAdaptationMMD,51,20.0,0.0
HOPV15,DomainAdaptationMMD,51,20.1,0.0
HOPV15,DomainAdaptationMMD,51,20.2,0.0
HOPV15,DomainAdaptationMMD,51,20.3,0.0
HOPV15,DomainAdaptationMMD,51,20.4,0.0
HOPV15,DomainAdaptationMMD,51,20.5,0.0
HOPV15,DomainAdaptationMMD,51,21.5,0.0
HOPV15,DomainAdaptationMMD,51,21.6,0.0
HOPV15,DomainAdaptationMMD,51,21.7,0.0
HOPV15,DomainAdaptationMMD,51,21.8,0.0
HOPV15,DomainAdaptationMMD,51,21.9,0.0
HOPV15,DomainAdaptationMMD,51,22.0,0.0
HOPV15,DomainAdaptationMMD,51,22.1,0.0
HOPV15,DomainAdaptationMMD,51,22.2,0.0
HOPV15,DomainAdaptationMMD,51,22.3,0.0
HOPV15,DomainAdaptationMMD,51,22.4,0.0
HOPV15,DomainAdaptationMMD,51,22.5,0.0
HOPV15,DomainAdaptationMMD,51,23.5,0.0
HOPV15,DomainAdaptationMMD,51,23.6,0.0
HOPV15,DomainAdaptationMMD,51,23.7,0.0
HOPV15,DomainAdaptationMMD,51,23.8,0.0
HOPV15,DomainAdaptationMMD,51,23.9,0.0
HOPV15,DomainAdaptationMMD,51,24.0,0.0
HOPV15,DomainAdaptationMMD,51,24.1,0.0
HOPV15,DomainAdaptationMMD,51,24.2,0.0
HOPV15,DomainAdaptationMMD,51,24.3,0.0
HOPV15,DomainAdaptationMMD,51,24.4,0.0
HOPV15,DomainAdaptationMMD,51,24.5,0.0
HOPV15,DomainAdaptationMMD,51,25.5,0.0
HOPV15,DomainAdaptationMMD,51,25.6,0.0
HOPV15,DomainAdaptationMMD,51,25.7,0.0
HOPV15,DomainAdaptationMMD,51,25.8,0.0
HOPV15,DomainAdaptationMMD,51,25.9,0.0
HOPV15,DomainAdaptationMMD,51,26.0,0.0
HOPV15,DomainAdaptationMMD,51,26.1,0.0
HOPV15,DomainAdaptationMMD,51,26.2,0.0
HOPV15,DomainAdaptationMMD,51,26.3,0.0
HOPV15,DomainAdaptationMMD,51,26.4,0.0
HOPV15,DomainAdaptationMMD,51,26.5,0.0
HOPV15,DomainAdaptationMMD,51,27.5,0.0
HOPV15,DomainAdaptationMMD,51,27.6,0.0
HOPV15,DomainAdaptationMMD,51,27.7,0.0
HOPV15,DomainAdaptationMMD,51,27.8,0.0
HOPV15,DomainAdaptationMMD,51,27.9,0.0
HOPV15,DomainAdaptationMMD,51,28.0,0.0
HOPV15,DomainAdaptationMMD,51,28.1,0.0
HOPV15,DomainAdaptationMMD,51,28.2,0.0
HOPV15,DomainAdaptationMMD,51,28.3,0.0
HOPV15,DomainAdaptationMMD,51,28.4,0.0
HOPV15,DomainAdaptationMMD,51,28.5,0.0
HOPV15,DomainAdaptationMMD,51,29.5,0.0
HOPV15,DomainAdaptationMMD,51,29.6,0.0
HOPV15,DomainAdaptationMMD,51,29.7,0.0
HOPV15,DomainAdaptationMMD,51,29.8,0.0
HOPV15,DomainAdaptationMMD,51,29.9,0.0
HOPV15,DomainAdaptationMMD,52,3.5,3.499999999999999
HOPV15,DomainAdaptationMMD,52,3.6,3.499999999999999
HOPV15,DomainAdaptationMMD,52,3.7,3.499999999999999
HOPV15,DomainAdaptationMMD,52,3.8,3.499999999999999
HOPV15,DomainAdaptationMMD,52,3.9,3.499999999999999
HOPV15,DomainAdaptationMMD,52,4.0,3.499999999999999
HOPV15,DomainAdaptationMMD,52,4.1,3.499999999999999
HOPV15,DomainAdaptationMMD,52,4.2,3.499999999999999
HOPV15,DomainAdaptationMMD,52,4.3,3.499999999999999
HOPV15,DomainAdaptationMMD,52,4.4,3.499999999999999
HOPV15,DomainAdaptationMMD,52,4.5,3.499999999999999
HOPV15,DomainAdaptationMMD,52,5.5,3.499999999999999
HOPV15,DomainAdaptationMMD,52,5.6,3.499999999999999
HOPV15,DomainAdaptationMMD,52,5.7,3.499999999999999
HOPV15,DomainAdaptationMMD,52,5.8,3.499999999999999
HOPV15,DomainAdaptationMMD,52,5.9,3.499999999999999
HOPV15,DomainAdaptationMMD,52,6.0,3.499999999999999
HOPV15,DomainAdaptationMMD,52,6.1,3.499999999999999
HOPV15,DomainAdaptationMMD,52,6.2,3.499999999999999
HOPV15,DomainAdaptationMMD,52,6.3,3.499999999999999
HOPV15,DomainAdaptationMMD,52,6.4,3.499999999999999
HOPV15,DomainAdaptationMMD,52,6.5,3.499999999999999
HOPV15,DomainAdaptationMMD,52,7.5,3.499999999999999
HOPV15,DomainAdaptationMMD,52,7.6,3.499999999999999
HOPV15,DomainAdaptationMMD,52,7.7,3.499999999999999
HOPV15,DomainAdaptationMMD,52,7.8,3.499999999999999
HOPV15,DomainAdaptationMMD,52,7.9,3.499999999999999
HOPV15,DomainAdaptationMMD,52,8.0,3.499999999999999
HOPV15,DomainAdaptationMMD,52,8.1,3.499999999999999
HOPV15,DomainAdaptationMMD,52,8.2,3.499999999999999
HOPV15,DomainAdaptationMMD,52,8.3,3.499999999999999
HOPV15,DomainAdaptationMMD,52,8.4,3.499999999999999
HOPV15,DomainAdaptationMMD,52,8.5,3.499999999999999
HOPV15,DomainAdaptationMMD,52,9.5,3.499999999999999
HOPV15,DomainAdaptationMMD,52,9.6,3.499999999999999
HOPV15,DomainAdaptationMMD,52,9.7,3.499999999999999
HOPV15,DomainAdaptationMMD,52,9.8,3.499999999999999
HOPV15,DomainAdaptationMMD,52,9.9,3.499999999999999
HOPV15,DomainAdaptationMMD,52,10.0,3.499999999999999
HOPV15,DomainAdaptationMMD,52,10.1,3.499999999999999
HOPV15,DomainAdaptationMMD,52,10.2,3.499999999999999
HOPV15,DomainAdaptationMMD,52,10.3,3.499999999999999
HOPV15,DomainAdaptationMMD,52,10.4,3.499999999999999
HOPV15,DomainAdaptationMMD,52,10.5,3.499999999999999
HOPV15,DomainAdaptationMMD,52,11.5,3.499999999999999
HOPV15,DomainAdaptationMMD,52,11.6,3.499999999999999
HOPV15,DomainAdaptationMMD,52,11.7,3.499999999999999
HOPV15,DomainAdaptationMMD,52,11.8,3.499999999999999
HOPV15,DomainAdaptationMMD,52,11.9,3.499999999999999
HOPV15,DomainAdaptationMMD,52,12.0,3.499999999999999
HOPV15,DomainAdaptationMMD,52,12.1,3.499999999999999
HOPV15,DomainAdaptationMMD,52,12.2,3.499999999999999
HOPV15,DomainAdaptationMMD,52,12.3,3.499999999999999
HOPV15,DomainAdaptationMMD,52,12.4,3.499999999999999
HOPV15,DomainAdaptationMMD,52,12.5,3.499999999999999
HOPV15,DomainAdaptationMMD,52,13.5,3.499999999999999
HOPV15,DomainAdaptationMMD,52,13.6,3.499999999999999
HOPV15,DomainAdaptationMMD,52,13.7,3.499999999999999
HOPV15,DomainAdaptationMMD,52,13.8,3.499999999999999
HOPV15,DomainAdaptationMMD,52,13.9,3.499999999999999
HOPV15,DomainAdaptationMMD,52,14.0,3.499999999999999
HOPV15,DomainAdaptationMMD,52,14.1,3.499999999999999
HOPV15,DomainAdaptationMMD,52,14.2,3.499999999999999
HOPV15,DomainAdaptationMMD,52,14.3,3.499999999999999
HOPV15,DomainAdaptationMMD,52,14.4,3.499999999999999
HOPV15,DomainAdaptationMMD,52,14.5,3.499999999999999
HOPV15,DomainAdaptationMMD,52,15.5,3.499999999999999
HOPV15,DomainAdaptationMMD,52,15.6,3.499999999999999
HOPV15,DomainAdaptationMMD,52,15.7,3.499999999999999
HOPV15,DomainAdaptationMMD,52,15.8,3.499999999999999
HOPV15,DomainAdaptationMMD,52,15.9,3.499999999999999
HOPV15,DomainAdaptationMMD,52,16.0,3.499999999999999
HOPV15,DomainAdaptationMMD,52,16.1,3.499999999999999
HOPV15,DomainAdaptationMMD,52,16.2,3.499999999999999
HOPV15,DomainAdaptationMMD,52,16.3,3.499999999999999
HOPV15,DomainAdaptationMMD,52,16.4,3.499999999999999
HOPV15,DomainAdaptationMMD,52,16.5,3.499999999999999
HOPV15,DomainAdaptationMMD,52,17.5,0.0
HOPV15,DomainAdaptationMMD,52,17.6,0.0
HOPV15,DomainAdaptationMMD,52,17.7,0.0
HOPV15,DomainAdaptationMMD,52,17.8,0.0
HOPV15,DomainAdaptationMMD,52,17.9,0.0
HOPV15,DomainAdaptationMMD,52,18.0,0.0
HOPV15,DomainAdaptationMMD,52,18.1,0.0
HOPV15,DomainAdaptationMMD,52,18.2,0.0
HOPV15,DomainAdaptationMMD,52,18.3,0.0
HOPV15,DomainAdaptationMMD,52,18.4,0.0
HOPV15,DomainAdaptationMMD,52,18.5,0.0
HOPV15,DomainAdaptationMMD,52,19.5,0.0
HOPV15,DomainAdaptationMMD,52,19.6,0.0
HOPV15,DomainAdaptationMMD,52,19.7,0.0
HOPV15,DomainAdaptationMMD,52,19.8,0.0
HOPV15,DomainAdaptationMMD,52,19.9,0.0
HOPV15,DomainAdaptationMMD,52,20.0,0.0
HOPV15,DomainAdaptationMMD,52,20.1,0.0
HOPV15,DomainAdaptationMMD,52,20.2,0.0
HOPV15,DomainAdaptationMMD,52,20.3,0.0
HOPV15,DomainAdaptationMMD,52,20.4,0.0
HOPV15,DomainAdaptationMMD,52,20.5,0.0
HOPV15,DomainAdaptationMMD,52,21.5,0.0
HOPV15,DomainAdaptationMMD,52,21.6,0.0
HOPV15,DomainAdaptationMMD,52,21.7,0.0
HOPV15,DomainAdaptationMMD,52,21.8,0.0
HOPV15,DomainAdaptationMMD,52,21.9,0.0
HOPV15,DomainAdaptationMMD,52,22.0,0.0
HOPV15,DomainAdaptationMMD,52,22.1,0.0
HOPV15,DomainAdaptationMMD,52,22.2,0.0
HOPV15,DomainAdaptationMMD,52,22.3,0.0
HOPV15,DomainAdaptationMMD,52,22.4,0.0
HOPV15,DomainAdaptationMMD,52,22.5,0.0
HOPV15,DomainAdaptationMMD,52,23.5,0.0
HOPV15,DomainAdaptationMMD,52,23.6,0.0
HOPV15,DomainAdaptationMMD,52,23.7,0.0
HOPV15,DomainAdaptationMMD,52,23.8,0.0
HOPV15,DomainAdaptationMMD,52,23.9,0.0
HOPV15,DomainAdaptationMMD,52,24.0,0.0
HOPV15,DomainAdaptationMMD,52,24.1,0.0
HOPV15,DomainAdaptationMMD,52,24.2,0.0
HOPV15,DomainAdaptationMMD,52,24.3,0.0
HOPV15,DomainAdaptationMMD,52,24.4,0.0
HOPV15,DomainAdaptationMMD,52,24.5,0.0
HOPV15,DomainAdaptationMMD,52,25.5,0.0
HOPV15,DomainAdaptationMMD,52,25.6,0.0
HOPV15,DomainAdaptationMMD,52,25.7,0.0
HOPV15,DomainAdaptationMMD,52,25.8,0.0
HOPV15,DomainAdaptationMMD,52,25.9,0.0
HOPV15,DomainAdaptationMMD,52,26.0,0.0
HOPV15,DomainAdaptationMMD,52,26.1,0.0
HOPV15,DomainAdaptationMMD,52,26.2,0.0
HOPV15,DomainAdaptationMMD,52,26.3,0.0
HOPV15,DomainAdaptationMMD,52,26.4,0.0
HOPV15,DomainAdaptationMMD,52,26.5,0.0
HOPV15,DomainAdaptationMMD,52,27.5,0.0
HOPV15,DomainAdaptationMMD,52,27.6,0.0
HOPV15,DomainAdaptationMMD,52,27.7,0.0
HOPV15,DomainAdaptationMMD,52,27.8,0.0
HOPV15,DomainAdaptationMMD,52,27.9,0.0
HOPV15,DomainAdaptationMMD,52,28.0,0.0
HOPV15,DomainAdaptationMMD,52,28.1,0.0
HOPV15,DomainAdaptationMMD,52,28.2,0.0
HOPV15,DomainAdaptationMMD,52,28.3,0.0
HOPV15,DomainAdaptationMMD,52,28.4,0.0
HOPV15,DomainAdaptationMMD,52,28.5,0.0
HOPV15,DomainAdaptationMMD,52,29.5,0.0
HOPV15,DomainAdaptationMMD,52,29.6,0.0
HOPV15,DomainAdaptationMMD,52,29.7,0.0
HOPV15,DomainAdaptationMMD,52,29.8,0.0
HOPV15,DomainAdaptationMMD,52,29.9,0.0
HOPV15,DomainAdaptationMMD,53,3.5,6.329999999999999
HOPV15,DomainAdaptationMMD,53,3.6,6.329999999999999
HOPV15,DomainAdaptationMMD,53,3.7,6.329999999999999
HOPV15,DomainAdaptationMMD,53,3.8,6.329999999999999
HOPV15,DomainAdaptationMMD,53,3.9,6.329999999999999
HOPV15,DomainAdaptationMMD,53,4.0,6.329999999999999
HOPV15,DomainAdaptationMMD,53,4.1,6.329999999999999
HOPV15,DomainAdaptationMMD,53,4.2,6.329999999999999
HOPV15,DomainAdaptationMMD,53,4.3,6.329999999999999
HOPV15,DomainAdaptationMMD,53,4.4,6.329999999999999
HOPV15,DomainAdaptationMMD,53,4.5,6.329999999999999
HOPV15,DomainAdaptationMMD,53,5.5,6.1
HOPV15,DomainAdaptationMMD,53,5.6,6.1
HOPV15,DomainAdaptationMMD,53,5.7,6.1
HOPV15,DomainAdaptationMMD,53,5.8,6.1
HOPV15,DomainAdaptationMMD,53,5.9,6.1
HOPV15,DomainAdaptationMMD,53,6.0,6.1
HOPV15,DomainAdaptationMMD,53,6.1,6.1
HOPV15,DomainAdaptationMMD,53,6.2,6.1
HOPV15,DomainAdaptationMMD,53,6.3,6.1
HOPV15,DomainAdaptationMMD,53,6.4,6.1
HOPV15,DomainAdaptationMMD,53,6.5,6.1
HOPV15,DomainAdaptationMMD,53,7.5,5.199999999999999
HOPV15,DomainAdaptationMMD,53,7.6,5.199999999999999
HOPV15,DomainAdaptationMMD,53,7.7,5.199999999999999
HOPV15,DomainAdaptationMMD,53,7.8,5.199999999999999
HOPV15,DomainAdaptationMMD,53,7.9,5.199999999999999
HOPV15,DomainAdaptationMMD,53,8.0,5.199999999999999
HOPV15,DomainAdaptationMMD,53,8.1,5.199999999999999
HOPV15,DomainAdaptationMMD,53,8.2,5.199999999999999
HOPV15,DomainAdaptationMMD,53,8.3,5.199999999999999
HOPV15,DomainAdaptationMMD,53,8.4,5.199999999999999
HOPV15,DomainAdaptationMMD,53,8.5,5.199999999999999
HOPV15,DomainAdaptationMMD,53,9.5,5.199999999999999
HOPV15,DomainAdaptationMMD,53,9.6,5.199999999999999
HOPV15,DomainAdaptationMMD,53,9.7,5.199999999999999
HOPV15,DomainAdaptationMMD,53,9.8,5.199999999999999
HOPV15,DomainAdaptationMMD,53,9.9,5.199999999999999
HOPV15,DomainAdaptationMMD,53,10.0,5.199999999999999
HOPV15,DomainAdaptationMMD,53,10.1,5.199999999999999
HOPV15,DomainAdaptationMMD,53,10.2,5.199999999999999
HOPV15,DomainAdaptationMMD,53,10.3,5.199999999999999
HOPV15,DomainAdaptationMMD,53,10.4,5.199999999999999
HOPV15,DomainAdaptationMMD,53,10.5,5.199999999999999
HOPV15,DomainAdaptationMMD,53,11.5,4.299999999999999
HOPV15,DomainAdaptationMMD,53,11.6,4.299999999999999
HOPV15,DomainAdaptationMMD,53,11.7,4.299999999999999
HOPV15,DomainAdaptationMMD,53,11.8,4.299999999999999
HOPV15,DomainAdaptationMMD,53,11.9,4.299999999999999
HOPV15,DomainAdaptationMMD,53,12.0,4.299999999999999
HOPV15,DomainAdaptationMMD,53,12.1,4.299999999999999
HOPV15,DomainAdaptationMMD,53,12.2,4.299999999999999
HOPV15,DomainAdaptationMMD,53,12.3,4.299999999999999
HOPV15,DomainAdaptationMMD,53,12.4,4.299999999999999
HOPV15,DomainAdaptationMMD,53,12.5,4.299999999999999
HOPV15,DomainAdaptationMMD,53,13.5,0.0
HOPV15,DomainAdaptationMMD,53,13.6,0.0
HOPV15,DomainAdaptationMMD,53,13.7,0.0
HOPV15,DomainAdaptationMMD,53,13.8,0.0
HOPV15,DomainAdaptationMMD,53,13.9,0.0
HOPV15,DomainAdaptationMMD,53,14.0,0.0
HOPV15,DomainAdaptationMMD,53,14.1,0.0
HOPV15,DomainAdaptationMMD,53,14.2,0.0
HOPV15,DomainAdaptationMMD,53,14.3,0.0
HOPV15,DomainAdaptationMMD,53,14.4,0.0
HOPV15,DomainAdaptationMMD,53,14.5,0.0
HOPV15,DomainAdaptationMMD,53,15.5,0.0
HOPV15,DomainAdaptationMMD,53,15.6,0.0
HOPV15,DomainAdaptationMMD,53,15.7,0.0
HOPV15,DomainAdaptationMMD,53,15.8,0.0
HOPV15,DomainAdaptationMMD,53,15.9,0.0
HOPV15,DomainAdaptationMMD,53,16.0,0.0
HOPV15,DomainAdaptationMMD,53,16.1,0.0
HOPV15,DomainAdaptationMMD,53,16.2,0.0
HOPV15,DomainAdaptationMMD,53,16.3,0.0
HOPV15,DomainAdaptationMMD,53,16.4,0.0
HOPV15,DomainAdaptationMMD,53,16.5,0.0
HOPV15,DomainAdaptationMMD,53,17.5,0.0
HOPV15,DomainAdaptationMMD,53,17.6,0.0
HOPV15,DomainAdaptationMMD,53,17.7,0.0
HOPV15,DomainAdaptationMMD,53,17.8,0.0
HOPV15,DomainAdaptationMMD,53,17.9,0.0
HOPV15,DomainAdaptationMMD,53,18.0,0.0
HOPV15,DomainAdaptationMMD,53,18.1,0.0
HOPV15,DomainAdaptationMMD,53,18.2,0.0
HOPV15,DomainAdaptationMMD,53,18.3,0.0
HOPV15,DomainAdaptationMMD,53,18.4,0.0
HOPV15,DomainAdaptationMMD,53,18.5,0.0
HOPV15,DomainAdaptationMMD,53,19.5,0.0
HOPV15,DomainAdaptationMMD,53,19.6,0.0
HOPV15,DomainAdaptationMMD,53,19.7,0.0
HOPV15,DomainAdaptationMMD,53,19.8,0.0
HOPV15,DomainAdaptationMMD,53,19.9,0.0
HOPV15,DomainAdaptationMMD,53,20.0,0.0
HOPV15,DomainAdaptationMMD,53,20.1,0.0
HOPV15,DomainAdaptationMMD,53,20.2,0.0
HOPV15,DomainAdaptationMMD,53,20.3,0.0
HOPV15,DomainAdaptationMMD,53,20.4,0.0
HOPV15,DomainAdaptationMMD,53,20.5,0.0
HOPV15,DomainAdaptationMMD,53,21.5,0.0
HOPV15,DomainAdaptationMMD,53,21.6,0.0
HOPV15,DomainAdaptationMMD,53,21.7,0.0
HOPV15,DomainAdaptationMMD,53,21.8,0.0
HOPV15,DomainAdaptationMMD,53,21.9,0.0
HOPV15,DomainAdaptationMMD,53,22.0,0.0
HOPV15,DomainAdaptationMMD,53,22.1,0.0
HOPV15,DomainAdaptationMMD,53,22.2,0.0
HOPV15,DomainAdaptationMMD,53,22.3,0.0
HOPV15,DomainAdaptationMMD,53,22.4,0.0
HOPV15,DomainAdaptationMMD,53,22.5,0.0
HOPV15,DomainAdaptationMMD,53,23.5,0.0
HOPV15,DomainAdaptationMMD,53,23.6,0.0
HOPV15,DomainAdaptationMMD,53,23.7,0.0
HOPV15,DomainAdaptationMMD,53,23.8,0.0
HOPV15,DomainAdaptationMMD,53,23.9,0.0
HOPV15,DomainAdaptationMMD,53,24.0,0.0
HOPV15,DomainAdaptationMMD,53,24.1,0.0
HOPV15,DomainAdaptationMMD,53,24.2,0.0
HOPV15,DomainAdaptationMMD,53,24.3,0.0
HOPV15,DomainAdaptationMMD,53,24.4,0.0
HOPV15,DomainAdaptationMMD,53,24.5,0.0
HOPV15,DomainAdaptationMMD,53,25.5,0.0
HOPV15,DomainAdaptationMMD,53,25.6,0.0
HOPV15,DomainAdaptationMMD,53,25.7,0.0
HOPV15,DomainAdaptationMMD,53,25.8,0.0
HOPV15,DomainAdaptationMMD,53,25.9,0.0
HOPV15,DomainAdaptationMMD,53,26.0,0.0
HOPV15,DomainAdaptationMMD,53,26.1,0.0
HOPV15,DomainAdaptationMMD,53,26.2,0.0
HOPV15,DomainAdaptationMMD,53,26.3,0.0
HOPV15,DomainAdaptationMMD,53,26.4,0.0
HOPV15,DomainAdaptationMMD,53,26.5,0.0
HOPV15,DomainAdaptationMMD,53,27.5,0.0
HOPV15,DomainAdaptationMMD,53,27.6,0.0
HOPV15,DomainAdaptationMMD,53,27.7,0.0
HOPV15,DomainAdaptationMMD,53,27.8,0.0
HOPV15,DomainAdaptationMMD,53,27.9,0.0
HOPV15,DomainAdaptationMMD,53,28.0,0.0
HOPV15,DomainAdaptationMMD,53,28.1,0.0
HOPV15,DomainAdaptationMMD,53,28.2,0.0
HOPV15,DomainAdaptationMMD,53,28.3,0.0
HOPV15,DomainAdaptationMMD,53,28.4,0.0
HOPV15,DomainAdaptationMMD,53,28.5,0.0
HOPV15,DomainAdaptationMMD,53,29.5,0.0
HOPV15,DomainAdaptationMMD,53,29.6,0.0
HOPV15,DomainAdaptationMMD,53,29.7,0.0
HOPV15,DomainAdaptationMMD,53,29.8,0.0
HOPV15,DomainAdaptationMMD,53,29.9,0.0
HOPV15,DomainAdaptationMMD,54,3.5,6.85
HOPV15,DomainAdaptationMMD,54,3.6,6.85
HOPV15,DomainAdaptationMMD,54,3.7,6.85
HOPV15,DomainAdaptationMMD,54,3.8,6.85
HOPV15,DomainAdaptationMMD,54,3.9,6.85
HOPV15,DomainAdaptationMMD,54,4.0,6.85
HOPV15,DomainAdaptationMMD,54,4.1,6.85
HOPV15,DomainAdaptationMMD,54,4.2,6.85
HOPV15,DomainAdaptationMMD,54,4.3,6.85
HOPV15,DomainAdaptationMMD,54,4.4,6.85
HOPV15,DomainAdaptationMMD,54,4.5,6.85
HOPV15,DomainAdaptationMMD,54,5.5,6.67
HOPV15,DomainAdaptationMMD,54,5.6,6.67
HOPV15,DomainAdaptationMMD,54,5.7,6.67
HOPV15,DomainAdaptationMMD,54,5.8,6.67
HOPV15,DomainAdaptationMMD,54,5.9,6.67
HOPV15,DomainAdaptationMMD,54,6.0,6.67
HOPV15,DomainAdaptationMMD,54,6.1,6.67
HOPV15,DomainAdaptationMMD,54,6.2,6.67
HOPV15,DomainAdaptationMMD,54,6.3,6.67
HOPV15,DomainAdaptationMMD,54,6.4,6.67
HOPV15,DomainAdaptationMMD,54,6.5,6.67
HOPV15,DomainAdaptationMMD,54,7.5,4.9
HOPV15,DomainAdaptationMMD,54,7.6,4.9
HOPV15,DomainAdaptationMMD,54,7.7,4.9
HOPV15,DomainAdaptationMMD,54,7.8,4.9
HOPV15,DomainAdaptationMMD,54,7.9,4.9
HOPV15,DomainAdaptationMMD,54,8.0,4.9
HOPV15,DomainAdaptationMMD,54,8.1,4.9
HOPV15,DomainAdaptationMMD,54,8.2,4.9
HOPV15,DomainAdaptationMMD,54,8.3,4.9
HOPV15,DomainAdaptationMMD,54,8.4,4.9
HOPV15,DomainAdaptationMMD,54,8.5,4.9
HOPV15,DomainAdaptationMMD,54,9.5,4.9
HOPV15,DomainAdaptationMMD,54,9.6,4.9
HOPV15,DomainAdaptationMMD,54,9.7,4.9
HOPV15,DomainAdaptationMMD,54,9.8,4.9
HOPV15,DomainAdaptationMMD,54,9.9,4.9
HOPV15,DomainAdaptationMMD,54,10.0,4.9
HOPV15,DomainAdaptationMMD,54,10.1,4.9
HOPV15,DomainAdaptationMMD,54,10.2,4.9
HOPV15,DomainAdaptationMMD,54,10.3,4.9
HOPV15,DomainAdaptationMMD,54,10.4,4.9
HOPV15,DomainAdaptationMMD,54,10.5,4.9
HOPV15,DomainAdaptationMMD,54,11.5,4.9
HOPV15,DomainAdaptationMMD,54,11.6,4.9
HOPV15,DomainAdaptationMMD,54,11.7,4.9
HOPV15,DomainAdaptationMMD,54,11.8,4.9
HOPV15,DomainAdaptationMMD,54,11.9,4.9
HOPV15,DomainAdaptationMMD,54,12.0,4.9
HOPV15,DomainAdaptationMMD,54,12.1,4.9
HOPV15,DomainAdaptationMMD,54,12.2,4.9
HOPV15,DomainAdaptationMMD,54,12.3,4.9
HOPV15,DomainAdaptationMMD,54,12.4,4.9
HOPV15,DomainAdaptationMMD,54,12.5,4.9
HOPV15,DomainAdaptationMMD,54,13.5,4.9
HOPV15,DomainAdaptationMMD,54,13.6,4.9
HOPV15,DomainAdaptationMMD,54,13.7,4.9
HOPV15,DomainAdaptationMMD,54,13.8,4.9
HOPV15,DomainAdaptationMMD,54,13.9,4.9
HOPV15,DomainAdaptationMMD,54,14.0,4.9
HOPV15,DomainAdaptationMMD,54,14.1,4.9
HOPV15,DomainAdaptationMMD,54,14.2,4.9
HOPV15,DomainAdaptationMMD,54,14.3,4.9
HOPV15,DomainAdaptationMMD,54,14.4,4.9
HOPV15,DomainAdaptationMMD,54,14.5,4.9
HOPV15,DomainAdaptationMMD,54,15.5,4.9
HOPV15,DomainAdaptationMMD,54,15.6,4.9
HOPV15,DomainAdaptationMMD,54,15.7,4.9
HOPV15,DomainAdaptationMMD,54,15.8,4.9
HOPV15,DomainAdaptationMMD,54,15.9,4.9
HOPV15,DomainAdaptationMMD,54,16.0,4.9
HOPV15,DomainAdaptationMMD,54,16.1,4.9
HOPV15,DomainAdaptationMMD,54,16.2,4.9
HOPV15,DomainAdaptationMMD,54,16.3,4.9
HOPV15,DomainAdaptationMMD,54,16.4,4.9
HOPV15,DomainAdaptationMMD,54,16.5,4.9
HOPV15,DomainAdaptationMMD,54,17.5,4.499999999999999
HOPV15,DomainAdaptationMMD,54,17.6,4.499999999999999
HOPV15,DomainAdaptationMMD,54,17.7,4.499999999999999
HOPV15,DomainAdaptationMMD,54,17.8,4.499999999999999
HOPV15,DomainAdaptationMMD,54,17.9,4.499999999999999
HOPV15,DomainAdaptationMMD,54,18.0,4.499999999999999
HOPV15,DomainAdaptationMMD,54,18.1,4.499999999999999
HOPV15,DomainAdaptationMMD,54,18.2,4.499999999999999
HOPV15,DomainAdaptationMMD,54,18.3,4.499999999999999
HOPV15,DomainAdaptationMMD,54,18.4,4.499999999999999
HOPV15,DomainAdaptationMMD,54,18.5,4.499999999999999
HOPV15,DomainAdaptationMMD,54,19.5,4.499999999999999
HOPV15,DomainAdaptationMMD,54,19.6,4.499999999999999
HOPV15,DomainAdaptationMMD,54,19.7,4.499999999999999
HOPV15,DomainAdaptationMMD,54,19.8,4.499999999999999
HOPV15,DomainAdaptationMMD,54,19.9,4.499999999999999
HOPV15,DomainAdaptationMMD,54,20.0,4.499999999999999
HOPV15,DomainAdaptationMMD,54,20.1,4.499999999999999
HOPV15,DomainAdaptationMMD,54,20.2,4.499999999999999
HOPV15,DomainAdaptationMMD,54,20.3,4.499999999999999
HOPV15,DomainAdaptationMMD,54,20.4,4.499999999999999
HOPV15,DomainAdaptationMMD,54,20.5,4.499999999999999
HOPV15,DomainAdaptationMMD,54,21.5,4.499999999999999
HOPV15,DomainAdaptationMMD,54,21.6,4.499999999999999
HOPV15,DomainAdaptationMMD,54,21.7,4.499999999999999
HOPV15,DomainAdaptationMMD,54,21.8,4.499999999999999
HOPV15,DomainAdaptationMMD,54,21.9,4.499999999999999
HOPV15,DomainAdaptationMMD,54,22.0,4.499999999999999
HOPV15,DomainAdaptationMMD,54,22.1,4.499999999999999
HOPV15,DomainAdaptationMMD,54,22.2,4.499999999999999
HOPV15,DomainAdaptationMMD,54,22.3,4.499999999999999
HOPV15,DomainAdaptationMMD,54,22.4,4.499999999999999
HOPV15,DomainAdaptationMMD,54,22.5,4.499999999999999
HOPV15,DomainAdaptationMMD,54,23.5,3.499999999999999
HOPV15,DomainAdaptationMMD,54,23.6,3.499999999999999
HOPV15,DomainAdaptationMMD,54,23.7,3.499999999999999
HOPV15,DomainAdaptationMMD,54,23.8,3.499999999999999
HOPV15,DomainAdaptationMMD,54,23.9,3.499999999999999
HOPV15,DomainAdaptationMMD,54,24.0,3.499999999999999
HOPV15,DomainAdaptationMMD,54,24.1,3.499999999999999
HOPV15,DomainAdaptationMMD,54,24.2,3.499999999999999
HOPV15,DomainAdaptationMMD,54,24.3,3.499999999999999
HOPV15,DomainAdaptationMMD,54,24.4,3.499999999999999
HOPV15,DomainAdaptationMMD,54,24.5,3.499999999999999
HOPV15,DomainAdaptationMMD,54,25.5,3.499999999999999
HOPV15,DomainAdaptationMMD,54,25.6,3.499999999999999
HOPV15,DomainAdaptationMMD,54,25.7,3.499999999999999
HOPV15,DomainAdaptationMMD,54,25.8,3.499999999999999
HOPV15,DomainAdaptationMMD,54,25.9,3.499999999999999
HOPV15,DomainAdaptationMMD,54,26.0,3.499999999999999
HOPV15,DomainAdaptationMMD,54,26.1,3.499999999999999
HOPV15,DomainAdaptationMMD,54,26.2,3.499999999999999
HOPV15,DomainAdaptationMMD,54,26.3,3.499999999999999
HOPV15,DomainAdaptationMMD,54,26.4,3.499999999999999
HOPV15,DomainAdaptationMMD,54,26.5,3.499999999999999
HOPV15,DomainAdaptationMMD,54,27.5,3.499999999999999
HOPV15,DomainAdaptationMMD,54,27.6,3.499999999999999
HOPV15,DomainAdaptationMMD,54,27.7,3.499999999999999
HOPV15,DomainAdaptationMMD,54,27.8,3.499999999999999
HOPV15,DomainAdaptationMMD,54,27.9,3.499999999999999
HOPV15,DomainAdaptationMMD,54,28.0,3.499999999999999
HOPV15,DomainAdaptationMMD,54,28.1,3.499999999999999
HOPV15,DomainAdaptationMMD,54,28.2,3.499999999999999
HOPV15,DomainAdaptationMMD,54,28.3,3.499999999999999
HOPV15,DomainAdaptationMMD,54,28.4,3.499999999999999
HOPV15,DomainAdaptationMMD,54,28.5,3.499999999999999
HOPV15,DomainAdaptationMMD,54,29.5,3.499999999999999
HOPV15,DomainAdaptationMMD,54,29.6,3.499999999999999
HOPV15,DomainAdaptationMMD,54,29.7,3.499999999999999
HOPV15,DomainAdaptationMMD,54,29.8,3.499999999999999
HOPV15,DomainAdaptationMMD,54,29.9,3.499999999999999
HOPV15,DomainAdaptationMMD,55,3.5,6.85
HOPV15,DomainAdaptationMMD,55,3.6,6.85
HOPV15,DomainAdaptationMMD,55,3.7,6.85
HOPV15,DomainAdaptationMMD,55,3.8,6.85
HOPV15,DomainAdaptationMMD,55,3.9,6.85
HOPV15,DomainAdaptationMMD,55,4.0,6.85
HOPV15,DomainAdaptationMMD,55,4.1,6.85
HOPV15,DomainAdaptationMMD,55,4.2,6.85
HOPV15,DomainAdaptationMMD,55,4.3,6.85
HOPV15,DomainAdaptationMMD,55,4.4,6.85
HOPV15,DomainAdaptationMMD,55,4.5,6.85
HOPV15,DomainAdaptationMMD,55,5.5,6.85
HOPV15,DomainAdaptationMMD,55,5.6,6.85
HOPV15,DomainAdaptationMMD,55,5.7,6.85
HOPV15,DomainAdaptationMMD,55,5.8,6.85
HOPV15,DomainAdaptationMMD,55,5.9,6.85
HOPV15,DomainAdaptationMMD,55,6.0,6.85
HOPV15,DomainAdaptationMMD,55,6.1,6.85
HOPV15,DomainAdaptationMMD,55,6.2,6.85
HOPV15,DomainAdaptationMMD,55,6.3,6.85
HOPV15,DomainAdaptationMMD,55,6.4,6.85
HOPV15,DomainAdaptationMMD,55,6.5,6.85
HOPV15,DomainAdaptationMMD,55,7.5,6.67
HOPV15,DomainAdaptationMMD,55,7.6,6.67
HOPV15,DomainAdaptationMMD,55,7.7,6.67
HOPV15,DomainAdaptationMMD,55,7.8,6.67
HOPV15,DomainAdaptationMMD,55,7.9,6.67
HOPV15,DomainAdaptationMMD,55,8.0,6.67
HOPV15,DomainAdaptationMMD,55,8.1,6.67
HOPV15,DomainAdaptationMMD,55,8.2,6.67
HOPV15,DomainAdaptationMMD,55,8.3,6.67
HOPV15,DomainAdaptationMMD,55,8.4,6.67
HOPV15,DomainAdaptationMMD,55,8.5,6.67
HOPV15,DomainAdaptationMMD,55,9.5,6.67
HOPV15,DomainAdaptationMMD,55,9.6,6.67
HOPV15,DomainAdaptationMMD,55,9.7,6.67
HOPV15,DomainAdaptationMMD,55,9.8,6.67
HOPV15,DomainAdaptationMMD,55,9.9,6.67
HOPV15,DomainAdaptationMMD,55,10.0,6.67
HOPV15,DomainAdaptationMMD,55,10.1,6.67
HOPV15,DomainAdaptationMMD,55,10.2,6.67
HOPV15,DomainAdaptationMMD,55,10.3,6.67
HOPV15,DomainAdaptationMMD,55,10.4,6.67
HOPV15,DomainAdaptationMMD,55,10.5,6.67
HOPV15,DomainAdaptationMMD,55,11.5,6.499999999999999
HOPV15,DomainAdaptationMMD,55,11.6,6.499999999999999
HOPV15,DomainAdaptationMMD,55,11.7,6.499999999999999
HOPV15,DomainAdaptationMMD,55,11.8,6.499999999999999
HOPV15,DomainAdaptationMMD,55,11.9,6.499999999999999
HOPV15,DomainAdaptationMMD,55,12.0,6.499999999999999
HOPV15,DomainAdaptationMMD,55,12.1,6.499999999999999
HOPV15,DomainAdaptationMMD,55,12.2,6.499999999999999
HOPV15,DomainAdaptationMMD,55,12.3,6.499999999999999
HOPV15,DomainAdaptationMMD,55,12.4,6.499999999999999
HOPV15,DomainAdaptationMMD,55,12.5,6.499999999999999
HOPV15,DomainAdaptationMMD,55,13.5,6.1
HOPV15,DomainAdaptationMMD,55,13.6,6.1
HOPV15,DomainAdaptationMMD,55,13.7,6.1
HOPV15,DomainAdaptationMMD,55,13.8,6.1
HOPV15,DomainAdaptationMMD,55,13.9,6.1
HOPV15,DomainAdaptationMMD,55,14.0,6.1
HOPV15,DomainAdaptationMMD,55,14.1,6.1
HOPV15,DomainAdaptationMMD,55,14.2,6.1
HOPV15,DomainAdaptationMMD,55,14.3,6.1
HOPV15,DomainAdaptationMMD,55,14.4,6.1
HOPV15,DomainAdaptationMMD,55,14.5,6.1
HOPV15,DomainAdaptationMMD,55,15.5,5.98
HOPV15,DomainAdaptationMMD,55,15.6,5.98
HOPV15,DomainAdaptationMMD,55,15.7,5.98
HOPV15,DomainAdaptationMMD,55,15.8,5.98
HOPV15,DomainAdaptationMMD,55,15.9,5.98
HOPV15,DomainAdaptationMMD,55,16.0,5.98
HOPV15,DomainAdaptationMMD,55,16.1,5.98
HOPV15,DomainAdaptationMMD,55,16.2,5.98
HOPV15,DomainAdaptationMMD,55,16.3,5.98
HOPV15,DomainAdaptationMMD,55,16.4,5.98
HOPV15,DomainAdaptationMMD,55,16.5,5.98
HOPV15,DomainAdaptationMMD,55,17.5,5.199999999999999
HOPV15,DomainAdaptationMMD,55,17.6,5.199999999999999
HOPV15,DomainAdaptationMMD,55,17.7,5.199999999999999
HOPV15,DomainAdaptationMMD,55,17.8,5.199999999999999
HOPV15,DomainAdaptationMMD,55,17.9,5.199999999999999
HOPV15,DomainAdaptationMMD,55,18.0,5.199999999999999
HOPV15,DomainAdaptationMMD,55,18.1,5.199999999999999
HOPV15,DomainAdaptationMMD,55,18.2,5.199999999999999
HOPV15,DomainAdaptationMMD,55,18.3,5.199999999999999
HOPV15,DomainAdaptationMMD,55,18.4,5.199999999999999
HOPV15,DomainAdaptationMMD,55,18.5,5.199999999999999
HOPV15,DomainAdaptationMMD,55,19.5,4.499999999999999
HOPV15,DomainAdaptationMMD,55,19.6,4.499999999999999
HOPV15,DomainAdaptationMMD,55,19.7,4.499999999999999
HOPV15,DomainAdaptationMMD,55,19.8,4.499999999999999
HOPV15,DomainAdaptationMMD,55,19.9,4.499999999999999
HOPV15,DomainAdaptationMMD,55,20.0,4.499999999999999
HOPV15,DomainAdaptationMMD,55,20.1,4.499999999999999
HOPV15,DomainAdaptationMMD,55,20.2,4.499999999999999
HOPV15,DomainAdaptationMMD,55,20.3,4.499999999999999
HOPV15,DomainAdaptationMMD,55,20.4,4.499999999999999
HOPV15,DomainAdaptationMMD,55,20.5,4.499999999999999
HOPV15,DomainAdaptationMMD,55,21.5,4.499999999999999
HOPV15,DomainAdaptationMMD,55,21.6,4.499999999999999
HOPV15,DomainAdaptationMMD,55,21.7,4.499999999999999
HOPV15,DomainAdaptationMMD,55,21.8,4.499999999999999
HOPV15,DomainAdaptationMMD,55,21.9,4.499999999999999
HOPV15,DomainAdaptationMMD,55,22.0,4.499999999999999
HOPV15,DomainAdaptationMMD,55,22.1,4.499999999999999
HOPV15,DomainAdaptationMMD,55,22.2,4.499999999999999
HOPV15,DomainAdaptationMMD,55,22.3,4.499999999999999
HOPV15,DomainAdaptationMMD,55,22.4,4.499999999999999
HOPV15,DomainAdaptationMMD,55,22.5,4.499999999999999
HOPV15,DomainAdaptationMMD,55,23.5,4.499999999999999
HOPV15,DomainAdaptationMMD,55,23.6,4.499999999999999
HOPV15,DomainAdaptationMMD,55,23.7,4.499999999999999
HOPV15,DomainAdaptationMMD,55,23.8,4.499999999999999
HOPV15,DomainAdaptationMMD,55,23.9,4.499999999999999
HOPV15,DomainAdaptationMMD,55,24.0,4.499999999999999
HOPV15,DomainAdaptationMMD,55,24.1,4.499999999999999
HOPV15,DomainAdaptationMMD,55,24.2,4.499999999999999
HOPV15,DomainAdaptationMMD,55,24.3,4.499999999999999
HOPV15,DomainAdaptationMMD,55,24.4,4.499999999999999
HOPV15,DomainAdaptationMMD,55,24.5,4.499999999999999
HOPV15,DomainAdaptationMMD,55,25.5,4.299999999999999
HOPV15,DomainAdaptationMMD,55,25.6,4.299999999999999
HOPV15,DomainAdaptationMMD,55,25.7,4.299999999999999
HOPV15,DomainAdaptationMMD,55,25.8,4.299999999999999
HOPV15,DomainAdaptationMMD,55,25.9,4.299999999999999
HOPV15,DomainAdaptationMMD,55,26.0,4.299999999999999
HOPV15,DomainAdaptationMMD,55,26.1,4.299999999999999
HOPV15,DomainAdaptationMMD,55,26.2,4.299999999999999
HOPV15,DomainAdaptationMMD,55,26.3,4.299999999999999
HOPV15,DomainAdaptationMMD,55,26.4,4.299999999999999
HOPV15,DomainAdaptationMMD,55,26.5,4.299999999999999
HOPV15,DomainAdaptationMMD,55,27.5,3.9
HOPV15,DomainAdaptationMMD,55,27.6,3.9
HOPV15,DomainAdaptationMMD,55,27.7,3.9
HOPV15,DomainAdaptationMMD,55,27.8,3.9
HOPV15,DomainAdaptationMMD,55,27.9,3.9
HOPV15,DomainAdaptationMMD,55,28.0,3.9
HOPV15,DomainAdaptationMMD,55,28.1,3.9
HOPV15,DomainAdaptationMMD,55,28.2,3.9
HOPV15,DomainAdaptationMMD,55,28.3,3.9
HOPV15,DomainAdaptationMMD,55,28.4,3.9
HOPV15,DomainAdaptationMMD,55,28.5,3.9
HOPV15,DomainAdaptationMMD,55,29.5,3.9
HOPV15,DomainAdaptationMMD,55,29.6,3.9
HOPV15,DomainAdaptationMMD,55,29.7,3.9
HOPV15,DomainAdaptationMMD,55,29.8,3.9
HOPV15,DomainAdaptationMMD,55,29.9,3.9
HOPV15,DomainAdaptationMMD,56,3.5,6.14
HOPV15,DomainAdaptationMMD,56,3.6,6.14
HOPV15,DomainAdaptationMMD,56,3.7,6.14
HOPV15,DomainAdaptationMMD,56,3.8,6.14
HOPV15,DomainAdaptationMMD,56,3.9,6.14
HOPV15,DomainAdaptationMMD,56,4.0,6.14
HOPV15,DomainAdaptationMMD,56,4.1,6.14
HOPV15,DomainAdaptationMMD,56,4.2,6.14
HOPV15,DomainAdaptationMMD,56,4.3,6.14
HOPV15,DomainAdaptationMMD,56,4.4,6.14
HOPV15,DomainAdaptationMMD,56,4.5,6.14
HOPV15,DomainAdaptationMMD,56,5.5,5.68
HOPV15,DomainAdaptationMMD,56,5.6,5.68
HOPV15,DomainAdaptationMMD,56,5.7,5.68
HOPV15,DomainAdaptationMMD,56,5.8,5.68
HOPV15,DomainAdaptationMMD,56,5.9,5.68
HOPV15,DomainAdaptationMMD,56,6.0,5.68
HOPV15,DomainAdaptationMMD,56,6.1,5.68
HOPV15,DomainAdaptationMMD,56,6.2,5.68
HOPV15,DomainAdaptationMMD,56,6.3,5.68
HOPV15,DomainAdaptationMMD,56,6.4,5.68
HOPV15,DomainAdaptationMMD,56,6.5,5.68
HOPV15,DomainAdaptationMMD,56,7.5,4.9
HOPV15,DomainAdaptationMMD,56,7.6,4.9
HOPV15,DomainAdaptationMMD,56,7.7,4.9
HOPV15,DomainAdaptationMMD,56,7.8,4.9
HOPV15,DomainAdaptationMMD,56,7.9,4.9
HOPV15,DomainAdaptationMMD,56,8.0,4.9
HOPV15,DomainAdaptationMMD,56,8.1,4.9
HOPV15,DomainAdaptationMMD,56,8.2,4.9
HOPV15,DomainAdaptationMMD,56,8.3,4.9
HOPV15,DomainAdaptationMMD,56,8.4,4.9
HOPV15,DomainAdaptationMMD,56,8.5,4.9
HOPV15,DomainAdaptationMMD,56,9.5,4.299999999999999
HOPV15,DomainAdaptationMMD,56,9.6,4.299999999999999
HOPV15,DomainAdaptationMMD,56,9.7,4.299999999999999
HOPV15,DomainAdaptationMMD,56,9.8,4.299999999999999
HOPV15,DomainAdaptationMMD,56,9.9,4.299999999999999
HOPV15,DomainAdaptationMMD,56,10.0,4.299999999999999
HOPV15,DomainAdaptationMMD,56,10.1,4.299999999999999
HOPV15,DomainAdaptationMMD,56,10.2,4.299999999999999
HOPV15,DomainAdaptationMMD,56,10.3,4.299999999999999
HOPV15,DomainAdaptationMMD,56,10.4,4.299999999999999
HOPV15,DomainAdaptationMMD,56,10.5,4.299999999999999
HOPV15,DomainAdaptationMMD,56,11.5,0.0
HOPV15,DomainAdaptationMMD,56,11.6,0.0
HOPV15,DomainAdaptationMMD,56,11.7,0.0
HOPV15,DomainAdaptationMMD,56,11.8,0.0
HOPV15,DomainAdaptationMMD,56,11.9,0.0
HOPV15,DomainAdaptationMMD,56,12.0,0.0
HOPV15,DomainAdaptationMMD,56,12.1,0.0
HOPV15,DomainAdaptationMMD,56,12.2,0.0
HOPV15,DomainAdaptationMMD,56,12.3,0.0
HOPV15,DomainAdaptationMMD,56,12.4,0.0
HOPV15,DomainAdaptationMMD,56,12.5,0.0
HOPV15,DomainAdaptationMMD,56,13.5,0.0
HOPV15,DomainAdaptationMMD,56,13.6,0.0
HOPV15,DomainAdaptationMMD,56,13.7,0.0
HOPV15,DomainAdaptationMMD,56,13.8,0.0
HOPV15,DomainAdaptationMMD,56,13.9,0.0
HOPV15,DomainAdaptationMMD,56,14.0,0.0
HOPV15,DomainAdaptationMMD,56,14.1,0.0
HOPV15,DomainAdaptationMMD,56,14.2,0.0
HOPV15,DomainAdaptationMMD,56,14.3,0.0
HOPV15,DomainAdaptationMMD,56,14.4,0.0
HOPV15,DomainAdaptationMMD,56,14.5,0.0
HOPV15,DomainAdaptationMMD,56,15.5,0.0
HOPV15,DomainAdaptationMMD,56,15.6,0.0
HOPV15,DomainAdaptationMMD,56,15.7,0.0
HOPV15,DomainAdaptationMMD,56,15.8,0.0
HOPV15,DomainAdaptationMMD,56,15.9,0.0
HOPV15,DomainAdaptationMMD,56,16.0,0.0
HOPV15,DomainAdaptationMMD,56,16.1,0.0
HOPV15,DomainAdaptationMMD,56,16.2,0.0
HOPV15,DomainAdaptationMMD,56,16.3,0.0
HOPV15,DomainAdaptationMMD,56,16.4,0.0
HOPV15,DomainAdaptationMMD,56,16.5,0.0
HOPV15,DomainAdaptationMMD,56,17.5,0.0
HOPV15,DomainAdaptationMMD,56,17.6,0.0
HOPV15,DomainAdaptationMMD,56,17.7,0.0
HOPV15,DomainAdaptationMMD,56,17.8,0.0
HOPV15,DomainAdaptationMMD,56,17.9,0.0
HOPV15,DomainAdaptationMMD,56,18.0,0.0
HOPV15,DomainAdaptationMMD,56,18.1,0.0
HOPV15,DomainAdaptationMMD,56,18.2,0.0
HOPV15,DomainAdaptationMMD,56,18.3,0.0
HOPV15,DomainAdaptationMMD,56,18.4,0.0
HOPV15,DomainAdaptationMMD,56,18.5,0.0
HOPV15,DomainAdaptationMMD,56,19.5,0.0
HOPV15,DomainAdaptationMMD,56,19.6,0.0
HOPV15,DomainAdaptationMMD,56,19.7,0.0
HOPV15,DomainAdaptationMMD,56,19.8,0.0
HOPV15,DomainAdaptationMMD,56,19.9,0.0
HOPV15,DomainAdaptationMMD,56,20.0,0.0
HOPV15,DomainAdaptationMMD,56,20.1,0.0
HOPV15,DomainAdaptationMMD,56,20.2,0.0
HOPV15,DomainAdaptationMMD,56,20.3,0.0
HOPV15,DomainAdaptationMMD,56,20.4,0.0
HOPV15,DomainAdaptationMMD,56,20.5,0.0
HOPV15,DomainAdaptationMMD,56,21.5,0.0
HOPV15,DomainAdaptationMMD,56,21.6,0.0
HOPV15,DomainAdaptationMMD,56,21.7,0.0
HOPV15,DomainAdaptationMMD,56,21.8,0.0
HOPV15,DomainAdaptationMMD,56,21.9,0.0
HOPV15,DomainAdaptationMMD,56,22.0,0.0
HOPV15,DomainAdaptationMMD,56,22.1,0.0
HOPV15,DomainAdaptationMMD,56,22.2,0.0
HOPV15,DomainAdaptationMMD,56,22.3,0.0
HOPV15,DomainAdaptationMMD,56,22.4,0.0
HOPV15,DomainAdaptationMMD,56,22.5,0.0
HOPV15,DomainAdaptationMMD,56,23.5,0.0
HOPV15,DomainAdaptationMMD,56,23.6,0.0
HOPV15,DomainAdaptationMMD,56,23.7,0.0
HOPV15,DomainAdaptationMMD,56,23.8,0.0
HOPV15,DomainAdaptationMMD,56,23.9,0.0
HOPV15,DomainAdaptationMMD,56,24.0,0.0
HOPV15,DomainAdaptationMMD,56,24.1,0.0
HOPV15,DomainAdaptationMMD,56,24.2,0.0
HOPV15,DomainAdaptationMMD,56,24.3,0.0
HOPV15,DomainAdaptationMMD,56,24.4,0.0
HOPV15,DomainAdaptationMMD,56,24.5,0.0
HOPV15,DomainAdaptationMMD,56,25.5,0.0
HOPV15,DomainAdaptationMMD,56,25.6,0.0
HOPV15,DomainAdaptationMMD,56,25.7,0.0
HOPV15,DomainAdaptationMMD,56,25.8,0.0
HOPV15,DomainAdaptationMMD,56,25.9,0.0
HOPV15,DomainAdaptationMMD,56,26.0,0.0
HOPV15,DomainAdaptationMMD,56,26.1,0.0
HOPV15,DomainAdaptationMMD,56,26.2,0.0
HOPV15,DomainAdaptationMMD,56,26.3,0.0
HOPV15,DomainAdaptationMMD,56,26.4,0.0
HOPV15,DomainAdaptationMMD,56,26.5,0.0
HOPV15,DomainAdaptationMMD,56,27.5,0.0
HOPV15,DomainAdaptationMMD,56,27.6,0.0
HOPV15,DomainAdaptationMMD,56,27.7,0.0
HOPV15,DomainAdaptationMMD,56,27.8,0.0
HOPV15,DomainAdaptationMMD,56,27.9,0.0
HOPV15,DomainAdaptationMMD,56,28.0,0.0
HOPV15,DomainAdaptationMMD,56,28.1,0.0
HOPV15,DomainAdaptationMMD,56,28.2,0.0
HOPV15,DomainAdaptationMMD,56,28.3,0.0
HOPV15,DomainAdaptationMMD,56,28.4,0.0
HOPV15,DomainAdaptationMMD,56,28.5,0.0
HOPV15,DomainAdaptationMMD,56,29.5,0.0
HOPV15,DomainAdaptationMMD,56,29.6,0.0
HOPV15,DomainAdaptationMMD,56,29.7,0.0
HOPV15,DomainAdaptationMMD,56,29.8,0.0
HOPV15,DomainAdaptationMMD,56,29.9,0.0
HOPV15,DomainAdaptationMMD,57,3.5,6.85
HOPV15,DomainAdaptationMMD,57,3.6,6.85
HOPV15,DomainAdaptationMMD,57,3.7,6.85
HOPV15,DomainAdaptationMMD,57,3.8,6.85
HOPV15,DomainAdaptationMMD,57,3.9,6.85
HOPV15,DomainAdaptationMMD,57,4.0,6.85
HOPV15,DomainAdaptationMMD,57,4.1,6.85
HOPV15,DomainAdaptationMMD,57,4.2,6.85
HOPV15,DomainAdaptationMMD,57,4.3,6.85
HOPV15,DomainAdaptationMMD,57,4.4,6.85
HOPV15,DomainAdaptationMMD,57,4.5,6.85
HOPV15,DomainAdaptationMMD,57,5.5,6.67
HOPV15,DomainAdaptationMMD,57,5.6,6.67
HOPV15,DomainAdaptationMMD,57,5.7,6.67
HOPV15,DomainAdaptationMMD,57,5.8,6.67
HOPV15,DomainAdaptationMMD,57,5.9,6.67
HOPV15,DomainAdaptationMMD,57,6.0,6.67
HOPV15,DomainAdaptationMMD,57,6.1,6.67
HOPV15,DomainAdaptationMMD,57,6.2,6.67
HOPV15,DomainAdaptationMMD,57,6.3,6.67
HOPV15,DomainAdaptationMMD,57,6.4,6.67
HOPV15,DomainAdaptationMMD,57,6.5,6.67
HOPV15,DomainAdaptationMMD,57,7.5,6.67
HOPV15,DomainAdaptationMMD,57,7.6,6.67
HOPV15,DomainAdaptationMMD,57,7.7,6.67
HOPV15,DomainAdaptationMMD,57,7.8,6.67
HOPV15,DomainAdaptationMMD,57,7.9,6.67
HOPV15,DomainAdaptationMMD,57,8.0,6.67
HOPV15,DomainAdaptationMMD,57,8.1,6.67
HOPV15,DomainAdaptationMMD,57,8.2,6.67
HOPV15,DomainAdaptationMMD,57,8.3,6.67
HOPV15,DomainAdaptationMMD,57,8.4,6.67
HOPV15,DomainAdaptationMMD,57,8.5,6.67
HOPV15,DomainAdaptationMMD,57,9.5,4.9
HOPV15,DomainAdaptationMMD,57,9.6,4.9
HOPV15,DomainAdaptationMMD,57,9.7,4.9
HOPV15,DomainAdaptationMMD,57,9.8,4.9
HOPV15,DomainAdaptationMMD,57,9.9,4.9
HOPV15,DomainAdaptationMMD,57,10.0,4.9
HOPV15,DomainAdaptationMMD,57,10.1,4.9
HOPV15,DomainAdaptationMMD,57,10.2,4.9
HOPV15,DomainAdaptationMMD,57,10.3,4.9
HOPV15,DomainAdaptationMMD,57,10.4,4.9
HOPV15,DomainAdaptationMMD,57,10.5,4.9
HOPV15,DomainAdaptationMMD,57,11.5,4.9
HOPV15,DomainAdaptationMMD,57,11.6,4.9
HOPV15,DomainAdaptationMMD,57,11.7,4.9
HOPV15,DomainAdaptationMMD,57,11.8,4.9
HOPV15,DomainAdaptationMMD,57,11.9,4.9
HOPV15,DomainAdaptationMMD,57,12.0,4.9
HOPV15,DomainAdaptationMMD,57,12.1,4.9
HOPV15,DomainAdaptationMMD,57,12.2,4.9
HOPV15,DomainAdaptationMMD,57,12.3,4.9
HOPV15,DomainAdaptationMMD,57,12.4,4.9
HOPV15,DomainAdaptationMMD,57,12.5,4.9
HOPV15,DomainAdaptationMMD,57,13.5,4.9
HOPV15,DomainAdaptationMMD,57,13.6,4.9
HOPV15,DomainAdaptationMMD,57,13.7,4.9
HOPV15,DomainAdaptationMMD,57,13.8,4.9
HOPV15,DomainAdaptationMMD,57,13.9,4.9
HOPV15,DomainAdaptationMMD,57,14.0,4.9
HOPV15,DomainAdaptationMMD,57,14.1,4.9
HOPV15,DomainAdaptationMMD,57,14.2,4.9
HOPV15,DomainAdaptationMMD,57,14.3,4.9
HOPV15,DomainAdaptationMMD,57,14.4,4.9
HOPV15,DomainAdaptationMMD,57,14.5,4.9
HOPV15,DomainAdaptationMMD,57,15.5,4.299999999999999
HOPV15,DomainAdaptationMMD,57,15.6,4.299999999999999
HOPV15,DomainAdaptationMMD,57,15.7,4.299999999999999
HOPV15,DomainAdaptationMMD,57,15.8,4.299999999999999
HOPV15,DomainAdaptationMMD,57,15.9,4.299999999999999
HOPV15,DomainAdaptationMMD,57,16.0,4.299999999999999
HOPV15,DomainAdaptationMMD,57,16.1,4.299999999999999
HOPV15,DomainAdaptationMMD,57,16.2,4.299999999999999
HOPV15,DomainAdaptationMMD,57,16.3,4.299999999999999
HOPV15,DomainAdaptationMMD,57,16.4,4.299999999999999
HOPV15,DomainAdaptationMMD,57,16.5,4.299999999999999
HOPV15,DomainAdaptationMMD,57,17.5,0.0
HOPV15,DomainAdaptationMMD,57,17.6,0.0
HOPV15,DomainAdaptationMMD,57,17.7,0.0
HOPV15,DomainAdaptationMMD,57,17.8,0.0
HOPV15,DomainAdaptationMMD,57,17.9,0.0
HOPV15,DomainAdaptationMMD,57,18.0,0.0
HOPV15,DomainAdaptationMMD,57,18.1,0.0
HOPV15,DomainAdaptationMMD,57,18.2,0.0
HOPV15,DomainAdaptationMMD,57,18.3,0.0
HOPV15,DomainAdaptationMMD,57,18.4,0.0
HOPV15,DomainAdaptationMMD,57,18.5,0.0
HOPV15,DomainAdaptationMMD,57,19.5,0.0
HOPV15,DomainAdaptationMMD,57,19.6,0.0
HOPV15,DomainAdaptationMMD,57,19.7,0.0
HOPV15,DomainAdaptationMMD,57,19.8,0.0
HOPV15,DomainAdaptationMMD,57,19.9,0.0
HOPV15,DomainAdaptationMMD,57,20.0,0.0
HOPV15,DomainAdaptationMMD,57,20.1,0.0
HOPV15,DomainAdaptationMMD,57,20.2,0.0
HOPV15,DomainAdaptationMMD,57,20.3,0.0
HOPV15,DomainAdaptationMMD,57,20.4,0.0
HOPV15,DomainAdaptationMMD,57,20.5,0.0
HOPV15,DomainAdaptationMMD,57,21.5,0.0
HOPV15,DomainAdaptationMMD,57,21.6,0.0
HOPV15,DomainAdaptationMMD,57,21.7,0.0
HOPV15,DomainAdaptationMMD,57,21.8,0.0
HOPV15,DomainAdaptationMMD,57,21.9,0.0
HOPV15,DomainAdaptationMMD,57,22.0,0.0
HOPV15,DomainAdaptationMMD,57,22.1,0.0
HOPV15,DomainAdaptationMMD,57,22.2,0.0
HOPV15,DomainAdaptationMMD,57,22.3,0.0
HOPV15,DomainAdaptationMMD,57,22.4,0.0
HOPV15,DomainAdaptationMMD,57,22.5,0.0
HOPV15,DomainAdaptationMMD,57,23.5,0.0
HOPV15,DomainAdaptationMMD,57,23.6,0.0
HOPV15,DomainAdaptationMMD,57,23.7,0.0
HOPV15,DomainAdaptationMMD,57,23.8,0.0
HOPV15,DomainAdaptationMMD,57,23.9,0.0
HOPV15,DomainAdaptationMMD,57,24.0,0.0
HOPV15,DomainAdaptationMMD,57,24.1,0.0
HOPV15,DomainAdaptationMMD,57,24.2,0.0
HOPV15,DomainAdaptationMMD,57,24.3,0.0
HOPV15,DomainAdaptationMMD,57,24.4,0.0
HOPV15,DomainAdaptationMMD,57,24.5,0.0
HOPV15,DomainAdaptationMMD,57,25.5,0.0
HOPV15,DomainAdaptationMMD,57,25.6,0.0
HOPV15,DomainAdaptationMMD,57,25.7,0.0
HOPV15,DomainAdaptationMMD,57,25.8,0.0
HOPV15,DomainAdaptationMMD,57,25.9,0.0
HOPV15,DomainAdaptationMMD,57,26.0,0.0
HOPV15,DomainAdaptationMMD,57,26.1,0.0
HOPV15,DomainAdaptationMMD,57,26.2,0.0
HOPV15,DomainAdaptationMMD,57,26.3,0.0
HOPV15,DomainAdaptationMMD,57,26.4,0.0
HOPV15,DomainAdaptationMMD,57,26.5,0.0
HOPV15,DomainAdaptationMMD,57,27.5,0.0
HOPV15,DomainAdaptationMMD,57,27.6,0.0
HOPV15,DomainAdaptationMMD,57,27.7,0.0
HOPV15,DomainAdaptationMMD,57,27.8,0.0
HOPV15,DomainAdaptationMMD,57,27.9,0.0
HOPV15,DomainAdaptationMMD,57,28.0,0.0
HOPV15,DomainAdaptationMMD,57,28.1,0.0
HOPV15,DomainAdaptationMMD,57,28.2,0.0
HOPV15,DomainAdaptationMMD,57,28.3,0.0
HOPV15,DomainAdaptationMMD,57,28.4,0.0
HOPV15,DomainAdaptationMMD,57,28.5,0.0
HOPV15,DomainAdaptationMMD,57,29.5,0.0
HOPV15,DomainAdaptationMMD,57,29.6,0.0
HOPV15,DomainAdaptationMMD,57,29.7,0.0
HOPV15,DomainAdaptationMMD,57,29.8,0.0
HOPV15,DomainAdaptationMMD,57,29.9,0.0
HOPV15,DomainAdaptationMMD,58,3.5,5.27
HOPV15,DomainAdaptationMMD,58,3.6,5.27
HOPV15,DomainAdaptationMMD,58,3.7,5.27
HOPV15,DomainAdaptationMMD,58,3.8,5.27
HOPV15,DomainAdaptationMMD,58,3.9,5.27
HOPV15,DomainAdaptationMMD,58,4.0,5.27
HOPV15,DomainAdaptationMMD,58,4.1,5.27
HOPV15,DomainAdaptationMMD,58,4.2,5.27
HOPV15,DomainAdaptationMMD,58,4.3,5.27
HOPV15,DomainAdaptationMMD,58,4.4,5.27
HOPV15,DomainAdaptationMMD,58,4.5,5.27
HOPV15,DomainAdaptationMMD,58,5.5,5.27
HOPV15,DomainAdaptationMMD,58,5.6,5.27
HOPV15,DomainAdaptationMMD,58,5.7,5.27
HOPV15,DomainAdaptationMMD,58,5.8,5.27
HOPV15,DomainAdaptationMMD,58,5.9,5.27
HOPV15,DomainAdaptationMMD,58,6.0,5.27
HOPV15,DomainAdaptationMMD,58,6.1,5.27
HOPV15,DomainAdaptationMMD,58,6.2,5.27
HOPV15,DomainAdaptationMMD,58,6.3,5.27
HOPV15,DomainAdaptationMMD,58,6.4,5.27
HOPV15,DomainAdaptationMMD,58,6.5,5.27
HOPV15,DomainAdaptationMMD,58,7.5,0.0
HOPV15,DomainAdaptationMMD,58,7.6,0.0
HOPV15,DomainAdaptationMMD,58,7.7,0.0
HOPV15,DomainAdaptationMMD,58,7.8,0.0
HOPV15,DomainAdaptationMMD,58,7.9,0.0
HOPV15,DomainAdaptationMMD,58,8.0,0.0
HOPV15,DomainAdaptationMMD,58,8.1,0.0
HOPV15,DomainAdaptationMMD,58,8.2,0.0
HOPV15,DomainAdaptationMMD,58,8.3,0.0
HOPV15,DomainAdaptationMMD,58,8.4,0.0
HOPV15,DomainAdaptationMMD,58,8.5,0.0
HOPV15,DomainAdaptationMMD,58,9.5,0.0
HOPV15,DomainAdaptationMMD,58,9.6,0.0
HOPV15,DomainAdaptationMMD,58,9.7,0.0
HOPV15,DomainAdaptationMMD,58,9.8,0.0
HOPV15,DomainAdaptationMMD,58,9.9,0.0
HOPV15,DomainAdaptationMMD,58,10.0,0.0
HOPV15,DomainAdaptationMMD,58,10.1,0.0
HOPV15,DomainAdaptationMMD,58,10.2,0.0
HOPV15,DomainAdaptationMMD,58,10.3,0.0
HOPV15,DomainAdaptationMMD,58,10.4,0.0
HOPV15,DomainAdaptationMMD,58,10.5,0.0
HOPV15,DomainAdaptationMMD,58,11.5,0.0
HOPV15,DomainAdaptationMMD,58,11.6,0.0
HOPV15,DomainAdaptationMMD,58,11.7,0.0
HOPV15,DomainAdaptationMMD,58,11.8,0.0
HOPV15,DomainAdaptationMMD,58,11.9,0.0
HOPV15,DomainAdaptationMMD,58,12.0,0.0
HOPV15,DomainAdaptationMMD,58,12.1,0.0
HOPV15,DomainAdaptationMMD,58,12.2,0.0
HOPV15,DomainAdaptationMMD,58,12.3,0.0
HOPV15,DomainAdaptationMMD,58,12.4,0.0
HOPV15,DomainAdaptationMMD,58,12.5,0.0
HOPV15,DomainAdaptationMMD,58,13.5,0.0
HOPV15,DomainAdaptationMMD,58,13.6,0.0
HOPV15,DomainAdaptationMMD,58,13.7,0.0
HOPV15,DomainAdaptationMMD,58,13.8,0.0
HOPV15,DomainAdaptationMMD,58,13.9,0.0
HOPV15,DomainAdaptationMMD,58,14.0,0.0
HOPV15,DomainAdaptationMMD,58,14.1,0.0
HOPV15,DomainAdaptationMMD,58,14.2,0.0
HOPV15,DomainAdaptationMMD,58,14.3,0.0
HOPV15,DomainAdaptationMMD,58,14.4,0.0
HOPV15,DomainAdaptationMMD,58,14.5,0.0
HOPV15,DomainAdaptationMMD,58,15.5,0.0
HOPV15,DomainAdaptationMMD,58,15.6,0.0
HOPV15,DomainAdaptationMMD,58,15.7,0.0
HOPV15,DomainAdaptationMMD,58,15.8,0.0
HOPV15,DomainAdaptationMMD,58,15.9,0.0
HOPV15,DomainAdaptationMMD,58,16.0,0.0
HOPV15,DomainAdaptationMMD,58,16.1,0.0
HOPV15,DomainAdaptationMMD,58,16.2,0.0
HOPV15,DomainAdaptationMMD,58,16.3,0.0
HOPV15,DomainAdaptationMMD,58,16.4,0.0
HOPV15,DomainAdaptationMMD,58,16.5,0.0
HOPV15,DomainAdaptationMMD,58,17.5,0.0
HOPV15,DomainAdaptationMMD,58,17.6,0.0
HOPV15,DomainAdaptationMMD,58,17.7,0.0
HOPV15,DomainAdaptationMMD,58,17.8,0.0
HOPV15,DomainAdaptationMMD,58,17.9,0.0
HOPV15,DomainAdaptationMMD,58,18.0,0.0
HOPV15,DomainAdaptationMMD,58,18.1,0.0
HOPV15,DomainAdaptationMMD,58,18.2,0.0
HOPV15,DomainAdaptationMMD,58,18.3,0.0
HOPV15,DomainAdaptationMMD,58,18.4,0.0
HOPV15,DomainAdaptationMMD,58,18.5,0.0
HOPV15,DomainAdaptationMMD,58,19.5,0.0
HOPV15,DomainAdaptationMMD,58,19.6,0.0
HOPV15,DomainAdaptationMMD,58,19.7,0.0
HOPV15,DomainAdaptationMMD,58,19.8,0.0
HOPV15,DomainAdaptationMMD,58,19.9,0.0
HOPV15,DomainAdaptationMMD,58,20.0,0.0
HOPV15,DomainAdaptationMMD,58,20.1,0.0
HOPV15,DomainAdaptationMMD,58,20.2,0.0
HOPV15,DomainAdaptationMMD,58,20.3,0.0
HOPV15,DomainAdaptationMMD,58,20.4,0.0
HOPV15,DomainAdaptationMMD,58,20.5,0.0
HOPV15,DomainAdaptationMMD,58,21.5,0.0
HOPV15,DomainAdaptationMMD,58,21.6,0.0
HOPV15,DomainAdaptationMMD,58,21.7,0.0
HOPV15,DomainAdaptationMMD,58,21.8,0.0
HOPV15,DomainAdaptationMMD,58,21.9,0.0
HOPV15,DomainAdaptationMMD,58,22.0,0.0
HOPV15,DomainAdaptationMMD,58,22.1,0.0
HOPV15,DomainAdaptationMMD,58,22.2,0.0
HOPV15,DomainAdaptationMMD,58,22.3,0.0
HOPV15,DomainAdaptationMMD,58,22.4,0.0
HOPV15,DomainAdaptationMMD,58,22.5,0.0
HOPV15,DomainAdaptationMMD,58,23.5,0.0
HOPV15,DomainAdaptationMMD,58,23.6,0.0
HOPV15,DomainAdaptationMMD,58,23.7,0.0
HOPV15,DomainAdaptationMMD,58,23.8,0.0
HOPV15,DomainAdaptationMMD,58,23.9,0.0
HOPV15,DomainAdaptationMMD,58,24.0,0.0
HOPV15,DomainAdaptationMMD,58,24.1,0.0
HOPV15,DomainAdaptationMMD,58,24.2,0.0
HOPV15,DomainAdaptationMMD,58,24.3,0.0
HOPV15,DomainAdaptationMMD,58,24.4,0.0
HOPV15,DomainAdaptationMMD,58,24.5,0.0
HOPV15,DomainAdaptationMMD,58,25.5,0.0
HOPV15,DomainAdaptationMMD,58,25.6,0.0
HOPV15,DomainAdaptationMMD,58,25.7,0.0
HOPV15,DomainAdaptationMMD,58,25.8,0.0
HOPV15,DomainAdaptationMMD,58,25.9,0.0
HOPV15,DomainAdaptationMMD,58,26.0,0.0
HOPV15,DomainAdaptationMMD,58,26.1,0.0
HOPV15,DomainAdaptationMMD,58,26.2,0.0
HOPV15,DomainAdaptationMMD,58,26.3,0.0
HOPV15,DomainAdaptationMMD,58,26.4,0.0
HOPV15,DomainAdaptationMMD,58,26.5,0.0
HOPV15,DomainAdaptationMMD,58,27.5,0.0
HOPV15,DomainAdaptationMMD,58,27.6,0.0
HOPV15,DomainAdaptationMMD,58,27.7,0.0
HOPV15,DomainAdaptationMMD,58,27.8,0.0
HOPV15,DomainAdaptationMMD,58,27.9,0.0
HOPV15,DomainAdaptationMMD,58,28.0,0.0
HOPV15,DomainAdaptationMMD,58,28.1,0.0
HOPV15,DomainAdaptationMMD,58,28.2,0.0
HOPV15,DomainAdaptationMMD,58,28.3,0.0
HOPV15,DomainAdaptationMMD,58,28.4,0.0
HOPV15,DomainAdaptationMMD,58,28.5,0.0
HOPV15,DomainAdaptationMMD,58,29.5,0.0
HOPV15,DomainAdaptationMMD,58,29.6,0.0
HOPV15,DomainAdaptationMMD,58,29.7,0.0
HOPV15,DomainAdaptationMMD,58,29.8,0.0
HOPV15,DomainAdaptationMMD,58,29.9,0.0
HOPV15,DomainAdaptationMMD,59,3.5,5.27
HOPV15,DomainAdaptationMMD,59,3.6,5.27
HOPV15,DomainAdaptationMMD,59,3.7,5.27
HOPV15,DomainAdaptationMMD,59,3.8,5.27
HOPV15,DomainAdaptationMMD,59,3.9,5.27
HOPV15,DomainAdaptationMMD,59,4.0,5.27
HOPV15,DomainAdaptationMMD,59,4.1,5.27
HOPV15,DomainAdaptationMMD,59,4.2,5.27
HOPV15,DomainAdaptationMMD,59,4.3,5.27
HOPV15,DomainAdaptationMMD,59,4.4,5.27
HOPV15,DomainAdaptationMMD,59,4.5,5.27
HOPV15,DomainAdaptationMMD,59,5.5,5.27
HOPV15,DomainAdaptationMMD,59,5.6,5.27
HOPV15,DomainAdaptationMMD,59,5.7,5.27
HOPV15,DomainAdaptationMMD,59,5.8,5.27
HOPV15,DomainAdaptationMMD,59,5.9,5.27
HOPV15,DomainAdaptationMMD,59,6.0,5.27
HOPV15,DomainAdaptationMMD,59,6.1,5.27
HOPV15,DomainAdaptationMMD,59,6.2,5.27
HOPV15,DomainAdaptationMMD,59,6.3,5.27
HOPV15,DomainAdaptationMMD,59,6.4,5.27
HOPV15,DomainAdaptationMMD,59,6.5,5.27
HOPV15,DomainAdaptationMMD,59,7.5,5.27
HOPV15,DomainAdaptationMMD,59,7.6,5.27
HOPV15,DomainAdaptationMMD,59,7.7,5.27
HOPV15,DomainAdaptationMMD,59,7.8,5.27
HOPV15,DomainAdaptationMMD,59,7.9,5.27
HOPV15,DomainAdaptationMMD,59,8.0,5.27
HOPV15,DomainAdaptationMMD,59,8.1,5.27
HOPV15,DomainAdaptationMMD,59,8.2,5.27
HOPV15,DomainAdaptationMMD,59,8.3,5.27
HOPV15,DomainAdaptationMMD,59,8.4,5.27
HOPV15,DomainAdaptationMMD,59,8.5,5.27
HOPV15,DomainAdaptationMMD,59,9.5,4.9
HOPV15,DomainAdaptationMMD,59,9.6,4.9
HOPV15,DomainAdaptationMMD,59,9.7,4.9
HOPV15,DomainAdaptationMMD,59,9.8,4.9
HOPV15,DomainAdaptationMMD,59,9.9,4.9
HOPV15,DomainAdaptationMMD,59,10.0,4.9
HOPV15,DomainAdaptationMMD,59,10.1,4.9
HOPV15,DomainAdaptationMMD,59,10.2,4.9
HOPV15,DomainAdaptationMMD,59,10.3,4.9
HOPV15,DomainAdaptationMMD,59,10.4,4.9
HOPV15,DomainAdaptationMMD,59,10.5,4.9
HOPV15,DomainAdaptationMMD,59,11.5,4.9
HOPV15,DomainAdaptationMMD,59,11.6,4.9
HOPV15,DomainAdaptationMMD,59,11.7,4.9
HOPV15,DomainAdaptationMMD,59,11.8,4.9
HOPV15,DomainAdaptationMMD,59,11.9,4.9
HOPV15,DomainAdaptationMMD,59,12.0,4.9
HOPV15,DomainAdaptationMMD,59,12.1,4.9
HOPV15,DomainAdaptationMMD,59,12.2,4.9
HOPV15,DomainAdaptationMMD,59,12.3,4.9
HOPV15,DomainAdaptationMMD,59,12.4,4.9
HOPV15,DomainAdaptationMMD,59,12.5,4.9
HOPV15,DomainAdaptationMMD,59,13.5,0.0
HOPV15,DomainAdaptationMMD,59,13.6,0.0
HOPV15,DomainAdaptationMMD,59,13.7,0.0
HOPV15,DomainAdaptationMMD,59,13.8,0.0
HOPV15,DomainAdaptationMMD,59,13.9,0.0
HOPV15,DomainAdaptationMMD,59,14.0,0.0
HOPV15,DomainAdaptationMMD,59,14.1,0.0
HOPV15,DomainAdaptationMMD,59,14.2,0.0
HOPV15,DomainAdaptationMMD,59,14.3,0.0
HOPV15,DomainAdaptationMMD,59,14.4,0.0
HOPV15,DomainAdaptationMMD,59,14.5,0.0
HOPV15,DomainAdaptationMMD,59,15.5,0.0
HOPV15,DomainAdaptationMMD,59,15.6,0.0
HOPV15,DomainAdaptationMMD,59,15.7,0.0
HOPV15,DomainAdaptationMMD,59,15.8,0.0
HOPV15,DomainAdaptationMMD,59,15.9,0.0
HOPV15,DomainAdaptationMMD,59,16.0,0.0
HOPV15,DomainAdaptationMMD,59,16.1,0.0
HOPV15,DomainAdaptationMMD,59,16.2,0.0
HOPV15,DomainAdaptationMMD,59,16.3,0.0
HOPV15,DomainAdaptationMMD,59,16.4,0.0
HOPV15,DomainAdaptationMMD,59,16.5,0.0
HOPV15,DomainAdaptationMMD,59,17.5,0.0
HOPV15,DomainAdaptationMMD,59,17.6,0.0
HOPV15,DomainAdaptationMMD,59,17.7,0.0
HOPV15,DomainAdaptationMMD,59,17.8,0.0
HOPV15,DomainAdaptationMMD,59,17.9,0.0
HOPV15,DomainAdaptationMMD,59,18.0,0.0
HOPV15,DomainAdaptationMMD,59,18.1,0.0
HOPV15,DomainAdaptationMMD,59,18.2,0.0
HOPV15,DomainAdaptationMMD,59,18.3,0.0
HOPV15,DomainAdaptationMMD,59,18.4,0.0
HOPV15,DomainAdaptationMMD,59,18.5,0.0
HOPV15,DomainAdaptationMMD,59,19.5,0.0
HOPV15,DomainAdaptationMMD,59,19.6,0.0
HOPV15,DomainAdaptationMMD,59,19.7,0.0
HOPV15,DomainAdaptationMMD,59,19.8,0.0
HOPV15,DomainAdaptationMMD,59,19.9,0.0
HOPV15,DomainAdaptationMMD,59,20.0,0.0
HOPV15,DomainAdaptationMMD,59,20.1,0.0
HOPV15,DomainAdaptationMMD,59,20.2,0.0
HOPV15,DomainAdaptationMMD,59,20.3,0.0
HOPV15,DomainAdaptationMMD,59,20.4,0.0
HOPV15,DomainAdaptationMMD,59,20.5,0.0
HOPV15,DomainAdaptationMMD,59,21.5,0.0
HOPV15,DomainAdaptationMMD,59,21.6,0.0
HOPV15,DomainAdaptationMMD,59,21.7,0.0
HOPV15,DomainAdaptationMMD,59,21.8,0.0
HOPV15,DomainAdaptationMMD,59,21.9,0.0
HOPV15,DomainAdaptationMMD,59,22.0,0.0
HOPV15,DomainAdaptationMMD,59,22.1,0.0
HOPV15,DomainAdaptationMMD,59,22.2,0.0
HOPV15,DomainAdaptationMMD,59,22.3,0.0
HOPV15,DomainAdaptationMMD,59,22.4,0.0
HOPV15,DomainAdaptationMMD,59,22.5,0.0
HOPV15,DomainAdaptationMMD,59,23.5,0.0
HOPV15,DomainAdaptationMMD,59,23.6,0.0
HOPV15,DomainAdaptationMMD,59,23.7,0.0
HOPV15,DomainAdaptationMMD,59,23.8,0.0
HOPV15,DomainAdaptationMMD,59,23.9,0.0
HOPV15,DomainAdaptationMMD,59,24.0,0.0
HOPV15,DomainAdaptationMMD,59,24.1,0.0
HOPV15,DomainAdaptationMMD,59,24.2,0.0
HOPV15,DomainAdaptationMMD,59,24.3,0.0
HOPV15,DomainAdaptationMMD,59,24.4,0.0
HOPV15,DomainAdaptationMMD,59,24.5,0.0
HOPV15,DomainAdaptationMMD,59,25.5,0.0
HOPV15,DomainAdaptationMMD,59,25.6,0.0
HOPV15,DomainAdaptationMMD,59,25.7,0.0
HOPV15,DomainAdaptationMMD,59,25.8,0.0
HOPV15,DomainAdaptationMMD,59,25.9,0.0
HOPV15,DomainAdaptationMMD,59,26.0,0.0
HOPV15,DomainAdaptationMMD,59,26.1,0.0
HOPV15,DomainAdaptationMMD,59,26.2,0.0
HOPV15,DomainAdaptationMMD,59,26.3,0.0
HOPV15,DomainAdaptationMMD,59,26.4,0.0
HOPV15,DomainAdaptationMMD,59,26.5,0.0
HOPV15,DomainAdaptationMMD,59,27.5,0.0
HOPV15,DomainAdaptationMMD,59,27.6,0.0
HOPV15,DomainAdaptationMMD,59,27.7,0.0
HOPV15,DomainAdaptationMMD,59,27.8,0.0
HOPV15,DomainAdaptationMMD,59,27.9,0.0
HOPV15,DomainAdaptationMMD,59,28.0,0.0
HOPV15,DomainAdaptationMMD,59,28.1,0.0
HOPV15,DomainAdaptationMMD,59,28.2,0.0
HOPV15,DomainAdaptationMMD,59,28.3,0.0
HOPV15,DomainAdaptationMMD,59,28.4,0.0
HOPV15,DomainAdaptationMMD,59,28.5,0.0
HOPV15,DomainAdaptationMMD,59,29.5,0.0
HOPV15,DomainAdaptationMMD,59,29.6,0.0
HOPV15,DomainAdaptationMMD,59,29.7,0.0
HOPV15,DomainAdaptationMMD,59,29.8,0.0
HOPV15,DomainAdaptationMMD,59,29.9,0.0
HOPV15,DomainAdaptationMMD,60,3.5,6.85
HOPV15,DomainAdaptationMMD,60,3.6,6.85
HOPV15,DomainAdaptationMMD,60,3.7,6.85
HOPV15,DomainAdaptationMMD,60,3.8,6.85
HOPV15,DomainAdaptationMMD,60,3.9,6.85
HOPV15,DomainAdaptationMMD,60,4.0,6.85
HOPV15,DomainAdaptationMMD,60,4.1,6.85
HOPV15,DomainAdaptationMMD,60,4.2,6.85
HOPV15,DomainAdaptationMMD,60,4.3,6.85
HOPV15,DomainAdaptationMMD,60,4.4,6.85
HOPV15,DomainAdaptationMMD,60,4.5,6.85
HOPV15,DomainAdaptationMMD,60,5.5,6.329999999999999
HOPV15,DomainAdaptationMMD,60,5.6,6.329999999999999
HOPV15,DomainAdaptationMMD,60,5.7,6.329999999999999
HOPV15,DomainAdaptationMMD,60,5.8,6.329999999999999
HOPV15,DomainAdaptationMMD,60,5.9,6.329999999999999
HOPV15,DomainAdaptationMMD,60,6.0,6.329999999999999
HOPV15,DomainAdaptationMMD,60,6.1,6.329999999999999
HOPV15,DomainAdaptationMMD,60,6.2,6.329999999999999
HOPV15,DomainAdaptationMMD,60,6.3,6.329999999999999
HOPV15,DomainAdaptationMMD,60,6.4,6.329999999999999
HOPV15,DomainAdaptationMMD,60,6.5,6.329999999999999
HOPV15,DomainAdaptationMMD,60,7.5,6.329999999999999
HOPV15,DomainAdaptationMMD,60,7.6,6.329999999999999
HOPV15,DomainAdaptationMMD,60,7.7,6.329999999999999
HOPV15,DomainAdaptationMMD,60,7.8,6.329999999999999
HOPV15,DomainAdaptationMMD,60,7.9,6.329999999999999
HOPV15,DomainAdaptationMMD,60,8.0,6.329999999999999
HOPV15,DomainAdaptationMMD,60,8.1,6.329999999999999
HOPV15,DomainAdaptationMMD,60,8.2,6.329999999999999
HOPV15,DomainAdaptationMMD,60,8.3,6.329999999999999
HOPV15,DomainAdaptationMMD,60,8.4,6.329999999999999
HOPV15,DomainAdaptationMMD,60,8.5,6.329999999999999
HOPV15,DomainAdaptationMMD,60,9.5,6.14
HOPV15,DomainAdaptationMMD,60,9.6,6.14
HOPV15,DomainAdaptationMMD,60,9.7,6.14
HOPV15,DomainAdaptationMMD,60,9.8,6.14
HOPV15,DomainAdaptationMMD,60,9.9,6.14
HOPV15,DomainAdaptationMMD,60,10.0,6.14
HOPV15,DomainAdaptationMMD,60,10.1,6.14
HOPV15,DomainAdaptationMMD,60,10.2,6.14
HOPV15,DomainAdaptationMMD,60,10.3,6.14
HOPV15,DomainAdaptationMMD,60,10.4,6.14
HOPV15,DomainAdaptationMMD,60,10.5,6.14
HOPV15,DomainAdaptationMMD,60,11.5,6.1
HOPV15,DomainAdaptationMMD,60,11.6,6.1
HOPV15,DomainAdaptationMMD,60,11.7,6.1
HOPV15,DomainAdaptationMMD,60,11.8,6.1
HOPV15,DomainAdaptationMMD,60,11.9,6.1
HOPV15,DomainAdaptationMMD,60,12.0,6.1
HOPV15,DomainAdaptationMMD,60,12.1,6.1
HOPV15,DomainAdaptationMMD,60,12.2,6.1
HOPV15,DomainAdaptationMMD,60,12.3,6.1
HOPV15,DomainAdaptationMMD,60,12.4,6.1
HOPV15,DomainAdaptationMMD,60,12.5,6.1
HOPV15,DomainAdaptationMMD,60,13.5,4.9
HOPV15,DomainAdaptationMMD,60,13.6,4.9
HOPV15,DomainAdaptationMMD,60,13.7,4.9
HOPV15,DomainAdaptationMMD,60,13.8,4.9
HOPV15,DomainAdaptationMMD,60,13.9,4.9
HOPV15,DomainAdaptationMMD,60,14.0,4.9
HOPV15,DomainAdaptationMMD,60,14.1,4.9
HOPV15,DomainAdaptationMMD,60,14.2,4.9
HOPV15,DomainAdaptationMMD,60,14.3,4.9
HOPV15,DomainAdaptationMMD,60,14.4,4.9
HOPV15,DomainAdaptationMMD,60,14.5,4.9
HOPV15,DomainAdaptationMMD,60,15.5,4.9
HOPV15,DomainAdaptationMMD,60,15.6,4.9
HOPV15,DomainAdaptationMMD,60,15.7,4.9
HOPV15,DomainAdaptationMMD,60,15.8,4.9
HOPV15,DomainAdaptationMMD,60,15.9,4.9
HOPV15,DomainAdaptationMMD,60,16.0,4.9
HOPV15,DomainAdaptationMMD,60,16.1,4.9
HOPV15,DomainAdaptationMMD,60,16.2,4.9
HOPV15,DomainAdaptationMMD,60,16.3,4.9
HOPV15,DomainAdaptationMMD,60,16.4,4.9
HOPV15,DomainAdaptationMMD,60,16.5,4.9
HOPV15,DomainAdaptationMMD,60,17.5,3.499999999999999
HOPV15,DomainAdaptationMMD,60,17.6,3.499999999999999
HOPV15,DomainAdaptationMMD,60,17.7,3.499999999999999
HOPV15,DomainAdaptationMMD,60,17.8,3.499999999999999
HOPV15,DomainAdaptationMMD,60,17.9,3.499999999999999
HOPV15,DomainAdaptationMMD,60,18.0,3.499999999999999
HOPV15,DomainAdaptationMMD,60,18.1,3.499999999999999
HOPV15,DomainAdaptationMMD,60,18.2,3.499999999999999
HOPV15,DomainAdaptationMMD,60,18.3,3.499999999999999
HOPV15,DomainAdaptationMMD,60,18.4,3.499999999999999
HOPV15,DomainAdaptationMMD,60,18.5,3.499999999999999
HOPV15,DomainAdaptationMMD,60,19.5,3.499999999999999
HOPV15,DomainAdaptationMMD,60,19.6,3.499999999999999
HOPV15,DomainAdaptationMMD,60,19.7,3.499999999999999
HOPV15,DomainAdaptationMMD,60,19.8,3.499999999999999
HOPV15,DomainAdaptationMMD,60,19.9,3.499999999999999
HOPV15,DomainAdaptationMMD,60,20.0,3.499999999999999
HOPV15,DomainAdaptationMMD,60,20.1,3.499999999999999
HOPV15,DomainAdaptationMMD,60,20.2,3.499999999999999
HOPV15,DomainAdaptationMMD,60,20.3,3.499999999999999
HOPV15,DomainAdaptationMMD,60,20.4,3.499999999999999
HOPV15,DomainAdaptationMMD,60,20.5,3.499999999999999
HOPV15,DomainAdaptationMMD,60,21.5,3.499999999999999
HOPV15,DomainAdaptationMMD,60,21.6,3.499999999999999
HOPV15,DomainAdaptationMMD,60,21.7,3.499999999999999
HOPV15,DomainAdaptationMMD,60,21.8,3.499999999999999
HOPV15,DomainAdaptationMMD,60,21.9,3.499999999999999
HOPV15,DomainAdaptationMMD,60,22.0,3.499999999999999
HOPV15,DomainAdaptationMMD,60,22.1,3.499999999999999
HOPV15,DomainAdaptationMMD,60,22.2,3.499999999999999
HOPV15,DomainAdaptationMMD,60,22.3,3.499999999999999
HOPV15,DomainAdaptationMMD,60,22.4,3.499999999999999
HOPV15,DomainAdaptationMMD,60,22.5,3.499999999999999
HOPV15,DomainAdaptationMMD,60,23.5,3.499999999999999
HOPV15,DomainAdaptationMMD,60,23.6,3.499999999999999
HOPV15,DomainAdaptationMMD,60,23.7,3.499999999999999
HOPV15,DomainAdaptationMMD,60,23.8,3.499999999999999
HOPV15,DomainAdaptationMMD,60,23.9,3.499999999999999
HOPV15,DomainAdaptationMMD,60,24.0,3.499999999999999
HOPV15,DomainAdaptationMMD,60,24.1,3.499999999999999
HOPV15,DomainAdaptationMMD,60,24.2,3.499999999999999
HOPV15,DomainAdaptationMMD,60,24.3,3.499999999999999
HOPV15,DomainAdaptationMMD,60,24.4,3.499999999999999
HOPV15,DomainAdaptationMMD,60,24.5,3.499999999999999
HOPV15,DomainAdaptationMMD,60,25.5,3.499999999999999
HOPV15,DomainAdaptationMMD,60,25.6,3.499999999999999
HOPV15,DomainAdaptationMMD,60,25.7,3.499999999999999
HOPV15,DomainAdaptationMMD,60,25.8,3.499999999999999
HOPV15,DomainAdaptationMMD,60,25.9,3.499999999999999
HOPV15,DomainAdaptationMMD,60,26.0,3.499999999999999
HOPV15,DomainAdaptationMMD,60,26.1,3.499999999999999
HOPV15,DomainAdaptationMMD,60,26.2,3.499999999999999
HOPV15,DomainAdaptationMMD,60,26.3,3.499999999999999
HOPV15,DomainAdaptationMMD,60,26.4,3.499999999999999
HOPV15,DomainAdaptationMMD,60,26.5,3.499999999999999
HOPV15,DomainAdaptationMMD,60,27.5,3.499999999999999
HOPV15,DomainAdaptationMMD,60,27.6,3.499999999999999
HOPV15,DomainAdaptationMMD,60,27.7,3.499999999999999
HOPV15,DomainAdaptationMMD,60,27.8,3.499999999999999
HOPV15,DomainAdaptationMMD,60,27.9,3.499999999999999
HOPV15,DomainAdaptationMMD,60,28.0,3.499999999999999
HOPV15,DomainAdaptationMMD,60,28.1,3.499999999999999
HOPV15,DomainAdaptationMMD,60,28.2,3.499999999999999
HOPV15,DomainAdaptationMMD,60,28.3,3.499999999999999
HOPV15,DomainAdaptationMMD,60,28.4,3.499999999999999
HOPV15,DomainAdaptationMMD,60,28.5,3.499999999999999
HOPV15,DomainAdaptationMMD,60,29.5,3.499999999999999
HOPV15,DomainAdaptationMMD,60,29.6,3.499999999999999
HOPV15,DomainAdaptationMMD,60,29.7,3.499999999999999
HOPV15,DomainAdaptationMMD,60,29.8,3.499999999999999
HOPV15,DomainAdaptationMMD,60,29.9,3.499999999999999
HOPV15,DomainAdaptationMMD,61,3.5,6.329999999999999
HOPV15,DomainAdaptationMMD,61,3.6,6.329999999999999
HOPV15,DomainAdaptationMMD,61,3.7,6.329999999999999
HOPV15,DomainAdaptationMMD,61,3.8,6.329999999999999
HOPV15,DomainAdaptationMMD,61,3.9,6.329999999999999
HOPV15,DomainAdaptationMMD,61,4.0,6.329999999999999
HOPV15,DomainAdaptationMMD,61,4.1,6.329999999999999
HOPV15,DomainAdaptationMMD,61,4.2,6.329999999999999
HOPV15,DomainAdaptationMMD,61,4.3,6.329999999999999
HOPV15,DomainAdaptationMMD,61,4.4,6.329999999999999
HOPV15,DomainAdaptationMMD,61,4.5,6.329999999999999
HOPV15,DomainAdaptationMMD,61,5.5,6.1
HOPV15,DomainAdaptationMMD,61,5.6,6.1
HOPV15,DomainAdaptationMMD,61,5.7,6.1
HOPV15,DomainAdaptationMMD,61,5.8,6.1
HOPV15,DomainAdaptationMMD,61,5.9,6.1
HOPV15,DomainAdaptationMMD,61,6.0,6.1
HOPV15,DomainAdaptationMMD,61,6.1,6.1
HOPV15,DomainAdaptationMMD,61,6.2,6.1
HOPV15,DomainAdaptationMMD,61,6.3,6.1
HOPV15,DomainAdaptationMMD,61,6.4,6.1
HOPV15,DomainAdaptationMMD,61,6.5,6.1
HOPV15,DomainAdaptationMMD,61,7.5,6.1
HOPV15,DomainAdaptationMMD,61,7.6,6.1
HOPV15,DomainAdaptationMMD,61,7.7,6.1
HOPV15,DomainAdaptationMMD,61,7.8,6.1
HOPV15,DomainAdaptationMMD,61,7.9,6.1
HOPV15,DomainAdaptationMMD,61,8.0,6.1
HOPV15,DomainAdaptationMMD,61,8.1,6.1
HOPV15,DomainAdaptationMMD,61,8.2,6.1
HOPV15,DomainAdaptationMMD,61,8.3,6.1
HOPV15,DomainAdaptationMMD,61,8.4,6.1
HOPV15,DomainAdaptationMMD,61,8.5,6.1
HOPV15,DomainAdaptationMMD,61,9.5,4.8999999999999995
HOPV15,DomainAdaptationMMD,61,9.6,4.8999999999999995
HOPV15,DomainAdaptationMMD,61,9.7,4.8999999999999995
HOPV15,DomainAdaptationMMD,61,9.8,4.8999999999999995
HOPV15,DomainAdaptationMMD,61,9.9,4.8999999999999995
HOPV15,DomainAdaptationMMD,61,10.0,4.8999999999999995
HOPV15,DomainAdaptationMMD,61,10.1,4.8999999999999995
HOPV15,DomainAdaptationMMD,61,10.2,4.8999999999999995
HOPV15,DomainAdaptationMMD,61,10.3,4.8999999999999995
HOPV15,DomainAdaptationMMD,61,10.4,4.8999999999999995
HOPV15,DomainAdaptationMMD,61,10.5,4.8999999999999995
HOPV15,DomainAdaptationMMD,61,11.5,4.8999999999999995
HOPV15,DomainAdaptationMMD,61,11.6,4.8999999999999995
HOPV15,DomainAdaptationMMD,61,11.7,4.8999999999999995
HOPV15,DomainAdaptationMMD,61,11.8,4.8999999999999995
HOPV15,DomainAdaptationMMD,61,11.9,4.8999999999999995
HOPV15,DomainAdaptationMMD,61,12.0,4.8999999999999995
HOPV15,DomainAdaptationMMD,61,12.1,4.8999999999999995
HOPV15,DomainAdaptationMMD,61,12.2,4.8999999999999995
HOPV15,DomainAdaptationMMD,61,12.3,4.8999999999999995
HOPV15,DomainAdaptationMMD,61,12.4,4.8999999999999995
HOPV15,DomainAdaptationMMD,61,12.5,4.8999999999999995
HOPV15,DomainAdaptationMMD,61,13.5,0.0
HOPV15,DomainAdaptationMMD,61,13.6,0.0
HOPV15,DomainAdaptationMMD,61,13.7,0.0
HOPV15,DomainAdaptationMMD,61,13.8,0.0
HOPV15,DomainAdaptationMMD,61,13.9,0.0
HOPV15,DomainAdaptationMMD,61,14.0,0.0
HOPV15,DomainAdaptationMMD,61,14.1,0.0
HOPV15,DomainAdaptationMMD,61,14.2,0.0
HOPV15,DomainAdaptationMMD,61,14.3,0.0
HOPV15,DomainAdaptationMMD,61,14.4,0.0
HOPV15,DomainAdaptationMMD,61,14.5,0.0
HOPV15,DomainAdaptationMMD,61,15.5,0.0
HOPV15,DomainAdaptationMMD,61,15.6,0.0
HOPV15,DomainAdaptationMMD,61,15.7,0.0
HOPV15,DomainAdaptationMMD,61,15.8,0.0
HOPV15,DomainAdaptationMMD,61,15.9,0.0
HOPV15,DomainAdaptationMMD,61,16.0,0.0
HOPV15,DomainAdaptationMMD,61,16.1,0.0
HOPV15,DomainAdaptationMMD,61,16.2,0.0
HOPV15,DomainAdaptationMMD,61,16.3,0.0
HOPV15,DomainAdaptationMMD,61,16.4,0.0
HOPV15,DomainAdaptationMMD,61,16.5,0.0
HOPV15,DomainAdaptationMMD,61,17.5,0.0
HOPV15,DomainAdaptationMMD,61,17.6,0.0
HOPV15,DomainAdaptationMMD,61,17.7,0.0
HOPV15,DomainAdaptationMMD,61,17.8,0.0
HOPV15,DomainAdaptationMMD,61,17.9,0.0
HOPV15,DomainAdaptationMMD,61,18.0,0.0
HOPV15,DomainAdaptationMMD,61,18.1,0.0
HOPV15,DomainAdaptationMMD,61,18.2,0.0
HOPV15,DomainAdaptationMMD,61,18.3,0.0
HOPV15,DomainAdaptationMMD,61,18.4,0.0
HOPV15,DomainAdaptationMMD,61,18.5,0.0
HOPV15,DomainAdaptationMMD,61,19.5,0.0
HOPV15,DomainAdaptationMMD,61,19.6,0.0
HOPV15,DomainAdaptationMMD,61,19.7,0.0
HOPV15,DomainAdaptationMMD,61,19.8,0.0
HOPV15,DomainAdaptationMMD,61,19.9,0.0
HOPV15,DomainAdaptationMMD,61,20.0,0.0
HOPV15,DomainAdaptationMMD,61,20.1,0.0
HOPV15,DomainAdaptationMMD,61,20.2,0.0
HOPV15,DomainAdaptationMMD,61,20.3,0.0
HOPV15,DomainAdaptationMMD,61,20.4,0.0
HOPV15,DomainAdaptationMMD,61,20.5,0.0
HOPV15,DomainAdaptationMMD,61,21.5,0.0
HOPV15,DomainAdaptationMMD,61,21.6,0.0
HOPV15,DomainAdaptationMMD,61,21.7,0.0
HOPV15,DomainAdaptationMMD,61,21.8,0.0
HOPV15,DomainAdaptationMMD,61,21.9,0.0
HOPV15,DomainAdaptationMMD,61,22.0,0.0
HOPV15,DomainAdaptationMMD,61,22.1,0.0
HOPV15,DomainAdaptationMMD,61,22.2,0.0
HOPV15,DomainAdaptationMMD,61,22.3,0.0
HOPV15,DomainAdaptationMMD,61,22.4,0.0
HOPV15,DomainAdaptationMMD,61,22.5,0.0
HOPV15,DomainAdaptationMMD,61,23.5,0.0
HOPV15,DomainAdaptationMMD,61,23.6,0.0
HOPV15,DomainAdaptationMMD,61,23.7,0.0
HOPV15,DomainAdaptationMMD,61,23.8,0.0
HOPV15,DomainAdaptationMMD,61,23.9,0.0
HOPV15,DomainAdaptationMMD,61,24.0,0.0
HOPV15,DomainAdaptationMMD,61,24.1,0.0
HOPV15,DomainAdaptationMMD,61,24.2,0.0
HOPV15,DomainAdaptationMMD,61,24.3,0.0
HOPV15,DomainAdaptationMMD,61,24.4,0.0
HOPV15,DomainAdaptationMMD,61,24.5,0.0
HOPV15,DomainAdaptationMMD,61,25.5,0.0
HOPV15,DomainAdaptationMMD,61,25.6,0.0
HOPV15,DomainAdaptationMMD,61,25.7,0.0
HOPV15,DomainAdaptationMMD,61,25.8,0.0
HOPV15,DomainAdaptationMMD,61,25.9,0.0
HOPV15,DomainAdaptationMMD,61,26.0,0.0
HOPV15,DomainAdaptationMMD,61,26.1,0.0
HOPV15,DomainAdaptationMMD,61,26.2,0.0
HOPV15,DomainAdaptationMMD,61,26.3,0.0
HOPV15,DomainAdaptationMMD,61,26.4,0.0
HOPV15,DomainAdaptationMMD,61,26.5,0.0
HOPV15,DomainAdaptationMMD,61,27.5,0.0
HOPV15,DomainAdaptationMMD,61,27.6,0.0
HOPV15,DomainAdaptationMMD,61,27.7,0.0
HOPV15,DomainAdaptationMMD,61,27.8,0.0
HOPV15,DomainAdaptationMMD,61,27.9,0.0
HOPV15,DomainAdaptationMMD,61,28.0,0.0
HOPV15,DomainAdaptationMMD,61,28.1,0.0
HOPV15,DomainAdaptationMMD,61,28.2,0.0
HOPV15,DomainAdaptationMMD,61,28.3,0.0
HOPV15,DomainAdaptationMMD,61,28.4,0.0
HOPV15,DomainAdaptationMMD,61,28.5,0.0
HOPV15,DomainAdaptationMMD,61,29.5,0.0
HOPV15,DomainAdaptationMMD,61,29.6,0.0
HOPV15,DomainAdaptationMMD,61,29.7,0.0
HOPV15,DomainAdaptationMMD,61,29.8,0.0
HOPV15,DomainAdaptationMMD,61,29.9,0.0
