benchmark,model,seed,budget,regret
Park-Fav,NARGP,42,4.5,4.766171863111
Park-Fav,NARGP,42,4.6,4.766171863111
Park-Fav,NARGP,42,4.7,4.766171863111
Park-Fav,NARGP,42,4.8,4.766171863111
Park-Fav,NARGP,42,4.9,4.766171863111
Park-Fav,NARGP,42,5.0,4.766171863111
Park-Fav,NARGP,42,5.1,4.766171863111
Park-Fav,NARGP,42,5.2,4.766171863111
Park-Fav,NARGP,42,5.3,4.766171863111
Park-Fav,NARGP,42,5.4,4.766171863111
Park-Fav,NARGP,42,5.5,4.766171863111
Park-Fav,NARGP,42,6.5,4.766171863111
Park-Fav,NARGP,42,6.6,4.766171863111
Park-Fav,NARGP,42,6.7,4.766171863111
Park-Fav,NARGP,42,6.8,4.766171863111
Park-Fav,NARGP,42,6.9,4.766171863111
Park-Fav,NARGP,42,7.0,4.766171863111
Park-Fav,NARGP,42,7.1,4.766171863111
Park-Fav,NARGP,42,7.2,4.766171863111
Park-Fav,NARGP,42,7.3,4.766171863111
Park-Fav,NARGP,42,7.4,4.766171863111
Park-Fav,NARGP,42,7.5,4.766171863111
Park-Fav,NARGP,42,8.5,4.6971362701588015
Park-Fav,NARGP,42,8.6,4.6971362701588015
Park-Fav,NARGP,42,8.7,4.6971362701588015
Park-Fav,NARGP,42,8.8,4.6971362701588015
Park-Fav,NARGP,42,8.9,4.6971362701588015
Park-Fav,NARGP,42,9.0,4.6971362701588015
Park-Fav,NARGP,42,9.1,4.6971362701588015
Park-Fav,NARGP,42,9.2,4.6971362701588015
Park-Fav,NARGP,42,9.3,4.6971362701588015
Park-Fav,NARGP,42,9.4,4.6971362701588015
Park-Fav,NARGP,42,9.5,4.6971362701588015
Park-Fav,NARGP,42,10.5,4.530469605367135
Park-Fav,NARGP,42,10.6,4.530469605367135
Park-Fav,NARGP,42,10.7,4.530469605367135
Park-Fav,NARGP,42,10.8,4.530469605367135
Park-Fav,NARGP,42,10.9,4.530469605367135
Park-Fav,NARGP,42,11.0,4.530469605367135
Park-Fav,NARGP,42,11.1,4.530469605367135
Park-Fav,NARGP,42,11.2,4.530469605367135
Park-Fav,NARGP,42,11.3,4.530469605367135
Park-Fav,NARGP,42,11.4,4.530469605367135
Park-Fav,NARGP,42,11.5,4.530469605367135
Park-Fav,NARGP,42,12.5,3.7910423217141207
Park-Fav,NARGP,42,12.6,3.7910423217141207
Park-Fav,NARGP,42,12.7,3.7910423217141207
Park-Fav,NARGP,42,12.8,3.7910423217141207
Park-Fav,NARGP,42,12.9,3.7910423217141207
Park-Fav,NARGP,42,13.0,3.7910423217141207
Park-Fav,NARGP,42,13.1,3.7910423217141207
Park-Fav,NARGP,42,13.2,3.7910423217141207
Park-Fav,NARGP,42,13.3,3.7910423217141207
Park-Fav,NARGP,42,13.4,3.7910423217141207
Park-Fav,NARGP,42,13.5,3.7910423217141207
Park-Fav,NARGP,42,14.5,3.7910423217141207
Park-Fav,NARGP,42,14.6,3.7910423217141207
Park-Fav,NARGP,42,14.7,3.7910423217141207
Park-Fav,NARGP,42,14.8,3.7910423217141207
Park-Fav,NARGP,42,14.9,3.7910423217141207
Park-Fav,NARGP,42,15.0,3.7910423217141207
Park-Fav,NARGP,42,15.1,3.7910423217141207
Park-Fav,NARGP,42,15.2,3.7910423217141207
Park-Fav,NARGP,42,15.3,3.7910423217141207
Park-Fav,NARGP,42,15.4,3.7910423217141207
Park-Fav,NARGP,42,15.5,3.7910423217141207
Park-Fav,NARGP,42,16.5,3.7910423217141207
Park-Fav,NARGP,42,16.6,3.7910423217141207
Park-Fav,NARGP,42,16.7,3.7910423217141207
Park-Fav,NARGP,42,16.8,3.7910423217141207
Park-Fav,NARGP,42,16.9,3.7910423217141207
Park-Fav,NARGP,42,17.0,3.7910423217141207
Park-Fav,NARGP,42,17.1,3.7910423217141207
Park-Fav,NARGP,42,17.2,3.7910423217141207
Park-Fav,NARGP,42,17.3,3.7910423217141207
Park-Fav,NARGP,42,17.4,3.7910423217141207
Park-Fav,NARGP,42,17.5,3.7910423217141207
Park-Fav,NARGP,42,18.5,3.6243756625474535
Park-Fav,NARGP,42,18.6,3.6243756625474535
Park-Fav,NARGP,42,18.7,3.6243756625474535
Park-Fav,NARGP,42,18.8,3.6243756625474535
Park-Fav,NARGP,42,18.9,3.6243756625474535
Park-Fav,NARGP,42,19.0,3.6243756625474535
Park-Fav,NARGP,42,19.1,3.6243756625474535
Park-Fav,NARGP,42,19.2,3.6243756625474535
Park-Fav,NARGP,42,19.3,3.6243756625474535
Park-Fav,NARGP,42,19.4,3.6243756625474535
Park-Fav,NARGP,42,19.5,3.6243756625474535
Park-Fav,NARGP,42,20.5,3.6243756625474535
Park-Fav,NARGP,42,20.6,3.6243756625474535
Park-Fav,NARGP,42,20.7,3.6243756625474535
Park-Fav,NARGP,42,20.8,3.6243756625474535
Park-Fav,NARGP,42,20.9,3.6243756625474535
Park-Fav,NARGP,42,21.0,3.6243756625474535
Park-Fav,NARGP,42,21.1,3.6243756625474535
Park-Fav,NARGP,42,21.2,3.6243756625474535
Park-Fav,NARGP,42,21.3,3.6243756625474535
Park-Fav,NARGP,42,21.4,3.6243756625474535
Park-Fav,NARGP,42,21.5,3.6243756625474535
Park-Fav,NARGP,42,22.5,3.6243756625474535
Park-Fav,NARGP,42,22.6,3.6243756625474535
Park-Fav,NARGP,42,22.7,3.6243756625474535
Park-Fav,NARGP,42,22.8,3.6243756625474535
Park-Fav,NARGP,42,22.9,3.6243756625474535
Park-Fav,NARGP,42,23.0,3.6243756625474535
Park-Fav,NARGP,42,23.1,3.6243756625474535
Park-Fav,NARGP,42,23.2,3.6243756625474535
Park-Fav,NARGP,42,23.3,3.6243756625474535
Park-Fav,NARGP,42,23.4,3.6243756625474535
Park-Fav,NARGP,42,23.5,3.6243756625474535
Park-Fav,NARGP,42,24.5,2.7182817469105904
Park-Fav,NARGP,42,24.6,2.7182817469105904
Park-Fav,NARGP,42,24.7,2.7182817469105904
Park-Fav,NARGP,42,24.8,2.7182817469105904
Park-Fav,NARGP,42,24.9,2.7182817469105904
Park-Fav,NARGP,42,25.0,2.7182817469105904
Park-Fav,NARGP,42,25.1,2.7182817469105904
Park-Fav,NARGP,42,25.2,2.7182817469105904
Park-Fav,NARGP,42,25.3,2.7182817469105904
Park-Fav,NARGP,42,25.4,2.7182817469105904
Park-Fav,NARGP,42,25.5,2.7182817469105904
Park-Fav,NARGP,42,26.5,2.7182817469105904
Park-Fav,NARGP,42,26.6,2.7182817469105904
Park-Fav,NARGP,42,26.7,2.7182817469105904
Park-Fav,NARGP,42,26.8,2.7182817469105904
Park-Fav,NARGP,42,26.9,2.7182817469105904
Park-Fav,NARGP,42,27.0,2.7182817469105904
Park-Fav,NARGP,42,27.1,2.7182817469105904
Park-Fav,NARGP,42,27.2,2.7182817469105904
Park-Fav,NARGP,42,27.3,2.7182817469105904
Park-Fav,NARGP,42,27.4,2.7182817469105904
Park-Fav,NARGP,42,27.5,2.7182817469105904
Park-Fav,NARGP,42,28.5,2.7182817469105904
Park-Fav,NARGP,42,28.6,2.7182817469105904
Park-Fav,NARGP,42,28.7,2.7182817469105904
Park-Fav,NARGP,42,28.8,2.7182817469105904
Park-Fav,NARGP,42,28.9,2.7182817469105904
Park-Fav,NARGP,42,29.0,2.7182817469105904
Park-Fav,NARGP,42,29.1,2.7182817469105904
Park-Fav,NARGP,42,29.2,2.7182817469105904
Park-Fav,NARGP,42,29.3,2.7182817469105904
Park-Fav,NARGP,42,29.4,2.7182817469105904
Park-Fav,NARGP,42,29.5,2.7182817469105904
Park-Fav,NARGP,42,30.5,2.7182817469105904
Park-Fav,NARGP,42,30.6,2.7182817469105904
Park-Fav,NARGP,42,30.7,2.7182817469105904
Park-Fav,NARGP,42,30.8,2.7182817469105904
Park-Fav,NARGP,42,30.9,2.7182817469105904
Park-Fav,NARGP,42,31.0,2.7182817469105904
Park-Fav,NARGP,42,31.1,2.7182817469105904
Park-Fav,NARGP,42,31.2,2.7182817469105904
Park-Fav,NARGP,42,31.3,2.7182817469105904
Park-Fav,NARGP,42,31.4,2.7182817469105904
Park-Fav,NARGP,42,31.5,2.7182817469105904
Park-Fav,NARGP,42,32.5,2.7182817469105904
Park-Fav,NARGP,42,32.6,2.7182817469105904
Park-Fav,NARGP,42,32.7,2.7182817469105904
Park-Fav,NARGP,42,32.8,2.7182817469105904
Park-Fav,NARGP,42,32.9,2.7182817469105904
Park-Fav,NARGP,42,33.0,2.7182817469105904
Park-Fav,NARGP,42,33.1,2.7182817469105904
Park-Fav,NARGP,42,33.2,2.7182817469105904
Park-Fav,NARGP,42,33.3,2.7182817469105904
Park-Fav,NARGP,42,33.4,2.7182817469105904
Park-Fav,NARGP,42,33.5,2.7182817469105904
Park-Fav,NARGP,42,34.5,2.7182817469105904
Park-Fav,NARGP,42,34.6,2.7182817469105904
Park-Fav,NARGP,42,34.7,2.7182817469105904
Park-Fav,NARGP,42,34.8,2.7182817469105904
Park-Fav,NARGP,42,34.9,2.7182817469105904
Park-Fav,NARGP,42,35.0,2.7182817469105904
Park-Fav,NARGP,42,35.1,2.7182817469105904
Park-Fav,NARGP,42,35.2,2.7182817469105904
Park-Fav,NARGP,42,35.3,2.7182817469105904
Park-Fav,NARGP,42,35.4,2.7182817469105904
Park-Fav,NARGP,42,35.5,2.7182817469105904
Park-Fav,NARGP,42,36.5,2.7182817469105904
Park-Fav,NARGP,42,36.6,2.7182817469105904
Park-Fav,NARGP,42,36.7,2.7182817469105904
Park-Fav,NARGP,42,36.8,2.7182817469105904
Park-Fav,NARGP,42,36.9,2.7182817469105904
Park-Fav,NARGP,42,37.0,2.7182817469105904
Park-Fav,NARGP,42,37.1,2.7182817469105904
Park-Fav,NARGP,42,37.2,2.7182817469105904
Park-Fav,NARGP,42,37.3,2.7182817469105904
Park-Fav,NARGP,42,37.4,2.7182817469105904
Park-Fav,NARGP,42,37.5,2.7182817469105904
Park-Fav,NARGP,42,38.5,2.7182817469105904
Park-Fav,NARGP,42,38.6,2.7182817469105904
Park-Fav,NARGP,42,38.7,2.7182817469105904
Park-Fav,NARGP,42,38.8,2.7182817469105904
Park-Fav,NARGP,42,38.9,2.7182817469105904
Park-Fav,NARGP,42,39.0,2.7182817469105904
Park-Fav,NARGP,42,39.1,2.7182817469105904
Park-Fav,NARGP,42,39.2,2.7182817469105904
Park-Fav,NARGP,42,39.3,2.7182817469105904
Park-Fav,NARGP,42,39.4,2.7182817469105904
Park-Fav,NARGP,42,39.5,2.7182817469105904
Park-Fav,NARGP,42,40.5,2.7182817469105904
Park-Fav,NARGP,42,40.6,2.7182817469105904
Park-Fav,NARGP,42,40.7,2.7182817469105904
Park-Fav,NARGP,42,40.8,2.7182817469105904
Park-Fav,NARGP,42,40.9,2.7182817469105904
Park-Fav,NARGP,42,41.0,2.7182817469105904
Park-Fav,NARGP,42,41.1,2.7182817469105904
Park-Fav,NARGP,42,41.2,2.7182817469105904
Park-Fav,NARGP,42,41.3,2.7182817469105904
Park-Fav,NARGP,42,41.4,2.7182817469105904
Park-Fav,NARGP,42,41.5,2.7182817469105904
Park-Fav,NARGP,42,42.5,0.9061227831490236
Park-Fav,NARGP,42,42.6,0.9061227831490236
Park-Fav,NARGP,42,42.7,0.9061227831490236
Park-Fav,NARGP,42,42.8,0.9061227831490236
Park-Fav,NARGP,42,42.9,0.9061227831490236
Park-Fav,NARGP,42,43.0,0.9061227831490236
Park-Fav,NARGP,42,43.1,0.9061227831490236
Park-Fav,NARGP,42,43.2,0.9061227831490236
Park-Fav,NARGP,42,43.3,0.9061227831490236
Park-Fav,NARGP,42,43.4,0.9061227831490236
Park-Fav,NARGP,42,43.5,0.9061227831490236
Park-Fav,NARGP,42,44.5,0.9061227831490236
Park-Fav,NARGP,42,44.6,0.9061227831490236
Park-Fav,NARGP,42,44.7,0.9061227831490236
Park-Fav,NARGP,42,44.8,0.9061227831490236
Park-Fav,NARGP,42,44.9,0.9061227831490236
Park-Fav,NARGP,42,45.0,0.9061227831490236
Park-Fav,NARGP,42,45.1,0.9061227831490236
Park-Fav,NARGP,42,45.2,0.9061227831490236
Park-Fav,NARGP,42,45.3,0.9061227831490236
Park-Fav,NARGP,42,45.4,0.9061227831490236
Park-Fav,NARGP,42,45.5,0.9061227831490236
Park-Fav,NARGP,42,46.5,0.9061227831490236
Park-Fav,NARGP,42,46.6,0.9061227831490236
Park-Fav,NARGP,42,46.7,0.9061227831490236
Park-Fav,NARGP,42,46.8,0.9061227831490236
Park-Fav,NARGP,42,46.9,0.9061227831490236
Park-Fav,NARGP,42,47.0,0.9061227831490236
Park-Fav,NARGP,42,47.1,0.9061227831490236
Park-Fav,NARGP,42,47.2,0.9061227831490236
Park-Fav,NARGP,42,47.3,0.9061227831490236
Park-Fav,NARGP,42,47.4,0.9061227831490236
Park-Fav,NARGP,42,47.5,0.9061227831490236
Park-Fav,NARGP,42,48.5,0.9060939156368631
Park-Fav,NARGP,42,48.6,0.9060939156368631
Park-Fav,NARGP,42,48.7,0.9060939156368631
Park-Fav,NARGP,42,48.8,0.9060939156368631
Park-Fav,NARGP,42,48.9,0.9060939156368631
Park-Fav,NARGP,42,49.0,0.9060939156368631
Park-Fav,NARGP,42,49.1,0.9060939156368631
Park-Fav,NARGP,42,49.2,0.9060939156368631
Park-Fav,NARGP,42,49.3,0.9060939156368631
Park-Fav,NARGP,42,49.4,0.9060939156368631
Park-Fav,NARGP,42,49.5,0.9060939156368631
Park-Fav,NARGP,42,49.6,0.9060939156368631
Park-Fav,NARGP,42,49.7,0.9060939156368631
Park-Fav,NARGP,42,49.8,0.9060939156368631
Park-Fav,NARGP,42,49.9,0.9060939156368631
Park-Fav,NARGP,43,4.5,3.363292410571124
Park-Fav,NARGP,43,4.6,3.363292410571124
Park-Fav,NARGP,43,4.7,3.363292410571124
Park-Fav,NARGP,43,4.8,3.363292410571124
Park-Fav,NARGP,43,4.9,3.363292410571124
Park-Fav,NARGP,43,5.0,3.363292410571124
Park-Fav,NARGP,43,5.1,3.363292410571124
Park-Fav,NARGP,43,5.2,3.363292410571124
Park-Fav,NARGP,43,5.3,3.363292410571124
Park-Fav,NARGP,43,5.4,3.363292410571124
Park-Fav,NARGP,43,5.5,3.363292410571124
Park-Fav,NARGP,43,6.5,3.363292410571124
Park-Fav,NARGP,43,6.6,3.363292410571124
Park-Fav,NARGP,43,6.7,3.363292410571124
Park-Fav,NARGP,43,6.8,3.363292410571124
Park-Fav,NARGP,43,6.9,3.363292410571124
Park-Fav,NARGP,43,7.0,3.363292410571124
Park-Fav,NARGP,43,7.1,3.363292410571124
Park-Fav,NARGP,43,7.2,3.363292410571124
Park-Fav,NARGP,43,7.3,3.363292410571124
Park-Fav,NARGP,43,7.4,3.363292410571124
Park-Fav,NARGP,43,7.5,3.363292410571124
Park-Fav,NARGP,43,8.5,3.363283801798735
Park-Fav,NARGP,43,8.6,3.363283801798735
Park-Fav,NARGP,43,8.7,3.363283801798735
Park-Fav,NARGP,43,8.8,3.363283801798735
Park-Fav,NARGP,43,8.9,3.363283801798735
Park-Fav,NARGP,43,9.0,3.363283801798735
Park-Fav,NARGP,43,9.1,3.363283801798735
Park-Fav,NARGP,43,9.2,3.363283801798735
Park-Fav,NARGP,43,9.3,3.363283801798735
Park-Fav,NARGP,43,9.4,3.363283801798735
Park-Fav,NARGP,43,9.5,3.363283801798735
Park-Fav,NARGP,43,10.5,3.363273039277005
Park-Fav,NARGP,43,10.6,3.363273039277005
Park-Fav,NARGP,43,10.7,3.363273039277005
Park-Fav,NARGP,43,10.8,3.363273039277005
Park-Fav,NARGP,43,10.9,3.363273039277005
Park-Fav,NARGP,43,11.0,3.363273039277005
Park-Fav,NARGP,43,11.1,3.363273039277005
Park-Fav,NARGP,43,11.2,3.363273039277005
Park-Fav,NARGP,43,11.3,3.363273039277005
Park-Fav,NARGP,43,11.4,3.363273039277005
Park-Fav,NARGP,43,11.5,3.363273039277005
Park-Fav,NARGP,43,12.5,3.363273039277005
Park-Fav,NARGP,43,12.6,3.363273039277005
Park-Fav,NARGP,43,12.7,3.363273039277005
Park-Fav,NARGP,43,12.8,3.363273039277005
Park-Fav,NARGP,43,12.9,3.363273039277005
Park-Fav,NARGP,43,13.0,3.363273039277005
Park-Fav,NARGP,43,13.1,3.363273039277005
Park-Fav,NARGP,43,13.2,3.363273039277005
Park-Fav,NARGP,43,13.3,3.363273039277005
Park-Fav,NARGP,43,13.4,3.363273039277005
Park-Fav,NARGP,43,13.5,3.363273039277005
Park-Fav,NARGP,43,14.5,3.363273039277005
Park-Fav,NARGP,43,14.6,3.363273039277005
Park-Fav,NARGP,43,14.7,3.363273039277005
Park-Fav,NARGP,43,14.8,3.363273039277005
Park-Fav,NARGP,43,14.9,3.363273039277005
Park-Fav,NARGP,43,15.0,3.363273039277005
Park-Fav,NARGP,43,15.1,3.363273039277005
Park-Fav,NARGP,43,15.2,3.363273039277005
Park-Fav,NARGP,43,15.3,3.363273039277005
Park-Fav,NARGP,43,15.4,3.363273039277005
Park-Fav,NARGP,43,15.5,3.363273039277005
Park-Fav,NARGP,43,16.5,3.363273039277005
Park-Fav,NARGP,43,16.6,3.363273039277005
Park-Fav,NARGP,43,16.7,3.363273039277005
Park-Fav,NARGP,43,16.8,3.363273039277005
Park-Fav,NARGP,43,16.9,3.363273039277005
Park-Fav,NARGP,43,17.0,3.363273039277005
Park-Fav,NARGP,43,17.1,3.363273039277005
Park-Fav,NARGP,43,17.2,3.363273039277005
Park-Fav,NARGP,43,17.3,3.363273039277005
Park-Fav,NARGP,43,17.4,3.363273039277005
Park-Fav,NARGP,43,17.5,3.363273039277005
Park-Fav,NARGP,43,18.5,3.363273039277005
Park-Fav,NARGP,43,18.6,3.363273039277005
Park-Fav,NARGP,43,18.7,3.363273039277005
Park-Fav,NARGP,43,18.8,3.363273039277005
Park-Fav,NARGP,43,18.9,3.363273039277005
Park-Fav,NARGP,43,19.0,3.363273039277005
Park-Fav,NARGP,43,19.1,3.363273039277005
Park-Fav,NARGP,43,19.2,3.363273039277005
Park-Fav,NARGP,43,19.3,3.363273039277005
Park-Fav,NARGP,43,19.4,3.363273039277005
Park-Fav,NARGP,43,19.5,3.363273039277005
Park-Fav,NARGP,43,20.5,2.5136675233319035
Park-Fav,NARGP,43,20.6,2.5136675233319035
Park-Fav,NARGP,43,20.7,2.5136675233319035
Park-Fav,NARGP,43,20.8,2.5136675233319035
Park-Fav,NARGP,43,20.9,2.5136675233319035
Park-Fav,NARGP,43,21.0,2.5136675233319035
Park-Fav,NARGP,43,21.1,2.5136675233319035
Park-Fav,NARGP,43,21.2,2.5136675233319035
Park-Fav,NARGP,43,21.3,2.5136675233319035
Park-Fav,NARGP,43,21.4,2.5136675233319035
Park-Fav,NARGP,43,21.5,2.5136675233319035
Park-Fav,NARGP,43,22.5,2.5136675233319035
Park-Fav,NARGP,43,22.6,2.5136675233319035
Park-Fav,NARGP,43,22.7,2.5136675233319035
Park-Fav,NARGP,43,22.8,2.5136675233319035
Park-Fav,NARGP,43,22.9,2.5136675233319035
Park-Fav,NARGP,43,23.0,2.5136675233319035
Park-Fav,NARGP,43,23.1,2.5136675233319035
Park-Fav,NARGP,43,23.2,2.5136675233319035
Park-Fav,NARGP,43,23.3,2.5136675233319035
Park-Fav,NARGP,43,23.4,2.5136675233319035
Park-Fav,NARGP,43,23.5,2.5136675233319035
Park-Fav,NARGP,43,24.5,2.5136675233319035
Park-Fav,NARGP,43,24.6,2.5136675233319035
Park-Fav,NARGP,43,24.7,2.5136675233319035
Park-Fav,NARGP,43,24.8,2.5136675233319035
Park-Fav,NARGP,43,24.9,2.5136675233319035
Park-Fav,NARGP,43,25.0,2.5136675233319035
Park-Fav,NARGP,43,25.1,2.5136675233319035
Park-Fav,NARGP,43,25.2,2.5136675233319035
Park-Fav,NARGP,43,25.3,2.5136675233319035
Park-Fav,NARGP,43,25.4,2.5136675233319035
Park-Fav,NARGP,43,25.5,2.5136675233319035
Park-Fav,NARGP,43,26.5,2.513650856665425
Park-Fav,NARGP,43,26.6,2.513650856665425
Park-Fav,NARGP,43,26.7,2.513650856665425
Park-Fav,NARGP,43,26.8,2.513650856665425
Park-Fav,NARGP,43,26.9,2.513650856665425
Park-Fav,NARGP,43,27.0,2.513650856665425
Park-Fav,NARGP,43,27.1,2.513650856665425
Park-Fav,NARGP,43,27.2,2.513650856665425
Park-Fav,NARGP,43,27.3,2.513650856665425
Park-Fav,NARGP,43,27.4,2.513650856665425
Park-Fav,NARGP,43,27.5,2.513650856665425
Park-Fav,NARGP,43,28.5,1.81221672596968
Park-Fav,NARGP,43,28.6,1.81221672596968
Park-Fav,NARGP,43,28.7,1.81221672596968
Park-Fav,NARGP,43,28.8,1.81221672596968
Park-Fav,NARGP,43,28.9,1.81221672596968
Park-Fav,NARGP,43,29.0,1.81221672596968
Park-Fav,NARGP,43,29.1,1.81221672596968
Park-Fav,NARGP,43,29.2,1.81221672596968
Park-Fav,NARGP,43,29.3,1.81221672596968
Park-Fav,NARGP,43,29.4,1.81221672596968
Park-Fav,NARGP,43,29.5,1.81221672596968
Park-Fav,NARGP,43,30.5,1.81221672596968
Park-Fav,NARGP,43,30.6,1.81221672596968
Park-Fav,NARGP,43,30.7,1.81221672596968
Park-Fav,NARGP,43,30.8,1.81221672596968
Park-Fav,NARGP,43,30.9,1.81221672596968
Park-Fav,NARGP,43,31.0,1.81221672596968
Park-Fav,NARGP,43,31.1,1.81221672596968
Park-Fav,NARGP,43,31.2,1.81221672596968
Park-Fav,NARGP,43,31.3,1.81221672596968
Park-Fav,NARGP,43,31.4,1.81221672596968
Park-Fav,NARGP,43,31.5,1.81221672596968
Park-Fav,NARGP,43,32.5,1.81221672596968
Park-Fav,NARGP,43,32.6,1.81221672596968
Park-Fav,NARGP,43,32.7,1.81221672596968
Park-Fav,NARGP,43,32.8,1.81221672596968
Park-Fav,NARGP,43,32.9,1.81221672596968
Park-Fav,NARGP,43,33.0,1.81221672596968
Park-Fav,NARGP,43,33.1,1.81221672596968
Park-Fav,NARGP,43,33.2,1.81221672596968
Park-Fav,NARGP,43,33.3,1.81221672596968
Park-Fav,NARGP,43,33.4,1.81221672596968
Park-Fav,NARGP,43,33.5,1.81221672596968
Park-Fav,NARGP,43,34.5,1.8121878584565447
Park-Fav,NARGP,43,34.6,1.8121878584565447
Park-Fav,NARGP,43,34.7,1.8121878584565447
Park-Fav,NARGP,43,34.8,1.8121878584565447
Park-Fav,NARGP,43,34.9,1.8121878584565447
Park-Fav,NARGP,43,35.0,1.8121878584565447
Park-Fav,NARGP,43,35.1,1.8121878584565447
Park-Fav,NARGP,43,35.2,1.8121878584565447
Park-Fav,NARGP,43,35.3,1.8121878584565447
Park-Fav,NARGP,43,35.4,1.8121878584565447
Park-Fav,NARGP,43,35.5,1.8121878584565447
Park-Fav,NARGP,43,36.5,1.8121878584565447
Park-Fav,NARGP,43,36.6,1.8121878584565447
Park-Fav,NARGP,43,36.7,1.8121878584565447
Park-Fav,NARGP,43,36.8,1.8121878584565447
Park-Fav,NARGP,43,36.9,1.8121878584565447
Park-Fav,NARGP,43,37.0,1.8121878584565447
Park-Fav,NARGP,43,37.1,1.8121878584565447
Park-Fav,NARGP,43,37.2,1.8121878584565447
Park-Fav,NARGP,43,37.3,1.8121878584565447
Park-Fav,NARGP,43,37.4,1.8121878584565447
Park-Fav,NARGP,43,37.5,1.8121878584565447
Park-Fav,NARGP,43,38.5,1.8121878584565447
Park-Fav,NARGP,43,38.6,1.8121878584565447
Park-Fav,NARGP,43,38.7,1.8121878584565447
Park-Fav,NARGP,43,38.8,1.8121878584565447
Park-Fav,NARGP,43,38.9,1.8121878584565447
Park-Fav,NARGP,43,39.0,1.8121878584565447
Park-Fav,NARGP,43,39.1,1.8121878584565447
Park-Fav,NARGP,43,39.2,1.8121878584565447
Park-Fav,NARGP,43,39.3,1.8121878584565447
Park-Fav,NARGP,43,39.4,1.8121878584565447
Park-Fav,NARGP,43,39.5,1.8121878584565447
Park-Fav,NARGP,43,40.5,1.8121878584565447
Park-Fav,NARGP,43,40.6,1.8121878584565447
Park-Fav,NARGP,43,40.7,1.8121878584565447
Park-Fav,NARGP,43,40.8,1.8121878584565447
Park-Fav,NARGP,43,40.9,1.8121878584565447
Park-Fav,NARGP,43,41.0,1.8121878584565447
Park-Fav,NARGP,43,41.1,1.8121878584565447
Park-Fav,NARGP,43,41.2,1.8121878584565447
Park-Fav,NARGP,43,41.3,1.8121878584565447
Park-Fav,NARGP,43,41.4,1.8121878584565447
Park-Fav,NARGP,43,41.5,1.8121878584565447
Park-Fav,NARGP,43,42.5,1.8121878584565447
Park-Fav,NARGP,43,42.6,1.8121878584565447
Park-Fav,NARGP,43,42.7,1.8121878584565447
Park-Fav,NARGP,43,42.8,1.8121878584565447
Park-Fav,NARGP,43,42.9,1.8121878584565447
Park-Fav,NARGP,43,43.0,1.8121878584565447
Park-Fav,NARGP,43,43.1,1.8121878584565447
Park-Fav,NARGP,43,43.2,1.8121878584565447
Park-Fav,NARGP,43,43.3,1.8121878584565447
Park-Fav,NARGP,43,43.4,1.8121878584565447
Park-Fav,NARGP,43,43.5,1.8121878584565447
Park-Fav,NARGP,43,44.5,1.8121878584565447
Park-Fav,NARGP,43,44.6,1.8121878584565447
Park-Fav,NARGP,43,44.7,1.8121878584565447
Park-Fav,NARGP,43,44.8,1.8121878584565447
Park-Fav,NARGP,43,44.9,1.8121878584565447
Park-Fav,NARGP,43,45.0,1.8121878584565447
Park-Fav,NARGP,43,45.1,1.8121878584565447
Park-Fav,NARGP,43,45.2,1.8121878584565447
Park-Fav,NARGP,43,45.3,1.8121878584565447
Park-Fav,NARGP,43,45.4,1.8121878584565447
Park-Fav,NARGP,43,45.5,1.8121878584565447
Park-Fav,NARGP,43,46.5,0.9061227831490236
Park-Fav,NARGP,43,46.6,0.9061227831490236
Park-Fav,NARGP,43,46.7,0.9061227831490236
Park-Fav,NARGP,43,46.8,0.9061227831490236
Park-Fav,NARGP,43,46.9,0.9061227831490236
Park-Fav,NARGP,43,47.0,0.9061227831490236
Park-Fav,NARGP,43,47.1,0.9061227831490236
Park-Fav,NARGP,43,47.2,0.9061227831490236
Park-Fav,NARGP,43,47.3,0.9061227831490236
Park-Fav,NARGP,43,47.4,0.9061227831490236
Park-Fav,NARGP,43,47.5,0.9061227831490236
Park-Fav,NARGP,43,48.5,0.9061227831490236
Park-Fav,NARGP,43,48.6,0.9061227831490236
Park-Fav,NARGP,43,48.7,0.9061227831490236
Park-Fav,NARGP,43,48.8,0.9061227831490236
Park-Fav,NARGP,43,48.9,0.9061227831490236
Park-Fav,NARGP,43,49.0,0.9061227831490236
Park-Fav,NARGP,43,49.1,0.9061227831490236
Park-Fav,NARGP,43,49.2,0.9061227831490236
Park-Fav,NARGP,43,49.3,0.9061227831490236
Park-Fav,NARGP,43,49.4,0.9061227831490236
Park-Fav,NARGP,43,49.5,0.9061227831490236
Park-Fav,NARGP,43,49.6,0.9061227831490236
Park-Fav,NARGP,43,49.7,0.9061227831490236
Park-Fav,NARGP,43,49.8,0.9061227831490236
Park-Fav,NARGP,43,49.9,0.9061227831490236
Park-Fav,NARGP,44,4.5,4.766171863111
Park-Fav,NARGP,44,4.6,4.766171863111
Park-Fav,NARGP,44,4.7,4.766171863111
Park-Fav,NARGP,44,4.8,4.766171863111
Park-Fav,NARGP,44,4.9,4.766171863111
Park-Fav,NARGP,44,5.0,4.766171863111
Park-Fav,NARGP,44,5.1,4.766171863111
Park-Fav,NARGP,44,5.2,4.766171863111
Park-Fav,NARGP,44,5.3,4.766171863111
Park-Fav,NARGP,44,5.4,4.766171863111
Park-Fav,NARGP,44,5.5,4.766171863111
Park-Fav,NARGP,44,6.5,4.766171863111
Park-Fav,NARGP,44,6.6,4.766171863111
Park-Fav,NARGP,44,6.7,4.766171863111
Park-Fav,NARGP,44,6.8,4.766171863111
Park-Fav,NARGP,44,6.9,4.766171863111
Park-Fav,NARGP,44,7.0,4.766171863111
Park-Fav,NARGP,44,7.1,4.766171863111
Park-Fav,NARGP,44,7.2,4.766171863111
Park-Fav,NARGP,44,7.3,4.766171863111
Park-Fav,NARGP,44,7.4,4.766171863111
Park-Fav,NARGP,44,7.5,4.766171863111
Park-Fav,NARGP,44,8.5,4.6971362701588015
Park-Fav,NARGP,44,8.6,4.6971362701588015
Park-Fav,NARGP,44,8.7,4.6971362701588015
Park-Fav,NARGP,44,8.8,4.6971362701588015
Park-Fav,NARGP,44,8.9,4.6971362701588015
Park-Fav,NARGP,44,9.0,4.6971362701588015
Park-Fav,NARGP,44,9.1,4.6971362701588015
Park-Fav,NARGP,44,9.2,4.6971362701588015
Park-Fav,NARGP,44,9.3,4.6971362701588015
Park-Fav,NARGP,44,9.4,4.6971362701588015
Park-Fav,NARGP,44,9.5,4.6971362701588015
Park-Fav,NARGP,44,10.5,4.530469605367135
Park-Fav,NARGP,44,10.6,4.530469605367135
Park-Fav,NARGP,44,10.7,4.530469605367135
Park-Fav,NARGP,44,10.8,4.530469605367135
Park-Fav,NARGP,44,10.9,4.530469605367135
Park-Fav,NARGP,44,11.0,4.530469605367135
Park-Fav,NARGP,44,11.1,4.530469605367135
Park-Fav,NARGP,44,11.2,4.530469605367135
Park-Fav,NARGP,44,11.3,4.530469605367135
Park-Fav,NARGP,44,11.4,4.530469605367135
Park-Fav,NARGP,44,11.5,4.530469605367135
Park-Fav,NARGP,44,12.5,3.7910423217141207
Park-Fav,NARGP,44,12.6,3.7910423217141207
Park-Fav,NARGP,44,12.7,3.7910423217141207
Park-Fav,NARGP,44,12.8,3.7910423217141207
Park-Fav,NARGP,44,12.9,3.7910423217141207
Park-Fav,NARGP,44,13.0,3.7910423217141207
Park-Fav,NARGP,44,13.1,3.7910423217141207
Park-Fav,NARGP,44,13.2,3.7910423217141207
Park-Fav,NARGP,44,13.3,3.7910423217141207
Park-Fav,NARGP,44,13.4,3.7910423217141207
Park-Fav,NARGP,44,13.5,3.7910423217141207
Park-Fav,NARGP,44,14.5,3.7910423217141207
Park-Fav,NARGP,44,14.6,3.7910423217141207
Park-Fav,NARGP,44,14.7,3.7910423217141207
Park-Fav,NARGP,44,14.8,3.7910423217141207
Park-Fav,NARGP,44,14.9,3.7910423217141207
Park-Fav,NARGP,44,15.0,3.7910423217141207
Park-Fav,NARGP,44,15.1,3.7910423217141207
Park-Fav,NARGP,44,15.2,3.7910423217141207
Park-Fav,NARGP,44,15.3,3.7910423217141207
Park-Fav,NARGP,44,15.4,3.7910423217141207
Park-Fav,NARGP,44,15.5,3.7910423217141207
Park-Fav,NARGP,44,16.5,3.7910423217141207
Park-Fav,NARGP,44,16.6,3.7910423217141207
Park-Fav,NARGP,44,16.7,3.7910423217141207
Park-Fav,NARGP,44,16.8,3.7910423217141207
Park-Fav,NARGP,44,16.9,3.7910423217141207
Park-Fav,NARGP,44,17.0,3.7910423217141207
Park-Fav,NARGP,44,17.1,3.7910423217141207
Park-Fav,NARGP,44,17.2,3.7910423217141207
Park-Fav,NARGP,44,17.3,3.7910423217141207
Park-Fav,NARGP,44,17.4,3.7910423217141207
Park-Fav,NARGP,44,17.5,3.7910423217141207
Park-Fav,NARGP,44,18.5,3.6243756625474535
Park-Fav,NARGP,44,18.6,3.6243756625474535
Park-Fav,NARGP,44,18.7,3.6243756625474535
Park-Fav,NARGP,44,18.8,3.6243756625474535
Park-Fav,NARGP,44,18.9,3.6243756625474535
Park-Fav,NARGP,44,19.0,3.6243756625474535
Park-Fav,NARGP,44,19.1,3.6243756625474535
Park-Fav,NARGP,44,19.2,3.6243756625474535
Park-Fav,NARGP,44,19.3,3.6243756625474535
Park-Fav,NARGP,44,19.4,3.6243756625474535
Park-Fav,NARGP,44,19.5,3.6243756625474535
Park-Fav,NARGP,44,20.5,3.6243756625474535
Park-Fav,NARGP,44,20.6,3.6243756625474535
Park-Fav,NARGP,44,20.7,3.6243756625474535
Park-Fav,NARGP,44,20.8,3.6243756625474535
Park-Fav,NARGP,44,20.9,3.6243756625474535
Park-Fav,NARGP,44,21.0,3.6243756625474535
Park-Fav,NARGP,44,21.1,3.6243756625474535
Park-Fav,NARGP,44,21.2,3.6243756625474535
Park-Fav,NARGP,44,21.3,3.6243756625474535
Park-Fav,NARGP,44,21.4,3.6243756625474535
Park-Fav,NARGP,44,21.5,3.6243756625474535
Park-Fav,NARGP,44,22.5,3.6243756625474535
Park-Fav,NARGP,44,22.6,3.6243756625474535
Park-Fav,NARGP,44,22.7,3.6243756625474535
Park-Fav,NARGP,44,22.8,3.6243756625474535
Park-Fav,NARGP,44,22.9,3.6243756625474535
Park-Fav,NARGP,44,23.0,3.6243756625474535
Park-Fav,NARGP,44,23.1,3.6243756625474535
Park-Fav,NARGP,44,23.2,3.6243756625474535
Park-Fav,NARGP,44,23.3,3.6243756625474535
Park-Fav,NARGP,44,23.4,3.6243756625474535
Park-Fav,NARGP,44,23.5,3.6243756625474535
Park-Fav,NARGP,44,24.5,3.6243756625474535
Park-Fav,NARGP,44,24.6,3.6243756625474535
Park-Fav,NARGP,44,24.7,3.6243756625474535
Park-Fav,NARGP,44,24.8,3.6243756625474535
Park-Fav,NARGP,44,24.9,3.6243756625474535
Park-Fav,NARGP,44,25.0,3.6243756625474535
Park-Fav,NARGP,44,25.1,3.6243756625474535
Park-Fav,NARGP,44,25.2,3.6243756625474535
Park-Fav,NARGP,44,25.3,3.6243756625474535
Park-Fav,NARGP,44,25.4,3.6243756625474535
Park-Fav,NARGP,44,25.5,3.6243756625474535
Park-Fav,NARGP,44,26.5,3.6243756625474535
Park-Fav,NARGP,44,26.6,3.6243756625474535
Park-Fav,NARGP,44,26.7,3.6243756625474535
Park-Fav,NARGP,44,26.8,3.6243756625474535
Park-Fav,NARGP,44,26.9,3.6243756625474535
Park-Fav,NARGP,44,27.0,3.6243756625474535
Park-Fav,NARGP,44,27.1,3.6243756625474535
Park-Fav,NARGP,44,27.2,3.6243756625474535
Park-Fav,NARGP,44,27.3,3.6243756625474535
Park-Fav,NARGP,44,27.4,3.6243756625474535
Park-Fav,NARGP,44,27.5,3.6243756625474535
Park-Fav,NARGP,44,28.5,2.7182817469105904
Park-Fav,NARGP,44,28.6,2.7182817469105904
Park-Fav,NARGP,44,28.7,2.7182817469105904
Park-Fav,NARGP,44,28.8,2.7182817469105904
Park-Fav,NARGP,44,28.9,2.7182817469105904
Park-Fav,NARGP,44,29.0,2.7182817469105904
Park-Fav,NARGP,44,29.1,2.7182817469105904
Park-Fav,NARGP,44,29.2,2.7182817469105904
Park-Fav,NARGP,44,29.3,2.7182817469105904
Park-Fav,NARGP,44,29.4,2.7182817469105904
Park-Fav,NARGP,44,29.5,2.7182817469105904
Park-Fav,NARGP,44,30.5,2.7182817469105904
Park-Fav,NARGP,44,30.6,2.7182817469105904
Park-Fav,NARGP,44,30.7,2.7182817469105904
Park-Fav,NARGP,44,30.8,2.7182817469105904
Park-Fav,NARGP,44,30.9,2.7182817469105904
Park-Fav,NARGP,44,31.0,2.7182817469105904
Park-Fav,NARGP,44,31.1,2.7182817469105904
Park-Fav,NARGP,44,31.2,2.7182817469105904
Park-Fav,NARGP,44,31.3,2.7182817469105904
Park-Fav,NARGP,44,31.4,2.7182817469105904
Park-Fav,NARGP,44,31.5,2.7182817469105904
Park-Fav,NARGP,44,32.5,2.7182817469105904
Park-Fav,NARGP,44,32.6,2.7182817469105904
Park-Fav,NARGP,44,32.7,2.7182817469105904
Park-Fav,NARGP,44,32.8,2.7182817469105904
Park-Fav,NARGP,44,32.9,2.7182817469105904
Park-Fav,NARGP,44,33.0,2.7182817469105904
Park-Fav,NARGP,44,33.1,2.7182817469105904
Park-Fav,NARGP,44,33.2,2.7182817469105904
Park-Fav,NARGP,44,33.3,2.7182817469105904
Park-Fav,NARGP,44,33.4,2.7182817469105904
Park-Fav,NARGP,44,33.5,2.7182817469105904
Park-Fav,NARGP,44,34.5,2.7182817469105904
Park-Fav,NARGP,44,34.6,2.7182817469105904
Park-Fav,NARGP,44,34.7,2.7182817469105904
Park-Fav,NARGP,44,34.8,2.7182817469105904
Park-Fav,NARGP,44,34.9,2.7182817469105904
Park-Fav,NARGP,44,35.0,2.7182817469105904
Park-Fav,NARGP,44,35.1,2.7182817469105904
Park-Fav,NARGP,44,35.2,2.7182817469105904
Park-Fav,NARGP,44,35.3,2.7182817469105904
Park-Fav,NARGP,44,35.4,2.7182817469105904
Park-Fav,NARGP,44,35.5,2.7182817469105904
Park-Fav,NARGP,44,36.5,2.7182817469105904
Park-Fav,NARGP,44,36.6,2.7182817469105904
Park-Fav,NARGP,44,36.7,2.7182817469105904
Park-Fav,NARGP,44,36.8,2.7182817469105904
Park-Fav,NARGP,44,36.9,2.7182817469105904
Park-Fav,NARGP,44,37.0,2.7182817469105904
Park-Fav,NARGP,44,37.1,2.7182817469105904
Park-Fav,NARGP,44,37.2,2.7182817469105904
Park-Fav,NARGP,44,37.3,2.7182817469105904
Park-Fav,NARGP,44,37.4,2.7182817469105904
Park-Fav,NARGP,44,37.5,2.7182817469105904
Park-Fav,NARGP,44,38.5,2.7182817469105904
Park-Fav,NARGP,44,38.6,2.7182817469105904
Park-Fav,NARGP,44,38.7,2.7182817469105904
Park-Fav,NARGP,44,38.8,2.7182817469105904
Park-Fav,NARGP,44,38.9,2.7182817469105904
Park-Fav,NARGP,44,39.0,2.7182817469105904
Park-Fav,NARGP,44,39.1,2.7182817469105904
Park-Fav,NARGP,44,39.2,2.7182817469105904
Park-Fav,NARGP,44,39.3,2.7182817469105904
Park-Fav,NARGP,44,39.4,2.7182817469105904
Park-Fav,NARGP,44,39.5,2.7182817469105904
Park-Fav,NARGP,44,40.5,2.7182817469105904
Park-Fav,NARGP,44,40.6,2.7182817469105904
Park-Fav,NARGP,44,40.7,2.7182817469105904
Park-Fav,NARGP,44,40.8,2.7182817469105904
Park-Fav,NARGP,44,40.9,2.7182817469105904
Park-Fav,NARGP,44,41.0,2.7182817469105904
Park-Fav,NARGP,44,41.1,2.7182817469105904
Park-Fav,NARGP,44,41.2,2.7182817469105904
Park-Fav,NARGP,44,41.3,2.7182817469105904
Park-Fav,NARGP,44,41.4,2.7182817469105904
Park-Fav,NARGP,44,41.5,2.7182817469105904
Park-Fav,NARGP,44,42.5,2.7182817469105904
Park-Fav,NARGP,44,42.6,2.7182817469105904
Park-Fav,NARGP,44,42.7,2.7182817469105904
Park-Fav,NARGP,44,42.8,2.7182817469105904
Park-Fav,NARGP,44,42.9,2.7182817469105904
Park-Fav,NARGP,44,43.0,2.7182817469105904
Park-Fav,NARGP,44,43.1,2.7182817469105904
Park-Fav,NARGP,44,43.2,2.7182817469105904
Park-Fav,NARGP,44,43.3,2.7182817469105904
Park-Fav,NARGP,44,43.4,2.7182817469105904
Park-Fav,NARGP,44,43.5,2.7182817469105904
Park-Fav,NARGP,44,44.5,2.7182817469105904
Park-Fav,NARGP,44,44.6,2.7182817469105904
Park-Fav,NARGP,44,44.7,2.7182817469105904
Park-Fav,NARGP,44,44.8,2.7182817469105904
Park-Fav,NARGP,44,44.9,2.7182817469105904
Park-Fav,NARGP,44,45.0,2.7182817469105904
Park-Fav,NARGP,44,45.1,2.7182817469105904
Park-Fav,NARGP,44,45.2,2.7182817469105904
Park-Fav,NARGP,44,45.3,2.7182817469105904
Park-Fav,NARGP,44,45.4,2.7182817469105904
Park-Fav,NARGP,44,45.5,2.7182817469105904
Park-Fav,NARGP,44,46.5,2.7182817469105904
Park-Fav,NARGP,44,46.6,2.7182817469105904
Park-Fav,NARGP,44,46.7,2.7182817469105904
Park-Fav,NARGP,44,46.8,2.7182817469105904
Park-Fav,NARGP,44,46.9,2.7182817469105904
Park-Fav,NARGP,44,47.0,2.7182817469105904
Park-Fav,NARGP,44,47.1,2.7182817469105904
Park-Fav,NARGP,44,47.2,2.7182817469105904
Park-Fav,NARGP,44,47.3,2.7182817469105904
Park-Fav,NARGP,44,47.4,2.7182817469105904
Park-Fav,NARGP,44,47.5,2.7182817469105904
Park-Fav,NARGP,44,48.5,2.7182817469105904
Park-Fav,NARGP,44,48.6,2.7182817469105904
Park-Fav,NARGP,44,48.7,2.7182817469105904
Park-Fav,NARGP,44,48.8,2.7182817469105904
Park-Fav,NARGP,44,48.9,2.7182817469105904
Park-Fav,NARGP,44,49.0,2.7182817469105904
Park-Fav,NARGP,44,49.1,2.7182817469105904
Park-Fav,NARGP,44,49.2,2.7182817469105904
Park-Fav,NARGP,44,49.3,2.7182817469105904
Park-Fav,NARGP,44,49.4,2.7182817469105904
Park-Fav,NARGP,44,49.5,2.7182817469105904
Park-Fav,NARGP,44,49.6,2.7182817469105904
Park-Fav,NARGP,44,49.7,2.7182817469105904
Park-Fav,NARGP,44,49.8,2.7182817469105904
Park-Fav,NARGP,44,49.9,2.7182817469105904
Park-Fav,NARGP,45,4.5,2.513650856665425
Park-Fav,NARGP,45,4.6,2.513650856665425
Park-Fav,NARGP,45,4.7,2.513650856665425
Park-Fav,NARGP,45,4.8,2.513650856665425
Park-Fav,NARGP,45,4.9,2.513650856665425
Park-Fav,NARGP,45,5.0,2.513650856665425
Park-Fav,NARGP,45,5.1,2.513650856665425
Park-Fav,NARGP,45,5.2,2.513650856665425
Park-Fav,NARGP,45,5.3,2.513650856665425
Park-Fav,NARGP,45,5.4,2.513650856665425
Park-Fav,NARGP,45,5.5,2.513650856665425
Park-Fav,NARGP,45,6.5,2.513650856665425
Park-Fav,NARGP,45,6.6,2.513650856665425
Park-Fav,NARGP,45,6.7,2.513650856665425
Park-Fav,NARGP,45,6.8,2.513650856665425
Park-Fav,NARGP,45,6.9,2.513650856665425
Park-Fav,NARGP,45,7.0,2.513650856665425
Park-Fav,NARGP,45,7.1,2.513650856665425
Park-Fav,NARGP,45,7.2,2.513650856665425
Park-Fav,NARGP,45,7.3,2.513650856665425
Park-Fav,NARGP,45,7.4,2.513650856665425
Park-Fav,NARGP,45,7.5,2.513650856665425
Park-Fav,NARGP,45,8.5,2.513650856665425
Park-Fav,NARGP,45,8.6,2.513650856665425
Park-Fav,NARGP,45,8.7,2.513650856665425
Park-Fav,NARGP,45,8.8,2.513650856665425
Park-Fav,NARGP,45,8.9,2.513650856665425
Park-Fav,NARGP,45,9.0,2.513650856665425
Park-Fav,NARGP,45,9.1,2.513650856665425
Park-Fav,NARGP,45,9.2,2.513650856665425
Park-Fav,NARGP,45,9.3,2.513650856665425
Park-Fav,NARGP,45,9.4,2.513650856665425
Park-Fav,NARGP,45,9.5,2.513650856665425
Park-Fav,NARGP,45,10.5,2.513650856665425
Park-Fav,NARGP,45,10.6,2.513650856665425
Park-Fav,NARGP,45,10.7,2.513650856665425
Park-Fav,NARGP,45,10.8,2.513650856665425
Park-Fav,NARGP,45,10.9,2.513650856665425
Park-Fav,NARGP,45,11.0,2.513650856665425
Park-Fav,NARGP,45,11.1,2.513650856665425
Park-Fav,NARGP,45,11.2,2.513650856665425
Park-Fav,NARGP,45,11.3,2.513650856665425
Park-Fav,NARGP,45,11.4,2.513650856665425
Park-Fav,NARGP,45,11.5,2.513650856665425
Park-Fav,NARGP,45,12.5,1.81221672596968
Park-Fav,NARGP,45,12.6,1.81221672596968
Park-Fav,NARGP,45,12.7,1.81221672596968
Park-Fav,NARGP,45,12.8,1.81221672596968
Park-Fav,NARGP,45,12.9,1.81221672596968
Park-Fav,NARGP,45,13.0,1.81221672596968
Park-Fav,NARGP,45,13.1,1.81221672596968
Park-Fav,NARGP,45,13.2,1.81221672596968
Park-Fav,NARGP,45,13.3,1.81221672596968
Park-Fav,NARGP,45,13.4,1.81221672596968
Park-Fav,NARGP,45,13.5,1.81221672596968
Park-Fav,NARGP,45,14.5,1.81221672596968
Park-Fav,NARGP,45,14.6,1.81221672596968
Park-Fav,NARGP,45,14.7,1.81221672596968
Park-Fav,NARGP,45,14.8,1.81221672596968
Park-Fav,NARGP,45,14.9,1.81221672596968
Park-Fav,NARGP,45,15.0,1.81221672596968
Park-Fav,NARGP,45,15.1,1.81221672596968
Park-Fav,NARGP,45,15.2,1.81221672596968
Park-Fav,NARGP,45,15.3,1.81221672596968
Park-Fav,NARGP,45,15.4,1.81221672596968
Park-Fav,NARGP,45,15.5,1.81221672596968
Park-Fav,NARGP,45,16.5,1.81221672596968
Park-Fav,NARGP,45,16.6,1.81221672596968
Park-Fav,NARGP,45,16.7,1.81221672596968
Park-Fav,NARGP,45,16.8,1.81221672596968
Park-Fav,NARGP,45,16.9,1.81221672596968
Park-Fav,NARGP,45,17.0,1.81221672596968
Park-Fav,NARGP,45,17.1,1.81221672596968
Park-Fav,NARGP,45,17.2,1.81221672596968
Park-Fav,NARGP,45,17.3,1.81221672596968
Park-Fav,NARGP,45,17.4,1.81221672596968
Park-Fav,NARGP,45,17.5,1.81221672596968
Park-Fav,NARGP,45,18.5,1.8121878584565447
Park-Fav,NARGP,45,18.6,1.8121878584565447
Park-Fav,NARGP,45,18.7,1.8121878584565447
Park-Fav,NARGP,45,18.8,1.8121878584565447
Park-Fav,NARGP,45,18.9,1.8121878584565447
Park-Fav,NARGP,45,19.0,1.8121878584565447
Park-Fav,NARGP,45,19.1,1.8121878584565447
Park-Fav,NARGP,45,19.2,1.8121878584565447
Park-Fav,NARGP,45,19.3,1.8121878584565447
Park-Fav,NARGP,45,19.4,1.8121878584565447
Park-Fav,NARGP,45,19.5,1.8121878584565447
Park-Fav,NARGP,45,20.5,1.8121878584565447
Park-Fav,NARGP,45,20.6,1.8121878584565447
Park-Fav,NARGP,45,20.7,1.8121878584565447
Park-Fav,NARGP,45,20.8,1.8121878584565447
Park-Fav,NARGP,45,20.9,1.8121878584565447
Park-Fav,NARGP,45,21.0,1.8121878584565447
Park-Fav,NARGP,45,21.1,1.8121878584565447
Park-Fav,NARGP,45,21.2,1.8121878584565447
Park-Fav,NARGP,45,21.3,1.8121878584565447
Park-Fav,NARGP,45,21.4,1.8121878584565447
Park-Fav,NARGP,45,21.5,1.8121878584565447
Park-Fav,NARGP,45,22.5,1.8121878584565447
Park-Fav,NARGP,45,22.6,1.8121878584565447
Park-Fav,NARGP,45,22.7,1.8121878584565447
Park-Fav,NARGP,45,22.8,1.8121878584565447
Park-Fav,NARGP,45,22.9,1.8121878584565447
Park-Fav,NARGP,45,23.0,1.8121878584565447
Park-Fav,NARGP,45,23.1,1.8121878584565447
Park-Fav,NARGP,45,23.2,1.8121878584565447
Park-Fav,NARGP,45,23.3,1.8121878584565447
Park-Fav,NARGP,45,23.4,1.8121878584565447
Park-Fav,NARGP,45,23.5,1.8121878584565447
Park-Fav,NARGP,45,24.5,1.8121878584565447
Park-Fav,NARGP,45,24.6,1.8121878584565447
Park-Fav,NARGP,45,24.7,1.8121878584565447
Park-Fav,NARGP,45,24.8,1.8121878584565447
Park-Fav,NARGP,45,24.9,1.8121878584565447
Park-Fav,NARGP,45,25.0,1.8121878584565447
Park-Fav,NARGP,45,25.1,1.8121878584565447
Park-Fav,NARGP,45,25.2,1.8121878584565447
Park-Fav,NARGP,45,25.3,1.8121878584565447
Park-Fav,NARGP,45,25.4,1.8121878584565447
Park-Fav,NARGP,45,25.5,1.8121878584565447
Park-Fav,NARGP,45,26.5,1.8121878584565447
Park-Fav,NARGP,45,26.6,1.8121878584565447
Park-Fav,NARGP,45,26.7,1.8121878584565447
Park-Fav,NARGP,45,26.8,1.8121878584565447
Park-Fav,NARGP,45,26.9,1.8121878584565447
Park-Fav,NARGP,45,27.0,1.8121878584565447
Park-Fav,NARGP,45,27.1,1.8121878584565447
Park-Fav,NARGP,45,27.2,1.8121878584565447
Park-Fav,NARGP,45,27.3,1.8121878584565447
Park-Fav,NARGP,45,27.4,1.8121878584565447
Park-Fav,NARGP,45,27.5,1.8121878584565447
Park-Fav,NARGP,45,28.5,1.8121878584565447
Park-Fav,NARGP,45,28.6,1.8121878584565447
Park-Fav,NARGP,45,28.7,1.8121878584565447
Park-Fav,NARGP,45,28.8,1.8121878584565447
Park-Fav,NARGP,45,28.9,1.8121878584565447
Park-Fav,NARGP,45,29.0,1.8121878584565447
Park-Fav,NARGP,45,29.1,1.8121878584565447
Park-Fav,NARGP,45,29.2,1.8121878584565447
Park-Fav,NARGP,45,29.3,1.8121878584565447
Park-Fav,NARGP,45,29.4,1.8121878584565447
Park-Fav,NARGP,45,29.5,1.8121878584565447
Park-Fav,NARGP,45,30.5,1.8121878584565447
Park-Fav,NARGP,45,30.6,1.8121878584565447
Park-Fav,NARGP,45,30.7,1.8121878584565447
Park-Fav,NARGP,45,30.8,1.8121878584565447
Park-Fav,NARGP,45,30.9,1.8121878584565447
Park-Fav,NARGP,45,31.0,1.8121878584565447
Park-Fav,NARGP,45,31.1,1.8121878584565447
Park-Fav,NARGP,45,31.2,1.8121878584565447
Park-Fav,NARGP,45,31.3,1.8121878584565447
Park-Fav,NARGP,45,31.4,1.8121878584565447
Park-Fav,NARGP,45,31.5,1.8121878584565447
Park-Fav,NARGP,45,32.5,1.8121878584565447
Park-Fav,NARGP,45,32.6,1.8121878584565447
Park-Fav,NARGP,45,32.7,1.8121878584565447
Park-Fav,NARGP,45,32.8,1.8121878584565447
Park-Fav,NARGP,45,32.9,1.8121878584565447
Park-Fav,NARGP,45,33.0,1.8121878584565447
Park-Fav,NARGP,45,33.1,1.8121878584565447
Park-Fav,NARGP,45,33.2,1.8121878584565447
Park-Fav,NARGP,45,33.3,1.8121878584565447
Park-Fav,NARGP,45,33.4,1.8121878584565447
Park-Fav,NARGP,45,33.5,1.8121878584565447
Park-Fav,NARGP,45,34.5,1.8121878584565447
Park-Fav,NARGP,45,34.6,1.8121878584565447
Park-Fav,NARGP,45,34.7,1.8121878584565447
Park-Fav,NARGP,45,34.8,1.8121878584565447
Park-Fav,NARGP,45,34.9,1.8121878584565447
Park-Fav,NARGP,45,35.0,1.8121878584565447
Park-Fav,NARGP,45,35.1,1.8121878584565447
Park-Fav,NARGP,45,35.2,1.8121878584565447
Park-Fav,NARGP,45,35.3,1.8121878584565447
Park-Fav,NARGP,45,35.4,1.8121878584565447
Park-Fav,NARGP,45,35.5,1.8121878584565447
Park-Fav,NARGP,45,36.5,1.8121878584565447
Park-Fav,NARGP,45,36.6,1.8121878584565447
Park-Fav,NARGP,45,36.7,1.8121878584565447
Park-Fav,NARGP,45,36.8,1.8121878584565447
Park-Fav,NARGP,45,36.9,1.8121878584565447
Park-Fav,NARGP,45,37.0,1.8121878584565447
Park-Fav,NARGP,45,37.1,1.8121878584565447
Park-Fav,NARGP,45,37.2,1.8121878584565447
Park-Fav,NARGP,45,37.3,1.8121878584565447
Park-Fav,NARGP,45,37.4,1.8121878584565447
Park-Fav,NARGP,45,37.5,1.8121878584565447
Park-Fav,NARGP,45,38.5,1.8121878584565447
Park-Fav,NARGP,45,38.6,1.8121878584565447
Park-Fav,NARGP,45,38.7,1.8121878584565447
Park-Fav,NARGP,45,38.8,1.8121878584565447
Park-Fav,NARGP,45,38.9,1.8121878584565447
Park-Fav,NARGP,45,39.0,1.8121878584565447
Park-Fav,NARGP,45,39.1,1.8121878584565447
Park-Fav,NARGP,45,39.2,1.8121878584565447
Park-Fav,NARGP,45,39.3,1.8121878584565447
Park-Fav,NARGP,45,39.4,1.8121878584565447
Park-Fav,NARGP,45,39.5,1.8121878584565447
Park-Fav,NARGP,45,40.5,1.8121878584565447
Park-Fav,NARGP,45,40.6,1.8121878584565447
Park-Fav,NARGP,45,40.7,1.8121878584565447
Park-Fav,NARGP,45,40.8,1.8121878584565447
Park-Fav,NARGP,45,40.9,1.8121878584565447
Park-Fav,NARGP,45,41.0,1.8121878584565447
Park-Fav,NARGP,45,41.1,1.8121878584565447
Park-Fav,NARGP,45,41.2,1.8121878584565447
Park-Fav,NARGP,45,41.3,1.8121878584565447
Park-Fav,NARGP,45,41.4,1.8121878584565447
Park-Fav,NARGP,45,41.5,1.8121878584565447
Park-Fav,NARGP,45,42.5,1.8121878584565447
Park-Fav,NARGP,45,42.6,1.8121878584565447
Park-Fav,NARGP,45,42.7,1.8121878584565447
Park-Fav,NARGP,45,42.8,1.8121878584565447
Park-Fav,NARGP,45,42.9,1.8121878584565447
Park-Fav,NARGP,45,43.0,1.8121878584565447
Park-Fav,NARGP,45,43.1,1.8121878584565447
Park-Fav,NARGP,45,43.2,1.8121878584565447
Park-Fav,NARGP,45,43.3,1.8121878584565447
Park-Fav,NARGP,45,43.4,1.8121878584565447
Park-Fav,NARGP,45,43.5,1.8121878584565447
Park-Fav,NARGP,45,44.5,0.9061227831490236
Park-Fav,NARGP,45,44.6,0.9061227831490236
Park-Fav,NARGP,45,44.7,0.9061227831490236
Park-Fav,NARGP,45,44.8,0.9061227831490236
Park-Fav,NARGP,45,44.9,0.9061227831490236
Park-Fav,NARGP,45,45.0,0.9061227831490236
Park-Fav,NARGP,45,45.1,0.9061227831490236
Park-Fav,NARGP,45,45.2,0.9061227831490236
Park-Fav,NARGP,45,45.3,0.9061227831490236
Park-Fav,NARGP,45,45.4,0.9061227831490236
Park-Fav,NARGP,45,45.5,0.9061227831490236
Park-Fav,NARGP,45,46.5,0.9061227831490236
Park-Fav,NARGP,45,46.6,0.9061227831490236
Park-Fav,NARGP,45,46.7,0.9061227831490236
Park-Fav,NARGP,45,46.8,0.9061227831490236
Park-Fav,NARGP,45,46.9,0.9061227831490236
Park-Fav,NARGP,45,47.0,0.9061227831490236
Park-Fav,NARGP,45,47.1,0.9061227831490236
Park-Fav,NARGP,45,47.2,0.9061227831490236
Park-Fav,NARGP,45,47.3,0.9061227831490236
Park-Fav,NARGP,45,47.4,0.9061227831490236
Park-Fav,NARGP,45,47.5,0.9061227831490236
Park-Fav,NARGP,45,48.5,0.9061227831490236
Park-Fav,NARGP,45,48.6,0.9061227831490236
Park-Fav,NARGP,45,48.7,0.9061227831490236
Park-Fav,NARGP,45,48.8,0.9061227831490236
Park-Fav,NARGP,45,48.9,0.9061227831490236
Park-Fav,NARGP,45,49.0,0.9061227831490236
Park-Fav,NARGP,45,49.1,0.9061227831490236
Park-Fav,NARGP,45,49.2,0.9061227831490236
Park-Fav,NARGP,45,49.3,0.9061227831490236
Park-Fav,NARGP,45,49.4,0.9061227831490236
Park-Fav,NARGP,45,49.5,0.9061227831490236
Park-Fav,NARGP,45,49.6,0.9061227831490236
Park-Fav,NARGP,45,49.7,0.9061227831490236
Park-Fav,NARGP,45,49.8,0.9061227831490236
Park-Fav,NARGP,45,49.9,0.9061227831490236
Park-Fav,NARGP,46,4.5,5.331558558534117
Park-Fav,NARGP,46,4.6,5.331558558534117
Park-Fav,NARGP,46,4.7,5.331558558534117
Park-Fav,NARGP,46,4.8,5.331558558534117
Park-Fav,NARGP,46,4.9,5.331558558534117
Park-Fav,NARGP,46,5.0,5.331558558534117
Park-Fav,NARGP,46,5.1,5.331558558534117
Park-Fav,NARGP,46,5.2,5.331558558534117
Park-Fav,NARGP,46,5.3,5.331558558534117
Park-Fav,NARGP,46,5.4,5.331558558534117
Park-Fav,NARGP,46,5.5,5.331558558534117
Park-Fav,NARGP,46,6.5,5.281855789654308
Park-Fav,NARGP,46,6.6,5.281855789654308
Park-Fav,NARGP,46,6.7,5.281855789654308
Park-Fav,NARGP,46,6.8,5.281855789654308
Park-Fav,NARGP,46,6.9,5.281855789654308
Park-Fav,NARGP,46,7.0,5.281855789654308
Park-Fav,NARGP,46,7.1,5.281855789654308
Park-Fav,NARGP,46,7.2,5.281855789654308
Park-Fav,NARGP,46,7.3,5.281855789654308
Park-Fav,NARGP,46,7.4,5.281855789654308
Park-Fav,NARGP,46,7.5,5.281855789654308
Park-Fav,NARGP,46,8.5,5.21971834357171
Park-Fav,NARGP,46,8.6,5.21971834357171
Park-Fav,NARGP,46,8.7,5.21971834357171
Park-Fav,NARGP,46,8.8,5.21971834357171
Park-Fav,NARGP,46,8.9,5.21971834357171
Park-Fav,NARGP,46,9.0,5.21971834357171
Park-Fav,NARGP,46,9.1,5.21971834357171
Park-Fav,NARGP,46,9.2,5.21971834357171
Park-Fav,NARGP,46,9.3,5.21971834357171
Park-Fav,NARGP,46,9.4,5.21971834357171
Park-Fav,NARGP,46,9.5,5.21971834357171
Park-Fav,NARGP,46,10.5,5.1234933030368985
Park-Fav,NARGP,46,10.6,5.1234933030368985
Park-Fav,NARGP,46,10.7,5.1234933030368985
Park-Fav,NARGP,46,10.8,5.1234933030368985
Park-Fav,NARGP,46,10.9,5.1234933030368985
Park-Fav,NARGP,46,11.0,5.1234933030368985
Park-Fav,NARGP,46,11.1,5.1234933030368985
Park-Fav,NARGP,46,11.2,5.1234933030368985
Park-Fav,NARGP,46,11.3,5.1234933030368985
Park-Fav,NARGP,46,11.4,5.1234933030368985
Park-Fav,NARGP,46,11.5,5.1234933030368985
Park-Fav,NARGP,46,12.5,3.7910423217141207
Park-Fav,NARGP,46,12.6,3.7910423217141207
Park-Fav,NARGP,46,12.7,3.7910423217141207
Park-Fav,NARGP,46,12.8,3.7910423217141207
Park-Fav,NARGP,46,12.9,3.7910423217141207
Park-Fav,NARGP,46,13.0,3.7910423217141207
Park-Fav,NARGP,46,13.1,3.7910423217141207
Park-Fav,NARGP,46,13.2,3.7910423217141207
Park-Fav,NARGP,46,13.3,3.7910423217141207
Park-Fav,NARGP,46,13.4,3.7910423217141207
Park-Fav,NARGP,46,13.5,3.7910423217141207
Park-Fav,NARGP,46,14.5,3.7910423217141207
Park-Fav,NARGP,46,14.6,3.7910423217141207
Park-Fav,NARGP,46,14.7,3.7910423217141207
Park-Fav,NARGP,46,14.8,3.7910423217141207
Park-Fav,NARGP,46,14.9,3.7910423217141207
Park-Fav,NARGP,46,15.0,3.7910423217141207
Park-Fav,NARGP,46,15.1,3.7910423217141207
Park-Fav,NARGP,46,15.2,3.7910423217141207
Park-Fav,NARGP,46,15.3,3.7910423217141207
Park-Fav,NARGP,46,15.4,3.7910423217141207
Park-Fav,NARGP,46,15.5,3.7910423217141207
Park-Fav,NARGP,46,16.5,3.7910423217141207
Park-Fav,NARGP,46,16.6,3.7910423217141207
Park-Fav,NARGP,46,16.7,3.7910423217141207
Park-Fav,NARGP,46,16.8,3.7910423217141207
Park-Fav,NARGP,46,16.9,3.7910423217141207
Park-Fav,NARGP,46,17.0,3.7910423217141207
Park-Fav,NARGP,46,17.1,3.7910423217141207
Park-Fav,NARGP,46,17.2,3.7910423217141207
Park-Fav,NARGP,46,17.3,3.7910423217141207
Park-Fav,NARGP,46,17.4,3.7910423217141207
Park-Fav,NARGP,46,17.5,3.7910423217141207
Park-Fav,NARGP,46,18.5,3.6243756625474535
Park-Fav,NARGP,46,18.6,3.6243756625474535
Park-Fav,NARGP,46,18.7,3.6243756625474535
Park-Fav,NARGP,46,18.8,3.6243756625474535
Park-Fav,NARGP,46,18.9,3.6243756625474535
Park-Fav,NARGP,46,19.0,3.6243756625474535
Park-Fav,NARGP,46,19.1,3.6243756625474535
Park-Fav,NARGP,46,19.2,3.6243756625474535
Park-Fav,NARGP,46,19.3,3.6243756625474535
Park-Fav,NARGP,46,19.4,3.6243756625474535
Park-Fav,NARGP,46,19.5,3.6243756625474535
Park-Fav,NARGP,46,20.5,3.6243756625474535
Park-Fav,NARGP,46,20.6,3.6243756625474535
Park-Fav,NARGP,46,20.7,3.6243756625474535
Park-Fav,NARGP,46,20.8,3.6243756625474535
Park-Fav,NARGP,46,20.9,3.6243756625474535
Park-Fav,NARGP,46,21.0,3.6243756625474535
Park-Fav,NARGP,46,21.1,3.6243756625474535
Park-Fav,NARGP,46,21.2,3.6243756625474535
Park-Fav,NARGP,46,21.3,3.6243756625474535
Park-Fav,NARGP,46,21.4,3.6243756625474535
Park-Fav,NARGP,46,21.5,3.6243756625474535
Park-Fav,NARGP,46,22.5,3.6243756625474535
Park-Fav,NARGP,46,22.6,3.6243756625474535
Park-Fav,NARGP,46,22.7,3.6243756625474535
Park-Fav,NARGP,46,22.8,3.6243756625474535
Park-Fav,NARGP,46,22.9,3.6243756625474535
Park-Fav,NARGP,46,23.0,3.6243756625474535
Park-Fav,NARGP,46,23.1,3.6243756625474535
Park-Fav,NARGP,46,23.2,3.6243756625474535
Park-Fav,NARGP,46,23.3,3.6243756625474535
Park-Fav,NARGP,46,23.4,3.6243756625474535
Park-Fav,NARGP,46,23.5,3.6243756625474535
Park-Fav,NARGP,46,24.5,3.6243756625474535
Park-Fav,NARGP,46,24.6,3.6243756625474535
Park-Fav,NARGP,46,24.7,3.6243756625474535
Park-Fav,NARGP,46,24.8,3.6243756625474535
Park-Fav,NARGP,46,24.9,3.6243756625474535
Park-Fav,NARGP,46,25.0,3.6243756625474535
Park-Fav,NARGP,46,25.1,3.6243756625474535
Park-Fav,NARGP,46,25.2,3.6243756625474535
Park-Fav,NARGP,46,25.3,3.6243756625474535
Park-Fav,NARGP,46,25.4,3.6243756625474535
Park-Fav,NARGP,46,25.5,3.6243756625474535
Park-Fav,NARGP,46,26.5,3.6243756625474535
Park-Fav,NARGP,46,26.6,3.6243756625474535
Park-Fav,NARGP,46,26.7,3.6243756625474535
Park-Fav,NARGP,46,26.8,3.6243756625474535
Park-Fav,NARGP,46,26.9,3.6243756625474535
Park-Fav,NARGP,46,27.0,3.6243756625474535
Park-Fav,NARGP,46,27.1,3.6243756625474535
Park-Fav,NARGP,46,27.2,3.6243756625474535
Park-Fav,NARGP,46,27.3,3.6243756625474535
Park-Fav,NARGP,46,27.4,3.6243756625474535
Park-Fav,NARGP,46,27.5,3.6243756625474535
Park-Fav,NARGP,46,28.5,2.7182984135771733
Park-Fav,NARGP,46,28.6,2.7182984135771733
Park-Fav,NARGP,46,28.7,2.7182984135771733
Park-Fav,NARGP,46,28.8,2.7182984135771733
Park-Fav,NARGP,46,28.9,2.7182984135771733
Park-Fav,NARGP,46,29.0,2.7182984135771733
Park-Fav,NARGP,46,29.1,2.7182984135771733
Park-Fav,NARGP,46,29.2,2.7182984135771733
Park-Fav,NARGP,46,29.3,2.7182984135771733
Park-Fav,NARGP,46,29.4,2.7182984135771733
Park-Fav,NARGP,46,29.5,2.7182984135771733
Park-Fav,NARGP,46,30.5,2.7182817469105904
Park-Fav,NARGP,46,30.6,2.7182817469105904
Park-Fav,NARGP,46,30.7,2.7182817469105904
Park-Fav,NARGP,46,30.8,2.7182817469105904
Park-Fav,NARGP,46,30.9,2.7182817469105904
Park-Fav,NARGP,46,31.0,2.7182817469105904
Park-Fav,NARGP,46,31.1,2.7182817469105904
Park-Fav,NARGP,46,31.2,2.7182817469105904
Park-Fav,NARGP,46,31.3,2.7182817469105904
Park-Fav,NARGP,46,31.4,2.7182817469105904
Park-Fav,NARGP,46,31.5,2.7182817469105904
Park-Fav,NARGP,46,32.5,2.7182817469105904
Park-Fav,NARGP,46,32.6,2.7182817469105904
Park-Fav,NARGP,46,32.7,2.7182817469105904
Park-Fav,NARGP,46,32.8,2.7182817469105904
Park-Fav,NARGP,46,32.9,2.7182817469105904
Park-Fav,NARGP,46,33.0,2.7182817469105904
Park-Fav,NARGP,46,33.1,2.7182817469105904
Park-Fav,NARGP,46,33.2,2.7182817469105904
Park-Fav,NARGP,46,33.3,2.7182817469105904
Park-Fav,NARGP,46,33.4,2.7182817469105904
Park-Fav,NARGP,46,33.5,2.7182817469105904
Park-Fav,NARGP,46,34.5,2.7182817469105904
Park-Fav,NARGP,46,34.6,2.7182817469105904
Park-Fav,NARGP,46,34.7,2.7182817469105904
Park-Fav,NARGP,46,34.8,2.7182817469105904
Park-Fav,NARGP,46,34.9,2.7182817469105904
Park-Fav,NARGP,46,35.0,2.7182817469105904
Park-Fav,NARGP,46,35.1,2.7182817469105904
Park-Fav,NARGP,46,35.2,2.7182817469105904
Park-Fav,NARGP,46,35.3,2.7182817469105904
Park-Fav,NARGP,46,35.4,2.7182817469105904
Park-Fav,NARGP,46,35.5,2.7182817469105904
Park-Fav,NARGP,46,36.5,2.7182817469105904
Park-Fav,NARGP,46,36.6,2.7182817469105904
Park-Fav,NARGP,46,36.7,2.7182817469105904
Park-Fav,NARGP,46,36.8,2.7182817469105904
Park-Fav,NARGP,46,36.9,2.7182817469105904
Park-Fav,NARGP,46,37.0,2.7182817469105904
Park-Fav,NARGP,46,37.1,2.7182817469105904
Park-Fav,NARGP,46,37.2,2.7182817469105904
Park-Fav,NARGP,46,37.3,2.7182817469105904
Park-Fav,NARGP,46,37.4,2.7182817469105904
Park-Fav,NARGP,46,37.5,2.7182817469105904
Park-Fav,NARGP,46,38.5,2.7182817469105904
Park-Fav,NARGP,46,38.6,2.7182817469105904
Park-Fav,NARGP,46,38.7,2.7182817469105904
Park-Fav,NARGP,46,38.8,2.7182817469105904
Park-Fav,NARGP,46,38.9,2.7182817469105904
Park-Fav,NARGP,46,39.0,2.7182817469105904
Park-Fav,NARGP,46,39.1,2.7182817469105904
Park-Fav,NARGP,46,39.2,2.7182817469105904
Park-Fav,NARGP,46,39.3,2.7182817469105904
Park-Fav,NARGP,46,39.4,2.7182817469105904
Park-Fav,NARGP,46,39.5,2.7182817469105904
Park-Fav,NARGP,46,40.5,2.7182817469105904
Park-Fav,NARGP,46,40.6,2.7182817469105904
Park-Fav,NARGP,46,40.7,2.7182817469105904
Park-Fav,NARGP,46,40.8,2.7182817469105904
Park-Fav,NARGP,46,40.9,2.7182817469105904
Park-Fav,NARGP,46,41.0,2.7182817469105904
Park-Fav,NARGP,46,41.1,2.7182817469105904
Park-Fav,NARGP,46,41.2,2.7182817469105904
Park-Fav,NARGP,46,41.3,2.7182817469105904
Park-Fav,NARGP,46,41.4,2.7182817469105904
Park-Fav,NARGP,46,41.5,2.7182817469105904
Park-Fav,NARGP,46,42.5,2.7182817469105904
Park-Fav,NARGP,46,42.6,2.7182817469105904
Park-Fav,NARGP,46,42.7,2.7182817469105904
Park-Fav,NARGP,46,42.8,2.7182817469105904
Park-Fav,NARGP,46,42.9,2.7182817469105904
Park-Fav,NARGP,46,43.0,2.7182817469105904
Park-Fav,NARGP,46,43.1,2.7182817469105904
Park-Fav,NARGP,46,43.2,2.7182817469105904
Park-Fav,NARGP,46,43.3,2.7182817469105904
Park-Fav,NARGP,46,43.4,2.7182817469105904
Park-Fav,NARGP,46,43.5,2.7182817469105904
Park-Fav,NARGP,46,44.5,2.7182817469105904
Park-Fav,NARGP,46,44.6,2.7182817469105904
Park-Fav,NARGP,46,44.7,2.7182817469105904
Park-Fav,NARGP,46,44.8,2.7182817469105904
Park-Fav,NARGP,46,44.9,2.7182817469105904
Park-Fav,NARGP,46,45.0,2.7182817469105904
Park-Fav,NARGP,46,45.1,2.7182817469105904
Park-Fav,NARGP,46,45.2,2.7182817469105904
Park-Fav,NARGP,46,45.3,2.7182817469105904
Park-Fav,NARGP,46,45.4,2.7182817469105904
Park-Fav,NARGP,46,45.5,2.7182817469105904
Park-Fav,NARGP,46,46.5,2.7182817469105904
Park-Fav,NARGP,46,46.6,2.7182817469105904
Park-Fav,NARGP,46,46.7,2.7182817469105904
Park-Fav,NARGP,46,46.8,2.7182817469105904
Park-Fav,NARGP,46,46.9,2.7182817469105904
Park-Fav,NARGP,46,47.0,2.7182817469105904
Park-Fav,NARGP,46,47.1,2.7182817469105904
Park-Fav,NARGP,46,47.2,2.7182817469105904
Park-Fav,NARGP,46,47.3,2.7182817469105904
Park-Fav,NARGP,46,47.4,2.7182817469105904
Park-Fav,NARGP,46,47.5,2.7182817469105904
Park-Fav,NARGP,46,48.5,2.7182817469105904
Park-Fav,NARGP,46,48.6,2.7182817469105904
Park-Fav,NARGP,46,48.7,2.7182817469105904
Park-Fav,NARGP,46,48.8,2.7182817469105904
Park-Fav,NARGP,46,48.9,2.7182817469105904
Park-Fav,NARGP,46,49.0,2.7182817469105904
Park-Fav,NARGP,46,49.1,2.7182817469105904
Park-Fav,NARGP,46,49.2,2.7182817469105904
Park-Fav,NARGP,46,49.3,2.7182817469105904
Park-Fav,NARGP,46,49.4,2.7182817469105904
Park-Fav,NARGP,46,49.5,2.7182817469105904
Park-Fav,NARGP,46,49.6,2.7182817469105904
Park-Fav,NARGP,46,49.7,2.7182817469105904
Park-Fav,NARGP,46,49.8,2.7182817469105904
Park-Fav,NARGP,46,49.9,2.7182817469105904
Park-Fav,NARGP,47,4.5,7.733352536886393
Park-Fav,NARGP,47,4.6,7.733352536886393
Park-Fav,NARGP,47,4.7,7.733352536886393
Park-Fav,NARGP,47,4.8,7.733352536886393
Park-Fav,NARGP,47,4.9,7.733352536886393
Park-Fav,NARGP,47,5.0,7.733352536886393
Park-Fav,NARGP,47,5.1,7.733352536886393
Park-Fav,NARGP,47,5.2,7.733352536886393
Park-Fav,NARGP,47,5.3,7.733352536886393
Park-Fav,NARGP,47,5.4,7.733352536886393
Park-Fav,NARGP,47,5.5,7.733352536886393
Park-Fav,NARGP,47,6.5,7.733352536886393
Park-Fav,NARGP,47,6.6,7.733352536886393
Park-Fav,NARGP,47,6.7,7.733352536886393
Park-Fav,NARGP,47,6.8,7.733352536886393
Park-Fav,NARGP,47,6.9,7.733352536886393
Park-Fav,NARGP,47,7.0,7.733352536886393
Park-Fav,NARGP,47,7.1,7.733352536886393
Park-Fav,NARGP,47,7.2,7.733352536886393
Park-Fav,NARGP,47,7.3,7.733352536886393
Park-Fav,NARGP,47,7.4,7.733352536886393
Park-Fav,NARGP,47,7.5,7.733352536886393
Park-Fav,NARGP,47,8.5,7.637127492502581
Park-Fav,NARGP,47,8.6,7.637127492502581
Park-Fav,NARGP,47,8.7,7.637127492502581
Park-Fav,NARGP,47,8.8,7.637127492502581
Park-Fav,NARGP,47,8.9,7.637127492502581
Park-Fav,NARGP,47,9.0,7.637127492502581
Park-Fav,NARGP,47,9.1,7.637127492502581
Park-Fav,NARGP,47,9.2,7.637127492502581
Park-Fav,NARGP,47,9.3,7.637127492502581
Park-Fav,NARGP,47,9.4,7.637127492502581
Park-Fav,NARGP,47,9.5,7.637127492502581
Park-Fav,NARGP,47,10.5,7.637127492502581
Park-Fav,NARGP,47,10.6,7.637127492502581
Park-Fav,NARGP,47,10.7,7.637127492502581
Park-Fav,NARGP,47,10.8,7.637127492502581
Park-Fav,NARGP,47,10.9,7.637127492502581
Park-Fav,NARGP,47,11.0,7.637127492502581
Park-Fav,NARGP,47,11.1,7.637127492502581
Park-Fav,NARGP,47,11.2,7.637127492502581
Park-Fav,NARGP,47,11.3,7.637127492502581
Park-Fav,NARGP,47,11.4,7.637127492502581
Park-Fav,NARGP,47,11.5,7.637127492502581
Park-Fav,NARGP,47,12.5,7.637127492502581
Park-Fav,NARGP,47,12.6,7.637127492502581
Park-Fav,NARGP,47,12.7,7.637127492502581
Park-Fav,NARGP,47,12.8,7.637127492502581
Park-Fav,NARGP,47,12.9,7.637127492502581
Park-Fav,NARGP,47,13.0,7.637127492502581
Park-Fav,NARGP,47,13.1,7.637127492502581
Park-Fav,NARGP,47,13.2,7.637127492502581
Park-Fav,NARGP,47,13.3,7.637127492502581
Park-Fav,NARGP,47,13.4,7.637127492502581
Park-Fav,NARGP,47,13.5,7.637127492502581
Park-Fav,NARGP,47,14.5,7.637127492502581
Park-Fav,NARGP,47,14.6,7.637127492502581
Park-Fav,NARGP,47,14.7,7.637127492502581
Park-Fav,NARGP,47,14.8,7.637127492502581
Park-Fav,NARGP,47,14.9,7.637127492502581
Park-Fav,NARGP,47,15.0,7.637127492502581
Park-Fav,NARGP,47,15.1,7.637127492502581
Park-Fav,NARGP,47,15.2,7.637127492502581
Park-Fav,NARGP,47,15.3,7.637127492502581
Park-Fav,NARGP,47,15.4,7.637127492502581
Park-Fav,NARGP,47,15.5,7.637127492502581
Park-Fav,NARGP,47,16.5,7.637127492502581
Park-Fav,NARGP,47,16.6,7.637127492502581
Park-Fav,NARGP,47,16.7,7.637127492502581
Park-Fav,NARGP,47,16.8,7.637127492502581
Park-Fav,NARGP,47,16.9,7.637127492502581
Park-Fav,NARGP,47,17.0,7.637127492502581
Park-Fav,NARGP,47,17.1,7.637127492502581
Park-Fav,NARGP,47,17.2,7.637127492502581
Park-Fav,NARGP,47,17.3,7.637127492502581
Park-Fav,NARGP,47,17.4,7.637127492502581
Park-Fav,NARGP,47,17.5,7.637127492502581
Park-Fav,NARGP,47,18.5,7.637127492502581
Park-Fav,NARGP,47,18.6,7.637127492502581
Park-Fav,NARGP,47,18.7,7.637127492502581
Park-Fav,NARGP,47,18.8,7.637127492502581
Park-Fav,NARGP,47,18.9,7.637127492502581
Park-Fav,NARGP,47,19.0,7.637127492502581
Park-Fav,NARGP,47,19.1,7.637127492502581
Park-Fav,NARGP,47,19.2,7.637127492502581
Park-Fav,NARGP,47,19.3,7.637127492502581
Park-Fav,NARGP,47,19.4,7.637127492502581
Park-Fav,NARGP,47,19.5,7.637127492502581
Park-Fav,NARGP,47,20.5,6.47653544287524
Park-Fav,NARGP,47,20.6,6.47653544287524
Park-Fav,NARGP,47,20.7,6.47653544287524
Park-Fav,NARGP,47,20.8,6.47653544287524
Park-Fav,NARGP,47,20.9,6.47653544287524
Park-Fav,NARGP,47,21.0,6.47653544287524
Park-Fav,NARGP,47,21.1,6.47653544287524
Park-Fav,NARGP,47,21.2,6.47653544287524
Park-Fav,NARGP,47,21.3,6.47653544287524
Park-Fav,NARGP,47,21.4,6.47653544287524
Park-Fav,NARGP,47,21.5,6.47653544287524
Park-Fav,NARGP,47,22.5,6.47653544287524
Park-Fav,NARGP,47,22.6,6.47653544287524
Park-Fav,NARGP,47,22.7,6.47653544287524
Park-Fav,NARGP,47,22.8,6.47653544287524
Park-Fav,NARGP,47,22.9,6.47653544287524
Park-Fav,NARGP,47,23.0,6.47653544287524
Park-Fav,NARGP,47,23.1,6.47653544287524
Park-Fav,NARGP,47,23.2,6.47653544287524
Park-Fav,NARGP,47,23.3,6.47653544287524
Park-Fav,NARGP,47,23.4,6.47653544287524
Park-Fav,NARGP,47,23.5,6.47653544287524
Park-Fav,NARGP,47,24.5,6.380310399092834
Park-Fav,NARGP,47,24.6,6.380310399092834
Park-Fav,NARGP,47,24.7,6.380310399092834
Park-Fav,NARGP,47,24.8,6.380310399092834
Park-Fav,NARGP,47,24.9,6.380310399092834
Park-Fav,NARGP,47,25.0,6.380310399092834
Park-Fav,NARGP,47,25.1,6.380310399092834
Park-Fav,NARGP,47,25.2,6.380310399092834
Park-Fav,NARGP,47,25.3,6.380310399092834
Park-Fav,NARGP,47,25.4,6.380310399092834
Park-Fav,NARGP,47,25.5,6.380310399092834
Park-Fav,NARGP,47,26.5,6.380310399092834
Park-Fav,NARGP,47,26.6,6.380310399092834
Park-Fav,NARGP,47,26.7,6.380310399092834
Park-Fav,NARGP,47,26.8,6.380310399092834
Park-Fav,NARGP,47,26.9,6.380310399092834
Park-Fav,NARGP,47,27.0,6.380310399092834
Park-Fav,NARGP,47,27.1,6.380310399092834
Park-Fav,NARGP,47,27.2,6.380310399092834
Park-Fav,NARGP,47,27.3,6.380310399092834
Park-Fav,NARGP,47,27.4,6.380310399092834
Park-Fav,NARGP,47,27.5,6.380310399092834
Park-Fav,NARGP,47,28.5,5.603230214020151
Park-Fav,NARGP,47,28.6,5.603230214020151
Park-Fav,NARGP,47,28.7,5.603230214020151
Park-Fav,NARGP,47,28.8,5.603230214020151
Park-Fav,NARGP,47,28.9,5.603230214020151
Park-Fav,NARGP,47,29.0,5.603230214020151
Park-Fav,NARGP,47,29.1,5.603230214020151
Park-Fav,NARGP,47,29.2,5.603230214020151
Park-Fav,NARGP,47,29.3,5.603230214020151
Park-Fav,NARGP,47,29.4,5.603230214020151
Park-Fav,NARGP,47,29.5,5.603230214020151
Park-Fav,NARGP,47,30.5,5.603230214020151
Park-Fav,NARGP,47,30.6,5.603230214020151
Park-Fav,NARGP,47,30.7,5.603230214020151
Park-Fav,NARGP,47,30.8,5.603230214020151
Park-Fav,NARGP,47,30.9,5.603230214020151
Park-Fav,NARGP,47,31.0,5.603230214020151
Park-Fav,NARGP,47,31.1,5.603230214020151
Park-Fav,NARGP,47,31.2,5.603230214020151
Park-Fav,NARGP,47,31.3,5.603230214020151
Park-Fav,NARGP,47,31.4,5.603230214020151
Park-Fav,NARGP,47,31.5,5.603230214020151
Park-Fav,NARGP,47,32.5,5.603230214020151
Park-Fav,NARGP,47,32.6,5.603230214020151
Park-Fav,NARGP,47,32.7,5.603230214020151
Park-Fav,NARGP,47,32.8,5.603230214020151
Park-Fav,NARGP,47,32.9,5.603230214020151
Park-Fav,NARGP,47,33.0,5.603230214020151
Park-Fav,NARGP,47,33.1,5.603230214020151
Park-Fav,NARGP,47,33.2,5.603230214020151
Park-Fav,NARGP,47,33.3,5.603230214020151
Park-Fav,NARGP,47,33.4,5.603230214020151
Park-Fav,NARGP,47,33.5,5.603230214020151
Park-Fav,NARGP,47,34.5,5.436563548186817
Park-Fav,NARGP,47,34.6,5.436563548186817
Park-Fav,NARGP,47,34.7,5.436563548186817
Park-Fav,NARGP,47,34.8,5.436563548186817
Park-Fav,NARGP,47,34.9,5.436563548186817
Park-Fav,NARGP,47,35.0,5.436563548186817
Park-Fav,NARGP,47,35.1,5.436563548186817
Park-Fav,NARGP,47,35.2,5.436563548186817
Park-Fav,NARGP,47,35.3,5.436563548186817
Park-Fav,NARGP,47,35.4,5.436563548186817
Park-Fav,NARGP,47,35.5,5.436563548186817
Park-Fav,NARGP,47,36.5,4.766171863111
Park-Fav,NARGP,47,36.6,4.766171863111
Park-Fav,NARGP,47,36.7,4.766171863111
Park-Fav,NARGP,47,36.8,4.766171863111
Park-Fav,NARGP,47,36.9,4.766171863111
Park-Fav,NARGP,47,37.0,4.766171863111
Park-Fav,NARGP,47,37.1,4.766171863111
Park-Fav,NARGP,47,37.2,4.766171863111
Park-Fav,NARGP,47,37.3,4.766171863111
Park-Fav,NARGP,47,37.4,4.766171863111
Park-Fav,NARGP,47,37.5,4.766171863111
Park-Fav,NARGP,47,38.5,4.766171863111
Park-Fav,NARGP,47,38.6,4.766171863111
Park-Fav,NARGP,47,38.7,4.766171863111
Park-Fav,NARGP,47,38.8,4.766171863111
Park-Fav,NARGP,47,38.9,4.766171863111
Park-Fav,NARGP,47,39.0,4.766171863111
Park-Fav,NARGP,47,39.1,4.766171863111
Park-Fav,NARGP,47,39.2,4.766171863111
Park-Fav,NARGP,47,39.3,4.766171863111
Park-Fav,NARGP,47,39.4,4.766171863111
Park-Fav,NARGP,47,39.5,4.766171863111
Park-Fav,NARGP,47,40.5,4.6971362701588015
Park-Fav,NARGP,47,40.6,4.6971362701588015
Park-Fav,NARGP,47,40.7,4.6971362701588015
Park-Fav,NARGP,47,40.8,4.6971362701588015
Park-Fav,NARGP,47,40.9,4.6971362701588015
Park-Fav,NARGP,47,41.0,4.6971362701588015
Park-Fav,NARGP,47,41.1,4.6971362701588015
Park-Fav,NARGP,47,41.2,4.6971362701588015
Park-Fav,NARGP,47,41.3,4.6971362701588015
Park-Fav,NARGP,47,41.4,4.6971362701588015
Park-Fav,NARGP,47,41.5,4.6971362701588015
Park-Fav,NARGP,47,42.5,4.530469605367135
Park-Fav,NARGP,47,42.6,4.530469605367135
Park-Fav,NARGP,47,42.7,4.530469605367135
Park-Fav,NARGP,47,42.8,4.530469605367135
Park-Fav,NARGP,47,42.9,4.530469605367135
Park-Fav,NARGP,47,43.0,4.530469605367135
Park-Fav,NARGP,47,43.1,4.530469605367135
Park-Fav,NARGP,47,43.2,4.530469605367135
Park-Fav,NARGP,47,43.3,4.530469605367135
Park-Fav,NARGP,47,43.4,4.530469605367135
Park-Fav,NARGP,47,43.5,4.530469605367135
Park-Fav,NARGP,47,44.5,3.860077912336368
Park-Fav,NARGP,47,44.6,3.860077912336368
Park-Fav,NARGP,47,44.7,3.860077912336368
Park-Fav,NARGP,47,44.8,3.860077912336368
Park-Fav,NARGP,47,44.9,3.860077912336368
Park-Fav,NARGP,47,45.0,3.860077912336368
Park-Fav,NARGP,47,45.1,3.860077912336368
Park-Fav,NARGP,47,45.2,3.860077912336368
Park-Fav,NARGP,47,45.3,3.860077912336368
Park-Fav,NARGP,47,45.4,3.860077912336368
Park-Fav,NARGP,47,45.5,3.860077912336368
Park-Fav,NARGP,47,46.5,3.860077912336368
Park-Fav,NARGP,47,46.6,3.860077912336368
Park-Fav,NARGP,47,46.7,3.860077912336368
Park-Fav,NARGP,47,46.8,3.860077912336368
Park-Fav,NARGP,47,46.9,3.860077912336368
Park-Fav,NARGP,47,47.0,3.860077912336368
Park-Fav,NARGP,47,47.1,3.860077912336368
Park-Fav,NARGP,47,47.2,3.860077912336368
Park-Fav,NARGP,47,47.3,3.860077912336368
Park-Fav,NARGP,47,47.4,3.860077912336368
Park-Fav,NARGP,47,47.5,3.860077912336368
Park-Fav,NARGP,47,48.5,3.7910423217141207
Park-Fav,NARGP,47,48.6,3.7910423217141207
Park-Fav,NARGP,47,48.7,3.7910423217141207
Park-Fav,NARGP,47,48.8,3.7910423217141207
Park-Fav,NARGP,47,48.9,3.7910423217141207
Park-Fav,NARGP,47,49.0,3.7910423217141207
Park-Fav,NARGP,47,49.1,3.7910423217141207
Park-Fav,NARGP,47,49.2,3.7910423217141207
Park-Fav,NARGP,47,49.3,3.7910423217141207
Park-Fav,NARGP,47,49.4,3.7910423217141207
Park-Fav,NARGP,47,49.5,3.7910423217141207
Park-Fav,NARGP,47,49.6,3.7910423217141207
Park-Fav,NARGP,47,49.7,3.7910423217141207
Park-Fav,NARGP,47,49.8,3.7910423217141207
Park-Fav,NARGP,47,49.9,3.7910423217141207
Park-Fav,NARGP,48,4.5,2.5136675233319035
Park-Fav,NARGP,48,4.6,2.5136675233319035
Park-Fav,NARGP,48,4.7,2.5136675233319035
Park-Fav,NARGP,48,4.8,2.5136675233319035
Park-Fav,NARGP,48,4.9,2.5136675233319035
Park-Fav,NARGP,48,5.0,2.5136675233319035
Park-Fav,NARGP,48,5.1,2.5136675233319035
Park-Fav,NARGP,48,5.2,2.5136675233319035
Park-Fav,NARGP,48,5.3,2.5136675233319035
Park-Fav,NARGP,48,5.4,2.5136675233319035
Park-Fav,NARGP,48,5.5,2.5136675233319035
Park-Fav,NARGP,48,6.5,2.5136675233319035
Park-Fav,NARGP,48,6.6,2.5136675233319035
Park-Fav,NARGP,48,6.7,2.5136675233319035
Park-Fav,NARGP,48,6.8,2.5136675233319035
Park-Fav,NARGP,48,6.9,2.5136675233319035
Park-Fav,NARGP,48,7.0,2.5136675233319035
Park-Fav,NARGP,48,7.1,2.5136675233319035
Park-Fav,NARGP,48,7.2,2.5136675233319035
Park-Fav,NARGP,48,7.3,2.5136675233319035
Park-Fav,NARGP,48,7.4,2.5136675233319035
Park-Fav,NARGP,48,7.5,2.5136675233319035
Park-Fav,NARGP,48,8.5,2.513650856665425
Park-Fav,NARGP,48,8.6,2.513650856665425
Park-Fav,NARGP,48,8.7,2.513650856665425
Park-Fav,NARGP,48,8.8,2.513650856665425
Park-Fav,NARGP,48,8.9,2.513650856665425
Park-Fav,NARGP,48,9.0,2.513650856665425
Park-Fav,NARGP,48,9.1,2.513650856665425
Park-Fav,NARGP,48,9.2,2.513650856665425
Park-Fav,NARGP,48,9.3,2.513650856665425
Park-Fav,NARGP,48,9.4,2.513650856665425
Park-Fav,NARGP,48,9.5,2.513650856665425
Park-Fav,NARGP,48,10.5,2.513650856665425
Park-Fav,NARGP,48,10.6,2.513650856665425
Park-Fav,NARGP,48,10.7,2.513650856665425
Park-Fav,NARGP,48,10.8,2.513650856665425
Park-Fav,NARGP,48,10.9,2.513650856665425
Park-Fav,NARGP,48,11.0,2.513650856665425
Park-Fav,NARGP,48,11.1,2.513650856665425
Park-Fav,NARGP,48,11.2,2.513650856665425
Park-Fav,NARGP,48,11.3,2.513650856665425
Park-Fav,NARGP,48,11.4,2.513650856665425
Park-Fav,NARGP,48,11.5,2.513650856665425
Park-Fav,NARGP,48,12.5,1.81221672596968
Park-Fav,NARGP,48,12.6,1.81221672596968
Park-Fav,NARGP,48,12.7,1.81221672596968
Park-Fav,NARGP,48,12.8,1.81221672596968
Park-Fav,NARGP,48,12.9,1.81221672596968
Park-Fav,NARGP,48,13.0,1.81221672596968
Park-Fav,NARGP,48,13.1,1.81221672596968
Park-Fav,NARGP,48,13.2,1.81221672596968
Park-Fav,NARGP,48,13.3,1.81221672596968
Park-Fav,NARGP,48,13.4,1.81221672596968
Park-Fav,NARGP,48,13.5,1.81221672596968
Park-Fav,NARGP,48,14.5,1.81221672596968
Park-Fav,NARGP,48,14.6,1.81221672596968
Park-Fav,NARGP,48,14.7,1.81221672596968
Park-Fav,NARGP,48,14.8,1.81221672596968
Park-Fav,NARGP,48,14.9,1.81221672596968
Park-Fav,NARGP,48,15.0,1.81221672596968
Park-Fav,NARGP,48,15.1,1.81221672596968
Park-Fav,NARGP,48,15.2,1.81221672596968
Park-Fav,NARGP,48,15.3,1.81221672596968
Park-Fav,NARGP,48,15.4,1.81221672596968
Park-Fav,NARGP,48,15.5,1.81221672596968
Park-Fav,NARGP,48,16.5,1.81221672596968
Park-Fav,NARGP,48,16.6,1.81221672596968
Park-Fav,NARGP,48,16.7,1.81221672596968
Park-Fav,NARGP,48,16.8,1.81221672596968
Park-Fav,NARGP,48,16.9,1.81221672596968
Park-Fav,NARGP,48,17.0,1.81221672596968
Park-Fav,NARGP,48,17.1,1.81221672596968
Park-Fav,NARGP,48,17.2,1.81221672596968
Park-Fav,NARGP,48,17.3,1.81221672596968
Park-Fav,NARGP,48,17.4,1.81221672596968
Park-Fav,NARGP,48,17.5,1.81221672596968
Park-Fav,NARGP,48,18.5,1.8121878584565447
Park-Fav,NARGP,48,18.6,1.8121878584565447
Park-Fav,NARGP,48,18.7,1.8121878584565447
Park-Fav,NARGP,48,18.8,1.8121878584565447
Park-Fav,NARGP,48,18.9,1.8121878584565447
Park-Fav,NARGP,48,19.0,1.8121878584565447
Park-Fav,NARGP,48,19.1,1.8121878584565447
Park-Fav,NARGP,48,19.2,1.8121878584565447
Park-Fav,NARGP,48,19.3,1.8121878584565447
Park-Fav,NARGP,48,19.4,1.8121878584565447
Park-Fav,NARGP,48,19.5,1.8121878584565447
Park-Fav,NARGP,48,20.5,1.8121878584565447
Park-Fav,NARGP,48,20.6,1.8121878584565447
Park-Fav,NARGP,48,20.7,1.8121878584565447
Park-Fav,NARGP,48,20.8,1.8121878584565447
Park-Fav,NARGP,48,20.9,1.8121878584565447
Park-Fav,NARGP,48,21.0,1.8121878584565447
Park-Fav,NARGP,48,21.1,1.8121878584565447
Park-Fav,NARGP,48,21.2,1.8121878584565447
Park-Fav,NARGP,48,21.3,1.8121878584565447
Park-Fav,NARGP,48,21.4,1.8121878584565447
Park-Fav,NARGP,48,21.5,1.8121878584565447
Park-Fav,NARGP,48,22.5,1.8121878584565447
Park-Fav,NARGP,48,22.6,1.8121878584565447
Park-Fav,NARGP,48,22.7,1.8121878584565447
Park-Fav,NARGP,48,22.8,1.8121878584565447
Park-Fav,NARGP,48,22.9,1.8121878584565447
Park-Fav,NARGP,48,23.0,1.8121878584565447
Park-Fav,NARGP,48,23.1,1.8121878584565447
Park-Fav,NARGP,48,23.2,1.8121878584565447
Park-Fav,NARGP,48,23.3,1.8121878584565447
Park-Fav,NARGP,48,23.4,1.8121878584565447
Park-Fav,NARGP,48,23.5,1.8121878584565447
Park-Fav,NARGP,48,24.5,1.8121878584565447
Park-Fav,NARGP,48,24.6,1.8121878584565447
Park-Fav,NARGP,48,24.7,1.8121878584565447
Park-Fav,NARGP,48,24.8,1.8121878584565447
Park-Fav,NARGP,48,24.9,1.8121878584565447
Park-Fav,NARGP,48,25.0,1.8121878584565447
Park-Fav,NARGP,48,25.1,1.8121878584565447
Park-Fav,NARGP,48,25.2,1.8121878584565447
Park-Fav,NARGP,48,25.3,1.8121878584565447
Park-Fav,NARGP,48,25.4,1.8121878584565447
Park-Fav,NARGP,48,25.5,1.8121878584565447
Park-Fav,NARGP,48,26.5,1.8121878584565447
Park-Fav,NARGP,48,26.6,1.8121878584565447
Park-Fav,NARGP,48,26.7,1.8121878584565447
Park-Fav,NARGP,48,26.8,1.8121878584565447
Park-Fav,NARGP,48,26.9,1.8121878584565447
Park-Fav,NARGP,48,27.0,1.8121878584565447
Park-Fav,NARGP,48,27.1,1.8121878584565447
Park-Fav,NARGP,48,27.2,1.8121878584565447
Park-Fav,NARGP,48,27.3,1.8121878584565447
Park-Fav,NARGP,48,27.4,1.8121878584565447
Park-Fav,NARGP,48,27.5,1.8121878584565447
Park-Fav,NARGP,48,28.5,1.8121878584565447
Park-Fav,NARGP,48,28.6,1.8121878584565447
Park-Fav,NARGP,48,28.7,1.8121878584565447
Park-Fav,NARGP,48,28.8,1.8121878584565447
Park-Fav,NARGP,48,28.9,1.8121878584565447
Park-Fav,NARGP,48,29.0,1.8121878584565447
Park-Fav,NARGP,48,29.1,1.8121878584565447
Park-Fav,NARGP,48,29.2,1.8121878584565447
Park-Fav,NARGP,48,29.3,1.8121878584565447
Park-Fav,NARGP,48,29.4,1.8121878584565447
Park-Fav,NARGP,48,29.5,1.8121878584565447
Park-Fav,NARGP,48,30.5,1.8121878584565447
Park-Fav,NARGP,48,30.6,1.8121878584565447
Park-Fav,NARGP,48,30.7,1.8121878584565447
Park-Fav,NARGP,48,30.8,1.8121878584565447
Park-Fav,NARGP,48,30.9,1.8121878584565447
Park-Fav,NARGP,48,31.0,1.8121878584565447
Park-Fav,NARGP,48,31.1,1.8121878584565447
Park-Fav,NARGP,48,31.2,1.8121878584565447
Park-Fav,NARGP,48,31.3,1.8121878584565447
Park-Fav,NARGP,48,31.4,1.8121878584565447
Park-Fav,NARGP,48,31.5,1.8121878584565447
Park-Fav,NARGP,48,32.5,1.8121878584565447
Park-Fav,NARGP,48,32.6,1.8121878584565447
Park-Fav,NARGP,48,32.7,1.8121878584565447
Park-Fav,NARGP,48,32.8,1.8121878584565447
Park-Fav,NARGP,48,32.9,1.8121878584565447
Park-Fav,NARGP,48,33.0,1.8121878584565447
Park-Fav,NARGP,48,33.1,1.8121878584565447
Park-Fav,NARGP,48,33.2,1.8121878584565447
Park-Fav,NARGP,48,33.3,1.8121878584565447
Park-Fav,NARGP,48,33.4,1.8121878584565447
Park-Fav,NARGP,48,33.5,1.8121878584565447
Park-Fav,NARGP,48,34.5,1.8121878584565447
Park-Fav,NARGP,48,34.6,1.8121878584565447
Park-Fav,NARGP,48,34.7,1.8121878584565447
Park-Fav,NARGP,48,34.8,1.8121878584565447
Park-Fav,NARGP,48,34.9,1.8121878584565447
Park-Fav,NARGP,48,35.0,1.8121878584565447
Park-Fav,NARGP,48,35.1,1.8121878584565447
Park-Fav,NARGP,48,35.2,1.8121878584565447
Park-Fav,NARGP,48,35.3,1.8121878584565447
Park-Fav,NARGP,48,35.4,1.8121878584565447
Park-Fav,NARGP,48,35.5,1.8121878584565447
Park-Fav,NARGP,48,36.5,1.8121878584565447
Park-Fav,NARGP,48,36.6,1.8121878584565447
Park-Fav,NARGP,48,36.7,1.8121878584565447
Park-Fav,NARGP,48,36.8,1.8121878584565447
Park-Fav,NARGP,48,36.9,1.8121878584565447
Park-Fav,NARGP,48,37.0,1.8121878584565447
Park-Fav,NARGP,48,37.1,1.8121878584565447
Park-Fav,NARGP,48,37.2,1.8121878584565447
Park-Fav,NARGP,48,37.3,1.8121878584565447
Park-Fav,NARGP,48,37.4,1.8121878584565447
Park-Fav,NARGP,48,37.5,1.8121878584565447
Park-Fav,NARGP,48,38.5,1.8121878584565447
Park-Fav,NARGP,48,38.6,1.8121878584565447
Park-Fav,NARGP,48,38.7,1.8121878584565447
Park-Fav,NARGP,48,38.8,1.8121878584565447
Park-Fav,NARGP,48,38.9,1.8121878584565447
Park-Fav,NARGP,48,39.0,1.8121878584565447
Park-Fav,NARGP,48,39.1,1.8121878584565447
Park-Fav,NARGP,48,39.2,1.8121878584565447
Park-Fav,NARGP,48,39.3,1.8121878584565447
Park-Fav,NARGP,48,39.4,1.8121878584565447
Park-Fav,NARGP,48,39.5,1.8121878584565447
Park-Fav,NARGP,48,40.5,1.8121878584565447
Park-Fav,NARGP,48,40.6,1.8121878584565447
Park-Fav,NARGP,48,40.7,1.8121878584565447
Park-Fav,NARGP,48,40.8,1.8121878584565447
Park-Fav,NARGP,48,40.9,1.8121878584565447
Park-Fav,NARGP,48,41.0,1.8121878584565447
Park-Fav,NARGP,48,41.1,1.8121878584565447
Park-Fav,NARGP,48,41.2,1.8121878584565447
Park-Fav,NARGP,48,41.3,1.8121878584565447
Park-Fav,NARGP,48,41.4,1.8121878584565447
Park-Fav,NARGP,48,41.5,1.8121878584565447
Park-Fav,NARGP,48,42.5,1.8121878584565447
Park-Fav,NARGP,48,42.6,1.8121878584565447
Park-Fav,NARGP,48,42.7,1.8121878584565447
Park-Fav,NARGP,48,42.8,1.8121878584565447
Park-Fav,NARGP,48,42.9,1.8121878584565447
Park-Fav,NARGP,48,43.0,1.8121878584565447
Park-Fav,NARGP,48,43.1,1.8121878584565447
Park-Fav,NARGP,48,43.2,1.8121878584565447
Park-Fav,NARGP,48,43.3,1.8121878584565447
Park-Fav,NARGP,48,43.4,1.8121878584565447
Park-Fav,NARGP,48,43.5,1.8121878584565447
Park-Fav,NARGP,48,44.5,1.8121878584565447
Park-Fav,NARGP,48,44.6,1.8121878584565447
Park-Fav,NARGP,48,44.7,1.8121878584565447
Park-Fav,NARGP,48,44.8,1.8121878584565447
Park-Fav,NARGP,48,44.9,1.8121878584565447
Park-Fav,NARGP,48,45.0,1.8121878584565447
Park-Fav,NARGP,48,45.1,1.8121878584565447
Park-Fav,NARGP,48,45.2,1.8121878584565447
Park-Fav,NARGP,48,45.3,1.8121878584565447
Park-Fav,NARGP,48,45.4,1.8121878584565447
Park-Fav,NARGP,48,45.5,1.8121878584565447
Park-Fav,NARGP,48,46.5,1.8121878584565447
Park-Fav,NARGP,48,46.6,1.8121878584565447
Park-Fav,NARGP,48,46.7,1.8121878584565447
Park-Fav,NARGP,48,46.8,1.8121878584565447
Park-Fav,NARGP,48,46.9,1.8121878584565447
Park-Fav,NARGP,48,47.0,1.8121878584565447
Park-Fav,NARGP,48,47.1,1.8121878584565447
Park-Fav,NARGP,48,47.2,1.8121878584565447
Park-Fav,NARGP,48,47.3,1.8121878584565447
Park-Fav,NARGP,48,47.4,1.8121878584565447
Park-Fav,NARGP,48,47.5,1.8121878584565447
Park-Fav,NARGP,48,48.5,1.8121878584565447
Park-Fav,NARGP,48,48.6,1.8121878584565447
Park-Fav,NARGP,48,48.7,1.8121878584565447
Park-Fav,NARGP,48,48.8,1.8121878584565447
Park-Fav,NARGP,48,48.9,1.8121878584565447
Park-Fav,NARGP,48,49.0,1.8121878584565447
Park-Fav,NARGP,48,49.1,1.8121878584565447
Park-Fav,NARGP,48,49.2,1.8121878584565447
Park-Fav,NARGP,48,49.3,1.8121878584565447
Park-Fav,NARGP,48,49.4,1.8121878584565447
Park-Fav,NARGP,48,49.5,1.8121878584565447
Park-Fav,NARGP,48,49.6,1.8121878584565447
Park-Fav,NARGP,48,49.7,1.8121878584565447
Park-Fav,NARGP,48,49.8,1.8121878584565447
Park-Fav,NARGP,48,49.9,1.8121878584565447
Park-Fav,NARGP,49,4.5,6.588375661612255
Park-Fav,NARGP,49,4.6,6.588375661612255
Park-Fav,NARGP,49,4.7,6.588375661612255
Park-Fav,NARGP,49,4.8,6.588375661612255
Park-Fav,NARGP,49,4.9,6.588375661612255
Park-Fav,NARGP,49,5.0,6.588375661612255
Park-Fav,NARGP,49,5.1,6.588375661612255
Park-Fav,NARGP,49,5.2,6.588375661612255
Park-Fav,NARGP,49,5.3,6.588375661612255
Park-Fav,NARGP,49,5.4,6.588375661612255
Park-Fav,NARGP,49,5.5,6.588375661612255
Park-Fav,NARGP,49,6.5,6.5386728910549765
Park-Fav,NARGP,49,6.6,6.5386728910549765
Park-Fav,NARGP,49,6.7,6.5386728910549765
Park-Fav,NARGP,49,6.8,6.5386728910549765
Park-Fav,NARGP,49,6.9,6.5386728910549765
Park-Fav,NARGP,49,7.0,6.5386728910549765
Park-Fav,NARGP,49,7.1,6.5386728910549765
Park-Fav,NARGP,49,7.2,6.5386728910549765
Park-Fav,NARGP,49,7.3,6.5386728910549765
Park-Fav,NARGP,49,7.4,6.5386728910549765
Park-Fav,NARGP,49,7.5,6.5386728910549765
Park-Fav,NARGP,49,8.5,6.47653544287524
Park-Fav,NARGP,49,8.6,6.47653544287524
Park-Fav,NARGP,49,8.7,6.47653544287524
Park-Fav,NARGP,49,8.8,6.47653544287524
Park-Fav,NARGP,49,8.9,6.47653544287524
Park-Fav,NARGP,49,9.0,6.47653544287524
Park-Fav,NARGP,49,9.1,6.47653544287524
Park-Fav,NARGP,49,9.2,6.47653544287524
Park-Fav,NARGP,49,9.3,6.47653544287524
Park-Fav,NARGP,49,9.4,6.47653544287524
Park-Fav,NARGP,49,9.5,6.47653544287524
Park-Fav,NARGP,49,10.5,6.380310399092834
Park-Fav,NARGP,49,10.6,6.380310399092834
Park-Fav,NARGP,49,10.7,6.380310399092834
Park-Fav,NARGP,49,10.8,6.380310399092834
Park-Fav,NARGP,49,10.9,6.380310399092834
Park-Fav,NARGP,49,11.0,6.380310399092834
Park-Fav,NARGP,49,11.1,6.380310399092834
Park-Fav,NARGP,49,11.2,6.380310399092834
Park-Fav,NARGP,49,11.3,6.380310399092834
Park-Fav,NARGP,49,11.4,6.380310399092834
Park-Fav,NARGP,49,11.5,6.380310399092834
Park-Fav,NARGP,49,12.5,4.6971362701588015
Park-Fav,NARGP,49,12.6,4.6971362701588015
Park-Fav,NARGP,49,12.7,4.6971362701588015
Park-Fav,NARGP,49,12.8,4.6971362701588015
Park-Fav,NARGP,49,12.9,4.6971362701588015
Park-Fav,NARGP,49,13.0,4.6971362701588015
Park-Fav,NARGP,49,13.1,4.6971362701588015
Park-Fav,NARGP,49,13.2,4.6971362701588015
Park-Fav,NARGP,49,13.3,4.6971362701588015
Park-Fav,NARGP,49,13.4,4.6971362701588015
Park-Fav,NARGP,49,13.5,4.6971362701588015
Park-Fav,NARGP,49,14.5,4.6971362701588015
Park-Fav,NARGP,49,14.6,4.6971362701588015
Park-Fav,NARGP,49,14.7,4.6971362701588015
Park-Fav,NARGP,49,14.8,4.6971362701588015
Park-Fav,NARGP,49,14.9,4.6971362701588015
Park-Fav,NARGP,49,15.0,4.6971362701588015
Park-Fav,NARGP,49,15.1,4.6971362701588015
Park-Fav,NARGP,49,15.2,4.6971362701588015
Park-Fav,NARGP,49,15.3,4.6971362701588015
Park-Fav,NARGP,49,15.4,4.6971362701588015
Park-Fav,NARGP,49,15.5,4.6971362701588015
Park-Fav,NARGP,49,16.5,4.6971362701588015
Park-Fav,NARGP,49,16.6,4.6971362701588015
Park-Fav,NARGP,49,16.7,4.6971362701588015
Park-Fav,NARGP,49,16.8,4.6971362701588015
Park-Fav,NARGP,49,16.9,4.6971362701588015
Park-Fav,NARGP,49,17.0,4.6971362701588015
Park-Fav,NARGP,49,17.1,4.6971362701588015
Park-Fav,NARGP,49,17.2,4.6971362701588015
Park-Fav,NARGP,49,17.3,4.6971362701588015
Park-Fav,NARGP,49,17.4,4.6971362701588015
Park-Fav,NARGP,49,17.5,4.6971362701588015
Park-Fav,NARGP,49,18.5,4.530469605367135
Park-Fav,NARGP,49,18.6,4.530469605367135
Park-Fav,NARGP,49,18.7,4.530469605367135
Park-Fav,NARGP,49,18.8,4.530469605367135
Park-Fav,NARGP,49,18.9,4.530469605367135
Park-Fav,NARGP,49,19.0,4.530469605367135
Park-Fav,NARGP,49,19.1,4.530469605367135
Park-Fav,NARGP,49,19.2,4.530469605367135
Park-Fav,NARGP,49,19.3,4.530469605367135
Park-Fav,NARGP,49,19.4,4.530469605367135
Park-Fav,NARGP,49,19.5,4.530469605367135
Park-Fav,NARGP,49,20.5,3.7910423217141207
Park-Fav,NARGP,49,20.6,3.7910423217141207
Park-Fav,NARGP,49,20.7,3.7910423217141207
Park-Fav,NARGP,49,20.8,3.7910423217141207
Park-Fav,NARGP,49,20.9,3.7910423217141207
Park-Fav,NARGP,49,21.0,3.7910423217141207
Park-Fav,NARGP,49,21.1,3.7910423217141207
Park-Fav,NARGP,49,21.2,3.7910423217141207
Park-Fav,NARGP,49,21.3,3.7910423217141207
Park-Fav,NARGP,49,21.4,3.7910423217141207
Park-Fav,NARGP,49,21.5,3.7910423217141207
Park-Fav,NARGP,49,22.5,3.7910423217141207
Park-Fav,NARGP,49,22.6,3.7910423217141207
Park-Fav,NARGP,49,22.7,3.7910423217141207
Park-Fav,NARGP,49,22.8,3.7910423217141207
Park-Fav,NARGP,49,22.9,3.7910423217141207
Park-Fav,NARGP,49,23.0,3.7910423217141207
Park-Fav,NARGP,49,23.1,3.7910423217141207
Park-Fav,NARGP,49,23.2,3.7910423217141207
Park-Fav,NARGP,49,23.3,3.7910423217141207
Park-Fav,NARGP,49,23.4,3.7910423217141207
Park-Fav,NARGP,49,23.5,3.7910423217141207
Park-Fav,NARGP,49,24.5,3.7910423217141207
Park-Fav,NARGP,49,24.6,3.7910423217141207
Park-Fav,NARGP,49,24.7,3.7910423217141207
Park-Fav,NARGP,49,24.8,3.7910423217141207
Park-Fav,NARGP,49,24.9,3.7910423217141207
Park-Fav,NARGP,49,25.0,3.7910423217141207
Park-Fav,NARGP,49,25.1,3.7910423217141207
Park-Fav,NARGP,49,25.2,3.7910423217141207
Park-Fav,NARGP,49,25.3,3.7910423217141207
Park-Fav,NARGP,49,25.4,3.7910423217141207
Park-Fav,NARGP,49,25.5,3.7910423217141207
Park-Fav,NARGP,49,26.5,3.6243756625474535
Park-Fav,NARGP,49,26.6,3.6243756625474535
Park-Fav,NARGP,49,26.7,3.6243756625474535
Park-Fav,NARGP,49,26.8,3.6243756625474535
Park-Fav,NARGP,49,26.9,3.6243756625474535
Park-Fav,NARGP,49,27.0,3.6243756625474535
Park-Fav,NARGP,49,27.1,3.6243756625474535
Park-Fav,NARGP,49,27.2,3.6243756625474535
Park-Fav,NARGP,49,27.3,3.6243756625474535
Park-Fav,NARGP,49,27.4,3.6243756625474535
Park-Fav,NARGP,49,27.5,3.6243756625474535
Park-Fav,NARGP,49,28.5,3.6243756625474535
Park-Fav,NARGP,49,28.6,3.6243756625474535
Park-Fav,NARGP,49,28.7,3.6243756625474535
Park-Fav,NARGP,49,28.8,3.6243756625474535
Park-Fav,NARGP,49,28.9,3.6243756625474535
Park-Fav,NARGP,49,29.0,3.6243756625474535
Park-Fav,NARGP,49,29.1,3.6243756625474535
Park-Fav,NARGP,49,29.2,3.6243756625474535
Park-Fav,NARGP,49,29.3,3.6243756625474535
Park-Fav,NARGP,49,29.4,3.6243756625474535
Park-Fav,NARGP,49,29.5,3.6243756625474535
Park-Fav,NARGP,49,30.5,3.6243756625474535
Park-Fav,NARGP,49,30.6,3.6243756625474535
Park-Fav,NARGP,49,30.7,3.6243756625474535
Park-Fav,NARGP,49,30.8,3.6243756625474535
Park-Fav,NARGP,49,30.9,3.6243756625474535
Park-Fav,NARGP,49,31.0,3.6243756625474535
Park-Fav,NARGP,49,31.1,3.6243756625474535
Park-Fav,NARGP,49,31.2,3.6243756625474535
Park-Fav,NARGP,49,31.3,3.6243756625474535
Park-Fav,NARGP,49,31.4,3.6243756625474535
Park-Fav,NARGP,49,31.5,3.6243756625474535
Park-Fav,NARGP,49,32.5,3.6243756625474535
Park-Fav,NARGP,49,32.6,3.6243756625474535
Park-Fav,NARGP,49,32.7,3.6243756625474535
Park-Fav,NARGP,49,32.8,3.6243756625474535
Park-Fav,NARGP,49,32.9,3.6243756625474535
Park-Fav,NARGP,49,33.0,3.6243756625474535
Park-Fav,NARGP,49,33.1,3.6243756625474535
Park-Fav,NARGP,49,33.2,3.6243756625474535
Park-Fav,NARGP,49,33.3,3.6243756625474535
Park-Fav,NARGP,49,33.4,3.6243756625474535
Park-Fav,NARGP,49,33.5,3.6243756625474535
Park-Fav,NARGP,49,34.5,3.6243756625474535
Park-Fav,NARGP,49,34.6,3.6243756625474535
Park-Fav,NARGP,49,34.7,3.6243756625474535
Park-Fav,NARGP,49,34.8,3.6243756625474535
Park-Fav,NARGP,49,34.9,3.6243756625474535
Park-Fav,NARGP,49,35.0,3.6243756625474535
Park-Fav,NARGP,49,35.1,3.6243756625474535
Park-Fav,NARGP,49,35.2,3.6243756625474535
Park-Fav,NARGP,49,35.3,3.6243756625474535
Park-Fav,NARGP,49,35.4,3.6243756625474535
Park-Fav,NARGP,49,35.5,3.6243756625474535
Park-Fav,NARGP,49,36.5,2.7182984135771733
Park-Fav,NARGP,49,36.6,2.7182984135771733
Park-Fav,NARGP,49,36.7,2.7182984135771733
Park-Fav,NARGP,49,36.8,2.7182984135771733
Park-Fav,NARGP,49,36.9,2.7182984135771733
Park-Fav,NARGP,49,37.0,2.7182984135771733
Park-Fav,NARGP,49,37.1,2.7182984135771733
Park-Fav,NARGP,49,37.2,2.7182984135771733
Park-Fav,NARGP,49,37.3,2.7182984135771733
Park-Fav,NARGP,49,37.4,2.7182984135771733
Park-Fav,NARGP,49,37.5,2.7182984135771733
Park-Fav,NARGP,49,38.5,2.7182817469105904
Park-Fav,NARGP,49,38.6,2.7182817469105904
Park-Fav,NARGP,49,38.7,2.7182817469105904
Park-Fav,NARGP,49,38.8,2.7182817469105904
Park-Fav,NARGP,49,38.9,2.7182817469105904
Park-Fav,NARGP,49,39.0,2.7182817469105904
Park-Fav,NARGP,49,39.1,2.7182817469105904
Park-Fav,NARGP,49,39.2,2.7182817469105904
Park-Fav,NARGP,49,39.3,2.7182817469105904
Park-Fav,NARGP,49,39.4,2.7182817469105904
Park-Fav,NARGP,49,39.5,2.7182817469105904
Park-Fav,NARGP,49,40.5,2.7182817469105904
Park-Fav,NARGP,49,40.6,2.7182817469105904
Park-Fav,NARGP,49,40.7,2.7182817469105904
Park-Fav,NARGP,49,40.8,2.7182817469105904
Park-Fav,NARGP,49,40.9,2.7182817469105904
Park-Fav,NARGP,49,41.0,2.7182817469105904
Park-Fav,NARGP,49,41.1,2.7182817469105904
Park-Fav,NARGP,49,41.2,2.7182817469105904
Park-Fav,NARGP,49,41.3,2.7182817469105904
Park-Fav,NARGP,49,41.4,2.7182817469105904
Park-Fav,NARGP,49,41.5,2.7182817469105904
Park-Fav,NARGP,49,42.5,2.7182817469105904
Park-Fav,NARGP,49,42.6,2.7182817469105904
Park-Fav,NARGP,49,42.7,2.7182817469105904
Park-Fav,NARGP,49,42.8,2.7182817469105904
Park-Fav,NARGP,49,42.9,2.7182817469105904
Park-Fav,NARGP,49,43.0,2.7182817469105904
Park-Fav,NARGP,49,43.1,2.7182817469105904
Park-Fav,NARGP,49,43.2,2.7182817469105904
Park-Fav,NARGP,49,43.3,2.7182817469105904
Park-Fav,NARGP,49,43.4,2.7182817469105904
Park-Fav,NARGP,49,43.5,2.7182817469105904
Park-Fav,NARGP,49,44.5,2.7182817469105904
Park-Fav,NARGP,49,44.6,2.7182817469105904
Park-Fav,NARGP,49,44.7,2.7182817469105904
Park-Fav,NARGP,49,44.8,2.7182817469105904
Park-Fav,NARGP,49,44.9,2.7182817469105904
Park-Fav,NARGP,49,45.0,2.7182817469105904
Park-Fav,NARGP,49,45.1,2.7182817469105904
Park-Fav,NARGP,49,45.2,2.7182817469105904
Park-Fav,NARGP,49,45.3,2.7182817469105904
Park-Fav,NARGP,49,45.4,2.7182817469105904
Park-Fav,NARGP,49,45.5,2.7182817469105904
Park-Fav,NARGP,49,46.5,2.7182817469105904
Park-Fav,NARGP,49,46.6,2.7182817469105904
Park-Fav,NARGP,49,46.7,2.7182817469105904
Park-Fav,NARGP,49,46.8,2.7182817469105904
Park-Fav,NARGP,49,46.9,2.7182817469105904
Park-Fav,NARGP,49,47.0,2.7182817469105904
Park-Fav,NARGP,49,47.1,2.7182817469105904
Park-Fav,NARGP,49,47.2,2.7182817469105904
Park-Fav,NARGP,49,47.3,2.7182817469105904
Park-Fav,NARGP,49,47.4,2.7182817469105904
Park-Fav,NARGP,49,47.5,2.7182817469105904
Park-Fav,NARGP,49,48.5,2.7182817469105904
Park-Fav,NARGP,49,48.6,2.7182817469105904
Park-Fav,NARGP,49,48.7,2.7182817469105904
Park-Fav,NARGP,49,48.8,2.7182817469105904
Park-Fav,NARGP,49,48.9,2.7182817469105904
Park-Fav,NARGP,49,49.0,2.7182817469105904
Park-Fav,NARGP,49,49.1,2.7182817469105904
Park-Fav,NARGP,49,49.2,2.7182817469105904
Park-Fav,NARGP,49,49.3,2.7182817469105904
Park-Fav,NARGP,49,49.4,2.7182817469105904
Park-Fav,NARGP,49,49.5,2.7182817469105904
Park-Fav,NARGP,49,49.6,2.7182817469105904
Park-Fav,NARGP,49,49.7,2.7182817469105904
Park-Fav,NARGP,49,49.8,2.7182817469105904
Park-Fav,NARGP,49,49.9,2.7182817469105904
Park-Fav,NARGP,50,4.5,4.6971362701588015
Park-Fav,NARGP,50,4.6,4.6971362701588015
Park-Fav,NARGP,50,4.7,4.6971362701588015
Park-Fav,NARGP,50,4.8,4.6971362701588015
Park-Fav,NARGP,50,4.9,4.6971362701588015
Park-Fav,NARGP,50,5.0,4.6971362701588015
Park-Fav,NARGP,50,5.1,4.6971362701588015
Park-Fav,NARGP,50,5.2,4.6971362701588015
Park-Fav,NARGP,50,5.3,4.6971362701588015
Park-Fav,NARGP,50,5.4,4.6971362701588015
Park-Fav,NARGP,50,5.5,4.6971362701588015
Park-Fav,NARGP,50,6.5,4.6971362701588015
Park-Fav,NARGP,50,6.6,4.6971362701588015
Park-Fav,NARGP,50,6.7,4.6971362701588015
Park-Fav,NARGP,50,6.8,4.6971362701588015
Park-Fav,NARGP,50,6.9,4.6971362701588015
Park-Fav,NARGP,50,7.0,4.6971362701588015
Park-Fav,NARGP,50,7.1,4.6971362701588015
Park-Fav,NARGP,50,7.2,4.6971362701588015
Park-Fav,NARGP,50,7.3,4.6971362701588015
Park-Fav,NARGP,50,7.4,4.6971362701588015
Park-Fav,NARGP,50,7.5,4.6971362701588015
Park-Fav,NARGP,50,8.5,4.6971362701588015
Park-Fav,NARGP,50,8.6,4.6971362701588015
Park-Fav,NARGP,50,8.7,4.6971362701588015
Park-Fav,NARGP,50,8.8,4.6971362701588015
Park-Fav,NARGP,50,8.9,4.6971362701588015
Park-Fav,NARGP,50,9.0,4.6971362701588015
Park-Fav,NARGP,50,9.1,4.6971362701588015
Park-Fav,NARGP,50,9.2,4.6971362701588015
Park-Fav,NARGP,50,9.3,4.6971362701588015
Park-Fav,NARGP,50,9.4,4.6971362701588015
Park-Fav,NARGP,50,9.5,4.6971362701588015
Park-Fav,NARGP,50,10.5,4.530469605367135
Park-Fav,NARGP,50,10.6,4.530469605367135
Park-Fav,NARGP,50,10.7,4.530469605367135
Park-Fav,NARGP,50,10.8,4.530469605367135
Park-Fav,NARGP,50,10.9,4.530469605367135
Park-Fav,NARGP,50,11.0,4.530469605367135
Park-Fav,NARGP,50,11.1,4.530469605367135
Park-Fav,NARGP,50,11.2,4.530469605367135
Park-Fav,NARGP,50,11.3,4.530469605367135
Park-Fav,NARGP,50,11.4,4.530469605367135
Park-Fav,NARGP,50,11.5,4.530469605367135
Park-Fav,NARGP,50,12.5,3.7910423217141207
Park-Fav,NARGP,50,12.6,3.7910423217141207
Park-Fav,NARGP,50,12.7,3.7910423217141207
Park-Fav,NARGP,50,12.8,3.7910423217141207
Park-Fav,NARGP,50,12.9,3.7910423217141207
Park-Fav,NARGP,50,13.0,3.7910423217141207
Park-Fav,NARGP,50,13.1,3.7910423217141207
Park-Fav,NARGP,50,13.2,3.7910423217141207
Park-Fav,NARGP,50,13.3,3.7910423217141207
Park-Fav,NARGP,50,13.4,3.7910423217141207
Park-Fav,NARGP,50,13.5,3.7910423217141207
Park-Fav,NARGP,50,14.5,3.7910423217141207
Park-Fav,NARGP,50,14.6,3.7910423217141207
Park-Fav,NARGP,50,14.7,3.7910423217141207
Park-Fav,NARGP,50,14.8,3.7910423217141207
Park-Fav,NARGP,50,14.9,3.7910423217141207
Park-Fav,NARGP,50,15.0,3.7910423217141207
Park-Fav,NARGP,50,15.1,3.7910423217141207
Park-Fav,NARGP,50,15.2,3.7910423217141207
Park-Fav,NARGP,50,15.3,3.7910423217141207
Park-Fav,NARGP,50,15.4,3.7910423217141207
Park-Fav,NARGP,50,15.5,3.7910423217141207
Park-Fav,NARGP,50,16.5,3.6243756625474535
Park-Fav,NARGP,50,16.6,3.6243756625474535
Park-Fav,NARGP,50,16.7,3.6243756625474535
Park-Fav,NARGP,50,16.8,3.6243756625474535
Park-Fav,NARGP,50,16.9,3.6243756625474535
Park-Fav,NARGP,50,17.0,3.6243756625474535
Park-Fav,NARGP,50,17.1,3.6243756625474535
Park-Fav,NARGP,50,17.2,3.6243756625474535
Park-Fav,NARGP,50,17.3,3.6243756625474535
Park-Fav,NARGP,50,17.4,3.6243756625474535
Park-Fav,NARGP,50,17.5,3.6243756625474535
Park-Fav,NARGP,50,18.5,3.6243756625474535
Park-Fav,NARGP,50,18.6,3.6243756625474535
Park-Fav,NARGP,50,18.7,3.6243756625474535
Park-Fav,NARGP,50,18.8,3.6243756625474535
Park-Fav,NARGP,50,18.9,3.6243756625474535
Park-Fav,NARGP,50,19.0,3.6243756625474535
Park-Fav,NARGP,50,19.1,3.6243756625474535
Park-Fav,NARGP,50,19.2,3.6243756625474535
Park-Fav,NARGP,50,19.3,3.6243756625474535
Park-Fav,NARGP,50,19.4,3.6243756625474535
Park-Fav,NARGP,50,19.5,3.6243756625474535
Park-Fav,NARGP,50,20.5,3.6243756625474535
Park-Fav,NARGP,50,20.6,3.6243756625474535
Park-Fav,NARGP,50,20.7,3.6243756625474535
Park-Fav,NARGP,50,20.8,3.6243756625474535
Park-Fav,NARGP,50,20.9,3.6243756625474535
Park-Fav,NARGP,50,21.0,3.6243756625474535
Park-Fav,NARGP,50,21.1,3.6243756625474535
Park-Fav,NARGP,50,21.2,3.6243756625474535
Park-Fav,NARGP,50,21.3,3.6243756625474535
Park-Fav,NARGP,50,21.4,3.6243756625474535
Park-Fav,NARGP,50,21.5,3.6243756625474535
Park-Fav,NARGP,50,22.5,3.6243756625474535
Park-Fav,NARGP,50,22.6,3.6243756625474535
Park-Fav,NARGP,50,22.7,3.6243756625474535
Park-Fav,NARGP,50,22.8,3.6243756625474535
Park-Fav,NARGP,50,22.9,3.6243756625474535
Park-Fav,NARGP,50,23.0,3.6243756625474535
Park-Fav,NARGP,50,23.1,3.6243756625474535
Park-Fav,NARGP,50,23.2,3.6243756625474535
Park-Fav,NARGP,50,23.3,3.6243756625474535
Park-Fav,NARGP,50,23.4,3.6243756625474535
Park-Fav,NARGP,50,23.5,3.6243756625474535
Park-Fav,NARGP,50,24.5,2.7182817469105904
Park-Fav,NARGP,50,24.6,2.7182817469105904
Park-Fav,NARGP,50,24.7,2.7182817469105904
Park-Fav,NARGP,50,24.8,2.7182817469105904
Park-Fav,NARGP,50,24.9,2.7182817469105904
Park-Fav,NARGP,50,25.0,2.7182817469105904
Park-Fav,NARGP,50,25.1,2.7182817469105904
Park-Fav,NARGP,50,25.2,2.7182817469105904
Park-Fav,NARGP,50,25.3,2.7182817469105904
Park-Fav,NARGP,50,25.4,2.7182817469105904
Park-Fav,NARGP,50,25.5,2.7182817469105904
Park-Fav,NARGP,50,26.5,2.7182817469105904
Park-Fav,NARGP,50,26.6,2.7182817469105904
Park-Fav,NARGP,50,26.7,2.7182817469105904
Park-Fav,NARGP,50,26.8,2.7182817469105904
Park-Fav,NARGP,50,26.9,2.7182817469105904
Park-Fav,NARGP,50,27.0,2.7182817469105904
Park-Fav,NARGP,50,27.1,2.7182817469105904
Park-Fav,NARGP,50,27.2,2.7182817469105904
Park-Fav,NARGP,50,27.3,2.7182817469105904
Park-Fav,NARGP,50,27.4,2.7182817469105904
Park-Fav,NARGP,50,27.5,2.7182817469105904
Park-Fav,NARGP,50,28.5,2.7182817469105904
Park-Fav,NARGP,50,28.6,2.7182817469105904
Park-Fav,NARGP,50,28.7,2.7182817469105904
Park-Fav,NARGP,50,28.8,2.7182817469105904
Park-Fav,NARGP,50,28.9,2.7182817469105904
Park-Fav,NARGP,50,29.0,2.7182817469105904
Park-Fav,NARGP,50,29.1,2.7182817469105904
Park-Fav,NARGP,50,29.2,2.7182817469105904
Park-Fav,NARGP,50,29.3,2.7182817469105904
Park-Fav,NARGP,50,29.4,2.7182817469105904
Park-Fav,NARGP,50,29.5,2.7182817469105904
Park-Fav,NARGP,50,30.5,2.7182817469105904
Park-Fav,NARGP,50,30.6,2.7182817469105904
Park-Fav,NARGP,50,30.7,2.7182817469105904
Park-Fav,NARGP,50,30.8,2.7182817469105904
Park-Fav,NARGP,50,30.9,2.7182817469105904
Park-Fav,NARGP,50,31.0,2.7182817469105904
Park-Fav,NARGP,50,31.1,2.7182817469105904
Park-Fav,NARGP,50,31.2,2.7182817469105904
Park-Fav,NARGP,50,31.3,2.7182817469105904
Park-Fav,NARGP,50,31.4,2.7182817469105904
Park-Fav,NARGP,50,31.5,2.7182817469105904
Park-Fav,NARGP,50,32.5,2.7182817469105904
Park-Fav,NARGP,50,32.6,2.7182817469105904
Park-Fav,NARGP,50,32.7,2.7182817469105904
Park-Fav,NARGP,50,32.8,2.7182817469105904
Park-Fav,NARGP,50,32.9,2.7182817469105904
Park-Fav,NARGP,50,33.0,2.7182817469105904
Park-Fav,NARGP,50,33.1,2.7182817469105904
Park-Fav,NARGP,50,33.2,2.7182817469105904
Park-Fav,NARGP,50,33.3,2.7182817469105904
Park-Fav,NARGP,50,33.4,2.7182817469105904
Park-Fav,NARGP,50,33.5,2.7182817469105904
Park-Fav,NARGP,50,34.5,2.7182817469105904
Park-Fav,NARGP,50,34.6,2.7182817469105904
Park-Fav,NARGP,50,34.7,2.7182817469105904
Park-Fav,NARGP,50,34.8,2.7182817469105904
Park-Fav,NARGP,50,34.9,2.7182817469105904
Park-Fav,NARGP,50,35.0,2.7182817469105904
Park-Fav,NARGP,50,35.1,2.7182817469105904
Park-Fav,NARGP,50,35.2,2.7182817469105904
Park-Fav,NARGP,50,35.3,2.7182817469105904
Park-Fav,NARGP,50,35.4,2.7182817469105904
Park-Fav,NARGP,50,35.5,2.7182817469105904
Park-Fav,NARGP,50,36.5,2.7182817469105904
Park-Fav,NARGP,50,36.6,2.7182817469105904
Park-Fav,NARGP,50,36.7,2.7182817469105904
Park-Fav,NARGP,50,36.8,2.7182817469105904
Park-Fav,NARGP,50,36.9,2.7182817469105904
Park-Fav,NARGP,50,37.0,2.7182817469105904
Park-Fav,NARGP,50,37.1,2.7182817469105904
Park-Fav,NARGP,50,37.2,2.7182817469105904
Park-Fav,NARGP,50,37.3,2.7182817469105904
Park-Fav,NARGP,50,37.4,2.7182817469105904
Park-Fav,NARGP,50,37.5,2.7182817469105904
Park-Fav,NARGP,50,38.5,2.7182817469105904
Park-Fav,NARGP,50,38.6,2.7182817469105904
Park-Fav,NARGP,50,38.7,2.7182817469105904
Park-Fav,NARGP,50,38.8,2.7182817469105904
Park-Fav,NARGP,50,38.9,2.7182817469105904
Park-Fav,NARGP,50,39.0,2.7182817469105904
Park-Fav,NARGP,50,39.1,2.7182817469105904
Park-Fav,NARGP,50,39.2,2.7182817469105904
Park-Fav,NARGP,50,39.3,2.7182817469105904
Park-Fav,NARGP,50,39.4,2.7182817469105904
Park-Fav,NARGP,50,39.5,2.7182817469105904
Park-Fav,NARGP,50,40.5,2.7182817469105904
Park-Fav,NARGP,50,40.6,2.7182817469105904
Park-Fav,NARGP,50,40.7,2.7182817469105904
Park-Fav,NARGP,50,40.8,2.7182817469105904
Park-Fav,NARGP,50,40.9,2.7182817469105904
Park-Fav,NARGP,50,41.0,2.7182817469105904
Park-Fav,NARGP,50,41.1,2.7182817469105904
Park-Fav,NARGP,50,41.2,2.7182817469105904
Park-Fav,NARGP,50,41.3,2.7182817469105904
Park-Fav,NARGP,50,41.4,2.7182817469105904
Park-Fav,NARGP,50,41.5,2.7182817469105904
Park-Fav,NARGP,50,42.5,0.9061227831490236
Park-Fav,NARGP,50,42.6,0.9061227831490236
Park-Fav,NARGP,50,42.7,0.9061227831490236
Park-Fav,NARGP,50,42.8,0.9061227831490236
Park-Fav,NARGP,50,42.9,0.9061227831490236
Park-Fav,NARGP,50,43.0,0.9061227831490236
Park-Fav,NARGP,50,43.1,0.9061227831490236
Park-Fav,NARGP,50,43.2,0.9061227831490236
Park-Fav,NARGP,50,43.3,0.9061227831490236
Park-Fav,NARGP,50,43.4,0.9061227831490236
Park-Fav,NARGP,50,43.5,0.9061227831490236
Park-Fav,NARGP,50,44.5,0.9061227831490236
Park-Fav,NARGP,50,44.6,0.9061227831490236
Park-Fav,NARGP,50,44.7,0.9061227831490236
Park-Fav,NARGP,50,44.8,0.9061227831490236
Park-Fav,NARGP,50,44.9,0.9061227831490236
Park-Fav,NARGP,50,45.0,0.9061227831490236
Park-Fav,NARGP,50,45.1,0.9061227831490236
Park-Fav,NARGP,50,45.2,0.9061227831490236
Park-Fav,NARGP,50,45.3,0.9061227831490236
Park-Fav,NARGP,50,45.4,0.9061227831490236
Park-Fav,NARGP,50,45.5,0.9061227831490236
Park-Fav,NARGP,50,46.5,0.9061227831490236
Park-Fav,NARGP,50,46.6,0.9061227831490236
Park-Fav,NARGP,50,46.7,0.9061227831490236
Park-Fav,NARGP,50,46.8,0.9061227831490236
Park-Fav,NARGP,50,46.9,0.9061227831490236
Park-Fav,NARGP,50,47.0,0.9061227831490236
Park-Fav,NARGP,50,47.1,0.9061227831490236
Park-Fav,NARGP,50,47.2,0.9061227831490236
Park-Fav,NARGP,50,47.3,0.9061227831490236
Park-Fav,NARGP,50,47.4,0.9061227831490236
Park-Fav,NARGP,50,47.5,0.9061227831490236
Park-Fav,NARGP,50,48.5,0.9060939156368631
Park-Fav,NARGP,50,48.6,0.9060939156368631
Park-Fav,NARGP,50,48.7,0.9060939156368631
Park-Fav,NARGP,50,48.8,0.9060939156368631
Park-Fav,NARGP,50,48.9,0.9060939156368631
Park-Fav,NARGP,50,49.0,0.9060939156368631
Park-Fav,NARGP,50,49.1,0.9060939156368631
Park-Fav,NARGP,50,49.2,0.9060939156368631
Park-Fav,NARGP,50,49.3,0.9060939156368631
Park-Fav,NARGP,50,49.4,0.9060939156368631
Park-Fav,NARGP,50,49.5,0.9060939156368631
Park-Fav,NARGP,50,49.6,0.9060939156368631
Park-Fav,NARGP,50,49.7,0.9060939156368631
Park-Fav,NARGP,50,49.8,0.9060939156368631
Park-Fav,NARGP,50,49.9,0.9060939156368631
Park-Fav,NARGP,51,4.5,6.380310399092834
Park-Fav,NARGP,51,4.6,6.380310399092834
Park-Fav,NARGP,51,4.7,6.380310399092834
Park-Fav,NARGP,51,4.8,6.380310399092834
Park-Fav,NARGP,51,4.9,6.380310399092834
Park-Fav,NARGP,51,5.0,6.380310399092834
Park-Fav,NARGP,51,5.1,6.380310399092834
Park-Fav,NARGP,51,5.2,6.380310399092834
Park-Fav,NARGP,51,5.3,6.380310399092834
Park-Fav,NARGP,51,5.4,6.380310399092834
Park-Fav,NARGP,51,5.5,6.380310399092834
Park-Fav,NARGP,51,6.5,6.380310399092834
Park-Fav,NARGP,51,6.6,6.380310399092834
Park-Fav,NARGP,51,6.7,6.380310399092834
Park-Fav,NARGP,51,6.8,6.380310399092834
Park-Fav,NARGP,51,6.9,6.380310399092834
Park-Fav,NARGP,51,7.0,6.380310399092834
Park-Fav,NARGP,51,7.1,6.380310399092834
Park-Fav,NARGP,51,7.2,6.380310399092834
Park-Fav,NARGP,51,7.3,6.380310399092834
Park-Fav,NARGP,51,7.4,6.380310399092834
Park-Fav,NARGP,51,7.5,6.380310399092834
Park-Fav,NARGP,51,8.5,6.380310399092834
Park-Fav,NARGP,51,8.6,6.380310399092834
Park-Fav,NARGP,51,8.7,6.380310399092834
Park-Fav,NARGP,51,8.8,6.380310399092834
Park-Fav,NARGP,51,8.9,6.380310399092834
Park-Fav,NARGP,51,9.0,6.380310399092834
Park-Fav,NARGP,51,9.1,6.380310399092834
Park-Fav,NARGP,51,9.2,6.380310399092834
Park-Fav,NARGP,51,9.3,6.380310399092834
Park-Fav,NARGP,51,9.4,6.380310399092834
Park-Fav,NARGP,51,9.5,6.380310399092834
Park-Fav,NARGP,51,10.5,6.380310399092834
Park-Fav,NARGP,51,10.6,6.380310399092834
Park-Fav,NARGP,51,10.7,6.380310399092834
Park-Fav,NARGP,51,10.8,6.380310399092834
Park-Fav,NARGP,51,10.9,6.380310399092834
Park-Fav,NARGP,51,11.0,6.380310399092834
Park-Fav,NARGP,51,11.1,6.380310399092834
Park-Fav,NARGP,51,11.2,6.380310399092834
Park-Fav,NARGP,51,11.3,6.380310399092834
Park-Fav,NARGP,51,11.4,6.380310399092834
Park-Fav,NARGP,51,11.5,6.380310399092834
Park-Fav,NARGP,51,12.5,4.6971362701588015
Park-Fav,NARGP,51,12.6,4.6971362701588015
Park-Fav,NARGP,51,12.7,4.6971362701588015
Park-Fav,NARGP,51,12.8,4.6971362701588015
Park-Fav,NARGP,51,12.9,4.6971362701588015
Park-Fav,NARGP,51,13.0,4.6971362701588015
Park-Fav,NARGP,51,13.1,4.6971362701588015
Park-Fav,NARGP,51,13.2,4.6971362701588015
Park-Fav,NARGP,51,13.3,4.6971362701588015
Park-Fav,NARGP,51,13.4,4.6971362701588015
Park-Fav,NARGP,51,13.5,4.6971362701588015
Park-Fav,NARGP,51,14.5,4.6971362701588015
Park-Fav,NARGP,51,14.6,4.6971362701588015
Park-Fav,NARGP,51,14.7,4.6971362701588015
Park-Fav,NARGP,51,14.8,4.6971362701588015
Park-Fav,NARGP,51,14.9,4.6971362701588015
Park-Fav,NARGP,51,15.0,4.6971362701588015
Park-Fav,NARGP,51,15.1,4.6971362701588015
Park-Fav,NARGP,51,15.2,4.6971362701588015
Park-Fav,NARGP,51,15.3,4.6971362701588015
Park-Fav,NARGP,51,15.4,4.6971362701588015
Park-Fav,NARGP,51,15.5,4.6971362701588015
Park-Fav,NARGP,51,16.5,4.6971362701588015
Park-Fav,NARGP,51,16.6,4.6971362701588015
Park-Fav,NARGP,51,16.7,4.6971362701588015
Park-Fav,NARGP,51,16.8,4.6971362701588015
Park-Fav,NARGP,51,16.9,4.6971362701588015
Park-Fav,NARGP,51,17.0,4.6971362701588015
Park-Fav,NARGP,51,17.1,4.6971362701588015
Park-Fav,NARGP,51,17.2,4.6971362701588015
Park-Fav,NARGP,51,17.3,4.6971362701588015
Park-Fav,NARGP,51,17.4,4.6971362701588015
Park-Fav,NARGP,51,17.5,4.6971362701588015
Park-Fav,NARGP,51,18.5,4.530469605367135
Park-Fav,NARGP,51,18.6,4.530469605367135
Park-Fav,NARGP,51,18.7,4.530469605367135
Park-Fav,NARGP,51,18.8,4.530469605367135
Park-Fav,NARGP,51,18.9,4.530469605367135
Park-Fav,NARGP,51,19.0,4.530469605367135
Park-Fav,NARGP,51,19.1,4.530469605367135
Park-Fav,NARGP,51,19.2,4.530469605367135
Park-Fav,NARGP,51,19.3,4.530469605367135
Park-Fav,NARGP,51,19.4,4.530469605367135
Park-Fav,NARGP,51,19.5,4.530469605367135
Park-Fav,NARGP,51,20.5,3.7910423217141207
Park-Fav,NARGP,51,20.6,3.7910423217141207
Park-Fav,NARGP,51,20.7,3.7910423217141207
Park-Fav,NARGP,51,20.8,3.7910423217141207
Park-Fav,NARGP,51,20.9,3.7910423217141207
Park-Fav,NARGP,51,21.0,3.7910423217141207
Park-Fav,NARGP,51,21.1,3.7910423217141207
Park-Fav,NARGP,51,21.2,3.7910423217141207
Park-Fav,NARGP,51,21.3,3.7910423217141207
Park-Fav,NARGP,51,21.4,3.7910423217141207
Park-Fav,NARGP,51,21.5,3.7910423217141207
Park-Fav,NARGP,51,22.5,3.7910423217141207
Park-Fav,NARGP,51,22.6,3.7910423217141207
Park-Fav,NARGP,51,22.7,3.7910423217141207
Park-Fav,NARGP,51,22.8,3.7910423217141207
Park-Fav,NARGP,51,22.9,3.7910423217141207
Park-Fav,NARGP,51,23.0,3.7910423217141207
Park-Fav,NARGP,51,23.1,3.7910423217141207
Park-Fav,NARGP,51,23.2,3.7910423217141207
Park-Fav,NARGP,51,23.3,3.7910423217141207
Park-Fav,NARGP,51,23.4,3.7910423217141207
Park-Fav,NARGP,51,23.5,3.7910423217141207
Park-Fav,NARGP,51,24.5,3.7910423217141207
Park-Fav,NARGP,51,24.6,3.7910423217141207
Park-Fav,NARGP,51,24.7,3.7910423217141207
Park-Fav,NARGP,51,24.8,3.7910423217141207
Park-Fav,NARGP,51,24.9,3.7910423217141207
Park-Fav,NARGP,51,25.0,3.7910423217141207
Park-Fav,NARGP,51,25.1,3.7910423217141207
Park-Fav,NARGP,51,25.2,3.7910423217141207
Park-Fav,NARGP,51,25.3,3.7910423217141207
Park-Fav,NARGP,51,25.4,3.7910423217141207
Park-Fav,NARGP,51,25.5,3.7910423217141207
Park-Fav,NARGP,51,26.5,3.6243756625474535
Park-Fav,NARGP,51,26.6,3.6243756625474535
Park-Fav,NARGP,51,26.7,3.6243756625474535
Park-Fav,NARGP,51,26.8,3.6243756625474535
Park-Fav,NARGP,51,26.9,3.6243756625474535
Park-Fav,NARGP,51,27.0,3.6243756625474535
Park-Fav,NARGP,51,27.1,3.6243756625474535
Park-Fav,NARGP,51,27.2,3.6243756625474535
Park-Fav,NARGP,51,27.3,3.6243756625474535
Park-Fav,NARGP,51,27.4,3.6243756625474535
Park-Fav,NARGP,51,27.5,3.6243756625474535
Park-Fav,NARGP,51,28.5,3.6243756625474535
Park-Fav,NARGP,51,28.6,3.6243756625474535
Park-Fav,NARGP,51,28.7,3.6243756625474535
Park-Fav,NARGP,51,28.8,3.6243756625474535
Park-Fav,NARGP,51,28.9,3.6243756625474535
Park-Fav,NARGP,51,29.0,3.6243756625474535
Park-Fav,NARGP,51,29.1,3.6243756625474535
Park-Fav,NARGP,51,29.2,3.6243756625474535
Park-Fav,NARGP,51,29.3,3.6243756625474535
Park-Fav,NARGP,51,29.4,3.6243756625474535
Park-Fav,NARGP,51,29.5,3.6243756625474535
Park-Fav,NARGP,51,30.5,3.6243756625474535
Park-Fav,NARGP,51,30.6,3.6243756625474535
Park-Fav,NARGP,51,30.7,3.6243756625474535
Park-Fav,NARGP,51,30.8,3.6243756625474535
Park-Fav,NARGP,51,30.9,3.6243756625474535
Park-Fav,NARGP,51,31.0,3.6243756625474535
Park-Fav,NARGP,51,31.1,3.6243756625474535
Park-Fav,NARGP,51,31.2,3.6243756625474535
Park-Fav,NARGP,51,31.3,3.6243756625474535
Park-Fav,NARGP,51,31.4,3.6243756625474535
Park-Fav,NARGP,51,31.5,3.6243756625474535
Park-Fav,NARGP,51,32.5,3.6243756625474535
Park-Fav,NARGP,51,32.6,3.6243756625474535
Park-Fav,NARGP,51,32.7,3.6243756625474535
Park-Fav,NARGP,51,32.8,3.6243756625474535
Park-Fav,NARGP,51,32.9,3.6243756625474535
Park-Fav,NARGP,51,33.0,3.6243756625474535
Park-Fav,NARGP,51,33.1,3.6243756625474535
Park-Fav,NARGP,51,33.2,3.6243756625474535
Park-Fav,NARGP,51,33.3,3.6243756625474535
Park-Fav,NARGP,51,33.4,3.6243756625474535
Park-Fav,NARGP,51,33.5,3.6243756625474535
Park-Fav,NARGP,51,34.5,3.6243756625474535
Park-Fav,NARGP,51,34.6,3.6243756625474535
Park-Fav,NARGP,51,34.7,3.6243756625474535
Park-Fav,NARGP,51,34.8,3.6243756625474535
Park-Fav,NARGP,51,34.9,3.6243756625474535
Park-Fav,NARGP,51,35.0,3.6243756625474535
Park-Fav,NARGP,51,35.1,3.6243756625474535
Park-Fav,NARGP,51,35.2,3.6243756625474535
Park-Fav,NARGP,51,35.3,3.6243756625474535
Park-Fav,NARGP,51,35.4,3.6243756625474535
Park-Fav,NARGP,51,35.5,3.6243756625474535
Park-Fav,NARGP,51,36.5,2.7182984135771733
Park-Fav,NARGP,51,36.6,2.7182984135771733
Park-Fav,NARGP,51,36.7,2.7182984135771733
Park-Fav,NARGP,51,36.8,2.7182984135771733
Park-Fav,NARGP,51,36.9,2.7182984135771733
Park-Fav,NARGP,51,37.0,2.7182984135771733
Park-Fav,NARGP,51,37.1,2.7182984135771733
Park-Fav,NARGP,51,37.2,2.7182984135771733
Park-Fav,NARGP,51,37.3,2.7182984135771733
Park-Fav,NARGP,51,37.4,2.7182984135771733
Park-Fav,NARGP,51,37.5,2.7182984135771733
Park-Fav,NARGP,51,38.5,2.7182817469105904
Park-Fav,NARGP,51,38.6,2.7182817469105904
Park-Fav,NARGP,51,38.7,2.7182817469105904
Park-Fav,NARGP,51,38.8,2.7182817469105904
Park-Fav,NARGP,51,38.9,2.7182817469105904
Park-Fav,NARGP,51,39.0,2.7182817469105904
Park-Fav,NARGP,51,39.1,2.7182817469105904
Park-Fav,NARGP,51,39.2,2.7182817469105904
Park-Fav,NARGP,51,39.3,2.7182817469105904
Park-Fav,NARGP,51,39.4,2.7182817469105904
Park-Fav,NARGP,51,39.5,2.7182817469105904
Park-Fav,NARGP,51,40.5,2.7182817469105904
Park-Fav,NARGP,51,40.6,2.7182817469105904
Park-Fav,NARGP,51,40.7,2.7182817469105904
Park-Fav,NARGP,51,40.8,2.7182817469105904
Park-Fav,NARGP,51,40.9,2.7182817469105904
Park-Fav,NARGP,51,41.0,2.7182817469105904
Park-Fav,NARGP,51,41.1,2.7182817469105904
Park-Fav,NARGP,51,41.2,2.7182817469105904
Park-Fav,NARGP,51,41.3,2.7182817469105904
Park-Fav,NARGP,51,41.4,2.7182817469105904
Park-Fav,NARGP,51,41.5,2.7182817469105904
Park-Fav,NARGP,51,42.5,2.7182817469105904
Park-Fav,NARGP,51,42.6,2.7182817469105904
Park-Fav,NARGP,51,42.7,2.7182817469105904
Park-Fav,NARGP,51,42.8,2.7182817469105904
Park-Fav,NARGP,51,42.9,2.7182817469105904
Park-Fav,NARGP,51,43.0,2.7182817469105904
Park-Fav,NARGP,51,43.1,2.7182817469105904
Park-Fav,NARGP,51,43.2,2.7182817469105904
Park-Fav,NARGP,51,43.3,2.7182817469105904
Park-Fav,NARGP,51,43.4,2.7182817469105904
Park-Fav,NARGP,51,43.5,2.7182817469105904
Park-Fav,NARGP,51,44.5,2.7182817469105904
Park-Fav,NARGP,51,44.6,2.7182817469105904
Park-Fav,NARGP,51,44.7,2.7182817469105904
Park-Fav,NARGP,51,44.8,2.7182817469105904
Park-Fav,NARGP,51,44.9,2.7182817469105904
Park-Fav,NARGP,51,45.0,2.7182817469105904
Park-Fav,NARGP,51,45.1,2.7182817469105904
Park-Fav,NARGP,51,45.2,2.7182817469105904
Park-Fav,NARGP,51,45.3,2.7182817469105904
Park-Fav,NARGP,51,45.4,2.7182817469105904
Park-Fav,NARGP,51,45.5,2.7182817469105904
Park-Fav,NARGP,51,46.5,2.7182817469105904
Park-Fav,NARGP,51,46.6,2.7182817469105904
Park-Fav,NARGP,51,46.7,2.7182817469105904
Park-Fav,NARGP,51,46.8,2.7182817469105904
Park-Fav,NARGP,51,46.9,2.7182817469105904
Park-Fav,NARGP,51,47.0,2.7182817469105904
Park-Fav,NARGP,51,47.1,2.7182817469105904
Park-Fav,NARGP,51,47.2,2.7182817469105904
Park-Fav,NARGP,51,47.3,2.7182817469105904
Park-Fav,NARGP,51,47.4,2.7182817469105904
Park-Fav,NARGP,51,47.5,2.7182817469105904
Park-Fav,NARGP,51,48.5,2.7182817469105904
Park-Fav,NARGP,51,48.6,2.7182817469105904
Park-Fav,NARGP,51,48.7,2.7182817469105904
Park-Fav,NARGP,51,48.8,2.7182817469105904
Park-Fav,NARGP,51,48.9,2.7182817469105904
Park-Fav,NARGP,51,49.0,2.7182817469105904
Park-Fav,NARGP,51,49.1,2.7182817469105904
Park-Fav,NARGP,51,49.2,2.7182817469105904
Park-Fav,NARGP,51,49.3,2.7182817469105904
Park-Fav,NARGP,51,49.4,2.7182817469105904
Park-Fav,NARGP,51,49.5,2.7182817469105904
Park-Fav,NARGP,51,49.6,2.7182817469105904
Park-Fav,NARGP,51,49.7,2.7182817469105904
Park-Fav,NARGP,51,49.8,2.7182817469105904
Park-Fav,NARGP,51,49.9,2.7182817469105904
