benchmark,model,seed,budget,regret
HOPV15,NARGP,45,3.5,6.85
HOPV15,NARGP,45,3.6,6.85
HOPV15,NARGP,45,3.7,6.85
HOPV15,NARGP,45,3.8,6.85
HOPV15,NARGP,45,3.9,6.85
HOPV15,NARGP,45,4.0,6.85
HOPV15,NARGP,45,4.1,6.85
HOPV15,NARGP,45,4.2,6.85
HOPV15,NARGP,45,4.3,6.85
HOPV15,NARGP,45,4.4,6.85
HOPV15,NARGP,45,4.5,6.85
HOPV15,NARGP,45,5.5,6.14
HOPV15,NARGP,45,5.6,6.14
HOPV15,NARGP,45,5.7,6.14
HOPV15,NARGP,45,5.8,6.14
HOPV15,NARGP,45,5.9,6.14
HOPV15,NARGP,45,6.0,6.14
HOPV15,NARGP,45,6.1,6.14
HOPV15,NARGP,45,6.2,6.14
HOPV15,NARGP,45,6.3,6.14
HOPV15,NARGP,45,6.4,6.14
HOPV15,NARGP,45,6.5,6.14
HOPV15,NARGP,45,7.5,5.459999999999999
HOPV15,NARGP,45,7.6,5.459999999999999
HOPV15,NARGP,45,7.7,5.459999999999999
HOPV15,NARGP,45,7.8,5.459999999999999
HOPV15,NARGP,45,7.9,5.459999999999999
HOPV15,NARGP,45,8.0,5.459999999999999
HOPV15,NARGP,45,8.1,5.459999999999999
HOPV15,NARGP,45,8.2,5.459999999999999
HOPV15,NARGP,45,8.3,5.459999999999999
HOPV15,NARGP,45,8.4,5.459999999999999
HOPV15,NARGP,45,8.5,5.459999999999999
HOPV15,NARGP,45,9.5,5.459999999999999
HOPV15,NARGP,45,9.6,5.459999999999999
HOPV15,NARGP,45,9.7,5.459999999999999
HOPV15,NARGP,45,9.8,5.459999999999999
HOPV15,NARGP,45,9.9,5.459999999999999
HOPV15,NARGP,45,10.0,5.459999999999999
HOPV15,NARGP,45,10.1,5.459999999999999
HOPV15,NARGP,45,10.2,5.459999999999999
HOPV15,NARGP,45,10.3,5.459999999999999
HOPV15,NARGP,45,10.4,5.459999999999999
HOPV15,NARGP,45,10.5,5.459999999999999
HOPV15,NARGP,45,11.5,5.459999999999999
HOPV15,NARGP,45,11.6,5.459999999999999
HOPV15,NARGP,45,11.7,5.459999999999999
HOPV15,NARGP,45,11.8,5.459999999999999
HOPV15,NARGP,45,11.9,5.459999999999999
HOPV15,NARGP,45,12.0,5.459999999999999
HOPV15,NARGP,45,12.1,5.459999999999999
HOPV15,NARGP,45,12.2,5.459999999999999
HOPV15,NARGP,45,12.3,5.459999999999999
HOPV15,NARGP,45,12.4,5.459999999999999
HOPV15,NARGP,45,12.5,5.459999999999999
HOPV15,NARGP,45,13.5,5.459999999999999
HOPV15,NARGP,45,13.6,5.459999999999999
HOPV15,NARGP,45,13.7,5.459999999999999
HOPV15,NARGP,45,13.8,5.459999999999999
HOPV15,NARGP,45,13.9,5.459999999999999
HOPV15,NARGP,45,14.0,5.459999999999999
HOPV15,NARGP,45,14.1,5.459999999999999
HOPV15,NARGP,45,14.2,5.459999999999999
HOPV15,NARGP,45,14.3,5.459999999999999
HOPV15,NARGP,45,14.4,5.459999999999999
HOPV15,NARGP,45,14.5,5.459999999999999
HOPV15,NARGP,45,15.5,5.459999999999999
HOPV15,NARGP,45,15.6,5.459999999999999
HOPV15,NARGP,45,15.7,5.459999999999999
HOPV15,NARGP,45,15.8,5.459999999999999
HOPV15,NARGP,45,15.9,5.459999999999999
HOPV15,NARGP,45,16.0,5.459999999999999
HOPV15,NARGP,45,16.1,5.459999999999999
HOPV15,NARGP,45,16.2,5.459999999999999
HOPV15,NARGP,45,16.3,5.459999999999999
HOPV15,NARGP,45,16.4,5.459999999999999
HOPV15,NARGP,45,16.5,5.459999999999999
HOPV15,NARGP,45,17.5,5.459999999999999
HOPV15,NARGP,45,17.6,5.459999999999999
HOPV15,NARGP,45,17.7,5.459999999999999
HOPV15,NARGP,45,17.8,5.459999999999999
HOPV15,NARGP,45,17.9,5.459999999999999
HOPV15,NARGP,45,18.0,5.459999999999999
HOPV15,NARGP,45,18.1,5.459999999999999
HOPV15,NARGP,45,18.2,5.459999999999999
HOPV15,NARGP,45,18.3,5.459999999999999
HOPV15,NARGP,45,18.4,5.459999999999999
HOPV15,NARGP,45,18.5,5.459999999999999
HOPV15,NARGP,45,19.5,5.459999999999999
HOPV15,NARGP,45,19.6,5.459999999999999
HOPV15,NARGP,45,19.7,5.459999999999999
HOPV15,NARGP,45,19.8,5.459999999999999
HOPV15,NARGP,45,19.9,5.459999999999999
HOPV15,NARGP,45,20.0,5.459999999999999
HOPV15,NARGP,45,20.1,5.459999999999999
HOPV15,NARGP,45,20.2,5.459999999999999
HOPV15,NARGP,45,20.3,5.459999999999999
HOPV15,NARGP,45,20.4,5.459999999999999
HOPV15,NARGP,45,20.5,5.459999999999999
HOPV15,NARGP,45,21.5,5.459999999999999
HOPV15,NARGP,45,21.6,5.459999999999999
HOPV15,NARGP,45,21.7,5.459999999999999
HOPV15,NARGP,45,21.8,5.459999999999999
HOPV15,NARGP,45,21.9,5.459999999999999
HOPV15,NARGP,45,22.0,5.459999999999999
HOPV15,NARGP,45,22.1,5.459999999999999
HOPV15,NARGP,45,22.2,5.459999999999999
HOPV15,NARGP,45,22.3,5.459999999999999
HOPV15,NARGP,45,22.4,5.459999999999999
HOPV15,NARGP,45,22.5,5.459999999999999
HOPV15,NARGP,45,23.5,5.459999999999999
HOPV15,NARGP,45,23.6,5.459999999999999
HOPV15,NARGP,45,23.7,5.459999999999999
HOPV15,NARGP,45,23.8,5.459999999999999
HOPV15,NARGP,45,23.9,5.459999999999999
HOPV15,NARGP,45,24.0,5.459999999999999
HOPV15,NARGP,45,24.1,5.459999999999999
HOPV15,NARGP,45,24.2,5.459999999999999
HOPV15,NARGP,45,24.3,5.459999999999999
HOPV15,NARGP,45,24.4,5.459999999999999
HOPV15,NARGP,45,24.5,5.459999999999999
HOPV15,NARGP,45,25.5,5.459999999999999
HOPV15,NARGP,45,25.6,5.459999999999999
HOPV15,NARGP,45,25.7,5.459999999999999
HOPV15,NARGP,45,25.8,5.459999999999999
HOPV15,NARGP,45,25.9,5.459999999999999
HOPV15,NARGP,45,26.0,5.459999999999999
HOPV15,NARGP,45,26.1,5.459999999999999
HOPV15,NARGP,45,26.2,5.459999999999999
HOPV15,NARGP,45,26.3,5.459999999999999
HOPV15,NARGP,45,26.4,5.459999999999999
HOPV15,NARGP,45,26.5,5.459999999999999
HOPV15,NARGP,45,27.5,5.459999999999999
HOPV15,NARGP,45,27.6,5.459999999999999
HOPV15,NARGP,45,27.7,5.459999999999999
HOPV15,NARGP,45,27.8,5.459999999999999
HOPV15,NARGP,45,27.9,5.459999999999999
HOPV15,NARGP,45,28.0,5.459999999999999
HOPV15,NARGP,45,28.1,5.459999999999999
HOPV15,NARGP,45,28.2,5.459999999999999
HOPV15,NARGP,45,28.3,5.459999999999999
HOPV15,NARGP,45,28.4,5.459999999999999
HOPV15,NARGP,45,28.5,5.459999999999999
HOPV15,NARGP,45,29.5,5.459999999999999
HOPV15,NARGP,45,29.6,5.459999999999999
HOPV15,NARGP,45,29.7,5.459999999999999
HOPV15,NARGP,45,29.8,5.459999999999999
HOPV15,NARGP,45,29.9,5.459999999999999
HOPV15,NARGP,43,3.5,6.85
HOPV15,NARGP,43,3.6,6.85
HOPV15,NARGP,43,3.7,6.85
HOPV15,NARGP,43,3.8,6.85
HOPV15,NARGP,43,3.9,6.85
HOPV15,NARGP,43,4.0,6.85
HOPV15,NARGP,43,4.1,6.85
HOPV15,NARGP,43,4.2,6.85
HOPV15,NARGP,43,4.3,6.85
HOPV15,NARGP,43,4.4,6.85
HOPV15,NARGP,43,4.5,6.85
HOPV15,NARGP,43,5.5,6.14
HOPV15,NARGP,43,5.6,6.14
HOPV15,NARGP,43,5.7,6.14
HOPV15,NARGP,43,5.8,6.14
HOPV15,NARGP,43,5.9,6.14
HOPV15,NARGP,43,6.0,6.14
HOPV15,NARGP,43,6.1,6.14
HOPV15,NARGP,43,6.2,6.14
HOPV15,NARGP,43,6.3,6.14
HOPV15,NARGP,43,6.4,6.14
HOPV15,NARGP,43,6.5,6.14
HOPV15,NARGP,43,7.5,6.14
HOPV15,NARGP,43,7.6,6.14
HOPV15,NARGP,43,7.7,6.14
HOPV15,NARGP,43,7.8,6.14
HOPV15,NARGP,43,7.9,6.14
HOPV15,NARGP,43,8.0,6.14
HOPV15,NARGP,43,8.1,6.14
HOPV15,NARGP,43,8.2,6.14
HOPV15,NARGP,43,8.3,6.14
HOPV15,NARGP,43,8.4,6.14
HOPV15,NARGP,43,8.5,6.14
HOPV15,NARGP,43,9.5,5.459999999999999
HOPV15,NARGP,43,9.6,5.459999999999999
HOPV15,NARGP,43,9.7,5.459999999999999
HOPV15,NARGP,43,9.8,5.459999999999999
HOPV15,NARGP,43,9.9,5.459999999999999
HOPV15,NARGP,43,10.0,5.459999999999999
HOPV15,NARGP,43,10.1,5.459999999999999
HOPV15,NARGP,43,10.2,5.459999999999999
HOPV15,NARGP,43,10.3,5.459999999999999
HOPV15,NARGP,43,10.4,5.459999999999999
HOPV15,NARGP,43,10.5,5.459999999999999
HOPV15,NARGP,43,11.5,5.459999999999999
HOPV15,NARGP,43,11.6,5.459999999999999
HOPV15,NARGP,43,11.7,5.459999999999999
HOPV15,NARGP,43,11.8,5.459999999999999
HOPV15,NARGP,43,11.9,5.459999999999999
HOPV15,NARGP,43,12.0,5.459999999999999
HOPV15,NARGP,43,12.1,5.459999999999999
HOPV15,NARGP,43,12.2,5.459999999999999
HOPV15,NARGP,43,12.3,5.459999999999999
HOPV15,NARGP,43,12.4,5.459999999999999
HOPV15,NARGP,43,12.5,5.459999999999999
HOPV15,NARGP,43,13.5,5.459999999999999
HOPV15,NARGP,43,13.6,5.459999999999999
HOPV15,NARGP,43,13.7,5.459999999999999
HOPV15,NARGP,43,13.8,5.459999999999999
HOPV15,NARGP,43,13.9,5.459999999999999
HOPV15,NARGP,43,14.0,5.459999999999999
HOPV15,NARGP,43,14.1,5.459999999999999
HOPV15,NARGP,43,14.2,5.459999999999999
HOPV15,NARGP,43,14.3,5.459999999999999
HOPV15,NARGP,43,14.4,5.459999999999999
HOPV15,NARGP,43,14.5,5.459999999999999
HOPV15,NARGP,43,15.5,5.459999999999999
HOPV15,NARGP,43,15.6,5.459999999999999
HOPV15,NARGP,43,15.7,5.459999999999999
HOPV15,NARGP,43,15.8,5.459999999999999
HOPV15,NARGP,43,15.9,5.459999999999999
HOPV15,NARGP,43,16.0,5.459999999999999
HOPV15,NARGP,43,16.1,5.459999999999999
HOPV15,NARGP,43,16.2,5.459999999999999
HOPV15,NARGP,43,16.3,5.459999999999999
HOPV15,NARGP,43,16.4,5.459999999999999
HOPV15,NARGP,43,16.5,5.459999999999999
HOPV15,NARGP,43,17.5,5.459999999999999
HOPV15,NARGP,43,17.6,5.459999999999999
HOPV15,NARGP,43,17.7,5.459999999999999
HOPV15,NARGP,43,17.8,5.459999999999999
HOPV15,NARGP,43,17.9,5.459999999999999
HOPV15,NARGP,43,18.0,5.459999999999999
HOPV15,NARGP,43,18.1,5.459999999999999
HOPV15,NARGP,43,18.2,5.459999999999999
HOPV15,NARGP,43,18.3,5.459999999999999
HOPV15,NARGP,43,18.4,5.459999999999999
HOPV15,NARGP,43,18.5,5.459999999999999
HOPV15,NARGP,43,19.5,5.459999999999999
HOPV15,NARGP,43,19.6,5.459999999999999
HOPV15,NARGP,43,19.7,5.459999999999999
HOPV15,NARGP,43,19.8,5.459999999999999
HOPV15,NARGP,43,19.9,5.459999999999999
HOPV15,NARGP,43,20.0,5.459999999999999
HOPV15,NARGP,43,20.1,5.459999999999999
HOPV15,NARGP,43,20.2,5.459999999999999
HOPV15,NARGP,43,20.3,5.459999999999999
HOPV15,NARGP,43,20.4,5.459999999999999
HOPV15,NARGP,43,20.5,5.459999999999999
HOPV15,NARGP,43,21.5,5.459999999999999
HOPV15,NARGP,43,21.6,5.459999999999999
HOPV15,NARGP,43,21.7,5.459999999999999
HOPV15,NARGP,43,21.8,5.459999999999999
HOPV15,NARGP,43,21.9,5.459999999999999
HOPV15,NARGP,43,22.0,5.459999999999999
HOPV15,NARGP,43,22.1,5.459999999999999
HOPV15,NARGP,43,22.2,5.459999999999999
HOPV15,NARGP,43,22.3,5.459999999999999
HOPV15,NARGP,43,22.4,5.459999999999999
HOPV15,NARGP,43,22.5,5.459999999999999
HOPV15,NARGP,43,23.5,5.319999999999999
HOPV15,NARGP,43,23.6,5.319999999999999
HOPV15,NARGP,43,23.7,5.319999999999999
HOPV15,NARGP,43,23.8,5.319999999999999
HOPV15,NARGP,43,23.9,5.319999999999999
HOPV15,NARGP,43,24.0,5.319999999999999
HOPV15,NARGP,43,24.1,5.319999999999999
HOPV15,NARGP,43,24.2,5.319999999999999
HOPV15,NARGP,43,24.3,5.319999999999999
HOPV15,NARGP,43,24.4,5.319999999999999
HOPV15,NARGP,43,24.5,5.319999999999999
HOPV15,NARGP,43,25.5,5.319999999999999
HOPV15,NARGP,43,25.6,5.319999999999999
HOPV15,NARGP,43,25.7,5.319999999999999
HOPV15,NARGP,43,25.8,5.319999999999999
HOPV15,NARGP,43,25.9,5.319999999999999
HOPV15,NARGP,43,26.0,5.319999999999999
HOPV15,NARGP,43,26.1,5.319999999999999
HOPV15,NARGP,43,26.2,5.319999999999999
HOPV15,NARGP,43,26.3,5.319999999999999
HOPV15,NARGP,43,26.4,5.319999999999999
HOPV15,NARGP,43,26.5,5.319999999999999
HOPV15,NARGP,43,27.5,5.319999999999999
HOPV15,NARGP,43,27.6,5.319999999999999
HOPV15,NARGP,43,27.7,5.319999999999999
HOPV15,NARGP,43,27.8,5.319999999999999
HOPV15,NARGP,43,27.9,5.319999999999999
HOPV15,NARGP,43,28.0,5.319999999999999
HOPV15,NARGP,43,28.1,5.319999999999999
HOPV15,NARGP,43,28.2,5.319999999999999
HOPV15,NARGP,43,28.3,5.319999999999999
HOPV15,NARGP,43,28.4,5.319999999999999
HOPV15,NARGP,43,28.5,5.319999999999999
HOPV15,NARGP,43,29.5,5.319999999999999
HOPV15,NARGP,43,29.6,5.319999999999999
HOPV15,NARGP,43,29.7,5.319999999999999
HOPV15,NARGP,43,29.8,5.319999999999999
HOPV15,NARGP,43,29.9,5.319999999999999
HOPV15,NARGP,42,3.5,8.19
HOPV15,NARGP,42,3.6,8.19
HOPV15,NARGP,42,3.7,8.19
HOPV15,NARGP,42,3.8,8.19
HOPV15,NARGP,42,3.9,8.19
HOPV15,NARGP,42,4.0,8.19
HOPV15,NARGP,42,4.1,8.19
HOPV15,NARGP,42,4.2,8.19
HOPV15,NARGP,42,4.3,8.19
HOPV15,NARGP,42,4.4,8.19
HOPV15,NARGP,42,4.5,8.19
HOPV15,NARGP,42,5.5,8.19
HOPV15,NARGP,42,5.6,8.19
HOPV15,NARGP,42,5.7,8.19
HOPV15,NARGP,42,5.8,8.19
HOPV15,NARGP,42,5.9,8.19
HOPV15,NARGP,42,6.0,8.19
HOPV15,NARGP,42,6.1,8.19
HOPV15,NARGP,42,6.2,8.19
HOPV15,NARGP,42,6.3,8.19
HOPV15,NARGP,42,6.4,8.19
HOPV15,NARGP,42,6.5,8.19
HOPV15,NARGP,42,7.5,5.499999999999999
HOPV15,NARGP,42,7.6,5.499999999999999
HOPV15,NARGP,42,7.7,5.499999999999999
HOPV15,NARGP,42,7.8,5.499999999999999
HOPV15,NARGP,42,7.9,5.499999999999999
HOPV15,NARGP,42,8.0,5.499999999999999
HOPV15,NARGP,42,8.1,5.499999999999999
HOPV15,NARGP,42,8.2,5.499999999999999
HOPV15,NARGP,42,8.3,5.499999999999999
HOPV15,NARGP,42,8.4,5.499999999999999
HOPV15,NARGP,42,8.5,5.499999999999999
HOPV15,NARGP,42,9.5,4.989999999999999
HOPV15,NARGP,42,9.6,4.989999999999999
HOPV15,NARGP,42,9.7,4.989999999999999
HOPV15,NARGP,42,9.8,4.989999999999999
HOPV15,NARGP,42,9.9,4.989999999999999
HOPV15,NARGP,42,10.0,4.989999999999999
HOPV15,NARGP,42,10.1,4.989999999999999
HOPV15,NARGP,42,10.2,4.989999999999999
HOPV15,NARGP,42,10.3,4.989999999999999
HOPV15,NARGP,42,10.4,4.989999999999999
HOPV15,NARGP,42,10.5,4.989999999999999
HOPV15,NARGP,42,11.5,4.989999999999999
HOPV15,NARGP,42,11.6,4.989999999999999
HOPV15,NARGP,42,11.7,4.989999999999999
HOPV15,NARGP,42,11.8,4.989999999999999
HOPV15,NARGP,42,11.9,4.989999999999999
HOPV15,NARGP,42,12.0,4.989999999999999
HOPV15,NARGP,42,12.1,4.989999999999999
HOPV15,NARGP,42,12.2,4.989999999999999
HOPV15,NARGP,42,12.3,4.989999999999999
HOPV15,NARGP,42,12.4,4.989999999999999
HOPV15,NARGP,42,12.5,4.989999999999999
HOPV15,NARGP,42,13.5,2.6099999999999994
HOPV15,NARGP,42,13.6,2.6099999999999994
HOPV15,NARGP,42,13.7,2.6099999999999994
HOPV15,NARGP,42,13.8,2.6099999999999994
HOPV15,NARGP,42,13.9,2.6099999999999994
HOPV15,NARGP,42,14.0,2.6099999999999994
HOPV15,NARGP,42,14.1,2.6099999999999994
HOPV15,NARGP,42,14.2,2.6099999999999994
HOPV15,NARGP,42,14.3,2.6099999999999994
HOPV15,NARGP,42,14.4,2.6099999999999994
HOPV15,NARGP,42,14.5,2.6099999999999994
HOPV15,NARGP,42,15.5,2.6099999999999994
HOPV15,NARGP,42,15.6,2.6099999999999994
HOPV15,NARGP,42,15.7,2.6099999999999994
HOPV15,NARGP,42,15.8,2.6099999999999994
HOPV15,NARGP,42,15.9,2.6099999999999994
HOPV15,NARGP,42,16.0,2.6099999999999994
HOPV15,NARGP,42,16.1,2.6099999999999994
HOPV15,NARGP,42,16.2,2.6099999999999994
HOPV15,NARGP,42,16.3,2.6099999999999994
HOPV15,NARGP,42,16.4,2.6099999999999994
HOPV15,NARGP,42,16.5,2.6099999999999994
HOPV15,NARGP,42,17.5,2.6099999999999994
HOPV15,NARGP,42,17.6,2.6099999999999994
HOPV15,NARGP,42,17.7,2.6099999999999994
HOPV15,NARGP,42,17.8,2.6099999999999994
HOPV15,NARGP,42,17.9,2.6099999999999994
HOPV15,NARGP,42,18.0,2.6099999999999994
HOPV15,NARGP,42,18.1,2.6099999999999994
HOPV15,NARGP,42,18.2,2.6099999999999994
HOPV15,NARGP,42,18.3,2.6099999999999994
HOPV15,NARGP,42,18.4,2.6099999999999994
HOPV15,NARGP,42,18.5,2.6099999999999994
HOPV15,NARGP,42,19.5,2.6099999999999994
HOPV15,NARGP,42,19.6,2.6099999999999994
HOPV15,NARGP,42,19.7,2.6099999999999994
HOPV15,NARGP,42,19.8,2.6099999999999994
HOPV15,NARGP,42,19.9,2.6099999999999994
HOPV15,NARGP,42,20.0,2.6099999999999994
HOPV15,NARGP,42,20.1,2.6099999999999994
HOPV15,NARGP,42,20.2,2.6099999999999994
HOPV15,NARGP,42,20.3,2.6099999999999994
HOPV15,NARGP,42,20.4,2.6099999999999994
HOPV15,NARGP,42,20.5,2.6099999999999994
HOPV15,NARGP,42,21.5,2.6099999999999994
HOPV15,NARGP,42,21.6,2.6099999999999994
HOPV15,NARGP,42,21.7,2.6099999999999994
HOPV15,NARGP,42,21.8,2.6099999999999994
HOPV15,NARGP,42,21.9,2.6099999999999994
HOPV15,NARGP,42,22.0,2.6099999999999994
HOPV15,NARGP,42,22.1,2.6099999999999994
HOPV15,NARGP,42,22.2,2.6099999999999994
HOPV15,NARGP,42,22.3,2.6099999999999994
HOPV15,NARGP,42,22.4,2.6099999999999994
HOPV15,NARGP,42,22.5,2.6099999999999994
HOPV15,NARGP,42,23.5,1.5999999999999996
HOPV15,NARGP,42,23.6,1.5999999999999996
HOPV15,NARGP,42,23.7,1.5999999999999996
HOPV15,NARGP,42,23.8,1.5999999999999996
HOPV15,NARGP,42,23.9,1.5999999999999996
HOPV15,NARGP,42,24.0,1.5999999999999996
HOPV15,NARGP,42,24.1,1.5999999999999996
HOPV15,NARGP,42,24.2,1.5999999999999996
HOPV15,NARGP,42,24.3,1.5999999999999996
HOPV15,NARGP,42,24.4,1.5999999999999996
HOPV15,NARGP,42,24.5,1.5999999999999996
HOPV15,NARGP,42,25.5,1.5999999999999996
HOPV15,NARGP,42,25.6,1.5999999999999996
HOPV15,NARGP,42,25.7,1.5999999999999996
HOPV15,NARGP,42,25.8,1.5999999999999996
HOPV15,NARGP,42,25.9,1.5999999999999996
HOPV15,NARGP,42,26.0,1.5999999999999996
HOPV15,NARGP,42,26.1,1.5999999999999996
HOPV15,NARGP,42,26.2,1.5999999999999996
HOPV15,NARGP,42,26.3,1.5999999999999996
HOPV15,NARGP,42,26.4,1.5999999999999996
HOPV15,NARGP,42,26.5,1.5999999999999996
HOPV15,NARGP,42,27.5,1.5999999999999996
HOPV15,NARGP,42,27.6,1.5999999999999996
HOPV15,NARGP,42,27.7,1.5999999999999996
HOPV15,NARGP,42,27.8,1.5999999999999996
HOPV15,NARGP,42,27.9,1.5999999999999996
HOPV15,NARGP,42,28.0,1.5999999999999996
HOPV15,NARGP,42,28.1,1.5999999999999996
HOPV15,NARGP,42,28.2,1.5999999999999996
HOPV15,NARGP,42,28.3,1.5999999999999996
HOPV15,NARGP,42,28.4,1.5999999999999996
HOPV15,NARGP,42,28.5,1.5999999999999996
HOPV15,NARGP,42,29.5,1.5999999999999996
HOPV15,NARGP,42,29.6,1.5999999999999996
HOPV15,NARGP,42,29.7,1.5999999999999996
HOPV15,NARGP,42,29.8,1.5999999999999996
HOPV15,NARGP,42,29.9,1.5999999999999996
HOPV15,NARGP,46,3.5,7.499999999999999
HOPV15,NARGP,46,3.6,7.499999999999999
HOPV15,NARGP,46,3.7,7.499999999999999
HOPV15,NARGP,46,3.8,7.499999999999999
HOPV15,NARGP,46,3.9,7.499999999999999
HOPV15,NARGP,46,4.0,7.499999999999999
HOPV15,NARGP,46,4.1,7.499999999999999
HOPV15,NARGP,46,4.2,7.499999999999999
HOPV15,NARGP,46,4.3,7.499999999999999
HOPV15,NARGP,46,4.4,7.499999999999999
HOPV15,NARGP,46,4.5,7.499999999999999
HOPV15,NARGP,46,5.5,6.999999999999999
HOPV15,NARGP,46,5.6,6.999999999999999
HOPV15,NARGP,46,5.7,6.999999999999999
HOPV15,NARGP,46,5.8,6.999999999999999
HOPV15,NARGP,46,5.9,6.999999999999999
HOPV15,NARGP,46,6.0,6.999999999999999
HOPV15,NARGP,46,6.1,6.999999999999999
HOPV15,NARGP,46,6.2,6.999999999999999
HOPV15,NARGP,46,6.3,6.999999999999999
HOPV15,NARGP,46,6.4,6.999999999999999
HOPV15,NARGP,46,6.5,6.999999999999999
HOPV15,NARGP,46,7.5,2.999999999999999
HOPV15,NARGP,46,7.6,2.999999999999999
HOPV15,NARGP,46,7.7,2.999999999999999
HOPV15,NARGP,46,7.8,2.999999999999999
HOPV15,NARGP,46,7.9,2.999999999999999
HOPV15,NARGP,46,8.0,2.999999999999999
HOPV15,NARGP,46,8.1,2.999999999999999
HOPV15,NARGP,46,8.2,2.999999999999999
HOPV15,NARGP,46,8.3,2.999999999999999
HOPV15,NARGP,46,8.4,2.999999999999999
HOPV15,NARGP,46,8.5,2.999999999999999
HOPV15,NARGP,46,9.5,2.799999999999999
HOPV15,NARGP,46,9.6,2.799999999999999
HOPV15,NARGP,46,9.7,2.799999999999999
HOPV15,NARGP,46,9.8,2.799999999999999
HOPV15,NARGP,46,9.9,2.799999999999999
HOPV15,NARGP,46,10.0,2.799999999999999
HOPV15,NARGP,46,10.1,2.799999999999999
HOPV15,NARGP,46,10.2,2.799999999999999
HOPV15,NARGP,46,10.3,2.799999999999999
HOPV15,NARGP,46,10.4,2.799999999999999
HOPV15,NARGP,46,10.5,2.799999999999999
HOPV15,NARGP,46,11.5,2.469999999999999
HOPV15,NARGP,46,11.6,2.469999999999999
HOPV15,NARGP,46,11.7,2.469999999999999
HOPV15,NARGP,46,11.8,2.469999999999999
HOPV15,NARGP,46,11.9,2.469999999999999
HOPV15,NARGP,46,12.0,2.469999999999999
HOPV15,NARGP,46,12.1,2.469999999999999
HOPV15,NARGP,46,12.2,2.469999999999999
HOPV15,NARGP,46,12.3,2.469999999999999
HOPV15,NARGP,46,12.4,2.469999999999999
HOPV15,NARGP,46,12.5,2.469999999999999
HOPV15,NARGP,46,13.5,2.469999999999999
HOPV15,NARGP,46,13.6,2.469999999999999
HOPV15,NARGP,46,13.7,2.469999999999999
HOPV15,NARGP,46,13.8,2.469999999999999
HOPV15,NARGP,46,13.9,2.469999999999999
HOPV15,NARGP,46,14.0,2.469999999999999
HOPV15,NARGP,46,14.1,2.469999999999999
HOPV15,NARGP,46,14.2,2.469999999999999
HOPV15,NARGP,46,14.3,2.469999999999999
HOPV15,NARGP,46,14.4,2.469999999999999
HOPV15,NARGP,46,14.5,2.469999999999999
HOPV15,NARGP,46,15.5,2.469999999999999
HOPV15,NARGP,46,15.6,2.469999999999999
HOPV15,NARGP,46,15.7,2.469999999999999
HOPV15,NARGP,46,15.8,2.469999999999999
HOPV15,NARGP,46,15.9,2.469999999999999
HOPV15,NARGP,46,16.0,2.469999999999999
HOPV15,NARGP,46,16.1,2.469999999999999
HOPV15,NARGP,46,16.2,2.469999999999999
HOPV15,NARGP,46,16.3,2.469999999999999
HOPV15,NARGP,46,16.4,2.469999999999999
HOPV15,NARGP,46,16.5,2.469999999999999
HOPV15,NARGP,46,17.5,2.469999999999999
HOPV15,NARGP,46,17.6,2.469999999999999
HOPV15,NARGP,46,17.7,2.469999999999999
HOPV15,NARGP,46,17.8,2.469999999999999
HOPV15,NARGP,46,17.9,2.469999999999999
HOPV15,NARGP,46,18.0,2.469999999999999
HOPV15,NARGP,46,18.1,2.469999999999999
HOPV15,NARGP,46,18.2,2.469999999999999
HOPV15,NARGP,46,18.3,2.469999999999999
HOPV15,NARGP,46,18.4,2.469999999999999
HOPV15,NARGP,46,18.5,2.469999999999999
HOPV15,NARGP,46,19.5,2.469999999999999
HOPV15,NARGP,46,19.6,2.469999999999999
HOPV15,NARGP,46,19.7,2.469999999999999
HOPV15,NARGP,46,19.8,2.469999999999999
HOPV15,NARGP,46,19.9,2.469999999999999
HOPV15,NARGP,46,20.0,2.469999999999999
HOPV15,NARGP,46,20.1,2.469999999999999
HOPV15,NARGP,46,20.2,2.469999999999999
HOPV15,NARGP,46,20.3,2.469999999999999
HOPV15,NARGP,46,20.4,2.469999999999999
HOPV15,NARGP,46,20.5,2.469999999999999
HOPV15,NARGP,46,21.5,2.469999999999999
HOPV15,NARGP,46,21.6,2.469999999999999
HOPV15,NARGP,46,21.7,2.469999999999999
HOPV15,NARGP,46,21.8,2.469999999999999
HOPV15,NARGP,46,21.9,2.469999999999999
HOPV15,NARGP,46,22.0,2.469999999999999
HOPV15,NARGP,46,22.1,2.469999999999999
HOPV15,NARGP,46,22.2,2.469999999999999
HOPV15,NARGP,46,22.3,2.469999999999999
HOPV15,NARGP,46,22.4,2.469999999999999
HOPV15,NARGP,46,22.5,2.469999999999999
HOPV15,NARGP,46,23.5,2.469999999999999
HOPV15,NARGP,46,23.6,2.469999999999999
HOPV15,NARGP,46,23.7,2.469999999999999
HOPV15,NARGP,46,23.8,2.469999999999999
HOPV15,NARGP,46,23.9,2.469999999999999
HOPV15,NARGP,46,24.0,2.469999999999999
HOPV15,NARGP,46,24.1,2.469999999999999
HOPV15,NARGP,46,24.2,2.469999999999999
HOPV15,NARGP,46,24.3,2.469999999999999
HOPV15,NARGP,46,24.4,2.469999999999999
HOPV15,NARGP,46,24.5,2.469999999999999
HOPV15,NARGP,46,25.5,2.469999999999999
HOPV15,NARGP,46,25.6,2.469999999999999
HOPV15,NARGP,46,25.7,2.469999999999999
HOPV15,NARGP,46,25.8,2.469999999999999
HOPV15,NARGP,46,25.9,2.469999999999999
HOPV15,NARGP,46,26.0,2.469999999999999
HOPV15,NARGP,46,26.1,2.469999999999999
HOPV15,NARGP,46,26.2,2.469999999999999
HOPV15,NARGP,46,26.3,2.469999999999999
HOPV15,NARGP,46,26.4,2.469999999999999
HOPV15,NARGP,46,26.5,2.469999999999999
HOPV15,NARGP,46,27.5,2.469999999999999
HOPV15,NARGP,46,27.6,2.469999999999999
HOPV15,NARGP,46,27.7,2.469999999999999
HOPV15,NARGP,46,27.8,2.469999999999999
HOPV15,NARGP,46,27.9,2.469999999999999
HOPV15,NARGP,46,28.0,2.469999999999999
HOPV15,NARGP,46,28.1,2.469999999999999
HOPV15,NARGP,46,28.2,2.469999999999999
HOPV15,NARGP,46,28.3,2.469999999999999
HOPV15,NARGP,46,28.4,2.469999999999999
HOPV15,NARGP,46,28.5,2.469999999999999
HOPV15,NARGP,46,29.5,2.469999999999999
HOPV15,NARGP,46,29.6,2.469999999999999
HOPV15,NARGP,46,29.7,2.469999999999999
HOPV15,NARGP,46,29.8,2.469999999999999
HOPV15,NARGP,46,29.9,2.469999999999999
HOPV15,NARGP,44,3.5,5.27
HOPV15,NARGP,44,3.6,5.27
HOPV15,NARGP,44,3.7,5.27
HOPV15,NARGP,44,3.8,5.27
HOPV15,NARGP,44,3.9,5.27
HOPV15,NARGP,44,4.0,5.27
HOPV15,NARGP,44,4.1,5.27
HOPV15,NARGP,44,4.2,5.27
HOPV15,NARGP,44,4.3,5.27
HOPV15,NARGP,44,4.4,5.27
HOPV15,NARGP,44,4.5,5.27
HOPV15,NARGP,44,5.5,5.27
HOPV15,NARGP,44,5.6,5.27
HOPV15,NARGP,44,5.7,5.27
HOPV15,NARGP,44,5.8,5.27
HOPV15,NARGP,44,5.9,5.27
HOPV15,NARGP,44,6.0,5.27
HOPV15,NARGP,44,6.1,5.27
HOPV15,NARGP,44,6.2,5.27
HOPV15,NARGP,44,6.3,5.27
HOPV15,NARGP,44,6.4,5.27
HOPV15,NARGP,44,6.5,5.27
HOPV15,NARGP,44,7.5,3.5299999999999994
HOPV15,NARGP,44,7.6,3.5299999999999994
HOPV15,NARGP,44,7.7,3.5299999999999994
HOPV15,NARGP,44,7.8,3.5299999999999994
HOPV15,NARGP,44,7.9,3.5299999999999994
HOPV15,NARGP,44,8.0,3.5299999999999994
HOPV15,NARGP,44,8.1,3.5299999999999994
HOPV15,NARGP,44,8.2,3.5299999999999994
HOPV15,NARGP,44,8.3,3.5299999999999994
HOPV15,NARGP,44,8.4,3.5299999999999994
HOPV15,NARGP,44,8.5,3.5299999999999994
HOPV15,NARGP,44,9.5,2.6099999999999994
HOPV15,NARGP,44,9.6,2.6099999999999994
HOPV15,NARGP,44,9.7,2.6099999999999994
HOPV15,NARGP,44,9.8,2.6099999999999994
HOPV15,NARGP,44,9.9,2.6099999999999994
HOPV15,NARGP,44,10.0,2.6099999999999994
HOPV15,NARGP,44,10.1,2.6099999999999994
HOPV15,NARGP,44,10.2,2.6099999999999994
HOPV15,NARGP,44,10.3,2.6099999999999994
HOPV15,NARGP,44,10.4,2.6099999999999994
HOPV15,NARGP,44,10.5,2.6099999999999994
HOPV15,NARGP,44,11.5,2.6099999999999994
HOPV15,NARGP,44,11.6,2.6099999999999994
HOPV15,NARGP,44,11.7,2.6099999999999994
HOPV15,NARGP,44,11.8,2.6099999999999994
HOPV15,NARGP,44,11.9,2.6099999999999994
HOPV15,NARGP,44,12.0,2.6099999999999994
HOPV15,NARGP,44,12.1,2.6099999999999994
HOPV15,NARGP,44,12.2,2.6099999999999994
HOPV15,NARGP,44,12.3,2.6099999999999994
HOPV15,NARGP,44,12.4,2.6099999999999994
HOPV15,NARGP,44,12.5,2.6099999999999994
HOPV15,NARGP,44,13.5,2.6099999999999994
HOPV15,NARGP,44,13.6,2.6099999999999994
HOPV15,NARGP,44,13.7,2.6099999999999994
HOPV15,NARGP,44,13.8,2.6099999999999994
HOPV15,NARGP,44,13.9,2.6099999999999994
HOPV15,NARGP,44,14.0,2.6099999999999994
HOPV15,NARGP,44,14.1,2.6099999999999994
HOPV15,NARGP,44,14.2,2.6099999999999994
HOPV15,NARGP,44,14.3,2.6099999999999994
HOPV15,NARGP,44,14.4,2.6099999999999994
HOPV15,NARGP,44,14.5,2.6099999999999994
HOPV15,NARGP,44,15.5,2.6099999999999994
HOPV15,NARGP,44,15.6,2.6099999999999994
HOPV15,NARGP,44,15.7,2.6099999999999994
HOPV15,NARGP,44,15.8,2.6099999999999994
HOPV15,NARGP,44,15.9,2.6099999999999994
HOPV15,NARGP,44,16.0,2.6099999999999994
HOPV15,NARGP,44,16.1,2.6099999999999994
HOPV15,NARGP,44,16.2,2.6099999999999994
HOPV15,NARGP,44,16.3,2.6099999999999994
HOPV15,NARGP,44,16.4,2.6099999999999994
HOPV15,NARGP,44,16.5,2.6099999999999994
HOPV15,NARGP,44,17.5,2.6099999999999994
HOPV15,NARGP,44,17.6,2.6099999999999994
HOPV15,NARGP,44,17.7,2.6099999999999994
HOPV15,NARGP,44,17.8,2.6099999999999994
HOPV15,NARGP,44,17.9,2.6099999999999994
HOPV15,NARGP,44,18.0,2.6099999999999994
HOPV15,NARGP,44,18.1,2.6099999999999994
HOPV15,NARGP,44,18.2,2.6099999999999994
HOPV15,NARGP,44,18.3,2.6099999999999994
HOPV15,NARGP,44,18.4,2.6099999999999994
HOPV15,NARGP,44,18.5,2.6099999999999994
HOPV15,NARGP,44,19.5,2.6099999999999994
HOPV15,NARGP,44,19.6,2.6099999999999994
HOPV15,NARGP,44,19.7,2.6099999999999994
HOPV15,NARGP,44,19.8,2.6099999999999994
HOPV15,NARGP,44,19.9,2.6099999999999994
HOPV15,NARGP,44,20.0,2.6099999999999994
HOPV15,NARGP,44,20.1,2.6099999999999994
HOPV15,NARGP,44,20.2,2.6099999999999994
HOPV15,NARGP,44,20.3,2.6099999999999994
HOPV15,NARGP,44,20.4,2.6099999999999994
HOPV15,NARGP,44,20.5,2.6099999999999994
HOPV15,NARGP,44,21.5,2.6099999999999994
HOPV15,NARGP,44,21.6,2.6099999999999994
HOPV15,NARGP,44,21.7,2.6099999999999994
HOPV15,NARGP,44,21.8,2.6099999999999994
HOPV15,NARGP,44,21.9,2.6099999999999994
HOPV15,NARGP,44,22.0,2.6099999999999994
HOPV15,NARGP,44,22.1,2.6099999999999994
HOPV15,NARGP,44,22.2,2.6099999999999994
HOPV15,NARGP,44,22.3,2.6099999999999994
HOPV15,NARGP,44,22.4,2.6099999999999994
HOPV15,NARGP,44,22.5,2.6099999999999994
HOPV15,NARGP,44,23.5,2.6099999999999994
HOPV15,NARGP,44,23.6,2.6099999999999994
HOPV15,NARGP,44,23.7,2.6099999999999994
HOPV15,NARGP,44,23.8,2.6099999999999994
HOPV15,NARGP,44,23.9,2.6099999999999994
HOPV15,NARGP,44,24.0,2.6099999999999994
HOPV15,NARGP,44,24.1,2.6099999999999994
HOPV15,NARGP,44,24.2,2.6099999999999994
HOPV15,NARGP,44,24.3,2.6099999999999994
HOPV15,NARGP,44,24.4,2.6099999999999994
HOPV15,NARGP,44,24.5,2.6099999999999994
HOPV15,NARGP,44,25.5,2.6099999999999994
HOPV15,NARGP,44,25.6,2.6099999999999994
HOPV15,NARGP,44,25.7,2.6099999999999994
HOPV15,NARGP,44,25.8,2.6099999999999994
HOPV15,NARGP,44,25.9,2.6099999999999994
HOPV15,NARGP,44,26.0,2.6099999999999994
HOPV15,NARGP,44,26.1,2.6099999999999994
HOPV15,NARGP,44,26.2,2.6099999999999994
HOPV15,NARGP,44,26.3,2.6099999999999994
HOPV15,NARGP,44,26.4,2.6099999999999994
HOPV15,NARGP,44,26.5,2.6099999999999994
HOPV15,NARGP,44,27.5,0.0
HOPV15,NARGP,44,27.6,0.0
HOPV15,NARGP,44,27.7,0.0
HOPV15,NARGP,44,27.8,0.0
HOPV15,NARGP,44,27.9,0.0
HOPV15,NARGP,44,28.0,0.0
HOPV15,NARGP,44,28.1,0.0
HOPV15,NARGP,44,28.2,0.0
HOPV15,NARGP,44,28.3,0.0
HOPV15,NARGP,44,28.4,0.0
HOPV15,NARGP,44,28.5,0.0
HOPV15,NARGP,44,29.5,0.0
HOPV15,NARGP,44,29.6,0.0
HOPV15,NARGP,44,29.7,0.0
HOPV15,NARGP,44,29.8,0.0
HOPV15,NARGP,44,29.9,0.0
HOPV15,NARGP,47,3.5,6.14
HOPV15,NARGP,47,3.6,6.14
HOPV15,NARGP,47,3.7,6.14
HOPV15,NARGP,47,3.8,6.14
HOPV15,NARGP,47,3.9,6.14
HOPV15,NARGP,47,4.0,6.14
HOPV15,NARGP,47,4.1,6.14
HOPV15,NARGP,47,4.2,6.14
HOPV15,NARGP,47,4.3,6.14
HOPV15,NARGP,47,4.4,6.14
HOPV15,NARGP,47,4.5,6.14
HOPV15,NARGP,47,5.5,5.9799999999999995
HOPV15,NARGP,47,5.6,5.9799999999999995
HOPV15,NARGP,47,5.7,5.9799999999999995
HOPV15,NARGP,47,5.8,5.9799999999999995
HOPV15,NARGP,47,5.9,5.9799999999999995
HOPV15,NARGP,47,6.0,5.9799999999999995
HOPV15,NARGP,47,6.1,5.9799999999999995
HOPV15,NARGP,47,6.2,5.9799999999999995
HOPV15,NARGP,47,6.3,5.9799999999999995
HOPV15,NARGP,47,6.4,5.9799999999999995
HOPV15,NARGP,47,6.5,5.9799999999999995
HOPV15,NARGP,47,7.5,5.9799999999999995
HOPV15,NARGP,47,7.6,5.9799999999999995
HOPV15,NARGP,47,7.7,5.9799999999999995
HOPV15,NARGP,47,7.8,5.9799999999999995
HOPV15,NARGP,47,7.9,5.9799999999999995
HOPV15,NARGP,47,8.0,5.9799999999999995
HOPV15,NARGP,47,8.1,5.9799999999999995
HOPV15,NARGP,47,8.2,5.9799999999999995
HOPV15,NARGP,47,8.3,5.9799999999999995
HOPV15,NARGP,47,8.4,5.9799999999999995
HOPV15,NARGP,47,8.5,5.9799999999999995
HOPV15,NARGP,47,9.5,5.919999999999999
HOPV15,NARGP,47,9.6,5.919999999999999
HOPV15,NARGP,47,9.7,5.919999999999999
HOPV15,NARGP,47,9.8,5.919999999999999
HOPV15,NARGP,47,9.9,5.919999999999999
HOPV15,NARGP,47,10.0,5.919999999999999
HOPV15,NARGP,47,10.1,5.919999999999999
HOPV15,NARGP,47,10.2,5.919999999999999
HOPV15,NARGP,47,10.3,5.919999999999999
HOPV15,NARGP,47,10.4,5.919999999999999
HOPV15,NARGP,47,10.5,5.919999999999999
HOPV15,NARGP,47,11.5,4.14
HOPV15,NARGP,47,11.6,4.14
HOPV15,NARGP,47,11.7,4.14
HOPV15,NARGP,47,11.8,4.14
HOPV15,NARGP,47,11.9,4.14
HOPV15,NARGP,47,12.0,4.14
HOPV15,NARGP,47,12.1,4.14
HOPV15,NARGP,47,12.2,4.14
HOPV15,NARGP,47,12.3,4.14
HOPV15,NARGP,47,12.4,4.14
HOPV15,NARGP,47,12.5,4.14
HOPV15,NARGP,47,13.5,4.14
HOPV15,NARGP,47,13.6,4.14
HOPV15,NARGP,47,13.7,4.14
HOPV15,NARGP,47,13.8,4.14
HOPV15,NARGP,47,13.9,4.14
HOPV15,NARGP,47,14.0,4.14
HOPV15,NARGP,47,14.1,4.14
HOPV15,NARGP,47,14.2,4.14
HOPV15,NARGP,47,14.3,4.14
HOPV15,NARGP,47,14.4,4.14
HOPV15,NARGP,47,14.5,4.14
HOPV15,NARGP,47,15.5,3.789999999999999
HOPV15,NARGP,47,15.6,3.789999999999999
HOPV15,NARGP,47,15.7,3.789999999999999
HOPV15,NARGP,47,15.8,3.789999999999999
HOPV15,NARGP,47,15.9,3.789999999999999
HOPV15,NARGP,47,16.0,3.789999999999999
HOPV15,NARGP,47,16.1,3.789999999999999
HOPV15,NARGP,47,16.2,3.789999999999999
HOPV15,NARGP,47,16.3,3.789999999999999
HOPV15,NARGP,47,16.4,3.789999999999999
HOPV15,NARGP,47,16.5,3.789999999999999
HOPV15,NARGP,47,17.5,3.789999999999999
HOPV15,NARGP,47,17.6,3.789999999999999
HOPV15,NARGP,47,17.7,3.789999999999999
HOPV15,NARGP,47,17.8,3.789999999999999
HOPV15,NARGP,47,17.9,3.789999999999999
HOPV15,NARGP,47,18.0,3.789999999999999
HOPV15,NARGP,47,18.1,3.789999999999999
HOPV15,NARGP,47,18.2,3.789999999999999
HOPV15,NARGP,47,18.3,3.789999999999999
HOPV15,NARGP,47,18.4,3.789999999999999
HOPV15,NARGP,47,18.5,3.789999999999999
HOPV15,NARGP,47,19.5,3.789999999999999
HOPV15,NARGP,47,19.6,3.789999999999999
HOPV15,NARGP,47,19.7,3.789999999999999
HOPV15,NARGP,47,19.8,3.789999999999999
HOPV15,NARGP,47,19.9,3.789999999999999
HOPV15,NARGP,47,20.0,3.789999999999999
HOPV15,NARGP,47,20.1,3.789999999999999
HOPV15,NARGP,47,20.2,3.789999999999999
HOPV15,NARGP,47,20.3,3.789999999999999
HOPV15,NARGP,47,20.4,3.789999999999999
HOPV15,NARGP,47,20.5,3.789999999999999
HOPV15,NARGP,47,21.5,3.789999999999999
HOPV15,NARGP,47,21.6,3.789999999999999
HOPV15,NARGP,47,21.7,3.789999999999999
HOPV15,NARGP,47,21.8,3.789999999999999
HOPV15,NARGP,47,21.9,3.789999999999999
HOPV15,NARGP,47,22.0,3.789999999999999
HOPV15,NARGP,47,22.1,3.789999999999999
HOPV15,NARGP,47,22.2,3.789999999999999
HOPV15,NARGP,47,22.3,3.789999999999999
HOPV15,NARGP,47,22.4,3.789999999999999
HOPV15,NARGP,47,22.5,3.789999999999999
HOPV15,NARGP,47,23.5,3.789999999999999
HOPV15,NARGP,47,23.6,3.789999999999999
HOPV15,NARGP,47,23.7,3.789999999999999
HOPV15,NARGP,47,23.8,3.789999999999999
HOPV15,NARGP,47,23.9,3.789999999999999
HOPV15,NARGP,47,24.0,3.789999999999999
HOPV15,NARGP,47,24.1,3.789999999999999
HOPV15,NARGP,47,24.2,3.789999999999999
HOPV15,NARGP,47,24.3,3.789999999999999
HOPV15,NARGP,47,24.4,3.789999999999999
HOPV15,NARGP,47,24.5,3.789999999999999
HOPV15,NARGP,47,25.5,3.789999999999999
HOPV15,NARGP,47,25.6,3.789999999999999
HOPV15,NARGP,47,25.7,3.789999999999999
HOPV15,NARGP,47,25.8,3.789999999999999
HOPV15,NARGP,47,25.9,3.789999999999999
HOPV15,NARGP,47,26.0,3.789999999999999
HOPV15,NARGP,47,26.1,3.789999999999999
HOPV15,NARGP,47,26.2,3.789999999999999
HOPV15,NARGP,47,26.3,3.789999999999999
HOPV15,NARGP,47,26.4,3.789999999999999
HOPV15,NARGP,47,26.5,3.789999999999999
HOPV15,NARGP,47,27.5,2.6999999999999993
HOPV15,NARGP,47,27.6,2.6999999999999993
HOPV15,NARGP,47,27.7,2.6999999999999993
HOPV15,NARGP,47,27.8,2.6999999999999993
HOPV15,NARGP,47,27.9,2.6999999999999993
HOPV15,NARGP,47,28.0,2.6999999999999993
HOPV15,NARGP,47,28.1,2.6999999999999993
HOPV15,NARGP,47,28.2,2.6999999999999993
HOPV15,NARGP,47,28.3,2.6999999999999993
HOPV15,NARGP,47,28.4,2.6999999999999993
HOPV15,NARGP,47,28.5,2.6999999999999993
HOPV15,NARGP,47,29.5,2.6999999999999993
HOPV15,NARGP,47,29.6,2.6999999999999993
HOPV15,NARGP,47,29.7,2.6999999999999993
HOPV15,NARGP,47,29.8,2.6999999999999993
HOPV15,NARGP,47,29.9,2.6999999999999993
HOPV15,NARGP,48,3.5,6.85
HOPV15,NARGP,48,3.6,6.85
HOPV15,NARGP,48,3.7,6.85
HOPV15,NARGP,48,3.8,6.85
HOPV15,NARGP,48,3.9,6.85
HOPV15,NARGP,48,4.0,6.85
HOPV15,NARGP,48,4.1,6.85
HOPV15,NARGP,48,4.2,6.85
HOPV15,NARGP,48,4.3,6.85
HOPV15,NARGP,48,4.4,6.85
HOPV15,NARGP,48,4.5,6.85
HOPV15,NARGP,48,5.5,6.14
HOPV15,NARGP,48,5.6,6.14
HOPV15,NARGP,48,5.7,6.14
HOPV15,NARGP,48,5.8,6.14
HOPV15,NARGP,48,5.9,6.14
HOPV15,NARGP,48,6.0,6.14
HOPV15,NARGP,48,6.1,6.14
HOPV15,NARGP,48,6.2,6.14
HOPV15,NARGP,48,6.3,6.14
HOPV15,NARGP,48,6.4,6.14
HOPV15,NARGP,48,6.5,6.14
HOPV15,NARGP,48,7.5,6.14
HOPV15,NARGP,48,7.6,6.14
HOPV15,NARGP,48,7.7,6.14
HOPV15,NARGP,48,7.8,6.14
HOPV15,NARGP,48,7.9,6.14
HOPV15,NARGP,48,8.0,6.14
HOPV15,NARGP,48,8.1,6.14
HOPV15,NARGP,48,8.2,6.14
HOPV15,NARGP,48,8.3,6.14
HOPV15,NARGP,48,8.4,6.14
HOPV15,NARGP,48,8.5,6.14
HOPV15,NARGP,48,9.5,5.459999999999999
HOPV15,NARGP,48,9.6,5.459999999999999
HOPV15,NARGP,48,9.7,5.459999999999999
HOPV15,NARGP,48,9.8,5.459999999999999
HOPV15,NARGP,48,9.9,5.459999999999999
HOPV15,NARGP,48,10.0,5.459999999999999
HOPV15,NARGP,48,10.1,5.459999999999999
HOPV15,NARGP,48,10.2,5.459999999999999
HOPV15,NARGP,48,10.3,5.459999999999999
HOPV15,NARGP,48,10.4,5.459999999999999
HOPV15,NARGP,48,10.5,5.459999999999999
HOPV15,NARGP,48,11.5,5.459999999999999
HOPV15,NARGP,48,11.6,5.459999999999999
HOPV15,NARGP,48,11.7,5.459999999999999
HOPV15,NARGP,48,11.8,5.459999999999999
HOPV15,NARGP,48,11.9,5.459999999999999
HOPV15,NARGP,48,12.0,5.459999999999999
HOPV15,NARGP,48,12.1,5.459999999999999
HOPV15,NARGP,48,12.2,5.459999999999999
HOPV15,NARGP,48,12.3,5.459999999999999
HOPV15,NARGP,48,12.4,5.459999999999999
HOPV15,NARGP,48,12.5,5.459999999999999
HOPV15,NARGP,48,13.5,5.459999999999999
HOPV15,NARGP,48,13.6,5.459999999999999
HOPV15,NARGP,48,13.7,5.459999999999999
HOPV15,NARGP,48,13.8,5.459999999999999
HOPV15,NARGP,48,13.9,5.459999999999999
HOPV15,NARGP,48,14.0,5.459999999999999
HOPV15,NARGP,48,14.1,5.459999999999999
HOPV15,NARGP,48,14.2,5.459999999999999
HOPV15,NARGP,48,14.3,5.459999999999999
HOPV15,NARGP,48,14.4,5.459999999999999
HOPV15,NARGP,48,14.5,5.459999999999999
HOPV15,NARGP,48,15.5,5.459999999999999
HOPV15,NARGP,48,15.6,5.459999999999999
HOPV15,NARGP,48,15.7,5.459999999999999
HOPV15,NARGP,48,15.8,5.459999999999999
HOPV15,NARGP,48,15.9,5.459999999999999
HOPV15,NARGP,48,16.0,5.459999999999999
HOPV15,NARGP,48,16.1,5.459999999999999
HOPV15,NARGP,48,16.2,5.459999999999999
HOPV15,NARGP,48,16.3,5.459999999999999
HOPV15,NARGP,48,16.4,5.459999999999999
HOPV15,NARGP,48,16.5,5.459999999999999
HOPV15,NARGP,48,17.5,5.459999999999999
HOPV15,NARGP,48,17.6,5.459999999999999
HOPV15,NARGP,48,17.7,5.459999999999999
HOPV15,NARGP,48,17.8,5.459999999999999
HOPV15,NARGP,48,17.9,5.459999999999999
HOPV15,NARGP,48,18.0,5.459999999999999
HOPV15,NARGP,48,18.1,5.459999999999999
HOPV15,NARGP,48,18.2,5.459999999999999
HOPV15,NARGP,48,18.3,5.459999999999999
HOPV15,NARGP,48,18.4,5.459999999999999
HOPV15,NARGP,48,18.5,5.459999999999999
HOPV15,NARGP,48,19.5,5.459999999999999
HOPV15,NARGP,48,19.6,5.459999999999999
HOPV15,NARGP,48,19.7,5.459999999999999
HOPV15,NARGP,48,19.8,5.459999999999999
HOPV15,NARGP,48,19.9,5.459999999999999
HOPV15,NARGP,48,20.0,5.459999999999999
HOPV15,NARGP,48,20.1,5.459999999999999
HOPV15,NARGP,48,20.2,5.459999999999999
HOPV15,NARGP,48,20.3,5.459999999999999
HOPV15,NARGP,48,20.4,5.459999999999999
HOPV15,NARGP,48,20.5,5.459999999999999
HOPV15,NARGP,48,21.5,5.459999999999999
HOPV15,NARGP,48,21.6,5.459999999999999
HOPV15,NARGP,48,21.7,5.459999999999999
HOPV15,NARGP,48,21.8,5.459999999999999
HOPV15,NARGP,48,21.9,5.459999999999999
HOPV15,NARGP,48,22.0,5.459999999999999
HOPV15,NARGP,48,22.1,5.459999999999999
HOPV15,NARGP,48,22.2,5.459999999999999
HOPV15,NARGP,48,22.3,5.459999999999999
HOPV15,NARGP,48,22.4,5.459999999999999
HOPV15,NARGP,48,22.5,5.459999999999999
HOPV15,NARGP,48,23.5,5.459999999999999
HOPV15,NARGP,48,23.6,5.459999999999999
HOPV15,NARGP,48,23.7,5.459999999999999
HOPV15,NARGP,48,23.8,5.459999999999999
HOPV15,NARGP,48,23.9,5.459999999999999
HOPV15,NARGP,48,24.0,5.459999999999999
HOPV15,NARGP,48,24.1,5.459999999999999
HOPV15,NARGP,48,24.2,5.459999999999999
HOPV15,NARGP,48,24.3,5.459999999999999
HOPV15,NARGP,48,24.4,5.459999999999999
HOPV15,NARGP,48,24.5,5.459999999999999
HOPV15,NARGP,48,25.5,5.119999999999999
HOPV15,NARGP,48,25.6,5.119999999999999
HOPV15,NARGP,48,25.7,5.119999999999999
HOPV15,NARGP,48,25.8,5.119999999999999
HOPV15,NARGP,48,25.9,5.119999999999999
HOPV15,NARGP,48,26.0,5.119999999999999
HOPV15,NARGP,48,26.1,5.119999999999999
HOPV15,NARGP,48,26.2,5.119999999999999
HOPV15,NARGP,48,26.3,5.119999999999999
HOPV15,NARGP,48,26.4,5.119999999999999
HOPV15,NARGP,48,26.5,5.119999999999999
HOPV15,NARGP,48,27.5,4.759999999999999
HOPV15,NARGP,48,27.6,4.759999999999999
HOPV15,NARGP,48,27.7,4.759999999999999
HOPV15,NARGP,48,27.8,4.759999999999999
HOPV15,NARGP,48,27.9,4.759999999999999
HOPV15,NARGP,48,28.0,4.759999999999999
HOPV15,NARGP,48,28.1,4.759999999999999
HOPV15,NARGP,48,28.2,4.759999999999999
HOPV15,NARGP,48,28.3,4.759999999999999
HOPV15,NARGP,48,28.4,4.759999999999999
HOPV15,NARGP,48,28.5,4.759999999999999
HOPV15,NARGP,48,29.5,4.759999999999999
HOPV15,NARGP,48,29.6,4.759999999999999
HOPV15,NARGP,48,29.7,4.759999999999999
HOPV15,NARGP,48,29.8,4.759999999999999
HOPV15,NARGP,48,29.9,4.759999999999999
HOPV15,NARGP,51,3.5,3.499999999999999
HOPV15,NARGP,51,3.6,3.499999999999999
HOPV15,NARGP,51,3.7,3.499999999999999
HOPV15,NARGP,51,3.8,3.499999999999999
HOPV15,NARGP,51,3.9,3.499999999999999
HOPV15,NARGP,51,4.0,3.499999999999999
HOPV15,NARGP,51,4.1,3.499999999999999
HOPV15,NARGP,51,4.2,3.499999999999999
HOPV15,NARGP,51,4.3,3.499999999999999
HOPV15,NARGP,51,4.4,3.499999999999999
HOPV15,NARGP,51,4.5,3.499999999999999
HOPV15,NARGP,51,5.5,3.499999999999999
HOPV15,NARGP,51,5.6,3.499999999999999
HOPV15,NARGP,51,5.7,3.499999999999999
HOPV15,NARGP,51,5.8,3.499999999999999
HOPV15,NARGP,51,5.9,3.499999999999999
HOPV15,NARGP,51,6.0,3.499999999999999
HOPV15,NARGP,51,6.1,3.499999999999999
HOPV15,NARGP,51,6.2,3.499999999999999
HOPV15,NARGP,51,6.3,3.499999999999999
HOPV15,NARGP,51,6.4,3.499999999999999
HOPV15,NARGP,51,6.5,3.499999999999999
HOPV15,NARGP,51,7.5,3.499999999999999
HOPV15,NARGP,51,7.6,3.499999999999999
HOPV15,NARGP,51,7.7,3.499999999999999
HOPV15,NARGP,51,7.8,3.499999999999999
HOPV15,NARGP,51,7.9,3.499999999999999
HOPV15,NARGP,51,8.0,3.499999999999999
HOPV15,NARGP,51,8.1,3.499999999999999
HOPV15,NARGP,51,8.2,3.499999999999999
HOPV15,NARGP,51,8.3,3.499999999999999
HOPV15,NARGP,51,8.4,3.499999999999999
HOPV15,NARGP,51,8.5,3.499999999999999
HOPV15,NARGP,51,9.5,3.499999999999999
HOPV15,NARGP,51,9.6,3.499999999999999
HOPV15,NARGP,51,9.7,3.499999999999999
HOPV15,NARGP,51,9.8,3.499999999999999
HOPV15,NARGP,51,9.9,3.499999999999999
HOPV15,NARGP,51,10.0,3.499999999999999
HOPV15,NARGP,51,10.1,3.499999999999999
HOPV15,NARGP,51,10.2,3.499999999999999
HOPV15,NARGP,51,10.3,3.499999999999999
HOPV15,NARGP,51,10.4,3.499999999999999
HOPV15,NARGP,51,10.5,3.499999999999999
HOPV15,NARGP,51,11.5,3.499999999999999
HOPV15,NARGP,51,11.6,3.499999999999999
HOPV15,NARGP,51,11.7,3.499999999999999
HOPV15,NARGP,51,11.8,3.499999999999999
HOPV15,NARGP,51,11.9,3.499999999999999
HOPV15,NARGP,51,12.0,3.499999999999999
HOPV15,NARGP,51,12.1,3.499999999999999
HOPV15,NARGP,51,12.2,3.499999999999999
HOPV15,NARGP,51,12.3,3.499999999999999
HOPV15,NARGP,51,12.4,3.499999999999999
HOPV15,NARGP,51,12.5,3.499999999999999
HOPV15,NARGP,51,13.5,3.499999999999999
HOPV15,NARGP,51,13.6,3.499999999999999
HOPV15,NARGP,51,13.7,3.499999999999999
HOPV15,NARGP,51,13.8,3.499999999999999
HOPV15,NARGP,51,13.9,3.499999999999999
HOPV15,NARGP,51,14.0,3.499999999999999
HOPV15,NARGP,51,14.1,3.499999999999999
HOPV15,NARGP,51,14.2,3.499999999999999
HOPV15,NARGP,51,14.3,3.499999999999999
HOPV15,NARGP,51,14.4,3.499999999999999
HOPV15,NARGP,51,14.5,3.499999999999999
HOPV15,NARGP,51,15.5,3.499999999999999
HOPV15,NARGP,51,15.6,3.499999999999999
HOPV15,NARGP,51,15.7,3.499999999999999
HOPV15,NARGP,51,15.8,3.499999999999999
HOPV15,NARGP,51,15.9,3.499999999999999
HOPV15,NARGP,51,16.0,3.499999999999999
HOPV15,NARGP,51,16.1,3.499999999999999
HOPV15,NARGP,51,16.2,3.499999999999999
HOPV15,NARGP,51,16.3,3.499999999999999
HOPV15,NARGP,51,16.4,3.499999999999999
HOPV15,NARGP,51,16.5,3.499999999999999
HOPV15,NARGP,51,17.5,3.499999999999999
HOPV15,NARGP,51,17.6,3.499999999999999
HOPV15,NARGP,51,17.7,3.499999999999999
HOPV15,NARGP,51,17.8,3.499999999999999
HOPV15,NARGP,51,17.9,3.499999999999999
HOPV15,NARGP,51,18.0,3.499999999999999
HOPV15,NARGP,51,18.1,3.499999999999999
HOPV15,NARGP,51,18.2,3.499999999999999
HOPV15,NARGP,51,18.3,3.499999999999999
HOPV15,NARGP,51,18.4,3.499999999999999
HOPV15,NARGP,51,18.5,3.499999999999999
HOPV15,NARGP,51,19.5,3.499999999999999
HOPV15,NARGP,51,19.6,3.499999999999999
HOPV15,NARGP,51,19.7,3.499999999999999
HOPV15,NARGP,51,19.8,3.499999999999999
HOPV15,NARGP,51,19.9,3.499999999999999
HOPV15,NARGP,51,20.0,3.499999999999999
HOPV15,NARGP,51,20.1,3.499999999999999
HOPV15,NARGP,51,20.2,3.499999999999999
HOPV15,NARGP,51,20.3,3.499999999999999
HOPV15,NARGP,51,20.4,3.499999999999999
HOPV15,NARGP,51,20.5,3.499999999999999
HOPV15,NARGP,51,21.5,3.499999999999999
HOPV15,NARGP,51,21.6,3.499999999999999
HOPV15,NARGP,51,21.7,3.499999999999999
HOPV15,NARGP,51,21.8,3.499999999999999
HOPV15,NARGP,51,21.9,3.499999999999999
HOPV15,NARGP,51,22.0,3.499999999999999
HOPV15,NARGP,51,22.1,3.499999999999999
HOPV15,NARGP,51,22.2,3.499999999999999
HOPV15,NARGP,51,22.3,3.499999999999999
HOPV15,NARGP,51,22.4,3.499999999999999
HOPV15,NARGP,51,22.5,3.499999999999999
HOPV15,NARGP,51,23.5,3.499999999999999
HOPV15,NARGP,51,23.6,3.499999999999999
HOPV15,NARGP,51,23.7,3.499999999999999
HOPV15,NARGP,51,23.8,3.499999999999999
HOPV15,NARGP,51,23.9,3.499999999999999
HOPV15,NARGP,51,24.0,3.499999999999999
HOPV15,NARGP,51,24.1,3.499999999999999
HOPV15,NARGP,51,24.2,3.499999999999999
HOPV15,NARGP,51,24.3,3.499999999999999
HOPV15,NARGP,51,24.4,3.499999999999999
HOPV15,NARGP,51,24.5,3.499999999999999
HOPV15,NARGP,51,25.5,3.499999999999999
HOPV15,NARGP,51,25.6,3.499999999999999
HOPV15,NARGP,51,25.7,3.499999999999999
HOPV15,NARGP,51,25.8,3.499999999999999
HOPV15,NARGP,51,25.9,3.499999999999999
HOPV15,NARGP,51,26.0,3.499999999999999
HOPV15,NARGP,51,26.1,3.499999999999999
HOPV15,NARGP,51,26.2,3.499999999999999
HOPV15,NARGP,51,26.3,3.499999999999999
HOPV15,NARGP,51,26.4,3.499999999999999
HOPV15,NARGP,51,26.5,3.499999999999999
HOPV15,NARGP,51,27.5,3.499999999999999
HOPV15,NARGP,51,27.6,3.499999999999999
HOPV15,NARGP,51,27.7,3.499999999999999
HOPV15,NARGP,51,27.8,3.499999999999999
HOPV15,NARGP,51,27.9,3.499999999999999
HOPV15,NARGP,51,28.0,3.499999999999999
HOPV15,NARGP,51,28.1,3.499999999999999
HOPV15,NARGP,51,28.2,3.499999999999999
HOPV15,NARGP,51,28.3,3.499999999999999
HOPV15,NARGP,51,28.4,3.499999999999999
HOPV15,NARGP,51,28.5,3.499999999999999
HOPV15,NARGP,51,29.5,3.499999999999999
HOPV15,NARGP,51,29.6,3.499999999999999
HOPV15,NARGP,51,29.7,3.499999999999999
HOPV15,NARGP,51,29.8,3.499999999999999
HOPV15,NARGP,51,29.9,3.499999999999999
HOPV15,NARGP,52,3.5,3.499999999999999
HOPV15,NARGP,52,3.6,3.499999999999999
HOPV15,NARGP,52,3.7,3.499999999999999
HOPV15,NARGP,52,3.8,3.499999999999999
HOPV15,NARGP,52,3.9,3.499999999999999
HOPV15,NARGP,52,4.0,3.499999999999999
HOPV15,NARGP,52,4.1,3.499999999999999
HOPV15,NARGP,52,4.2,3.499999999999999
HOPV15,NARGP,52,4.3,3.499999999999999
HOPV15,NARGP,52,4.4,3.499999999999999
HOPV15,NARGP,52,4.5,3.499999999999999
HOPV15,NARGP,52,5.5,3.499999999999999
HOPV15,NARGP,52,5.6,3.499999999999999
HOPV15,NARGP,52,5.7,3.499999999999999
HOPV15,NARGP,52,5.8,3.499999999999999
HOPV15,NARGP,52,5.9,3.499999999999999
HOPV15,NARGP,52,6.0,3.499999999999999
HOPV15,NARGP,52,6.1,3.499999999999999
HOPV15,NARGP,52,6.2,3.499999999999999
HOPV15,NARGP,52,6.3,3.499999999999999
HOPV15,NARGP,52,6.4,3.499999999999999
HOPV15,NARGP,52,6.5,3.499999999999999
HOPV15,NARGP,52,7.5,3.499999999999999
HOPV15,NARGP,52,7.6,3.499999999999999
HOPV15,NARGP,52,7.7,3.499999999999999
HOPV15,NARGP,52,7.8,3.499999999999999
HOPV15,NARGP,52,7.9,3.499999999999999
HOPV15,NARGP,52,8.0,3.499999999999999
HOPV15,NARGP,52,8.1,3.499999999999999
HOPV15,NARGP,52,8.2,3.499999999999999
HOPV15,NARGP,52,8.3,3.499999999999999
HOPV15,NARGP,52,8.4,3.499999999999999
HOPV15,NARGP,52,8.5,3.499999999999999
HOPV15,NARGP,52,9.5,3.499999999999999
HOPV15,NARGP,52,9.6,3.499999999999999
HOPV15,NARGP,52,9.7,3.499999999999999
HOPV15,NARGP,52,9.8,3.499999999999999
HOPV15,NARGP,52,9.9,3.499999999999999
HOPV15,NARGP,52,10.0,3.499999999999999
HOPV15,NARGP,52,10.1,3.499999999999999
HOPV15,NARGP,52,10.2,3.499999999999999
HOPV15,NARGP,52,10.3,3.499999999999999
HOPV15,NARGP,52,10.4,3.499999999999999
HOPV15,NARGP,52,10.5,3.499999999999999
HOPV15,NARGP,52,11.5,3.499999999999999
HOPV15,NARGP,52,11.6,3.499999999999999
HOPV15,NARGP,52,11.7,3.499999999999999
HOPV15,NARGP,52,11.8,3.499999999999999
HOPV15,NARGP,52,11.9,3.499999999999999
HOPV15,NARGP,52,12.0,3.499999999999999
HOPV15,NARGP,52,12.1,3.499999999999999
HOPV15,NARGP,52,12.2,3.499999999999999
HOPV15,NARGP,52,12.3,3.499999999999999
HOPV15,NARGP,52,12.4,3.499999999999999
HOPV15,NARGP,52,12.5,3.499999999999999
HOPV15,NARGP,52,13.5,3.499999999999999
HOPV15,NARGP,52,13.6,3.499999999999999
HOPV15,NARGP,52,13.7,3.499999999999999
HOPV15,NARGP,52,13.8,3.499999999999999
HOPV15,NARGP,52,13.9,3.499999999999999
HOPV15,NARGP,52,14.0,3.499999999999999
HOPV15,NARGP,52,14.1,3.499999999999999
HOPV15,NARGP,52,14.2,3.499999999999999
HOPV15,NARGP,52,14.3,3.499999999999999
HOPV15,NARGP,52,14.4,3.499999999999999
HOPV15,NARGP,52,14.5,3.499999999999999
HOPV15,NARGP,52,15.5,3.499999999999999
HOPV15,NARGP,52,15.6,3.499999999999999
HOPV15,NARGP,52,15.7,3.499999999999999
HOPV15,NARGP,52,15.8,3.499999999999999
HOPV15,NARGP,52,15.9,3.499999999999999
HOPV15,NARGP,52,16.0,3.499999999999999
HOPV15,NARGP,52,16.1,3.499999999999999
HOPV15,NARGP,52,16.2,3.499999999999999
HOPV15,NARGP,52,16.3,3.499999999999999
HOPV15,NARGP,52,16.4,3.499999999999999
HOPV15,NARGP,52,16.5,3.499999999999999
HOPV15,NARGP,52,17.5,3.499999999999999
HOPV15,NARGP,52,17.6,3.499999999999999
HOPV15,NARGP,52,17.7,3.499999999999999
HOPV15,NARGP,52,17.8,3.499999999999999
HOPV15,NARGP,52,17.9,3.499999999999999
HOPV15,NARGP,52,18.0,3.499999999999999
HOPV15,NARGP,52,18.1,3.499999999999999
HOPV15,NARGP,52,18.2,3.499999999999999
HOPV15,NARGP,52,18.3,3.499999999999999
HOPV15,NARGP,52,18.4,3.499999999999999
HOPV15,NARGP,52,18.5,3.499999999999999
HOPV15,NARGP,52,19.5,3.499999999999999
HOPV15,NARGP,52,19.6,3.499999999999999
HOPV15,NARGP,52,19.7,3.499999999999999
HOPV15,NARGP,52,19.8,3.499999999999999
HOPV15,NARGP,52,19.9,3.499999999999999
HOPV15,NARGP,52,20.0,3.499999999999999
HOPV15,NARGP,52,20.1,3.499999999999999
HOPV15,NARGP,52,20.2,3.499999999999999
HOPV15,NARGP,52,20.3,3.499999999999999
HOPV15,NARGP,52,20.4,3.499999999999999
HOPV15,NARGP,52,20.5,3.499999999999999
HOPV15,NARGP,52,21.5,3.499999999999999
HOPV15,NARGP,52,21.6,3.499999999999999
HOPV15,NARGP,52,21.7,3.499999999999999
HOPV15,NARGP,52,21.8,3.499999999999999
HOPV15,NARGP,52,21.9,3.499999999999999
HOPV15,NARGP,52,22.0,3.499999999999999
HOPV15,NARGP,52,22.1,3.499999999999999
HOPV15,NARGP,52,22.2,3.499999999999999
HOPV15,NARGP,52,22.3,3.499999999999999
HOPV15,NARGP,52,22.4,3.499999999999999
HOPV15,NARGP,52,22.5,3.499999999999999
HOPV15,NARGP,52,23.5,3.499999999999999
HOPV15,NARGP,52,23.6,3.499999999999999
HOPV15,NARGP,52,23.7,3.499999999999999
HOPV15,NARGP,52,23.8,3.499999999999999
HOPV15,NARGP,52,23.9,3.499999999999999
HOPV15,NARGP,52,24.0,3.499999999999999
HOPV15,NARGP,52,24.1,3.499999999999999
HOPV15,NARGP,52,24.2,3.499999999999999
HOPV15,NARGP,52,24.3,3.499999999999999
HOPV15,NARGP,52,24.4,3.499999999999999
HOPV15,NARGP,52,24.5,3.499999999999999
HOPV15,NARGP,52,25.5,3.499999999999999
HOPV15,NARGP,52,25.6,3.499999999999999
HOPV15,NARGP,52,25.7,3.499999999999999
HOPV15,NARGP,52,25.8,3.499999999999999
HOPV15,NARGP,52,25.9,3.499999999999999
HOPV15,NARGP,52,26.0,3.499999999999999
HOPV15,NARGP,52,26.1,3.499999999999999
HOPV15,NARGP,52,26.2,3.499999999999999
HOPV15,NARGP,52,26.3,3.499999999999999
HOPV15,NARGP,52,26.4,3.499999999999999
HOPV15,NARGP,52,26.5,3.499999999999999
HOPV15,NARGP,52,27.5,3.499999999999999
HOPV15,NARGP,52,27.6,3.499999999999999
HOPV15,NARGP,52,27.7,3.499999999999999
HOPV15,NARGP,52,27.8,3.499999999999999
HOPV15,NARGP,52,27.9,3.499999999999999
HOPV15,NARGP,52,28.0,3.499999999999999
HOPV15,NARGP,52,28.1,3.499999999999999
HOPV15,NARGP,52,28.2,3.499999999999999
HOPV15,NARGP,52,28.3,3.499999999999999
HOPV15,NARGP,52,28.4,3.499999999999999
HOPV15,NARGP,52,28.5,3.499999999999999
HOPV15,NARGP,52,29.5,3.499999999999999
HOPV15,NARGP,52,29.6,3.499999999999999
HOPV15,NARGP,52,29.7,3.499999999999999
HOPV15,NARGP,52,29.8,3.499999999999999
HOPV15,NARGP,52,29.9,3.499999999999999
HOPV15,NARGP,50,3.5,5.919999999999999
HOPV15,NARGP,50,3.6,5.919999999999999
HOPV15,NARGP,50,3.7,5.919999999999999
HOPV15,NARGP,50,3.8,5.919999999999999
HOPV15,NARGP,50,3.9,5.919999999999999
HOPV15,NARGP,50,4.0,5.919999999999999
HOPV15,NARGP,50,4.1,5.919999999999999
HOPV15,NARGP,50,4.2,5.919999999999999
HOPV15,NARGP,50,4.3,5.919999999999999
HOPV15,NARGP,50,4.4,5.919999999999999
HOPV15,NARGP,50,4.5,5.919999999999999
HOPV15,NARGP,50,5.5,4.14
HOPV15,NARGP,50,5.6,4.14
HOPV15,NARGP,50,5.7,4.14
HOPV15,NARGP,50,5.8,4.14
HOPV15,NARGP,50,5.9,4.14
HOPV15,NARGP,50,6.0,4.14
HOPV15,NARGP,50,6.1,4.14
HOPV15,NARGP,50,6.2,4.14
HOPV15,NARGP,50,6.3,4.14
HOPV15,NARGP,50,6.4,4.14
HOPV15,NARGP,50,6.5,4.14
HOPV15,NARGP,50,7.5,4.14
HOPV15,NARGP,50,7.6,4.14
HOPV15,NARGP,50,7.7,4.14
HOPV15,NARGP,50,7.8,4.14
HOPV15,NARGP,50,7.9,4.14
HOPV15,NARGP,50,8.0,4.14
HOPV15,NARGP,50,8.1,4.14
HOPV15,NARGP,50,8.2,4.14
HOPV15,NARGP,50,8.3,4.14
HOPV15,NARGP,50,8.4,4.14
HOPV15,NARGP,50,8.5,4.14
HOPV15,NARGP,50,9.5,3.789999999999999
HOPV15,NARGP,50,9.6,3.789999999999999
HOPV15,NARGP,50,9.7,3.789999999999999
HOPV15,NARGP,50,9.8,3.789999999999999
HOPV15,NARGP,50,9.9,3.789999999999999
HOPV15,NARGP,50,10.0,3.789999999999999
HOPV15,NARGP,50,10.1,3.789999999999999
HOPV15,NARGP,50,10.2,3.789999999999999
HOPV15,NARGP,50,10.3,3.789999999999999
HOPV15,NARGP,50,10.4,3.789999999999999
HOPV15,NARGP,50,10.5,3.789999999999999
HOPV15,NARGP,50,11.5,3.789999999999999
HOPV15,NARGP,50,11.6,3.789999999999999
HOPV15,NARGP,50,11.7,3.789999999999999
HOPV15,NARGP,50,11.8,3.789999999999999
HOPV15,NARGP,50,11.9,3.789999999999999
HOPV15,NARGP,50,12.0,3.789999999999999
HOPV15,NARGP,50,12.1,3.789999999999999
HOPV15,NARGP,50,12.2,3.789999999999999
HOPV15,NARGP,50,12.3,3.789999999999999
HOPV15,NARGP,50,12.4,3.789999999999999
HOPV15,NARGP,50,12.5,3.789999999999999
HOPV15,NARGP,50,13.5,3.789999999999999
HOPV15,NARGP,50,13.6,3.789999999999999
HOPV15,NARGP,50,13.7,3.789999999999999
HOPV15,NARGP,50,13.8,3.789999999999999
HOPV15,NARGP,50,13.9,3.789999999999999
HOPV15,NARGP,50,14.0,3.789999999999999
HOPV15,NARGP,50,14.1,3.789999999999999
HOPV15,NARGP,50,14.2,3.789999999999999
HOPV15,NARGP,50,14.3,3.789999999999999
HOPV15,NARGP,50,14.4,3.789999999999999
HOPV15,NARGP,50,14.5,3.789999999999999
HOPV15,NARGP,50,15.5,3.789999999999999
HOPV15,NARGP,50,15.6,3.789999999999999
HOPV15,NARGP,50,15.7,3.789999999999999
HOPV15,NARGP,50,15.8,3.789999999999999
HOPV15,NARGP,50,15.9,3.789999999999999
HOPV15,NARGP,50,16.0,3.789999999999999
HOPV15,NARGP,50,16.1,3.789999999999999
HOPV15,NARGP,50,16.2,3.789999999999999
HOPV15,NARGP,50,16.3,3.789999999999999
HOPV15,NARGP,50,16.4,3.789999999999999
HOPV15,NARGP,50,16.5,3.789999999999999
HOPV15,NARGP,50,17.5,3.789999999999999
HOPV15,NARGP,50,17.6,3.789999999999999
HOPV15,NARGP,50,17.7,3.789999999999999
HOPV15,NARGP,50,17.8,3.789999999999999
HOPV15,NARGP,50,17.9,3.789999999999999
HOPV15,NARGP,50,18.0,3.789999999999999
HOPV15,NARGP,50,18.1,3.789999999999999
HOPV15,NARGP,50,18.2,3.789999999999999
HOPV15,NARGP,50,18.3,3.789999999999999
HOPV15,NARGP,50,18.4,3.789999999999999
HOPV15,NARGP,50,18.5,3.789999999999999
HOPV15,NARGP,50,19.5,3.789999999999999
HOPV15,NARGP,50,19.6,3.789999999999999
HOPV15,NARGP,50,19.7,3.789999999999999
HOPV15,NARGP,50,19.8,3.789999999999999
HOPV15,NARGP,50,19.9,3.789999999999999
HOPV15,NARGP,50,20.0,3.789999999999999
HOPV15,NARGP,50,20.1,3.789999999999999
HOPV15,NARGP,50,20.2,3.789999999999999
HOPV15,NARGP,50,20.3,3.789999999999999
HOPV15,NARGP,50,20.4,3.789999999999999
HOPV15,NARGP,50,20.5,3.789999999999999
HOPV15,NARGP,50,21.5,3.789999999999999
HOPV15,NARGP,50,21.6,3.789999999999999
HOPV15,NARGP,50,21.7,3.789999999999999
HOPV15,NARGP,50,21.8,3.789999999999999
HOPV15,NARGP,50,21.9,3.789999999999999
HOPV15,NARGP,50,22.0,3.789999999999999
HOPV15,NARGP,50,22.1,3.789999999999999
HOPV15,NARGP,50,22.2,3.789999999999999
HOPV15,NARGP,50,22.3,3.789999999999999
HOPV15,NARGP,50,22.4,3.789999999999999
HOPV15,NARGP,50,22.5,3.789999999999999
HOPV15,NARGP,50,23.5,3.789999999999999
HOPV15,NARGP,50,23.6,3.789999999999999
HOPV15,NARGP,50,23.7,3.789999999999999
HOPV15,NARGP,50,23.8,3.789999999999999
HOPV15,NARGP,50,23.9,3.789999999999999
HOPV15,NARGP,50,24.0,3.789999999999999
HOPV15,NARGP,50,24.1,3.789999999999999
HOPV15,NARGP,50,24.2,3.789999999999999
HOPV15,NARGP,50,24.3,3.789999999999999
HOPV15,NARGP,50,24.4,3.789999999999999
HOPV15,NARGP,50,24.5,3.789999999999999
HOPV15,NARGP,50,25.5,3.789999999999999
HOPV15,NARGP,50,25.6,3.789999999999999
HOPV15,NARGP,50,25.7,3.789999999999999
HOPV15,NARGP,50,25.8,3.789999999999999
HOPV15,NARGP,50,25.9,3.789999999999999
HOPV15,NARGP,50,26.0,3.789999999999999
HOPV15,NARGP,50,26.1,3.789999999999999
HOPV15,NARGP,50,26.2,3.789999999999999
HOPV15,NARGP,50,26.3,3.789999999999999
HOPV15,NARGP,50,26.4,3.789999999999999
HOPV15,NARGP,50,26.5,3.789999999999999
HOPV15,NARGP,50,27.5,3.789999999999999
HOPV15,NARGP,50,27.6,3.789999999999999
HOPV15,NARGP,50,27.7,3.789999999999999
HOPV15,NARGP,50,27.8,3.789999999999999
HOPV15,NARGP,50,27.9,3.789999999999999
HOPV15,NARGP,50,28.0,3.789999999999999
HOPV15,NARGP,50,28.1,3.789999999999999
HOPV15,NARGP,50,28.2,3.789999999999999
HOPV15,NARGP,50,28.3,3.789999999999999
HOPV15,NARGP,50,28.4,3.789999999999999
HOPV15,NARGP,50,28.5,3.789999999999999
HOPV15,NARGP,50,29.5,3.2799999999999994
HOPV15,NARGP,50,29.6,3.2799999999999994
HOPV15,NARGP,50,29.7,3.2799999999999994
HOPV15,NARGP,50,29.8,3.2799999999999994
HOPV15,NARGP,50,29.9,3.2799999999999994
HOPV15,NARGP,53,3.5,6.329999999999999
HOPV15,NARGP,53,3.6,6.329999999999999
HOPV15,NARGP,53,3.7,6.329999999999999
HOPV15,NARGP,53,3.8,6.329999999999999
HOPV15,NARGP,53,3.9,6.329999999999999
HOPV15,NARGP,53,4.0,6.329999999999999
HOPV15,NARGP,53,4.1,6.329999999999999
HOPV15,NARGP,53,4.2,6.329999999999999
HOPV15,NARGP,53,4.3,6.329999999999999
HOPV15,NARGP,53,4.4,6.329999999999999
HOPV15,NARGP,53,4.5,6.329999999999999
HOPV15,NARGP,53,5.5,5.919999999999999
HOPV15,NARGP,53,5.6,5.919999999999999
HOPV15,NARGP,53,5.7,5.919999999999999
HOPV15,NARGP,53,5.8,5.919999999999999
HOPV15,NARGP,53,5.9,5.919999999999999
HOPV15,NARGP,53,6.0,5.919999999999999
HOPV15,NARGP,53,6.1,5.919999999999999
HOPV15,NARGP,53,6.2,5.919999999999999
HOPV15,NARGP,53,6.3,5.919999999999999
HOPV15,NARGP,53,6.4,5.919999999999999
HOPV15,NARGP,53,6.5,5.919999999999999
HOPV15,NARGP,53,7.5,4.14
HOPV15,NARGP,53,7.6,4.14
HOPV15,NARGP,53,7.7,4.14
HOPV15,NARGP,53,7.8,4.14
HOPV15,NARGP,53,7.9,4.14
HOPV15,NARGP,53,8.0,4.14
HOPV15,NARGP,53,8.1,4.14
HOPV15,NARGP,53,8.2,4.14
HOPV15,NARGP,53,8.3,4.14
HOPV15,NARGP,53,8.4,4.14
HOPV15,NARGP,53,8.5,4.14
HOPV15,NARGP,53,9.5,4.14
HOPV15,NARGP,53,9.6,4.14
HOPV15,NARGP,53,9.7,4.14
HOPV15,NARGP,53,9.8,4.14
HOPV15,NARGP,53,9.9,4.14
HOPV15,NARGP,53,10.0,4.14
HOPV15,NARGP,53,10.1,4.14
HOPV15,NARGP,53,10.2,4.14
HOPV15,NARGP,53,10.3,4.14
HOPV15,NARGP,53,10.4,4.14
HOPV15,NARGP,53,10.5,4.14
HOPV15,NARGP,53,11.5,3.789999999999999
HOPV15,NARGP,53,11.6,3.789999999999999
HOPV15,NARGP,53,11.7,3.789999999999999
HOPV15,NARGP,53,11.8,3.789999999999999
HOPV15,NARGP,53,11.9,3.789999999999999
HOPV15,NARGP,53,12.0,3.789999999999999
HOPV15,NARGP,53,12.1,3.789999999999999
HOPV15,NARGP,53,12.2,3.789999999999999
HOPV15,NARGP,53,12.3,3.789999999999999
HOPV15,NARGP,53,12.4,3.789999999999999
HOPV15,NARGP,53,12.5,3.789999999999999
HOPV15,NARGP,53,13.5,3.789999999999999
HOPV15,NARGP,53,13.6,3.789999999999999
HOPV15,NARGP,53,13.7,3.789999999999999
HOPV15,NARGP,53,13.8,3.789999999999999
HOPV15,NARGP,53,13.9,3.789999999999999
HOPV15,NARGP,53,14.0,3.789999999999999
HOPV15,NARGP,53,14.1,3.789999999999999
HOPV15,NARGP,53,14.2,3.789999999999999
HOPV15,NARGP,53,14.3,3.789999999999999
HOPV15,NARGP,53,14.4,3.789999999999999
HOPV15,NARGP,53,14.5,3.789999999999999
HOPV15,NARGP,53,15.5,3.789999999999999
HOPV15,NARGP,53,15.6,3.789999999999999
HOPV15,NARGP,53,15.7,3.789999999999999
HOPV15,NARGP,53,15.8,3.789999999999999
HOPV15,NARGP,53,15.9,3.789999999999999
HOPV15,NARGP,53,16.0,3.789999999999999
HOPV15,NARGP,53,16.1,3.789999999999999
HOPV15,NARGP,53,16.2,3.789999999999999
HOPV15,NARGP,53,16.3,3.789999999999999
HOPV15,NARGP,53,16.4,3.789999999999999
HOPV15,NARGP,53,16.5,3.789999999999999
HOPV15,NARGP,53,17.5,3.789999999999999
HOPV15,NARGP,53,17.6,3.789999999999999
HOPV15,NARGP,53,17.7,3.789999999999999
HOPV15,NARGP,53,17.8,3.789999999999999
HOPV15,NARGP,53,17.9,3.789999999999999
HOPV15,NARGP,53,18.0,3.789999999999999
HOPV15,NARGP,53,18.1,3.789999999999999
HOPV15,NARGP,53,18.2,3.789999999999999
HOPV15,NARGP,53,18.3,3.789999999999999
HOPV15,NARGP,53,18.4,3.789999999999999
HOPV15,NARGP,53,18.5,3.789999999999999
HOPV15,NARGP,53,19.5,3.789999999999999
HOPV15,NARGP,53,19.6,3.789999999999999
HOPV15,NARGP,53,19.7,3.789999999999999
HOPV15,NARGP,53,19.8,3.789999999999999
HOPV15,NARGP,53,19.9,3.789999999999999
HOPV15,NARGP,53,20.0,3.789999999999999
HOPV15,NARGP,53,20.1,3.789999999999999
HOPV15,NARGP,53,20.2,3.789999999999999
HOPV15,NARGP,53,20.3,3.789999999999999
HOPV15,NARGP,53,20.4,3.789999999999999
HOPV15,NARGP,53,20.5,3.789999999999999
HOPV15,NARGP,53,21.5,3.789999999999999
HOPV15,NARGP,53,21.6,3.789999999999999
HOPV15,NARGP,53,21.7,3.789999999999999
HOPV15,NARGP,53,21.8,3.789999999999999
HOPV15,NARGP,53,21.9,3.789999999999999
HOPV15,NARGP,53,22.0,3.789999999999999
HOPV15,NARGP,53,22.1,3.789999999999999
HOPV15,NARGP,53,22.2,3.789999999999999
HOPV15,NARGP,53,22.3,3.789999999999999
HOPV15,NARGP,53,22.4,3.789999999999999
HOPV15,NARGP,53,22.5,3.789999999999999
HOPV15,NARGP,53,23.5,3.789999999999999
HOPV15,NARGP,53,23.6,3.789999999999999
HOPV15,NARGP,53,23.7,3.789999999999999
HOPV15,NARGP,53,23.8,3.789999999999999
HOPV15,NARGP,53,23.9,3.789999999999999
HOPV15,NARGP,53,24.0,3.789999999999999
HOPV15,NARGP,53,24.1,3.789999999999999
HOPV15,NARGP,53,24.2,3.789999999999999
HOPV15,NARGP,53,24.3,3.789999999999999
HOPV15,NARGP,53,24.4,3.789999999999999
HOPV15,NARGP,53,24.5,3.789999999999999
HOPV15,NARGP,53,25.5,3.789999999999999
HOPV15,NARGP,53,25.6,3.789999999999999
HOPV15,NARGP,53,25.7,3.789999999999999
HOPV15,NARGP,53,25.8,3.789999999999999
HOPV15,NARGP,53,25.9,3.789999999999999
HOPV15,NARGP,53,26.0,3.789999999999999
HOPV15,NARGP,53,26.1,3.789999999999999
HOPV15,NARGP,53,26.2,3.789999999999999
HOPV15,NARGP,53,26.3,3.789999999999999
HOPV15,NARGP,53,26.4,3.789999999999999
HOPV15,NARGP,53,26.5,3.789999999999999
HOPV15,NARGP,53,27.5,3.789999999999999
HOPV15,NARGP,53,27.6,3.789999999999999
HOPV15,NARGP,53,27.7,3.789999999999999
HOPV15,NARGP,53,27.8,3.789999999999999
HOPV15,NARGP,53,27.9,3.789999999999999
HOPV15,NARGP,53,28.0,3.789999999999999
HOPV15,NARGP,53,28.1,3.789999999999999
HOPV15,NARGP,53,28.2,3.789999999999999
HOPV15,NARGP,53,28.3,3.789999999999999
HOPV15,NARGP,53,28.4,3.789999999999999
HOPV15,NARGP,53,28.5,3.789999999999999
HOPV15,NARGP,53,29.5,3.789999999999999
HOPV15,NARGP,53,29.6,3.789999999999999
HOPV15,NARGP,53,29.7,3.789999999999999
HOPV15,NARGP,53,29.8,3.789999999999999
HOPV15,NARGP,53,29.9,3.789999999999999
HOPV15,NARGP,49,3.5,5.069999999999999
HOPV15,NARGP,49,3.6,5.069999999999999
HOPV15,NARGP,49,3.7,5.069999999999999
HOPV15,NARGP,49,3.8,5.069999999999999
HOPV15,NARGP,49,3.9,5.069999999999999
HOPV15,NARGP,49,4.0,5.069999999999999
HOPV15,NARGP,49,4.1,5.069999999999999
HOPV15,NARGP,49,4.2,5.069999999999999
HOPV15,NARGP,49,4.3,5.069999999999999
HOPV15,NARGP,49,4.4,5.069999999999999
HOPV15,NARGP,49,4.5,5.069999999999999
HOPV15,NARGP,49,5.5,5.069999999999999
HOPV15,NARGP,49,5.6,5.069999999999999
HOPV15,NARGP,49,5.7,5.069999999999999
HOPV15,NARGP,49,5.8,5.069999999999999
HOPV15,NARGP,49,5.9,5.069999999999999
HOPV15,NARGP,49,6.0,5.069999999999999
HOPV15,NARGP,49,6.1,5.069999999999999
HOPV15,NARGP,49,6.2,5.069999999999999
HOPV15,NARGP,49,6.3,5.069999999999999
HOPV15,NARGP,49,6.4,5.069999999999999
HOPV15,NARGP,49,6.5,5.069999999999999
HOPV15,NARGP,49,7.5,4.319999999999999
HOPV15,NARGP,49,7.6,4.319999999999999
HOPV15,NARGP,49,7.7,4.319999999999999
HOPV15,NARGP,49,7.8,4.319999999999999
HOPV15,NARGP,49,7.9,4.319999999999999
HOPV15,NARGP,49,8.0,4.319999999999999
HOPV15,NARGP,49,8.1,4.319999999999999
HOPV15,NARGP,49,8.2,4.319999999999999
HOPV15,NARGP,49,8.3,4.319999999999999
HOPV15,NARGP,49,8.4,4.319999999999999
HOPV15,NARGP,49,8.5,4.319999999999999
HOPV15,NARGP,49,9.5,4.319999999999999
HOPV15,NARGP,49,9.6,4.319999999999999
HOPV15,NARGP,49,9.7,4.319999999999999
HOPV15,NARGP,49,9.8,4.319999999999999
HOPV15,NARGP,49,9.9,4.319999999999999
HOPV15,NARGP,49,10.0,4.319999999999999
HOPV15,NARGP,49,10.1,4.319999999999999
HOPV15,NARGP,49,10.2,4.319999999999999
HOPV15,NARGP,49,10.3,4.319999999999999
HOPV15,NARGP,49,10.4,4.319999999999999
HOPV15,NARGP,49,10.5,4.319999999999999
HOPV15,NARGP,49,11.5,4.319999999999999
HOPV15,NARGP,49,11.6,4.319999999999999
HOPV15,NARGP,49,11.7,4.319999999999999
HOPV15,NARGP,49,11.8,4.319999999999999
HOPV15,NARGP,49,11.9,4.319999999999999
HOPV15,NARGP,49,12.0,4.319999999999999
HOPV15,NARGP,49,12.1,4.319999999999999
HOPV15,NARGP,49,12.2,4.319999999999999
HOPV15,NARGP,49,12.3,4.319999999999999
HOPV15,NARGP,49,12.4,4.319999999999999
HOPV15,NARGP,49,12.5,4.319999999999999
HOPV15,NARGP,49,13.5,4.319999999999999
HOPV15,NARGP,49,13.6,4.319999999999999
HOPV15,NARGP,49,13.7,4.319999999999999
HOPV15,NARGP,49,13.8,4.319999999999999
HOPV15,NARGP,49,13.9,4.319999999999999
HOPV15,NARGP,49,14.0,4.319999999999999
HOPV15,NARGP,49,14.1,4.319999999999999
HOPV15,NARGP,49,14.2,4.319999999999999
HOPV15,NARGP,49,14.3,4.319999999999999
HOPV15,NARGP,49,14.4,4.319999999999999
HOPV15,NARGP,49,14.5,4.319999999999999
HOPV15,NARGP,49,15.5,4.319999999999999
HOPV15,NARGP,49,15.6,4.319999999999999
HOPV15,NARGP,49,15.7,4.319999999999999
HOPV15,NARGP,49,15.8,4.319999999999999
HOPV15,NARGP,49,15.9,4.319999999999999
HOPV15,NARGP,49,16.0,4.319999999999999
HOPV15,NARGP,49,16.1,4.319999999999999
HOPV15,NARGP,49,16.2,4.319999999999999
HOPV15,NARGP,49,16.3,4.319999999999999
HOPV15,NARGP,49,16.4,4.319999999999999
HOPV15,NARGP,49,16.5,4.319999999999999
HOPV15,NARGP,49,17.5,4.319999999999999
HOPV15,NARGP,49,17.6,4.319999999999999
HOPV15,NARGP,49,17.7,4.319999999999999
HOPV15,NARGP,49,17.8,4.319999999999999
HOPV15,NARGP,49,17.9,4.319999999999999
HOPV15,NARGP,49,18.0,4.319999999999999
HOPV15,NARGP,49,18.1,4.319999999999999
HOPV15,NARGP,49,18.2,4.319999999999999
HOPV15,NARGP,49,18.3,4.319999999999999
HOPV15,NARGP,49,18.4,4.319999999999999
HOPV15,NARGP,49,18.5,4.319999999999999
HOPV15,NARGP,49,19.5,4.319999999999999
HOPV15,NARGP,49,19.6,4.319999999999999
HOPV15,NARGP,49,19.7,4.319999999999999
HOPV15,NARGP,49,19.8,4.319999999999999
HOPV15,NARGP,49,19.9,4.319999999999999
HOPV15,NARGP,49,20.0,4.319999999999999
HOPV15,NARGP,49,20.1,4.319999999999999
HOPV15,NARGP,49,20.2,4.319999999999999
HOPV15,NARGP,49,20.3,4.319999999999999
HOPV15,NARGP,49,20.4,4.319999999999999
HOPV15,NARGP,49,20.5,4.319999999999999
HOPV15,NARGP,49,21.5,4.319999999999999
HOPV15,NARGP,49,21.6,4.319999999999999
HOPV15,NARGP,49,21.7,4.319999999999999
HOPV15,NARGP,49,21.8,4.319999999999999
HOPV15,NARGP,49,21.9,4.319999999999999
HOPV15,NARGP,49,22.0,4.319999999999999
HOPV15,NARGP,49,22.1,4.319999999999999
HOPV15,NARGP,49,22.2,4.319999999999999
HOPV15,NARGP,49,22.3,4.319999999999999
HOPV15,NARGP,49,22.4,4.319999999999999
HOPV15,NARGP,49,22.5,4.319999999999999
HOPV15,NARGP,49,23.5,4.039999999999999
HOPV15,NARGP,49,23.6,4.039999999999999
HOPV15,NARGP,49,23.7,4.039999999999999
HOPV15,NARGP,49,23.8,4.039999999999999
HOPV15,NARGP,49,23.9,4.039999999999999
HOPV15,NARGP,49,24.0,4.039999999999999
HOPV15,NARGP,49,24.1,4.039999999999999
HOPV15,NARGP,49,24.2,4.039999999999999
HOPV15,NARGP,49,24.3,4.039999999999999
HOPV15,NARGP,49,24.4,4.039999999999999
HOPV15,NARGP,49,24.5,4.039999999999999
HOPV15,NARGP,49,25.5,4.039999999999999
HOPV15,NARGP,49,25.6,4.039999999999999
HOPV15,NARGP,49,25.7,4.039999999999999
HOPV15,NARGP,49,25.8,4.039999999999999
HOPV15,NARGP,49,25.9,4.039999999999999
HOPV15,NARGP,49,26.0,4.039999999999999
HOPV15,NARGP,49,26.1,4.039999999999999
HOPV15,NARGP,49,26.2,4.039999999999999
HOPV15,NARGP,49,26.3,4.039999999999999
HOPV15,NARGP,49,26.4,4.039999999999999
HOPV15,NARGP,49,26.5,4.039999999999999
HOPV15,NARGP,49,27.5,4.039999999999999
HOPV15,NARGP,49,27.6,4.039999999999999
HOPV15,NARGP,49,27.7,4.039999999999999
HOPV15,NARGP,49,27.8,4.039999999999999
HOPV15,NARGP,49,27.9,4.039999999999999
HOPV15,NARGP,49,28.0,4.039999999999999
HOPV15,NARGP,49,28.1,4.039999999999999
HOPV15,NARGP,49,28.2,4.039999999999999
HOPV15,NARGP,49,28.3,4.039999999999999
HOPV15,NARGP,49,28.4,4.039999999999999
HOPV15,NARGP,49,28.5,4.039999999999999
HOPV15,NARGP,49,29.5,4.039999999999999
HOPV15,NARGP,49,29.6,4.039999999999999
HOPV15,NARGP,49,29.7,4.039999999999999
HOPV15,NARGP,49,29.8,4.039999999999999
HOPV15,NARGP,49,29.9,4.039999999999999
HOPV15,NARGP,54,3.5,6.85
HOPV15,NARGP,54,3.6,6.85
HOPV15,NARGP,54,3.7,6.85
HOPV15,NARGP,54,3.8,6.85
HOPV15,NARGP,54,3.9,6.85
HOPV15,NARGP,54,4.0,6.85
HOPV15,NARGP,54,4.1,6.85
HOPV15,NARGP,54,4.2,6.85
HOPV15,NARGP,54,4.3,6.85
HOPV15,NARGP,54,4.4,6.85
HOPV15,NARGP,54,4.5,6.85
HOPV15,NARGP,54,5.5,6.14
HOPV15,NARGP,54,5.6,6.14
HOPV15,NARGP,54,5.7,6.14
HOPV15,NARGP,54,5.8,6.14
HOPV15,NARGP,54,5.9,6.14
HOPV15,NARGP,54,6.0,6.14
HOPV15,NARGP,54,6.1,6.14
HOPV15,NARGP,54,6.2,6.14
HOPV15,NARGP,54,6.3,6.14
HOPV15,NARGP,54,6.4,6.14
HOPV15,NARGP,54,6.5,6.14
HOPV15,NARGP,54,7.5,6.14
HOPV15,NARGP,54,7.6,6.14
HOPV15,NARGP,54,7.7,6.14
HOPV15,NARGP,54,7.8,6.14
HOPV15,NARGP,54,7.9,6.14
HOPV15,NARGP,54,8.0,6.14
HOPV15,NARGP,54,8.1,6.14
HOPV15,NARGP,54,8.2,6.14
HOPV15,NARGP,54,8.3,6.14
HOPV15,NARGP,54,8.4,6.14
HOPV15,NARGP,54,8.5,6.14
HOPV15,NARGP,54,9.5,5.459999999999999
HOPV15,NARGP,54,9.6,5.459999999999999
HOPV15,NARGP,54,9.7,5.459999999999999
HOPV15,NARGP,54,9.8,5.459999999999999
HOPV15,NARGP,54,9.9,5.459999999999999
HOPV15,NARGP,54,10.0,5.459999999999999
HOPV15,NARGP,54,10.1,5.459999999999999
HOPV15,NARGP,54,10.2,5.459999999999999
HOPV15,NARGP,54,10.3,5.459999999999999
HOPV15,NARGP,54,10.4,5.459999999999999
HOPV15,NARGP,54,10.5,5.459999999999999
HOPV15,NARGP,54,11.5,5.459999999999999
HOPV15,NARGP,54,11.6,5.459999999999999
HOPV15,NARGP,54,11.7,5.459999999999999
HOPV15,NARGP,54,11.8,5.459999999999999
HOPV15,NARGP,54,11.9,5.459999999999999
HOPV15,NARGP,54,12.0,5.459999999999999
HOPV15,NARGP,54,12.1,5.459999999999999
HOPV15,NARGP,54,12.2,5.459999999999999
HOPV15,NARGP,54,12.3,5.459999999999999
HOPV15,NARGP,54,12.4,5.459999999999999
HOPV15,NARGP,54,12.5,5.459999999999999
HOPV15,NARGP,54,13.5,5.459999999999999
HOPV15,NARGP,54,13.6,5.459999999999999
HOPV15,NARGP,54,13.7,5.459999999999999
HOPV15,NARGP,54,13.8,5.459999999999999
HOPV15,NARGP,54,13.9,5.459999999999999
HOPV15,NARGP,54,14.0,5.459999999999999
HOPV15,NARGP,54,14.1,5.459999999999999
HOPV15,NARGP,54,14.2,5.459999999999999
HOPV15,NARGP,54,14.3,5.459999999999999
HOPV15,NARGP,54,14.4,5.459999999999999
HOPV15,NARGP,54,14.5,5.459999999999999
HOPV15,NARGP,54,15.5,5.459999999999999
HOPV15,NARGP,54,15.6,5.459999999999999
HOPV15,NARGP,54,15.7,5.459999999999999
HOPV15,NARGP,54,15.8,5.459999999999999
HOPV15,NARGP,54,15.9,5.459999999999999
HOPV15,NARGP,54,16.0,5.459999999999999
HOPV15,NARGP,54,16.1,5.459999999999999
HOPV15,NARGP,54,16.2,5.459999999999999
HOPV15,NARGP,54,16.3,5.459999999999999
HOPV15,NARGP,54,16.4,5.459999999999999
HOPV15,NARGP,54,16.5,5.459999999999999
HOPV15,NARGP,54,17.5,5.459999999999999
HOPV15,NARGP,54,17.6,5.459999999999999
HOPV15,NARGP,54,17.7,5.459999999999999
HOPV15,NARGP,54,17.8,5.459999999999999
HOPV15,NARGP,54,17.9,5.459999999999999
HOPV15,NARGP,54,18.0,5.459999999999999
HOPV15,NARGP,54,18.1,5.459999999999999
HOPV15,NARGP,54,18.2,5.459999999999999
HOPV15,NARGP,54,18.3,5.459999999999999
HOPV15,NARGP,54,18.4,5.459999999999999
HOPV15,NARGP,54,18.5,5.459999999999999
HOPV15,NARGP,54,19.5,5.459999999999999
HOPV15,NARGP,54,19.6,5.459999999999999
HOPV15,NARGP,54,19.7,5.459999999999999
HOPV15,NARGP,54,19.8,5.459999999999999
HOPV15,NARGP,54,19.9,5.459999999999999
HOPV15,NARGP,54,20.0,5.459999999999999
HOPV15,NARGP,54,20.1,5.459999999999999
HOPV15,NARGP,54,20.2,5.459999999999999
HOPV15,NARGP,54,20.3,5.459999999999999
HOPV15,NARGP,54,20.4,5.459999999999999
HOPV15,NARGP,54,20.5,5.459999999999999
HOPV15,NARGP,54,21.5,5.459999999999999
HOPV15,NARGP,54,21.6,5.459999999999999
HOPV15,NARGP,54,21.7,5.459999999999999
HOPV15,NARGP,54,21.8,5.459999999999999
HOPV15,NARGP,54,21.9,5.459999999999999
HOPV15,NARGP,54,22.0,5.459999999999999
HOPV15,NARGP,54,22.1,5.459999999999999
HOPV15,NARGP,54,22.2,5.459999999999999
HOPV15,NARGP,54,22.3,5.459999999999999
HOPV15,NARGP,54,22.4,5.459999999999999
HOPV15,NARGP,54,22.5,5.459999999999999
HOPV15,NARGP,54,23.5,5.459999999999999
HOPV15,NARGP,54,23.6,5.459999999999999
HOPV15,NARGP,54,23.7,5.459999999999999
HOPV15,NARGP,54,23.8,5.459999999999999
HOPV15,NARGP,54,23.9,5.459999999999999
HOPV15,NARGP,54,24.0,5.459999999999999
HOPV15,NARGP,54,24.1,5.459999999999999
HOPV15,NARGP,54,24.2,5.459999999999999
HOPV15,NARGP,54,24.3,5.459999999999999
HOPV15,NARGP,54,24.4,5.459999999999999
HOPV15,NARGP,54,24.5,5.459999999999999
HOPV15,NARGP,54,25.5,5.459999999999999
HOPV15,NARGP,54,25.6,5.459999999999999
HOPV15,NARGP,54,25.7,5.459999999999999
HOPV15,NARGP,54,25.8,5.459999999999999
HOPV15,NARGP,54,25.9,5.459999999999999
HOPV15,NARGP,54,26.0,5.459999999999999
HOPV15,NARGP,54,26.1,5.459999999999999
HOPV15,NARGP,54,26.2,5.459999999999999
HOPV15,NARGP,54,26.3,5.459999999999999
HOPV15,NARGP,54,26.4,5.459999999999999
HOPV15,NARGP,54,26.5,5.459999999999999
HOPV15,NARGP,54,27.5,5.459999999999999
HOPV15,NARGP,54,27.6,5.459999999999999
HOPV15,NARGP,54,27.7,5.459999999999999
HOPV15,NARGP,54,27.8,5.459999999999999
HOPV15,NARGP,54,27.9,5.459999999999999
HOPV15,NARGP,54,28.0,5.459999999999999
HOPV15,NARGP,54,28.1,5.459999999999999
HOPV15,NARGP,54,28.2,5.459999999999999
HOPV15,NARGP,54,28.3,5.459999999999999
HOPV15,NARGP,54,28.4,5.459999999999999
HOPV15,NARGP,54,28.5,5.459999999999999
HOPV15,NARGP,54,29.5,5.459999999999999
HOPV15,NARGP,54,29.6,5.459999999999999
HOPV15,NARGP,54,29.7,5.459999999999999
HOPV15,NARGP,54,29.8,5.459999999999999
HOPV15,NARGP,54,29.9,5.459999999999999
HOPV15,NARGP,55,3.5,6.85
HOPV15,NARGP,55,3.6,6.85
HOPV15,NARGP,55,3.7,6.85
HOPV15,NARGP,55,3.8,6.85
HOPV15,NARGP,55,3.9,6.85
HOPV15,NARGP,55,4.0,6.85
HOPV15,NARGP,55,4.1,6.85
HOPV15,NARGP,55,4.2,6.85
HOPV15,NARGP,55,4.3,6.85
HOPV15,NARGP,55,4.4,6.85
HOPV15,NARGP,55,4.5,6.85
HOPV15,NARGP,55,5.5,6.14
HOPV15,NARGP,55,5.6,6.14
HOPV15,NARGP,55,5.7,6.14
HOPV15,NARGP,55,5.8,6.14
HOPV15,NARGP,55,5.9,6.14
HOPV15,NARGP,55,6.0,6.14
HOPV15,NARGP,55,6.1,6.14
HOPV15,NARGP,55,6.2,6.14
HOPV15,NARGP,55,6.3,6.14
HOPV15,NARGP,55,6.4,6.14
HOPV15,NARGP,55,6.5,6.14
HOPV15,NARGP,55,7.5,6.14
HOPV15,NARGP,55,7.6,6.14
HOPV15,NARGP,55,7.7,6.14
HOPV15,NARGP,55,7.8,6.14
HOPV15,NARGP,55,7.9,6.14
HOPV15,NARGP,55,8.0,6.14
HOPV15,NARGP,55,8.1,6.14
HOPV15,NARGP,55,8.2,6.14
HOPV15,NARGP,55,8.3,6.14
HOPV15,NARGP,55,8.4,6.14
HOPV15,NARGP,55,8.5,6.14
HOPV15,NARGP,55,9.5,5.459999999999999
HOPV15,NARGP,55,9.6,5.459999999999999
HOPV15,NARGP,55,9.7,5.459999999999999
HOPV15,NARGP,55,9.8,5.459999999999999
HOPV15,NARGP,55,9.9,5.459999999999999
HOPV15,NARGP,55,10.0,5.459999999999999
HOPV15,NARGP,55,10.1,5.459999999999999
HOPV15,NARGP,55,10.2,5.459999999999999
HOPV15,NARGP,55,10.3,5.459999999999999
HOPV15,NARGP,55,10.4,5.459999999999999
HOPV15,NARGP,55,10.5,5.459999999999999
HOPV15,NARGP,55,11.5,5.459999999999999
HOPV15,NARGP,55,11.6,5.459999999999999
HOPV15,NARGP,55,11.7,5.459999999999999
HOPV15,NARGP,55,11.8,5.459999999999999
HOPV15,NARGP,55,11.9,5.459999999999999
HOPV15,NARGP,55,12.0,5.459999999999999
HOPV15,NARGP,55,12.1,5.459999999999999
HOPV15,NARGP,55,12.2,5.459999999999999
HOPV15,NARGP,55,12.3,5.459999999999999
HOPV15,NARGP,55,12.4,5.459999999999999
HOPV15,NARGP,55,12.5,5.459999999999999
HOPV15,NARGP,55,13.5,5.459999999999999
HOPV15,NARGP,55,13.6,5.459999999999999
HOPV15,NARGP,55,13.7,5.459999999999999
HOPV15,NARGP,55,13.8,5.459999999999999
HOPV15,NARGP,55,13.9,5.459999999999999
HOPV15,NARGP,55,14.0,5.459999999999999
HOPV15,NARGP,55,14.1,5.459999999999999
HOPV15,NARGP,55,14.2,5.459999999999999
HOPV15,NARGP,55,14.3,5.459999999999999
HOPV15,NARGP,55,14.4,5.459999999999999
HOPV15,NARGP,55,14.5,5.459999999999999
HOPV15,NARGP,55,15.5,5.459999999999999
HOPV15,NARGP,55,15.6,5.459999999999999
HOPV15,NARGP,55,15.7,5.459999999999999
HOPV15,NARGP,55,15.8,5.459999999999999
HOPV15,NARGP,55,15.9,5.459999999999999
HOPV15,NARGP,55,16.0,5.459999999999999
HOPV15,NARGP,55,16.1,5.459999999999999
HOPV15,NARGP,55,16.2,5.459999999999999
HOPV15,NARGP,55,16.3,5.459999999999999
HOPV15,NARGP,55,16.4,5.459999999999999
HOPV15,NARGP,55,16.5,5.459999999999999
HOPV15,NARGP,55,17.5,2.799999999999999
HOPV15,NARGP,55,17.6,2.799999999999999
HOPV15,NARGP,55,17.7,2.799999999999999
HOPV15,NARGP,55,17.8,2.799999999999999
HOPV15,NARGP,55,17.9,2.799999999999999
HOPV15,NARGP,55,18.0,2.799999999999999
HOPV15,NARGP,55,18.1,2.799999999999999
HOPV15,NARGP,55,18.2,2.799999999999999
HOPV15,NARGP,55,18.3,2.799999999999999
HOPV15,NARGP,55,18.4,2.799999999999999
HOPV15,NARGP,55,18.5,2.799999999999999
HOPV15,NARGP,55,19.5,2.469999999999999
HOPV15,NARGP,55,19.6,2.469999999999999
HOPV15,NARGP,55,19.7,2.469999999999999
HOPV15,NARGP,55,19.8,2.469999999999999
HOPV15,NARGP,55,19.9,2.469999999999999
HOPV15,NARGP,55,20.0,2.469999999999999
HOPV15,NARGP,55,20.1,2.469999999999999
HOPV15,NARGP,55,20.2,2.469999999999999
HOPV15,NARGP,55,20.3,2.469999999999999
HOPV15,NARGP,55,20.4,2.469999999999999
HOPV15,NARGP,55,20.5,2.469999999999999
HOPV15,NARGP,55,21.5,2.469999999999999
HOPV15,NARGP,55,21.6,2.469999999999999
HOPV15,NARGP,55,21.7,2.469999999999999
HOPV15,NARGP,55,21.8,2.469999999999999
HOPV15,NARGP,55,21.9,2.469999999999999
HOPV15,NARGP,55,22.0,2.469999999999999
HOPV15,NARGP,55,22.1,2.469999999999999
HOPV15,NARGP,55,22.2,2.469999999999999
HOPV15,NARGP,55,22.3,2.469999999999999
HOPV15,NARGP,55,22.4,2.469999999999999
HOPV15,NARGP,55,22.5,2.469999999999999
HOPV15,NARGP,55,23.5,2.469999999999999
HOPV15,NARGP,55,23.6,2.469999999999999
HOPV15,NARGP,55,23.7,2.469999999999999
HOPV15,NARGP,55,23.8,2.469999999999999
HOPV15,NARGP,55,23.9,2.469999999999999
HOPV15,NARGP,55,24.0,2.469999999999999
HOPV15,NARGP,55,24.1,2.469999999999999
HOPV15,NARGP,55,24.2,2.469999999999999
HOPV15,NARGP,55,24.3,2.469999999999999
HOPV15,NARGP,55,24.4,2.469999999999999
HOPV15,NARGP,55,24.5,2.469999999999999
HOPV15,NARGP,55,25.5,2.469999999999999
HOPV15,NARGP,55,25.6,2.469999999999999
HOPV15,NARGP,55,25.7,2.469999999999999
HOPV15,NARGP,55,25.8,2.469999999999999
HOPV15,NARGP,55,25.9,2.469999999999999
HOPV15,NARGP,55,26.0,2.469999999999999
HOPV15,NARGP,55,26.1,2.469999999999999
HOPV15,NARGP,55,26.2,2.469999999999999
HOPV15,NARGP,55,26.3,2.469999999999999
HOPV15,NARGP,55,26.4,2.469999999999999
HOPV15,NARGP,55,26.5,2.469999999999999
HOPV15,NARGP,55,27.5,0.0
HOPV15,NARGP,55,27.6,0.0
HOPV15,NARGP,55,27.7,0.0
HOPV15,NARGP,55,27.8,0.0
HOPV15,NARGP,55,27.9,0.0
HOPV15,NARGP,55,28.0,0.0
HOPV15,NARGP,55,28.1,0.0
HOPV15,NARGP,55,28.2,0.0
HOPV15,NARGP,55,28.3,0.0
HOPV15,NARGP,55,28.4,0.0
HOPV15,NARGP,55,28.5,0.0
HOPV15,NARGP,55,29.5,0.0
HOPV15,NARGP,55,29.6,0.0
HOPV15,NARGP,55,29.7,0.0
HOPV15,NARGP,55,29.8,0.0
HOPV15,NARGP,55,29.9,0.0
HOPV15,NARGP,57,3.5,6.85
HOPV15,NARGP,57,3.6,6.85
HOPV15,NARGP,57,3.7,6.85
HOPV15,NARGP,57,3.8,6.85
HOPV15,NARGP,57,3.9,6.85
HOPV15,NARGP,57,4.0,6.85
HOPV15,NARGP,57,4.1,6.85
HOPV15,NARGP,57,4.2,6.85
HOPV15,NARGP,57,4.3,6.85
HOPV15,NARGP,57,4.4,6.85
HOPV15,NARGP,57,4.5,6.85
HOPV15,NARGP,57,5.5,6.14
HOPV15,NARGP,57,5.6,6.14
HOPV15,NARGP,57,5.7,6.14
HOPV15,NARGP,57,5.8,6.14
HOPV15,NARGP,57,5.9,6.14
HOPV15,NARGP,57,6.0,6.14
HOPV15,NARGP,57,6.1,6.14
HOPV15,NARGP,57,6.2,6.14
HOPV15,NARGP,57,6.3,6.14
HOPV15,NARGP,57,6.4,6.14
HOPV15,NARGP,57,6.5,6.14
HOPV15,NARGP,57,7.5,6.14
HOPV15,NARGP,57,7.6,6.14
HOPV15,NARGP,57,7.7,6.14
HOPV15,NARGP,57,7.8,6.14
HOPV15,NARGP,57,7.9,6.14
HOPV15,NARGP,57,8.0,6.14
HOPV15,NARGP,57,8.1,6.14
HOPV15,NARGP,57,8.2,6.14
HOPV15,NARGP,57,8.3,6.14
HOPV15,NARGP,57,8.4,6.14
HOPV15,NARGP,57,8.5,6.14
HOPV15,NARGP,57,9.5,3.499999999999999
HOPV15,NARGP,57,9.6,3.499999999999999
HOPV15,NARGP,57,9.7,3.499999999999999
HOPV15,NARGP,57,9.8,3.499999999999999
HOPV15,NARGP,57,9.9,3.499999999999999
HOPV15,NARGP,57,10.0,3.499999999999999
HOPV15,NARGP,57,10.1,3.499999999999999
HOPV15,NARGP,57,10.2,3.499999999999999
HOPV15,NARGP,57,10.3,3.499999999999999
HOPV15,NARGP,57,10.4,3.499999999999999
HOPV15,NARGP,57,10.5,3.499999999999999
HOPV15,NARGP,57,11.5,3.1999999999999993
HOPV15,NARGP,57,11.6,3.1999999999999993
HOPV15,NARGP,57,11.7,3.1999999999999993
HOPV15,NARGP,57,11.8,3.1999999999999993
HOPV15,NARGP,57,11.9,3.1999999999999993
HOPV15,NARGP,57,12.0,3.1999999999999993
HOPV15,NARGP,57,12.1,3.1999999999999993
HOPV15,NARGP,57,12.2,3.1999999999999993
HOPV15,NARGP,57,12.3,3.1999999999999993
HOPV15,NARGP,57,12.4,3.1999999999999993
HOPV15,NARGP,57,12.5,3.1999999999999993
HOPV15,NARGP,57,13.5,3.1999999999999993
HOPV15,NARGP,57,13.6,3.1999999999999993
HOPV15,NARGP,57,13.7,3.1999999999999993
HOPV15,NARGP,57,13.8,3.1999999999999993
HOPV15,NARGP,57,13.9,3.1999999999999993
HOPV15,NARGP,57,14.0,3.1999999999999993
HOPV15,NARGP,57,14.1,3.1999999999999993
HOPV15,NARGP,57,14.2,3.1999999999999993
HOPV15,NARGP,57,14.3,3.1999999999999993
HOPV15,NARGP,57,14.4,3.1999999999999993
HOPV15,NARGP,57,14.5,3.1999999999999993
HOPV15,NARGP,57,15.5,2.999999999999999
HOPV15,NARGP,57,15.6,2.999999999999999
HOPV15,NARGP,57,15.7,2.999999999999999
HOPV15,NARGP,57,15.8,2.999999999999999
HOPV15,NARGP,57,15.9,2.999999999999999
HOPV15,NARGP,57,16.0,2.999999999999999
HOPV15,NARGP,57,16.1,2.999999999999999
HOPV15,NARGP,57,16.2,2.999999999999999
HOPV15,NARGP,57,16.3,2.999999999999999
HOPV15,NARGP,57,16.4,2.999999999999999
HOPV15,NARGP,57,16.5,2.999999999999999
HOPV15,NARGP,57,17.5,2.999999999999999
HOPV15,NARGP,57,17.6,2.999999999999999
HOPV15,NARGP,57,17.7,2.999999999999999
HOPV15,NARGP,57,17.8,2.999999999999999
HOPV15,NARGP,57,17.9,2.999999999999999
HOPV15,NARGP,57,18.0,2.999999999999999
HOPV15,NARGP,57,18.1,2.999999999999999
HOPV15,NARGP,57,18.2,2.999999999999999
HOPV15,NARGP,57,18.3,2.999999999999999
HOPV15,NARGP,57,18.4,2.999999999999999
HOPV15,NARGP,57,18.5,2.999999999999999
HOPV15,NARGP,57,19.5,2.4099999999999993
HOPV15,NARGP,57,19.6,2.4099999999999993
HOPV15,NARGP,57,19.7,2.4099999999999993
HOPV15,NARGP,57,19.8,2.4099999999999993
HOPV15,NARGP,57,19.9,2.4099999999999993
HOPV15,NARGP,57,20.0,2.4099999999999993
HOPV15,NARGP,57,20.1,2.4099999999999993
HOPV15,NARGP,57,20.2,2.4099999999999993
HOPV15,NARGP,57,20.3,2.4099999999999993
HOPV15,NARGP,57,20.4,2.4099999999999993
HOPV15,NARGP,57,20.5,2.4099999999999993
HOPV15,NARGP,57,21.5,2.4099999999999993
HOPV15,NARGP,57,21.6,2.4099999999999993
HOPV15,NARGP,57,21.7,2.4099999999999993
HOPV15,NARGP,57,21.8,2.4099999999999993
HOPV15,NARGP,57,21.9,2.4099999999999993
HOPV15,NARGP,57,22.0,2.4099999999999993
HOPV15,NARGP,57,22.1,2.4099999999999993
HOPV15,NARGP,57,22.2,2.4099999999999993
HOPV15,NARGP,57,22.3,2.4099999999999993
HOPV15,NARGP,57,22.4,2.4099999999999993
HOPV15,NARGP,57,22.5,2.4099999999999993
HOPV15,NARGP,57,23.5,2.4099999999999993
HOPV15,NARGP,57,23.6,2.4099999999999993
HOPV15,NARGP,57,23.7,2.4099999999999993
HOPV15,NARGP,57,23.8,2.4099999999999993
HOPV15,NARGP,57,23.9,2.4099999999999993
HOPV15,NARGP,57,24.0,2.4099999999999993
HOPV15,NARGP,57,24.1,2.4099999999999993
HOPV15,NARGP,57,24.2,2.4099999999999993
HOPV15,NARGP,57,24.3,2.4099999999999993
HOPV15,NARGP,57,24.4,2.4099999999999993
HOPV15,NARGP,57,24.5,2.4099999999999993
HOPV15,NARGP,57,25.5,1.5999999999999996
HOPV15,NARGP,57,25.6,1.5999999999999996
HOPV15,NARGP,57,25.7,1.5999999999999996
HOPV15,NARGP,57,25.8,1.5999999999999996
HOPV15,NARGP,57,25.9,1.5999999999999996
HOPV15,NARGP,57,26.0,1.5999999999999996
HOPV15,NARGP,57,26.1,1.5999999999999996
HOPV15,NARGP,57,26.2,1.5999999999999996
HOPV15,NARGP,57,26.3,1.5999999999999996
HOPV15,NARGP,57,26.4,1.5999999999999996
HOPV15,NARGP,57,26.5,1.5999999999999996
HOPV15,NARGP,57,27.5,1.5999999999999996
HOPV15,NARGP,57,27.6,1.5999999999999996
HOPV15,NARGP,57,27.7,1.5999999999999996
HOPV15,NARGP,57,27.8,1.5999999999999996
HOPV15,NARGP,57,27.9,1.5999999999999996
HOPV15,NARGP,57,28.0,1.5999999999999996
HOPV15,NARGP,57,28.1,1.5999999999999996
HOPV15,NARGP,57,28.2,1.5999999999999996
HOPV15,NARGP,57,28.3,1.5999999999999996
HOPV15,NARGP,57,28.4,1.5999999999999996
HOPV15,NARGP,57,28.5,1.5999999999999996
HOPV15,NARGP,57,29.5,1.5999999999999996
HOPV15,NARGP,57,29.6,1.5999999999999996
HOPV15,NARGP,57,29.7,1.5999999999999996
HOPV15,NARGP,57,29.8,1.5999999999999996
HOPV15,NARGP,57,29.9,1.5999999999999996
HOPV15,NARGP,56,3.5,6.14
HOPV15,NARGP,56,3.6,6.14
HOPV15,NARGP,56,3.7,6.14
HOPV15,NARGP,56,3.8,6.14
HOPV15,NARGP,56,3.9,6.14
HOPV15,NARGP,56,4.0,6.14
HOPV15,NARGP,56,4.1,6.14
HOPV15,NARGP,56,4.2,6.14
HOPV15,NARGP,56,4.3,6.14
HOPV15,NARGP,56,4.4,6.14
HOPV15,NARGP,56,4.5,6.14
HOPV15,NARGP,56,5.5,5.9799999999999995
HOPV15,NARGP,56,5.6,5.9799999999999995
HOPV15,NARGP,56,5.7,5.9799999999999995
HOPV15,NARGP,56,5.8,5.9799999999999995
HOPV15,NARGP,56,5.9,5.9799999999999995
HOPV15,NARGP,56,6.0,5.9799999999999995
HOPV15,NARGP,56,6.1,5.9799999999999995
HOPV15,NARGP,56,6.2,5.9799999999999995
HOPV15,NARGP,56,6.3,5.9799999999999995
HOPV15,NARGP,56,6.4,5.9799999999999995
HOPV15,NARGP,56,6.5,5.9799999999999995
HOPV15,NARGP,56,7.5,5.9799999999999995
HOPV15,NARGP,56,7.6,5.9799999999999995
HOPV15,NARGP,56,7.7,5.9799999999999995
HOPV15,NARGP,56,7.8,5.9799999999999995
HOPV15,NARGP,56,7.9,5.9799999999999995
HOPV15,NARGP,56,8.0,5.9799999999999995
HOPV15,NARGP,56,8.1,5.9799999999999995
HOPV15,NARGP,56,8.2,5.9799999999999995
HOPV15,NARGP,56,8.3,5.9799999999999995
HOPV15,NARGP,56,8.4,5.9799999999999995
HOPV15,NARGP,56,8.5,5.9799999999999995
HOPV15,NARGP,56,9.5,5.919999999999999
HOPV15,NARGP,56,9.6,5.919999999999999
HOPV15,NARGP,56,9.7,5.919999999999999
HOPV15,NARGP,56,9.8,5.919999999999999
HOPV15,NARGP,56,9.9,5.919999999999999
HOPV15,NARGP,56,10.0,5.919999999999999
HOPV15,NARGP,56,10.1,5.919999999999999
HOPV15,NARGP,56,10.2,5.919999999999999
HOPV15,NARGP,56,10.3,5.919999999999999
HOPV15,NARGP,56,10.4,5.919999999999999
HOPV15,NARGP,56,10.5,5.919999999999999
HOPV15,NARGP,56,11.5,4.14
HOPV15,NARGP,56,11.6,4.14
HOPV15,NARGP,56,11.7,4.14
HOPV15,NARGP,56,11.8,4.14
HOPV15,NARGP,56,11.9,4.14
HOPV15,NARGP,56,12.0,4.14
HOPV15,NARGP,56,12.1,4.14
HOPV15,NARGP,56,12.2,4.14
HOPV15,NARGP,56,12.3,4.14
HOPV15,NARGP,56,12.4,4.14
HOPV15,NARGP,56,12.5,4.14
HOPV15,NARGP,56,13.5,4.14
HOPV15,NARGP,56,13.6,4.14
HOPV15,NARGP,56,13.7,4.14
HOPV15,NARGP,56,13.8,4.14
HOPV15,NARGP,56,13.9,4.14
HOPV15,NARGP,56,14.0,4.14
HOPV15,NARGP,56,14.1,4.14
HOPV15,NARGP,56,14.2,4.14
HOPV15,NARGP,56,14.3,4.14
HOPV15,NARGP,56,14.4,4.14
HOPV15,NARGP,56,14.5,4.14
HOPV15,NARGP,56,15.5,3.789999999999999
HOPV15,NARGP,56,15.6,3.789999999999999
HOPV15,NARGP,56,15.7,3.789999999999999
HOPV15,NARGP,56,15.8,3.789999999999999
HOPV15,NARGP,56,15.9,3.789999999999999
HOPV15,NARGP,56,16.0,3.789999999999999
HOPV15,NARGP,56,16.1,3.789999999999999
HOPV15,NARGP,56,16.2,3.789999999999999
HOPV15,NARGP,56,16.3,3.789999999999999
HOPV15,NARGP,56,16.4,3.789999999999999
HOPV15,NARGP,56,16.5,3.789999999999999
HOPV15,NARGP,56,17.5,3.789999999999999
HOPV15,NARGP,56,17.6,3.789999999999999
HOPV15,NARGP,56,17.7,3.789999999999999
HOPV15,NARGP,56,17.8,3.789999999999999
HOPV15,NARGP,56,17.9,3.789999999999999
HOPV15,NARGP,56,18.0,3.789999999999999
HOPV15,NARGP,56,18.1,3.789999999999999
HOPV15,NARGP,56,18.2,3.789999999999999
HOPV15,NARGP,56,18.3,3.789999999999999
HOPV15,NARGP,56,18.4,3.789999999999999
HOPV15,NARGP,56,18.5,3.789999999999999
HOPV15,NARGP,56,19.5,3.789999999999999
HOPV15,NARGP,56,19.6,3.789999999999999
HOPV15,NARGP,56,19.7,3.789999999999999
HOPV15,NARGP,56,19.8,3.789999999999999
HOPV15,NARGP,56,19.9,3.789999999999999
HOPV15,NARGP,56,20.0,3.789999999999999
HOPV15,NARGP,56,20.1,3.789999999999999
HOPV15,NARGP,56,20.2,3.789999999999999
HOPV15,NARGP,56,20.3,3.789999999999999
HOPV15,NARGP,56,20.4,3.789999999999999
HOPV15,NARGP,56,20.5,3.789999999999999
HOPV15,NARGP,56,21.5,3.789999999999999
HOPV15,NARGP,56,21.6,3.789999999999999
HOPV15,NARGP,56,21.7,3.789999999999999
HOPV15,NARGP,56,21.8,3.789999999999999
HOPV15,NARGP,56,21.9,3.789999999999999
HOPV15,NARGP,56,22.0,3.789999999999999
HOPV15,NARGP,56,22.1,3.789999999999999
HOPV15,NARGP,56,22.2,3.789999999999999
HOPV15,NARGP,56,22.3,3.789999999999999
HOPV15,NARGP,56,22.4,3.789999999999999
HOPV15,NARGP,56,22.5,3.789999999999999
HOPV15,NARGP,56,23.5,3.789999999999999
HOPV15,NARGP,56,23.6,3.789999999999999
HOPV15,NARGP,56,23.7,3.789999999999999
HOPV15,NARGP,56,23.8,3.789999999999999
HOPV15,NARGP,56,23.9,3.789999999999999
HOPV15,NARGP,56,24.0,3.789999999999999
HOPV15,NARGP,56,24.1,3.789999999999999
HOPV15,NARGP,56,24.2,3.789999999999999
HOPV15,NARGP,56,24.3,3.789999999999999
HOPV15,NARGP,56,24.4,3.789999999999999
HOPV15,NARGP,56,24.5,3.789999999999999
HOPV15,NARGP,56,25.5,3.789999999999999
HOPV15,NARGP,56,25.6,3.789999999999999
HOPV15,NARGP,56,25.7,3.789999999999999
HOPV15,NARGP,56,25.8,3.789999999999999
HOPV15,NARGP,56,25.9,3.789999999999999
HOPV15,NARGP,56,26.0,3.789999999999999
HOPV15,NARGP,56,26.1,3.789999999999999
HOPV15,NARGP,56,26.2,3.789999999999999
HOPV15,NARGP,56,26.3,3.789999999999999
HOPV15,NARGP,56,26.4,3.789999999999999
HOPV15,NARGP,56,26.5,3.789999999999999
HOPV15,NARGP,56,27.5,3.789999999999999
HOPV15,NARGP,56,27.6,3.789999999999999
HOPV15,NARGP,56,27.7,3.789999999999999
HOPV15,NARGP,56,27.8,3.789999999999999
HOPV15,NARGP,56,27.9,3.789999999999999
HOPV15,NARGP,56,28.0,3.789999999999999
HOPV15,NARGP,56,28.1,3.789999999999999
HOPV15,NARGP,56,28.2,3.789999999999999
HOPV15,NARGP,56,28.3,3.789999999999999
HOPV15,NARGP,56,28.4,3.789999999999999
HOPV15,NARGP,56,28.5,3.789999999999999
HOPV15,NARGP,56,29.5,2.6999999999999993
HOPV15,NARGP,56,29.6,2.6999999999999993
HOPV15,NARGP,56,29.7,2.6999999999999993
HOPV15,NARGP,56,29.8,2.6999999999999993
HOPV15,NARGP,56,29.9,2.6999999999999993
HOPV15,NARGP,58,3.5,5.27
HOPV15,NARGP,58,3.6,5.27
HOPV15,NARGP,58,3.7,5.27
HOPV15,NARGP,58,3.8,5.27
HOPV15,NARGP,58,3.9,5.27
HOPV15,NARGP,58,4.0,5.27
HOPV15,NARGP,58,4.1,5.27
HOPV15,NARGP,58,4.2,5.27
HOPV15,NARGP,58,4.3,5.27
HOPV15,NARGP,58,4.4,5.27
HOPV15,NARGP,58,4.5,5.27
HOPV15,NARGP,58,5.5,5.27
HOPV15,NARGP,58,5.6,5.27
HOPV15,NARGP,58,5.7,5.27
HOPV15,NARGP,58,5.8,5.27
HOPV15,NARGP,58,5.9,5.27
HOPV15,NARGP,58,6.0,5.27
HOPV15,NARGP,58,6.1,5.27
HOPV15,NARGP,58,6.2,5.27
HOPV15,NARGP,58,6.3,5.27
HOPV15,NARGP,58,6.4,5.27
HOPV15,NARGP,58,6.5,5.27
HOPV15,NARGP,58,7.5,5.27
HOPV15,NARGP,58,7.6,5.27
HOPV15,NARGP,58,7.7,5.27
HOPV15,NARGP,58,7.8,5.27
HOPV15,NARGP,58,7.9,5.27
HOPV15,NARGP,58,8.0,5.27
HOPV15,NARGP,58,8.1,5.27
HOPV15,NARGP,58,8.2,5.27
HOPV15,NARGP,58,8.3,5.27
HOPV15,NARGP,58,8.4,5.27
HOPV15,NARGP,58,8.5,5.27
HOPV15,NARGP,58,9.5,5.27
HOPV15,NARGP,58,9.6,5.27
HOPV15,NARGP,58,9.7,5.27
HOPV15,NARGP,58,9.8,5.27
HOPV15,NARGP,58,9.9,5.27
HOPV15,NARGP,58,10.0,5.27
HOPV15,NARGP,58,10.1,5.27
HOPV15,NARGP,58,10.2,5.27
HOPV15,NARGP,58,10.3,5.27
HOPV15,NARGP,58,10.4,5.27
HOPV15,NARGP,58,10.5,5.27
HOPV15,NARGP,58,11.5,4.14
HOPV15,NARGP,58,11.6,4.14
HOPV15,NARGP,58,11.7,4.14
HOPV15,NARGP,58,11.8,4.14
HOPV15,NARGP,58,11.9,4.14
HOPV15,NARGP,58,12.0,4.14
HOPV15,NARGP,58,12.1,4.14
HOPV15,NARGP,58,12.2,4.14
HOPV15,NARGP,58,12.3,4.14
HOPV15,NARGP,58,12.4,4.14
HOPV15,NARGP,58,12.5,4.14
HOPV15,NARGP,58,13.5,4.14
HOPV15,NARGP,58,13.6,4.14
HOPV15,NARGP,58,13.7,4.14
HOPV15,NARGP,58,13.8,4.14
HOPV15,NARGP,58,13.9,4.14
HOPV15,NARGP,58,14.0,4.14
HOPV15,NARGP,58,14.1,4.14
HOPV15,NARGP,58,14.2,4.14
HOPV15,NARGP,58,14.3,4.14
HOPV15,NARGP,58,14.4,4.14
HOPV15,NARGP,58,14.5,4.14
HOPV15,NARGP,58,15.5,3.789999999999999
HOPV15,NARGP,58,15.6,3.789999999999999
HOPV15,NARGP,58,15.7,3.789999999999999
HOPV15,NARGP,58,15.8,3.789999999999999
HOPV15,NARGP,58,15.9,3.789999999999999
HOPV15,NARGP,58,16.0,3.789999999999999
HOPV15,NARGP,58,16.1,3.789999999999999
HOPV15,NARGP,58,16.2,3.789999999999999
HOPV15,NARGP,58,16.3,3.789999999999999
HOPV15,NARGP,58,16.4,3.789999999999999
HOPV15,NARGP,58,16.5,3.789999999999999
HOPV15,NARGP,58,17.5,3.789999999999999
HOPV15,NARGP,58,17.6,3.789999999999999
HOPV15,NARGP,58,17.7,3.789999999999999
HOPV15,NARGP,58,17.8,3.789999999999999
HOPV15,NARGP,58,17.9,3.789999999999999
HOPV15,NARGP,58,18.0,3.789999999999999
HOPV15,NARGP,58,18.1,3.789999999999999
HOPV15,NARGP,58,18.2,3.789999999999999
HOPV15,NARGP,58,18.3,3.789999999999999
HOPV15,NARGP,58,18.4,3.789999999999999
HOPV15,NARGP,58,18.5,3.789999999999999
HOPV15,NARGP,58,19.5,3.789999999999999
HOPV15,NARGP,58,19.6,3.789999999999999
HOPV15,NARGP,58,19.7,3.789999999999999
HOPV15,NARGP,58,19.8,3.789999999999999
HOPV15,NARGP,58,19.9,3.789999999999999
HOPV15,NARGP,58,20.0,3.789999999999999
HOPV15,NARGP,58,20.1,3.789999999999999
HOPV15,NARGP,58,20.2,3.789999999999999
HOPV15,NARGP,58,20.3,3.789999999999999
HOPV15,NARGP,58,20.4,3.789999999999999
HOPV15,NARGP,58,20.5,3.789999999999999
HOPV15,NARGP,58,21.5,3.789999999999999
HOPV15,NARGP,58,21.6,3.789999999999999
HOPV15,NARGP,58,21.7,3.789999999999999
HOPV15,NARGP,58,21.8,3.789999999999999
HOPV15,NARGP,58,21.9,3.789999999999999
HOPV15,NARGP,58,22.0,3.789999999999999
HOPV15,NARGP,58,22.1,3.789999999999999
HOPV15,NARGP,58,22.2,3.789999999999999
HOPV15,NARGP,58,22.3,3.789999999999999
HOPV15,NARGP,58,22.4,3.789999999999999
HOPV15,NARGP,58,22.5,3.789999999999999
HOPV15,NARGP,58,23.5,3.789999999999999
HOPV15,NARGP,58,23.6,3.789999999999999
HOPV15,NARGP,58,23.7,3.789999999999999
HOPV15,NARGP,58,23.8,3.789999999999999
HOPV15,NARGP,58,23.9,3.789999999999999
HOPV15,NARGP,58,24.0,3.789999999999999
HOPV15,NARGP,58,24.1,3.789999999999999
HOPV15,NARGP,58,24.2,3.789999999999999
HOPV15,NARGP,58,24.3,3.789999999999999
HOPV15,NARGP,58,24.4,3.789999999999999
HOPV15,NARGP,58,24.5,3.789999999999999
HOPV15,NARGP,58,25.5,3.2799999999999994
HOPV15,NARGP,58,25.6,3.2799999999999994
HOPV15,NARGP,58,25.7,3.2799999999999994
HOPV15,NARGP,58,25.8,3.2799999999999994
HOPV15,NARGP,58,25.9,3.2799999999999994
HOPV15,NARGP,58,26.0,3.2799999999999994
HOPV15,NARGP,58,26.1,3.2799999999999994
HOPV15,NARGP,58,26.2,3.2799999999999994
HOPV15,NARGP,58,26.3,3.2799999999999994
HOPV15,NARGP,58,26.4,3.2799999999999994
HOPV15,NARGP,58,26.5,3.2799999999999994
HOPV15,NARGP,58,27.5,3.2799999999999994
HOPV15,NARGP,58,27.6,3.2799999999999994
HOPV15,NARGP,58,27.7,3.2799999999999994
HOPV15,NARGP,58,27.8,3.2799999999999994
HOPV15,NARGP,58,27.9,3.2799999999999994
HOPV15,NARGP,58,28.0,3.2799999999999994
HOPV15,NARGP,58,28.1,3.2799999999999994
HOPV15,NARGP,58,28.2,3.2799999999999994
HOPV15,NARGP,58,28.3,3.2799999999999994
HOPV15,NARGP,58,28.4,3.2799999999999994
HOPV15,NARGP,58,28.5,3.2799999999999994
HOPV15,NARGP,58,29.5,3.2799999999999994
HOPV15,NARGP,58,29.6,3.2799999999999994
HOPV15,NARGP,58,29.7,3.2799999999999994
HOPV15,NARGP,58,29.8,3.2799999999999994
HOPV15,NARGP,58,29.9,3.2799999999999994
HOPV15,NARGP,59,3.5,5.27
HOPV15,NARGP,59,3.6,5.27
HOPV15,NARGP,59,3.7,5.27
HOPV15,NARGP,59,3.8,5.27
HOPV15,NARGP,59,3.9,5.27
HOPV15,NARGP,59,4.0,5.27
HOPV15,NARGP,59,4.1,5.27
HOPV15,NARGP,59,4.2,5.27
HOPV15,NARGP,59,4.3,5.27
HOPV15,NARGP,59,4.4,5.27
HOPV15,NARGP,59,4.5,5.27
HOPV15,NARGP,59,5.5,5.27
HOPV15,NARGP,59,5.6,5.27
HOPV15,NARGP,59,5.7,5.27
HOPV15,NARGP,59,5.8,5.27
HOPV15,NARGP,59,5.9,5.27
HOPV15,NARGP,59,6.0,5.27
HOPV15,NARGP,59,6.1,5.27
HOPV15,NARGP,59,6.2,5.27
HOPV15,NARGP,59,6.3,5.27
HOPV15,NARGP,59,6.4,5.27
HOPV15,NARGP,59,6.5,5.27
HOPV15,NARGP,59,7.5,3.5299999999999994
HOPV15,NARGP,59,7.6,3.5299999999999994
HOPV15,NARGP,59,7.7,3.5299999999999994
HOPV15,NARGP,59,7.8,3.5299999999999994
HOPV15,NARGP,59,7.9,3.5299999999999994
HOPV15,NARGP,59,8.0,3.5299999999999994
HOPV15,NARGP,59,8.1,3.5299999999999994
HOPV15,NARGP,59,8.2,3.5299999999999994
HOPV15,NARGP,59,8.3,3.5299999999999994
HOPV15,NARGP,59,8.4,3.5299999999999994
HOPV15,NARGP,59,8.5,3.5299999999999994
HOPV15,NARGP,59,9.5,2.6099999999999994
HOPV15,NARGP,59,9.6,2.6099999999999994
HOPV15,NARGP,59,9.7,2.6099999999999994
HOPV15,NARGP,59,9.8,2.6099999999999994
HOPV15,NARGP,59,9.9,2.6099999999999994
HOPV15,NARGP,59,10.0,2.6099999999999994
HOPV15,NARGP,59,10.1,2.6099999999999994
HOPV15,NARGP,59,10.2,2.6099999999999994
HOPV15,NARGP,59,10.3,2.6099999999999994
HOPV15,NARGP,59,10.4,2.6099999999999994
HOPV15,NARGP,59,10.5,2.6099999999999994
HOPV15,NARGP,59,11.5,2.6099999999999994
HOPV15,NARGP,59,11.6,2.6099999999999994
HOPV15,NARGP,59,11.7,2.6099999999999994
HOPV15,NARGP,59,11.8,2.6099999999999994
HOPV15,NARGP,59,11.9,2.6099999999999994
HOPV15,NARGP,59,12.0,2.6099999999999994
HOPV15,NARGP,59,12.1,2.6099999999999994
HOPV15,NARGP,59,12.2,2.6099999999999994
HOPV15,NARGP,59,12.3,2.6099999999999994
HOPV15,NARGP,59,12.4,2.6099999999999994
HOPV15,NARGP,59,12.5,2.6099999999999994
HOPV15,NARGP,59,13.5,2.6099999999999994
HOPV15,NARGP,59,13.6,2.6099999999999994
HOPV15,NARGP,59,13.7,2.6099999999999994
HOPV15,NARGP,59,13.8,2.6099999999999994
HOPV15,NARGP,59,13.9,2.6099999999999994
HOPV15,NARGP,59,14.0,2.6099999999999994
HOPV15,NARGP,59,14.1,2.6099999999999994
HOPV15,NARGP,59,14.2,2.6099999999999994
HOPV15,NARGP,59,14.3,2.6099999999999994
HOPV15,NARGP,59,14.4,2.6099999999999994
HOPV15,NARGP,59,14.5,2.6099999999999994
HOPV15,NARGP,59,15.5,2.6099999999999994
HOPV15,NARGP,59,15.6,2.6099999999999994
HOPV15,NARGP,59,15.7,2.6099999999999994
HOPV15,NARGP,59,15.8,2.6099999999999994
HOPV15,NARGP,59,15.9,2.6099999999999994
HOPV15,NARGP,59,16.0,2.6099999999999994
HOPV15,NARGP,59,16.1,2.6099999999999994
HOPV15,NARGP,59,16.2,2.6099999999999994
HOPV15,NARGP,59,16.3,2.6099999999999994
HOPV15,NARGP,59,16.4,2.6099999999999994
HOPV15,NARGP,59,16.5,2.6099999999999994
HOPV15,NARGP,59,17.5,2.6099999999999994
HOPV15,NARGP,59,17.6,2.6099999999999994
HOPV15,NARGP,59,17.7,2.6099999999999994
HOPV15,NARGP,59,17.8,2.6099999999999994
HOPV15,NARGP,59,17.9,2.6099999999999994
HOPV15,NARGP,59,18.0,2.6099999999999994
HOPV15,NARGP,59,18.1,2.6099999999999994
HOPV15,NARGP,59,18.2,2.6099999999999994
HOPV15,NARGP,59,18.3,2.6099999999999994
HOPV15,NARGP,59,18.4,2.6099999999999994
HOPV15,NARGP,59,18.5,2.6099999999999994
HOPV15,NARGP,59,19.5,2.6099999999999994
HOPV15,NARGP,59,19.6,2.6099999999999994
HOPV15,NARGP,59,19.7,2.6099999999999994
HOPV15,NARGP,59,19.8,2.6099999999999994
HOPV15,NARGP,59,19.9,2.6099999999999994
HOPV15,NARGP,59,20.0,2.6099999999999994
HOPV15,NARGP,59,20.1,2.6099999999999994
HOPV15,NARGP,59,20.2,2.6099999999999994
HOPV15,NARGP,59,20.3,2.6099999999999994
HOPV15,NARGP,59,20.4,2.6099999999999994
HOPV15,NARGP,59,20.5,2.6099999999999994
HOPV15,NARGP,59,21.5,2.6099999999999994
HOPV15,NARGP,59,21.6,2.6099999999999994
HOPV15,NARGP,59,21.7,2.6099999999999994
HOPV15,NARGP,59,21.8,2.6099999999999994
HOPV15,NARGP,59,21.9,2.6099999999999994
HOPV15,NARGP,59,22.0,2.6099999999999994
HOPV15,NARGP,59,22.1,2.6099999999999994
HOPV15,NARGP,59,22.2,2.6099999999999994
HOPV15,NARGP,59,22.3,2.6099999999999994
HOPV15,NARGP,59,22.4,2.6099999999999994
HOPV15,NARGP,59,22.5,2.6099999999999994
HOPV15,NARGP,59,23.5,2.6099999999999994
HOPV15,NARGP,59,23.6,2.6099999999999994
HOPV15,NARGP,59,23.7,2.6099999999999994
HOPV15,NARGP,59,23.8,2.6099999999999994
HOPV15,NARGP,59,23.9,2.6099999999999994
HOPV15,NARGP,59,24.0,2.6099999999999994
HOPV15,NARGP,59,24.1,2.6099999999999994
HOPV15,NARGP,59,24.2,2.6099999999999994
HOPV15,NARGP,59,24.3,2.6099999999999994
HOPV15,NARGP,59,24.4,2.6099999999999994
HOPV15,NARGP,59,24.5,2.6099999999999994
HOPV15,NARGP,59,25.5,2.6099999999999994
HOPV15,NARGP,59,25.6,2.6099999999999994
HOPV15,NARGP,59,25.7,2.6099999999999994
HOPV15,NARGP,59,25.8,2.6099999999999994
HOPV15,NARGP,59,25.9,2.6099999999999994
HOPV15,NARGP,59,26.0,2.6099999999999994
HOPV15,NARGP,59,26.1,2.6099999999999994
HOPV15,NARGP,59,26.2,2.6099999999999994
HOPV15,NARGP,59,26.3,2.6099999999999994
HOPV15,NARGP,59,26.4,2.6099999999999994
HOPV15,NARGP,59,26.5,2.6099999999999994
HOPV15,NARGP,59,27.5,2.6099999999999994
HOPV15,NARGP,59,27.6,2.6099999999999994
HOPV15,NARGP,59,27.7,2.6099999999999994
HOPV15,NARGP,59,27.8,2.6099999999999994
HOPV15,NARGP,59,27.9,2.6099999999999994
HOPV15,NARGP,59,28.0,2.6099999999999994
HOPV15,NARGP,59,28.1,2.6099999999999994
HOPV15,NARGP,59,28.2,2.6099999999999994
HOPV15,NARGP,59,28.3,2.6099999999999994
HOPV15,NARGP,59,28.4,2.6099999999999994
HOPV15,NARGP,59,28.5,2.6099999999999994
HOPV15,NARGP,59,29.5,2.6099999999999994
HOPV15,NARGP,59,29.6,2.6099999999999994
HOPV15,NARGP,59,29.7,2.6099999999999994
HOPV15,NARGP,59,29.8,2.6099999999999994
HOPV15,NARGP,59,29.9,2.6099999999999994
HOPV15,NARGP,60,3.5,6.85
HOPV15,NARGP,60,3.6,6.85
HOPV15,NARGP,60,3.7,6.85
HOPV15,NARGP,60,3.8,6.85
HOPV15,NARGP,60,3.9,6.85
HOPV15,NARGP,60,4.0,6.85
HOPV15,NARGP,60,4.1,6.85
HOPV15,NARGP,60,4.2,6.85
HOPV15,NARGP,60,4.3,6.85
HOPV15,NARGP,60,4.4,6.85
HOPV15,NARGP,60,4.5,6.85
HOPV15,NARGP,60,5.5,6.14
HOPV15,NARGP,60,5.6,6.14
HOPV15,NARGP,60,5.7,6.14
HOPV15,NARGP,60,5.8,6.14
HOPV15,NARGP,60,5.9,6.14
HOPV15,NARGP,60,6.0,6.14
HOPV15,NARGP,60,6.1,6.14
HOPV15,NARGP,60,6.2,6.14
HOPV15,NARGP,60,6.3,6.14
HOPV15,NARGP,60,6.4,6.14
HOPV15,NARGP,60,6.5,6.14
HOPV15,NARGP,60,7.5,6.14
HOPV15,NARGP,60,7.6,6.14
HOPV15,NARGP,60,7.7,6.14
HOPV15,NARGP,60,7.8,6.14
HOPV15,NARGP,60,7.9,6.14
HOPV15,NARGP,60,8.0,6.14
HOPV15,NARGP,60,8.1,6.14
HOPV15,NARGP,60,8.2,6.14
HOPV15,NARGP,60,8.3,6.14
HOPV15,NARGP,60,8.4,6.14
HOPV15,NARGP,60,8.5,6.14
HOPV15,NARGP,60,9.5,5.459999999999999
HOPV15,NARGP,60,9.6,5.459999999999999
HOPV15,NARGP,60,9.7,5.459999999999999
HOPV15,NARGP,60,9.8,5.459999999999999
HOPV15,NARGP,60,9.9,5.459999999999999
HOPV15,NARGP,60,10.0,5.459999999999999
HOPV15,NARGP,60,10.1,5.459999999999999
HOPV15,NARGP,60,10.2,5.459999999999999
HOPV15,NARGP,60,10.3,5.459999999999999
HOPV15,NARGP,60,10.4,5.459999999999999
HOPV15,NARGP,60,10.5,5.459999999999999
HOPV15,NARGP,60,11.5,5.459999999999999
HOPV15,NARGP,60,11.6,5.459999999999999
HOPV15,NARGP,60,11.7,5.459999999999999
HOPV15,NARGP,60,11.8,5.459999999999999
HOPV15,NARGP,60,11.9,5.459999999999999
HOPV15,NARGP,60,12.0,5.459999999999999
HOPV15,NARGP,60,12.1,5.459999999999999
HOPV15,NARGP,60,12.2,5.459999999999999
HOPV15,NARGP,60,12.3,5.459999999999999
HOPV15,NARGP,60,12.4,5.459999999999999
HOPV15,NARGP,60,12.5,5.459999999999999
HOPV15,NARGP,60,13.5,5.459999999999999
HOPV15,NARGP,60,13.6,5.459999999999999
HOPV15,NARGP,60,13.7,5.459999999999999
HOPV15,NARGP,60,13.8,5.459999999999999
HOPV15,NARGP,60,13.9,5.459999999999999
HOPV15,NARGP,60,14.0,5.459999999999999
HOPV15,NARGP,60,14.1,5.459999999999999
HOPV15,NARGP,60,14.2,5.459999999999999
HOPV15,NARGP,60,14.3,5.459999999999999
HOPV15,NARGP,60,14.4,5.459999999999999
HOPV15,NARGP,60,14.5,5.459999999999999
HOPV15,NARGP,60,15.5,5.459999999999999
HOPV15,NARGP,60,15.6,5.459999999999999
HOPV15,NARGP,60,15.7,5.459999999999999
HOPV15,NARGP,60,15.8,5.459999999999999
HOPV15,NARGP,60,15.9,5.459999999999999
HOPV15,NARGP,60,16.0,5.459999999999999
HOPV15,NARGP,60,16.1,5.459999999999999
HOPV15,NARGP,60,16.2,5.459999999999999
HOPV15,NARGP,60,16.3,5.459999999999999
HOPV15,NARGP,60,16.4,5.459999999999999
HOPV15,NARGP,60,16.5,5.459999999999999
HOPV15,NARGP,60,17.5,2.799999999999999
HOPV15,NARGP,60,17.6,2.799999999999999
HOPV15,NARGP,60,17.7,2.799999999999999
HOPV15,NARGP,60,17.8,2.799999999999999
HOPV15,NARGP,60,17.9,2.799999999999999
HOPV15,NARGP,60,18.0,2.799999999999999
HOPV15,NARGP,60,18.1,2.799999999999999
HOPV15,NARGP,60,18.2,2.799999999999999
HOPV15,NARGP,60,18.3,2.799999999999999
HOPV15,NARGP,60,18.4,2.799999999999999
HOPV15,NARGP,60,18.5,2.799999999999999
HOPV15,NARGP,60,19.5,2.469999999999999
HOPV15,NARGP,60,19.6,2.469999999999999
HOPV15,NARGP,60,19.7,2.469999999999999
HOPV15,NARGP,60,19.8,2.469999999999999
HOPV15,NARGP,60,19.9,2.469999999999999
HOPV15,NARGP,60,20.0,2.469999999999999
HOPV15,NARGP,60,20.1,2.469999999999999
HOPV15,NARGP,60,20.2,2.469999999999999
HOPV15,NARGP,60,20.3,2.469999999999999
HOPV15,NARGP,60,20.4,2.469999999999999
HOPV15,NARGP,60,20.5,2.469999999999999
HOPV15,NARGP,60,21.5,2.469999999999999
HOPV15,NARGP,60,21.6,2.469999999999999
HOPV15,NARGP,60,21.7,2.469999999999999
HOPV15,NARGP,60,21.8,2.469999999999999
HOPV15,NARGP,60,21.9,2.469999999999999
HOPV15,NARGP,60,22.0,2.469999999999999
HOPV15,NARGP,60,22.1,2.469999999999999
HOPV15,NARGP,60,22.2,2.469999999999999
HOPV15,NARGP,60,22.3,2.469999999999999
HOPV15,NARGP,60,22.4,2.469999999999999
HOPV15,NARGP,60,22.5,2.469999999999999
HOPV15,NARGP,60,23.5,2.469999999999999
HOPV15,NARGP,60,23.6,2.469999999999999
HOPV15,NARGP,60,23.7,2.469999999999999
HOPV15,NARGP,60,23.8,2.469999999999999
HOPV15,NARGP,60,23.9,2.469999999999999
HOPV15,NARGP,60,24.0,2.469999999999999
HOPV15,NARGP,60,24.1,2.469999999999999
HOPV15,NARGP,60,24.2,2.469999999999999
HOPV15,NARGP,60,24.3,2.469999999999999
HOPV15,NARGP,60,24.4,2.469999999999999
HOPV15,NARGP,60,24.5,2.469999999999999
HOPV15,NARGP,60,25.5,2.469999999999999
HOPV15,NARGP,60,25.6,2.469999999999999
HOPV15,NARGP,60,25.7,2.469999999999999
HOPV15,NARGP,60,25.8,2.469999999999999
HOPV15,NARGP,60,25.9,2.469999999999999
HOPV15,NARGP,60,26.0,2.469999999999999
HOPV15,NARGP,60,26.1,2.469999999999999
HOPV15,NARGP,60,26.2,2.469999999999999
HOPV15,NARGP,60,26.3,2.469999999999999
HOPV15,NARGP,60,26.4,2.469999999999999
HOPV15,NARGP,60,26.5,2.469999999999999
HOPV15,NARGP,60,27.5,0.0
HOPV15,NARGP,60,27.6,0.0
HOPV15,NARGP,60,27.7,0.0
HOPV15,NARGP,60,27.8,0.0
HOPV15,NARGP,60,27.9,0.0
HOPV15,NARGP,60,28.0,0.0
HOPV15,NARGP,60,28.1,0.0
HOPV15,NARGP,60,28.2,0.0
HOPV15,NARGP,60,28.3,0.0
HOPV15,NARGP,60,28.4,0.0
HOPV15,NARGP,60,28.5,0.0
HOPV15,NARGP,60,29.5,0.0
HOPV15,NARGP,60,29.6,0.0
HOPV15,NARGP,60,29.7,0.0
HOPV15,NARGP,60,29.8,0.0
HOPV15,NARGP,60,29.9,0.0
HOPV15,NARGP,61,3.5,6.329999999999999
HOPV15,NARGP,61,3.6,6.329999999999999
HOPV15,NARGP,61,3.7,6.329999999999999
HOPV15,NARGP,61,3.8,6.329999999999999
HOPV15,NARGP,61,3.9,6.329999999999999
HOPV15,NARGP,61,4.0,6.329999999999999
HOPV15,NARGP,61,4.1,6.329999999999999
HOPV15,NARGP,61,4.2,6.329999999999999
HOPV15,NARGP,61,4.3,6.329999999999999
HOPV15,NARGP,61,4.4,6.329999999999999
HOPV15,NARGP,61,4.5,6.329999999999999
HOPV15,NARGP,61,5.5,5.919999999999999
HOPV15,NARGP,61,5.6,5.919999999999999
HOPV15,NARGP,61,5.7,5.919999999999999
HOPV15,NARGP,61,5.8,5.919999999999999
HOPV15,NARGP,61,5.9,5.919999999999999
HOPV15,NARGP,61,6.0,5.919999999999999
HOPV15,NARGP,61,6.1,5.919999999999999
HOPV15,NARGP,61,6.2,5.919999999999999
HOPV15,NARGP,61,6.3,5.919999999999999
HOPV15,NARGP,61,6.4,5.919999999999999
HOPV15,NARGP,61,6.5,5.919999999999999
HOPV15,NARGP,61,7.5,4.14
HOPV15,NARGP,61,7.6,4.14
HOPV15,NARGP,61,7.7,4.14
HOPV15,NARGP,61,7.8,4.14
HOPV15,NARGP,61,7.9,4.14
HOPV15,NARGP,61,8.0,4.14
HOPV15,NARGP,61,8.1,4.14
HOPV15,NARGP,61,8.2,4.14
HOPV15,NARGP,61,8.3,4.14
HOPV15,NARGP,61,8.4,4.14
HOPV15,NARGP,61,8.5,4.14
HOPV15,NARGP,61,9.5,4.14
HOPV15,NARGP,61,9.6,4.14
HOPV15,NARGP,61,9.7,4.14
HOPV15,NARGP,61,9.8,4.14
HOPV15,NARGP,61,9.9,4.14
HOPV15,NARGP,61,10.0,4.14
HOPV15,NARGP,61,10.1,4.14
HOPV15,NARGP,61,10.2,4.14
HOPV15,NARGP,61,10.3,4.14
HOPV15,NARGP,61,10.4,4.14
HOPV15,NARGP,61,10.5,4.14
HOPV15,NARGP,61,11.5,3.789999999999999
HOPV15,NARGP,61,11.6,3.789999999999999
HOPV15,NARGP,61,11.7,3.789999999999999
HOPV15,NARGP,61,11.8,3.789999999999999
HOPV15,NARGP,61,11.9,3.789999999999999
HOPV15,NARGP,61,12.0,3.789999999999999
HOPV15,NARGP,61,12.1,3.789999999999999
HOPV15,NARGP,61,12.2,3.789999999999999
HOPV15,NARGP,61,12.3,3.789999999999999
HOPV15,NARGP,61,12.4,3.789999999999999
HOPV15,NARGP,61,12.5,3.789999999999999
HOPV15,NARGP,61,13.5,3.789999999999999
HOPV15,NARGP,61,13.6,3.789999999999999
HOPV15,NARGP,61,13.7,3.789999999999999
HOPV15,NARGP,61,13.8,3.789999999999999
HOPV15,NARGP,61,13.9,3.789999999999999
HOPV15,NARGP,61,14.0,3.789999999999999
HOPV15,NARGP,61,14.1,3.789999999999999
HOPV15,NARGP,61,14.2,3.789999999999999
HOPV15,NARGP,61,14.3,3.789999999999999
HOPV15,NARGP,61,14.4,3.789999999999999
HOPV15,NARGP,61,14.5,3.789999999999999
HOPV15,NARGP,61,15.5,3.789999999999999
HOPV15,NARGP,61,15.6,3.789999999999999
HOPV15,NARGP,61,15.7,3.789999999999999
HOPV15,NARGP,61,15.8,3.789999999999999
HOPV15,NARGP,61,15.9,3.789999999999999
HOPV15,NARGP,61,16.0,3.789999999999999
HOPV15,NARGP,61,16.1,3.789999999999999
HOPV15,NARGP,61,16.2,3.789999999999999
HOPV15,NARGP,61,16.3,3.789999999999999
HOPV15,NARGP,61,16.4,3.789999999999999
HOPV15,NARGP,61,16.5,3.789999999999999
HOPV15,NARGP,61,17.5,3.789999999999999
HOPV15,NARGP,61,17.6,3.789999999999999
HOPV15,NARGP,61,17.7,3.789999999999999
HOPV15,NARGP,61,17.8,3.789999999999999
HOPV15,NARGP,61,17.9,3.789999999999999
HOPV15,NARGP,61,18.0,3.789999999999999
HOPV15,NARGP,61,18.1,3.789999999999999
HOPV15,NARGP,61,18.2,3.789999999999999
HOPV15,NARGP,61,18.3,3.789999999999999
HOPV15,NARGP,61,18.4,3.789999999999999
HOPV15,NARGP,61,18.5,3.789999999999999
HOPV15,NARGP,61,19.5,3.789999999999999
HOPV15,NARGP,61,19.6,3.789999999999999
HOPV15,NARGP,61,19.7,3.789999999999999
HOPV15,NARGP,61,19.8,3.789999999999999
HOPV15,NARGP,61,19.9,3.789999999999999
HOPV15,NARGP,61,20.0,3.789999999999999
HOPV15,NARGP,61,20.1,3.789999999999999
HOPV15,NARGP,61,20.2,3.789999999999999
HOPV15,NARGP,61,20.3,3.789999999999999
HOPV15,NARGP,61,20.4,3.789999999999999
HOPV15,NARGP,61,20.5,3.789999999999999
HOPV15,NARGP,61,21.5,3.789999999999999
HOPV15,NARGP,61,21.6,3.789999999999999
HOPV15,NARGP,61,21.7,3.789999999999999
HOPV15,NARGP,61,21.8,3.789999999999999
HOPV15,NARGP,61,21.9,3.789999999999999
HOPV15,NARGP,61,22.0,3.789999999999999
HOPV15,NARGP,61,22.1,3.789999999999999
HOPV15,NARGP,61,22.2,3.789999999999999
HOPV15,NARGP,61,22.3,3.789999999999999
HOPV15,NARGP,61,22.4,3.789999999999999
HOPV15,NARGP,61,22.5,3.789999999999999
HOPV15,NARGP,61,23.5,3.789999999999999
HOPV15,NARGP,61,23.6,3.789999999999999
HOPV15,NARGP,61,23.7,3.789999999999999
HOPV15,NARGP,61,23.8,3.789999999999999
HOPV15,NARGP,61,23.9,3.789999999999999
HOPV15,NARGP,61,24.0,3.789999999999999
HOPV15,NARGP,61,24.1,3.789999999999999
HOPV15,NARGP,61,24.2,3.789999999999999
HOPV15,NARGP,61,24.3,3.789999999999999
HOPV15,NARGP,61,24.4,3.789999999999999
HOPV15,NARGP,61,24.5,3.789999999999999
HOPV15,NARGP,61,25.5,3.2799999999999994
HOPV15,NARGP,61,25.6,3.2799999999999994
HOPV15,NARGP,61,25.7,3.2799999999999994
HOPV15,NARGP,61,25.8,3.2799999999999994
HOPV15,NARGP,61,25.9,3.2799999999999994
HOPV15,NARGP,61,26.0,3.2799999999999994
HOPV15,NARGP,61,26.1,3.2799999999999994
HOPV15,NARGP,61,26.2,3.2799999999999994
HOPV15,NARGP,61,26.3,3.2799999999999994
HOPV15,NARGP,61,26.4,3.2799999999999994
HOPV15,NARGP,61,26.5,3.2799999999999994
HOPV15,NARGP,61,27.5,3.2799999999999994
HOPV15,NARGP,61,27.6,3.2799999999999994
HOPV15,NARGP,61,27.7,3.2799999999999994
HOPV15,NARGP,61,27.8,3.2799999999999994
HOPV15,NARGP,61,27.9,3.2799999999999994
HOPV15,NARGP,61,28.0,3.2799999999999994
HOPV15,NARGP,61,28.1,3.2799999999999994
HOPV15,NARGP,61,28.2,3.2799999999999994
HOPV15,NARGP,61,28.3,3.2799999999999994
HOPV15,NARGP,61,28.4,3.2799999999999994
HOPV15,NARGP,61,28.5,3.2799999999999994
HOPV15,NARGP,61,29.5,3.2799999999999994
HOPV15,NARGP,61,29.6,3.2799999999999994
HOPV15,NARGP,61,29.7,3.2799999999999994
HOPV15,NARGP,61,29.8,3.2799999999999994
HOPV15,NARGP,61,29.9,3.2799999999999994
HOPV15,DKL Multi-Fidelity,43,3.5,6.85
HOPV15,DKL Multi-Fidelity,43,3.6,6.85
HOPV15,DKL Multi-Fidelity,43,3.7,6.85
HOPV15,DKL Multi-Fidelity,43,3.8,6.85
HOPV15,DKL Multi-Fidelity,43,3.9,6.85
HOPV15,DKL Multi-Fidelity,43,4.0,6.85
HOPV15,DKL Multi-Fidelity,43,4.1,6.85
HOPV15,DKL Multi-Fidelity,43,4.2,6.85
HOPV15,DKL Multi-Fidelity,43,4.3,6.85
HOPV15,DKL Multi-Fidelity,43,4.4,6.85
HOPV15,DKL Multi-Fidelity,43,4.5,6.85
HOPV15,DKL Multi-Fidelity,43,5.5,4.14
HOPV15,DKL Multi-Fidelity,43,5.6,4.14
HOPV15,DKL Multi-Fidelity,43,5.7,4.14
HOPV15,DKL Multi-Fidelity,43,5.8,4.14
HOPV15,DKL Multi-Fidelity,43,5.9,4.14
HOPV15,DKL Multi-Fidelity,43,6.0,4.14
HOPV15,DKL Multi-Fidelity,43,6.1,4.14
HOPV15,DKL Multi-Fidelity,43,6.2,4.14
HOPV15,DKL Multi-Fidelity,43,6.3,4.14
HOPV15,DKL Multi-Fidelity,43,6.4,4.14
HOPV15,DKL Multi-Fidelity,43,6.5,4.14
HOPV15,DKL Multi-Fidelity,43,7.5,4.14
HOPV15,DKL Multi-Fidelity,43,7.6,4.14
HOPV15,DKL Multi-Fidelity,43,7.7,4.14
HOPV15,DKL Multi-Fidelity,43,7.8,4.14
HOPV15,DKL Multi-Fidelity,43,7.9,4.14
HOPV15,DKL Multi-Fidelity,43,8.0,4.14
HOPV15,DKL Multi-Fidelity,43,8.1,4.14
HOPV15,DKL Multi-Fidelity,43,8.2,4.14
HOPV15,DKL Multi-Fidelity,43,8.3,4.14
HOPV15,DKL Multi-Fidelity,43,8.4,4.14
HOPV15,DKL Multi-Fidelity,43,8.5,4.14
HOPV15,DKL Multi-Fidelity,43,9.5,4.14
HOPV15,DKL Multi-Fidelity,43,9.6,4.14
HOPV15,DKL Multi-Fidelity,43,9.7,4.14
HOPV15,DKL Multi-Fidelity,43,9.8,4.14
HOPV15,DKL Multi-Fidelity,43,9.9,4.14
HOPV15,DKL Multi-Fidelity,43,10.0,4.14
HOPV15,DKL Multi-Fidelity,43,10.1,4.14
HOPV15,DKL Multi-Fidelity,43,10.2,4.14
HOPV15,DKL Multi-Fidelity,43,10.3,4.14
HOPV15,DKL Multi-Fidelity,43,10.4,4.14
HOPV15,DKL Multi-Fidelity,43,10.5,4.14
HOPV15,DKL Multi-Fidelity,43,11.5,4.14
HOPV15,DKL Multi-Fidelity,43,11.6,4.14
HOPV15,DKL Multi-Fidelity,43,11.7,4.14
HOPV15,DKL Multi-Fidelity,43,11.8,4.14
HOPV15,DKL Multi-Fidelity,43,11.9,4.14
HOPV15,DKL Multi-Fidelity,43,12.0,4.14
HOPV15,DKL Multi-Fidelity,43,12.1,4.14
HOPV15,DKL Multi-Fidelity,43,12.2,4.14
HOPV15,DKL Multi-Fidelity,43,12.3,4.14
HOPV15,DKL Multi-Fidelity,43,12.4,4.14
HOPV15,DKL Multi-Fidelity,43,12.5,4.14
HOPV15,DKL Multi-Fidelity,43,13.5,3.999999999999999
HOPV15,DKL Multi-Fidelity,43,13.6,3.999999999999999
HOPV15,DKL Multi-Fidelity,43,13.7,3.999999999999999
HOPV15,DKL Multi-Fidelity,43,13.8,3.999999999999999
HOPV15,DKL Multi-Fidelity,43,13.9,3.999999999999999
HOPV15,DKL Multi-Fidelity,43,14.0,3.999999999999999
HOPV15,DKL Multi-Fidelity,43,14.1,3.999999999999999
HOPV15,DKL Multi-Fidelity,43,14.2,3.999999999999999
HOPV15,DKL Multi-Fidelity,43,14.3,3.999999999999999
HOPV15,DKL Multi-Fidelity,43,14.4,3.999999999999999
HOPV15,DKL Multi-Fidelity,43,14.5,3.999999999999999
HOPV15,DKL Multi-Fidelity,43,15.5,3.999999999999999
HOPV15,DKL Multi-Fidelity,43,15.6,3.999999999999999
HOPV15,DKL Multi-Fidelity,43,15.7,3.999999999999999
HOPV15,DKL Multi-Fidelity,43,15.8,3.999999999999999
HOPV15,DKL Multi-Fidelity,43,15.9,3.999999999999999
HOPV15,DKL Multi-Fidelity,43,16.0,3.999999999999999
HOPV15,DKL Multi-Fidelity,43,16.1,3.999999999999999
HOPV15,DKL Multi-Fidelity,43,16.2,3.999999999999999
HOPV15,DKL Multi-Fidelity,43,16.3,3.999999999999999
HOPV15,DKL Multi-Fidelity,43,16.4,3.999999999999999
HOPV15,DKL Multi-Fidelity,43,16.5,3.999999999999999
HOPV15,DKL Multi-Fidelity,43,17.5,3.999999999999999
HOPV15,DKL Multi-Fidelity,43,17.6,3.999999999999999
HOPV15,DKL Multi-Fidelity,43,17.7,3.999999999999999
HOPV15,DKL Multi-Fidelity,43,17.8,3.999999999999999
HOPV15,DKL Multi-Fidelity,43,17.9,3.999999999999999
HOPV15,DKL Multi-Fidelity,43,18.0,3.999999999999999
HOPV15,DKL Multi-Fidelity,43,18.1,3.999999999999999
HOPV15,DKL Multi-Fidelity,43,18.2,3.999999999999999
HOPV15,DKL Multi-Fidelity,43,18.3,3.999999999999999
HOPV15,DKL Multi-Fidelity,43,18.4,3.999999999999999
HOPV15,DKL Multi-Fidelity,43,18.5,3.999999999999999
HOPV15,DKL Multi-Fidelity,43,19.5,3.999999999999999
HOPV15,DKL Multi-Fidelity,43,19.6,3.999999999999999
HOPV15,DKL Multi-Fidelity,43,19.7,3.999999999999999
HOPV15,DKL Multi-Fidelity,43,19.8,3.999999999999999
HOPV15,DKL Multi-Fidelity,43,19.9,3.999999999999999
HOPV15,DKL Multi-Fidelity,43,20.0,3.999999999999999
HOPV15,DKL Multi-Fidelity,43,20.1,3.999999999999999
HOPV15,DKL Multi-Fidelity,43,20.2,3.999999999999999
HOPV15,DKL Multi-Fidelity,43,20.3,3.999999999999999
HOPV15,DKL Multi-Fidelity,43,20.4,3.999999999999999
HOPV15,DKL Multi-Fidelity,43,20.5,3.999999999999999
HOPV15,DKL Multi-Fidelity,43,21.5,3.5299999999999994
HOPV15,DKL Multi-Fidelity,43,21.6,3.5299999999999994
HOPV15,DKL Multi-Fidelity,43,21.7,3.5299999999999994
HOPV15,DKL Multi-Fidelity,43,21.8,3.5299999999999994
HOPV15,DKL Multi-Fidelity,43,21.9,3.5299999999999994
HOPV15,DKL Multi-Fidelity,43,22.0,3.5299999999999994
HOPV15,DKL Multi-Fidelity,43,22.1,3.5299999999999994
HOPV15,DKL Multi-Fidelity,43,22.2,3.5299999999999994
HOPV15,DKL Multi-Fidelity,43,22.3,3.5299999999999994
HOPV15,DKL Multi-Fidelity,43,22.4,3.5299999999999994
HOPV15,DKL Multi-Fidelity,43,22.5,3.5299999999999994
HOPV15,DKL Multi-Fidelity,43,23.5,3.5299999999999994
HOPV15,DKL Multi-Fidelity,43,23.6,3.5299999999999994
HOPV15,DKL Multi-Fidelity,43,23.7,3.5299999999999994
HOPV15,DKL Multi-Fidelity,43,23.8,3.5299999999999994
HOPV15,DKL Multi-Fidelity,43,23.9,3.5299999999999994
HOPV15,DKL Multi-Fidelity,43,24.0,3.5299999999999994
HOPV15,DKL Multi-Fidelity,43,24.1,3.5299999999999994
HOPV15,DKL Multi-Fidelity,43,24.2,3.5299999999999994
HOPV15,DKL Multi-Fidelity,43,24.3,3.5299999999999994
HOPV15,DKL Multi-Fidelity,43,24.4,3.5299999999999994
HOPV15,DKL Multi-Fidelity,43,24.5,3.5299999999999994
HOPV15,DKL Multi-Fidelity,43,25.5,3.5299999999999994
HOPV15,DKL Multi-Fidelity,43,25.6,3.5299999999999994
HOPV15,DKL Multi-Fidelity,43,25.7,3.5299999999999994
HOPV15,DKL Multi-Fidelity,43,25.8,3.5299999999999994
HOPV15,DKL Multi-Fidelity,43,25.9,3.5299999999999994
HOPV15,DKL Multi-Fidelity,43,26.0,3.5299999999999994
HOPV15,DKL Multi-Fidelity,43,26.1,3.5299999999999994
HOPV15,DKL Multi-Fidelity,43,26.2,3.5299999999999994
HOPV15,DKL Multi-Fidelity,43,26.3,3.5299999999999994
HOPV15,DKL Multi-Fidelity,43,26.4,3.5299999999999994
HOPV15,DKL Multi-Fidelity,43,26.5,3.5299999999999994
HOPV15,DKL Multi-Fidelity,43,27.5,3.5299999999999994
HOPV15,DKL Multi-Fidelity,43,27.6,3.5299999999999994
HOPV15,DKL Multi-Fidelity,43,27.7,3.5299999999999994
HOPV15,DKL Multi-Fidelity,43,27.8,3.5299999999999994
HOPV15,DKL Multi-Fidelity,43,27.9,3.5299999999999994
HOPV15,DKL Multi-Fidelity,43,28.0,3.5299999999999994
HOPV15,DKL Multi-Fidelity,43,28.1,3.5299999999999994
HOPV15,DKL Multi-Fidelity,43,28.2,3.5299999999999994
HOPV15,DKL Multi-Fidelity,43,28.3,3.5299999999999994
HOPV15,DKL Multi-Fidelity,43,28.4,3.5299999999999994
HOPV15,DKL Multi-Fidelity,43,28.5,3.5299999999999994
HOPV15,DKL Multi-Fidelity,43,29.5,3.5299999999999994
HOPV15,DKL Multi-Fidelity,43,29.6,3.5299999999999994
HOPV15,DKL Multi-Fidelity,43,29.7,3.5299999999999994
HOPV15,DKL Multi-Fidelity,43,29.8,3.5299999999999994
HOPV15,DKL Multi-Fidelity,43,29.9,3.5299999999999994
HOPV15,DKL Multi-Fidelity,42,3.5,8.19
HOPV15,DKL Multi-Fidelity,42,3.6,8.19
HOPV15,DKL Multi-Fidelity,42,3.7,8.19
HOPV15,DKL Multi-Fidelity,42,3.8,8.19
HOPV15,DKL Multi-Fidelity,42,3.9,8.19
HOPV15,DKL Multi-Fidelity,42,4.0,8.19
HOPV15,DKL Multi-Fidelity,42,4.1,8.19
HOPV15,DKL Multi-Fidelity,42,4.2,8.19
HOPV15,DKL Multi-Fidelity,42,4.3,8.19
HOPV15,DKL Multi-Fidelity,42,4.4,8.19
HOPV15,DKL Multi-Fidelity,42,4.5,8.19
HOPV15,DKL Multi-Fidelity,42,5.5,6.14
HOPV15,DKL Multi-Fidelity,42,5.6,6.14
HOPV15,DKL Multi-Fidelity,42,5.7,6.14
HOPV15,DKL Multi-Fidelity,42,5.8,6.14
HOPV15,DKL Multi-Fidelity,42,5.9,6.14
HOPV15,DKL Multi-Fidelity,42,6.0,6.14
HOPV15,DKL Multi-Fidelity,42,6.1,6.14
HOPV15,DKL Multi-Fidelity,42,6.2,6.14
HOPV15,DKL Multi-Fidelity,42,6.3,6.14
HOPV15,DKL Multi-Fidelity,42,6.4,6.14
HOPV15,DKL Multi-Fidelity,42,6.5,6.14
HOPV15,DKL Multi-Fidelity,42,7.5,6.14
HOPV15,DKL Multi-Fidelity,42,7.6,6.14
HOPV15,DKL Multi-Fidelity,42,7.7,6.14
HOPV15,DKL Multi-Fidelity,42,7.8,6.14
HOPV15,DKL Multi-Fidelity,42,7.9,6.14
HOPV15,DKL Multi-Fidelity,42,8.0,6.14
HOPV15,DKL Multi-Fidelity,42,8.1,6.14
HOPV15,DKL Multi-Fidelity,42,8.2,6.14
HOPV15,DKL Multi-Fidelity,42,8.3,6.14
HOPV15,DKL Multi-Fidelity,42,8.4,6.14
HOPV15,DKL Multi-Fidelity,42,8.5,6.14
HOPV15,DKL Multi-Fidelity,42,9.5,5.459999999999999
HOPV15,DKL Multi-Fidelity,42,9.6,5.459999999999999
HOPV15,DKL Multi-Fidelity,42,9.7,5.459999999999999
HOPV15,DKL Multi-Fidelity,42,9.8,5.459999999999999
HOPV15,DKL Multi-Fidelity,42,9.9,5.459999999999999
HOPV15,DKL Multi-Fidelity,42,10.0,5.459999999999999
HOPV15,DKL Multi-Fidelity,42,10.1,5.459999999999999
HOPV15,DKL Multi-Fidelity,42,10.2,5.459999999999999
HOPV15,DKL Multi-Fidelity,42,10.3,5.459999999999999
HOPV15,DKL Multi-Fidelity,42,10.4,5.459999999999999
HOPV15,DKL Multi-Fidelity,42,10.5,5.459999999999999
HOPV15,DKL Multi-Fidelity,42,11.5,5.459999999999999
HOPV15,DKL Multi-Fidelity,42,11.6,5.459999999999999
HOPV15,DKL Multi-Fidelity,42,11.7,5.459999999999999
HOPV15,DKL Multi-Fidelity,42,11.8,5.459999999999999
HOPV15,DKL Multi-Fidelity,42,11.9,5.459999999999999
HOPV15,DKL Multi-Fidelity,42,12.0,5.459999999999999
HOPV15,DKL Multi-Fidelity,42,12.1,5.459999999999999
HOPV15,DKL Multi-Fidelity,42,12.2,5.459999999999999
HOPV15,DKL Multi-Fidelity,42,12.3,5.459999999999999
HOPV15,DKL Multi-Fidelity,42,12.4,5.459999999999999
HOPV15,DKL Multi-Fidelity,42,12.5,5.459999999999999
HOPV15,DKL Multi-Fidelity,42,13.5,5.459999999999999
HOPV15,DKL Multi-Fidelity,42,13.6,5.459999999999999
HOPV15,DKL Multi-Fidelity,42,13.7,5.459999999999999
HOPV15,DKL Multi-Fidelity,42,13.8,5.459999999999999
HOPV15,DKL Multi-Fidelity,42,13.9,5.459999999999999
HOPV15,DKL Multi-Fidelity,42,14.0,5.459999999999999
HOPV15,DKL Multi-Fidelity,42,14.1,5.459999999999999
HOPV15,DKL Multi-Fidelity,42,14.2,5.459999999999999
HOPV15,DKL Multi-Fidelity,42,14.3,5.459999999999999
HOPV15,DKL Multi-Fidelity,42,14.4,5.459999999999999
HOPV15,DKL Multi-Fidelity,42,14.5,5.459999999999999
HOPV15,DKL Multi-Fidelity,42,15.5,5.459999999999999
HOPV15,DKL Multi-Fidelity,42,15.6,5.459999999999999
HOPV15,DKL Multi-Fidelity,42,15.7,5.459999999999999
HOPV15,DKL Multi-Fidelity,42,15.8,5.459999999999999
HOPV15,DKL Multi-Fidelity,42,15.9,5.459999999999999
HOPV15,DKL Multi-Fidelity,42,16.0,5.459999999999999
HOPV15,DKL Multi-Fidelity,42,16.1,5.459999999999999
HOPV15,DKL Multi-Fidelity,42,16.2,5.459999999999999
HOPV15,DKL Multi-Fidelity,42,16.3,5.459999999999999
HOPV15,DKL Multi-Fidelity,42,16.4,5.459999999999999
HOPV15,DKL Multi-Fidelity,42,16.5,5.459999999999999
HOPV15,DKL Multi-Fidelity,42,17.5,5.459999999999999
HOPV15,DKL Multi-Fidelity,42,17.6,5.459999999999999
HOPV15,DKL Multi-Fidelity,42,17.7,5.459999999999999
HOPV15,DKL Multi-Fidelity,42,17.8,5.459999999999999
HOPV15,DKL Multi-Fidelity,42,17.9,5.459999999999999
HOPV15,DKL Multi-Fidelity,42,18.0,5.459999999999999
HOPV15,DKL Multi-Fidelity,42,18.1,5.459999999999999
HOPV15,DKL Multi-Fidelity,42,18.2,5.459999999999999
HOPV15,DKL Multi-Fidelity,42,18.3,5.459999999999999
HOPV15,DKL Multi-Fidelity,42,18.4,5.459999999999999
HOPV15,DKL Multi-Fidelity,42,18.5,5.459999999999999
HOPV15,DKL Multi-Fidelity,42,19.5,4.319999999999999
HOPV15,DKL Multi-Fidelity,42,19.6,4.319999999999999
HOPV15,DKL Multi-Fidelity,42,19.7,4.319999999999999
HOPV15,DKL Multi-Fidelity,42,19.8,4.319999999999999
HOPV15,DKL Multi-Fidelity,42,19.9,4.319999999999999
HOPV15,DKL Multi-Fidelity,42,20.0,4.319999999999999
HOPV15,DKL Multi-Fidelity,42,20.1,4.319999999999999
HOPV15,DKL Multi-Fidelity,42,20.2,4.319999999999999
HOPV15,DKL Multi-Fidelity,42,20.3,4.319999999999999
HOPV15,DKL Multi-Fidelity,42,20.4,4.319999999999999
HOPV15,DKL Multi-Fidelity,42,20.5,4.319999999999999
HOPV15,DKL Multi-Fidelity,42,21.5,4.319999999999999
HOPV15,DKL Multi-Fidelity,42,21.6,4.319999999999999
HOPV15,DKL Multi-Fidelity,42,21.7,4.319999999999999
HOPV15,DKL Multi-Fidelity,42,21.8,4.319999999999999
HOPV15,DKL Multi-Fidelity,42,21.9,4.319999999999999
HOPV15,DKL Multi-Fidelity,42,22.0,4.319999999999999
HOPV15,DKL Multi-Fidelity,42,22.1,4.319999999999999
HOPV15,DKL Multi-Fidelity,42,22.2,4.319999999999999
HOPV15,DKL Multi-Fidelity,42,22.3,4.319999999999999
HOPV15,DKL Multi-Fidelity,42,22.4,4.319999999999999
HOPV15,DKL Multi-Fidelity,42,22.5,4.319999999999999
HOPV15,DKL Multi-Fidelity,42,23.5,4.319999999999999
HOPV15,DKL Multi-Fidelity,42,23.6,4.319999999999999
HOPV15,DKL Multi-Fidelity,42,23.7,4.319999999999999
HOPV15,DKL Multi-Fidelity,42,23.8,4.319999999999999
HOPV15,DKL Multi-Fidelity,42,23.9,4.319999999999999
HOPV15,DKL Multi-Fidelity,42,24.0,4.319999999999999
HOPV15,DKL Multi-Fidelity,42,24.1,4.319999999999999
HOPV15,DKL Multi-Fidelity,42,24.2,4.319999999999999
HOPV15,DKL Multi-Fidelity,42,24.3,4.319999999999999
HOPV15,DKL Multi-Fidelity,42,24.4,4.319999999999999
HOPV15,DKL Multi-Fidelity,42,24.5,4.319999999999999
HOPV15,DKL Multi-Fidelity,42,25.5,4.319999999999999
HOPV15,DKL Multi-Fidelity,42,25.6,4.319999999999999
HOPV15,DKL Multi-Fidelity,42,25.7,4.319999999999999
HOPV15,DKL Multi-Fidelity,42,25.8,4.319999999999999
HOPV15,DKL Multi-Fidelity,42,25.9,4.319999999999999
HOPV15,DKL Multi-Fidelity,42,26.0,4.319999999999999
HOPV15,DKL Multi-Fidelity,42,26.1,4.319999999999999
HOPV15,DKL Multi-Fidelity,42,26.2,4.319999999999999
HOPV15,DKL Multi-Fidelity,42,26.3,4.319999999999999
HOPV15,DKL Multi-Fidelity,42,26.4,4.319999999999999
HOPV15,DKL Multi-Fidelity,42,26.5,4.319999999999999
HOPV15,DKL Multi-Fidelity,42,27.5,4.199999999999999
HOPV15,DKL Multi-Fidelity,42,27.6,4.199999999999999
HOPV15,DKL Multi-Fidelity,42,27.7,4.199999999999999
HOPV15,DKL Multi-Fidelity,42,27.8,4.199999999999999
HOPV15,DKL Multi-Fidelity,42,27.9,4.199999999999999
HOPV15,DKL Multi-Fidelity,42,28.0,4.199999999999999
HOPV15,DKL Multi-Fidelity,42,28.1,4.199999999999999
HOPV15,DKL Multi-Fidelity,42,28.2,4.199999999999999
HOPV15,DKL Multi-Fidelity,42,28.3,4.199999999999999
HOPV15,DKL Multi-Fidelity,42,28.4,4.199999999999999
HOPV15,DKL Multi-Fidelity,42,28.5,4.199999999999999
HOPV15,DKL Multi-Fidelity,42,29.5,4.199999999999999
HOPV15,DKL Multi-Fidelity,42,29.6,4.199999999999999
HOPV15,DKL Multi-Fidelity,42,29.7,4.199999999999999
HOPV15,DKL Multi-Fidelity,42,29.8,4.199999999999999
HOPV15,DKL Multi-Fidelity,42,29.9,4.199999999999999
HOPV15,DKL Multi-Fidelity,44,3.5,5.27
HOPV15,DKL Multi-Fidelity,44,3.6,5.27
HOPV15,DKL Multi-Fidelity,44,3.7,5.27
HOPV15,DKL Multi-Fidelity,44,3.8,5.27
HOPV15,DKL Multi-Fidelity,44,3.9,5.27
HOPV15,DKL Multi-Fidelity,44,4.0,5.27
HOPV15,DKL Multi-Fidelity,44,4.1,5.27
HOPV15,DKL Multi-Fidelity,44,4.2,5.27
HOPV15,DKL Multi-Fidelity,44,4.3,5.27
HOPV15,DKL Multi-Fidelity,44,4.4,5.27
HOPV15,DKL Multi-Fidelity,44,4.5,5.27
HOPV15,DKL Multi-Fidelity,44,5.5,4.02
HOPV15,DKL Multi-Fidelity,44,5.6,4.02
HOPV15,DKL Multi-Fidelity,44,5.7,4.02
HOPV15,DKL Multi-Fidelity,44,5.8,4.02
HOPV15,DKL Multi-Fidelity,44,5.9,4.02
HOPV15,DKL Multi-Fidelity,44,6.0,4.02
HOPV15,DKL Multi-Fidelity,44,6.1,4.02
HOPV15,DKL Multi-Fidelity,44,6.2,4.02
HOPV15,DKL Multi-Fidelity,44,6.3,4.02
HOPV15,DKL Multi-Fidelity,44,6.4,4.02
HOPV15,DKL Multi-Fidelity,44,6.5,4.02
HOPV15,DKL Multi-Fidelity,44,7.5,4.02
HOPV15,DKL Multi-Fidelity,44,7.6,4.02
HOPV15,DKL Multi-Fidelity,44,7.7,4.02
HOPV15,DKL Multi-Fidelity,44,7.8,4.02
HOPV15,DKL Multi-Fidelity,44,7.9,4.02
HOPV15,DKL Multi-Fidelity,44,8.0,4.02
HOPV15,DKL Multi-Fidelity,44,8.1,4.02
HOPV15,DKL Multi-Fidelity,44,8.2,4.02
HOPV15,DKL Multi-Fidelity,44,8.3,4.02
HOPV15,DKL Multi-Fidelity,44,8.4,4.02
HOPV15,DKL Multi-Fidelity,44,8.5,4.02
HOPV15,DKL Multi-Fidelity,44,9.5,4.02
HOPV15,DKL Multi-Fidelity,44,9.6,4.02
HOPV15,DKL Multi-Fidelity,44,9.7,4.02
HOPV15,DKL Multi-Fidelity,44,9.8,4.02
HOPV15,DKL Multi-Fidelity,44,9.9,4.02
HOPV15,DKL Multi-Fidelity,44,10.0,4.02
HOPV15,DKL Multi-Fidelity,44,10.1,4.02
HOPV15,DKL Multi-Fidelity,44,10.2,4.02
HOPV15,DKL Multi-Fidelity,44,10.3,4.02
HOPV15,DKL Multi-Fidelity,44,10.4,4.02
HOPV15,DKL Multi-Fidelity,44,10.5,4.02
HOPV15,DKL Multi-Fidelity,44,11.5,4.02
HOPV15,DKL Multi-Fidelity,44,11.6,4.02
HOPV15,DKL Multi-Fidelity,44,11.7,4.02
HOPV15,DKL Multi-Fidelity,44,11.8,4.02
HOPV15,DKL Multi-Fidelity,44,11.9,4.02
HOPV15,DKL Multi-Fidelity,44,12.0,4.02
HOPV15,DKL Multi-Fidelity,44,12.1,4.02
HOPV15,DKL Multi-Fidelity,44,12.2,4.02
HOPV15,DKL Multi-Fidelity,44,12.3,4.02
HOPV15,DKL Multi-Fidelity,44,12.4,4.02
HOPV15,DKL Multi-Fidelity,44,12.5,4.02
HOPV15,DKL Multi-Fidelity,44,13.5,4.02
HOPV15,DKL Multi-Fidelity,44,13.6,4.02
HOPV15,DKL Multi-Fidelity,44,13.7,4.02
HOPV15,DKL Multi-Fidelity,44,13.8,4.02
HOPV15,DKL Multi-Fidelity,44,13.9,4.02
HOPV15,DKL Multi-Fidelity,44,14.0,4.02
HOPV15,DKL Multi-Fidelity,44,14.1,4.02
HOPV15,DKL Multi-Fidelity,44,14.2,4.02
HOPV15,DKL Multi-Fidelity,44,14.3,4.02
HOPV15,DKL Multi-Fidelity,44,14.4,4.02
HOPV15,DKL Multi-Fidelity,44,14.5,4.02
HOPV15,DKL Multi-Fidelity,44,15.5,4.02
HOPV15,DKL Multi-Fidelity,44,15.6,4.02
HOPV15,DKL Multi-Fidelity,44,15.7,4.02
HOPV15,DKL Multi-Fidelity,44,15.8,4.02
HOPV15,DKL Multi-Fidelity,44,15.9,4.02
HOPV15,DKL Multi-Fidelity,44,16.0,4.02
HOPV15,DKL Multi-Fidelity,44,16.1,4.02
HOPV15,DKL Multi-Fidelity,44,16.2,4.02
HOPV15,DKL Multi-Fidelity,44,16.3,4.02
HOPV15,DKL Multi-Fidelity,44,16.4,4.02
HOPV15,DKL Multi-Fidelity,44,16.5,4.02
HOPV15,DKL Multi-Fidelity,44,17.5,4.02
HOPV15,DKL Multi-Fidelity,44,17.6,4.02
HOPV15,DKL Multi-Fidelity,44,17.7,4.02
HOPV15,DKL Multi-Fidelity,44,17.8,4.02
HOPV15,DKL Multi-Fidelity,44,17.9,4.02
HOPV15,DKL Multi-Fidelity,44,18.0,4.02
HOPV15,DKL Multi-Fidelity,44,18.1,4.02
HOPV15,DKL Multi-Fidelity,44,18.2,4.02
HOPV15,DKL Multi-Fidelity,44,18.3,4.02
HOPV15,DKL Multi-Fidelity,44,18.4,4.02
HOPV15,DKL Multi-Fidelity,44,18.5,4.02
HOPV15,DKL Multi-Fidelity,44,19.5,4.02
HOPV15,DKL Multi-Fidelity,44,19.6,4.02
HOPV15,DKL Multi-Fidelity,44,19.7,4.02
HOPV15,DKL Multi-Fidelity,44,19.8,4.02
HOPV15,DKL Multi-Fidelity,44,19.9,4.02
HOPV15,DKL Multi-Fidelity,44,20.0,4.02
HOPV15,DKL Multi-Fidelity,44,20.1,4.02
HOPV15,DKL Multi-Fidelity,44,20.2,4.02
HOPV15,DKL Multi-Fidelity,44,20.3,4.02
HOPV15,DKL Multi-Fidelity,44,20.4,4.02
HOPV15,DKL Multi-Fidelity,44,20.5,4.02
HOPV15,DKL Multi-Fidelity,44,21.5,4.02
HOPV15,DKL Multi-Fidelity,44,21.6,4.02
HOPV15,DKL Multi-Fidelity,44,21.7,4.02
HOPV15,DKL Multi-Fidelity,44,21.8,4.02
HOPV15,DKL Multi-Fidelity,44,21.9,4.02
HOPV15,DKL Multi-Fidelity,44,22.0,4.02
HOPV15,DKL Multi-Fidelity,44,22.1,4.02
HOPV15,DKL Multi-Fidelity,44,22.2,4.02
HOPV15,DKL Multi-Fidelity,44,22.3,4.02
HOPV15,DKL Multi-Fidelity,44,22.4,4.02
HOPV15,DKL Multi-Fidelity,44,22.5,4.02
HOPV15,DKL Multi-Fidelity,44,23.5,4.02
HOPV15,DKL Multi-Fidelity,44,23.6,4.02
HOPV15,DKL Multi-Fidelity,44,23.7,4.02
HOPV15,DKL Multi-Fidelity,44,23.8,4.02
HOPV15,DKL Multi-Fidelity,44,23.9,4.02
HOPV15,DKL Multi-Fidelity,44,24.0,4.02
HOPV15,DKL Multi-Fidelity,44,24.1,4.02
HOPV15,DKL Multi-Fidelity,44,24.2,4.02
HOPV15,DKL Multi-Fidelity,44,24.3,4.02
HOPV15,DKL Multi-Fidelity,44,24.4,4.02
HOPV15,DKL Multi-Fidelity,44,24.5,4.02
HOPV15,DKL Multi-Fidelity,44,25.5,4.02
HOPV15,DKL Multi-Fidelity,44,25.6,4.02
HOPV15,DKL Multi-Fidelity,44,25.7,4.02
HOPV15,DKL Multi-Fidelity,44,25.8,4.02
HOPV15,DKL Multi-Fidelity,44,25.9,4.02
HOPV15,DKL Multi-Fidelity,44,26.0,4.02
HOPV15,DKL Multi-Fidelity,44,26.1,4.02
HOPV15,DKL Multi-Fidelity,44,26.2,4.02
HOPV15,DKL Multi-Fidelity,44,26.3,4.02
HOPV15,DKL Multi-Fidelity,44,26.4,4.02
HOPV15,DKL Multi-Fidelity,44,26.5,4.02
HOPV15,DKL Multi-Fidelity,44,27.5,4.02
HOPV15,DKL Multi-Fidelity,44,27.6,4.02
HOPV15,DKL Multi-Fidelity,44,27.7,4.02
HOPV15,DKL Multi-Fidelity,44,27.8,4.02
HOPV15,DKL Multi-Fidelity,44,27.9,4.02
HOPV15,DKL Multi-Fidelity,44,28.0,4.02
HOPV15,DKL Multi-Fidelity,44,28.1,4.02
HOPV15,DKL Multi-Fidelity,44,28.2,4.02
HOPV15,DKL Multi-Fidelity,44,28.3,4.02
HOPV15,DKL Multi-Fidelity,44,28.4,4.02
HOPV15,DKL Multi-Fidelity,44,28.5,4.02
HOPV15,DKL Multi-Fidelity,44,29.5,4.02
HOPV15,DKL Multi-Fidelity,44,29.6,4.02
HOPV15,DKL Multi-Fidelity,44,29.7,4.02
HOPV15,DKL Multi-Fidelity,44,29.8,4.02
HOPV15,DKL Multi-Fidelity,44,29.9,4.02
HOPV15,DKL Multi-Fidelity,45,3.5,6.85
HOPV15,DKL Multi-Fidelity,45,3.6,6.85
HOPV15,DKL Multi-Fidelity,45,3.7,6.85
HOPV15,DKL Multi-Fidelity,45,3.8,6.85
HOPV15,DKL Multi-Fidelity,45,3.9,6.85
HOPV15,DKL Multi-Fidelity,45,4.0,6.85
HOPV15,DKL Multi-Fidelity,45,4.1,6.85
HOPV15,DKL Multi-Fidelity,45,4.2,6.85
HOPV15,DKL Multi-Fidelity,45,4.3,6.85
HOPV15,DKL Multi-Fidelity,45,4.4,6.85
HOPV15,DKL Multi-Fidelity,45,4.5,6.85
HOPV15,DKL Multi-Fidelity,45,5.5,6.85
HOPV15,DKL Multi-Fidelity,45,5.6,6.85
HOPV15,DKL Multi-Fidelity,45,5.7,6.85
HOPV15,DKL Multi-Fidelity,45,5.8,6.85
HOPV15,DKL Multi-Fidelity,45,5.9,6.85
HOPV15,DKL Multi-Fidelity,45,6.0,6.85
HOPV15,DKL Multi-Fidelity,45,6.1,6.85
HOPV15,DKL Multi-Fidelity,45,6.2,6.85
HOPV15,DKL Multi-Fidelity,45,6.3,6.85
HOPV15,DKL Multi-Fidelity,45,6.4,6.85
HOPV15,DKL Multi-Fidelity,45,6.5,6.85
HOPV15,DKL Multi-Fidelity,45,7.5,6.799999999999999
HOPV15,DKL Multi-Fidelity,45,7.6,6.799999999999999
HOPV15,DKL Multi-Fidelity,45,7.7,6.799999999999999
HOPV15,DKL Multi-Fidelity,45,7.8,6.799999999999999
HOPV15,DKL Multi-Fidelity,45,7.9,6.799999999999999
HOPV15,DKL Multi-Fidelity,45,8.0,6.799999999999999
HOPV15,DKL Multi-Fidelity,45,8.1,6.799999999999999
HOPV15,DKL Multi-Fidelity,45,8.2,6.799999999999999
HOPV15,DKL Multi-Fidelity,45,8.3,6.799999999999999
HOPV15,DKL Multi-Fidelity,45,8.4,6.799999999999999
HOPV15,DKL Multi-Fidelity,45,8.5,6.799999999999999
HOPV15,DKL Multi-Fidelity,45,9.5,3.8999999999999995
HOPV15,DKL Multi-Fidelity,45,9.6,3.8999999999999995
HOPV15,DKL Multi-Fidelity,45,9.7,3.8999999999999995
HOPV15,DKL Multi-Fidelity,45,9.8,3.8999999999999995
HOPV15,DKL Multi-Fidelity,45,9.9,3.8999999999999995
HOPV15,DKL Multi-Fidelity,45,10.0,3.8999999999999995
HOPV15,DKL Multi-Fidelity,45,10.1,3.8999999999999995
HOPV15,DKL Multi-Fidelity,45,10.2,3.8999999999999995
HOPV15,DKL Multi-Fidelity,45,10.3,3.8999999999999995
HOPV15,DKL Multi-Fidelity,45,10.4,3.8999999999999995
HOPV15,DKL Multi-Fidelity,45,10.5,3.8999999999999995
HOPV15,DKL Multi-Fidelity,45,11.5,3.8999999999999995
HOPV15,DKL Multi-Fidelity,45,11.6,3.8999999999999995
HOPV15,DKL Multi-Fidelity,45,11.7,3.8999999999999995
HOPV15,DKL Multi-Fidelity,45,11.8,3.8999999999999995
HOPV15,DKL Multi-Fidelity,45,11.9,3.8999999999999995
HOPV15,DKL Multi-Fidelity,45,12.0,3.8999999999999995
HOPV15,DKL Multi-Fidelity,45,12.1,3.8999999999999995
HOPV15,DKL Multi-Fidelity,45,12.2,3.8999999999999995
HOPV15,DKL Multi-Fidelity,45,12.3,3.8999999999999995
HOPV15,DKL Multi-Fidelity,45,12.4,3.8999999999999995
HOPV15,DKL Multi-Fidelity,45,12.5,3.8999999999999995
HOPV15,DKL Multi-Fidelity,45,13.5,3.8999999999999995
HOPV15,DKL Multi-Fidelity,45,13.6,3.8999999999999995
HOPV15,DKL Multi-Fidelity,45,13.7,3.8999999999999995
HOPV15,DKL Multi-Fidelity,45,13.8,3.8999999999999995
HOPV15,DKL Multi-Fidelity,45,13.9,3.8999999999999995
HOPV15,DKL Multi-Fidelity,45,14.0,3.8999999999999995
HOPV15,DKL Multi-Fidelity,45,14.1,3.8999999999999995
HOPV15,DKL Multi-Fidelity,45,14.2,3.8999999999999995
HOPV15,DKL Multi-Fidelity,45,14.3,3.8999999999999995
HOPV15,DKL Multi-Fidelity,45,14.4,3.8999999999999995
HOPV15,DKL Multi-Fidelity,45,14.5,3.8999999999999995
HOPV15,DKL Multi-Fidelity,45,15.5,3.8999999999999995
HOPV15,DKL Multi-Fidelity,45,15.6,3.8999999999999995
HOPV15,DKL Multi-Fidelity,45,15.7,3.8999999999999995
HOPV15,DKL Multi-Fidelity,45,15.8,3.8999999999999995
HOPV15,DKL Multi-Fidelity,45,15.9,3.8999999999999995
HOPV15,DKL Multi-Fidelity,45,16.0,3.8999999999999995
HOPV15,DKL Multi-Fidelity,45,16.1,3.8999999999999995
HOPV15,DKL Multi-Fidelity,45,16.2,3.8999999999999995
HOPV15,DKL Multi-Fidelity,45,16.3,3.8999999999999995
HOPV15,DKL Multi-Fidelity,45,16.4,3.8999999999999995
HOPV15,DKL Multi-Fidelity,45,16.5,3.8999999999999995
HOPV15,DKL Multi-Fidelity,45,17.5,3.8999999999999995
HOPV15,DKL Multi-Fidelity,45,17.6,3.8999999999999995
HOPV15,DKL Multi-Fidelity,45,17.7,3.8999999999999995
HOPV15,DKL Multi-Fidelity,45,17.8,3.8999999999999995
HOPV15,DKL Multi-Fidelity,45,17.9,3.8999999999999995
HOPV15,DKL Multi-Fidelity,45,18.0,3.8999999999999995
HOPV15,DKL Multi-Fidelity,45,18.1,3.8999999999999995
HOPV15,DKL Multi-Fidelity,45,18.2,3.8999999999999995
HOPV15,DKL Multi-Fidelity,45,18.3,3.8999999999999995
HOPV15,DKL Multi-Fidelity,45,18.4,3.8999999999999995
HOPV15,DKL Multi-Fidelity,45,18.5,3.8999999999999995
HOPV15,DKL Multi-Fidelity,45,19.5,3.8999999999999995
HOPV15,DKL Multi-Fidelity,45,19.6,3.8999999999999995
HOPV15,DKL Multi-Fidelity,45,19.7,3.8999999999999995
HOPV15,DKL Multi-Fidelity,45,19.8,3.8999999999999995
HOPV15,DKL Multi-Fidelity,45,19.9,3.8999999999999995
HOPV15,DKL Multi-Fidelity,45,20.0,3.8999999999999995
HOPV15,DKL Multi-Fidelity,45,20.1,3.8999999999999995
HOPV15,DKL Multi-Fidelity,45,20.2,3.8999999999999995
HOPV15,DKL Multi-Fidelity,45,20.3,3.8999999999999995
HOPV15,DKL Multi-Fidelity,45,20.4,3.8999999999999995
HOPV15,DKL Multi-Fidelity,45,20.5,3.8999999999999995
HOPV15,DKL Multi-Fidelity,45,21.5,3.8999999999999995
HOPV15,DKL Multi-Fidelity,45,21.6,3.8999999999999995
HOPV15,DKL Multi-Fidelity,45,21.7,3.8999999999999995
HOPV15,DKL Multi-Fidelity,45,21.8,3.8999999999999995
HOPV15,DKL Multi-Fidelity,45,21.9,3.8999999999999995
HOPV15,DKL Multi-Fidelity,45,22.0,3.8999999999999995
HOPV15,DKL Multi-Fidelity,45,22.1,3.8999999999999995
HOPV15,DKL Multi-Fidelity,45,22.2,3.8999999999999995
HOPV15,DKL Multi-Fidelity,45,22.3,3.8999999999999995
HOPV15,DKL Multi-Fidelity,45,22.4,3.8999999999999995
HOPV15,DKL Multi-Fidelity,45,22.5,3.8999999999999995
HOPV15,DKL Multi-Fidelity,45,23.5,3.8999999999999995
HOPV15,DKL Multi-Fidelity,45,23.6,3.8999999999999995
HOPV15,DKL Multi-Fidelity,45,23.7,3.8999999999999995
HOPV15,DKL Multi-Fidelity,45,23.8,3.8999999999999995
HOPV15,DKL Multi-Fidelity,45,23.9,3.8999999999999995
HOPV15,DKL Multi-Fidelity,45,24.0,3.8999999999999995
HOPV15,DKL Multi-Fidelity,45,24.1,3.8999999999999995
HOPV15,DKL Multi-Fidelity,45,24.2,3.8999999999999995
HOPV15,DKL Multi-Fidelity,45,24.3,3.8999999999999995
HOPV15,DKL Multi-Fidelity,45,24.4,3.8999999999999995
HOPV15,DKL Multi-Fidelity,45,24.5,3.8999999999999995
HOPV15,DKL Multi-Fidelity,45,25.5,3.8999999999999995
HOPV15,DKL Multi-Fidelity,45,25.6,3.8999999999999995
HOPV15,DKL Multi-Fidelity,45,25.7,3.8999999999999995
HOPV15,DKL Multi-Fidelity,45,25.8,3.8999999999999995
HOPV15,DKL Multi-Fidelity,45,25.9,3.8999999999999995
HOPV15,DKL Multi-Fidelity,45,26.0,3.8999999999999995
HOPV15,DKL Multi-Fidelity,45,26.1,3.8999999999999995
HOPV15,DKL Multi-Fidelity,45,26.2,3.8999999999999995
HOPV15,DKL Multi-Fidelity,45,26.3,3.8999999999999995
HOPV15,DKL Multi-Fidelity,45,26.4,3.8999999999999995
HOPV15,DKL Multi-Fidelity,45,26.5,3.8999999999999995
HOPV15,DKL Multi-Fidelity,45,27.5,3.8999999999999995
HOPV15,DKL Multi-Fidelity,45,27.6,3.8999999999999995
HOPV15,DKL Multi-Fidelity,45,27.7,3.8999999999999995
HOPV15,DKL Multi-Fidelity,45,27.8,3.8999999999999995
HOPV15,DKL Multi-Fidelity,45,27.9,3.8999999999999995
HOPV15,DKL Multi-Fidelity,45,28.0,3.8999999999999995
HOPV15,DKL Multi-Fidelity,45,28.1,3.8999999999999995
HOPV15,DKL Multi-Fidelity,45,28.2,3.8999999999999995
HOPV15,DKL Multi-Fidelity,45,28.3,3.8999999999999995
HOPV15,DKL Multi-Fidelity,45,28.4,3.8999999999999995
HOPV15,DKL Multi-Fidelity,45,28.5,3.8999999999999995
HOPV15,DKL Multi-Fidelity,45,29.5,3.8999999999999995
HOPV15,DKL Multi-Fidelity,45,29.6,3.8999999999999995
HOPV15,DKL Multi-Fidelity,45,29.7,3.8999999999999995
HOPV15,DKL Multi-Fidelity,45,29.8,3.8999999999999995
HOPV15,DKL Multi-Fidelity,45,29.9,3.8999999999999995
HOPV15,DKL Multi-Fidelity,46,3.5,7.499999999999999
HOPV15,DKL Multi-Fidelity,46,3.6,7.499999999999999
HOPV15,DKL Multi-Fidelity,46,3.7,7.499999999999999
HOPV15,DKL Multi-Fidelity,46,3.8,7.499999999999999
HOPV15,DKL Multi-Fidelity,46,3.9,7.499999999999999
HOPV15,DKL Multi-Fidelity,46,4.0,7.499999999999999
HOPV15,DKL Multi-Fidelity,46,4.1,7.499999999999999
HOPV15,DKL Multi-Fidelity,46,4.2,7.499999999999999
HOPV15,DKL Multi-Fidelity,46,4.3,7.499999999999999
HOPV15,DKL Multi-Fidelity,46,4.4,7.499999999999999
HOPV15,DKL Multi-Fidelity,46,4.5,7.499999999999999
HOPV15,DKL Multi-Fidelity,46,5.5,5.199999999999999
HOPV15,DKL Multi-Fidelity,46,5.6,5.199999999999999
HOPV15,DKL Multi-Fidelity,46,5.7,5.199999999999999
HOPV15,DKL Multi-Fidelity,46,5.8,5.199999999999999
HOPV15,DKL Multi-Fidelity,46,5.9,5.199999999999999
HOPV15,DKL Multi-Fidelity,46,6.0,5.199999999999999
HOPV15,DKL Multi-Fidelity,46,6.1,5.199999999999999
HOPV15,DKL Multi-Fidelity,46,6.2,5.199999999999999
HOPV15,DKL Multi-Fidelity,46,6.3,5.199999999999999
HOPV15,DKL Multi-Fidelity,46,6.4,5.199999999999999
HOPV15,DKL Multi-Fidelity,46,6.5,5.199999999999999
HOPV15,DKL Multi-Fidelity,46,7.5,4.799999999999999
HOPV15,DKL Multi-Fidelity,46,7.6,4.799999999999999
HOPV15,DKL Multi-Fidelity,46,7.7,4.799999999999999
HOPV15,DKL Multi-Fidelity,46,7.8,4.799999999999999
HOPV15,DKL Multi-Fidelity,46,7.9,4.799999999999999
HOPV15,DKL Multi-Fidelity,46,8.0,4.799999999999999
HOPV15,DKL Multi-Fidelity,46,8.1,4.799999999999999
HOPV15,DKL Multi-Fidelity,46,8.2,4.799999999999999
HOPV15,DKL Multi-Fidelity,46,8.3,4.799999999999999
HOPV15,DKL Multi-Fidelity,46,8.4,4.799999999999999
HOPV15,DKL Multi-Fidelity,46,8.5,4.799999999999999
HOPV15,DKL Multi-Fidelity,46,9.5,4.799999999999999
HOPV15,DKL Multi-Fidelity,46,9.6,4.799999999999999
HOPV15,DKL Multi-Fidelity,46,9.7,4.799999999999999
HOPV15,DKL Multi-Fidelity,46,9.8,4.799999999999999
HOPV15,DKL Multi-Fidelity,46,9.9,4.799999999999999
HOPV15,DKL Multi-Fidelity,46,10.0,4.799999999999999
HOPV15,DKL Multi-Fidelity,46,10.1,4.799999999999999
HOPV15,DKL Multi-Fidelity,46,10.2,4.799999999999999
HOPV15,DKL Multi-Fidelity,46,10.3,4.799999999999999
HOPV15,DKL Multi-Fidelity,46,10.4,4.799999999999999
HOPV15,DKL Multi-Fidelity,46,10.5,4.799999999999999
HOPV15,DKL Multi-Fidelity,46,11.5,4.629999999999999
HOPV15,DKL Multi-Fidelity,46,11.6,4.629999999999999
HOPV15,DKL Multi-Fidelity,46,11.7,4.629999999999999
HOPV15,DKL Multi-Fidelity,46,11.8,4.629999999999999
HOPV15,DKL Multi-Fidelity,46,11.9,4.629999999999999
HOPV15,DKL Multi-Fidelity,46,12.0,4.629999999999999
HOPV15,DKL Multi-Fidelity,46,12.1,4.629999999999999
HOPV15,DKL Multi-Fidelity,46,12.2,4.629999999999999
HOPV15,DKL Multi-Fidelity,46,12.3,4.629999999999999
HOPV15,DKL Multi-Fidelity,46,12.4,4.629999999999999
HOPV15,DKL Multi-Fidelity,46,12.5,4.629999999999999
HOPV15,DKL Multi-Fidelity,46,13.5,3.789999999999999
HOPV15,DKL Multi-Fidelity,46,13.6,3.789999999999999
HOPV15,DKL Multi-Fidelity,46,13.7,3.789999999999999
HOPV15,DKL Multi-Fidelity,46,13.8,3.789999999999999
HOPV15,DKL Multi-Fidelity,46,13.9,3.789999999999999
HOPV15,DKL Multi-Fidelity,46,14.0,3.789999999999999
HOPV15,DKL Multi-Fidelity,46,14.1,3.789999999999999
HOPV15,DKL Multi-Fidelity,46,14.2,3.789999999999999
HOPV15,DKL Multi-Fidelity,46,14.3,3.789999999999999
HOPV15,DKL Multi-Fidelity,46,14.4,3.789999999999999
HOPV15,DKL Multi-Fidelity,46,14.5,3.789999999999999
HOPV15,DKL Multi-Fidelity,46,15.5,3.789999999999999
HOPV15,DKL Multi-Fidelity,46,15.6,3.789999999999999
HOPV15,DKL Multi-Fidelity,46,15.7,3.789999999999999
HOPV15,DKL Multi-Fidelity,46,15.8,3.789999999999999
HOPV15,DKL Multi-Fidelity,46,15.9,3.789999999999999
HOPV15,DKL Multi-Fidelity,46,16.0,3.789999999999999
HOPV15,DKL Multi-Fidelity,46,16.1,3.789999999999999
HOPV15,DKL Multi-Fidelity,46,16.2,3.789999999999999
HOPV15,DKL Multi-Fidelity,46,16.3,3.789999999999999
HOPV15,DKL Multi-Fidelity,46,16.4,3.789999999999999
HOPV15,DKL Multi-Fidelity,46,16.5,3.789999999999999
HOPV15,DKL Multi-Fidelity,46,17.5,3.789999999999999
HOPV15,DKL Multi-Fidelity,46,17.6,3.789999999999999
HOPV15,DKL Multi-Fidelity,46,17.7,3.789999999999999
HOPV15,DKL Multi-Fidelity,46,17.8,3.789999999999999
HOPV15,DKL Multi-Fidelity,46,17.9,3.789999999999999
HOPV15,DKL Multi-Fidelity,46,18.0,3.789999999999999
HOPV15,DKL Multi-Fidelity,46,18.1,3.789999999999999
HOPV15,DKL Multi-Fidelity,46,18.2,3.789999999999999
HOPV15,DKL Multi-Fidelity,46,18.3,3.789999999999999
HOPV15,DKL Multi-Fidelity,46,18.4,3.789999999999999
HOPV15,DKL Multi-Fidelity,46,18.5,3.789999999999999
HOPV15,DKL Multi-Fidelity,46,19.5,3.789999999999999
HOPV15,DKL Multi-Fidelity,46,19.6,3.789999999999999
HOPV15,DKL Multi-Fidelity,46,19.7,3.789999999999999
HOPV15,DKL Multi-Fidelity,46,19.8,3.789999999999999
HOPV15,DKL Multi-Fidelity,46,19.9,3.789999999999999
HOPV15,DKL Multi-Fidelity,46,20.0,3.789999999999999
HOPV15,DKL Multi-Fidelity,46,20.1,3.789999999999999
HOPV15,DKL Multi-Fidelity,46,20.2,3.789999999999999
HOPV15,DKL Multi-Fidelity,46,20.3,3.789999999999999
HOPV15,DKL Multi-Fidelity,46,20.4,3.789999999999999
HOPV15,DKL Multi-Fidelity,46,20.5,3.789999999999999
HOPV15,DKL Multi-Fidelity,46,21.5,3.789999999999999
HOPV15,DKL Multi-Fidelity,46,21.6,3.789999999999999
HOPV15,DKL Multi-Fidelity,46,21.7,3.789999999999999
HOPV15,DKL Multi-Fidelity,46,21.8,3.789999999999999
HOPV15,DKL Multi-Fidelity,46,21.9,3.789999999999999
HOPV15,DKL Multi-Fidelity,46,22.0,3.789999999999999
HOPV15,DKL Multi-Fidelity,46,22.1,3.789999999999999
HOPV15,DKL Multi-Fidelity,46,22.2,3.789999999999999
HOPV15,DKL Multi-Fidelity,46,22.3,3.789999999999999
HOPV15,DKL Multi-Fidelity,46,22.4,3.789999999999999
HOPV15,DKL Multi-Fidelity,46,22.5,3.789999999999999
HOPV15,DKL Multi-Fidelity,46,23.5,3.789999999999999
HOPV15,DKL Multi-Fidelity,46,23.6,3.789999999999999
HOPV15,DKL Multi-Fidelity,46,23.7,3.789999999999999
HOPV15,DKL Multi-Fidelity,46,23.8,3.789999999999999
HOPV15,DKL Multi-Fidelity,46,23.9,3.789999999999999
HOPV15,DKL Multi-Fidelity,46,24.0,3.789999999999999
HOPV15,DKL Multi-Fidelity,46,24.1,3.789999999999999
HOPV15,DKL Multi-Fidelity,46,24.2,3.789999999999999
HOPV15,DKL Multi-Fidelity,46,24.3,3.789999999999999
HOPV15,DKL Multi-Fidelity,46,24.4,3.789999999999999
HOPV15,DKL Multi-Fidelity,46,24.5,3.789999999999999
HOPV15,DKL Multi-Fidelity,46,25.5,3.789999999999999
HOPV15,DKL Multi-Fidelity,46,25.6,3.789999999999999
HOPV15,DKL Multi-Fidelity,46,25.7,3.789999999999999
HOPV15,DKL Multi-Fidelity,46,25.8,3.789999999999999
HOPV15,DKL Multi-Fidelity,46,25.9,3.789999999999999
HOPV15,DKL Multi-Fidelity,46,26.0,3.789999999999999
HOPV15,DKL Multi-Fidelity,46,26.1,3.789999999999999
HOPV15,DKL Multi-Fidelity,46,26.2,3.789999999999999
HOPV15,DKL Multi-Fidelity,46,26.3,3.789999999999999
HOPV15,DKL Multi-Fidelity,46,26.4,3.789999999999999
HOPV15,DKL Multi-Fidelity,46,26.5,3.789999999999999
HOPV15,DKL Multi-Fidelity,46,27.5,3.789999999999999
HOPV15,DKL Multi-Fidelity,46,27.6,3.789999999999999
HOPV15,DKL Multi-Fidelity,46,27.7,3.789999999999999
HOPV15,DKL Multi-Fidelity,46,27.8,3.789999999999999
HOPV15,DKL Multi-Fidelity,46,27.9,3.789999999999999
HOPV15,DKL Multi-Fidelity,46,28.0,3.789999999999999
HOPV15,DKL Multi-Fidelity,46,28.1,3.789999999999999
HOPV15,DKL Multi-Fidelity,46,28.2,3.789999999999999
HOPV15,DKL Multi-Fidelity,46,28.3,3.789999999999999
HOPV15,DKL Multi-Fidelity,46,28.4,3.789999999999999
HOPV15,DKL Multi-Fidelity,46,28.5,3.789999999999999
HOPV15,DKL Multi-Fidelity,46,29.5,3.789999999999999
HOPV15,DKL Multi-Fidelity,46,29.6,3.789999999999999
HOPV15,DKL Multi-Fidelity,46,29.7,3.789999999999999
HOPV15,DKL Multi-Fidelity,46,29.8,3.789999999999999
HOPV15,DKL Multi-Fidelity,46,29.9,3.789999999999999
HOPV15,DKL Multi-Fidelity,47,3.5,6.14
HOPV15,DKL Multi-Fidelity,47,3.6,6.14
HOPV15,DKL Multi-Fidelity,47,3.7,6.14
HOPV15,DKL Multi-Fidelity,47,3.8,6.14
HOPV15,DKL Multi-Fidelity,47,3.9,6.14
HOPV15,DKL Multi-Fidelity,47,4.0,6.14
HOPV15,DKL Multi-Fidelity,47,4.1,6.14
HOPV15,DKL Multi-Fidelity,47,4.2,6.14
HOPV15,DKL Multi-Fidelity,47,4.3,6.14
HOPV15,DKL Multi-Fidelity,47,4.4,6.14
HOPV15,DKL Multi-Fidelity,47,4.5,6.14
HOPV15,DKL Multi-Fidelity,47,5.5,6.14
HOPV15,DKL Multi-Fidelity,47,5.6,6.14
HOPV15,DKL Multi-Fidelity,47,5.7,6.14
HOPV15,DKL Multi-Fidelity,47,5.8,6.14
HOPV15,DKL Multi-Fidelity,47,5.9,6.14
HOPV15,DKL Multi-Fidelity,47,6.0,6.14
HOPV15,DKL Multi-Fidelity,47,6.1,6.14
HOPV15,DKL Multi-Fidelity,47,6.2,6.14
HOPV15,DKL Multi-Fidelity,47,6.3,6.14
HOPV15,DKL Multi-Fidelity,47,6.4,6.14
HOPV15,DKL Multi-Fidelity,47,6.5,6.14
HOPV15,DKL Multi-Fidelity,47,7.5,1.5999999999999996
HOPV15,DKL Multi-Fidelity,47,7.6,1.5999999999999996
HOPV15,DKL Multi-Fidelity,47,7.7,1.5999999999999996
HOPV15,DKL Multi-Fidelity,47,7.8,1.5999999999999996
HOPV15,DKL Multi-Fidelity,47,7.9,1.5999999999999996
HOPV15,DKL Multi-Fidelity,47,8.0,1.5999999999999996
HOPV15,DKL Multi-Fidelity,47,8.1,1.5999999999999996
HOPV15,DKL Multi-Fidelity,47,8.2,1.5999999999999996
HOPV15,DKL Multi-Fidelity,47,8.3,1.5999999999999996
HOPV15,DKL Multi-Fidelity,47,8.4,1.5999999999999996
HOPV15,DKL Multi-Fidelity,47,8.5,1.5999999999999996
HOPV15,DKL Multi-Fidelity,47,9.5,1.5999999999999996
HOPV15,DKL Multi-Fidelity,47,9.6,1.5999999999999996
HOPV15,DKL Multi-Fidelity,47,9.7,1.5999999999999996
HOPV15,DKL Multi-Fidelity,47,9.8,1.5999999999999996
HOPV15,DKL Multi-Fidelity,47,9.9,1.5999999999999996
HOPV15,DKL Multi-Fidelity,47,10.0,1.5999999999999996
HOPV15,DKL Multi-Fidelity,47,10.1,1.5999999999999996
HOPV15,DKL Multi-Fidelity,47,10.2,1.5999999999999996
HOPV15,DKL Multi-Fidelity,47,10.3,1.5999999999999996
HOPV15,DKL Multi-Fidelity,47,10.4,1.5999999999999996
HOPV15,DKL Multi-Fidelity,47,10.5,1.5999999999999996
HOPV15,DKL Multi-Fidelity,47,11.5,1.5999999999999996
HOPV15,DKL Multi-Fidelity,47,11.6,1.5999999999999996
HOPV15,DKL Multi-Fidelity,47,11.7,1.5999999999999996
HOPV15,DKL Multi-Fidelity,47,11.8,1.5999999999999996
HOPV15,DKL Multi-Fidelity,47,11.9,1.5999999999999996
HOPV15,DKL Multi-Fidelity,47,12.0,1.5999999999999996
HOPV15,DKL Multi-Fidelity,47,12.1,1.5999999999999996
HOPV15,DKL Multi-Fidelity,47,12.2,1.5999999999999996
HOPV15,DKL Multi-Fidelity,47,12.3,1.5999999999999996
HOPV15,DKL Multi-Fidelity,47,12.4,1.5999999999999996
HOPV15,DKL Multi-Fidelity,47,12.5,1.5999999999999996
HOPV15,DKL Multi-Fidelity,47,13.5,1.5999999999999996
HOPV15,DKL Multi-Fidelity,47,13.6,1.5999999999999996
HOPV15,DKL Multi-Fidelity,47,13.7,1.5999999999999996
HOPV15,DKL Multi-Fidelity,47,13.8,1.5999999999999996
HOPV15,DKL Multi-Fidelity,47,13.9,1.5999999999999996
HOPV15,DKL Multi-Fidelity,47,14.0,1.5999999999999996
HOPV15,DKL Multi-Fidelity,47,14.1,1.5999999999999996
HOPV15,DKL Multi-Fidelity,47,14.2,1.5999999999999996
HOPV15,DKL Multi-Fidelity,47,14.3,1.5999999999999996
HOPV15,DKL Multi-Fidelity,47,14.4,1.5999999999999996
HOPV15,DKL Multi-Fidelity,47,14.5,1.5999999999999996
HOPV15,DKL Multi-Fidelity,47,15.5,1.5999999999999996
HOPV15,DKL Multi-Fidelity,47,15.6,1.5999999999999996
HOPV15,DKL Multi-Fidelity,47,15.7,1.5999999999999996
HOPV15,DKL Multi-Fidelity,47,15.8,1.5999999999999996
HOPV15,DKL Multi-Fidelity,47,15.9,1.5999999999999996
HOPV15,DKL Multi-Fidelity,47,16.0,1.5999999999999996
HOPV15,DKL Multi-Fidelity,47,16.1,1.5999999999999996
HOPV15,DKL Multi-Fidelity,47,16.2,1.5999999999999996
HOPV15,DKL Multi-Fidelity,47,16.3,1.5999999999999996
HOPV15,DKL Multi-Fidelity,47,16.4,1.5999999999999996
HOPV15,DKL Multi-Fidelity,47,16.5,1.5999999999999996
HOPV15,DKL Multi-Fidelity,47,17.5,1.5999999999999996
HOPV15,DKL Multi-Fidelity,47,17.6,1.5999999999999996
HOPV15,DKL Multi-Fidelity,47,17.7,1.5999999999999996
HOPV15,DKL Multi-Fidelity,47,17.8,1.5999999999999996
HOPV15,DKL Multi-Fidelity,47,17.9,1.5999999999999996
HOPV15,DKL Multi-Fidelity,47,18.0,1.5999999999999996
HOPV15,DKL Multi-Fidelity,47,18.1,1.5999999999999996
HOPV15,DKL Multi-Fidelity,47,18.2,1.5999999999999996
HOPV15,DKL Multi-Fidelity,47,18.3,1.5999999999999996
HOPV15,DKL Multi-Fidelity,47,18.4,1.5999999999999996
HOPV15,DKL Multi-Fidelity,47,18.5,1.5999999999999996
HOPV15,DKL Multi-Fidelity,47,19.5,1.5999999999999996
HOPV15,DKL Multi-Fidelity,47,19.6,1.5999999999999996
HOPV15,DKL Multi-Fidelity,47,19.7,1.5999999999999996
HOPV15,DKL Multi-Fidelity,47,19.8,1.5999999999999996
HOPV15,DKL Multi-Fidelity,47,19.9,1.5999999999999996
HOPV15,DKL Multi-Fidelity,47,20.0,1.5999999999999996
HOPV15,DKL Multi-Fidelity,47,20.1,1.5999999999999996
HOPV15,DKL Multi-Fidelity,47,20.2,1.5999999999999996
HOPV15,DKL Multi-Fidelity,47,20.3,1.5999999999999996
HOPV15,DKL Multi-Fidelity,47,20.4,1.5999999999999996
HOPV15,DKL Multi-Fidelity,47,20.5,1.5999999999999996
HOPV15,DKL Multi-Fidelity,47,21.5,1.5999999999999996
HOPV15,DKL Multi-Fidelity,47,21.6,1.5999999999999996
HOPV15,DKL Multi-Fidelity,47,21.7,1.5999999999999996
HOPV15,DKL Multi-Fidelity,47,21.8,1.5999999999999996
HOPV15,DKL Multi-Fidelity,47,21.9,1.5999999999999996
HOPV15,DKL Multi-Fidelity,47,22.0,1.5999999999999996
HOPV15,DKL Multi-Fidelity,47,22.1,1.5999999999999996
HOPV15,DKL Multi-Fidelity,47,22.2,1.5999999999999996
HOPV15,DKL Multi-Fidelity,47,22.3,1.5999999999999996
HOPV15,DKL Multi-Fidelity,47,22.4,1.5999999999999996
HOPV15,DKL Multi-Fidelity,47,22.5,1.5999999999999996
HOPV15,DKL Multi-Fidelity,47,23.5,1.5999999999999996
HOPV15,DKL Multi-Fidelity,47,23.6,1.5999999999999996
HOPV15,DKL Multi-Fidelity,47,23.7,1.5999999999999996
HOPV15,DKL Multi-Fidelity,47,23.8,1.5999999999999996
HOPV15,DKL Multi-Fidelity,47,23.9,1.5999999999999996
HOPV15,DKL Multi-Fidelity,47,24.0,1.5999999999999996
HOPV15,DKL Multi-Fidelity,47,24.1,1.5999999999999996
HOPV15,DKL Multi-Fidelity,47,24.2,1.5999999999999996
HOPV15,DKL Multi-Fidelity,47,24.3,1.5999999999999996
HOPV15,DKL Multi-Fidelity,47,24.4,1.5999999999999996
HOPV15,DKL Multi-Fidelity,47,24.5,1.5999999999999996
HOPV15,DKL Multi-Fidelity,47,25.5,1.5999999999999996
HOPV15,DKL Multi-Fidelity,47,25.6,1.5999999999999996
HOPV15,DKL Multi-Fidelity,47,25.7,1.5999999999999996
HOPV15,DKL Multi-Fidelity,47,25.8,1.5999999999999996
HOPV15,DKL Multi-Fidelity,47,25.9,1.5999999999999996
HOPV15,DKL Multi-Fidelity,47,26.0,1.5999999999999996
HOPV15,DKL Multi-Fidelity,47,26.1,1.5999999999999996
HOPV15,DKL Multi-Fidelity,47,26.2,1.5999999999999996
HOPV15,DKL Multi-Fidelity,47,26.3,1.5999999999999996
HOPV15,DKL Multi-Fidelity,47,26.4,1.5999999999999996
HOPV15,DKL Multi-Fidelity,47,26.5,1.5999999999999996
HOPV15,DKL Multi-Fidelity,47,27.5,1.5999999999999996
HOPV15,DKL Multi-Fidelity,47,27.6,1.5999999999999996
HOPV15,DKL Multi-Fidelity,47,27.7,1.5999999999999996
HOPV15,DKL Multi-Fidelity,47,27.8,1.5999999999999996
HOPV15,DKL Multi-Fidelity,47,27.9,1.5999999999999996
HOPV15,DKL Multi-Fidelity,47,28.0,1.5999999999999996
HOPV15,DKL Multi-Fidelity,47,28.1,1.5999999999999996
HOPV15,DKL Multi-Fidelity,47,28.2,1.5999999999999996
HOPV15,DKL Multi-Fidelity,47,28.3,1.5999999999999996
HOPV15,DKL Multi-Fidelity,47,28.4,1.5999999999999996
HOPV15,DKL Multi-Fidelity,47,28.5,1.5999999999999996
HOPV15,DKL Multi-Fidelity,47,29.5,1.5999999999999996
HOPV15,DKL Multi-Fidelity,47,29.6,1.5999999999999996
HOPV15,DKL Multi-Fidelity,47,29.7,1.5999999999999996
HOPV15,DKL Multi-Fidelity,47,29.8,1.5999999999999996
HOPV15,DKL Multi-Fidelity,47,29.9,1.5999999999999996
HOPV15,DKL Multi-Fidelity,48,3.5,6.85
HOPV15,DKL Multi-Fidelity,48,3.6,6.85
HOPV15,DKL Multi-Fidelity,48,3.7,6.85
HOPV15,DKL Multi-Fidelity,48,3.8,6.85
HOPV15,DKL Multi-Fidelity,48,3.9,6.85
HOPV15,DKL Multi-Fidelity,48,4.0,6.85
HOPV15,DKL Multi-Fidelity,48,4.1,6.85
HOPV15,DKL Multi-Fidelity,48,4.2,6.85
HOPV15,DKL Multi-Fidelity,48,4.3,6.85
HOPV15,DKL Multi-Fidelity,48,4.4,6.85
HOPV15,DKL Multi-Fidelity,48,4.5,6.85
HOPV15,DKL Multi-Fidelity,48,5.5,4.02
HOPV15,DKL Multi-Fidelity,48,5.6,4.02
HOPV15,DKL Multi-Fidelity,48,5.7,4.02
HOPV15,DKL Multi-Fidelity,48,5.8,4.02
HOPV15,DKL Multi-Fidelity,48,5.9,4.02
HOPV15,DKL Multi-Fidelity,48,6.0,4.02
HOPV15,DKL Multi-Fidelity,48,6.1,4.02
HOPV15,DKL Multi-Fidelity,48,6.2,4.02
HOPV15,DKL Multi-Fidelity,48,6.3,4.02
HOPV15,DKL Multi-Fidelity,48,6.4,4.02
HOPV15,DKL Multi-Fidelity,48,6.5,4.02
HOPV15,DKL Multi-Fidelity,48,7.5,4.02
HOPV15,DKL Multi-Fidelity,48,7.6,4.02
HOPV15,DKL Multi-Fidelity,48,7.7,4.02
HOPV15,DKL Multi-Fidelity,48,7.8,4.02
HOPV15,DKL Multi-Fidelity,48,7.9,4.02
HOPV15,DKL Multi-Fidelity,48,8.0,4.02
HOPV15,DKL Multi-Fidelity,48,8.1,4.02
HOPV15,DKL Multi-Fidelity,48,8.2,4.02
HOPV15,DKL Multi-Fidelity,48,8.3,4.02
HOPV15,DKL Multi-Fidelity,48,8.4,4.02
HOPV15,DKL Multi-Fidelity,48,8.5,4.02
HOPV15,DKL Multi-Fidelity,48,9.5,2.8999999999999995
HOPV15,DKL Multi-Fidelity,48,9.6,2.8999999999999995
HOPV15,DKL Multi-Fidelity,48,9.7,2.8999999999999995
HOPV15,DKL Multi-Fidelity,48,9.8,2.8999999999999995
HOPV15,DKL Multi-Fidelity,48,9.9,2.8999999999999995
HOPV15,DKL Multi-Fidelity,48,10.0,2.8999999999999995
HOPV15,DKL Multi-Fidelity,48,10.1,2.8999999999999995
HOPV15,DKL Multi-Fidelity,48,10.2,2.8999999999999995
HOPV15,DKL Multi-Fidelity,48,10.3,2.8999999999999995
HOPV15,DKL Multi-Fidelity,48,10.4,2.8999999999999995
HOPV15,DKL Multi-Fidelity,48,10.5,2.8999999999999995
HOPV15,DKL Multi-Fidelity,48,11.5,2.8999999999999995
HOPV15,DKL Multi-Fidelity,48,11.6,2.8999999999999995
HOPV15,DKL Multi-Fidelity,48,11.7,2.8999999999999995
HOPV15,DKL Multi-Fidelity,48,11.8,2.8999999999999995
HOPV15,DKL Multi-Fidelity,48,11.9,2.8999999999999995
HOPV15,DKL Multi-Fidelity,48,12.0,2.8999999999999995
HOPV15,DKL Multi-Fidelity,48,12.1,2.8999999999999995
HOPV15,DKL Multi-Fidelity,48,12.2,2.8999999999999995
HOPV15,DKL Multi-Fidelity,48,12.3,2.8999999999999995
HOPV15,DKL Multi-Fidelity,48,12.4,2.8999999999999995
HOPV15,DKL Multi-Fidelity,48,12.5,2.8999999999999995
HOPV15,DKL Multi-Fidelity,48,13.5,2.8999999999999995
HOPV15,DKL Multi-Fidelity,48,13.6,2.8999999999999995
HOPV15,DKL Multi-Fidelity,48,13.7,2.8999999999999995
HOPV15,DKL Multi-Fidelity,48,13.8,2.8999999999999995
HOPV15,DKL Multi-Fidelity,48,13.9,2.8999999999999995
HOPV15,DKL Multi-Fidelity,48,14.0,2.8999999999999995
HOPV15,DKL Multi-Fidelity,48,14.1,2.8999999999999995
HOPV15,DKL Multi-Fidelity,48,14.2,2.8999999999999995
HOPV15,DKL Multi-Fidelity,48,14.3,2.8999999999999995
HOPV15,DKL Multi-Fidelity,48,14.4,2.8999999999999995
HOPV15,DKL Multi-Fidelity,48,14.5,2.8999999999999995
HOPV15,DKL Multi-Fidelity,48,15.5,2.8999999999999995
HOPV15,DKL Multi-Fidelity,48,15.6,2.8999999999999995
HOPV15,DKL Multi-Fidelity,48,15.7,2.8999999999999995
HOPV15,DKL Multi-Fidelity,48,15.8,2.8999999999999995
HOPV15,DKL Multi-Fidelity,48,15.9,2.8999999999999995
HOPV15,DKL Multi-Fidelity,48,16.0,2.8999999999999995
HOPV15,DKL Multi-Fidelity,48,16.1,2.8999999999999995
HOPV15,DKL Multi-Fidelity,48,16.2,2.8999999999999995
HOPV15,DKL Multi-Fidelity,48,16.3,2.8999999999999995
HOPV15,DKL Multi-Fidelity,48,16.4,2.8999999999999995
HOPV15,DKL Multi-Fidelity,48,16.5,2.8999999999999995
HOPV15,DKL Multi-Fidelity,48,17.5,0.0
HOPV15,DKL Multi-Fidelity,48,17.6,0.0
HOPV15,DKL Multi-Fidelity,48,17.7,0.0
HOPV15,DKL Multi-Fidelity,48,17.8,0.0
HOPV15,DKL Multi-Fidelity,48,17.9,0.0
HOPV15,DKL Multi-Fidelity,48,18.0,0.0
HOPV15,DKL Multi-Fidelity,48,18.1,0.0
HOPV15,DKL Multi-Fidelity,48,18.2,0.0
HOPV15,DKL Multi-Fidelity,48,18.3,0.0
HOPV15,DKL Multi-Fidelity,48,18.4,0.0
HOPV15,DKL Multi-Fidelity,48,18.5,0.0
HOPV15,DKL Multi-Fidelity,48,19.5,0.0
HOPV15,DKL Multi-Fidelity,48,19.6,0.0
HOPV15,DKL Multi-Fidelity,48,19.7,0.0
HOPV15,DKL Multi-Fidelity,48,19.8,0.0
HOPV15,DKL Multi-Fidelity,48,19.9,0.0
HOPV15,DKL Multi-Fidelity,48,20.0,0.0
HOPV15,DKL Multi-Fidelity,48,20.1,0.0
HOPV15,DKL Multi-Fidelity,48,20.2,0.0
HOPV15,DKL Multi-Fidelity,48,20.3,0.0
HOPV15,DKL Multi-Fidelity,48,20.4,0.0
HOPV15,DKL Multi-Fidelity,48,20.5,0.0
HOPV15,DKL Multi-Fidelity,48,21.5,0.0
HOPV15,DKL Multi-Fidelity,48,21.6,0.0
HOPV15,DKL Multi-Fidelity,48,21.7,0.0
HOPV15,DKL Multi-Fidelity,48,21.8,0.0
HOPV15,DKL Multi-Fidelity,48,21.9,0.0
HOPV15,DKL Multi-Fidelity,48,22.0,0.0
HOPV15,DKL Multi-Fidelity,48,22.1,0.0
HOPV15,DKL Multi-Fidelity,48,22.2,0.0
HOPV15,DKL Multi-Fidelity,48,22.3,0.0
HOPV15,DKL Multi-Fidelity,48,22.4,0.0
HOPV15,DKL Multi-Fidelity,48,22.5,0.0
HOPV15,DKL Multi-Fidelity,48,23.5,0.0
HOPV15,DKL Multi-Fidelity,48,23.6,0.0
HOPV15,DKL Multi-Fidelity,48,23.7,0.0
HOPV15,DKL Multi-Fidelity,48,23.8,0.0
HOPV15,DKL Multi-Fidelity,48,23.9,0.0
HOPV15,DKL Multi-Fidelity,48,24.0,0.0
HOPV15,DKL Multi-Fidelity,48,24.1,0.0
HOPV15,DKL Multi-Fidelity,48,24.2,0.0
HOPV15,DKL Multi-Fidelity,48,24.3,0.0
HOPV15,DKL Multi-Fidelity,48,24.4,0.0
HOPV15,DKL Multi-Fidelity,48,24.5,0.0
HOPV15,DKL Multi-Fidelity,48,25.5,0.0
HOPV15,DKL Multi-Fidelity,48,25.6,0.0
HOPV15,DKL Multi-Fidelity,48,25.7,0.0
HOPV15,DKL Multi-Fidelity,48,25.8,0.0
HOPV15,DKL Multi-Fidelity,48,25.9,0.0
HOPV15,DKL Multi-Fidelity,48,26.0,0.0
HOPV15,DKL Multi-Fidelity,48,26.1,0.0
HOPV15,DKL Multi-Fidelity,48,26.2,0.0
HOPV15,DKL Multi-Fidelity,48,26.3,0.0
HOPV15,DKL Multi-Fidelity,48,26.4,0.0
HOPV15,DKL Multi-Fidelity,48,26.5,0.0
HOPV15,DKL Multi-Fidelity,48,27.5,0.0
HOPV15,DKL Multi-Fidelity,48,27.6,0.0
HOPV15,DKL Multi-Fidelity,48,27.7,0.0
HOPV15,DKL Multi-Fidelity,48,27.8,0.0
HOPV15,DKL Multi-Fidelity,48,27.9,0.0
HOPV15,DKL Multi-Fidelity,48,28.0,0.0
HOPV15,DKL Multi-Fidelity,48,28.1,0.0
HOPV15,DKL Multi-Fidelity,48,28.2,0.0
HOPV15,DKL Multi-Fidelity,48,28.3,0.0
HOPV15,DKL Multi-Fidelity,48,28.4,0.0
HOPV15,DKL Multi-Fidelity,48,28.5,0.0
HOPV15,DKL Multi-Fidelity,48,29.5,0.0
HOPV15,DKL Multi-Fidelity,48,29.6,0.0
HOPV15,DKL Multi-Fidelity,48,29.7,0.0
HOPV15,DKL Multi-Fidelity,48,29.8,0.0
HOPV15,DKL Multi-Fidelity,48,29.9,0.0
HOPV15,DKL Multi-Fidelity,50,3.5,5.919999999999999
HOPV15,DKL Multi-Fidelity,50,3.6,5.919999999999999
HOPV15,DKL Multi-Fidelity,50,3.7,5.919999999999999
HOPV15,DKL Multi-Fidelity,50,3.8,5.919999999999999
HOPV15,DKL Multi-Fidelity,50,3.9,5.919999999999999
HOPV15,DKL Multi-Fidelity,50,4.0,5.919999999999999
HOPV15,DKL Multi-Fidelity,50,4.1,5.919999999999999
HOPV15,DKL Multi-Fidelity,50,4.2,5.919999999999999
HOPV15,DKL Multi-Fidelity,50,4.3,5.919999999999999
HOPV15,DKL Multi-Fidelity,50,4.4,5.919999999999999
HOPV15,DKL Multi-Fidelity,50,4.5,5.919999999999999
HOPV15,DKL Multi-Fidelity,50,5.5,2.129999999999999
HOPV15,DKL Multi-Fidelity,50,5.6,2.129999999999999
HOPV15,DKL Multi-Fidelity,50,5.7,2.129999999999999
HOPV15,DKL Multi-Fidelity,50,5.8,2.129999999999999
HOPV15,DKL Multi-Fidelity,50,5.9,2.129999999999999
HOPV15,DKL Multi-Fidelity,50,6.0,2.129999999999999
HOPV15,DKL Multi-Fidelity,50,6.1,2.129999999999999
HOPV15,DKL Multi-Fidelity,50,6.2,2.129999999999999
HOPV15,DKL Multi-Fidelity,50,6.3,2.129999999999999
HOPV15,DKL Multi-Fidelity,50,6.4,2.129999999999999
HOPV15,DKL Multi-Fidelity,50,6.5,2.129999999999999
HOPV15,DKL Multi-Fidelity,50,7.5,2.129999999999999
HOPV15,DKL Multi-Fidelity,50,7.6,2.129999999999999
HOPV15,DKL Multi-Fidelity,50,7.7,2.129999999999999
HOPV15,DKL Multi-Fidelity,50,7.8,2.129999999999999
HOPV15,DKL Multi-Fidelity,50,7.9,2.129999999999999
HOPV15,DKL Multi-Fidelity,50,8.0,2.129999999999999
HOPV15,DKL Multi-Fidelity,50,8.1,2.129999999999999
HOPV15,DKL Multi-Fidelity,50,8.2,2.129999999999999
HOPV15,DKL Multi-Fidelity,50,8.3,2.129999999999999
HOPV15,DKL Multi-Fidelity,50,8.4,2.129999999999999
HOPV15,DKL Multi-Fidelity,50,8.5,2.129999999999999
HOPV15,DKL Multi-Fidelity,50,9.5,2.129999999999999
HOPV15,DKL Multi-Fidelity,50,9.6,2.129999999999999
HOPV15,DKL Multi-Fidelity,50,9.7,2.129999999999999
HOPV15,DKL Multi-Fidelity,50,9.8,2.129999999999999
HOPV15,DKL Multi-Fidelity,50,9.9,2.129999999999999
HOPV15,DKL Multi-Fidelity,50,10.0,2.129999999999999
HOPV15,DKL Multi-Fidelity,50,10.1,2.129999999999999
HOPV15,DKL Multi-Fidelity,50,10.2,2.129999999999999
HOPV15,DKL Multi-Fidelity,50,10.3,2.129999999999999
HOPV15,DKL Multi-Fidelity,50,10.4,2.129999999999999
HOPV15,DKL Multi-Fidelity,50,10.5,2.129999999999999
HOPV15,DKL Multi-Fidelity,50,11.5,2.129999999999999
HOPV15,DKL Multi-Fidelity,50,11.6,2.129999999999999
HOPV15,DKL Multi-Fidelity,50,11.7,2.129999999999999
HOPV15,DKL Multi-Fidelity,50,11.8,2.129999999999999
HOPV15,DKL Multi-Fidelity,50,11.9,2.129999999999999
HOPV15,DKL Multi-Fidelity,50,12.0,2.129999999999999
HOPV15,DKL Multi-Fidelity,50,12.1,2.129999999999999
HOPV15,DKL Multi-Fidelity,50,12.2,2.129999999999999
HOPV15,DKL Multi-Fidelity,50,12.3,2.129999999999999
HOPV15,DKL Multi-Fidelity,50,12.4,2.129999999999999
HOPV15,DKL Multi-Fidelity,50,12.5,2.129999999999999
HOPV15,DKL Multi-Fidelity,50,13.5,2.129999999999999
HOPV15,DKL Multi-Fidelity,50,13.6,2.129999999999999
HOPV15,DKL Multi-Fidelity,50,13.7,2.129999999999999
HOPV15,DKL Multi-Fidelity,50,13.8,2.129999999999999
HOPV15,DKL Multi-Fidelity,50,13.9,2.129999999999999
HOPV15,DKL Multi-Fidelity,50,14.0,2.129999999999999
HOPV15,DKL Multi-Fidelity,50,14.1,2.129999999999999
HOPV15,DKL Multi-Fidelity,50,14.2,2.129999999999999
HOPV15,DKL Multi-Fidelity,50,14.3,2.129999999999999
HOPV15,DKL Multi-Fidelity,50,14.4,2.129999999999999
HOPV15,DKL Multi-Fidelity,50,14.5,2.129999999999999
HOPV15,DKL Multi-Fidelity,50,15.5,2.129999999999999
HOPV15,DKL Multi-Fidelity,50,15.6,2.129999999999999
HOPV15,DKL Multi-Fidelity,50,15.7,2.129999999999999
HOPV15,DKL Multi-Fidelity,50,15.8,2.129999999999999
HOPV15,DKL Multi-Fidelity,50,15.9,2.129999999999999
HOPV15,DKL Multi-Fidelity,50,16.0,2.129999999999999
HOPV15,DKL Multi-Fidelity,50,16.1,2.129999999999999
HOPV15,DKL Multi-Fidelity,50,16.2,2.129999999999999
HOPV15,DKL Multi-Fidelity,50,16.3,2.129999999999999
HOPV15,DKL Multi-Fidelity,50,16.4,2.129999999999999
HOPV15,DKL Multi-Fidelity,50,16.5,2.129999999999999
HOPV15,DKL Multi-Fidelity,50,17.5,2.129999999999999
HOPV15,DKL Multi-Fidelity,50,17.6,2.129999999999999
HOPV15,DKL Multi-Fidelity,50,17.7,2.129999999999999
HOPV15,DKL Multi-Fidelity,50,17.8,2.129999999999999
HOPV15,DKL Multi-Fidelity,50,17.9,2.129999999999999
HOPV15,DKL Multi-Fidelity,50,18.0,2.129999999999999
HOPV15,DKL Multi-Fidelity,50,18.1,2.129999999999999
HOPV15,DKL Multi-Fidelity,50,18.2,2.129999999999999
HOPV15,DKL Multi-Fidelity,50,18.3,2.129999999999999
HOPV15,DKL Multi-Fidelity,50,18.4,2.129999999999999
HOPV15,DKL Multi-Fidelity,50,18.5,2.129999999999999
HOPV15,DKL Multi-Fidelity,50,19.5,2.129999999999999
HOPV15,DKL Multi-Fidelity,50,19.6,2.129999999999999
HOPV15,DKL Multi-Fidelity,50,19.7,2.129999999999999
HOPV15,DKL Multi-Fidelity,50,19.8,2.129999999999999
HOPV15,DKL Multi-Fidelity,50,19.9,2.129999999999999
HOPV15,DKL Multi-Fidelity,50,20.0,2.129999999999999
HOPV15,DKL Multi-Fidelity,50,20.1,2.129999999999999
HOPV15,DKL Multi-Fidelity,50,20.2,2.129999999999999
HOPV15,DKL Multi-Fidelity,50,20.3,2.129999999999999
HOPV15,DKL Multi-Fidelity,50,20.4,2.129999999999999
HOPV15,DKL Multi-Fidelity,50,20.5,2.129999999999999
HOPV15,DKL Multi-Fidelity,50,21.5,2.129999999999999
HOPV15,DKL Multi-Fidelity,50,21.6,2.129999999999999
HOPV15,DKL Multi-Fidelity,50,21.7,2.129999999999999
HOPV15,DKL Multi-Fidelity,50,21.8,2.129999999999999
HOPV15,DKL Multi-Fidelity,50,21.9,2.129999999999999
HOPV15,DKL Multi-Fidelity,50,22.0,2.129999999999999
HOPV15,DKL Multi-Fidelity,50,22.1,2.129999999999999
HOPV15,DKL Multi-Fidelity,50,22.2,2.129999999999999
HOPV15,DKL Multi-Fidelity,50,22.3,2.129999999999999
HOPV15,DKL Multi-Fidelity,50,22.4,2.129999999999999
HOPV15,DKL Multi-Fidelity,50,22.5,2.129999999999999
HOPV15,DKL Multi-Fidelity,50,23.5,2.129999999999999
HOPV15,DKL Multi-Fidelity,50,23.6,2.129999999999999
HOPV15,DKL Multi-Fidelity,50,23.7,2.129999999999999
HOPV15,DKL Multi-Fidelity,50,23.8,2.129999999999999
HOPV15,DKL Multi-Fidelity,50,23.9,2.129999999999999
HOPV15,DKL Multi-Fidelity,50,24.0,2.129999999999999
HOPV15,DKL Multi-Fidelity,50,24.1,2.129999999999999
HOPV15,DKL Multi-Fidelity,50,24.2,2.129999999999999
HOPV15,DKL Multi-Fidelity,50,24.3,2.129999999999999
HOPV15,DKL Multi-Fidelity,50,24.4,2.129999999999999
HOPV15,DKL Multi-Fidelity,50,24.5,2.129999999999999
HOPV15,DKL Multi-Fidelity,50,25.5,2.129999999999999
HOPV15,DKL Multi-Fidelity,50,25.6,2.129999999999999
HOPV15,DKL Multi-Fidelity,50,25.7,2.129999999999999
HOPV15,DKL Multi-Fidelity,50,25.8,2.129999999999999
HOPV15,DKL Multi-Fidelity,50,25.9,2.129999999999999
HOPV15,DKL Multi-Fidelity,50,26.0,2.129999999999999
HOPV15,DKL Multi-Fidelity,50,26.1,2.129999999999999
HOPV15,DKL Multi-Fidelity,50,26.2,2.129999999999999
HOPV15,DKL Multi-Fidelity,50,26.3,2.129999999999999
HOPV15,DKL Multi-Fidelity,50,26.4,2.129999999999999
HOPV15,DKL Multi-Fidelity,50,26.5,2.129999999999999
HOPV15,DKL Multi-Fidelity,50,27.5,2.129999999999999
HOPV15,DKL Multi-Fidelity,50,27.6,2.129999999999999
HOPV15,DKL Multi-Fidelity,50,27.7,2.129999999999999
HOPV15,DKL Multi-Fidelity,50,27.8,2.129999999999999
HOPV15,DKL Multi-Fidelity,50,27.9,2.129999999999999
HOPV15,DKL Multi-Fidelity,50,28.0,2.129999999999999
HOPV15,DKL Multi-Fidelity,50,28.1,2.129999999999999
HOPV15,DKL Multi-Fidelity,50,28.2,2.129999999999999
HOPV15,DKL Multi-Fidelity,50,28.3,2.129999999999999
HOPV15,DKL Multi-Fidelity,50,28.4,2.129999999999999
HOPV15,DKL Multi-Fidelity,50,28.5,2.129999999999999
HOPV15,DKL Multi-Fidelity,50,29.5,2.129999999999999
HOPV15,DKL Multi-Fidelity,50,29.6,2.129999999999999
HOPV15,DKL Multi-Fidelity,50,29.7,2.129999999999999
HOPV15,DKL Multi-Fidelity,50,29.8,2.129999999999999
HOPV15,DKL Multi-Fidelity,50,29.9,2.129999999999999
HOPV15,DKL Multi-Fidelity,49,3.5,5.069999999999999
HOPV15,DKL Multi-Fidelity,49,3.6,5.069999999999999
HOPV15,DKL Multi-Fidelity,49,3.7,5.069999999999999
HOPV15,DKL Multi-Fidelity,49,3.8,5.069999999999999
HOPV15,DKL Multi-Fidelity,49,3.9,5.069999999999999
HOPV15,DKL Multi-Fidelity,49,4.0,5.069999999999999
HOPV15,DKL Multi-Fidelity,49,4.1,5.069999999999999
HOPV15,DKL Multi-Fidelity,49,4.2,5.069999999999999
HOPV15,DKL Multi-Fidelity,49,4.3,5.069999999999999
HOPV15,DKL Multi-Fidelity,49,4.4,5.069999999999999
HOPV15,DKL Multi-Fidelity,49,4.5,5.069999999999999
HOPV15,DKL Multi-Fidelity,49,5.5,4.6
HOPV15,DKL Multi-Fidelity,49,5.6,4.6
HOPV15,DKL Multi-Fidelity,49,5.7,4.6
HOPV15,DKL Multi-Fidelity,49,5.8,4.6
HOPV15,DKL Multi-Fidelity,49,5.9,4.6
HOPV15,DKL Multi-Fidelity,49,6.0,4.6
HOPV15,DKL Multi-Fidelity,49,6.1,4.6
HOPV15,DKL Multi-Fidelity,49,6.2,4.6
HOPV15,DKL Multi-Fidelity,49,6.3,4.6
HOPV15,DKL Multi-Fidelity,49,6.4,4.6
HOPV15,DKL Multi-Fidelity,49,6.5,4.6
HOPV15,DKL Multi-Fidelity,49,7.5,4.6
HOPV15,DKL Multi-Fidelity,49,7.6,4.6
HOPV15,DKL Multi-Fidelity,49,7.7,4.6
HOPV15,DKL Multi-Fidelity,49,7.8,4.6
HOPV15,DKL Multi-Fidelity,49,7.9,4.6
HOPV15,DKL Multi-Fidelity,49,8.0,4.6
HOPV15,DKL Multi-Fidelity,49,8.1,4.6
HOPV15,DKL Multi-Fidelity,49,8.2,4.6
HOPV15,DKL Multi-Fidelity,49,8.3,4.6
HOPV15,DKL Multi-Fidelity,49,8.4,4.6
HOPV15,DKL Multi-Fidelity,49,8.5,4.6
HOPV15,DKL Multi-Fidelity,49,9.5,4.6
HOPV15,DKL Multi-Fidelity,49,9.6,4.6
HOPV15,DKL Multi-Fidelity,49,9.7,4.6
HOPV15,DKL Multi-Fidelity,49,9.8,4.6
HOPV15,DKL Multi-Fidelity,49,9.9,4.6
HOPV15,DKL Multi-Fidelity,49,10.0,4.6
HOPV15,DKL Multi-Fidelity,49,10.1,4.6
HOPV15,DKL Multi-Fidelity,49,10.2,4.6
HOPV15,DKL Multi-Fidelity,49,10.3,4.6
HOPV15,DKL Multi-Fidelity,49,10.4,4.6
HOPV15,DKL Multi-Fidelity,49,10.5,4.6
HOPV15,DKL Multi-Fidelity,49,11.5,4.299999999999999
HOPV15,DKL Multi-Fidelity,49,11.6,4.299999999999999
HOPV15,DKL Multi-Fidelity,49,11.7,4.299999999999999
HOPV15,DKL Multi-Fidelity,49,11.8,4.299999999999999
HOPV15,DKL Multi-Fidelity,49,11.9,4.299999999999999
HOPV15,DKL Multi-Fidelity,49,12.0,4.299999999999999
HOPV15,DKL Multi-Fidelity,49,12.1,4.299999999999999
HOPV15,DKL Multi-Fidelity,49,12.2,4.299999999999999
HOPV15,DKL Multi-Fidelity,49,12.3,4.299999999999999
HOPV15,DKL Multi-Fidelity,49,12.4,4.299999999999999
HOPV15,DKL Multi-Fidelity,49,12.5,4.299999999999999
HOPV15,DKL Multi-Fidelity,49,13.5,4.299999999999999
HOPV15,DKL Multi-Fidelity,49,13.6,4.299999999999999
HOPV15,DKL Multi-Fidelity,49,13.7,4.299999999999999
HOPV15,DKL Multi-Fidelity,49,13.8,4.299999999999999
HOPV15,DKL Multi-Fidelity,49,13.9,4.299999999999999
HOPV15,DKL Multi-Fidelity,49,14.0,4.299999999999999
HOPV15,DKL Multi-Fidelity,49,14.1,4.299999999999999
HOPV15,DKL Multi-Fidelity,49,14.2,4.299999999999999
HOPV15,DKL Multi-Fidelity,49,14.3,4.299999999999999
HOPV15,DKL Multi-Fidelity,49,14.4,4.299999999999999
HOPV15,DKL Multi-Fidelity,49,14.5,4.299999999999999
HOPV15,DKL Multi-Fidelity,49,15.5,4.299999999999999
HOPV15,DKL Multi-Fidelity,49,15.6,4.299999999999999
HOPV15,DKL Multi-Fidelity,49,15.7,4.299999999999999
HOPV15,DKL Multi-Fidelity,49,15.8,4.299999999999999
HOPV15,DKL Multi-Fidelity,49,15.9,4.299999999999999
HOPV15,DKL Multi-Fidelity,49,16.0,4.299999999999999
HOPV15,DKL Multi-Fidelity,49,16.1,4.299999999999999
HOPV15,DKL Multi-Fidelity,49,16.2,4.299999999999999
HOPV15,DKL Multi-Fidelity,49,16.3,4.299999999999999
HOPV15,DKL Multi-Fidelity,49,16.4,4.299999999999999
HOPV15,DKL Multi-Fidelity,49,16.5,4.299999999999999
HOPV15,DKL Multi-Fidelity,49,17.5,4.299999999999999
HOPV15,DKL Multi-Fidelity,49,17.6,4.299999999999999
HOPV15,DKL Multi-Fidelity,49,17.7,4.299999999999999
HOPV15,DKL Multi-Fidelity,49,17.8,4.299999999999999
HOPV15,DKL Multi-Fidelity,49,17.9,4.299999999999999
HOPV15,DKL Multi-Fidelity,49,18.0,4.299999999999999
HOPV15,DKL Multi-Fidelity,49,18.1,4.299999999999999
HOPV15,DKL Multi-Fidelity,49,18.2,4.299999999999999
HOPV15,DKL Multi-Fidelity,49,18.3,4.299999999999999
HOPV15,DKL Multi-Fidelity,49,18.4,4.299999999999999
HOPV15,DKL Multi-Fidelity,49,18.5,4.299999999999999
HOPV15,DKL Multi-Fidelity,49,19.5,4.299999999999999
HOPV15,DKL Multi-Fidelity,49,19.6,4.299999999999999
HOPV15,DKL Multi-Fidelity,49,19.7,4.299999999999999
HOPV15,DKL Multi-Fidelity,49,19.8,4.299999999999999
HOPV15,DKL Multi-Fidelity,49,19.9,4.299999999999999
HOPV15,DKL Multi-Fidelity,49,20.0,4.299999999999999
HOPV15,DKL Multi-Fidelity,49,20.1,4.299999999999999
HOPV15,DKL Multi-Fidelity,49,20.2,4.299999999999999
HOPV15,DKL Multi-Fidelity,49,20.3,4.299999999999999
HOPV15,DKL Multi-Fidelity,49,20.4,4.299999999999999
HOPV15,DKL Multi-Fidelity,49,20.5,4.299999999999999
HOPV15,DKL Multi-Fidelity,49,21.5,4.299999999999999
HOPV15,DKL Multi-Fidelity,49,21.6,4.299999999999999
HOPV15,DKL Multi-Fidelity,49,21.7,4.299999999999999
HOPV15,DKL Multi-Fidelity,49,21.8,4.299999999999999
HOPV15,DKL Multi-Fidelity,49,21.9,4.299999999999999
HOPV15,DKL Multi-Fidelity,49,22.0,4.299999999999999
HOPV15,DKL Multi-Fidelity,49,22.1,4.299999999999999
HOPV15,DKL Multi-Fidelity,49,22.2,4.299999999999999
HOPV15,DKL Multi-Fidelity,49,22.3,4.299999999999999
HOPV15,DKL Multi-Fidelity,49,22.4,4.299999999999999
HOPV15,DKL Multi-Fidelity,49,22.5,4.299999999999999
HOPV15,DKL Multi-Fidelity,49,23.5,3.5999999999999996
HOPV15,DKL Multi-Fidelity,49,23.6,3.5999999999999996
HOPV15,DKL Multi-Fidelity,49,23.7,3.5999999999999996
HOPV15,DKL Multi-Fidelity,49,23.8,3.5999999999999996
HOPV15,DKL Multi-Fidelity,49,23.9,3.5999999999999996
HOPV15,DKL Multi-Fidelity,49,24.0,3.5999999999999996
HOPV15,DKL Multi-Fidelity,49,24.1,3.5999999999999996
HOPV15,DKL Multi-Fidelity,49,24.2,3.5999999999999996
HOPV15,DKL Multi-Fidelity,49,24.3,3.5999999999999996
HOPV15,DKL Multi-Fidelity,49,24.4,3.5999999999999996
HOPV15,DKL Multi-Fidelity,49,24.5,3.5999999999999996
HOPV15,DKL Multi-Fidelity,49,25.5,3.5999999999999996
HOPV15,DKL Multi-Fidelity,49,25.6,3.5999999999999996
HOPV15,DKL Multi-Fidelity,49,25.7,3.5999999999999996
HOPV15,DKL Multi-Fidelity,49,25.8,3.5999999999999996
HOPV15,DKL Multi-Fidelity,49,25.9,3.5999999999999996
HOPV15,DKL Multi-Fidelity,49,26.0,3.5999999999999996
HOPV15,DKL Multi-Fidelity,49,26.1,3.5999999999999996
HOPV15,DKL Multi-Fidelity,49,26.2,3.5999999999999996
HOPV15,DKL Multi-Fidelity,49,26.3,3.5999999999999996
HOPV15,DKL Multi-Fidelity,49,26.4,3.5999999999999996
HOPV15,DKL Multi-Fidelity,49,26.5,3.5999999999999996
HOPV15,DKL Multi-Fidelity,49,27.5,3.5999999999999996
HOPV15,DKL Multi-Fidelity,49,27.6,3.5999999999999996
HOPV15,DKL Multi-Fidelity,49,27.7,3.5999999999999996
HOPV15,DKL Multi-Fidelity,49,27.8,3.5999999999999996
HOPV15,DKL Multi-Fidelity,49,27.9,3.5999999999999996
HOPV15,DKL Multi-Fidelity,49,28.0,3.5999999999999996
HOPV15,DKL Multi-Fidelity,49,28.1,3.5999999999999996
HOPV15,DKL Multi-Fidelity,49,28.2,3.5999999999999996
HOPV15,DKL Multi-Fidelity,49,28.3,3.5999999999999996
HOPV15,DKL Multi-Fidelity,49,28.4,3.5999999999999996
HOPV15,DKL Multi-Fidelity,49,28.5,3.5999999999999996
HOPV15,DKL Multi-Fidelity,49,29.5,3.5999999999999996
HOPV15,DKL Multi-Fidelity,49,29.6,3.5999999999999996
HOPV15,DKL Multi-Fidelity,49,29.7,3.5999999999999996
HOPV15,DKL Multi-Fidelity,49,29.8,3.5999999999999996
HOPV15,DKL Multi-Fidelity,49,29.9,3.5999999999999996
HOPV15,DKL Multi-Fidelity,51,3.5,3.499999999999999
HOPV15,DKL Multi-Fidelity,51,3.6,3.499999999999999
HOPV15,DKL Multi-Fidelity,51,3.7,3.499999999999999
HOPV15,DKL Multi-Fidelity,51,3.8,3.499999999999999
HOPV15,DKL Multi-Fidelity,51,3.9,3.499999999999999
HOPV15,DKL Multi-Fidelity,51,4.0,3.499999999999999
HOPV15,DKL Multi-Fidelity,51,4.1,3.499999999999999
HOPV15,DKL Multi-Fidelity,51,4.2,3.499999999999999
HOPV15,DKL Multi-Fidelity,51,4.3,3.499999999999999
HOPV15,DKL Multi-Fidelity,51,4.4,3.499999999999999
HOPV15,DKL Multi-Fidelity,51,4.5,3.499999999999999
HOPV15,DKL Multi-Fidelity,51,5.5,3.499999999999999
HOPV15,DKL Multi-Fidelity,51,5.6,3.499999999999999
HOPV15,DKL Multi-Fidelity,51,5.7,3.499999999999999
HOPV15,DKL Multi-Fidelity,51,5.8,3.499999999999999
HOPV15,DKL Multi-Fidelity,51,5.9,3.499999999999999
HOPV15,DKL Multi-Fidelity,51,6.0,3.499999999999999
HOPV15,DKL Multi-Fidelity,51,6.1,3.499999999999999
HOPV15,DKL Multi-Fidelity,51,6.2,3.499999999999999
HOPV15,DKL Multi-Fidelity,51,6.3,3.499999999999999
HOPV15,DKL Multi-Fidelity,51,6.4,3.499999999999999
HOPV15,DKL Multi-Fidelity,51,6.5,3.499999999999999
HOPV15,DKL Multi-Fidelity,51,7.5,3.499999999999999
HOPV15,DKL Multi-Fidelity,51,7.6,3.499999999999999
HOPV15,DKL Multi-Fidelity,51,7.7,3.499999999999999
HOPV15,DKL Multi-Fidelity,51,7.8,3.499999999999999
HOPV15,DKL Multi-Fidelity,51,7.9,3.499999999999999
HOPV15,DKL Multi-Fidelity,51,8.0,3.499999999999999
HOPV15,DKL Multi-Fidelity,51,8.1,3.499999999999999
HOPV15,DKL Multi-Fidelity,51,8.2,3.499999999999999
HOPV15,DKL Multi-Fidelity,51,8.3,3.499999999999999
HOPV15,DKL Multi-Fidelity,51,8.4,3.499999999999999
HOPV15,DKL Multi-Fidelity,51,8.5,3.499999999999999
HOPV15,DKL Multi-Fidelity,51,9.5,3.499999999999999
HOPV15,DKL Multi-Fidelity,51,9.6,3.499999999999999
HOPV15,DKL Multi-Fidelity,51,9.7,3.499999999999999
HOPV15,DKL Multi-Fidelity,51,9.8,3.499999999999999
HOPV15,DKL Multi-Fidelity,51,9.9,3.499999999999999
HOPV15,DKL Multi-Fidelity,51,10.0,3.499999999999999
HOPV15,DKL Multi-Fidelity,51,10.1,3.499999999999999
HOPV15,DKL Multi-Fidelity,51,10.2,3.499999999999999
HOPV15,DKL Multi-Fidelity,51,10.3,3.499999999999999
HOPV15,DKL Multi-Fidelity,51,10.4,3.499999999999999
HOPV15,DKL Multi-Fidelity,51,10.5,3.499999999999999
HOPV15,DKL Multi-Fidelity,51,11.5,3.499999999999999
HOPV15,DKL Multi-Fidelity,51,11.6,3.499999999999999
HOPV15,DKL Multi-Fidelity,51,11.7,3.499999999999999
HOPV15,DKL Multi-Fidelity,51,11.8,3.499999999999999
HOPV15,DKL Multi-Fidelity,51,11.9,3.499999999999999
HOPV15,DKL Multi-Fidelity,51,12.0,3.499999999999999
HOPV15,DKL Multi-Fidelity,51,12.1,3.499999999999999
HOPV15,DKL Multi-Fidelity,51,12.2,3.499999999999999
HOPV15,DKL Multi-Fidelity,51,12.3,3.499999999999999
HOPV15,DKL Multi-Fidelity,51,12.4,3.499999999999999
HOPV15,DKL Multi-Fidelity,51,12.5,3.499999999999999
HOPV15,DKL Multi-Fidelity,51,13.5,3.499999999999999
HOPV15,DKL Multi-Fidelity,51,13.6,3.499999999999999
HOPV15,DKL Multi-Fidelity,51,13.7,3.499999999999999
HOPV15,DKL Multi-Fidelity,51,13.8,3.499999999999999
HOPV15,DKL Multi-Fidelity,51,13.9,3.499999999999999
HOPV15,DKL Multi-Fidelity,51,14.0,3.499999999999999
HOPV15,DKL Multi-Fidelity,51,14.1,3.499999999999999
HOPV15,DKL Multi-Fidelity,51,14.2,3.499999999999999
HOPV15,DKL Multi-Fidelity,51,14.3,3.499999999999999
HOPV15,DKL Multi-Fidelity,51,14.4,3.499999999999999
HOPV15,DKL Multi-Fidelity,51,14.5,3.499999999999999
HOPV15,DKL Multi-Fidelity,51,15.5,3.499999999999999
HOPV15,DKL Multi-Fidelity,51,15.6,3.499999999999999
HOPV15,DKL Multi-Fidelity,51,15.7,3.499999999999999
HOPV15,DKL Multi-Fidelity,51,15.8,3.499999999999999
HOPV15,DKL Multi-Fidelity,51,15.9,3.499999999999999
HOPV15,DKL Multi-Fidelity,51,16.0,3.499999999999999
HOPV15,DKL Multi-Fidelity,51,16.1,3.499999999999999
HOPV15,DKL Multi-Fidelity,51,16.2,3.499999999999999
HOPV15,DKL Multi-Fidelity,51,16.3,3.499999999999999
HOPV15,DKL Multi-Fidelity,51,16.4,3.499999999999999
HOPV15,DKL Multi-Fidelity,51,16.5,3.499999999999999
HOPV15,DKL Multi-Fidelity,51,17.5,3.499999999999999
HOPV15,DKL Multi-Fidelity,51,17.6,3.499999999999999
HOPV15,DKL Multi-Fidelity,51,17.7,3.499999999999999
HOPV15,DKL Multi-Fidelity,51,17.8,3.499999999999999
HOPV15,DKL Multi-Fidelity,51,17.9,3.499999999999999
HOPV15,DKL Multi-Fidelity,51,18.0,3.499999999999999
HOPV15,DKL Multi-Fidelity,51,18.1,3.499999999999999
HOPV15,DKL Multi-Fidelity,51,18.2,3.499999999999999
HOPV15,DKL Multi-Fidelity,51,18.3,3.499999999999999
HOPV15,DKL Multi-Fidelity,51,18.4,3.499999999999999
HOPV15,DKL Multi-Fidelity,51,18.5,3.499999999999999
HOPV15,DKL Multi-Fidelity,51,19.5,3.499999999999999
HOPV15,DKL Multi-Fidelity,51,19.6,3.499999999999999
HOPV15,DKL Multi-Fidelity,51,19.7,3.499999999999999
HOPV15,DKL Multi-Fidelity,51,19.8,3.499999999999999
HOPV15,DKL Multi-Fidelity,51,19.9,3.499999999999999
HOPV15,DKL Multi-Fidelity,51,20.0,3.499999999999999
HOPV15,DKL Multi-Fidelity,51,20.1,3.499999999999999
HOPV15,DKL Multi-Fidelity,51,20.2,3.499999999999999
HOPV15,DKL Multi-Fidelity,51,20.3,3.499999999999999
HOPV15,DKL Multi-Fidelity,51,20.4,3.499999999999999
HOPV15,DKL Multi-Fidelity,51,20.5,3.499999999999999
HOPV15,DKL Multi-Fidelity,51,21.5,3.499999999999999
HOPV15,DKL Multi-Fidelity,51,21.6,3.499999999999999
HOPV15,DKL Multi-Fidelity,51,21.7,3.499999999999999
HOPV15,DKL Multi-Fidelity,51,21.8,3.499999999999999
HOPV15,DKL Multi-Fidelity,51,21.9,3.499999999999999
HOPV15,DKL Multi-Fidelity,51,22.0,3.499999999999999
HOPV15,DKL Multi-Fidelity,51,22.1,3.499999999999999
HOPV15,DKL Multi-Fidelity,51,22.2,3.499999999999999
HOPV15,DKL Multi-Fidelity,51,22.3,3.499999999999999
HOPV15,DKL Multi-Fidelity,51,22.4,3.499999999999999
HOPV15,DKL Multi-Fidelity,51,22.5,3.499999999999999
HOPV15,DKL Multi-Fidelity,51,23.5,3.499999999999999
HOPV15,DKL Multi-Fidelity,51,23.6,3.499999999999999
HOPV15,DKL Multi-Fidelity,51,23.7,3.499999999999999
HOPV15,DKL Multi-Fidelity,51,23.8,3.499999999999999
HOPV15,DKL Multi-Fidelity,51,23.9,3.499999999999999
HOPV15,DKL Multi-Fidelity,51,24.0,3.499999999999999
HOPV15,DKL Multi-Fidelity,51,24.1,3.499999999999999
HOPV15,DKL Multi-Fidelity,51,24.2,3.499999999999999
HOPV15,DKL Multi-Fidelity,51,24.3,3.499999999999999
HOPV15,DKL Multi-Fidelity,51,24.4,3.499999999999999
HOPV15,DKL Multi-Fidelity,51,24.5,3.499999999999999
HOPV15,DKL Multi-Fidelity,51,25.5,3.499999999999999
HOPV15,DKL Multi-Fidelity,51,25.6,3.499999999999999
HOPV15,DKL Multi-Fidelity,51,25.7,3.499999999999999
HOPV15,DKL Multi-Fidelity,51,25.8,3.499999999999999
HOPV15,DKL Multi-Fidelity,51,25.9,3.499999999999999
HOPV15,DKL Multi-Fidelity,51,26.0,3.499999999999999
HOPV15,DKL Multi-Fidelity,51,26.1,3.499999999999999
HOPV15,DKL Multi-Fidelity,51,26.2,3.499999999999999
HOPV15,DKL Multi-Fidelity,51,26.3,3.499999999999999
HOPV15,DKL Multi-Fidelity,51,26.4,3.499999999999999
HOPV15,DKL Multi-Fidelity,51,26.5,3.499999999999999
HOPV15,DKL Multi-Fidelity,51,27.5,3.499999999999999
HOPV15,DKL Multi-Fidelity,51,27.6,3.499999999999999
HOPV15,DKL Multi-Fidelity,51,27.7,3.499999999999999
HOPV15,DKL Multi-Fidelity,51,27.8,3.499999999999999
HOPV15,DKL Multi-Fidelity,51,27.9,3.499999999999999
HOPV15,DKL Multi-Fidelity,51,28.0,3.499999999999999
HOPV15,DKL Multi-Fidelity,51,28.1,3.499999999999999
HOPV15,DKL Multi-Fidelity,51,28.2,3.499999999999999
HOPV15,DKL Multi-Fidelity,51,28.3,3.499999999999999
HOPV15,DKL Multi-Fidelity,51,28.4,3.499999999999999
HOPV15,DKL Multi-Fidelity,51,28.5,3.499999999999999
HOPV15,DKL Multi-Fidelity,51,29.5,3.499999999999999
HOPV15,DKL Multi-Fidelity,51,29.6,3.499999999999999
HOPV15,DKL Multi-Fidelity,51,29.7,3.499999999999999
HOPV15,DKL Multi-Fidelity,51,29.8,3.499999999999999
HOPV15,DKL Multi-Fidelity,51,29.9,3.499999999999999
HOPV15,DKL Multi-Fidelity,52,3.5,3.499999999999999
HOPV15,DKL Multi-Fidelity,52,3.6,3.499999999999999
HOPV15,DKL Multi-Fidelity,52,3.7,3.499999999999999
HOPV15,DKL Multi-Fidelity,52,3.8,3.499999999999999
HOPV15,DKL Multi-Fidelity,52,3.9,3.499999999999999
HOPV15,DKL Multi-Fidelity,52,4.0,3.499999999999999
HOPV15,DKL Multi-Fidelity,52,4.1,3.499999999999999
HOPV15,DKL Multi-Fidelity,52,4.2,3.499999999999999
HOPV15,DKL Multi-Fidelity,52,4.3,3.499999999999999
HOPV15,DKL Multi-Fidelity,52,4.4,3.499999999999999
HOPV15,DKL Multi-Fidelity,52,4.5,3.499999999999999
HOPV15,DKL Multi-Fidelity,52,5.5,3.499999999999999
HOPV15,DKL Multi-Fidelity,52,5.6,3.499999999999999
HOPV15,DKL Multi-Fidelity,52,5.7,3.499999999999999
HOPV15,DKL Multi-Fidelity,52,5.8,3.499999999999999
HOPV15,DKL Multi-Fidelity,52,5.9,3.499999999999999
HOPV15,DKL Multi-Fidelity,52,6.0,3.499999999999999
HOPV15,DKL Multi-Fidelity,52,6.1,3.499999999999999
HOPV15,DKL Multi-Fidelity,52,6.2,3.499999999999999
HOPV15,DKL Multi-Fidelity,52,6.3,3.499999999999999
HOPV15,DKL Multi-Fidelity,52,6.4,3.499999999999999
HOPV15,DKL Multi-Fidelity,52,6.5,3.499999999999999
HOPV15,DKL Multi-Fidelity,52,7.5,3.499999999999999
HOPV15,DKL Multi-Fidelity,52,7.6,3.499999999999999
HOPV15,DKL Multi-Fidelity,52,7.7,3.499999999999999
HOPV15,DKL Multi-Fidelity,52,7.8,3.499999999999999
HOPV15,DKL Multi-Fidelity,52,7.9,3.499999999999999
HOPV15,DKL Multi-Fidelity,52,8.0,3.499999999999999
HOPV15,DKL Multi-Fidelity,52,8.1,3.499999999999999
HOPV15,DKL Multi-Fidelity,52,8.2,3.499999999999999
HOPV15,DKL Multi-Fidelity,52,8.3,3.499999999999999
HOPV15,DKL Multi-Fidelity,52,8.4,3.499999999999999
HOPV15,DKL Multi-Fidelity,52,8.5,3.499999999999999
HOPV15,DKL Multi-Fidelity,52,9.5,3.499999999999999
HOPV15,DKL Multi-Fidelity,52,9.6,3.499999999999999
HOPV15,DKL Multi-Fidelity,52,9.7,3.499999999999999
HOPV15,DKL Multi-Fidelity,52,9.8,3.499999999999999
HOPV15,DKL Multi-Fidelity,52,9.9,3.499999999999999
HOPV15,DKL Multi-Fidelity,52,10.0,3.499999999999999
HOPV15,DKL Multi-Fidelity,52,10.1,3.499999999999999
HOPV15,DKL Multi-Fidelity,52,10.2,3.499999999999999
HOPV15,DKL Multi-Fidelity,52,10.3,3.499999999999999
HOPV15,DKL Multi-Fidelity,52,10.4,3.499999999999999
HOPV15,DKL Multi-Fidelity,52,10.5,3.499999999999999
HOPV15,DKL Multi-Fidelity,52,11.5,3.499999999999999
HOPV15,DKL Multi-Fidelity,52,11.6,3.499999999999999
HOPV15,DKL Multi-Fidelity,52,11.7,3.499999999999999
HOPV15,DKL Multi-Fidelity,52,11.8,3.499999999999999
HOPV15,DKL Multi-Fidelity,52,11.9,3.499999999999999
HOPV15,DKL Multi-Fidelity,52,12.0,3.499999999999999
HOPV15,DKL Multi-Fidelity,52,12.1,3.499999999999999
HOPV15,DKL Multi-Fidelity,52,12.2,3.499999999999999
HOPV15,DKL Multi-Fidelity,52,12.3,3.499999999999999
HOPV15,DKL Multi-Fidelity,52,12.4,3.499999999999999
HOPV15,DKL Multi-Fidelity,52,12.5,3.499999999999999
HOPV15,DKL Multi-Fidelity,52,13.5,3.499999999999999
HOPV15,DKL Multi-Fidelity,52,13.6,3.499999999999999
HOPV15,DKL Multi-Fidelity,52,13.7,3.499999999999999
HOPV15,DKL Multi-Fidelity,52,13.8,3.499999999999999
HOPV15,DKL Multi-Fidelity,52,13.9,3.499999999999999
HOPV15,DKL Multi-Fidelity,52,14.0,3.499999999999999
HOPV15,DKL Multi-Fidelity,52,14.1,3.499999999999999
HOPV15,DKL Multi-Fidelity,52,14.2,3.499999999999999
HOPV15,DKL Multi-Fidelity,52,14.3,3.499999999999999
HOPV15,DKL Multi-Fidelity,52,14.4,3.499999999999999
HOPV15,DKL Multi-Fidelity,52,14.5,3.499999999999999
HOPV15,DKL Multi-Fidelity,52,15.5,3.499999999999999
HOPV15,DKL Multi-Fidelity,52,15.6,3.499999999999999
HOPV15,DKL Multi-Fidelity,52,15.7,3.499999999999999
HOPV15,DKL Multi-Fidelity,52,15.8,3.499999999999999
HOPV15,DKL Multi-Fidelity,52,15.9,3.499999999999999
HOPV15,DKL Multi-Fidelity,52,16.0,3.499999999999999
HOPV15,DKL Multi-Fidelity,52,16.1,3.499999999999999
HOPV15,DKL Multi-Fidelity,52,16.2,3.499999999999999
HOPV15,DKL Multi-Fidelity,52,16.3,3.499999999999999
HOPV15,DKL Multi-Fidelity,52,16.4,3.499999999999999
HOPV15,DKL Multi-Fidelity,52,16.5,3.499999999999999
HOPV15,DKL Multi-Fidelity,52,17.5,3.499999999999999
HOPV15,DKL Multi-Fidelity,52,17.6,3.499999999999999
HOPV15,DKL Multi-Fidelity,52,17.7,3.499999999999999
HOPV15,DKL Multi-Fidelity,52,17.8,3.499999999999999
HOPV15,DKL Multi-Fidelity,52,17.9,3.499999999999999
HOPV15,DKL Multi-Fidelity,52,18.0,3.499999999999999
HOPV15,DKL Multi-Fidelity,52,18.1,3.499999999999999
HOPV15,DKL Multi-Fidelity,52,18.2,3.499999999999999
HOPV15,DKL Multi-Fidelity,52,18.3,3.499999999999999
HOPV15,DKL Multi-Fidelity,52,18.4,3.499999999999999
HOPV15,DKL Multi-Fidelity,52,18.5,3.499999999999999
HOPV15,DKL Multi-Fidelity,52,19.5,3.499999999999999
HOPV15,DKL Multi-Fidelity,52,19.6,3.499999999999999
HOPV15,DKL Multi-Fidelity,52,19.7,3.499999999999999
HOPV15,DKL Multi-Fidelity,52,19.8,3.499999999999999
HOPV15,DKL Multi-Fidelity,52,19.9,3.499999999999999
HOPV15,DKL Multi-Fidelity,52,20.0,3.499999999999999
HOPV15,DKL Multi-Fidelity,52,20.1,3.499999999999999
HOPV15,DKL Multi-Fidelity,52,20.2,3.499999999999999
HOPV15,DKL Multi-Fidelity,52,20.3,3.499999999999999
HOPV15,DKL Multi-Fidelity,52,20.4,3.499999999999999
HOPV15,DKL Multi-Fidelity,52,20.5,3.499999999999999
HOPV15,DKL Multi-Fidelity,52,21.5,3.499999999999999
HOPV15,DKL Multi-Fidelity,52,21.6,3.499999999999999
HOPV15,DKL Multi-Fidelity,52,21.7,3.499999999999999
HOPV15,DKL Multi-Fidelity,52,21.8,3.499999999999999
HOPV15,DKL Multi-Fidelity,52,21.9,3.499999999999999
HOPV15,DKL Multi-Fidelity,52,22.0,3.499999999999999
HOPV15,DKL Multi-Fidelity,52,22.1,3.499999999999999
HOPV15,DKL Multi-Fidelity,52,22.2,3.499999999999999
HOPV15,DKL Multi-Fidelity,52,22.3,3.499999999999999
HOPV15,DKL Multi-Fidelity,52,22.4,3.499999999999999
HOPV15,DKL Multi-Fidelity,52,22.5,3.499999999999999
HOPV15,DKL Multi-Fidelity,52,23.5,3.499999999999999
HOPV15,DKL Multi-Fidelity,52,23.6,3.499999999999999
HOPV15,DKL Multi-Fidelity,52,23.7,3.499999999999999
HOPV15,DKL Multi-Fidelity,52,23.8,3.499999999999999
HOPV15,DKL Multi-Fidelity,52,23.9,3.499999999999999
HOPV15,DKL Multi-Fidelity,52,24.0,3.499999999999999
HOPV15,DKL Multi-Fidelity,52,24.1,3.499999999999999
HOPV15,DKL Multi-Fidelity,52,24.2,3.499999999999999
HOPV15,DKL Multi-Fidelity,52,24.3,3.499999999999999
HOPV15,DKL Multi-Fidelity,52,24.4,3.499999999999999
HOPV15,DKL Multi-Fidelity,52,24.5,3.499999999999999
HOPV15,DKL Multi-Fidelity,52,25.5,3.499999999999999
HOPV15,DKL Multi-Fidelity,52,25.6,3.499999999999999
HOPV15,DKL Multi-Fidelity,52,25.7,3.499999999999999
HOPV15,DKL Multi-Fidelity,52,25.8,3.499999999999999
HOPV15,DKL Multi-Fidelity,52,25.9,3.499999999999999
HOPV15,DKL Multi-Fidelity,52,26.0,3.499999999999999
HOPV15,DKL Multi-Fidelity,52,26.1,3.499999999999999
HOPV15,DKL Multi-Fidelity,52,26.2,3.499999999999999
HOPV15,DKL Multi-Fidelity,52,26.3,3.499999999999999
HOPV15,DKL Multi-Fidelity,52,26.4,3.499999999999999
HOPV15,DKL Multi-Fidelity,52,26.5,3.499999999999999
HOPV15,DKL Multi-Fidelity,52,27.5,3.499999999999999
HOPV15,DKL Multi-Fidelity,52,27.6,3.499999999999999
HOPV15,DKL Multi-Fidelity,52,27.7,3.499999999999999
HOPV15,DKL Multi-Fidelity,52,27.8,3.499999999999999
HOPV15,DKL Multi-Fidelity,52,27.9,3.499999999999999
HOPV15,DKL Multi-Fidelity,52,28.0,3.499999999999999
HOPV15,DKL Multi-Fidelity,52,28.1,3.499999999999999
HOPV15,DKL Multi-Fidelity,52,28.2,3.499999999999999
HOPV15,DKL Multi-Fidelity,52,28.3,3.499999999999999
HOPV15,DKL Multi-Fidelity,52,28.4,3.499999999999999
HOPV15,DKL Multi-Fidelity,52,28.5,3.499999999999999
HOPV15,DKL Multi-Fidelity,52,29.5,3.499999999999999
HOPV15,DKL Multi-Fidelity,52,29.6,3.499999999999999
HOPV15,DKL Multi-Fidelity,52,29.7,3.499999999999999
HOPV15,DKL Multi-Fidelity,52,29.8,3.499999999999999
HOPV15,DKL Multi-Fidelity,52,29.9,3.499999999999999
HOPV15,DKL Multi-Fidelity,53,3.5,6.329999999999999
HOPV15,DKL Multi-Fidelity,53,3.6,6.329999999999999
HOPV15,DKL Multi-Fidelity,53,3.7,6.329999999999999
HOPV15,DKL Multi-Fidelity,53,3.8,6.329999999999999
HOPV15,DKL Multi-Fidelity,53,3.9,6.329999999999999
HOPV15,DKL Multi-Fidelity,53,4.0,6.329999999999999
HOPV15,DKL Multi-Fidelity,53,4.1,6.329999999999999
HOPV15,DKL Multi-Fidelity,53,4.2,6.329999999999999
HOPV15,DKL Multi-Fidelity,53,4.3,6.329999999999999
HOPV15,DKL Multi-Fidelity,53,4.4,6.329999999999999
HOPV15,DKL Multi-Fidelity,53,4.5,6.329999999999999
HOPV15,DKL Multi-Fidelity,53,5.5,5.919999999999999
HOPV15,DKL Multi-Fidelity,53,5.6,5.919999999999999
HOPV15,DKL Multi-Fidelity,53,5.7,5.919999999999999
HOPV15,DKL Multi-Fidelity,53,5.8,5.919999999999999
HOPV15,DKL Multi-Fidelity,53,5.9,5.919999999999999
HOPV15,DKL Multi-Fidelity,53,6.0,5.919999999999999
HOPV15,DKL Multi-Fidelity,53,6.1,5.919999999999999
HOPV15,DKL Multi-Fidelity,53,6.2,5.919999999999999
HOPV15,DKL Multi-Fidelity,53,6.3,5.919999999999999
HOPV15,DKL Multi-Fidelity,53,6.4,5.919999999999999
HOPV15,DKL Multi-Fidelity,53,6.5,5.919999999999999
HOPV15,DKL Multi-Fidelity,53,7.5,3.2799999999999994
HOPV15,DKL Multi-Fidelity,53,7.6,3.2799999999999994
HOPV15,DKL Multi-Fidelity,53,7.7,3.2799999999999994
HOPV15,DKL Multi-Fidelity,53,7.8,3.2799999999999994
HOPV15,DKL Multi-Fidelity,53,7.9,3.2799999999999994
HOPV15,DKL Multi-Fidelity,53,8.0,3.2799999999999994
HOPV15,DKL Multi-Fidelity,53,8.1,3.2799999999999994
HOPV15,DKL Multi-Fidelity,53,8.2,3.2799999999999994
HOPV15,DKL Multi-Fidelity,53,8.3,3.2799999999999994
HOPV15,DKL Multi-Fidelity,53,8.4,3.2799999999999994
HOPV15,DKL Multi-Fidelity,53,8.5,3.2799999999999994
HOPV15,DKL Multi-Fidelity,53,9.5,3.2799999999999994
HOPV15,DKL Multi-Fidelity,53,9.6,3.2799999999999994
HOPV15,DKL Multi-Fidelity,53,9.7,3.2799999999999994
HOPV15,DKL Multi-Fidelity,53,9.8,3.2799999999999994
HOPV15,DKL Multi-Fidelity,53,9.9,3.2799999999999994
HOPV15,DKL Multi-Fidelity,53,10.0,3.2799999999999994
HOPV15,DKL Multi-Fidelity,53,10.1,3.2799999999999994
HOPV15,DKL Multi-Fidelity,53,10.2,3.2799999999999994
HOPV15,DKL Multi-Fidelity,53,10.3,3.2799999999999994
HOPV15,DKL Multi-Fidelity,53,10.4,3.2799999999999994
HOPV15,DKL Multi-Fidelity,53,10.5,3.2799999999999994
HOPV15,DKL Multi-Fidelity,53,11.5,3.2799999999999994
HOPV15,DKL Multi-Fidelity,53,11.6,3.2799999999999994
HOPV15,DKL Multi-Fidelity,53,11.7,3.2799999999999994
HOPV15,DKL Multi-Fidelity,53,11.8,3.2799999999999994
HOPV15,DKL Multi-Fidelity,53,11.9,3.2799999999999994
HOPV15,DKL Multi-Fidelity,53,12.0,3.2799999999999994
HOPV15,DKL Multi-Fidelity,53,12.1,3.2799999999999994
HOPV15,DKL Multi-Fidelity,53,12.2,3.2799999999999994
HOPV15,DKL Multi-Fidelity,53,12.3,3.2799999999999994
HOPV15,DKL Multi-Fidelity,53,12.4,3.2799999999999994
HOPV15,DKL Multi-Fidelity,53,12.5,3.2799999999999994
HOPV15,DKL Multi-Fidelity,53,13.5,3.2799999999999994
HOPV15,DKL Multi-Fidelity,53,13.6,3.2799999999999994
HOPV15,DKL Multi-Fidelity,53,13.7,3.2799999999999994
HOPV15,DKL Multi-Fidelity,53,13.8,3.2799999999999994
HOPV15,DKL Multi-Fidelity,53,13.9,3.2799999999999994
HOPV15,DKL Multi-Fidelity,53,14.0,3.2799999999999994
HOPV15,DKL Multi-Fidelity,53,14.1,3.2799999999999994
HOPV15,DKL Multi-Fidelity,53,14.2,3.2799999999999994
HOPV15,DKL Multi-Fidelity,53,14.3,3.2799999999999994
HOPV15,DKL Multi-Fidelity,53,14.4,3.2799999999999994
HOPV15,DKL Multi-Fidelity,53,14.5,3.2799999999999994
HOPV15,DKL Multi-Fidelity,53,15.5,3.2799999999999994
HOPV15,DKL Multi-Fidelity,53,15.6,3.2799999999999994
HOPV15,DKL Multi-Fidelity,53,15.7,3.2799999999999994
HOPV15,DKL Multi-Fidelity,53,15.8,3.2799999999999994
HOPV15,DKL Multi-Fidelity,53,15.9,3.2799999999999994
HOPV15,DKL Multi-Fidelity,53,16.0,3.2799999999999994
HOPV15,DKL Multi-Fidelity,53,16.1,3.2799999999999994
HOPV15,DKL Multi-Fidelity,53,16.2,3.2799999999999994
HOPV15,DKL Multi-Fidelity,53,16.3,3.2799999999999994
HOPV15,DKL Multi-Fidelity,53,16.4,3.2799999999999994
HOPV15,DKL Multi-Fidelity,53,16.5,3.2799999999999994
HOPV15,DKL Multi-Fidelity,53,17.5,3.2799999999999994
HOPV15,DKL Multi-Fidelity,53,17.6,3.2799999999999994
HOPV15,DKL Multi-Fidelity,53,17.7,3.2799999999999994
HOPV15,DKL Multi-Fidelity,53,17.8,3.2799999999999994
HOPV15,DKL Multi-Fidelity,53,17.9,3.2799999999999994
HOPV15,DKL Multi-Fidelity,53,18.0,3.2799999999999994
HOPV15,DKL Multi-Fidelity,53,18.1,3.2799999999999994
HOPV15,DKL Multi-Fidelity,53,18.2,3.2799999999999994
HOPV15,DKL Multi-Fidelity,53,18.3,3.2799999999999994
HOPV15,DKL Multi-Fidelity,53,18.4,3.2799999999999994
HOPV15,DKL Multi-Fidelity,53,18.5,3.2799999999999994
HOPV15,DKL Multi-Fidelity,53,19.5,3.2799999999999994
HOPV15,DKL Multi-Fidelity,53,19.6,3.2799999999999994
HOPV15,DKL Multi-Fidelity,53,19.7,3.2799999999999994
HOPV15,DKL Multi-Fidelity,53,19.8,3.2799999999999994
HOPV15,DKL Multi-Fidelity,53,19.9,3.2799999999999994
HOPV15,DKL Multi-Fidelity,53,20.0,3.2799999999999994
HOPV15,DKL Multi-Fidelity,53,20.1,3.2799999999999994
HOPV15,DKL Multi-Fidelity,53,20.2,3.2799999999999994
HOPV15,DKL Multi-Fidelity,53,20.3,3.2799999999999994
HOPV15,DKL Multi-Fidelity,53,20.4,3.2799999999999994
HOPV15,DKL Multi-Fidelity,53,20.5,3.2799999999999994
HOPV15,DKL Multi-Fidelity,53,21.5,3.2799999999999994
HOPV15,DKL Multi-Fidelity,53,21.6,3.2799999999999994
HOPV15,DKL Multi-Fidelity,53,21.7,3.2799999999999994
HOPV15,DKL Multi-Fidelity,53,21.8,3.2799999999999994
HOPV15,DKL Multi-Fidelity,53,21.9,3.2799999999999994
HOPV15,DKL Multi-Fidelity,53,22.0,3.2799999999999994
HOPV15,DKL Multi-Fidelity,53,22.1,3.2799999999999994
HOPV15,DKL Multi-Fidelity,53,22.2,3.2799999999999994
HOPV15,DKL Multi-Fidelity,53,22.3,3.2799999999999994
HOPV15,DKL Multi-Fidelity,53,22.4,3.2799999999999994
HOPV15,DKL Multi-Fidelity,53,22.5,3.2799999999999994
HOPV15,DKL Multi-Fidelity,53,23.5,3.2799999999999994
HOPV15,DKL Multi-Fidelity,53,23.6,3.2799999999999994
HOPV15,DKL Multi-Fidelity,53,23.7,3.2799999999999994
HOPV15,DKL Multi-Fidelity,53,23.8,3.2799999999999994
HOPV15,DKL Multi-Fidelity,53,23.9,3.2799999999999994
HOPV15,DKL Multi-Fidelity,53,24.0,3.2799999999999994
HOPV15,DKL Multi-Fidelity,53,24.1,3.2799999999999994
HOPV15,DKL Multi-Fidelity,53,24.2,3.2799999999999994
HOPV15,DKL Multi-Fidelity,53,24.3,3.2799999999999994
HOPV15,DKL Multi-Fidelity,53,24.4,3.2799999999999994
HOPV15,DKL Multi-Fidelity,53,24.5,3.2799999999999994
HOPV15,DKL Multi-Fidelity,53,25.5,3.2799999999999994
HOPV15,DKL Multi-Fidelity,53,25.6,3.2799999999999994
HOPV15,DKL Multi-Fidelity,53,25.7,3.2799999999999994
HOPV15,DKL Multi-Fidelity,53,25.8,3.2799999999999994
HOPV15,DKL Multi-Fidelity,53,25.9,3.2799999999999994
HOPV15,DKL Multi-Fidelity,53,26.0,3.2799999999999994
HOPV15,DKL Multi-Fidelity,53,26.1,3.2799999999999994
HOPV15,DKL Multi-Fidelity,53,26.2,3.2799999999999994
HOPV15,DKL Multi-Fidelity,53,26.3,3.2799999999999994
HOPV15,DKL Multi-Fidelity,53,26.4,3.2799999999999994
HOPV15,DKL Multi-Fidelity,53,26.5,3.2799999999999994
HOPV15,DKL Multi-Fidelity,53,27.5,3.2799999999999994
HOPV15,DKL Multi-Fidelity,53,27.6,3.2799999999999994
HOPV15,DKL Multi-Fidelity,53,27.7,3.2799999999999994
HOPV15,DKL Multi-Fidelity,53,27.8,3.2799999999999994
HOPV15,DKL Multi-Fidelity,53,27.9,3.2799999999999994
HOPV15,DKL Multi-Fidelity,53,28.0,3.2799999999999994
HOPV15,DKL Multi-Fidelity,53,28.1,3.2799999999999994
HOPV15,DKL Multi-Fidelity,53,28.2,3.2799999999999994
HOPV15,DKL Multi-Fidelity,53,28.3,3.2799999999999994
HOPV15,DKL Multi-Fidelity,53,28.4,3.2799999999999994
HOPV15,DKL Multi-Fidelity,53,28.5,3.2799999999999994
HOPV15,DKL Multi-Fidelity,53,29.5,3.2799999999999994
HOPV15,DKL Multi-Fidelity,53,29.6,3.2799999999999994
HOPV15,DKL Multi-Fidelity,53,29.7,3.2799999999999994
HOPV15,DKL Multi-Fidelity,53,29.8,3.2799999999999994
HOPV15,DKL Multi-Fidelity,53,29.9,3.2799999999999994
HOPV15,DKL Multi-Fidelity,54,3.5,6.85
HOPV15,DKL Multi-Fidelity,54,3.6,6.85
HOPV15,DKL Multi-Fidelity,54,3.7,6.85
HOPV15,DKL Multi-Fidelity,54,3.8,6.85
HOPV15,DKL Multi-Fidelity,54,3.9,6.85
HOPV15,DKL Multi-Fidelity,54,4.0,6.85
HOPV15,DKL Multi-Fidelity,54,4.1,6.85
HOPV15,DKL Multi-Fidelity,54,4.2,6.85
HOPV15,DKL Multi-Fidelity,54,4.3,6.85
HOPV15,DKL Multi-Fidelity,54,4.4,6.85
HOPV15,DKL Multi-Fidelity,54,4.5,6.85
HOPV15,DKL Multi-Fidelity,54,5.5,5.68
HOPV15,DKL Multi-Fidelity,54,5.6,5.68
HOPV15,DKL Multi-Fidelity,54,5.7,5.68
HOPV15,DKL Multi-Fidelity,54,5.8,5.68
HOPV15,DKL Multi-Fidelity,54,5.9,5.68
HOPV15,DKL Multi-Fidelity,54,6.0,5.68
HOPV15,DKL Multi-Fidelity,54,6.1,5.68
HOPV15,DKL Multi-Fidelity,54,6.2,5.68
HOPV15,DKL Multi-Fidelity,54,6.3,5.68
HOPV15,DKL Multi-Fidelity,54,6.4,5.68
HOPV15,DKL Multi-Fidelity,54,6.5,5.68
HOPV15,DKL Multi-Fidelity,54,7.5,5.68
HOPV15,DKL Multi-Fidelity,54,7.6,5.68
HOPV15,DKL Multi-Fidelity,54,7.7,5.68
HOPV15,DKL Multi-Fidelity,54,7.8,5.68
HOPV15,DKL Multi-Fidelity,54,7.9,5.68
HOPV15,DKL Multi-Fidelity,54,8.0,5.68
HOPV15,DKL Multi-Fidelity,54,8.1,5.68
HOPV15,DKL Multi-Fidelity,54,8.2,5.68
HOPV15,DKL Multi-Fidelity,54,8.3,5.68
HOPV15,DKL Multi-Fidelity,54,8.4,5.68
HOPV15,DKL Multi-Fidelity,54,8.5,5.68
HOPV15,DKL Multi-Fidelity,54,9.5,5.68
HOPV15,DKL Multi-Fidelity,54,9.6,5.68
HOPV15,DKL Multi-Fidelity,54,9.7,5.68
HOPV15,DKL Multi-Fidelity,54,9.8,5.68
HOPV15,DKL Multi-Fidelity,54,9.9,5.68
HOPV15,DKL Multi-Fidelity,54,10.0,5.68
HOPV15,DKL Multi-Fidelity,54,10.1,5.68
HOPV15,DKL Multi-Fidelity,54,10.2,5.68
HOPV15,DKL Multi-Fidelity,54,10.3,5.68
HOPV15,DKL Multi-Fidelity,54,10.4,5.68
HOPV15,DKL Multi-Fidelity,54,10.5,5.68
HOPV15,DKL Multi-Fidelity,54,11.5,5.68
HOPV15,DKL Multi-Fidelity,54,11.6,5.68
HOPV15,DKL Multi-Fidelity,54,11.7,5.68
HOPV15,DKL Multi-Fidelity,54,11.8,5.68
HOPV15,DKL Multi-Fidelity,54,11.9,5.68
HOPV15,DKL Multi-Fidelity,54,12.0,5.68
HOPV15,DKL Multi-Fidelity,54,12.1,5.68
HOPV15,DKL Multi-Fidelity,54,12.2,5.68
HOPV15,DKL Multi-Fidelity,54,12.3,5.68
HOPV15,DKL Multi-Fidelity,54,12.4,5.68
HOPV15,DKL Multi-Fidelity,54,12.5,5.68
HOPV15,DKL Multi-Fidelity,54,13.5,4.319999999999999
HOPV15,DKL Multi-Fidelity,54,13.6,4.319999999999999
HOPV15,DKL Multi-Fidelity,54,13.7,4.319999999999999
HOPV15,DKL Multi-Fidelity,54,13.8,4.319999999999999
HOPV15,DKL Multi-Fidelity,54,13.9,4.319999999999999
HOPV15,DKL Multi-Fidelity,54,14.0,4.319999999999999
HOPV15,DKL Multi-Fidelity,54,14.1,4.319999999999999
HOPV15,DKL Multi-Fidelity,54,14.2,4.319999999999999
HOPV15,DKL Multi-Fidelity,54,14.3,4.319999999999999
HOPV15,DKL Multi-Fidelity,54,14.4,4.319999999999999
HOPV15,DKL Multi-Fidelity,54,14.5,4.319999999999999
HOPV15,DKL Multi-Fidelity,54,15.5,4.319999999999999
HOPV15,DKL Multi-Fidelity,54,15.6,4.319999999999999
HOPV15,DKL Multi-Fidelity,54,15.7,4.319999999999999
HOPV15,DKL Multi-Fidelity,54,15.8,4.319999999999999
HOPV15,DKL Multi-Fidelity,54,15.9,4.319999999999999
HOPV15,DKL Multi-Fidelity,54,16.0,4.319999999999999
HOPV15,DKL Multi-Fidelity,54,16.1,4.319999999999999
HOPV15,DKL Multi-Fidelity,54,16.2,4.319999999999999
HOPV15,DKL Multi-Fidelity,54,16.3,4.319999999999999
HOPV15,DKL Multi-Fidelity,54,16.4,4.319999999999999
HOPV15,DKL Multi-Fidelity,54,16.5,4.319999999999999
HOPV15,DKL Multi-Fidelity,54,17.5,4.319999999999999
HOPV15,DKL Multi-Fidelity,54,17.6,4.319999999999999
HOPV15,DKL Multi-Fidelity,54,17.7,4.319999999999999
HOPV15,DKL Multi-Fidelity,54,17.8,4.319999999999999
HOPV15,DKL Multi-Fidelity,54,17.9,4.319999999999999
HOPV15,DKL Multi-Fidelity,54,18.0,4.319999999999999
HOPV15,DKL Multi-Fidelity,54,18.1,4.319999999999999
HOPV15,DKL Multi-Fidelity,54,18.2,4.319999999999999
HOPV15,DKL Multi-Fidelity,54,18.3,4.319999999999999
HOPV15,DKL Multi-Fidelity,54,18.4,4.319999999999999
HOPV15,DKL Multi-Fidelity,54,18.5,4.319999999999999
HOPV15,DKL Multi-Fidelity,54,19.5,4.319999999999999
HOPV15,DKL Multi-Fidelity,54,19.6,4.319999999999999
HOPV15,DKL Multi-Fidelity,54,19.7,4.319999999999999
HOPV15,DKL Multi-Fidelity,54,19.8,4.319999999999999
HOPV15,DKL Multi-Fidelity,54,19.9,4.319999999999999
HOPV15,DKL Multi-Fidelity,54,20.0,4.319999999999999
HOPV15,DKL Multi-Fidelity,54,20.1,4.319999999999999
HOPV15,DKL Multi-Fidelity,54,20.2,4.319999999999999
HOPV15,DKL Multi-Fidelity,54,20.3,4.319999999999999
HOPV15,DKL Multi-Fidelity,54,20.4,4.319999999999999
HOPV15,DKL Multi-Fidelity,54,20.5,4.319999999999999
HOPV15,DKL Multi-Fidelity,54,21.5,4.319999999999999
HOPV15,DKL Multi-Fidelity,54,21.6,4.319999999999999
HOPV15,DKL Multi-Fidelity,54,21.7,4.319999999999999
HOPV15,DKL Multi-Fidelity,54,21.8,4.319999999999999
HOPV15,DKL Multi-Fidelity,54,21.9,4.319999999999999
HOPV15,DKL Multi-Fidelity,54,22.0,4.319999999999999
HOPV15,DKL Multi-Fidelity,54,22.1,4.319999999999999
HOPV15,DKL Multi-Fidelity,54,22.2,4.319999999999999
HOPV15,DKL Multi-Fidelity,54,22.3,4.319999999999999
HOPV15,DKL Multi-Fidelity,54,22.4,4.319999999999999
HOPV15,DKL Multi-Fidelity,54,22.5,4.319999999999999
HOPV15,DKL Multi-Fidelity,54,23.5,4.319999999999999
HOPV15,DKL Multi-Fidelity,54,23.6,4.319999999999999
HOPV15,DKL Multi-Fidelity,54,23.7,4.319999999999999
HOPV15,DKL Multi-Fidelity,54,23.8,4.319999999999999
HOPV15,DKL Multi-Fidelity,54,23.9,4.319999999999999
HOPV15,DKL Multi-Fidelity,54,24.0,4.319999999999999
HOPV15,DKL Multi-Fidelity,54,24.1,4.319999999999999
HOPV15,DKL Multi-Fidelity,54,24.2,4.319999999999999
HOPV15,DKL Multi-Fidelity,54,24.3,4.319999999999999
HOPV15,DKL Multi-Fidelity,54,24.4,4.319999999999999
HOPV15,DKL Multi-Fidelity,54,24.5,4.319999999999999
HOPV15,DKL Multi-Fidelity,54,25.5,4.319999999999999
HOPV15,DKL Multi-Fidelity,54,25.6,4.319999999999999
HOPV15,DKL Multi-Fidelity,54,25.7,4.319999999999999
HOPV15,DKL Multi-Fidelity,54,25.8,4.319999999999999
HOPV15,DKL Multi-Fidelity,54,25.9,4.319999999999999
HOPV15,DKL Multi-Fidelity,54,26.0,4.319999999999999
HOPV15,DKL Multi-Fidelity,54,26.1,4.319999999999999
HOPV15,DKL Multi-Fidelity,54,26.2,4.319999999999999
HOPV15,DKL Multi-Fidelity,54,26.3,4.319999999999999
HOPV15,DKL Multi-Fidelity,54,26.4,4.319999999999999
HOPV15,DKL Multi-Fidelity,54,26.5,4.319999999999999
HOPV15,DKL Multi-Fidelity,54,27.5,0.0
HOPV15,DKL Multi-Fidelity,54,27.6,0.0
HOPV15,DKL Multi-Fidelity,54,27.7,0.0
HOPV15,DKL Multi-Fidelity,54,27.8,0.0
HOPV15,DKL Multi-Fidelity,54,27.9,0.0
HOPV15,DKL Multi-Fidelity,54,28.0,0.0
HOPV15,DKL Multi-Fidelity,54,28.1,0.0
HOPV15,DKL Multi-Fidelity,54,28.2,0.0
HOPV15,DKL Multi-Fidelity,54,28.3,0.0
HOPV15,DKL Multi-Fidelity,54,28.4,0.0
HOPV15,DKL Multi-Fidelity,54,28.5,0.0
HOPV15,DKL Multi-Fidelity,54,29.5,0.0
HOPV15,DKL Multi-Fidelity,54,29.6,0.0
HOPV15,DKL Multi-Fidelity,54,29.7,0.0
HOPV15,DKL Multi-Fidelity,54,29.8,0.0
HOPV15,DKL Multi-Fidelity,54,29.9,0.0
HOPV15,DKL Multi-Fidelity,55,3.5,6.85
HOPV15,DKL Multi-Fidelity,55,3.6,6.85
HOPV15,DKL Multi-Fidelity,55,3.7,6.85
HOPV15,DKL Multi-Fidelity,55,3.8,6.85
HOPV15,DKL Multi-Fidelity,55,3.9,6.85
HOPV15,DKL Multi-Fidelity,55,4.0,6.85
HOPV15,DKL Multi-Fidelity,55,4.1,6.85
HOPV15,DKL Multi-Fidelity,55,4.2,6.85
HOPV15,DKL Multi-Fidelity,55,4.3,6.85
HOPV15,DKL Multi-Fidelity,55,4.4,6.85
HOPV15,DKL Multi-Fidelity,55,4.5,6.85
HOPV15,DKL Multi-Fidelity,55,5.5,6.85
HOPV15,DKL Multi-Fidelity,55,5.6,6.85
HOPV15,DKL Multi-Fidelity,55,5.7,6.85
HOPV15,DKL Multi-Fidelity,55,5.8,6.85
HOPV15,DKL Multi-Fidelity,55,5.9,6.85
HOPV15,DKL Multi-Fidelity,55,6.0,6.85
HOPV15,DKL Multi-Fidelity,55,6.1,6.85
HOPV15,DKL Multi-Fidelity,55,6.2,6.85
HOPV15,DKL Multi-Fidelity,55,6.3,6.85
HOPV15,DKL Multi-Fidelity,55,6.4,6.85
HOPV15,DKL Multi-Fidelity,55,6.5,6.85
HOPV15,DKL Multi-Fidelity,55,7.5,5.199999999999999
HOPV15,DKL Multi-Fidelity,55,7.6,5.199999999999999
HOPV15,DKL Multi-Fidelity,55,7.7,5.199999999999999
HOPV15,DKL Multi-Fidelity,55,7.8,5.199999999999999
HOPV15,DKL Multi-Fidelity,55,7.9,5.199999999999999
HOPV15,DKL Multi-Fidelity,55,8.0,5.199999999999999
HOPV15,DKL Multi-Fidelity,55,8.1,5.199999999999999
HOPV15,DKL Multi-Fidelity,55,8.2,5.199999999999999
HOPV15,DKL Multi-Fidelity,55,8.3,5.199999999999999
HOPV15,DKL Multi-Fidelity,55,8.4,5.199999999999999
HOPV15,DKL Multi-Fidelity,55,8.5,5.199999999999999
HOPV15,DKL Multi-Fidelity,55,9.5,5.199999999999999
HOPV15,DKL Multi-Fidelity,55,9.6,5.199999999999999
HOPV15,DKL Multi-Fidelity,55,9.7,5.199999999999999
HOPV15,DKL Multi-Fidelity,55,9.8,5.199999999999999
HOPV15,DKL Multi-Fidelity,55,9.9,5.199999999999999
HOPV15,DKL Multi-Fidelity,55,10.0,5.199999999999999
HOPV15,DKL Multi-Fidelity,55,10.1,5.199999999999999
HOPV15,DKL Multi-Fidelity,55,10.2,5.199999999999999
HOPV15,DKL Multi-Fidelity,55,10.3,5.199999999999999
HOPV15,DKL Multi-Fidelity,55,10.4,5.199999999999999
HOPV15,DKL Multi-Fidelity,55,10.5,5.199999999999999
HOPV15,DKL Multi-Fidelity,55,11.5,4.3999999999999995
HOPV15,DKL Multi-Fidelity,55,11.6,4.3999999999999995
HOPV15,DKL Multi-Fidelity,55,11.7,4.3999999999999995
HOPV15,DKL Multi-Fidelity,55,11.8,4.3999999999999995
HOPV15,DKL Multi-Fidelity,55,11.9,4.3999999999999995
HOPV15,DKL Multi-Fidelity,55,12.0,4.3999999999999995
HOPV15,DKL Multi-Fidelity,55,12.1,4.3999999999999995
HOPV15,DKL Multi-Fidelity,55,12.2,4.3999999999999995
HOPV15,DKL Multi-Fidelity,55,12.3,4.3999999999999995
HOPV15,DKL Multi-Fidelity,55,12.4,4.3999999999999995
HOPV15,DKL Multi-Fidelity,55,12.5,4.3999999999999995
HOPV15,DKL Multi-Fidelity,55,13.5,4.3999999999999995
HOPV15,DKL Multi-Fidelity,55,13.6,4.3999999999999995
HOPV15,DKL Multi-Fidelity,55,13.7,4.3999999999999995
HOPV15,DKL Multi-Fidelity,55,13.8,4.3999999999999995
HOPV15,DKL Multi-Fidelity,55,13.9,4.3999999999999995
HOPV15,DKL Multi-Fidelity,55,14.0,4.3999999999999995
HOPV15,DKL Multi-Fidelity,55,14.1,4.3999999999999995
HOPV15,DKL Multi-Fidelity,55,14.2,4.3999999999999995
HOPV15,DKL Multi-Fidelity,55,14.3,4.3999999999999995
HOPV15,DKL Multi-Fidelity,55,14.4,4.3999999999999995
HOPV15,DKL Multi-Fidelity,55,14.5,4.3999999999999995
HOPV15,DKL Multi-Fidelity,55,15.5,4.3999999999999995
HOPV15,DKL Multi-Fidelity,55,15.6,4.3999999999999995
HOPV15,DKL Multi-Fidelity,55,15.7,4.3999999999999995
HOPV15,DKL Multi-Fidelity,55,15.8,4.3999999999999995
HOPV15,DKL Multi-Fidelity,55,15.9,4.3999999999999995
HOPV15,DKL Multi-Fidelity,55,16.0,4.3999999999999995
HOPV15,DKL Multi-Fidelity,55,16.1,4.3999999999999995
HOPV15,DKL Multi-Fidelity,55,16.2,4.3999999999999995
HOPV15,DKL Multi-Fidelity,55,16.3,4.3999999999999995
HOPV15,DKL Multi-Fidelity,55,16.4,4.3999999999999995
HOPV15,DKL Multi-Fidelity,55,16.5,4.3999999999999995
HOPV15,DKL Multi-Fidelity,55,17.5,4.3999999999999995
HOPV15,DKL Multi-Fidelity,55,17.6,4.3999999999999995
HOPV15,DKL Multi-Fidelity,55,17.7,4.3999999999999995
HOPV15,DKL Multi-Fidelity,55,17.8,4.3999999999999995
HOPV15,DKL Multi-Fidelity,55,17.9,4.3999999999999995
HOPV15,DKL Multi-Fidelity,55,18.0,4.3999999999999995
HOPV15,DKL Multi-Fidelity,55,18.1,4.3999999999999995
HOPV15,DKL Multi-Fidelity,55,18.2,4.3999999999999995
HOPV15,DKL Multi-Fidelity,55,18.3,4.3999999999999995
HOPV15,DKL Multi-Fidelity,55,18.4,4.3999999999999995
HOPV15,DKL Multi-Fidelity,55,18.5,4.3999999999999995
HOPV15,DKL Multi-Fidelity,55,19.5,4.3999999999999995
HOPV15,DKL Multi-Fidelity,55,19.6,4.3999999999999995
HOPV15,DKL Multi-Fidelity,55,19.7,4.3999999999999995
HOPV15,DKL Multi-Fidelity,55,19.8,4.3999999999999995
HOPV15,DKL Multi-Fidelity,55,19.9,4.3999999999999995
HOPV15,DKL Multi-Fidelity,55,20.0,4.3999999999999995
HOPV15,DKL Multi-Fidelity,55,20.1,4.3999999999999995
HOPV15,DKL Multi-Fidelity,55,20.2,4.3999999999999995
HOPV15,DKL Multi-Fidelity,55,20.3,4.3999999999999995
HOPV15,DKL Multi-Fidelity,55,20.4,4.3999999999999995
HOPV15,DKL Multi-Fidelity,55,20.5,4.3999999999999995
HOPV15,DKL Multi-Fidelity,55,21.5,4.3999999999999995
HOPV15,DKL Multi-Fidelity,55,21.6,4.3999999999999995
HOPV15,DKL Multi-Fidelity,55,21.7,4.3999999999999995
HOPV15,DKL Multi-Fidelity,55,21.8,4.3999999999999995
HOPV15,DKL Multi-Fidelity,55,21.9,4.3999999999999995
HOPV15,DKL Multi-Fidelity,55,22.0,4.3999999999999995
HOPV15,DKL Multi-Fidelity,55,22.1,4.3999999999999995
HOPV15,DKL Multi-Fidelity,55,22.2,4.3999999999999995
HOPV15,DKL Multi-Fidelity,55,22.3,4.3999999999999995
HOPV15,DKL Multi-Fidelity,55,22.4,4.3999999999999995
HOPV15,DKL Multi-Fidelity,55,22.5,4.3999999999999995
HOPV15,DKL Multi-Fidelity,55,23.5,4.3999999999999995
HOPV15,DKL Multi-Fidelity,55,23.6,4.3999999999999995
HOPV15,DKL Multi-Fidelity,55,23.7,4.3999999999999995
HOPV15,DKL Multi-Fidelity,55,23.8,4.3999999999999995
HOPV15,DKL Multi-Fidelity,55,23.9,4.3999999999999995
HOPV15,DKL Multi-Fidelity,55,24.0,4.3999999999999995
HOPV15,DKL Multi-Fidelity,55,24.1,4.3999999999999995
HOPV15,DKL Multi-Fidelity,55,24.2,4.3999999999999995
HOPV15,DKL Multi-Fidelity,55,24.3,4.3999999999999995
HOPV15,DKL Multi-Fidelity,55,24.4,4.3999999999999995
HOPV15,DKL Multi-Fidelity,55,24.5,4.3999999999999995
HOPV15,DKL Multi-Fidelity,55,25.5,4.3999999999999995
HOPV15,DKL Multi-Fidelity,55,25.6,4.3999999999999995
HOPV15,DKL Multi-Fidelity,55,25.7,4.3999999999999995
HOPV15,DKL Multi-Fidelity,55,25.8,4.3999999999999995
HOPV15,DKL Multi-Fidelity,55,25.9,4.3999999999999995
HOPV15,DKL Multi-Fidelity,55,26.0,4.3999999999999995
HOPV15,DKL Multi-Fidelity,55,26.1,4.3999999999999995
HOPV15,DKL Multi-Fidelity,55,26.2,4.3999999999999995
HOPV15,DKL Multi-Fidelity,55,26.3,4.3999999999999995
HOPV15,DKL Multi-Fidelity,55,26.4,4.3999999999999995
HOPV15,DKL Multi-Fidelity,55,26.5,4.3999999999999995
HOPV15,DKL Multi-Fidelity,55,27.5,4.3999999999999995
HOPV15,DKL Multi-Fidelity,55,27.6,4.3999999999999995
HOPV15,DKL Multi-Fidelity,55,27.7,4.3999999999999995
HOPV15,DKL Multi-Fidelity,55,27.8,4.3999999999999995
HOPV15,DKL Multi-Fidelity,55,27.9,4.3999999999999995
HOPV15,DKL Multi-Fidelity,55,28.0,4.3999999999999995
HOPV15,DKL Multi-Fidelity,55,28.1,4.3999999999999995
HOPV15,DKL Multi-Fidelity,55,28.2,4.3999999999999995
HOPV15,DKL Multi-Fidelity,55,28.3,4.3999999999999995
HOPV15,DKL Multi-Fidelity,55,28.4,4.3999999999999995
HOPV15,DKL Multi-Fidelity,55,28.5,4.3999999999999995
HOPV15,DKL Multi-Fidelity,55,29.5,4.039999999999999
HOPV15,DKL Multi-Fidelity,55,29.6,4.039999999999999
HOPV15,DKL Multi-Fidelity,55,29.7,4.039999999999999
HOPV15,DKL Multi-Fidelity,55,29.8,4.039999999999999
HOPV15,DKL Multi-Fidelity,55,29.9,4.039999999999999
HOPV15,DKL Multi-Fidelity,57,3.5,6.85
HOPV15,DKL Multi-Fidelity,57,3.6,6.85
HOPV15,DKL Multi-Fidelity,57,3.7,6.85
HOPV15,DKL Multi-Fidelity,57,3.8,6.85
HOPV15,DKL Multi-Fidelity,57,3.9,6.85
HOPV15,DKL Multi-Fidelity,57,4.0,6.85
HOPV15,DKL Multi-Fidelity,57,4.1,6.85
HOPV15,DKL Multi-Fidelity,57,4.2,6.85
HOPV15,DKL Multi-Fidelity,57,4.3,6.85
HOPV15,DKL Multi-Fidelity,57,4.4,6.85
HOPV15,DKL Multi-Fidelity,57,4.5,6.85
HOPV15,DKL Multi-Fidelity,57,5.5,3.499999999999999
HOPV15,DKL Multi-Fidelity,57,5.6,3.499999999999999
HOPV15,DKL Multi-Fidelity,57,5.7,3.499999999999999
HOPV15,DKL Multi-Fidelity,57,5.8,3.499999999999999
HOPV15,DKL Multi-Fidelity,57,5.9,3.499999999999999
HOPV15,DKL Multi-Fidelity,57,6.0,3.499999999999999
HOPV15,DKL Multi-Fidelity,57,6.1,3.499999999999999
HOPV15,DKL Multi-Fidelity,57,6.2,3.499999999999999
HOPV15,DKL Multi-Fidelity,57,6.3,3.499999999999999
HOPV15,DKL Multi-Fidelity,57,6.4,3.499999999999999
HOPV15,DKL Multi-Fidelity,57,6.5,3.499999999999999
HOPV15,DKL Multi-Fidelity,57,7.5,3.499999999999999
HOPV15,DKL Multi-Fidelity,57,7.6,3.499999999999999
HOPV15,DKL Multi-Fidelity,57,7.7,3.499999999999999
HOPV15,DKL Multi-Fidelity,57,7.8,3.499999999999999
HOPV15,DKL Multi-Fidelity,57,7.9,3.499999999999999
HOPV15,DKL Multi-Fidelity,57,8.0,3.499999999999999
HOPV15,DKL Multi-Fidelity,57,8.1,3.499999999999999
HOPV15,DKL Multi-Fidelity,57,8.2,3.499999999999999
HOPV15,DKL Multi-Fidelity,57,8.3,3.499999999999999
HOPV15,DKL Multi-Fidelity,57,8.4,3.499999999999999
HOPV15,DKL Multi-Fidelity,57,8.5,3.499999999999999
HOPV15,DKL Multi-Fidelity,57,9.5,3.499999999999999
HOPV15,DKL Multi-Fidelity,57,9.6,3.499999999999999
HOPV15,DKL Multi-Fidelity,57,9.7,3.499999999999999
HOPV15,DKL Multi-Fidelity,57,9.8,3.499999999999999
HOPV15,DKL Multi-Fidelity,57,9.9,3.499999999999999
HOPV15,DKL Multi-Fidelity,57,10.0,3.499999999999999
HOPV15,DKL Multi-Fidelity,57,10.1,3.499999999999999
HOPV15,DKL Multi-Fidelity,57,10.2,3.499999999999999
HOPV15,DKL Multi-Fidelity,57,10.3,3.499999999999999
HOPV15,DKL Multi-Fidelity,57,10.4,3.499999999999999
HOPV15,DKL Multi-Fidelity,57,10.5,3.499999999999999
HOPV15,DKL Multi-Fidelity,57,11.5,3.499999999999999
HOPV15,DKL Multi-Fidelity,57,11.6,3.499999999999999
HOPV15,DKL Multi-Fidelity,57,11.7,3.499999999999999
HOPV15,DKL Multi-Fidelity,57,11.8,3.499999999999999
HOPV15,DKL Multi-Fidelity,57,11.9,3.499999999999999
HOPV15,DKL Multi-Fidelity,57,12.0,3.499999999999999
HOPV15,DKL Multi-Fidelity,57,12.1,3.499999999999999
HOPV15,DKL Multi-Fidelity,57,12.2,3.499999999999999
HOPV15,DKL Multi-Fidelity,57,12.3,3.499999999999999
HOPV15,DKL Multi-Fidelity,57,12.4,3.499999999999999
HOPV15,DKL Multi-Fidelity,57,12.5,3.499999999999999
HOPV15,DKL Multi-Fidelity,57,13.5,3.499999999999999
HOPV15,DKL Multi-Fidelity,57,13.6,3.499999999999999
HOPV15,DKL Multi-Fidelity,57,13.7,3.499999999999999
HOPV15,DKL Multi-Fidelity,57,13.8,3.499999999999999
HOPV15,DKL Multi-Fidelity,57,13.9,3.499999999999999
HOPV15,DKL Multi-Fidelity,57,14.0,3.499999999999999
HOPV15,DKL Multi-Fidelity,57,14.1,3.499999999999999
HOPV15,DKL Multi-Fidelity,57,14.2,3.499999999999999
HOPV15,DKL Multi-Fidelity,57,14.3,3.499999999999999
HOPV15,DKL Multi-Fidelity,57,14.4,3.499999999999999
HOPV15,DKL Multi-Fidelity,57,14.5,3.499999999999999
HOPV15,DKL Multi-Fidelity,57,15.5,3.499999999999999
HOPV15,DKL Multi-Fidelity,57,15.6,3.499999999999999
HOPV15,DKL Multi-Fidelity,57,15.7,3.499999999999999
HOPV15,DKL Multi-Fidelity,57,15.8,3.499999999999999
HOPV15,DKL Multi-Fidelity,57,15.9,3.499999999999999
HOPV15,DKL Multi-Fidelity,57,16.0,3.499999999999999
HOPV15,DKL Multi-Fidelity,57,16.1,3.499999999999999
HOPV15,DKL Multi-Fidelity,57,16.2,3.499999999999999
HOPV15,DKL Multi-Fidelity,57,16.3,3.499999999999999
HOPV15,DKL Multi-Fidelity,57,16.4,3.499999999999999
HOPV15,DKL Multi-Fidelity,57,16.5,3.499999999999999
HOPV15,DKL Multi-Fidelity,57,17.5,3.499999999999999
HOPV15,DKL Multi-Fidelity,57,17.6,3.499999999999999
HOPV15,DKL Multi-Fidelity,57,17.7,3.499999999999999
HOPV15,DKL Multi-Fidelity,57,17.8,3.499999999999999
HOPV15,DKL Multi-Fidelity,57,17.9,3.499999999999999
HOPV15,DKL Multi-Fidelity,57,18.0,3.499999999999999
HOPV15,DKL Multi-Fidelity,57,18.1,3.499999999999999
HOPV15,DKL Multi-Fidelity,57,18.2,3.499999999999999
HOPV15,DKL Multi-Fidelity,57,18.3,3.499999999999999
HOPV15,DKL Multi-Fidelity,57,18.4,3.499999999999999
HOPV15,DKL Multi-Fidelity,57,18.5,3.499999999999999
HOPV15,DKL Multi-Fidelity,57,19.5,3.499999999999999
HOPV15,DKL Multi-Fidelity,57,19.6,3.499999999999999
HOPV15,DKL Multi-Fidelity,57,19.7,3.499999999999999
HOPV15,DKL Multi-Fidelity,57,19.8,3.499999999999999
HOPV15,DKL Multi-Fidelity,57,19.9,3.499999999999999
HOPV15,DKL Multi-Fidelity,57,20.0,3.499999999999999
HOPV15,DKL Multi-Fidelity,57,20.1,3.499999999999999
HOPV15,DKL Multi-Fidelity,57,20.2,3.499999999999999
HOPV15,DKL Multi-Fidelity,57,20.3,3.499999999999999
HOPV15,DKL Multi-Fidelity,57,20.4,3.499999999999999
HOPV15,DKL Multi-Fidelity,57,20.5,3.499999999999999
HOPV15,DKL Multi-Fidelity,57,21.5,3.499999999999999
HOPV15,DKL Multi-Fidelity,57,21.6,3.499999999999999
HOPV15,DKL Multi-Fidelity,57,21.7,3.499999999999999
HOPV15,DKL Multi-Fidelity,57,21.8,3.499999999999999
HOPV15,DKL Multi-Fidelity,57,21.9,3.499999999999999
HOPV15,DKL Multi-Fidelity,57,22.0,3.499999999999999
HOPV15,DKL Multi-Fidelity,57,22.1,3.499999999999999
HOPV15,DKL Multi-Fidelity,57,22.2,3.499999999999999
HOPV15,DKL Multi-Fidelity,57,22.3,3.499999999999999
HOPV15,DKL Multi-Fidelity,57,22.4,3.499999999999999
HOPV15,DKL Multi-Fidelity,57,22.5,3.499999999999999
HOPV15,DKL Multi-Fidelity,57,23.5,3.499999999999999
HOPV15,DKL Multi-Fidelity,57,23.6,3.499999999999999
HOPV15,DKL Multi-Fidelity,57,23.7,3.499999999999999
HOPV15,DKL Multi-Fidelity,57,23.8,3.499999999999999
HOPV15,DKL Multi-Fidelity,57,23.9,3.499999999999999
HOPV15,DKL Multi-Fidelity,57,24.0,3.499999999999999
HOPV15,DKL Multi-Fidelity,57,24.1,3.499999999999999
HOPV15,DKL Multi-Fidelity,57,24.2,3.499999999999999
HOPV15,DKL Multi-Fidelity,57,24.3,3.499999999999999
HOPV15,DKL Multi-Fidelity,57,24.4,3.499999999999999
HOPV15,DKL Multi-Fidelity,57,24.5,3.499999999999999
HOPV15,DKL Multi-Fidelity,57,25.5,3.499999999999999
HOPV15,DKL Multi-Fidelity,57,25.6,3.499999999999999
HOPV15,DKL Multi-Fidelity,57,25.7,3.499999999999999
HOPV15,DKL Multi-Fidelity,57,25.8,3.499999999999999
HOPV15,DKL Multi-Fidelity,57,25.9,3.499999999999999
HOPV15,DKL Multi-Fidelity,57,26.0,3.499999999999999
HOPV15,DKL Multi-Fidelity,57,26.1,3.499999999999999
HOPV15,DKL Multi-Fidelity,57,26.2,3.499999999999999
HOPV15,DKL Multi-Fidelity,57,26.3,3.499999999999999
HOPV15,DKL Multi-Fidelity,57,26.4,3.499999999999999
HOPV15,DKL Multi-Fidelity,57,26.5,3.499999999999999
HOPV15,DKL Multi-Fidelity,57,27.5,3.499999999999999
HOPV15,DKL Multi-Fidelity,57,27.6,3.499999999999999
HOPV15,DKL Multi-Fidelity,57,27.7,3.499999999999999
HOPV15,DKL Multi-Fidelity,57,27.8,3.499999999999999
HOPV15,DKL Multi-Fidelity,57,27.9,3.499999999999999
HOPV15,DKL Multi-Fidelity,57,28.0,3.499999999999999
HOPV15,DKL Multi-Fidelity,57,28.1,3.499999999999999
HOPV15,DKL Multi-Fidelity,57,28.2,3.499999999999999
HOPV15,DKL Multi-Fidelity,57,28.3,3.499999999999999
HOPV15,DKL Multi-Fidelity,57,28.4,3.499999999999999
HOPV15,DKL Multi-Fidelity,57,28.5,3.499999999999999
HOPV15,DKL Multi-Fidelity,57,29.5,3.499999999999999
HOPV15,DKL Multi-Fidelity,57,29.6,3.499999999999999
HOPV15,DKL Multi-Fidelity,57,29.7,3.499999999999999
HOPV15,DKL Multi-Fidelity,57,29.8,3.499999999999999
HOPV15,DKL Multi-Fidelity,57,29.9,3.499999999999999
HOPV15,DKL Multi-Fidelity,56,3.5,6.14
HOPV15,DKL Multi-Fidelity,56,3.6,6.14
HOPV15,DKL Multi-Fidelity,56,3.7,6.14
HOPV15,DKL Multi-Fidelity,56,3.8,6.14
HOPV15,DKL Multi-Fidelity,56,3.9,6.14
HOPV15,DKL Multi-Fidelity,56,4.0,6.14
HOPV15,DKL Multi-Fidelity,56,4.1,6.14
HOPV15,DKL Multi-Fidelity,56,4.2,6.14
HOPV15,DKL Multi-Fidelity,56,4.3,6.14
HOPV15,DKL Multi-Fidelity,56,4.4,6.14
HOPV15,DKL Multi-Fidelity,56,4.5,6.14
HOPV15,DKL Multi-Fidelity,56,5.5,6.14
HOPV15,DKL Multi-Fidelity,56,5.6,6.14
HOPV15,DKL Multi-Fidelity,56,5.7,6.14
HOPV15,DKL Multi-Fidelity,56,5.8,6.14
HOPV15,DKL Multi-Fidelity,56,5.9,6.14
HOPV15,DKL Multi-Fidelity,56,6.0,6.14
HOPV15,DKL Multi-Fidelity,56,6.1,6.14
HOPV15,DKL Multi-Fidelity,56,6.2,6.14
HOPV15,DKL Multi-Fidelity,56,6.3,6.14
HOPV15,DKL Multi-Fidelity,56,6.4,6.14
HOPV15,DKL Multi-Fidelity,56,6.5,6.14
HOPV15,DKL Multi-Fidelity,56,7.5,6.14
HOPV15,DKL Multi-Fidelity,56,7.6,6.14
HOPV15,DKL Multi-Fidelity,56,7.7,6.14
HOPV15,DKL Multi-Fidelity,56,7.8,6.14
HOPV15,DKL Multi-Fidelity,56,7.9,6.14
HOPV15,DKL Multi-Fidelity,56,8.0,6.14
HOPV15,DKL Multi-Fidelity,56,8.1,6.14
HOPV15,DKL Multi-Fidelity,56,8.2,6.14
HOPV15,DKL Multi-Fidelity,56,8.3,6.14
HOPV15,DKL Multi-Fidelity,56,8.4,6.14
HOPV15,DKL Multi-Fidelity,56,8.5,6.14
HOPV15,DKL Multi-Fidelity,56,9.5,3.9899999999999993
HOPV15,DKL Multi-Fidelity,56,9.6,3.9899999999999993
HOPV15,DKL Multi-Fidelity,56,9.7,3.9899999999999993
HOPV15,DKL Multi-Fidelity,56,9.8,3.9899999999999993
HOPV15,DKL Multi-Fidelity,56,9.9,3.9899999999999993
HOPV15,DKL Multi-Fidelity,56,10.0,3.9899999999999993
HOPV15,DKL Multi-Fidelity,56,10.1,3.9899999999999993
HOPV15,DKL Multi-Fidelity,56,10.2,3.9899999999999993
HOPV15,DKL Multi-Fidelity,56,10.3,3.9899999999999993
HOPV15,DKL Multi-Fidelity,56,10.4,3.9899999999999993
HOPV15,DKL Multi-Fidelity,56,10.5,3.9899999999999993
HOPV15,DKL Multi-Fidelity,56,11.5,3.9899999999999993
HOPV15,DKL Multi-Fidelity,56,11.6,3.9899999999999993
HOPV15,DKL Multi-Fidelity,56,11.7,3.9899999999999993
HOPV15,DKL Multi-Fidelity,56,11.8,3.9899999999999993
HOPV15,DKL Multi-Fidelity,56,11.9,3.9899999999999993
HOPV15,DKL Multi-Fidelity,56,12.0,3.9899999999999993
HOPV15,DKL Multi-Fidelity,56,12.1,3.9899999999999993
HOPV15,DKL Multi-Fidelity,56,12.2,3.9899999999999993
HOPV15,DKL Multi-Fidelity,56,12.3,3.9899999999999993
HOPV15,DKL Multi-Fidelity,56,12.4,3.9899999999999993
HOPV15,DKL Multi-Fidelity,56,12.5,3.9899999999999993
HOPV15,DKL Multi-Fidelity,56,13.5,3.9899999999999993
HOPV15,DKL Multi-Fidelity,56,13.6,3.9899999999999993
HOPV15,DKL Multi-Fidelity,56,13.7,3.9899999999999993
HOPV15,DKL Multi-Fidelity,56,13.8,3.9899999999999993
HOPV15,DKL Multi-Fidelity,56,13.9,3.9899999999999993
HOPV15,DKL Multi-Fidelity,56,14.0,3.9899999999999993
HOPV15,DKL Multi-Fidelity,56,14.1,3.9899999999999993
HOPV15,DKL Multi-Fidelity,56,14.2,3.9899999999999993
HOPV15,DKL Multi-Fidelity,56,14.3,3.9899999999999993
HOPV15,DKL Multi-Fidelity,56,14.4,3.9899999999999993
HOPV15,DKL Multi-Fidelity,56,14.5,3.9899999999999993
HOPV15,DKL Multi-Fidelity,56,15.5,3.9899999999999993
HOPV15,DKL Multi-Fidelity,56,15.6,3.9899999999999993
HOPV15,DKL Multi-Fidelity,56,15.7,3.9899999999999993
HOPV15,DKL Multi-Fidelity,56,15.8,3.9899999999999993
HOPV15,DKL Multi-Fidelity,56,15.9,3.9899999999999993
HOPV15,DKL Multi-Fidelity,56,16.0,3.9899999999999993
HOPV15,DKL Multi-Fidelity,56,16.1,3.9899999999999993
HOPV15,DKL Multi-Fidelity,56,16.2,3.9899999999999993
HOPV15,DKL Multi-Fidelity,56,16.3,3.9899999999999993
HOPV15,DKL Multi-Fidelity,56,16.4,3.9899999999999993
HOPV15,DKL Multi-Fidelity,56,16.5,3.9899999999999993
HOPV15,DKL Multi-Fidelity,56,17.5,3.9899999999999993
HOPV15,DKL Multi-Fidelity,56,17.6,3.9899999999999993
HOPV15,DKL Multi-Fidelity,56,17.7,3.9899999999999993
HOPV15,DKL Multi-Fidelity,56,17.8,3.9899999999999993
HOPV15,DKL Multi-Fidelity,56,17.9,3.9899999999999993
HOPV15,DKL Multi-Fidelity,56,18.0,3.9899999999999993
HOPV15,DKL Multi-Fidelity,56,18.1,3.9899999999999993
HOPV15,DKL Multi-Fidelity,56,18.2,3.9899999999999993
HOPV15,DKL Multi-Fidelity,56,18.3,3.9899999999999993
HOPV15,DKL Multi-Fidelity,56,18.4,3.9899999999999993
HOPV15,DKL Multi-Fidelity,56,18.5,3.9899999999999993
HOPV15,DKL Multi-Fidelity,56,19.5,1.5999999999999996
HOPV15,DKL Multi-Fidelity,56,19.6,1.5999999999999996
HOPV15,DKL Multi-Fidelity,56,19.7,1.5999999999999996
HOPV15,DKL Multi-Fidelity,56,19.8,1.5999999999999996
HOPV15,DKL Multi-Fidelity,56,19.9,1.5999999999999996
HOPV15,DKL Multi-Fidelity,56,20.0,1.5999999999999996
HOPV15,DKL Multi-Fidelity,56,20.1,1.5999999999999996
HOPV15,DKL Multi-Fidelity,56,20.2,1.5999999999999996
HOPV15,DKL Multi-Fidelity,56,20.3,1.5999999999999996
HOPV15,DKL Multi-Fidelity,56,20.4,1.5999999999999996
HOPV15,DKL Multi-Fidelity,56,20.5,1.5999999999999996
HOPV15,DKL Multi-Fidelity,56,21.5,1.5999999999999996
HOPV15,DKL Multi-Fidelity,56,21.6,1.5999999999999996
HOPV15,DKL Multi-Fidelity,56,21.7,1.5999999999999996
HOPV15,DKL Multi-Fidelity,56,21.8,1.5999999999999996
HOPV15,DKL Multi-Fidelity,56,21.9,1.5999999999999996
HOPV15,DKL Multi-Fidelity,56,22.0,1.5999999999999996
HOPV15,DKL Multi-Fidelity,56,22.1,1.5999999999999996
HOPV15,DKL Multi-Fidelity,56,22.2,1.5999999999999996
HOPV15,DKL Multi-Fidelity,56,22.3,1.5999999999999996
HOPV15,DKL Multi-Fidelity,56,22.4,1.5999999999999996
HOPV15,DKL Multi-Fidelity,56,22.5,1.5999999999999996
HOPV15,DKL Multi-Fidelity,56,23.5,1.5999999999999996
HOPV15,DKL Multi-Fidelity,56,23.6,1.5999999999999996
HOPV15,DKL Multi-Fidelity,56,23.7,1.5999999999999996
HOPV15,DKL Multi-Fidelity,56,23.8,1.5999999999999996
HOPV15,DKL Multi-Fidelity,56,23.9,1.5999999999999996
HOPV15,DKL Multi-Fidelity,56,24.0,1.5999999999999996
HOPV15,DKL Multi-Fidelity,56,24.1,1.5999999999999996
HOPV15,DKL Multi-Fidelity,56,24.2,1.5999999999999996
HOPV15,DKL Multi-Fidelity,56,24.3,1.5999999999999996
HOPV15,DKL Multi-Fidelity,56,24.4,1.5999999999999996
HOPV15,DKL Multi-Fidelity,56,24.5,1.5999999999999996
HOPV15,DKL Multi-Fidelity,56,25.5,1.5999999999999996
HOPV15,DKL Multi-Fidelity,56,25.6,1.5999999999999996
HOPV15,DKL Multi-Fidelity,56,25.7,1.5999999999999996
HOPV15,DKL Multi-Fidelity,56,25.8,1.5999999999999996
HOPV15,DKL Multi-Fidelity,56,25.9,1.5999999999999996
HOPV15,DKL Multi-Fidelity,56,26.0,1.5999999999999996
HOPV15,DKL Multi-Fidelity,56,26.1,1.5999999999999996
HOPV15,DKL Multi-Fidelity,56,26.2,1.5999999999999996
HOPV15,DKL Multi-Fidelity,56,26.3,1.5999999999999996
HOPV15,DKL Multi-Fidelity,56,26.4,1.5999999999999996
HOPV15,DKL Multi-Fidelity,56,26.5,1.5999999999999996
HOPV15,DKL Multi-Fidelity,56,27.5,1.5999999999999996
HOPV15,DKL Multi-Fidelity,56,27.6,1.5999999999999996
HOPV15,DKL Multi-Fidelity,56,27.7,1.5999999999999996
HOPV15,DKL Multi-Fidelity,56,27.8,1.5999999999999996
HOPV15,DKL Multi-Fidelity,56,27.9,1.5999999999999996
HOPV15,DKL Multi-Fidelity,56,28.0,1.5999999999999996
HOPV15,DKL Multi-Fidelity,56,28.1,1.5999999999999996
HOPV15,DKL Multi-Fidelity,56,28.2,1.5999999999999996
HOPV15,DKL Multi-Fidelity,56,28.3,1.5999999999999996
HOPV15,DKL Multi-Fidelity,56,28.4,1.5999999999999996
HOPV15,DKL Multi-Fidelity,56,28.5,1.5999999999999996
HOPV15,DKL Multi-Fidelity,56,29.5,1.5999999999999996
HOPV15,DKL Multi-Fidelity,56,29.6,1.5999999999999996
HOPV15,DKL Multi-Fidelity,56,29.7,1.5999999999999996
HOPV15,DKL Multi-Fidelity,56,29.8,1.5999999999999996
HOPV15,DKL Multi-Fidelity,56,29.9,1.5999999999999996
HOPV15,DKL Multi-Fidelity,58,3.5,5.27
HOPV15,DKL Multi-Fidelity,58,3.6,5.27
HOPV15,DKL Multi-Fidelity,58,3.7,5.27
HOPV15,DKL Multi-Fidelity,58,3.8,5.27
HOPV15,DKL Multi-Fidelity,58,3.9,5.27
HOPV15,DKL Multi-Fidelity,58,4.0,5.27
HOPV15,DKL Multi-Fidelity,58,4.1,5.27
HOPV15,DKL Multi-Fidelity,58,4.2,5.27
HOPV15,DKL Multi-Fidelity,58,4.3,5.27
HOPV15,DKL Multi-Fidelity,58,4.4,5.27
HOPV15,DKL Multi-Fidelity,58,4.5,5.27
HOPV15,DKL Multi-Fidelity,58,5.5,4.949999999999999
HOPV15,DKL Multi-Fidelity,58,5.6,4.949999999999999
HOPV15,DKL Multi-Fidelity,58,5.7,4.949999999999999
HOPV15,DKL Multi-Fidelity,58,5.8,4.949999999999999
HOPV15,DKL Multi-Fidelity,58,5.9,4.949999999999999
HOPV15,DKL Multi-Fidelity,58,6.0,4.949999999999999
HOPV15,DKL Multi-Fidelity,58,6.1,4.949999999999999
HOPV15,DKL Multi-Fidelity,58,6.2,4.949999999999999
HOPV15,DKL Multi-Fidelity,58,6.3,4.949999999999999
HOPV15,DKL Multi-Fidelity,58,6.4,4.949999999999999
HOPV15,DKL Multi-Fidelity,58,6.5,4.949999999999999
HOPV15,DKL Multi-Fidelity,58,7.5,4.949999999999999
HOPV15,DKL Multi-Fidelity,58,7.6,4.949999999999999
HOPV15,DKL Multi-Fidelity,58,7.7,4.949999999999999
HOPV15,DKL Multi-Fidelity,58,7.8,4.949999999999999
HOPV15,DKL Multi-Fidelity,58,7.9,4.949999999999999
HOPV15,DKL Multi-Fidelity,58,8.0,4.949999999999999
HOPV15,DKL Multi-Fidelity,58,8.1,4.949999999999999
HOPV15,DKL Multi-Fidelity,58,8.2,4.949999999999999
HOPV15,DKL Multi-Fidelity,58,8.3,4.949999999999999
HOPV15,DKL Multi-Fidelity,58,8.4,4.949999999999999
HOPV15,DKL Multi-Fidelity,58,8.5,4.949999999999999
HOPV15,DKL Multi-Fidelity,58,9.5,4.949999999999999
HOPV15,DKL Multi-Fidelity,58,9.6,4.949999999999999
HOPV15,DKL Multi-Fidelity,58,9.7,4.949999999999999
HOPV15,DKL Multi-Fidelity,58,9.8,4.949999999999999
HOPV15,DKL Multi-Fidelity,58,9.9,4.949999999999999
HOPV15,DKL Multi-Fidelity,58,10.0,4.949999999999999
HOPV15,DKL Multi-Fidelity,58,10.1,4.949999999999999
HOPV15,DKL Multi-Fidelity,58,10.2,4.949999999999999
HOPV15,DKL Multi-Fidelity,58,10.3,4.949999999999999
HOPV15,DKL Multi-Fidelity,58,10.4,4.949999999999999
HOPV15,DKL Multi-Fidelity,58,10.5,4.949999999999999
HOPV15,DKL Multi-Fidelity,58,11.5,4.799999999999999
HOPV15,DKL Multi-Fidelity,58,11.6,4.799999999999999
HOPV15,DKL Multi-Fidelity,58,11.7,4.799999999999999
HOPV15,DKL Multi-Fidelity,58,11.8,4.799999999999999
HOPV15,DKL Multi-Fidelity,58,11.9,4.799999999999999
HOPV15,DKL Multi-Fidelity,58,12.0,4.799999999999999
HOPV15,DKL Multi-Fidelity,58,12.1,4.799999999999999
HOPV15,DKL Multi-Fidelity,58,12.2,4.799999999999999
HOPV15,DKL Multi-Fidelity,58,12.3,4.799999999999999
HOPV15,DKL Multi-Fidelity,58,12.4,4.799999999999999
HOPV15,DKL Multi-Fidelity,58,12.5,4.799999999999999
HOPV15,DKL Multi-Fidelity,58,13.5,4.799999999999999
HOPV15,DKL Multi-Fidelity,58,13.6,4.799999999999999
HOPV15,DKL Multi-Fidelity,58,13.7,4.799999999999999
HOPV15,DKL Multi-Fidelity,58,13.8,4.799999999999999
HOPV15,DKL Multi-Fidelity,58,13.9,4.799999999999999
HOPV15,DKL Multi-Fidelity,58,14.0,4.799999999999999
HOPV15,DKL Multi-Fidelity,58,14.1,4.799999999999999
HOPV15,DKL Multi-Fidelity,58,14.2,4.799999999999999
HOPV15,DKL Multi-Fidelity,58,14.3,4.799999999999999
HOPV15,DKL Multi-Fidelity,58,14.4,4.799999999999999
HOPV15,DKL Multi-Fidelity,58,14.5,4.799999999999999
HOPV15,DKL Multi-Fidelity,58,15.5,4.799999999999999
HOPV15,DKL Multi-Fidelity,58,15.6,4.799999999999999
HOPV15,DKL Multi-Fidelity,58,15.7,4.799999999999999
HOPV15,DKL Multi-Fidelity,58,15.8,4.799999999999999
HOPV15,DKL Multi-Fidelity,58,15.9,4.799999999999999
HOPV15,DKL Multi-Fidelity,58,16.0,4.799999999999999
HOPV15,DKL Multi-Fidelity,58,16.1,4.799999999999999
HOPV15,DKL Multi-Fidelity,58,16.2,4.799999999999999
HOPV15,DKL Multi-Fidelity,58,16.3,4.799999999999999
HOPV15,DKL Multi-Fidelity,58,16.4,4.799999999999999
HOPV15,DKL Multi-Fidelity,58,16.5,4.799999999999999
HOPV15,DKL Multi-Fidelity,58,17.5,4.799999999999999
HOPV15,DKL Multi-Fidelity,58,17.6,4.799999999999999
HOPV15,DKL Multi-Fidelity,58,17.7,4.799999999999999
HOPV15,DKL Multi-Fidelity,58,17.8,4.799999999999999
HOPV15,DKL Multi-Fidelity,58,17.9,4.799999999999999
HOPV15,DKL Multi-Fidelity,58,18.0,4.799999999999999
HOPV15,DKL Multi-Fidelity,58,18.1,4.799999999999999
HOPV15,DKL Multi-Fidelity,58,18.2,4.799999999999999
HOPV15,DKL Multi-Fidelity,58,18.3,4.799999999999999
HOPV15,DKL Multi-Fidelity,58,18.4,4.799999999999999
HOPV15,DKL Multi-Fidelity,58,18.5,4.799999999999999
HOPV15,DKL Multi-Fidelity,58,19.5,4.799999999999999
HOPV15,DKL Multi-Fidelity,58,19.6,4.799999999999999
HOPV15,DKL Multi-Fidelity,58,19.7,4.799999999999999
HOPV15,DKL Multi-Fidelity,58,19.8,4.799999999999999
HOPV15,DKL Multi-Fidelity,58,19.9,4.799999999999999
HOPV15,DKL Multi-Fidelity,58,20.0,4.799999999999999
HOPV15,DKL Multi-Fidelity,58,20.1,4.799999999999999
HOPV15,DKL Multi-Fidelity,58,20.2,4.799999999999999
HOPV15,DKL Multi-Fidelity,58,20.3,4.799999999999999
HOPV15,DKL Multi-Fidelity,58,20.4,4.799999999999999
HOPV15,DKL Multi-Fidelity,58,20.5,4.799999999999999
HOPV15,DKL Multi-Fidelity,58,21.5,4.799999999999999
HOPV15,DKL Multi-Fidelity,58,21.6,4.799999999999999
HOPV15,DKL Multi-Fidelity,58,21.7,4.799999999999999
HOPV15,DKL Multi-Fidelity,58,21.8,4.799999999999999
HOPV15,DKL Multi-Fidelity,58,21.9,4.799999999999999
HOPV15,DKL Multi-Fidelity,58,22.0,4.799999999999999
HOPV15,DKL Multi-Fidelity,58,22.1,4.799999999999999
HOPV15,DKL Multi-Fidelity,58,22.2,4.799999999999999
HOPV15,DKL Multi-Fidelity,58,22.3,4.799999999999999
HOPV15,DKL Multi-Fidelity,58,22.4,4.799999999999999
HOPV15,DKL Multi-Fidelity,58,22.5,4.799999999999999
HOPV15,DKL Multi-Fidelity,58,23.5,4.799999999999999
HOPV15,DKL Multi-Fidelity,58,23.6,4.799999999999999
HOPV15,DKL Multi-Fidelity,58,23.7,4.799999999999999
HOPV15,DKL Multi-Fidelity,58,23.8,4.799999999999999
HOPV15,DKL Multi-Fidelity,58,23.9,4.799999999999999
HOPV15,DKL Multi-Fidelity,58,24.0,4.799999999999999
HOPV15,DKL Multi-Fidelity,58,24.1,4.799999999999999
HOPV15,DKL Multi-Fidelity,58,24.2,4.799999999999999
HOPV15,DKL Multi-Fidelity,58,24.3,4.799999999999999
HOPV15,DKL Multi-Fidelity,58,24.4,4.799999999999999
HOPV15,DKL Multi-Fidelity,58,24.5,4.799999999999999
HOPV15,DKL Multi-Fidelity,58,25.5,4.799999999999999
HOPV15,DKL Multi-Fidelity,58,25.6,4.799999999999999
HOPV15,DKL Multi-Fidelity,58,25.7,4.799999999999999
HOPV15,DKL Multi-Fidelity,58,25.8,4.799999999999999
HOPV15,DKL Multi-Fidelity,58,25.9,4.799999999999999
HOPV15,DKL Multi-Fidelity,58,26.0,4.799999999999999
HOPV15,DKL Multi-Fidelity,58,26.1,4.799999999999999
HOPV15,DKL Multi-Fidelity,58,26.2,4.799999999999999
HOPV15,DKL Multi-Fidelity,58,26.3,4.799999999999999
HOPV15,DKL Multi-Fidelity,58,26.4,4.799999999999999
HOPV15,DKL Multi-Fidelity,58,26.5,4.799999999999999
HOPV15,DKL Multi-Fidelity,58,27.5,4.3999999999999995
HOPV15,DKL Multi-Fidelity,58,27.6,4.3999999999999995
HOPV15,DKL Multi-Fidelity,58,27.7,4.3999999999999995
HOPV15,DKL Multi-Fidelity,58,27.8,4.3999999999999995
HOPV15,DKL Multi-Fidelity,58,27.9,4.3999999999999995
HOPV15,DKL Multi-Fidelity,58,28.0,4.3999999999999995
HOPV15,DKL Multi-Fidelity,58,28.1,4.3999999999999995
HOPV15,DKL Multi-Fidelity,58,28.2,4.3999999999999995
HOPV15,DKL Multi-Fidelity,58,28.3,4.3999999999999995
HOPV15,DKL Multi-Fidelity,58,28.4,4.3999999999999995
HOPV15,DKL Multi-Fidelity,58,28.5,4.3999999999999995
HOPV15,DKL Multi-Fidelity,58,29.5,3.789999999999999
HOPV15,DKL Multi-Fidelity,58,29.6,3.789999999999999
HOPV15,DKL Multi-Fidelity,58,29.7,3.789999999999999
HOPV15,DKL Multi-Fidelity,58,29.8,3.789999999999999
HOPV15,DKL Multi-Fidelity,58,29.9,3.789999999999999
HOPV15,DKL Multi-Fidelity,59,3.5,5.27
HOPV15,DKL Multi-Fidelity,59,3.6,5.27
HOPV15,DKL Multi-Fidelity,59,3.7,5.27
HOPV15,DKL Multi-Fidelity,59,3.8,5.27
HOPV15,DKL Multi-Fidelity,59,3.9,5.27
HOPV15,DKL Multi-Fidelity,59,4.0,5.27
HOPV15,DKL Multi-Fidelity,59,4.1,5.27
HOPV15,DKL Multi-Fidelity,59,4.2,5.27
HOPV15,DKL Multi-Fidelity,59,4.3,5.27
HOPV15,DKL Multi-Fidelity,59,4.4,5.27
HOPV15,DKL Multi-Fidelity,59,4.5,5.27
HOPV15,DKL Multi-Fidelity,59,5.5,0.0
HOPV15,DKL Multi-Fidelity,59,5.6,0.0
HOPV15,DKL Multi-Fidelity,59,5.7,0.0
HOPV15,DKL Multi-Fidelity,59,5.8,0.0
HOPV15,DKL Multi-Fidelity,59,5.9,0.0
HOPV15,DKL Multi-Fidelity,59,6.0,0.0
HOPV15,DKL Multi-Fidelity,59,6.1,0.0
HOPV15,DKL Multi-Fidelity,59,6.2,0.0
HOPV15,DKL Multi-Fidelity,59,6.3,0.0
HOPV15,DKL Multi-Fidelity,59,6.4,0.0
HOPV15,DKL Multi-Fidelity,59,6.5,0.0
HOPV15,DKL Multi-Fidelity,59,7.5,0.0
HOPV15,DKL Multi-Fidelity,59,7.6,0.0
HOPV15,DKL Multi-Fidelity,59,7.7,0.0
HOPV15,DKL Multi-Fidelity,59,7.8,0.0
HOPV15,DKL Multi-Fidelity,59,7.9,0.0
HOPV15,DKL Multi-Fidelity,59,8.0,0.0
HOPV15,DKL Multi-Fidelity,59,8.1,0.0
HOPV15,DKL Multi-Fidelity,59,8.2,0.0
HOPV15,DKL Multi-Fidelity,59,8.3,0.0
HOPV15,DKL Multi-Fidelity,59,8.4,0.0
HOPV15,DKL Multi-Fidelity,59,8.5,0.0
HOPV15,DKL Multi-Fidelity,59,9.5,0.0
HOPV15,DKL Multi-Fidelity,59,9.6,0.0
HOPV15,DKL Multi-Fidelity,59,9.7,0.0
HOPV15,DKL Multi-Fidelity,59,9.8,0.0
HOPV15,DKL Multi-Fidelity,59,9.9,0.0
HOPV15,DKL Multi-Fidelity,59,10.0,0.0
HOPV15,DKL Multi-Fidelity,59,10.1,0.0
HOPV15,DKL Multi-Fidelity,59,10.2,0.0
HOPV15,DKL Multi-Fidelity,59,10.3,0.0
HOPV15,DKL Multi-Fidelity,59,10.4,0.0
HOPV15,DKL Multi-Fidelity,59,10.5,0.0
HOPV15,DKL Multi-Fidelity,59,11.5,0.0
HOPV15,DKL Multi-Fidelity,59,11.6,0.0
HOPV15,DKL Multi-Fidelity,59,11.7,0.0
HOPV15,DKL Multi-Fidelity,59,11.8,0.0
HOPV15,DKL Multi-Fidelity,59,11.9,0.0
HOPV15,DKL Multi-Fidelity,59,12.0,0.0
HOPV15,DKL Multi-Fidelity,59,12.1,0.0
HOPV15,DKL Multi-Fidelity,59,12.2,0.0
HOPV15,DKL Multi-Fidelity,59,12.3,0.0
HOPV15,DKL Multi-Fidelity,59,12.4,0.0
HOPV15,DKL Multi-Fidelity,59,12.5,0.0
HOPV15,DKL Multi-Fidelity,59,13.5,0.0
HOPV15,DKL Multi-Fidelity,59,13.6,0.0
HOPV15,DKL Multi-Fidelity,59,13.7,0.0
HOPV15,DKL Multi-Fidelity,59,13.8,0.0
HOPV15,DKL Multi-Fidelity,59,13.9,0.0
HOPV15,DKL Multi-Fidelity,59,14.0,0.0
HOPV15,DKL Multi-Fidelity,59,14.1,0.0
HOPV15,DKL Multi-Fidelity,59,14.2,0.0
HOPV15,DKL Multi-Fidelity,59,14.3,0.0
HOPV15,DKL Multi-Fidelity,59,14.4,0.0
HOPV15,DKL Multi-Fidelity,59,14.5,0.0
HOPV15,DKL Multi-Fidelity,59,15.5,0.0
HOPV15,DKL Multi-Fidelity,59,15.6,0.0
HOPV15,DKL Multi-Fidelity,59,15.7,0.0
HOPV15,DKL Multi-Fidelity,59,15.8,0.0
HOPV15,DKL Multi-Fidelity,59,15.9,0.0
HOPV15,DKL Multi-Fidelity,59,16.0,0.0
HOPV15,DKL Multi-Fidelity,59,16.1,0.0
HOPV15,DKL Multi-Fidelity,59,16.2,0.0
HOPV15,DKL Multi-Fidelity,59,16.3,0.0
HOPV15,DKL Multi-Fidelity,59,16.4,0.0
HOPV15,DKL Multi-Fidelity,59,16.5,0.0
HOPV15,DKL Multi-Fidelity,59,17.5,0.0
HOPV15,DKL Multi-Fidelity,59,17.6,0.0
HOPV15,DKL Multi-Fidelity,59,17.7,0.0
HOPV15,DKL Multi-Fidelity,59,17.8,0.0
HOPV15,DKL Multi-Fidelity,59,17.9,0.0
HOPV15,DKL Multi-Fidelity,59,18.0,0.0
HOPV15,DKL Multi-Fidelity,59,18.1,0.0
HOPV15,DKL Multi-Fidelity,59,18.2,0.0
HOPV15,DKL Multi-Fidelity,59,18.3,0.0
HOPV15,DKL Multi-Fidelity,59,18.4,0.0
HOPV15,DKL Multi-Fidelity,59,18.5,0.0
HOPV15,DKL Multi-Fidelity,59,19.5,0.0
HOPV15,DKL Multi-Fidelity,59,19.6,0.0
HOPV15,DKL Multi-Fidelity,59,19.7,0.0
HOPV15,DKL Multi-Fidelity,59,19.8,0.0
HOPV15,DKL Multi-Fidelity,59,19.9,0.0
HOPV15,DKL Multi-Fidelity,59,20.0,0.0
HOPV15,DKL Multi-Fidelity,59,20.1,0.0
HOPV15,DKL Multi-Fidelity,59,20.2,0.0
HOPV15,DKL Multi-Fidelity,59,20.3,0.0
HOPV15,DKL Multi-Fidelity,59,20.4,0.0
HOPV15,DKL Multi-Fidelity,59,20.5,0.0
HOPV15,DKL Multi-Fidelity,59,21.5,0.0
HOPV15,DKL Multi-Fidelity,59,21.6,0.0
HOPV15,DKL Multi-Fidelity,59,21.7,0.0
HOPV15,DKL Multi-Fidelity,59,21.8,0.0
HOPV15,DKL Multi-Fidelity,59,21.9,0.0
HOPV15,DKL Multi-Fidelity,59,22.0,0.0
HOPV15,DKL Multi-Fidelity,59,22.1,0.0
HOPV15,DKL Multi-Fidelity,59,22.2,0.0
HOPV15,DKL Multi-Fidelity,59,22.3,0.0
HOPV15,DKL Multi-Fidelity,59,22.4,0.0
HOPV15,DKL Multi-Fidelity,59,22.5,0.0
HOPV15,DKL Multi-Fidelity,59,23.5,0.0
HOPV15,DKL Multi-Fidelity,59,23.6,0.0
HOPV15,DKL Multi-Fidelity,59,23.7,0.0
HOPV15,DKL Multi-Fidelity,59,23.8,0.0
HOPV15,DKL Multi-Fidelity,59,23.9,0.0
HOPV15,DKL Multi-Fidelity,59,24.0,0.0
HOPV15,DKL Multi-Fidelity,59,24.1,0.0
HOPV15,DKL Multi-Fidelity,59,24.2,0.0
HOPV15,DKL Multi-Fidelity,59,24.3,0.0
HOPV15,DKL Multi-Fidelity,59,24.4,0.0
HOPV15,DKL Multi-Fidelity,59,24.5,0.0
HOPV15,DKL Multi-Fidelity,59,25.5,0.0
HOPV15,DKL Multi-Fidelity,59,25.6,0.0
HOPV15,DKL Multi-Fidelity,59,25.7,0.0
HOPV15,DKL Multi-Fidelity,59,25.8,0.0
HOPV15,DKL Multi-Fidelity,59,25.9,0.0
HOPV15,DKL Multi-Fidelity,59,26.0,0.0
HOPV15,DKL Multi-Fidelity,59,26.1,0.0
HOPV15,DKL Multi-Fidelity,59,26.2,0.0
HOPV15,DKL Multi-Fidelity,59,26.3,0.0
HOPV15,DKL Multi-Fidelity,59,26.4,0.0
HOPV15,DKL Multi-Fidelity,59,26.5,0.0
HOPV15,DKL Multi-Fidelity,59,27.5,0.0
HOPV15,DKL Multi-Fidelity,59,27.6,0.0
HOPV15,DKL Multi-Fidelity,59,27.7,0.0
HOPV15,DKL Multi-Fidelity,59,27.8,0.0
HOPV15,DKL Multi-Fidelity,59,27.9,0.0
HOPV15,DKL Multi-Fidelity,59,28.0,0.0
HOPV15,DKL Multi-Fidelity,59,28.1,0.0
HOPV15,DKL Multi-Fidelity,59,28.2,0.0
HOPV15,DKL Multi-Fidelity,59,28.3,0.0
HOPV15,DKL Multi-Fidelity,59,28.4,0.0
HOPV15,DKL Multi-Fidelity,59,28.5,0.0
HOPV15,DKL Multi-Fidelity,59,29.5,0.0
HOPV15,DKL Multi-Fidelity,59,29.6,0.0
HOPV15,DKL Multi-Fidelity,59,29.7,0.0
HOPV15,DKL Multi-Fidelity,59,29.8,0.0
HOPV15,DKL Multi-Fidelity,59,29.9,0.0
HOPV15,DKL Multi-Fidelity,60,3.5,6.85
HOPV15,DKL Multi-Fidelity,60,3.6,6.85
HOPV15,DKL Multi-Fidelity,60,3.7,6.85
HOPV15,DKL Multi-Fidelity,60,3.8,6.85
HOPV15,DKL Multi-Fidelity,60,3.9,6.85
HOPV15,DKL Multi-Fidelity,60,4.0,6.85
HOPV15,DKL Multi-Fidelity,60,4.1,6.85
HOPV15,DKL Multi-Fidelity,60,4.2,6.85
HOPV15,DKL Multi-Fidelity,60,4.3,6.85
HOPV15,DKL Multi-Fidelity,60,4.4,6.85
HOPV15,DKL Multi-Fidelity,60,4.5,6.85
HOPV15,DKL Multi-Fidelity,60,5.5,5.459999999999999
HOPV15,DKL Multi-Fidelity,60,5.6,5.459999999999999
HOPV15,DKL Multi-Fidelity,60,5.7,5.459999999999999
HOPV15,DKL Multi-Fidelity,60,5.8,5.459999999999999
HOPV15,DKL Multi-Fidelity,60,5.9,5.459999999999999
HOPV15,DKL Multi-Fidelity,60,6.0,5.459999999999999
HOPV15,DKL Multi-Fidelity,60,6.1,5.459999999999999
HOPV15,DKL Multi-Fidelity,60,6.2,5.459999999999999
HOPV15,DKL Multi-Fidelity,60,6.3,5.459999999999999
HOPV15,DKL Multi-Fidelity,60,6.4,5.459999999999999
HOPV15,DKL Multi-Fidelity,60,6.5,5.459999999999999
HOPV15,DKL Multi-Fidelity,60,7.5,5.459999999999999
HOPV15,DKL Multi-Fidelity,60,7.6,5.459999999999999
HOPV15,DKL Multi-Fidelity,60,7.7,5.459999999999999
HOPV15,DKL Multi-Fidelity,60,7.8,5.459999999999999
HOPV15,DKL Multi-Fidelity,60,7.9,5.459999999999999
HOPV15,DKL Multi-Fidelity,60,8.0,5.459999999999999
HOPV15,DKL Multi-Fidelity,60,8.1,5.459999999999999
HOPV15,DKL Multi-Fidelity,60,8.2,5.459999999999999
HOPV15,DKL Multi-Fidelity,60,8.3,5.459999999999999
HOPV15,DKL Multi-Fidelity,60,8.4,5.459999999999999
HOPV15,DKL Multi-Fidelity,60,8.5,5.459999999999999
HOPV15,DKL Multi-Fidelity,60,9.5,5.459999999999999
HOPV15,DKL Multi-Fidelity,60,9.6,5.459999999999999
HOPV15,DKL Multi-Fidelity,60,9.7,5.459999999999999
HOPV15,DKL Multi-Fidelity,60,9.8,5.459999999999999
HOPV15,DKL Multi-Fidelity,60,9.9,5.459999999999999
HOPV15,DKL Multi-Fidelity,60,10.0,5.459999999999999
HOPV15,DKL Multi-Fidelity,60,10.1,5.459999999999999
HOPV15,DKL Multi-Fidelity,60,10.2,5.459999999999999
HOPV15,DKL Multi-Fidelity,60,10.3,5.459999999999999
HOPV15,DKL Multi-Fidelity,60,10.4,5.459999999999999
HOPV15,DKL Multi-Fidelity,60,10.5,5.459999999999999
HOPV15,DKL Multi-Fidelity,60,11.5,4.8999999999999995
HOPV15,DKL Multi-Fidelity,60,11.6,4.8999999999999995
HOPV15,DKL Multi-Fidelity,60,11.7,4.8999999999999995
HOPV15,DKL Multi-Fidelity,60,11.8,4.8999999999999995
HOPV15,DKL Multi-Fidelity,60,11.9,4.8999999999999995
HOPV15,DKL Multi-Fidelity,60,12.0,4.8999999999999995
HOPV15,DKL Multi-Fidelity,60,12.1,4.8999999999999995
HOPV15,DKL Multi-Fidelity,60,12.2,4.8999999999999995
HOPV15,DKL Multi-Fidelity,60,12.3,4.8999999999999995
HOPV15,DKL Multi-Fidelity,60,12.4,4.8999999999999995
HOPV15,DKL Multi-Fidelity,60,12.5,4.8999999999999995
HOPV15,DKL Multi-Fidelity,60,13.5,4.299999999999999
HOPV15,DKL Multi-Fidelity,60,13.6,4.299999999999999
HOPV15,DKL Multi-Fidelity,60,13.7,4.299999999999999
HOPV15,DKL Multi-Fidelity,60,13.8,4.299999999999999
HOPV15,DKL Multi-Fidelity,60,13.9,4.299999999999999
HOPV15,DKL Multi-Fidelity,60,14.0,4.299999999999999
HOPV15,DKL Multi-Fidelity,60,14.1,4.299999999999999
HOPV15,DKL Multi-Fidelity,60,14.2,4.299999999999999
HOPV15,DKL Multi-Fidelity,60,14.3,4.299999999999999
HOPV15,DKL Multi-Fidelity,60,14.4,4.299999999999999
HOPV15,DKL Multi-Fidelity,60,14.5,4.299999999999999
HOPV15,DKL Multi-Fidelity,60,15.5,3.789999999999999
HOPV15,DKL Multi-Fidelity,60,15.6,3.789999999999999
HOPV15,DKL Multi-Fidelity,60,15.7,3.789999999999999
HOPV15,DKL Multi-Fidelity,60,15.8,3.789999999999999
HOPV15,DKL Multi-Fidelity,60,15.9,3.789999999999999
HOPV15,DKL Multi-Fidelity,60,16.0,3.789999999999999
HOPV15,DKL Multi-Fidelity,60,16.1,3.789999999999999
HOPV15,DKL Multi-Fidelity,60,16.2,3.789999999999999
HOPV15,DKL Multi-Fidelity,60,16.3,3.789999999999999
HOPV15,DKL Multi-Fidelity,60,16.4,3.789999999999999
HOPV15,DKL Multi-Fidelity,60,16.5,3.789999999999999
HOPV15,DKL Multi-Fidelity,60,17.5,3.789999999999999
HOPV15,DKL Multi-Fidelity,60,17.6,3.789999999999999
HOPV15,DKL Multi-Fidelity,60,17.7,3.789999999999999
HOPV15,DKL Multi-Fidelity,60,17.8,3.789999999999999
HOPV15,DKL Multi-Fidelity,60,17.9,3.789999999999999
HOPV15,DKL Multi-Fidelity,60,18.0,3.789999999999999
HOPV15,DKL Multi-Fidelity,60,18.1,3.789999999999999
HOPV15,DKL Multi-Fidelity,60,18.2,3.789999999999999
HOPV15,DKL Multi-Fidelity,60,18.3,3.789999999999999
HOPV15,DKL Multi-Fidelity,60,18.4,3.789999999999999
HOPV15,DKL Multi-Fidelity,60,18.5,3.789999999999999
HOPV15,DKL Multi-Fidelity,60,19.5,3.789999999999999
HOPV15,DKL Multi-Fidelity,60,19.6,3.789999999999999
HOPV15,DKL Multi-Fidelity,60,19.7,3.789999999999999
HOPV15,DKL Multi-Fidelity,60,19.8,3.789999999999999
HOPV15,DKL Multi-Fidelity,60,19.9,3.789999999999999
HOPV15,DKL Multi-Fidelity,60,20.0,3.789999999999999
HOPV15,DKL Multi-Fidelity,60,20.1,3.789999999999999
HOPV15,DKL Multi-Fidelity,60,20.2,3.789999999999999
HOPV15,DKL Multi-Fidelity,60,20.3,3.789999999999999
HOPV15,DKL Multi-Fidelity,60,20.4,3.789999999999999
HOPV15,DKL Multi-Fidelity,60,20.5,3.789999999999999
HOPV15,DKL Multi-Fidelity,60,21.5,3.789999999999999
HOPV15,DKL Multi-Fidelity,60,21.6,3.789999999999999
HOPV15,DKL Multi-Fidelity,60,21.7,3.789999999999999
HOPV15,DKL Multi-Fidelity,60,21.8,3.789999999999999
HOPV15,DKL Multi-Fidelity,60,21.9,3.789999999999999
HOPV15,DKL Multi-Fidelity,60,22.0,3.789999999999999
HOPV15,DKL Multi-Fidelity,60,22.1,3.789999999999999
HOPV15,DKL Multi-Fidelity,60,22.2,3.789999999999999
HOPV15,DKL Multi-Fidelity,60,22.3,3.789999999999999
HOPV15,DKL Multi-Fidelity,60,22.4,3.789999999999999
HOPV15,DKL Multi-Fidelity,60,22.5,3.789999999999999
HOPV15,DKL Multi-Fidelity,60,23.5,3.789999999999999
HOPV15,DKL Multi-Fidelity,60,23.6,3.789999999999999
HOPV15,DKL Multi-Fidelity,60,23.7,3.789999999999999
HOPV15,DKL Multi-Fidelity,60,23.8,3.789999999999999
HOPV15,DKL Multi-Fidelity,60,23.9,3.789999999999999
HOPV15,DKL Multi-Fidelity,60,24.0,3.789999999999999
HOPV15,DKL Multi-Fidelity,60,24.1,3.789999999999999
HOPV15,DKL Multi-Fidelity,60,24.2,3.789999999999999
HOPV15,DKL Multi-Fidelity,60,24.3,3.789999999999999
HOPV15,DKL Multi-Fidelity,60,24.4,3.789999999999999
HOPV15,DKL Multi-Fidelity,60,24.5,3.789999999999999
HOPV15,DKL Multi-Fidelity,60,25.5,3.789999999999999
HOPV15,DKL Multi-Fidelity,60,25.6,3.789999999999999
HOPV15,DKL Multi-Fidelity,60,25.7,3.789999999999999
HOPV15,DKL Multi-Fidelity,60,25.8,3.789999999999999
HOPV15,DKL Multi-Fidelity,60,25.9,3.789999999999999
HOPV15,DKL Multi-Fidelity,60,26.0,3.789999999999999
HOPV15,DKL Multi-Fidelity,60,26.1,3.789999999999999
HOPV15,DKL Multi-Fidelity,60,26.2,3.789999999999999
HOPV15,DKL Multi-Fidelity,60,26.3,3.789999999999999
HOPV15,DKL Multi-Fidelity,60,26.4,3.789999999999999
HOPV15,DKL Multi-Fidelity,60,26.5,3.789999999999999
HOPV15,DKL Multi-Fidelity,60,27.5,3.789999999999999
HOPV15,DKL Multi-Fidelity,60,27.6,3.789999999999999
HOPV15,DKL Multi-Fidelity,60,27.7,3.789999999999999
HOPV15,DKL Multi-Fidelity,60,27.8,3.789999999999999
HOPV15,DKL Multi-Fidelity,60,27.9,3.789999999999999
HOPV15,DKL Multi-Fidelity,60,28.0,3.789999999999999
HOPV15,DKL Multi-Fidelity,60,28.1,3.789999999999999
HOPV15,DKL Multi-Fidelity,60,28.2,3.789999999999999
HOPV15,DKL Multi-Fidelity,60,28.3,3.789999999999999
HOPV15,DKL Multi-Fidelity,60,28.4,3.789999999999999
HOPV15,DKL Multi-Fidelity,60,28.5,3.789999999999999
HOPV15,DKL Multi-Fidelity,60,29.5,3.789999999999999
HOPV15,DKL Multi-Fidelity,60,29.6,3.789999999999999
HOPV15,DKL Multi-Fidelity,60,29.7,3.789999999999999
HOPV15,DKL Multi-Fidelity,60,29.8,3.789999999999999
HOPV15,DKL Multi-Fidelity,60,29.9,3.789999999999999
HOPV15,DKL Multi-Fidelity,61,3.5,6.329999999999999
HOPV15,DKL Multi-Fidelity,61,3.6,6.329999999999999
HOPV15,DKL Multi-Fidelity,61,3.7,6.329999999999999
HOPV15,DKL Multi-Fidelity,61,3.8,6.329999999999999
HOPV15,DKL Multi-Fidelity,61,3.9,6.329999999999999
HOPV15,DKL Multi-Fidelity,61,4.0,6.329999999999999
HOPV15,DKL Multi-Fidelity,61,4.1,6.329999999999999
HOPV15,DKL Multi-Fidelity,61,4.2,6.329999999999999
HOPV15,DKL Multi-Fidelity,61,4.3,6.329999999999999
HOPV15,DKL Multi-Fidelity,61,4.4,6.329999999999999
HOPV15,DKL Multi-Fidelity,61,4.5,6.329999999999999
HOPV15,DKL Multi-Fidelity,61,5.5,4.199999999999999
HOPV15,DKL Multi-Fidelity,61,5.6,4.199999999999999
HOPV15,DKL Multi-Fidelity,61,5.7,4.199999999999999
HOPV15,DKL Multi-Fidelity,61,5.8,4.199999999999999
HOPV15,DKL Multi-Fidelity,61,5.9,4.199999999999999
HOPV15,DKL Multi-Fidelity,61,6.0,4.199999999999999
HOPV15,DKL Multi-Fidelity,61,6.1,4.199999999999999
HOPV15,DKL Multi-Fidelity,61,6.2,4.199999999999999
HOPV15,DKL Multi-Fidelity,61,6.3,4.199999999999999
HOPV15,DKL Multi-Fidelity,61,6.4,4.199999999999999
HOPV15,DKL Multi-Fidelity,61,6.5,4.199999999999999
HOPV15,DKL Multi-Fidelity,61,7.5,4.199999999999999
HOPV15,DKL Multi-Fidelity,61,7.6,4.199999999999999
HOPV15,DKL Multi-Fidelity,61,7.7,4.199999999999999
HOPV15,DKL Multi-Fidelity,61,7.8,4.199999999999999
HOPV15,DKL Multi-Fidelity,61,7.9,4.199999999999999
HOPV15,DKL Multi-Fidelity,61,8.0,4.199999999999999
HOPV15,DKL Multi-Fidelity,61,8.1,4.199999999999999
HOPV15,DKL Multi-Fidelity,61,8.2,4.199999999999999
HOPV15,DKL Multi-Fidelity,61,8.3,4.199999999999999
HOPV15,DKL Multi-Fidelity,61,8.4,4.199999999999999
HOPV15,DKL Multi-Fidelity,61,8.5,4.199999999999999
HOPV15,DKL Multi-Fidelity,61,9.5,4.199999999999999
HOPV15,DKL Multi-Fidelity,61,9.6,4.199999999999999
HOPV15,DKL Multi-Fidelity,61,9.7,4.199999999999999
HOPV15,DKL Multi-Fidelity,61,9.8,4.199999999999999
HOPV15,DKL Multi-Fidelity,61,9.9,4.199999999999999
HOPV15,DKL Multi-Fidelity,61,10.0,4.199999999999999
HOPV15,DKL Multi-Fidelity,61,10.1,4.199999999999999
HOPV15,DKL Multi-Fidelity,61,10.2,4.199999999999999
HOPV15,DKL Multi-Fidelity,61,10.3,4.199999999999999
HOPV15,DKL Multi-Fidelity,61,10.4,4.199999999999999
HOPV15,DKL Multi-Fidelity,61,10.5,4.199999999999999
HOPV15,DKL Multi-Fidelity,61,11.5,4.199999999999999
HOPV15,DKL Multi-Fidelity,61,11.6,4.199999999999999
HOPV15,DKL Multi-Fidelity,61,11.7,4.199999999999999
HOPV15,DKL Multi-Fidelity,61,11.8,4.199999999999999
HOPV15,DKL Multi-Fidelity,61,11.9,4.199999999999999
HOPV15,DKL Multi-Fidelity,61,12.0,4.199999999999999
HOPV15,DKL Multi-Fidelity,61,12.1,4.199999999999999
HOPV15,DKL Multi-Fidelity,61,12.2,4.199999999999999
HOPV15,DKL Multi-Fidelity,61,12.3,4.199999999999999
HOPV15,DKL Multi-Fidelity,61,12.4,4.199999999999999
HOPV15,DKL Multi-Fidelity,61,12.5,4.199999999999999
HOPV15,DKL Multi-Fidelity,61,13.5,4.199999999999999
HOPV15,DKL Multi-Fidelity,61,13.6,4.199999999999999
HOPV15,DKL Multi-Fidelity,61,13.7,4.199999999999999
HOPV15,DKL Multi-Fidelity,61,13.8,4.199999999999999
HOPV15,DKL Multi-Fidelity,61,13.9,4.199999999999999
HOPV15,DKL Multi-Fidelity,61,14.0,4.199999999999999
HOPV15,DKL Multi-Fidelity,61,14.1,4.199999999999999
HOPV15,DKL Multi-Fidelity,61,14.2,4.199999999999999
HOPV15,DKL Multi-Fidelity,61,14.3,4.199999999999999
HOPV15,DKL Multi-Fidelity,61,14.4,4.199999999999999
HOPV15,DKL Multi-Fidelity,61,14.5,4.199999999999999
HOPV15,DKL Multi-Fidelity,61,15.5,3.879999999999999
HOPV15,DKL Multi-Fidelity,61,15.6,3.879999999999999
HOPV15,DKL Multi-Fidelity,61,15.7,3.879999999999999
HOPV15,DKL Multi-Fidelity,61,15.8,3.879999999999999
HOPV15,DKL Multi-Fidelity,61,15.9,3.879999999999999
HOPV15,DKL Multi-Fidelity,61,16.0,3.879999999999999
HOPV15,DKL Multi-Fidelity,61,16.1,3.879999999999999
HOPV15,DKL Multi-Fidelity,61,16.2,3.879999999999999
HOPV15,DKL Multi-Fidelity,61,16.3,3.879999999999999
HOPV15,DKL Multi-Fidelity,61,16.4,3.879999999999999
HOPV15,DKL Multi-Fidelity,61,16.5,3.879999999999999
HOPV15,DKL Multi-Fidelity,61,17.5,2.469999999999999
HOPV15,DKL Multi-Fidelity,61,17.6,2.469999999999999
HOPV15,DKL Multi-Fidelity,61,17.7,2.469999999999999
HOPV15,DKL Multi-Fidelity,61,17.8,2.469999999999999
HOPV15,DKL Multi-Fidelity,61,17.9,2.469999999999999
HOPV15,DKL Multi-Fidelity,61,18.0,2.469999999999999
HOPV15,DKL Multi-Fidelity,61,18.1,2.469999999999999
HOPV15,DKL Multi-Fidelity,61,18.2,2.469999999999999
HOPV15,DKL Multi-Fidelity,61,18.3,2.469999999999999
HOPV15,DKL Multi-Fidelity,61,18.4,2.469999999999999
HOPV15,DKL Multi-Fidelity,61,18.5,2.469999999999999
HOPV15,DKL Multi-Fidelity,61,19.5,2.469999999999999
HOPV15,DKL Multi-Fidelity,61,19.6,2.469999999999999
HOPV15,DKL Multi-Fidelity,61,19.7,2.469999999999999
HOPV15,DKL Multi-Fidelity,61,19.8,2.469999999999999
HOPV15,DKL Multi-Fidelity,61,19.9,2.469999999999999
HOPV15,DKL Multi-Fidelity,61,20.0,2.469999999999999
HOPV15,DKL Multi-Fidelity,61,20.1,2.469999999999999
HOPV15,DKL Multi-Fidelity,61,20.2,2.469999999999999
HOPV15,DKL Multi-Fidelity,61,20.3,2.469999999999999
HOPV15,DKL Multi-Fidelity,61,20.4,2.469999999999999
HOPV15,DKL Multi-Fidelity,61,20.5,2.469999999999999
HOPV15,DKL Multi-Fidelity,61,21.5,2.469999999999999
HOPV15,DKL Multi-Fidelity,61,21.6,2.469999999999999
HOPV15,DKL Multi-Fidelity,61,21.7,2.469999999999999
HOPV15,DKL Multi-Fidelity,61,21.8,2.469999999999999
HOPV15,DKL Multi-Fidelity,61,21.9,2.469999999999999
HOPV15,DKL Multi-Fidelity,61,22.0,2.469999999999999
HOPV15,DKL Multi-Fidelity,61,22.1,2.469999999999999
HOPV15,DKL Multi-Fidelity,61,22.2,2.469999999999999
HOPV15,DKL Multi-Fidelity,61,22.3,2.469999999999999
HOPV15,DKL Multi-Fidelity,61,22.4,2.469999999999999
HOPV15,DKL Multi-Fidelity,61,22.5,2.469999999999999
HOPV15,DKL Multi-Fidelity,61,23.5,2.469999999999999
HOPV15,DKL Multi-Fidelity,61,23.6,2.469999999999999
HOPV15,DKL Multi-Fidelity,61,23.7,2.469999999999999
HOPV15,DKL Multi-Fidelity,61,23.8,2.469999999999999
HOPV15,DKL Multi-Fidelity,61,23.9,2.469999999999999
HOPV15,DKL Multi-Fidelity,61,24.0,2.469999999999999
HOPV15,DKL Multi-Fidelity,61,24.1,2.469999999999999
HOPV15,DKL Multi-Fidelity,61,24.2,2.469999999999999
HOPV15,DKL Multi-Fidelity,61,24.3,2.469999999999999
HOPV15,DKL Multi-Fidelity,61,24.4,2.469999999999999
HOPV15,DKL Multi-Fidelity,61,24.5,2.469999999999999
HOPV15,DKL Multi-Fidelity,61,25.5,2.469999999999999
HOPV15,DKL Multi-Fidelity,61,25.6,2.469999999999999
HOPV15,DKL Multi-Fidelity,61,25.7,2.469999999999999
HOPV15,DKL Multi-Fidelity,61,25.8,2.469999999999999
HOPV15,DKL Multi-Fidelity,61,25.9,2.469999999999999
HOPV15,DKL Multi-Fidelity,61,26.0,2.469999999999999
HOPV15,DKL Multi-Fidelity,61,26.1,2.469999999999999
HOPV15,DKL Multi-Fidelity,61,26.2,2.469999999999999
HOPV15,DKL Multi-Fidelity,61,26.3,2.469999999999999
HOPV15,DKL Multi-Fidelity,61,26.4,2.469999999999999
HOPV15,DKL Multi-Fidelity,61,26.5,2.469999999999999
HOPV15,DKL Multi-Fidelity,61,27.5,2.469999999999999
HOPV15,DKL Multi-Fidelity,61,27.6,2.469999999999999
HOPV15,DKL Multi-Fidelity,61,27.7,2.469999999999999
HOPV15,DKL Multi-Fidelity,61,27.8,2.469999999999999
HOPV15,DKL Multi-Fidelity,61,27.9,2.469999999999999
HOPV15,DKL Multi-Fidelity,61,28.0,2.469999999999999
HOPV15,DKL Multi-Fidelity,61,28.1,2.469999999999999
HOPV15,DKL Multi-Fidelity,61,28.2,2.469999999999999
HOPV15,DKL Multi-Fidelity,61,28.3,2.469999999999999
HOPV15,DKL Multi-Fidelity,61,28.4,2.469999999999999
HOPV15,DKL Multi-Fidelity,61,28.5,2.469999999999999
HOPV15,DKL Multi-Fidelity,61,29.5,2.469999999999999
HOPV15,DKL Multi-Fidelity,61,29.6,2.469999999999999
HOPV15,DKL Multi-Fidelity,61,29.7,2.469999999999999
HOPV15,DKL Multi-Fidelity,61,29.8,2.469999999999999
HOPV15,DKL Multi-Fidelity,61,29.9,2.469999999999999
HOPV15,Sparse MFGP,42,3.5,8.19
HOPV15,Sparse MFGP,42,3.6,8.19
HOPV15,Sparse MFGP,42,3.7,8.19
HOPV15,Sparse MFGP,42,3.8,8.19
HOPV15,Sparse MFGP,42,3.9,8.19
HOPV15,Sparse MFGP,42,4.0,8.19
HOPV15,Sparse MFGP,42,4.1,8.19
HOPV15,Sparse MFGP,42,4.2,8.19
HOPV15,Sparse MFGP,42,4.3,8.19
HOPV15,Sparse MFGP,42,4.4,8.19
HOPV15,Sparse MFGP,42,4.5,8.19
HOPV15,Sparse MFGP,42,5.5,8.19
HOPV15,Sparse MFGP,42,5.6,8.19
HOPV15,Sparse MFGP,42,5.7,8.19
HOPV15,Sparse MFGP,42,5.8,8.19
HOPV15,Sparse MFGP,42,5.9,8.19
HOPV15,Sparse MFGP,42,6.0,8.19
HOPV15,Sparse MFGP,42,6.1,8.19
HOPV15,Sparse MFGP,42,6.2,8.19
HOPV15,Sparse MFGP,42,6.3,8.19
HOPV15,Sparse MFGP,42,6.4,8.19
HOPV15,Sparse MFGP,42,6.5,8.19
HOPV15,Sparse MFGP,42,7.5,4.43
HOPV15,Sparse MFGP,42,7.6,4.43
HOPV15,Sparse MFGP,42,7.7,4.43
HOPV15,Sparse MFGP,42,7.8,4.43
HOPV15,Sparse MFGP,42,7.9,4.43
HOPV15,Sparse MFGP,42,8.0,4.43
HOPV15,Sparse MFGP,42,8.1,4.43
HOPV15,Sparse MFGP,42,8.2,4.43
HOPV15,Sparse MFGP,42,8.3,4.43
HOPV15,Sparse MFGP,42,8.4,4.43
HOPV15,Sparse MFGP,42,8.5,4.43
HOPV15,Sparse MFGP,42,9.5,4.43
HOPV15,Sparse MFGP,42,9.6,4.43
HOPV15,Sparse MFGP,42,9.7,4.43
HOPV15,Sparse MFGP,42,9.8,4.43
HOPV15,Sparse MFGP,42,9.9,4.43
HOPV15,Sparse MFGP,42,10.0,4.43
HOPV15,Sparse MFGP,42,10.1,4.43
HOPV15,Sparse MFGP,42,10.2,4.43
HOPV15,Sparse MFGP,42,10.3,4.43
HOPV15,Sparse MFGP,42,10.4,4.43
HOPV15,Sparse MFGP,42,10.5,4.43
HOPV15,Sparse MFGP,42,11.5,3.8999999999999995
HOPV15,Sparse MFGP,42,11.6,3.8999999999999995
HOPV15,Sparse MFGP,42,11.7,3.8999999999999995
HOPV15,Sparse MFGP,42,11.8,3.8999999999999995
HOPV15,Sparse MFGP,42,11.9,3.8999999999999995
HOPV15,Sparse MFGP,42,12.0,3.8999999999999995
HOPV15,Sparse MFGP,42,12.1,3.8999999999999995
HOPV15,Sparse MFGP,42,12.2,3.8999999999999995
HOPV15,Sparse MFGP,42,12.3,3.8999999999999995
HOPV15,Sparse MFGP,42,12.4,3.8999999999999995
HOPV15,Sparse MFGP,42,12.5,3.8999999999999995
HOPV15,Sparse MFGP,42,13.5,3.8999999999999995
HOPV15,Sparse MFGP,42,13.6,3.8999999999999995
HOPV15,Sparse MFGP,42,13.7,3.8999999999999995
HOPV15,Sparse MFGP,42,13.8,3.8999999999999995
HOPV15,Sparse MFGP,42,13.9,3.8999999999999995
HOPV15,Sparse MFGP,42,14.0,3.8999999999999995
HOPV15,Sparse MFGP,42,14.1,3.8999999999999995
HOPV15,Sparse MFGP,42,14.2,3.8999999999999995
HOPV15,Sparse MFGP,42,14.3,3.8999999999999995
HOPV15,Sparse MFGP,42,14.4,3.8999999999999995
HOPV15,Sparse MFGP,42,14.5,3.8999999999999995
HOPV15,Sparse MFGP,42,15.5,3.8999999999999995
HOPV15,Sparse MFGP,42,15.6,3.8999999999999995
HOPV15,Sparse MFGP,42,15.7,3.8999999999999995
HOPV15,Sparse MFGP,42,15.8,3.8999999999999995
HOPV15,Sparse MFGP,42,15.9,3.8999999999999995
HOPV15,Sparse MFGP,42,16.0,3.8999999999999995
HOPV15,Sparse MFGP,42,16.1,3.8999999999999995
HOPV15,Sparse MFGP,42,16.2,3.8999999999999995
HOPV15,Sparse MFGP,42,16.3,3.8999999999999995
HOPV15,Sparse MFGP,42,16.4,3.8999999999999995
HOPV15,Sparse MFGP,42,16.5,3.8999999999999995
HOPV15,Sparse MFGP,42,17.5,3.8999999999999995
HOPV15,Sparse MFGP,42,17.6,3.8999999999999995
HOPV15,Sparse MFGP,42,17.7,3.8999999999999995
HOPV15,Sparse MFGP,42,17.8,3.8999999999999995
HOPV15,Sparse MFGP,42,17.9,3.8999999999999995
HOPV15,Sparse MFGP,42,18.0,3.8999999999999995
HOPV15,Sparse MFGP,42,18.1,3.8999999999999995
HOPV15,Sparse MFGP,42,18.2,3.8999999999999995
HOPV15,Sparse MFGP,42,18.3,3.8999999999999995
HOPV15,Sparse MFGP,42,18.4,3.8999999999999995
HOPV15,Sparse MFGP,42,18.5,3.8999999999999995
HOPV15,Sparse MFGP,42,19.5,3.8999999999999995
HOPV15,Sparse MFGP,42,19.6,3.8999999999999995
HOPV15,Sparse MFGP,42,19.7,3.8999999999999995
HOPV15,Sparse MFGP,42,19.8,3.8999999999999995
HOPV15,Sparse MFGP,42,19.9,3.8999999999999995
HOPV15,Sparse MFGP,42,20.0,3.8999999999999995
HOPV15,Sparse MFGP,42,20.1,3.8999999999999995
HOPV15,Sparse MFGP,42,20.2,3.8999999999999995
HOPV15,Sparse MFGP,42,20.3,3.8999999999999995
HOPV15,Sparse MFGP,42,20.4,3.8999999999999995
HOPV15,Sparse MFGP,42,20.5,3.8999999999999995
HOPV15,Sparse MFGP,42,21.5,3.8999999999999995
HOPV15,Sparse MFGP,42,21.6,3.8999999999999995
HOPV15,Sparse MFGP,42,21.7,3.8999999999999995
HOPV15,Sparse MFGP,42,21.8,3.8999999999999995
HOPV15,Sparse MFGP,42,21.9,3.8999999999999995
HOPV15,Sparse MFGP,42,22.0,3.8999999999999995
HOPV15,Sparse MFGP,42,22.1,3.8999999999999995
HOPV15,Sparse MFGP,42,22.2,3.8999999999999995
HOPV15,Sparse MFGP,42,22.3,3.8999999999999995
HOPV15,Sparse MFGP,42,22.4,3.8999999999999995
HOPV15,Sparse MFGP,42,22.5,3.8999999999999995
HOPV15,Sparse MFGP,42,23.5,3.8999999999999995
HOPV15,Sparse MFGP,42,23.6,3.8999999999999995
HOPV15,Sparse MFGP,42,23.7,3.8999999999999995
HOPV15,Sparse MFGP,42,23.8,3.8999999999999995
HOPV15,Sparse MFGP,42,23.9,3.8999999999999995
HOPV15,Sparse MFGP,42,24.0,3.8999999999999995
HOPV15,Sparse MFGP,42,24.1,3.8999999999999995
HOPV15,Sparse MFGP,42,24.2,3.8999999999999995
HOPV15,Sparse MFGP,42,24.3,3.8999999999999995
HOPV15,Sparse MFGP,42,24.4,3.8999999999999995
HOPV15,Sparse MFGP,42,24.5,3.8999999999999995
HOPV15,Sparse MFGP,42,25.5,3.5299999999999994
HOPV15,Sparse MFGP,42,25.6,3.5299999999999994
HOPV15,Sparse MFGP,42,25.7,3.5299999999999994
HOPV15,Sparse MFGP,42,25.8,3.5299999999999994
HOPV15,Sparse MFGP,42,25.9,3.5299999999999994
HOPV15,Sparse MFGP,42,26.0,3.5299999999999994
HOPV15,Sparse MFGP,42,26.1,3.5299999999999994
HOPV15,Sparse MFGP,42,26.2,3.5299999999999994
HOPV15,Sparse MFGP,42,26.3,3.5299999999999994
HOPV15,Sparse MFGP,42,26.4,3.5299999999999994
HOPV15,Sparse MFGP,42,26.5,3.5299999999999994
HOPV15,Sparse MFGP,42,27.5,3.5299999999999994
HOPV15,Sparse MFGP,42,27.6,3.5299999999999994
HOPV15,Sparse MFGP,42,27.7,3.5299999999999994
HOPV15,Sparse MFGP,42,27.8,3.5299999999999994
HOPV15,Sparse MFGP,42,27.9,3.5299999999999994
HOPV15,Sparse MFGP,42,28.0,3.5299999999999994
HOPV15,Sparse MFGP,42,28.1,3.5299999999999994
HOPV15,Sparse MFGP,42,28.2,3.5299999999999994
HOPV15,Sparse MFGP,42,28.3,3.5299999999999994
HOPV15,Sparse MFGP,42,28.4,3.5299999999999994
HOPV15,Sparse MFGP,42,28.5,3.5299999999999994
HOPV15,Sparse MFGP,42,29.5,3.5299999999999994
HOPV15,Sparse MFGP,42,29.6,3.5299999999999994
HOPV15,Sparse MFGP,42,29.7,3.5299999999999994
HOPV15,Sparse MFGP,42,29.8,3.5299999999999994
HOPV15,Sparse MFGP,42,29.9,3.5299999999999994
HOPV15,Sparse MFGP,43,3.5,6.85
HOPV15,Sparse MFGP,43,3.6,6.85
HOPV15,Sparse MFGP,43,3.7,6.85
HOPV15,Sparse MFGP,43,3.8,6.85
HOPV15,Sparse MFGP,43,3.9,6.85
HOPV15,Sparse MFGP,43,4.0,6.85
HOPV15,Sparse MFGP,43,4.1,6.85
HOPV15,Sparse MFGP,43,4.2,6.85
HOPV15,Sparse MFGP,43,4.3,6.85
HOPV15,Sparse MFGP,43,4.4,6.85
HOPV15,Sparse MFGP,43,4.5,6.85
HOPV15,Sparse MFGP,43,5.5,6.85
HOPV15,Sparse MFGP,43,5.6,6.85
HOPV15,Sparse MFGP,43,5.7,6.85
HOPV15,Sparse MFGP,43,5.8,6.85
HOPV15,Sparse MFGP,43,5.9,6.85
HOPV15,Sparse MFGP,43,6.0,6.85
HOPV15,Sparse MFGP,43,6.1,6.85
HOPV15,Sparse MFGP,43,6.2,6.85
HOPV15,Sparse MFGP,43,6.3,6.85
HOPV15,Sparse MFGP,43,6.4,6.85
HOPV15,Sparse MFGP,43,6.5,6.85
HOPV15,Sparse MFGP,43,7.5,6.85
HOPV15,Sparse MFGP,43,7.6,6.85
HOPV15,Sparse MFGP,43,7.7,6.85
HOPV15,Sparse MFGP,43,7.8,6.85
HOPV15,Sparse MFGP,43,7.9,6.85
HOPV15,Sparse MFGP,43,8.0,6.85
HOPV15,Sparse MFGP,43,8.1,6.85
HOPV15,Sparse MFGP,43,8.2,6.85
HOPV15,Sparse MFGP,43,8.3,6.85
HOPV15,Sparse MFGP,43,8.4,6.85
HOPV15,Sparse MFGP,43,8.5,6.85
HOPV15,Sparse MFGP,43,9.5,6.26
HOPV15,Sparse MFGP,43,9.6,6.26
HOPV15,Sparse MFGP,43,9.7,6.26
HOPV15,Sparse MFGP,43,9.8,6.26
HOPV15,Sparse MFGP,43,9.9,6.26
HOPV15,Sparse MFGP,43,10.0,6.26
HOPV15,Sparse MFGP,43,10.1,6.26
HOPV15,Sparse MFGP,43,10.2,6.26
HOPV15,Sparse MFGP,43,10.3,6.26
HOPV15,Sparse MFGP,43,10.4,6.26
HOPV15,Sparse MFGP,43,10.5,6.26
HOPV15,Sparse MFGP,43,11.5,3.8999999999999995
HOPV15,Sparse MFGP,43,11.6,3.8999999999999995
HOPV15,Sparse MFGP,43,11.7,3.8999999999999995
HOPV15,Sparse MFGP,43,11.8,3.8999999999999995
HOPV15,Sparse MFGP,43,11.9,3.8999999999999995
HOPV15,Sparse MFGP,43,12.0,3.8999999999999995
HOPV15,Sparse MFGP,43,12.1,3.8999999999999995
HOPV15,Sparse MFGP,43,12.2,3.8999999999999995
HOPV15,Sparse MFGP,43,12.3,3.8999999999999995
HOPV15,Sparse MFGP,43,12.4,3.8999999999999995
HOPV15,Sparse MFGP,43,12.5,3.8999999999999995
HOPV15,Sparse MFGP,43,13.5,3.8999999999999995
HOPV15,Sparse MFGP,43,13.6,3.8999999999999995
HOPV15,Sparse MFGP,43,13.7,3.8999999999999995
HOPV15,Sparse MFGP,43,13.8,3.8999999999999995
HOPV15,Sparse MFGP,43,13.9,3.8999999999999995
HOPV15,Sparse MFGP,43,14.0,3.8999999999999995
HOPV15,Sparse MFGP,43,14.1,3.8999999999999995
HOPV15,Sparse MFGP,43,14.2,3.8999999999999995
HOPV15,Sparse MFGP,43,14.3,3.8999999999999995
HOPV15,Sparse MFGP,43,14.4,3.8999999999999995
HOPV15,Sparse MFGP,43,14.5,3.8999999999999995
HOPV15,Sparse MFGP,43,15.5,3.8999999999999995
HOPV15,Sparse MFGP,43,15.6,3.8999999999999995
HOPV15,Sparse MFGP,43,15.7,3.8999999999999995
HOPV15,Sparse MFGP,43,15.8,3.8999999999999995
HOPV15,Sparse MFGP,43,15.9,3.8999999999999995
HOPV15,Sparse MFGP,43,16.0,3.8999999999999995
HOPV15,Sparse MFGP,43,16.1,3.8999999999999995
HOPV15,Sparse MFGP,43,16.2,3.8999999999999995
HOPV15,Sparse MFGP,43,16.3,3.8999999999999995
HOPV15,Sparse MFGP,43,16.4,3.8999999999999995
HOPV15,Sparse MFGP,43,16.5,3.8999999999999995
HOPV15,Sparse MFGP,43,17.5,3.8999999999999995
HOPV15,Sparse MFGP,43,17.6,3.8999999999999995
HOPV15,Sparse MFGP,43,17.7,3.8999999999999995
HOPV15,Sparse MFGP,43,17.8,3.8999999999999995
HOPV15,Sparse MFGP,43,17.9,3.8999999999999995
HOPV15,Sparse MFGP,43,18.0,3.8999999999999995
HOPV15,Sparse MFGP,43,18.1,3.8999999999999995
HOPV15,Sparse MFGP,43,18.2,3.8999999999999995
HOPV15,Sparse MFGP,43,18.3,3.8999999999999995
HOPV15,Sparse MFGP,43,18.4,3.8999999999999995
HOPV15,Sparse MFGP,43,18.5,3.8999999999999995
HOPV15,Sparse MFGP,43,19.5,3.5999999999999996
HOPV15,Sparse MFGP,43,19.6,3.5999999999999996
HOPV15,Sparse MFGP,43,19.7,3.5999999999999996
HOPV15,Sparse MFGP,43,19.8,3.5999999999999996
HOPV15,Sparse MFGP,43,19.9,3.5999999999999996
HOPV15,Sparse MFGP,43,20.0,3.5999999999999996
HOPV15,Sparse MFGP,43,20.1,3.5999999999999996
HOPV15,Sparse MFGP,43,20.2,3.5999999999999996
HOPV15,Sparse MFGP,43,20.3,3.5999999999999996
HOPV15,Sparse MFGP,43,20.4,3.5999999999999996
HOPV15,Sparse MFGP,43,20.5,3.5999999999999996
HOPV15,Sparse MFGP,43,21.5,3.5999999999999996
HOPV15,Sparse MFGP,43,21.6,3.5999999999999996
HOPV15,Sparse MFGP,43,21.7,3.5999999999999996
HOPV15,Sparse MFGP,43,21.8,3.5999999999999996
HOPV15,Sparse MFGP,43,21.9,3.5999999999999996
HOPV15,Sparse MFGP,43,22.0,3.5999999999999996
HOPV15,Sparse MFGP,43,22.1,3.5999999999999996
HOPV15,Sparse MFGP,43,22.2,3.5999999999999996
HOPV15,Sparse MFGP,43,22.3,3.5999999999999996
HOPV15,Sparse MFGP,43,22.4,3.5999999999999996
HOPV15,Sparse MFGP,43,22.5,3.5999999999999996
HOPV15,Sparse MFGP,43,23.5,3.5999999999999996
HOPV15,Sparse MFGP,43,23.6,3.5999999999999996
HOPV15,Sparse MFGP,43,23.7,3.5999999999999996
HOPV15,Sparse MFGP,43,23.8,3.5999999999999996
HOPV15,Sparse MFGP,43,23.9,3.5999999999999996
HOPV15,Sparse MFGP,43,24.0,3.5999999999999996
HOPV15,Sparse MFGP,43,24.1,3.5999999999999996
HOPV15,Sparse MFGP,43,24.2,3.5999999999999996
HOPV15,Sparse MFGP,43,24.3,3.5999999999999996
HOPV15,Sparse MFGP,43,24.4,3.5999999999999996
HOPV15,Sparse MFGP,43,24.5,3.5999999999999996
HOPV15,Sparse MFGP,43,25.5,3.5999999999999996
HOPV15,Sparse MFGP,43,25.6,3.5999999999999996
HOPV15,Sparse MFGP,43,25.7,3.5999999999999996
HOPV15,Sparse MFGP,43,25.8,3.5999999999999996
HOPV15,Sparse MFGP,43,25.9,3.5999999999999996
HOPV15,Sparse MFGP,43,26.0,3.5999999999999996
HOPV15,Sparse MFGP,43,26.1,3.5999999999999996
HOPV15,Sparse MFGP,43,26.2,3.5999999999999996
HOPV15,Sparse MFGP,43,26.3,3.5999999999999996
HOPV15,Sparse MFGP,43,26.4,3.5999999999999996
HOPV15,Sparse MFGP,43,26.5,3.5999999999999996
HOPV15,Sparse MFGP,43,27.5,3.5999999999999996
HOPV15,Sparse MFGP,43,27.6,3.5999999999999996
HOPV15,Sparse MFGP,43,27.7,3.5999999999999996
HOPV15,Sparse MFGP,43,27.8,3.5999999999999996
HOPV15,Sparse MFGP,43,27.9,3.5999999999999996
HOPV15,Sparse MFGP,43,28.0,3.5999999999999996
HOPV15,Sparse MFGP,43,28.1,3.5999999999999996
HOPV15,Sparse MFGP,43,28.2,3.5999999999999996
HOPV15,Sparse MFGP,43,28.3,3.5999999999999996
HOPV15,Sparse MFGP,43,28.4,3.5999999999999996
HOPV15,Sparse MFGP,43,28.5,3.5999999999999996
HOPV15,Sparse MFGP,43,29.5,3.5999999999999996
HOPV15,Sparse MFGP,43,29.6,3.5999999999999996
HOPV15,Sparse MFGP,43,29.7,3.5999999999999996
HOPV15,Sparse MFGP,43,29.8,3.5999999999999996
HOPV15,Sparse MFGP,43,29.9,3.5999999999999996
HOPV15,Sparse MFGP,44,3.5,5.27
HOPV15,Sparse MFGP,44,3.6,5.27
HOPV15,Sparse MFGP,44,3.7,5.27
HOPV15,Sparse MFGP,44,3.8,5.27
HOPV15,Sparse MFGP,44,3.9,5.27
HOPV15,Sparse MFGP,44,4.0,5.27
HOPV15,Sparse MFGP,44,4.1,5.27
HOPV15,Sparse MFGP,44,4.2,5.27
HOPV15,Sparse MFGP,44,4.3,5.27
HOPV15,Sparse MFGP,44,4.4,5.27
HOPV15,Sparse MFGP,44,4.5,5.27
HOPV15,Sparse MFGP,44,5.5,5.27
HOPV15,Sparse MFGP,44,5.6,5.27
HOPV15,Sparse MFGP,44,5.7,5.27
HOPV15,Sparse MFGP,44,5.8,5.27
HOPV15,Sparse MFGP,44,5.9,5.27
HOPV15,Sparse MFGP,44,6.0,5.27
HOPV15,Sparse MFGP,44,6.1,5.27
HOPV15,Sparse MFGP,44,6.2,5.27
HOPV15,Sparse MFGP,44,6.3,5.27
HOPV15,Sparse MFGP,44,6.4,5.27
HOPV15,Sparse MFGP,44,6.5,5.27
HOPV15,Sparse MFGP,44,7.5,5.27
HOPV15,Sparse MFGP,44,7.6,5.27
HOPV15,Sparse MFGP,44,7.7,5.27
HOPV15,Sparse MFGP,44,7.8,5.27
HOPV15,Sparse MFGP,44,7.9,5.27
HOPV15,Sparse MFGP,44,8.0,5.27
HOPV15,Sparse MFGP,44,8.1,5.27
HOPV15,Sparse MFGP,44,8.2,5.27
HOPV15,Sparse MFGP,44,8.3,5.27
HOPV15,Sparse MFGP,44,8.4,5.27
HOPV15,Sparse MFGP,44,8.5,5.27
HOPV15,Sparse MFGP,44,9.5,5.27
HOPV15,Sparse MFGP,44,9.6,5.27
HOPV15,Sparse MFGP,44,9.7,5.27
HOPV15,Sparse MFGP,44,9.8,5.27
HOPV15,Sparse MFGP,44,9.9,5.27
HOPV15,Sparse MFGP,44,10.0,5.27
HOPV15,Sparse MFGP,44,10.1,5.27
HOPV15,Sparse MFGP,44,10.2,5.27
HOPV15,Sparse MFGP,44,10.3,5.27
HOPV15,Sparse MFGP,44,10.4,5.27
HOPV15,Sparse MFGP,44,10.5,5.27
HOPV15,Sparse MFGP,44,11.5,5.27
HOPV15,Sparse MFGP,44,11.6,5.27
HOPV15,Sparse MFGP,44,11.7,5.27
HOPV15,Sparse MFGP,44,11.8,5.27
HOPV15,Sparse MFGP,44,11.9,5.27
HOPV15,Sparse MFGP,44,12.0,5.27
HOPV15,Sparse MFGP,44,12.1,5.27
HOPV15,Sparse MFGP,44,12.2,5.27
HOPV15,Sparse MFGP,44,12.3,5.27
HOPV15,Sparse MFGP,44,12.4,5.27
HOPV15,Sparse MFGP,44,12.5,5.27
HOPV15,Sparse MFGP,44,13.5,5.27
HOPV15,Sparse MFGP,44,13.6,5.27
HOPV15,Sparse MFGP,44,13.7,5.27
HOPV15,Sparse MFGP,44,13.8,5.27
HOPV15,Sparse MFGP,44,13.9,5.27
HOPV15,Sparse MFGP,44,14.0,5.27
HOPV15,Sparse MFGP,44,14.1,5.27
HOPV15,Sparse MFGP,44,14.2,5.27
HOPV15,Sparse MFGP,44,14.3,5.27
HOPV15,Sparse MFGP,44,14.4,5.27
HOPV15,Sparse MFGP,44,14.5,5.27
HOPV15,Sparse MFGP,44,15.5,3.5299999999999994
HOPV15,Sparse MFGP,44,15.6,3.5299999999999994
HOPV15,Sparse MFGP,44,15.7,3.5299999999999994
HOPV15,Sparse MFGP,44,15.8,3.5299999999999994
HOPV15,Sparse MFGP,44,15.9,3.5299999999999994
HOPV15,Sparse MFGP,44,16.0,3.5299999999999994
HOPV15,Sparse MFGP,44,16.1,3.5299999999999994
HOPV15,Sparse MFGP,44,16.2,3.5299999999999994
HOPV15,Sparse MFGP,44,16.3,3.5299999999999994
HOPV15,Sparse MFGP,44,16.4,3.5299999999999994
HOPV15,Sparse MFGP,44,16.5,3.5299999999999994
HOPV15,Sparse MFGP,44,17.5,3.5299999999999994
HOPV15,Sparse MFGP,44,17.6,3.5299999999999994
HOPV15,Sparse MFGP,44,17.7,3.5299999999999994
HOPV15,Sparse MFGP,44,17.8,3.5299999999999994
HOPV15,Sparse MFGP,44,17.9,3.5299999999999994
HOPV15,Sparse MFGP,44,18.0,3.5299999999999994
HOPV15,Sparse MFGP,44,18.1,3.5299999999999994
HOPV15,Sparse MFGP,44,18.2,3.5299999999999994
HOPV15,Sparse MFGP,44,18.3,3.5299999999999994
HOPV15,Sparse MFGP,44,18.4,3.5299999999999994
HOPV15,Sparse MFGP,44,18.5,3.5299999999999994
HOPV15,Sparse MFGP,44,19.5,3.5299999999999994
HOPV15,Sparse MFGP,44,19.6,3.5299999999999994
HOPV15,Sparse MFGP,44,19.7,3.5299999999999994
HOPV15,Sparse MFGP,44,19.8,3.5299999999999994
HOPV15,Sparse MFGP,44,19.9,3.5299999999999994
HOPV15,Sparse MFGP,44,20.0,3.5299999999999994
HOPV15,Sparse MFGP,44,20.1,3.5299999999999994
HOPV15,Sparse MFGP,44,20.2,3.5299999999999994
HOPV15,Sparse MFGP,44,20.3,3.5299999999999994
HOPV15,Sparse MFGP,44,20.4,3.5299999999999994
HOPV15,Sparse MFGP,44,20.5,3.5299999999999994
HOPV15,Sparse MFGP,44,21.5,2.999999999999999
HOPV15,Sparse MFGP,44,21.6,2.999999999999999
HOPV15,Sparse MFGP,44,21.7,2.999999999999999
HOPV15,Sparse MFGP,44,21.8,2.999999999999999
HOPV15,Sparse MFGP,44,21.9,2.999999999999999
HOPV15,Sparse MFGP,44,22.0,2.999999999999999
HOPV15,Sparse MFGP,44,22.1,2.999999999999999
HOPV15,Sparse MFGP,44,22.2,2.999999999999999
HOPV15,Sparse MFGP,44,22.3,2.999999999999999
HOPV15,Sparse MFGP,44,22.4,2.999999999999999
HOPV15,Sparse MFGP,44,22.5,2.999999999999999
HOPV15,Sparse MFGP,44,23.5,1.5999999999999996
HOPV15,Sparse MFGP,44,23.6,1.5999999999999996
HOPV15,Sparse MFGP,44,23.7,1.5999999999999996
HOPV15,Sparse MFGP,44,23.8,1.5999999999999996
HOPV15,Sparse MFGP,44,23.9,1.5999999999999996
HOPV15,Sparse MFGP,44,24.0,1.5999999999999996
HOPV15,Sparse MFGP,44,24.1,1.5999999999999996
HOPV15,Sparse MFGP,44,24.2,1.5999999999999996
HOPV15,Sparse MFGP,44,24.3,1.5999999999999996
HOPV15,Sparse MFGP,44,24.4,1.5999999999999996
HOPV15,Sparse MFGP,44,24.5,1.5999999999999996
HOPV15,Sparse MFGP,44,25.5,1.5999999999999996
HOPV15,Sparse MFGP,44,25.6,1.5999999999999996
HOPV15,Sparse MFGP,44,25.7,1.5999999999999996
HOPV15,Sparse MFGP,44,25.8,1.5999999999999996
HOPV15,Sparse MFGP,44,25.9,1.5999999999999996
HOPV15,Sparse MFGP,44,26.0,1.5999999999999996
HOPV15,Sparse MFGP,44,26.1,1.5999999999999996
HOPV15,Sparse MFGP,44,26.2,1.5999999999999996
HOPV15,Sparse MFGP,44,26.3,1.5999999999999996
HOPV15,Sparse MFGP,44,26.4,1.5999999999999996
HOPV15,Sparse MFGP,44,26.5,1.5999999999999996
HOPV15,Sparse MFGP,44,27.5,1.5999999999999996
HOPV15,Sparse MFGP,44,27.6,1.5999999999999996
HOPV15,Sparse MFGP,44,27.7,1.5999999999999996
HOPV15,Sparse MFGP,44,27.8,1.5999999999999996
HOPV15,Sparse MFGP,44,27.9,1.5999999999999996
HOPV15,Sparse MFGP,44,28.0,1.5999999999999996
HOPV15,Sparse MFGP,44,28.1,1.5999999999999996
HOPV15,Sparse MFGP,44,28.2,1.5999999999999996
HOPV15,Sparse MFGP,44,28.3,1.5999999999999996
HOPV15,Sparse MFGP,44,28.4,1.5999999999999996
HOPV15,Sparse MFGP,44,28.5,1.5999999999999996
HOPV15,Sparse MFGP,44,29.5,1.5999999999999996
HOPV15,Sparse MFGP,44,29.6,1.5999999999999996
HOPV15,Sparse MFGP,44,29.7,1.5999999999999996
HOPV15,Sparse MFGP,44,29.8,1.5999999999999996
HOPV15,Sparse MFGP,44,29.9,1.5999999999999996
HOPV15,Sparse MFGP,45,3.5,6.85
HOPV15,Sparse MFGP,45,3.6,6.85
HOPV15,Sparse MFGP,45,3.7,6.85
HOPV15,Sparse MFGP,45,3.8,6.85
HOPV15,Sparse MFGP,45,3.9,6.85
HOPV15,Sparse MFGP,45,4.0,6.85
HOPV15,Sparse MFGP,45,4.1,6.85
HOPV15,Sparse MFGP,45,4.2,6.85
HOPV15,Sparse MFGP,45,4.3,6.85
HOPV15,Sparse MFGP,45,4.4,6.85
HOPV15,Sparse MFGP,45,4.5,6.85
HOPV15,Sparse MFGP,45,5.5,6.299999999999999
HOPV15,Sparse MFGP,45,5.6,6.299999999999999
HOPV15,Sparse MFGP,45,5.7,6.299999999999999
HOPV15,Sparse MFGP,45,5.8,6.299999999999999
HOPV15,Sparse MFGP,45,5.9,6.299999999999999
HOPV15,Sparse MFGP,45,6.0,6.299999999999999
HOPV15,Sparse MFGP,45,6.1,6.299999999999999
HOPV15,Sparse MFGP,45,6.2,6.299999999999999
HOPV15,Sparse MFGP,45,6.3,6.299999999999999
HOPV15,Sparse MFGP,45,6.4,6.299999999999999
HOPV15,Sparse MFGP,45,6.5,6.299999999999999
HOPV15,Sparse MFGP,45,7.5,6.299999999999999
HOPV15,Sparse MFGP,45,7.6,6.299999999999999
HOPV15,Sparse MFGP,45,7.7,6.299999999999999
HOPV15,Sparse MFGP,45,7.8,6.299999999999999
HOPV15,Sparse MFGP,45,7.9,6.299999999999999
HOPV15,Sparse MFGP,45,8.0,6.299999999999999
HOPV15,Sparse MFGP,45,8.1,6.299999999999999
HOPV15,Sparse MFGP,45,8.2,6.299999999999999
HOPV15,Sparse MFGP,45,8.3,6.299999999999999
HOPV15,Sparse MFGP,45,8.4,6.299999999999999
HOPV15,Sparse MFGP,45,8.5,6.299999999999999
HOPV15,Sparse MFGP,45,9.5,4.199999999999999
HOPV15,Sparse MFGP,45,9.6,4.199999999999999
HOPV15,Sparse MFGP,45,9.7,4.199999999999999
HOPV15,Sparse MFGP,45,9.8,4.199999999999999
HOPV15,Sparse MFGP,45,9.9,4.199999999999999
HOPV15,Sparse MFGP,45,10.0,4.199999999999999
HOPV15,Sparse MFGP,45,10.1,4.199999999999999
HOPV15,Sparse MFGP,45,10.2,4.199999999999999
HOPV15,Sparse MFGP,45,10.3,4.199999999999999
HOPV15,Sparse MFGP,45,10.4,4.199999999999999
HOPV15,Sparse MFGP,45,10.5,4.199999999999999
HOPV15,Sparse MFGP,45,11.5,4.199999999999999
HOPV15,Sparse MFGP,45,11.6,4.199999999999999
HOPV15,Sparse MFGP,45,11.7,4.199999999999999
HOPV15,Sparse MFGP,45,11.8,4.199999999999999
HOPV15,Sparse MFGP,45,11.9,4.199999999999999
HOPV15,Sparse MFGP,45,12.0,4.199999999999999
HOPV15,Sparse MFGP,45,12.1,4.199999999999999
HOPV15,Sparse MFGP,45,12.2,4.199999999999999
HOPV15,Sparse MFGP,45,12.3,4.199999999999999
HOPV15,Sparse MFGP,45,12.4,4.199999999999999
HOPV15,Sparse MFGP,45,12.5,4.199999999999999
HOPV15,Sparse MFGP,45,13.5,4.199999999999999
HOPV15,Sparse MFGP,45,13.6,4.199999999999999
HOPV15,Sparse MFGP,45,13.7,4.199999999999999
HOPV15,Sparse MFGP,45,13.8,4.199999999999999
HOPV15,Sparse MFGP,45,13.9,4.199999999999999
HOPV15,Sparse MFGP,45,14.0,4.199999999999999
HOPV15,Sparse MFGP,45,14.1,4.199999999999999
HOPV15,Sparse MFGP,45,14.2,4.199999999999999
HOPV15,Sparse MFGP,45,14.3,4.199999999999999
HOPV15,Sparse MFGP,45,14.4,4.199999999999999
HOPV15,Sparse MFGP,45,14.5,4.199999999999999
HOPV15,Sparse MFGP,45,15.5,4.199999999999999
HOPV15,Sparse MFGP,45,15.6,4.199999999999999
HOPV15,Sparse MFGP,45,15.7,4.199999999999999
HOPV15,Sparse MFGP,45,15.8,4.199999999999999
HOPV15,Sparse MFGP,45,15.9,4.199999999999999
HOPV15,Sparse MFGP,45,16.0,4.199999999999999
HOPV15,Sparse MFGP,45,16.1,4.199999999999999
HOPV15,Sparse MFGP,45,16.2,4.199999999999999
HOPV15,Sparse MFGP,45,16.3,4.199999999999999
HOPV15,Sparse MFGP,45,16.4,4.199999999999999
HOPV15,Sparse MFGP,45,16.5,4.199999999999999
HOPV15,Sparse MFGP,45,17.5,4.169999999999999
HOPV15,Sparse MFGP,45,17.6,4.169999999999999
HOPV15,Sparse MFGP,45,17.7,4.169999999999999
HOPV15,Sparse MFGP,45,17.8,4.169999999999999
HOPV15,Sparse MFGP,45,17.9,4.169999999999999
HOPV15,Sparse MFGP,45,18.0,4.169999999999999
HOPV15,Sparse MFGP,45,18.1,4.169999999999999
HOPV15,Sparse MFGP,45,18.2,4.169999999999999
HOPV15,Sparse MFGP,45,18.3,4.169999999999999
HOPV15,Sparse MFGP,45,18.4,4.169999999999999
HOPV15,Sparse MFGP,45,18.5,4.169999999999999
HOPV15,Sparse MFGP,45,19.5,4.169999999999999
HOPV15,Sparse MFGP,45,19.6,4.169999999999999
HOPV15,Sparse MFGP,45,19.7,4.169999999999999
HOPV15,Sparse MFGP,45,19.8,4.169999999999999
HOPV15,Sparse MFGP,45,19.9,4.169999999999999
HOPV15,Sparse MFGP,45,20.0,4.169999999999999
HOPV15,Sparse MFGP,45,20.1,4.169999999999999
HOPV15,Sparse MFGP,45,20.2,4.169999999999999
HOPV15,Sparse MFGP,45,20.3,4.169999999999999
HOPV15,Sparse MFGP,45,20.4,4.169999999999999
HOPV15,Sparse MFGP,45,20.5,4.169999999999999
HOPV15,Sparse MFGP,45,21.5,4.169999999999999
HOPV15,Sparse MFGP,45,21.6,4.169999999999999
HOPV15,Sparse MFGP,45,21.7,4.169999999999999
HOPV15,Sparse MFGP,45,21.8,4.169999999999999
HOPV15,Sparse MFGP,45,21.9,4.169999999999999
HOPV15,Sparse MFGP,45,22.0,4.169999999999999
HOPV15,Sparse MFGP,45,22.1,4.169999999999999
HOPV15,Sparse MFGP,45,22.2,4.169999999999999
HOPV15,Sparse MFGP,45,22.3,4.169999999999999
HOPV15,Sparse MFGP,45,22.4,4.169999999999999
HOPV15,Sparse MFGP,45,22.5,4.169999999999999
HOPV15,Sparse MFGP,45,23.5,4.169999999999999
HOPV15,Sparse MFGP,45,23.6,4.169999999999999
HOPV15,Sparse MFGP,45,23.7,4.169999999999999
HOPV15,Sparse MFGP,45,23.8,4.169999999999999
HOPV15,Sparse MFGP,45,23.9,4.169999999999999
HOPV15,Sparse MFGP,45,24.0,4.169999999999999
HOPV15,Sparse MFGP,45,24.1,4.169999999999999
HOPV15,Sparse MFGP,45,24.2,4.169999999999999
HOPV15,Sparse MFGP,45,24.3,4.169999999999999
HOPV15,Sparse MFGP,45,24.4,4.169999999999999
HOPV15,Sparse MFGP,45,24.5,4.169999999999999
HOPV15,Sparse MFGP,45,25.5,4.169999999999999
HOPV15,Sparse MFGP,45,25.6,4.169999999999999
HOPV15,Sparse MFGP,45,25.7,4.169999999999999
HOPV15,Sparse MFGP,45,25.8,4.169999999999999
HOPV15,Sparse MFGP,45,25.9,4.169999999999999
HOPV15,Sparse MFGP,45,26.0,4.169999999999999
HOPV15,Sparse MFGP,45,26.1,4.169999999999999
HOPV15,Sparse MFGP,45,26.2,4.169999999999999
HOPV15,Sparse MFGP,45,26.3,4.169999999999999
HOPV15,Sparse MFGP,45,26.4,4.169999999999999
HOPV15,Sparse MFGP,45,26.5,4.169999999999999
HOPV15,Sparse MFGP,45,27.5,4.169999999999999
HOPV15,Sparse MFGP,45,27.6,4.169999999999999
HOPV15,Sparse MFGP,45,27.7,4.169999999999999
HOPV15,Sparse MFGP,45,27.8,4.169999999999999
HOPV15,Sparse MFGP,45,27.9,4.169999999999999
HOPV15,Sparse MFGP,45,28.0,4.169999999999999
HOPV15,Sparse MFGP,45,28.1,4.169999999999999
HOPV15,Sparse MFGP,45,28.2,4.169999999999999
HOPV15,Sparse MFGP,45,28.3,4.169999999999999
HOPV15,Sparse MFGP,45,28.4,4.169999999999999
HOPV15,Sparse MFGP,45,28.5,4.169999999999999
HOPV15,Sparse MFGP,45,29.5,4.169999999999999
HOPV15,Sparse MFGP,45,29.6,4.169999999999999
HOPV15,Sparse MFGP,45,29.7,4.169999999999999
HOPV15,Sparse MFGP,45,29.8,4.169999999999999
HOPV15,Sparse MFGP,45,29.9,4.169999999999999
HOPV15,Sparse MFGP,46,3.5,7.499999999999999
HOPV15,Sparse MFGP,46,3.6,7.499999999999999
HOPV15,Sparse MFGP,46,3.7,7.499999999999999
HOPV15,Sparse MFGP,46,3.8,7.499999999999999
HOPV15,Sparse MFGP,46,3.9,7.499999999999999
HOPV15,Sparse MFGP,46,4.0,7.499999999999999
HOPV15,Sparse MFGP,46,4.1,7.499999999999999
HOPV15,Sparse MFGP,46,4.2,7.499999999999999
HOPV15,Sparse MFGP,46,4.3,7.499999999999999
HOPV15,Sparse MFGP,46,4.4,7.499999999999999
HOPV15,Sparse MFGP,46,4.5,7.499999999999999
HOPV15,Sparse MFGP,46,5.5,5.1
HOPV15,Sparse MFGP,46,5.6,5.1
HOPV15,Sparse MFGP,46,5.7,5.1
HOPV15,Sparse MFGP,46,5.8,5.1
HOPV15,Sparse MFGP,46,5.9,5.1
HOPV15,Sparse MFGP,46,6.0,5.1
HOPV15,Sparse MFGP,46,6.1,5.1
HOPV15,Sparse MFGP,46,6.2,5.1
HOPV15,Sparse MFGP,46,6.3,5.1
HOPV15,Sparse MFGP,46,6.4,5.1
HOPV15,Sparse MFGP,46,6.5,5.1
HOPV15,Sparse MFGP,46,7.5,5.1
HOPV15,Sparse MFGP,46,7.6,5.1
HOPV15,Sparse MFGP,46,7.7,5.1
HOPV15,Sparse MFGP,46,7.8,5.1
HOPV15,Sparse MFGP,46,7.9,5.1
HOPV15,Sparse MFGP,46,8.0,5.1
HOPV15,Sparse MFGP,46,8.1,5.1
HOPV15,Sparse MFGP,46,8.2,5.1
HOPV15,Sparse MFGP,46,8.3,5.1
HOPV15,Sparse MFGP,46,8.4,5.1
HOPV15,Sparse MFGP,46,8.5,5.1
HOPV15,Sparse MFGP,46,9.5,5.1
HOPV15,Sparse MFGP,46,9.6,5.1
HOPV15,Sparse MFGP,46,9.7,5.1
HOPV15,Sparse MFGP,46,9.8,5.1
HOPV15,Sparse MFGP,46,9.9,5.1
HOPV15,Sparse MFGP,46,10.0,5.1
HOPV15,Sparse MFGP,46,10.1,5.1
HOPV15,Sparse MFGP,46,10.2,5.1
HOPV15,Sparse MFGP,46,10.3,5.1
HOPV15,Sparse MFGP,46,10.4,5.1
HOPV15,Sparse MFGP,46,10.5,5.1
HOPV15,Sparse MFGP,46,11.5,5.1
HOPV15,Sparse MFGP,46,11.6,5.1
HOPV15,Sparse MFGP,46,11.7,5.1
HOPV15,Sparse MFGP,46,11.8,5.1
HOPV15,Sparse MFGP,46,11.9,5.1
HOPV15,Sparse MFGP,46,12.0,5.1
HOPV15,Sparse MFGP,46,12.1,5.1
HOPV15,Sparse MFGP,46,12.2,5.1
HOPV15,Sparse MFGP,46,12.3,5.1
HOPV15,Sparse MFGP,46,12.4,5.1
HOPV15,Sparse MFGP,46,12.5,5.1
HOPV15,Sparse MFGP,46,13.5,4.109999999999999
HOPV15,Sparse MFGP,46,13.6,4.109999999999999
HOPV15,Sparse MFGP,46,13.7,4.109999999999999
HOPV15,Sparse MFGP,46,13.8,4.109999999999999
HOPV15,Sparse MFGP,46,13.9,4.109999999999999
HOPV15,Sparse MFGP,46,14.0,4.109999999999999
HOPV15,Sparse MFGP,46,14.1,4.109999999999999
HOPV15,Sparse MFGP,46,14.2,4.109999999999999
HOPV15,Sparse MFGP,46,14.3,4.109999999999999
HOPV15,Sparse MFGP,46,14.4,4.109999999999999
HOPV15,Sparse MFGP,46,14.5,4.109999999999999
HOPV15,Sparse MFGP,46,15.5,4.109999999999999
HOPV15,Sparse MFGP,46,15.6,4.109999999999999
HOPV15,Sparse MFGP,46,15.7,4.109999999999999
HOPV15,Sparse MFGP,46,15.8,4.109999999999999
HOPV15,Sparse MFGP,46,15.9,4.109999999999999
HOPV15,Sparse MFGP,46,16.0,4.109999999999999
HOPV15,Sparse MFGP,46,16.1,4.109999999999999
HOPV15,Sparse MFGP,46,16.2,4.109999999999999
HOPV15,Sparse MFGP,46,16.3,4.109999999999999
HOPV15,Sparse MFGP,46,16.4,4.109999999999999
HOPV15,Sparse MFGP,46,16.5,4.109999999999999
HOPV15,Sparse MFGP,46,17.5,4.109999999999999
HOPV15,Sparse MFGP,46,17.6,4.109999999999999
HOPV15,Sparse MFGP,46,17.7,4.109999999999999
HOPV15,Sparse MFGP,46,17.8,4.109999999999999
HOPV15,Sparse MFGP,46,17.9,4.109999999999999
HOPV15,Sparse MFGP,46,18.0,4.109999999999999
HOPV15,Sparse MFGP,46,18.1,4.109999999999999
HOPV15,Sparse MFGP,46,18.2,4.109999999999999
HOPV15,Sparse MFGP,46,18.3,4.109999999999999
HOPV15,Sparse MFGP,46,18.4,4.109999999999999
HOPV15,Sparse MFGP,46,18.5,4.109999999999999
HOPV15,Sparse MFGP,46,19.5,2.8999999999999995
HOPV15,Sparse MFGP,46,19.6,2.8999999999999995
HOPV15,Sparse MFGP,46,19.7,2.8999999999999995
HOPV15,Sparse MFGP,46,19.8,2.8999999999999995
HOPV15,Sparse MFGP,46,19.9,2.8999999999999995
HOPV15,Sparse MFGP,46,20.0,2.8999999999999995
HOPV15,Sparse MFGP,46,20.1,2.8999999999999995
HOPV15,Sparse MFGP,46,20.2,2.8999999999999995
HOPV15,Sparse MFGP,46,20.3,2.8999999999999995
HOPV15,Sparse MFGP,46,20.4,2.8999999999999995
HOPV15,Sparse MFGP,46,20.5,2.8999999999999995
HOPV15,Sparse MFGP,46,21.5,2.8999999999999995
HOPV15,Sparse MFGP,46,21.6,2.8999999999999995
HOPV15,Sparse MFGP,46,21.7,2.8999999999999995
HOPV15,Sparse MFGP,46,21.8,2.8999999999999995
HOPV15,Sparse MFGP,46,21.9,2.8999999999999995
HOPV15,Sparse MFGP,46,22.0,2.8999999999999995
HOPV15,Sparse MFGP,46,22.1,2.8999999999999995
HOPV15,Sparse MFGP,46,22.2,2.8999999999999995
HOPV15,Sparse MFGP,46,22.3,2.8999999999999995
HOPV15,Sparse MFGP,46,22.4,2.8999999999999995
HOPV15,Sparse MFGP,46,22.5,2.8999999999999995
HOPV15,Sparse MFGP,46,23.5,2.8999999999999995
HOPV15,Sparse MFGP,46,23.6,2.8999999999999995
HOPV15,Sparse MFGP,46,23.7,2.8999999999999995
HOPV15,Sparse MFGP,46,23.8,2.8999999999999995
HOPV15,Sparse MFGP,46,23.9,2.8999999999999995
HOPV15,Sparse MFGP,46,24.0,2.8999999999999995
HOPV15,Sparse MFGP,46,24.1,2.8999999999999995
HOPV15,Sparse MFGP,46,24.2,2.8999999999999995
HOPV15,Sparse MFGP,46,24.3,2.8999999999999995
HOPV15,Sparse MFGP,46,24.4,2.8999999999999995
HOPV15,Sparse MFGP,46,24.5,2.8999999999999995
HOPV15,Sparse MFGP,46,25.5,0.0
HOPV15,Sparse MFGP,46,25.6,0.0
HOPV15,Sparse MFGP,46,25.7,0.0
HOPV15,Sparse MFGP,46,25.8,0.0
HOPV15,Sparse MFGP,46,25.9,0.0
HOPV15,Sparse MFGP,46,26.0,0.0
HOPV15,Sparse MFGP,46,26.1,0.0
HOPV15,Sparse MFGP,46,26.2,0.0
HOPV15,Sparse MFGP,46,26.3,0.0
HOPV15,Sparse MFGP,46,26.4,0.0
HOPV15,Sparse MFGP,46,26.5,0.0
HOPV15,Sparse MFGP,46,27.5,0.0
HOPV15,Sparse MFGP,46,27.6,0.0
HOPV15,Sparse MFGP,46,27.7,0.0
HOPV15,Sparse MFGP,46,27.8,0.0
HOPV15,Sparse MFGP,46,27.9,0.0
HOPV15,Sparse MFGP,46,28.0,0.0
HOPV15,Sparse MFGP,46,28.1,0.0
HOPV15,Sparse MFGP,46,28.2,0.0
HOPV15,Sparse MFGP,46,28.3,0.0
HOPV15,Sparse MFGP,46,28.4,0.0
HOPV15,Sparse MFGP,46,28.5,0.0
HOPV15,Sparse MFGP,46,29.5,0.0
HOPV15,Sparse MFGP,46,29.6,0.0
HOPV15,Sparse MFGP,46,29.7,0.0
HOPV15,Sparse MFGP,46,29.8,0.0
HOPV15,Sparse MFGP,46,29.9,0.0
HOPV15,Sparse MFGP,47,3.5,6.14
HOPV15,Sparse MFGP,47,3.6,6.14
HOPV15,Sparse MFGP,47,3.7,6.14
HOPV15,Sparse MFGP,47,3.8,6.14
HOPV15,Sparse MFGP,47,3.9,6.14
HOPV15,Sparse MFGP,47,4.0,6.14
HOPV15,Sparse MFGP,47,4.1,6.14
HOPV15,Sparse MFGP,47,4.2,6.14
HOPV15,Sparse MFGP,47,4.3,6.14
HOPV15,Sparse MFGP,47,4.4,6.14
HOPV15,Sparse MFGP,47,4.5,6.14
HOPV15,Sparse MFGP,47,5.5,6.14
HOPV15,Sparse MFGP,47,5.6,6.14
HOPV15,Sparse MFGP,47,5.7,6.14
HOPV15,Sparse MFGP,47,5.8,6.14
HOPV15,Sparse MFGP,47,5.9,6.14
HOPV15,Sparse MFGP,47,6.0,6.14
HOPV15,Sparse MFGP,47,6.1,6.14
HOPV15,Sparse MFGP,47,6.2,6.14
HOPV15,Sparse MFGP,47,6.3,6.14
HOPV15,Sparse MFGP,47,6.4,6.14
HOPV15,Sparse MFGP,47,6.5,6.14
HOPV15,Sparse MFGP,47,7.5,4.699999999999999
HOPV15,Sparse MFGP,47,7.6,4.699999999999999
HOPV15,Sparse MFGP,47,7.7,4.699999999999999
HOPV15,Sparse MFGP,47,7.8,4.699999999999999
HOPV15,Sparse MFGP,47,7.9,4.699999999999999
HOPV15,Sparse MFGP,47,8.0,4.699999999999999
HOPV15,Sparse MFGP,47,8.1,4.699999999999999
HOPV15,Sparse MFGP,47,8.2,4.699999999999999
HOPV15,Sparse MFGP,47,8.3,4.699999999999999
HOPV15,Sparse MFGP,47,8.4,4.699999999999999
HOPV15,Sparse MFGP,47,8.5,4.699999999999999
HOPV15,Sparse MFGP,47,9.5,4.699999999999999
HOPV15,Sparse MFGP,47,9.6,4.699999999999999
HOPV15,Sparse MFGP,47,9.7,4.699999999999999
HOPV15,Sparse MFGP,47,9.8,4.699999999999999
HOPV15,Sparse MFGP,47,9.9,4.699999999999999
HOPV15,Sparse MFGP,47,10.0,4.699999999999999
HOPV15,Sparse MFGP,47,10.1,4.699999999999999
HOPV15,Sparse MFGP,47,10.2,4.699999999999999
HOPV15,Sparse MFGP,47,10.3,4.699999999999999
HOPV15,Sparse MFGP,47,10.4,4.699999999999999
HOPV15,Sparse MFGP,47,10.5,4.699999999999999
HOPV15,Sparse MFGP,47,11.5,4.699999999999999
HOPV15,Sparse MFGP,47,11.6,4.699999999999999
HOPV15,Sparse MFGP,47,11.7,4.699999999999999
HOPV15,Sparse MFGP,47,11.8,4.699999999999999
HOPV15,Sparse MFGP,47,11.9,4.699999999999999
HOPV15,Sparse MFGP,47,12.0,4.699999999999999
HOPV15,Sparse MFGP,47,12.1,4.699999999999999
HOPV15,Sparse MFGP,47,12.2,4.699999999999999
HOPV15,Sparse MFGP,47,12.3,4.699999999999999
HOPV15,Sparse MFGP,47,12.4,4.699999999999999
HOPV15,Sparse MFGP,47,12.5,4.699999999999999
HOPV15,Sparse MFGP,47,13.5,4.699999999999999
HOPV15,Sparse MFGP,47,13.6,4.699999999999999
HOPV15,Sparse MFGP,47,13.7,4.699999999999999
HOPV15,Sparse MFGP,47,13.8,4.699999999999999
HOPV15,Sparse MFGP,47,13.9,4.699999999999999
HOPV15,Sparse MFGP,47,14.0,4.699999999999999
HOPV15,Sparse MFGP,47,14.1,4.699999999999999
HOPV15,Sparse MFGP,47,14.2,4.699999999999999
HOPV15,Sparse MFGP,47,14.3,4.699999999999999
HOPV15,Sparse MFGP,47,14.4,4.699999999999999
HOPV15,Sparse MFGP,47,14.5,4.699999999999999
HOPV15,Sparse MFGP,47,15.5,4.699999999999999
HOPV15,Sparse MFGP,47,15.6,4.699999999999999
HOPV15,Sparse MFGP,47,15.7,4.699999999999999
HOPV15,Sparse MFGP,47,15.8,4.699999999999999
HOPV15,Sparse MFGP,47,15.9,4.699999999999999
HOPV15,Sparse MFGP,47,16.0,4.699999999999999
HOPV15,Sparse MFGP,47,16.1,4.699999999999999
HOPV15,Sparse MFGP,47,16.2,4.699999999999999
HOPV15,Sparse MFGP,47,16.3,4.699999999999999
HOPV15,Sparse MFGP,47,16.4,4.699999999999999
HOPV15,Sparse MFGP,47,16.5,4.699999999999999
HOPV15,Sparse MFGP,47,17.5,4.699999999999999
HOPV15,Sparse MFGP,47,17.6,4.699999999999999
HOPV15,Sparse MFGP,47,17.7,4.699999999999999
HOPV15,Sparse MFGP,47,17.8,4.699999999999999
HOPV15,Sparse MFGP,47,17.9,4.699999999999999
HOPV15,Sparse MFGP,47,18.0,4.699999999999999
HOPV15,Sparse MFGP,47,18.1,4.699999999999999
HOPV15,Sparse MFGP,47,18.2,4.699999999999999
HOPV15,Sparse MFGP,47,18.3,4.699999999999999
HOPV15,Sparse MFGP,47,18.4,4.699999999999999
HOPV15,Sparse MFGP,47,18.5,4.699999999999999
HOPV15,Sparse MFGP,47,19.5,4.699999999999999
HOPV15,Sparse MFGP,47,19.6,4.699999999999999
HOPV15,Sparse MFGP,47,19.7,4.699999999999999
HOPV15,Sparse MFGP,47,19.8,4.699999999999999
HOPV15,Sparse MFGP,47,19.9,4.699999999999999
HOPV15,Sparse MFGP,47,20.0,4.699999999999999
HOPV15,Sparse MFGP,47,20.1,4.699999999999999
HOPV15,Sparse MFGP,47,20.2,4.699999999999999
HOPV15,Sparse MFGP,47,20.3,4.699999999999999
HOPV15,Sparse MFGP,47,20.4,4.699999999999999
HOPV15,Sparse MFGP,47,20.5,4.699999999999999
HOPV15,Sparse MFGP,47,21.5,4.699999999999999
HOPV15,Sparse MFGP,47,21.6,4.699999999999999
HOPV15,Sparse MFGP,47,21.7,4.699999999999999
HOPV15,Sparse MFGP,47,21.8,4.699999999999999
HOPV15,Sparse MFGP,47,21.9,4.699999999999999
HOPV15,Sparse MFGP,47,22.0,4.699999999999999
HOPV15,Sparse MFGP,47,22.1,4.699999999999999
HOPV15,Sparse MFGP,47,22.2,4.699999999999999
HOPV15,Sparse MFGP,47,22.3,4.699999999999999
HOPV15,Sparse MFGP,47,22.4,4.699999999999999
HOPV15,Sparse MFGP,47,22.5,4.699999999999999
HOPV15,Sparse MFGP,47,23.5,4.699999999999999
HOPV15,Sparse MFGP,47,23.6,4.699999999999999
HOPV15,Sparse MFGP,47,23.7,4.699999999999999
HOPV15,Sparse MFGP,47,23.8,4.699999999999999
HOPV15,Sparse MFGP,47,23.9,4.699999999999999
HOPV15,Sparse MFGP,47,24.0,4.699999999999999
HOPV15,Sparse MFGP,47,24.1,4.699999999999999
HOPV15,Sparse MFGP,47,24.2,4.699999999999999
HOPV15,Sparse MFGP,47,24.3,4.699999999999999
HOPV15,Sparse MFGP,47,24.4,4.699999999999999
HOPV15,Sparse MFGP,47,24.5,4.699999999999999
HOPV15,Sparse MFGP,47,25.5,4.6
HOPV15,Sparse MFGP,47,25.6,4.6
HOPV15,Sparse MFGP,47,25.7,4.6
HOPV15,Sparse MFGP,47,25.8,4.6
HOPV15,Sparse MFGP,47,25.9,4.6
HOPV15,Sparse MFGP,47,26.0,4.6
HOPV15,Sparse MFGP,47,26.1,4.6
HOPV15,Sparse MFGP,47,26.2,4.6
HOPV15,Sparse MFGP,47,26.3,4.6
HOPV15,Sparse MFGP,47,26.4,4.6
HOPV15,Sparse MFGP,47,26.5,4.6
HOPV15,Sparse MFGP,47,27.5,0.0
HOPV15,Sparse MFGP,47,27.6,0.0
HOPV15,Sparse MFGP,47,27.7,0.0
HOPV15,Sparse MFGP,47,27.8,0.0
HOPV15,Sparse MFGP,47,27.9,0.0
HOPV15,Sparse MFGP,47,28.0,0.0
HOPV15,Sparse MFGP,47,28.1,0.0
HOPV15,Sparse MFGP,47,28.2,0.0
HOPV15,Sparse MFGP,47,28.3,0.0
HOPV15,Sparse MFGP,47,28.4,0.0
HOPV15,Sparse MFGP,47,28.5,0.0
HOPV15,Sparse MFGP,47,29.5,0.0
HOPV15,Sparse MFGP,47,29.6,0.0
HOPV15,Sparse MFGP,47,29.7,0.0
HOPV15,Sparse MFGP,47,29.8,0.0
HOPV15,Sparse MFGP,47,29.9,0.0
HOPV15,Sparse MFGP,48,3.5,6.85
HOPV15,Sparse MFGP,48,3.6,6.85
HOPV15,Sparse MFGP,48,3.7,6.85
HOPV15,Sparse MFGP,48,3.8,6.85
HOPV15,Sparse MFGP,48,3.9,6.85
HOPV15,Sparse MFGP,48,4.0,6.85
HOPV15,Sparse MFGP,48,4.1,6.85
HOPV15,Sparse MFGP,48,4.2,6.85
HOPV15,Sparse MFGP,48,4.3,6.85
HOPV15,Sparse MFGP,48,4.4,6.85
HOPV15,Sparse MFGP,48,4.5,6.85
HOPV15,Sparse MFGP,48,5.5,6.85
HOPV15,Sparse MFGP,48,5.6,6.85
HOPV15,Sparse MFGP,48,5.7,6.85
HOPV15,Sparse MFGP,48,5.8,6.85
HOPV15,Sparse MFGP,48,5.9,6.85
HOPV15,Sparse MFGP,48,6.0,6.85
HOPV15,Sparse MFGP,48,6.1,6.85
HOPV15,Sparse MFGP,48,6.2,6.85
HOPV15,Sparse MFGP,48,6.3,6.85
HOPV15,Sparse MFGP,48,6.4,6.85
HOPV15,Sparse MFGP,48,6.5,6.85
HOPV15,Sparse MFGP,48,7.5,6.85
HOPV15,Sparse MFGP,48,7.6,6.85
HOPV15,Sparse MFGP,48,7.7,6.85
HOPV15,Sparse MFGP,48,7.8,6.85
HOPV15,Sparse MFGP,48,7.9,6.85
HOPV15,Sparse MFGP,48,8.0,6.85
HOPV15,Sparse MFGP,48,8.1,6.85
HOPV15,Sparse MFGP,48,8.2,6.85
HOPV15,Sparse MFGP,48,8.3,6.85
HOPV15,Sparse MFGP,48,8.4,6.85
HOPV15,Sparse MFGP,48,8.5,6.85
HOPV15,Sparse MFGP,48,9.5,6.85
HOPV15,Sparse MFGP,48,9.6,6.85
HOPV15,Sparse MFGP,48,9.7,6.85
HOPV15,Sparse MFGP,48,9.8,6.85
HOPV15,Sparse MFGP,48,9.9,6.85
HOPV15,Sparse MFGP,48,10.0,6.85
HOPV15,Sparse MFGP,48,10.1,6.85
HOPV15,Sparse MFGP,48,10.2,6.85
HOPV15,Sparse MFGP,48,10.3,6.85
HOPV15,Sparse MFGP,48,10.4,6.85
HOPV15,Sparse MFGP,48,10.5,6.85
HOPV15,Sparse MFGP,48,11.5,4.109999999999999
HOPV15,Sparse MFGP,48,11.6,4.109999999999999
HOPV15,Sparse MFGP,48,11.7,4.109999999999999
HOPV15,Sparse MFGP,48,11.8,4.109999999999999
HOPV15,Sparse MFGP,48,11.9,4.109999999999999
HOPV15,Sparse MFGP,48,12.0,4.109999999999999
HOPV15,Sparse MFGP,48,12.1,4.109999999999999
HOPV15,Sparse MFGP,48,12.2,4.109999999999999
HOPV15,Sparse MFGP,48,12.3,4.109999999999999
HOPV15,Sparse MFGP,48,12.4,4.109999999999999
HOPV15,Sparse MFGP,48,12.5,4.109999999999999
HOPV15,Sparse MFGP,48,13.5,3.8999999999999995
HOPV15,Sparse MFGP,48,13.6,3.8999999999999995
HOPV15,Sparse MFGP,48,13.7,3.8999999999999995
HOPV15,Sparse MFGP,48,13.8,3.8999999999999995
HOPV15,Sparse MFGP,48,13.9,3.8999999999999995
HOPV15,Sparse MFGP,48,14.0,3.8999999999999995
HOPV15,Sparse MFGP,48,14.1,3.8999999999999995
HOPV15,Sparse MFGP,48,14.2,3.8999999999999995
HOPV15,Sparse MFGP,48,14.3,3.8999999999999995
HOPV15,Sparse MFGP,48,14.4,3.8999999999999995
HOPV15,Sparse MFGP,48,14.5,3.8999999999999995
HOPV15,Sparse MFGP,48,15.5,3.8999999999999995
HOPV15,Sparse MFGP,48,15.6,3.8999999999999995
HOPV15,Sparse MFGP,48,15.7,3.8999999999999995
HOPV15,Sparse MFGP,48,15.8,3.8999999999999995
HOPV15,Sparse MFGP,48,15.9,3.8999999999999995
HOPV15,Sparse MFGP,48,16.0,3.8999999999999995
HOPV15,Sparse MFGP,48,16.1,3.8999999999999995
HOPV15,Sparse MFGP,48,16.2,3.8999999999999995
HOPV15,Sparse MFGP,48,16.3,3.8999999999999995
HOPV15,Sparse MFGP,48,16.4,3.8999999999999995
HOPV15,Sparse MFGP,48,16.5,3.8999999999999995
HOPV15,Sparse MFGP,48,17.5,3.8999999999999995
HOPV15,Sparse MFGP,48,17.6,3.8999999999999995
HOPV15,Sparse MFGP,48,17.7,3.8999999999999995
HOPV15,Sparse MFGP,48,17.8,3.8999999999999995
HOPV15,Sparse MFGP,48,17.9,3.8999999999999995
HOPV15,Sparse MFGP,48,18.0,3.8999999999999995
HOPV15,Sparse MFGP,48,18.1,3.8999999999999995
HOPV15,Sparse MFGP,48,18.2,3.8999999999999995
HOPV15,Sparse MFGP,48,18.3,3.8999999999999995
HOPV15,Sparse MFGP,48,18.4,3.8999999999999995
HOPV15,Sparse MFGP,48,18.5,3.8999999999999995
HOPV15,Sparse MFGP,48,19.5,3.8999999999999995
HOPV15,Sparse MFGP,48,19.6,3.8999999999999995
HOPV15,Sparse MFGP,48,19.7,3.8999999999999995
HOPV15,Sparse MFGP,48,19.8,3.8999999999999995
HOPV15,Sparse MFGP,48,19.9,3.8999999999999995
HOPV15,Sparse MFGP,48,20.0,3.8999999999999995
HOPV15,Sparse MFGP,48,20.1,3.8999999999999995
HOPV15,Sparse MFGP,48,20.2,3.8999999999999995
HOPV15,Sparse MFGP,48,20.3,3.8999999999999995
HOPV15,Sparse MFGP,48,20.4,3.8999999999999995
HOPV15,Sparse MFGP,48,20.5,3.8999999999999995
HOPV15,Sparse MFGP,48,21.5,3.8999999999999995
HOPV15,Sparse MFGP,48,21.6,3.8999999999999995
HOPV15,Sparse MFGP,48,21.7,3.8999999999999995
HOPV15,Sparse MFGP,48,21.8,3.8999999999999995
HOPV15,Sparse MFGP,48,21.9,3.8999999999999995
HOPV15,Sparse MFGP,48,22.0,3.8999999999999995
HOPV15,Sparse MFGP,48,22.1,3.8999999999999995
HOPV15,Sparse MFGP,48,22.2,3.8999999999999995
HOPV15,Sparse MFGP,48,22.3,3.8999999999999995
HOPV15,Sparse MFGP,48,22.4,3.8999999999999995
HOPV15,Sparse MFGP,48,22.5,3.8999999999999995
HOPV15,Sparse MFGP,48,23.5,0.0
HOPV15,Sparse MFGP,48,23.6,0.0
HOPV15,Sparse MFGP,48,23.7,0.0
HOPV15,Sparse MFGP,48,23.8,0.0
HOPV15,Sparse MFGP,48,23.9,0.0
HOPV15,Sparse MFGP,48,24.0,0.0
HOPV15,Sparse MFGP,48,24.1,0.0
HOPV15,Sparse MFGP,48,24.2,0.0
HOPV15,Sparse MFGP,48,24.3,0.0
HOPV15,Sparse MFGP,48,24.4,0.0
HOPV15,Sparse MFGP,48,24.5,0.0
HOPV15,Sparse MFGP,48,25.5,0.0
HOPV15,Sparse MFGP,48,25.6,0.0
HOPV15,Sparse MFGP,48,25.7,0.0
HOPV15,Sparse MFGP,48,25.8,0.0
HOPV15,Sparse MFGP,48,25.9,0.0
HOPV15,Sparse MFGP,48,26.0,0.0
HOPV15,Sparse MFGP,48,26.1,0.0
HOPV15,Sparse MFGP,48,26.2,0.0
HOPV15,Sparse MFGP,48,26.3,0.0
HOPV15,Sparse MFGP,48,26.4,0.0
HOPV15,Sparse MFGP,48,26.5,0.0
HOPV15,Sparse MFGP,48,27.5,0.0
HOPV15,Sparse MFGP,48,27.6,0.0
HOPV15,Sparse MFGP,48,27.7,0.0
HOPV15,Sparse MFGP,48,27.8,0.0
HOPV15,Sparse MFGP,48,27.9,0.0
HOPV15,Sparse MFGP,48,28.0,0.0
HOPV15,Sparse MFGP,48,28.1,0.0
HOPV15,Sparse MFGP,48,28.2,0.0
HOPV15,Sparse MFGP,48,28.3,0.0
HOPV15,Sparse MFGP,48,28.4,0.0
HOPV15,Sparse MFGP,48,28.5,0.0
HOPV15,Sparse MFGP,48,29.5,0.0
HOPV15,Sparse MFGP,48,29.6,0.0
HOPV15,Sparse MFGP,48,29.7,0.0
HOPV15,Sparse MFGP,48,29.8,0.0
HOPV15,Sparse MFGP,48,29.9,0.0
HOPV15,Sparse MFGP,49,3.5,5.069999999999999
HOPV15,Sparse MFGP,49,3.6,5.069999999999999
HOPV15,Sparse MFGP,49,3.7,5.069999999999999
HOPV15,Sparse MFGP,49,3.8,5.069999999999999
HOPV15,Sparse MFGP,49,3.9,5.069999999999999
HOPV15,Sparse MFGP,49,4.0,5.069999999999999
HOPV15,Sparse MFGP,49,4.1,5.069999999999999
HOPV15,Sparse MFGP,49,4.2,5.069999999999999
HOPV15,Sparse MFGP,49,4.3,5.069999999999999
HOPV15,Sparse MFGP,49,4.4,5.069999999999999
HOPV15,Sparse MFGP,49,4.5,5.069999999999999
HOPV15,Sparse MFGP,49,5.5,5.069999999999999
HOPV15,Sparse MFGP,49,5.6,5.069999999999999
HOPV15,Sparse MFGP,49,5.7,5.069999999999999
HOPV15,Sparse MFGP,49,5.8,5.069999999999999
HOPV15,Sparse MFGP,49,5.9,5.069999999999999
HOPV15,Sparse MFGP,49,6.0,5.069999999999999
HOPV15,Sparse MFGP,49,6.1,5.069999999999999
HOPV15,Sparse MFGP,49,6.2,5.069999999999999
HOPV15,Sparse MFGP,49,6.3,5.069999999999999
HOPV15,Sparse MFGP,49,6.4,5.069999999999999
HOPV15,Sparse MFGP,49,6.5,5.069999999999999
HOPV15,Sparse MFGP,49,7.5,5.069999999999999
HOPV15,Sparse MFGP,49,7.6,5.069999999999999
HOPV15,Sparse MFGP,49,7.7,5.069999999999999
HOPV15,Sparse MFGP,49,7.8,5.069999999999999
HOPV15,Sparse MFGP,49,7.9,5.069999999999999
HOPV15,Sparse MFGP,49,8.0,5.069999999999999
HOPV15,Sparse MFGP,49,8.1,5.069999999999999
HOPV15,Sparse MFGP,49,8.2,5.069999999999999
HOPV15,Sparse MFGP,49,8.3,5.069999999999999
HOPV15,Sparse MFGP,49,8.4,5.069999999999999
HOPV15,Sparse MFGP,49,8.5,5.069999999999999
HOPV15,Sparse MFGP,49,9.5,5.069999999999999
HOPV15,Sparse MFGP,49,9.6,5.069999999999999
HOPV15,Sparse MFGP,49,9.7,5.069999999999999
HOPV15,Sparse MFGP,49,9.8,5.069999999999999
HOPV15,Sparse MFGP,49,9.9,5.069999999999999
HOPV15,Sparse MFGP,49,10.0,5.069999999999999
HOPV15,Sparse MFGP,49,10.1,5.069999999999999
HOPV15,Sparse MFGP,49,10.2,5.069999999999999
HOPV15,Sparse MFGP,49,10.3,5.069999999999999
HOPV15,Sparse MFGP,49,10.4,5.069999999999999
HOPV15,Sparse MFGP,49,10.5,5.069999999999999
HOPV15,Sparse MFGP,49,11.5,5.069999999999999
HOPV15,Sparse MFGP,49,11.6,5.069999999999999
HOPV15,Sparse MFGP,49,11.7,5.069999999999999
HOPV15,Sparse MFGP,49,11.8,5.069999999999999
HOPV15,Sparse MFGP,49,11.9,5.069999999999999
HOPV15,Sparse MFGP,49,12.0,5.069999999999999
HOPV15,Sparse MFGP,49,12.1,5.069999999999999
HOPV15,Sparse MFGP,49,12.2,5.069999999999999
HOPV15,Sparse MFGP,49,12.3,5.069999999999999
HOPV15,Sparse MFGP,49,12.4,5.069999999999999
HOPV15,Sparse MFGP,49,12.5,5.069999999999999
HOPV15,Sparse MFGP,49,13.5,3.999999999999999
HOPV15,Sparse MFGP,49,13.6,3.999999999999999
HOPV15,Sparse MFGP,49,13.7,3.999999999999999
HOPV15,Sparse MFGP,49,13.8,3.999999999999999
HOPV15,Sparse MFGP,49,13.9,3.999999999999999
HOPV15,Sparse MFGP,49,14.0,3.999999999999999
HOPV15,Sparse MFGP,49,14.1,3.999999999999999
HOPV15,Sparse MFGP,49,14.2,3.999999999999999
HOPV15,Sparse MFGP,49,14.3,3.999999999999999
HOPV15,Sparse MFGP,49,14.4,3.999999999999999
HOPV15,Sparse MFGP,49,14.5,3.999999999999999
HOPV15,Sparse MFGP,49,15.5,3.999999999999999
HOPV15,Sparse MFGP,49,15.6,3.999999999999999
HOPV15,Sparse MFGP,49,15.7,3.999999999999999
HOPV15,Sparse MFGP,49,15.8,3.999999999999999
HOPV15,Sparse MFGP,49,15.9,3.999999999999999
HOPV15,Sparse MFGP,49,16.0,3.999999999999999
HOPV15,Sparse MFGP,49,16.1,3.999999999999999
HOPV15,Sparse MFGP,49,16.2,3.999999999999999
HOPV15,Sparse MFGP,49,16.3,3.999999999999999
HOPV15,Sparse MFGP,49,16.4,3.999999999999999
HOPV15,Sparse MFGP,49,16.5,3.999999999999999
HOPV15,Sparse MFGP,49,17.5,3.999999999999999
HOPV15,Sparse MFGP,49,17.6,3.999999999999999
HOPV15,Sparse MFGP,49,17.7,3.999999999999999
HOPV15,Sparse MFGP,49,17.8,3.999999999999999
HOPV15,Sparse MFGP,49,17.9,3.999999999999999
HOPV15,Sparse MFGP,49,18.0,3.999999999999999
HOPV15,Sparse MFGP,49,18.1,3.999999999999999
HOPV15,Sparse MFGP,49,18.2,3.999999999999999
HOPV15,Sparse MFGP,49,18.3,3.999999999999999
HOPV15,Sparse MFGP,49,18.4,3.999999999999999
HOPV15,Sparse MFGP,49,18.5,3.999999999999999
HOPV15,Sparse MFGP,49,19.5,3.999999999999999
HOPV15,Sparse MFGP,49,19.6,3.999999999999999
HOPV15,Sparse MFGP,49,19.7,3.999999999999999
HOPV15,Sparse MFGP,49,19.8,3.999999999999999
HOPV15,Sparse MFGP,49,19.9,3.999999999999999
HOPV15,Sparse MFGP,49,20.0,3.999999999999999
HOPV15,Sparse MFGP,49,20.1,3.999999999999999
HOPV15,Sparse MFGP,49,20.2,3.999999999999999
HOPV15,Sparse MFGP,49,20.3,3.999999999999999
HOPV15,Sparse MFGP,49,20.4,3.999999999999999
HOPV15,Sparse MFGP,49,20.5,3.999999999999999
HOPV15,Sparse MFGP,49,21.5,3.999999999999999
HOPV15,Sparse MFGP,49,21.6,3.999999999999999
HOPV15,Sparse MFGP,49,21.7,3.999999999999999
HOPV15,Sparse MFGP,49,21.8,3.999999999999999
HOPV15,Sparse MFGP,49,21.9,3.999999999999999
HOPV15,Sparse MFGP,49,22.0,3.999999999999999
HOPV15,Sparse MFGP,49,22.1,3.999999999999999
HOPV15,Sparse MFGP,49,22.2,3.999999999999999
HOPV15,Sparse MFGP,49,22.3,3.999999999999999
HOPV15,Sparse MFGP,49,22.4,3.999999999999999
HOPV15,Sparse MFGP,49,22.5,3.999999999999999
HOPV15,Sparse MFGP,49,23.5,3.999999999999999
HOPV15,Sparse MFGP,49,23.6,3.999999999999999
HOPV15,Sparse MFGP,49,23.7,3.999999999999999
HOPV15,Sparse MFGP,49,23.8,3.999999999999999
HOPV15,Sparse MFGP,49,23.9,3.999999999999999
HOPV15,Sparse MFGP,49,24.0,3.999999999999999
HOPV15,Sparse MFGP,49,24.1,3.999999999999999
HOPV15,Sparse MFGP,49,24.2,3.999999999999999
HOPV15,Sparse MFGP,49,24.3,3.999999999999999
HOPV15,Sparse MFGP,49,24.4,3.999999999999999
HOPV15,Sparse MFGP,49,24.5,3.999999999999999
HOPV15,Sparse MFGP,49,25.5,3.999999999999999
HOPV15,Sparse MFGP,49,25.6,3.999999999999999
HOPV15,Sparse MFGP,49,25.7,3.999999999999999
HOPV15,Sparse MFGP,49,25.8,3.999999999999999
HOPV15,Sparse MFGP,49,25.9,3.999999999999999
HOPV15,Sparse MFGP,49,26.0,3.999999999999999
HOPV15,Sparse MFGP,49,26.1,3.999999999999999
HOPV15,Sparse MFGP,49,26.2,3.999999999999999
HOPV15,Sparse MFGP,49,26.3,3.999999999999999
HOPV15,Sparse MFGP,49,26.4,3.999999999999999
HOPV15,Sparse MFGP,49,26.5,3.999999999999999
HOPV15,Sparse MFGP,49,27.5,3.999999999999999
HOPV15,Sparse MFGP,49,27.6,3.999999999999999
HOPV15,Sparse MFGP,49,27.7,3.999999999999999
HOPV15,Sparse MFGP,49,27.8,3.999999999999999
HOPV15,Sparse MFGP,49,27.9,3.999999999999999
HOPV15,Sparse MFGP,49,28.0,3.999999999999999
HOPV15,Sparse MFGP,49,28.1,3.999999999999999
HOPV15,Sparse MFGP,49,28.2,3.999999999999999
HOPV15,Sparse MFGP,49,28.3,3.999999999999999
HOPV15,Sparse MFGP,49,28.4,3.999999999999999
HOPV15,Sparse MFGP,49,28.5,3.999999999999999
HOPV15,Sparse MFGP,49,29.5,3.999999999999999
HOPV15,Sparse MFGP,49,29.6,3.999999999999999
HOPV15,Sparse MFGP,49,29.7,3.999999999999999
HOPV15,Sparse MFGP,49,29.8,3.999999999999999
HOPV15,Sparse MFGP,49,29.9,3.999999999999999
HOPV15,Sparse MFGP,50,3.5,5.919999999999999
HOPV15,Sparse MFGP,50,3.6,5.919999999999999
HOPV15,Sparse MFGP,50,3.7,5.919999999999999
HOPV15,Sparse MFGP,50,3.8,5.919999999999999
HOPV15,Sparse MFGP,50,3.9,5.919999999999999
HOPV15,Sparse MFGP,50,4.0,5.919999999999999
HOPV15,Sparse MFGP,50,4.1,5.919999999999999
HOPV15,Sparse MFGP,50,4.2,5.919999999999999
HOPV15,Sparse MFGP,50,4.3,5.919999999999999
HOPV15,Sparse MFGP,50,4.4,5.919999999999999
HOPV15,Sparse MFGP,50,4.5,5.919999999999999
HOPV15,Sparse MFGP,50,5.5,4.14
HOPV15,Sparse MFGP,50,5.6,4.14
HOPV15,Sparse MFGP,50,5.7,4.14
HOPV15,Sparse MFGP,50,5.8,4.14
HOPV15,Sparse MFGP,50,5.9,4.14
HOPV15,Sparse MFGP,50,6.0,4.14
HOPV15,Sparse MFGP,50,6.1,4.14
HOPV15,Sparse MFGP,50,6.2,4.14
HOPV15,Sparse MFGP,50,6.3,4.14
HOPV15,Sparse MFGP,50,6.4,4.14
HOPV15,Sparse MFGP,50,6.5,4.14
HOPV15,Sparse MFGP,50,7.5,4.14
HOPV15,Sparse MFGP,50,7.6,4.14
HOPV15,Sparse MFGP,50,7.7,4.14
HOPV15,Sparse MFGP,50,7.8,4.14
HOPV15,Sparse MFGP,50,7.9,4.14
HOPV15,Sparse MFGP,50,8.0,4.14
HOPV15,Sparse MFGP,50,8.1,4.14
HOPV15,Sparse MFGP,50,8.2,4.14
HOPV15,Sparse MFGP,50,8.3,4.14
HOPV15,Sparse MFGP,50,8.4,4.14
HOPV15,Sparse MFGP,50,8.5,4.14
HOPV15,Sparse MFGP,50,9.5,4.14
HOPV15,Sparse MFGP,50,9.6,4.14
HOPV15,Sparse MFGP,50,9.7,4.14
HOPV15,Sparse MFGP,50,9.8,4.14
HOPV15,Sparse MFGP,50,9.9,4.14
HOPV15,Sparse MFGP,50,10.0,4.14
HOPV15,Sparse MFGP,50,10.1,4.14
HOPV15,Sparse MFGP,50,10.2,4.14
HOPV15,Sparse MFGP,50,10.3,4.14
HOPV15,Sparse MFGP,50,10.4,4.14
HOPV15,Sparse MFGP,50,10.5,4.14
HOPV15,Sparse MFGP,50,11.5,3.789999999999999
HOPV15,Sparse MFGP,50,11.6,3.789999999999999
HOPV15,Sparse MFGP,50,11.7,3.789999999999999
HOPV15,Sparse MFGP,50,11.8,3.789999999999999
HOPV15,Sparse MFGP,50,11.9,3.789999999999999
HOPV15,Sparse MFGP,50,12.0,3.789999999999999
HOPV15,Sparse MFGP,50,12.1,3.789999999999999
HOPV15,Sparse MFGP,50,12.2,3.789999999999999
HOPV15,Sparse MFGP,50,12.3,3.789999999999999
HOPV15,Sparse MFGP,50,12.4,3.789999999999999
HOPV15,Sparse MFGP,50,12.5,3.789999999999999
HOPV15,Sparse MFGP,50,13.5,3.789999999999999
HOPV15,Sparse MFGP,50,13.6,3.789999999999999
HOPV15,Sparse MFGP,50,13.7,3.789999999999999
HOPV15,Sparse MFGP,50,13.8,3.789999999999999
HOPV15,Sparse MFGP,50,13.9,3.789999999999999
HOPV15,Sparse MFGP,50,14.0,3.789999999999999
HOPV15,Sparse MFGP,50,14.1,3.789999999999999
HOPV15,Sparse MFGP,50,14.2,3.789999999999999
HOPV15,Sparse MFGP,50,14.3,3.789999999999999
HOPV15,Sparse MFGP,50,14.4,3.789999999999999
HOPV15,Sparse MFGP,50,14.5,3.789999999999999
HOPV15,Sparse MFGP,50,15.5,3.789999999999999
HOPV15,Sparse MFGP,50,15.6,3.789999999999999
HOPV15,Sparse MFGP,50,15.7,3.789999999999999
HOPV15,Sparse MFGP,50,15.8,3.789999999999999
HOPV15,Sparse MFGP,50,15.9,3.789999999999999
HOPV15,Sparse MFGP,50,16.0,3.789999999999999
HOPV15,Sparse MFGP,50,16.1,3.789999999999999
HOPV15,Sparse MFGP,50,16.2,3.789999999999999
HOPV15,Sparse MFGP,50,16.3,3.789999999999999
HOPV15,Sparse MFGP,50,16.4,3.789999999999999
HOPV15,Sparse MFGP,50,16.5,3.789999999999999
HOPV15,Sparse MFGP,50,17.5,3.789999999999999
HOPV15,Sparse MFGP,50,17.6,3.789999999999999
HOPV15,Sparse MFGP,50,17.7,3.789999999999999
HOPV15,Sparse MFGP,50,17.8,3.789999999999999
HOPV15,Sparse MFGP,50,17.9,3.789999999999999
HOPV15,Sparse MFGP,50,18.0,3.789999999999999
HOPV15,Sparse MFGP,50,18.1,3.789999999999999
HOPV15,Sparse MFGP,50,18.2,3.789999999999999
HOPV15,Sparse MFGP,50,18.3,3.789999999999999
HOPV15,Sparse MFGP,50,18.4,3.789999999999999
HOPV15,Sparse MFGP,50,18.5,3.789999999999999
HOPV15,Sparse MFGP,50,19.5,3.789999999999999
HOPV15,Sparse MFGP,50,19.6,3.789999999999999
HOPV15,Sparse MFGP,50,19.7,3.789999999999999
HOPV15,Sparse MFGP,50,19.8,3.789999999999999
HOPV15,Sparse MFGP,50,19.9,3.789999999999999
HOPV15,Sparse MFGP,50,20.0,3.789999999999999
HOPV15,Sparse MFGP,50,20.1,3.789999999999999
HOPV15,Sparse MFGP,50,20.2,3.789999999999999
HOPV15,Sparse MFGP,50,20.3,3.789999999999999
HOPV15,Sparse MFGP,50,20.4,3.789999999999999
HOPV15,Sparse MFGP,50,20.5,3.789999999999999
HOPV15,Sparse MFGP,50,21.5,3.789999999999999
HOPV15,Sparse MFGP,50,21.6,3.789999999999999
HOPV15,Sparse MFGP,50,21.7,3.789999999999999
HOPV15,Sparse MFGP,50,21.8,3.789999999999999
HOPV15,Sparse MFGP,50,21.9,3.789999999999999
HOPV15,Sparse MFGP,50,22.0,3.789999999999999
HOPV15,Sparse MFGP,50,22.1,3.789999999999999
HOPV15,Sparse MFGP,50,22.2,3.789999999999999
HOPV15,Sparse MFGP,50,22.3,3.789999999999999
HOPV15,Sparse MFGP,50,22.4,3.789999999999999
HOPV15,Sparse MFGP,50,22.5,3.789999999999999
HOPV15,Sparse MFGP,50,23.5,3.789999999999999
HOPV15,Sparse MFGP,50,23.6,3.789999999999999
HOPV15,Sparse MFGP,50,23.7,3.789999999999999
HOPV15,Sparse MFGP,50,23.8,3.789999999999999
HOPV15,Sparse MFGP,50,23.9,3.789999999999999
HOPV15,Sparse MFGP,50,24.0,3.789999999999999
HOPV15,Sparse MFGP,50,24.1,3.789999999999999
HOPV15,Sparse MFGP,50,24.2,3.789999999999999
HOPV15,Sparse MFGP,50,24.3,3.789999999999999
HOPV15,Sparse MFGP,50,24.4,3.789999999999999
HOPV15,Sparse MFGP,50,24.5,3.789999999999999
HOPV15,Sparse MFGP,50,25.5,3.789999999999999
HOPV15,Sparse MFGP,50,25.6,3.789999999999999
HOPV15,Sparse MFGP,50,25.7,3.789999999999999
HOPV15,Sparse MFGP,50,25.8,3.789999999999999
HOPV15,Sparse MFGP,50,25.9,3.789999999999999
HOPV15,Sparse MFGP,50,26.0,3.789999999999999
HOPV15,Sparse MFGP,50,26.1,3.789999999999999
HOPV15,Sparse MFGP,50,26.2,3.789999999999999
HOPV15,Sparse MFGP,50,26.3,3.789999999999999
HOPV15,Sparse MFGP,50,26.4,3.789999999999999
HOPV15,Sparse MFGP,50,26.5,3.789999999999999
HOPV15,Sparse MFGP,50,27.5,3.789999999999999
HOPV15,Sparse MFGP,50,27.6,3.789999999999999
HOPV15,Sparse MFGP,50,27.7,3.789999999999999
HOPV15,Sparse MFGP,50,27.8,3.789999999999999
HOPV15,Sparse MFGP,50,27.9,3.789999999999999
HOPV15,Sparse MFGP,50,28.0,3.789999999999999
HOPV15,Sparse MFGP,50,28.1,3.789999999999999
HOPV15,Sparse MFGP,50,28.2,3.789999999999999
HOPV15,Sparse MFGP,50,28.3,3.789999999999999
HOPV15,Sparse MFGP,50,28.4,3.789999999999999
HOPV15,Sparse MFGP,50,28.5,3.789999999999999
HOPV15,Sparse MFGP,50,29.5,3.789999999999999
HOPV15,Sparse MFGP,50,29.6,3.789999999999999
HOPV15,Sparse MFGP,50,29.7,3.789999999999999
HOPV15,Sparse MFGP,50,29.8,3.789999999999999
HOPV15,Sparse MFGP,50,29.9,3.789999999999999
HOPV15,Sparse MFGP,51,3.5,3.499999999999999
HOPV15,Sparse MFGP,51,3.6,3.499999999999999
HOPV15,Sparse MFGP,51,3.7,3.499999999999999
HOPV15,Sparse MFGP,51,3.8,3.499999999999999
HOPV15,Sparse MFGP,51,3.9,3.499999999999999
HOPV15,Sparse MFGP,51,4.0,3.499999999999999
HOPV15,Sparse MFGP,51,4.1,3.499999999999999
HOPV15,Sparse MFGP,51,4.2,3.499999999999999
HOPV15,Sparse MFGP,51,4.3,3.499999999999999
HOPV15,Sparse MFGP,51,4.4,3.499999999999999
HOPV15,Sparse MFGP,51,4.5,3.499999999999999
HOPV15,Sparse MFGP,51,5.5,3.499999999999999
HOPV15,Sparse MFGP,51,5.6,3.499999999999999
HOPV15,Sparse MFGP,51,5.7,3.499999999999999
HOPV15,Sparse MFGP,51,5.8,3.499999999999999
HOPV15,Sparse MFGP,51,5.9,3.499999999999999
HOPV15,Sparse MFGP,51,6.0,3.499999999999999
HOPV15,Sparse MFGP,51,6.1,3.499999999999999
HOPV15,Sparse MFGP,51,6.2,3.499999999999999
HOPV15,Sparse MFGP,51,6.3,3.499999999999999
HOPV15,Sparse MFGP,51,6.4,3.499999999999999
HOPV15,Sparse MFGP,51,6.5,3.499999999999999
HOPV15,Sparse MFGP,51,7.5,3.499999999999999
HOPV15,Sparse MFGP,51,7.6,3.499999999999999
HOPV15,Sparse MFGP,51,7.7,3.499999999999999
HOPV15,Sparse MFGP,51,7.8,3.499999999999999
HOPV15,Sparse MFGP,51,7.9,3.499999999999999
HOPV15,Sparse MFGP,51,8.0,3.499999999999999
HOPV15,Sparse MFGP,51,8.1,3.499999999999999
HOPV15,Sparse MFGP,51,8.2,3.499999999999999
HOPV15,Sparse MFGP,51,8.3,3.499999999999999
HOPV15,Sparse MFGP,51,8.4,3.499999999999999
HOPV15,Sparse MFGP,51,8.5,3.499999999999999
HOPV15,Sparse MFGP,51,9.5,3.499999999999999
HOPV15,Sparse MFGP,51,9.6,3.499999999999999
HOPV15,Sparse MFGP,51,9.7,3.499999999999999
HOPV15,Sparse MFGP,51,9.8,3.499999999999999
HOPV15,Sparse MFGP,51,9.9,3.499999999999999
HOPV15,Sparse MFGP,51,10.0,3.499999999999999
HOPV15,Sparse MFGP,51,10.1,3.499999999999999
HOPV15,Sparse MFGP,51,10.2,3.499999999999999
HOPV15,Sparse MFGP,51,10.3,3.499999999999999
HOPV15,Sparse MFGP,51,10.4,3.499999999999999
HOPV15,Sparse MFGP,51,10.5,3.499999999999999
HOPV15,Sparse MFGP,51,11.5,3.499999999999999
HOPV15,Sparse MFGP,51,11.6,3.499999999999999
HOPV15,Sparse MFGP,51,11.7,3.499999999999999
HOPV15,Sparse MFGP,51,11.8,3.499999999999999
HOPV15,Sparse MFGP,51,11.9,3.499999999999999
HOPV15,Sparse MFGP,51,12.0,3.499999999999999
HOPV15,Sparse MFGP,51,12.1,3.499999999999999
HOPV15,Sparse MFGP,51,12.2,3.499999999999999
HOPV15,Sparse MFGP,51,12.3,3.499999999999999
HOPV15,Sparse MFGP,51,12.4,3.499999999999999
HOPV15,Sparse MFGP,51,12.5,3.499999999999999
HOPV15,Sparse MFGP,51,13.5,3.499999999999999
HOPV15,Sparse MFGP,51,13.6,3.499999999999999
HOPV15,Sparse MFGP,51,13.7,3.499999999999999
HOPV15,Sparse MFGP,51,13.8,3.499999999999999
HOPV15,Sparse MFGP,51,13.9,3.499999999999999
HOPV15,Sparse MFGP,51,14.0,3.499999999999999
HOPV15,Sparse MFGP,51,14.1,3.499999999999999
HOPV15,Sparse MFGP,51,14.2,3.499999999999999
HOPV15,Sparse MFGP,51,14.3,3.499999999999999
HOPV15,Sparse MFGP,51,14.4,3.499999999999999
HOPV15,Sparse MFGP,51,14.5,3.499999999999999
HOPV15,Sparse MFGP,51,15.5,3.499999999999999
HOPV15,Sparse MFGP,51,15.6,3.499999999999999
HOPV15,Sparse MFGP,51,15.7,3.499999999999999
HOPV15,Sparse MFGP,51,15.8,3.499999999999999
HOPV15,Sparse MFGP,51,15.9,3.499999999999999
HOPV15,Sparse MFGP,51,16.0,3.499999999999999
HOPV15,Sparse MFGP,51,16.1,3.499999999999999
HOPV15,Sparse MFGP,51,16.2,3.499999999999999
HOPV15,Sparse MFGP,51,16.3,3.499999999999999
HOPV15,Sparse MFGP,51,16.4,3.499999999999999
HOPV15,Sparse MFGP,51,16.5,3.499999999999999
HOPV15,Sparse MFGP,51,17.5,3.499999999999999
HOPV15,Sparse MFGP,51,17.6,3.499999999999999
HOPV15,Sparse MFGP,51,17.7,3.499999999999999
HOPV15,Sparse MFGP,51,17.8,3.499999999999999
HOPV15,Sparse MFGP,51,17.9,3.499999999999999
HOPV15,Sparse MFGP,51,18.0,3.499999999999999
HOPV15,Sparse MFGP,51,18.1,3.499999999999999
HOPV15,Sparse MFGP,51,18.2,3.499999999999999
HOPV15,Sparse MFGP,51,18.3,3.499999999999999
HOPV15,Sparse MFGP,51,18.4,3.499999999999999
HOPV15,Sparse MFGP,51,18.5,3.499999999999999
HOPV15,Sparse MFGP,51,19.5,3.499999999999999
HOPV15,Sparse MFGP,51,19.6,3.499999999999999
HOPV15,Sparse MFGP,51,19.7,3.499999999999999
HOPV15,Sparse MFGP,51,19.8,3.499999999999999
HOPV15,Sparse MFGP,51,19.9,3.499999999999999
HOPV15,Sparse MFGP,51,20.0,3.499999999999999
HOPV15,Sparse MFGP,51,20.1,3.499999999999999
HOPV15,Sparse MFGP,51,20.2,3.499999999999999
HOPV15,Sparse MFGP,51,20.3,3.499999999999999
HOPV15,Sparse MFGP,51,20.4,3.499999999999999
HOPV15,Sparse MFGP,51,20.5,3.499999999999999
HOPV15,Sparse MFGP,51,21.5,3.499999999999999
HOPV15,Sparse MFGP,51,21.6,3.499999999999999
HOPV15,Sparse MFGP,51,21.7,3.499999999999999
HOPV15,Sparse MFGP,51,21.8,3.499999999999999
HOPV15,Sparse MFGP,51,21.9,3.499999999999999
HOPV15,Sparse MFGP,51,22.0,3.499999999999999
HOPV15,Sparse MFGP,51,22.1,3.499999999999999
HOPV15,Sparse MFGP,51,22.2,3.499999999999999
HOPV15,Sparse MFGP,51,22.3,3.499999999999999
HOPV15,Sparse MFGP,51,22.4,3.499999999999999
HOPV15,Sparse MFGP,51,22.5,3.499999999999999
HOPV15,Sparse MFGP,51,23.5,3.499999999999999
HOPV15,Sparse MFGP,51,23.6,3.499999999999999
HOPV15,Sparse MFGP,51,23.7,3.499999999999999
HOPV15,Sparse MFGP,51,23.8,3.499999999999999
HOPV15,Sparse MFGP,51,23.9,3.499999999999999
HOPV15,Sparse MFGP,51,24.0,3.499999999999999
HOPV15,Sparse MFGP,51,24.1,3.499999999999999
HOPV15,Sparse MFGP,51,24.2,3.499999999999999
HOPV15,Sparse MFGP,51,24.3,3.499999999999999
HOPV15,Sparse MFGP,51,24.4,3.499999999999999
HOPV15,Sparse MFGP,51,24.5,3.499999999999999
HOPV15,Sparse MFGP,51,25.5,3.499999999999999
HOPV15,Sparse MFGP,51,25.6,3.499999999999999
HOPV15,Sparse MFGP,51,25.7,3.499999999999999
HOPV15,Sparse MFGP,51,25.8,3.499999999999999
HOPV15,Sparse MFGP,51,25.9,3.499999999999999
HOPV15,Sparse MFGP,51,26.0,3.499999999999999
HOPV15,Sparse MFGP,51,26.1,3.499999999999999
HOPV15,Sparse MFGP,51,26.2,3.499999999999999
HOPV15,Sparse MFGP,51,26.3,3.499999999999999
HOPV15,Sparse MFGP,51,26.4,3.499999999999999
HOPV15,Sparse MFGP,51,26.5,3.499999999999999
HOPV15,Sparse MFGP,51,27.5,3.499999999999999
HOPV15,Sparse MFGP,51,27.6,3.499999999999999
HOPV15,Sparse MFGP,51,27.7,3.499999999999999
HOPV15,Sparse MFGP,51,27.8,3.499999999999999
HOPV15,Sparse MFGP,51,27.9,3.499999999999999
HOPV15,Sparse MFGP,51,28.0,3.499999999999999
HOPV15,Sparse MFGP,51,28.1,3.499999999999999
HOPV15,Sparse MFGP,51,28.2,3.499999999999999
HOPV15,Sparse MFGP,51,28.3,3.499999999999999
HOPV15,Sparse MFGP,51,28.4,3.499999999999999
HOPV15,Sparse MFGP,51,28.5,3.499999999999999
HOPV15,Sparse MFGP,51,29.5,3.499999999999999
HOPV15,Sparse MFGP,51,29.6,3.499999999999999
HOPV15,Sparse MFGP,51,29.7,3.499999999999999
HOPV15,Sparse MFGP,51,29.8,3.499999999999999
HOPV15,Sparse MFGP,51,29.9,3.499999999999999
HOPV15,Sparse MFGP,52,3.5,3.499999999999999
HOPV15,Sparse MFGP,52,3.6,3.499999999999999
HOPV15,Sparse MFGP,52,3.7,3.499999999999999
HOPV15,Sparse MFGP,52,3.8,3.499999999999999
HOPV15,Sparse MFGP,52,3.9,3.499999999999999
HOPV15,Sparse MFGP,52,4.0,3.499999999999999
HOPV15,Sparse MFGP,52,4.1,3.499999999999999
HOPV15,Sparse MFGP,52,4.2,3.499999999999999
HOPV15,Sparse MFGP,52,4.3,3.499999999999999
HOPV15,Sparse MFGP,52,4.4,3.499999999999999
HOPV15,Sparse MFGP,52,4.5,3.499999999999999
HOPV15,Sparse MFGP,52,5.5,3.499999999999999
HOPV15,Sparse MFGP,52,5.6,3.499999999999999
HOPV15,Sparse MFGP,52,5.7,3.499999999999999
HOPV15,Sparse MFGP,52,5.8,3.499999999999999
HOPV15,Sparse MFGP,52,5.9,3.499999999999999
HOPV15,Sparse MFGP,52,6.0,3.499999999999999
HOPV15,Sparse MFGP,52,6.1,3.499999999999999
HOPV15,Sparse MFGP,52,6.2,3.499999999999999
HOPV15,Sparse MFGP,52,6.3,3.499999999999999
HOPV15,Sparse MFGP,52,6.4,3.499999999999999
HOPV15,Sparse MFGP,52,6.5,3.499999999999999
HOPV15,Sparse MFGP,52,7.5,3.499999999999999
HOPV15,Sparse MFGP,52,7.6,3.499999999999999
HOPV15,Sparse MFGP,52,7.7,3.499999999999999
HOPV15,Sparse MFGP,52,7.8,3.499999999999999
HOPV15,Sparse MFGP,52,7.9,3.499999999999999
HOPV15,Sparse MFGP,52,8.0,3.499999999999999
HOPV15,Sparse MFGP,52,8.1,3.499999999999999
HOPV15,Sparse MFGP,52,8.2,3.499999999999999
HOPV15,Sparse MFGP,52,8.3,3.499999999999999
HOPV15,Sparse MFGP,52,8.4,3.499999999999999
HOPV15,Sparse MFGP,52,8.5,3.499999999999999
HOPV15,Sparse MFGP,52,9.5,3.499999999999999
HOPV15,Sparse MFGP,52,9.6,3.499999999999999
HOPV15,Sparse MFGP,52,9.7,3.499999999999999
HOPV15,Sparse MFGP,52,9.8,3.499999999999999
HOPV15,Sparse MFGP,52,9.9,3.499999999999999
HOPV15,Sparse MFGP,52,10.0,3.499999999999999
HOPV15,Sparse MFGP,52,10.1,3.499999999999999
HOPV15,Sparse MFGP,52,10.2,3.499999999999999
HOPV15,Sparse MFGP,52,10.3,3.499999999999999
HOPV15,Sparse MFGP,52,10.4,3.499999999999999
HOPV15,Sparse MFGP,52,10.5,3.499999999999999
HOPV15,Sparse MFGP,52,11.5,3.499999999999999
HOPV15,Sparse MFGP,52,11.6,3.499999999999999
HOPV15,Sparse MFGP,52,11.7,3.499999999999999
HOPV15,Sparse MFGP,52,11.8,3.499999999999999
HOPV15,Sparse MFGP,52,11.9,3.499999999999999
HOPV15,Sparse MFGP,52,12.0,3.499999999999999
HOPV15,Sparse MFGP,52,12.1,3.499999999999999
HOPV15,Sparse MFGP,52,12.2,3.499999999999999
HOPV15,Sparse MFGP,52,12.3,3.499999999999999
HOPV15,Sparse MFGP,52,12.4,3.499999999999999
HOPV15,Sparse MFGP,52,12.5,3.499999999999999
HOPV15,Sparse MFGP,52,13.5,3.499999999999999
HOPV15,Sparse MFGP,52,13.6,3.499999999999999
HOPV15,Sparse MFGP,52,13.7,3.499999999999999
HOPV15,Sparse MFGP,52,13.8,3.499999999999999
HOPV15,Sparse MFGP,52,13.9,3.499999999999999
HOPV15,Sparse MFGP,52,14.0,3.499999999999999
HOPV15,Sparse MFGP,52,14.1,3.499999999999999
HOPV15,Sparse MFGP,52,14.2,3.499999999999999
HOPV15,Sparse MFGP,52,14.3,3.499999999999999
HOPV15,Sparse MFGP,52,14.4,3.499999999999999
HOPV15,Sparse MFGP,52,14.5,3.499999999999999
HOPV15,Sparse MFGP,52,15.5,3.499999999999999
HOPV15,Sparse MFGP,52,15.6,3.499999999999999
HOPV15,Sparse MFGP,52,15.7,3.499999999999999
HOPV15,Sparse MFGP,52,15.8,3.499999999999999
HOPV15,Sparse MFGP,52,15.9,3.499999999999999
HOPV15,Sparse MFGP,52,16.0,3.499999999999999
HOPV15,Sparse MFGP,52,16.1,3.499999999999999
HOPV15,Sparse MFGP,52,16.2,3.499999999999999
HOPV15,Sparse MFGP,52,16.3,3.499999999999999
HOPV15,Sparse MFGP,52,16.4,3.499999999999999
HOPV15,Sparse MFGP,52,16.5,3.499999999999999
HOPV15,Sparse MFGP,52,17.5,3.499999999999999
HOPV15,Sparse MFGP,52,17.6,3.499999999999999
HOPV15,Sparse MFGP,52,17.7,3.499999999999999
HOPV15,Sparse MFGP,52,17.8,3.499999999999999
HOPV15,Sparse MFGP,52,17.9,3.499999999999999
HOPV15,Sparse MFGP,52,18.0,3.499999999999999
HOPV15,Sparse MFGP,52,18.1,3.499999999999999
HOPV15,Sparse MFGP,52,18.2,3.499999999999999
HOPV15,Sparse MFGP,52,18.3,3.499999999999999
HOPV15,Sparse MFGP,52,18.4,3.499999999999999
HOPV15,Sparse MFGP,52,18.5,3.499999999999999
HOPV15,Sparse MFGP,52,19.5,3.499999999999999
HOPV15,Sparse MFGP,52,19.6,3.499999999999999
HOPV15,Sparse MFGP,52,19.7,3.499999999999999
HOPV15,Sparse MFGP,52,19.8,3.499999999999999
HOPV15,Sparse MFGP,52,19.9,3.499999999999999
HOPV15,Sparse MFGP,52,20.0,3.499999999999999
HOPV15,Sparse MFGP,52,20.1,3.499999999999999
HOPV15,Sparse MFGP,52,20.2,3.499999999999999
HOPV15,Sparse MFGP,52,20.3,3.499999999999999
HOPV15,Sparse MFGP,52,20.4,3.499999999999999
HOPV15,Sparse MFGP,52,20.5,3.499999999999999
HOPV15,Sparse MFGP,52,21.5,3.499999999999999
HOPV15,Sparse MFGP,52,21.6,3.499999999999999
HOPV15,Sparse MFGP,52,21.7,3.499999999999999
HOPV15,Sparse MFGP,52,21.8,3.499999999999999
HOPV15,Sparse MFGP,52,21.9,3.499999999999999
HOPV15,Sparse MFGP,52,22.0,3.499999999999999
HOPV15,Sparse MFGP,52,22.1,3.499999999999999
HOPV15,Sparse MFGP,52,22.2,3.499999999999999
HOPV15,Sparse MFGP,52,22.3,3.499999999999999
HOPV15,Sparse MFGP,52,22.4,3.499999999999999
HOPV15,Sparse MFGP,52,22.5,3.499999999999999
HOPV15,Sparse MFGP,52,23.5,3.499999999999999
HOPV15,Sparse MFGP,52,23.6,3.499999999999999
HOPV15,Sparse MFGP,52,23.7,3.499999999999999
HOPV15,Sparse MFGP,52,23.8,3.499999999999999
HOPV15,Sparse MFGP,52,23.9,3.499999999999999
HOPV15,Sparse MFGP,52,24.0,3.499999999999999
HOPV15,Sparse MFGP,52,24.1,3.499999999999999
HOPV15,Sparse MFGP,52,24.2,3.499999999999999
HOPV15,Sparse MFGP,52,24.3,3.499999999999999
HOPV15,Sparse MFGP,52,24.4,3.499999999999999
HOPV15,Sparse MFGP,52,24.5,3.499999999999999
HOPV15,Sparse MFGP,52,25.5,3.499999999999999
HOPV15,Sparse MFGP,52,25.6,3.499999999999999
HOPV15,Sparse MFGP,52,25.7,3.499999999999999
HOPV15,Sparse MFGP,52,25.8,3.499999999999999
HOPV15,Sparse MFGP,52,25.9,3.499999999999999
HOPV15,Sparse MFGP,52,26.0,3.499999999999999
HOPV15,Sparse MFGP,52,26.1,3.499999999999999
HOPV15,Sparse MFGP,52,26.2,3.499999999999999
HOPV15,Sparse MFGP,52,26.3,3.499999999999999
HOPV15,Sparse MFGP,52,26.4,3.499999999999999
HOPV15,Sparse MFGP,52,26.5,3.499999999999999
HOPV15,Sparse MFGP,52,27.5,3.499999999999999
HOPV15,Sparse MFGP,52,27.6,3.499999999999999
HOPV15,Sparse MFGP,52,27.7,3.499999999999999
HOPV15,Sparse MFGP,52,27.8,3.499999999999999
HOPV15,Sparse MFGP,52,27.9,3.499999999999999
HOPV15,Sparse MFGP,52,28.0,3.499999999999999
HOPV15,Sparse MFGP,52,28.1,3.499999999999999
HOPV15,Sparse MFGP,52,28.2,3.499999999999999
HOPV15,Sparse MFGP,52,28.3,3.499999999999999
HOPV15,Sparse MFGP,52,28.4,3.499999999999999
HOPV15,Sparse MFGP,52,28.5,3.499999999999999
HOPV15,Sparse MFGP,52,29.5,3.499999999999999
HOPV15,Sparse MFGP,52,29.6,3.499999999999999
HOPV15,Sparse MFGP,52,29.7,3.499999999999999
HOPV15,Sparse MFGP,52,29.8,3.499999999999999
HOPV15,Sparse MFGP,52,29.9,3.499999999999999
HOPV15,Sparse MFGP,53,3.5,6.329999999999999
HOPV15,Sparse MFGP,53,3.6,6.329999999999999
HOPV15,Sparse MFGP,53,3.7,6.329999999999999
HOPV15,Sparse MFGP,53,3.8,6.329999999999999
HOPV15,Sparse MFGP,53,3.9,6.329999999999999
HOPV15,Sparse MFGP,53,4.0,6.329999999999999
HOPV15,Sparse MFGP,53,4.1,6.329999999999999
HOPV15,Sparse MFGP,53,4.2,6.329999999999999
HOPV15,Sparse MFGP,53,4.3,6.329999999999999
HOPV15,Sparse MFGP,53,4.4,6.329999999999999
HOPV15,Sparse MFGP,53,4.5,6.329999999999999
HOPV15,Sparse MFGP,53,5.5,6.329999999999999
HOPV15,Sparse MFGP,53,5.6,6.329999999999999
HOPV15,Sparse MFGP,53,5.7,6.329999999999999
HOPV15,Sparse MFGP,53,5.8,6.329999999999999
HOPV15,Sparse MFGP,53,5.9,6.329999999999999
HOPV15,Sparse MFGP,53,6.0,6.329999999999999
HOPV15,Sparse MFGP,53,6.1,6.329999999999999
HOPV15,Sparse MFGP,53,6.2,6.329999999999999
HOPV15,Sparse MFGP,53,6.3,6.329999999999999
HOPV15,Sparse MFGP,53,6.4,6.329999999999999
HOPV15,Sparse MFGP,53,6.5,6.329999999999999
HOPV15,Sparse MFGP,53,7.5,6.329999999999999
HOPV15,Sparse MFGP,53,7.6,6.329999999999999
HOPV15,Sparse MFGP,53,7.7,6.329999999999999
HOPV15,Sparse MFGP,53,7.8,6.329999999999999
HOPV15,Sparse MFGP,53,7.9,6.329999999999999
HOPV15,Sparse MFGP,53,8.0,6.329999999999999
HOPV15,Sparse MFGP,53,8.1,6.329999999999999
HOPV15,Sparse MFGP,53,8.2,6.329999999999999
HOPV15,Sparse MFGP,53,8.3,6.329999999999999
HOPV15,Sparse MFGP,53,8.4,6.329999999999999
HOPV15,Sparse MFGP,53,8.5,6.329999999999999
HOPV15,Sparse MFGP,53,9.5,3.999999999999999
HOPV15,Sparse MFGP,53,9.6,3.999999999999999
HOPV15,Sparse MFGP,53,9.7,3.999999999999999
HOPV15,Sparse MFGP,53,9.8,3.999999999999999
HOPV15,Sparse MFGP,53,9.9,3.999999999999999
HOPV15,Sparse MFGP,53,10.0,3.999999999999999
HOPV15,Sparse MFGP,53,10.1,3.999999999999999
HOPV15,Sparse MFGP,53,10.2,3.999999999999999
HOPV15,Sparse MFGP,53,10.3,3.999999999999999
HOPV15,Sparse MFGP,53,10.4,3.999999999999999
HOPV15,Sparse MFGP,53,10.5,3.999999999999999
HOPV15,Sparse MFGP,53,11.5,3.999999999999999
HOPV15,Sparse MFGP,53,11.6,3.999999999999999
HOPV15,Sparse MFGP,53,11.7,3.999999999999999
HOPV15,Sparse MFGP,53,11.8,3.999999999999999
HOPV15,Sparse MFGP,53,11.9,3.999999999999999
HOPV15,Sparse MFGP,53,12.0,3.999999999999999
HOPV15,Sparse MFGP,53,12.1,3.999999999999999
HOPV15,Sparse MFGP,53,12.2,3.999999999999999
HOPV15,Sparse MFGP,53,12.3,3.999999999999999
HOPV15,Sparse MFGP,53,12.4,3.999999999999999
HOPV15,Sparse MFGP,53,12.5,3.999999999999999
HOPV15,Sparse MFGP,53,13.5,3.999999999999999
HOPV15,Sparse MFGP,53,13.6,3.999999999999999
HOPV15,Sparse MFGP,53,13.7,3.999999999999999
HOPV15,Sparse MFGP,53,13.8,3.999999999999999
HOPV15,Sparse MFGP,53,13.9,3.999999999999999
HOPV15,Sparse MFGP,53,14.0,3.999999999999999
HOPV15,Sparse MFGP,53,14.1,3.999999999999999
HOPV15,Sparse MFGP,53,14.2,3.999999999999999
HOPV15,Sparse MFGP,53,14.3,3.999999999999999
HOPV15,Sparse MFGP,53,14.4,3.999999999999999
HOPV15,Sparse MFGP,53,14.5,3.999999999999999
HOPV15,Sparse MFGP,53,15.5,3.999999999999999
HOPV15,Sparse MFGP,53,15.6,3.999999999999999
HOPV15,Sparse MFGP,53,15.7,3.999999999999999
HOPV15,Sparse MFGP,53,15.8,3.999999999999999
HOPV15,Sparse MFGP,53,15.9,3.999999999999999
HOPV15,Sparse MFGP,53,16.0,3.999999999999999
HOPV15,Sparse MFGP,53,16.1,3.999999999999999
HOPV15,Sparse MFGP,53,16.2,3.999999999999999
HOPV15,Sparse MFGP,53,16.3,3.999999999999999
HOPV15,Sparse MFGP,53,16.4,3.999999999999999
HOPV15,Sparse MFGP,53,16.5,3.999999999999999
HOPV15,Sparse MFGP,53,17.5,3.999999999999999
HOPV15,Sparse MFGP,53,17.6,3.999999999999999
HOPV15,Sparse MFGP,53,17.7,3.999999999999999
HOPV15,Sparse MFGP,53,17.8,3.999999999999999
HOPV15,Sparse MFGP,53,17.9,3.999999999999999
HOPV15,Sparse MFGP,53,18.0,3.999999999999999
HOPV15,Sparse MFGP,53,18.1,3.999999999999999
HOPV15,Sparse MFGP,53,18.2,3.999999999999999
HOPV15,Sparse MFGP,53,18.3,3.999999999999999
HOPV15,Sparse MFGP,53,18.4,3.999999999999999
HOPV15,Sparse MFGP,53,18.5,3.999999999999999
HOPV15,Sparse MFGP,53,19.5,3.999999999999999
HOPV15,Sparse MFGP,53,19.6,3.999999999999999
HOPV15,Sparse MFGP,53,19.7,3.999999999999999
HOPV15,Sparse MFGP,53,19.8,3.999999999999999
HOPV15,Sparse MFGP,53,19.9,3.999999999999999
HOPV15,Sparse MFGP,53,20.0,3.999999999999999
HOPV15,Sparse MFGP,53,20.1,3.999999999999999
HOPV15,Sparse MFGP,53,20.2,3.999999999999999
HOPV15,Sparse MFGP,53,20.3,3.999999999999999
HOPV15,Sparse MFGP,53,20.4,3.999999999999999
HOPV15,Sparse MFGP,53,20.5,3.999999999999999
HOPV15,Sparse MFGP,53,21.5,3.999999999999999
HOPV15,Sparse MFGP,53,21.6,3.999999999999999
HOPV15,Sparse MFGP,53,21.7,3.999999999999999
HOPV15,Sparse MFGP,53,21.8,3.999999999999999
HOPV15,Sparse MFGP,53,21.9,3.999999999999999
HOPV15,Sparse MFGP,53,22.0,3.999999999999999
HOPV15,Sparse MFGP,53,22.1,3.999999999999999
HOPV15,Sparse MFGP,53,22.2,3.999999999999999
HOPV15,Sparse MFGP,53,22.3,3.999999999999999
HOPV15,Sparse MFGP,53,22.4,3.999999999999999
HOPV15,Sparse MFGP,53,22.5,3.999999999999999
HOPV15,Sparse MFGP,53,23.5,3.999999999999999
HOPV15,Sparse MFGP,53,23.6,3.999999999999999
HOPV15,Sparse MFGP,53,23.7,3.999999999999999
HOPV15,Sparse MFGP,53,23.8,3.999999999999999
HOPV15,Sparse MFGP,53,23.9,3.999999999999999
HOPV15,Sparse MFGP,53,24.0,3.999999999999999
HOPV15,Sparse MFGP,53,24.1,3.999999999999999
HOPV15,Sparse MFGP,53,24.2,3.999999999999999
HOPV15,Sparse MFGP,53,24.3,3.999999999999999
HOPV15,Sparse MFGP,53,24.4,3.999999999999999
HOPV15,Sparse MFGP,53,24.5,3.999999999999999
HOPV15,Sparse MFGP,53,25.5,3.999999999999999
HOPV15,Sparse MFGP,53,25.6,3.999999999999999
HOPV15,Sparse MFGP,53,25.7,3.999999999999999
HOPV15,Sparse MFGP,53,25.8,3.999999999999999
HOPV15,Sparse MFGP,53,25.9,3.999999999999999
HOPV15,Sparse MFGP,53,26.0,3.999999999999999
HOPV15,Sparse MFGP,53,26.1,3.999999999999999
HOPV15,Sparse MFGP,53,26.2,3.999999999999999
HOPV15,Sparse MFGP,53,26.3,3.999999999999999
HOPV15,Sparse MFGP,53,26.4,3.999999999999999
HOPV15,Sparse MFGP,53,26.5,3.999999999999999
HOPV15,Sparse MFGP,53,27.5,3.999999999999999
HOPV15,Sparse MFGP,53,27.6,3.999999999999999
HOPV15,Sparse MFGP,53,27.7,3.999999999999999
HOPV15,Sparse MFGP,53,27.8,3.999999999999999
HOPV15,Sparse MFGP,53,27.9,3.999999999999999
HOPV15,Sparse MFGP,53,28.0,3.999999999999999
HOPV15,Sparse MFGP,53,28.1,3.999999999999999
HOPV15,Sparse MFGP,53,28.2,3.999999999999999
HOPV15,Sparse MFGP,53,28.3,3.999999999999999
HOPV15,Sparse MFGP,53,28.4,3.999999999999999
HOPV15,Sparse MFGP,53,28.5,3.999999999999999
HOPV15,Sparse MFGP,53,29.5,0.0
HOPV15,Sparse MFGP,53,29.6,0.0
HOPV15,Sparse MFGP,53,29.7,0.0
HOPV15,Sparse MFGP,53,29.8,0.0
HOPV15,Sparse MFGP,53,29.9,0.0
HOPV15,Sparse MFGP,54,3.5,6.85
HOPV15,Sparse MFGP,54,3.6,6.85
HOPV15,Sparse MFGP,54,3.7,6.85
HOPV15,Sparse MFGP,54,3.8,6.85
HOPV15,Sparse MFGP,54,3.9,6.85
HOPV15,Sparse MFGP,54,4.0,6.85
HOPV15,Sparse MFGP,54,4.1,6.85
HOPV15,Sparse MFGP,54,4.2,6.85
HOPV15,Sparse MFGP,54,4.3,6.85
HOPV15,Sparse MFGP,54,4.4,6.85
HOPV15,Sparse MFGP,54,4.5,6.85
HOPV15,Sparse MFGP,54,5.5,6.85
HOPV15,Sparse MFGP,54,5.6,6.85
HOPV15,Sparse MFGP,54,5.7,6.85
HOPV15,Sparse MFGP,54,5.8,6.85
HOPV15,Sparse MFGP,54,5.9,6.85
HOPV15,Sparse MFGP,54,6.0,6.85
HOPV15,Sparse MFGP,54,6.1,6.85
HOPV15,Sparse MFGP,54,6.2,6.85
HOPV15,Sparse MFGP,54,6.3,6.85
HOPV15,Sparse MFGP,54,6.4,6.85
HOPV15,Sparse MFGP,54,6.5,6.85
HOPV15,Sparse MFGP,54,7.5,6.85
HOPV15,Sparse MFGP,54,7.6,6.85
HOPV15,Sparse MFGP,54,7.7,6.85
HOPV15,Sparse MFGP,54,7.8,6.85
HOPV15,Sparse MFGP,54,7.9,6.85
HOPV15,Sparse MFGP,54,8.0,6.85
HOPV15,Sparse MFGP,54,8.1,6.85
HOPV15,Sparse MFGP,54,8.2,6.85
HOPV15,Sparse MFGP,54,8.3,6.85
HOPV15,Sparse MFGP,54,8.4,6.85
HOPV15,Sparse MFGP,54,8.5,6.85
HOPV15,Sparse MFGP,54,9.5,6.85
HOPV15,Sparse MFGP,54,9.6,6.85
HOPV15,Sparse MFGP,54,9.7,6.85
HOPV15,Sparse MFGP,54,9.8,6.85
HOPV15,Sparse MFGP,54,9.9,6.85
HOPV15,Sparse MFGP,54,10.0,6.85
HOPV15,Sparse MFGP,54,10.1,6.85
HOPV15,Sparse MFGP,54,10.2,6.85
HOPV15,Sparse MFGP,54,10.3,6.85
HOPV15,Sparse MFGP,54,10.4,6.85
HOPV15,Sparse MFGP,54,10.5,6.85
HOPV15,Sparse MFGP,54,11.5,6.199999999999999
HOPV15,Sparse MFGP,54,11.6,6.199999999999999
HOPV15,Sparse MFGP,54,11.7,6.199999999999999
HOPV15,Sparse MFGP,54,11.8,6.199999999999999
HOPV15,Sparse MFGP,54,11.9,6.199999999999999
HOPV15,Sparse MFGP,54,12.0,6.199999999999999
HOPV15,Sparse MFGP,54,12.1,6.199999999999999
HOPV15,Sparse MFGP,54,12.2,6.199999999999999
HOPV15,Sparse MFGP,54,12.3,6.199999999999999
HOPV15,Sparse MFGP,54,12.4,6.199999999999999
HOPV15,Sparse MFGP,54,12.5,6.199999999999999
HOPV15,Sparse MFGP,54,13.5,5.1
HOPV15,Sparse MFGP,54,13.6,5.1
HOPV15,Sparse MFGP,54,13.7,5.1
HOPV15,Sparse MFGP,54,13.8,5.1
HOPV15,Sparse MFGP,54,13.9,5.1
HOPV15,Sparse MFGP,54,14.0,5.1
HOPV15,Sparse MFGP,54,14.1,5.1
HOPV15,Sparse MFGP,54,14.2,5.1
HOPV15,Sparse MFGP,54,14.3,5.1
HOPV15,Sparse MFGP,54,14.4,5.1
HOPV15,Sparse MFGP,54,14.5,5.1
HOPV15,Sparse MFGP,54,15.5,5.1
HOPV15,Sparse MFGP,54,15.6,5.1
HOPV15,Sparse MFGP,54,15.7,5.1
HOPV15,Sparse MFGP,54,15.8,5.1
HOPV15,Sparse MFGP,54,15.9,5.1
HOPV15,Sparse MFGP,54,16.0,5.1
HOPV15,Sparse MFGP,54,16.1,5.1
HOPV15,Sparse MFGP,54,16.2,5.1
HOPV15,Sparse MFGP,54,16.3,5.1
HOPV15,Sparse MFGP,54,16.4,5.1
HOPV15,Sparse MFGP,54,16.5,5.1
HOPV15,Sparse MFGP,54,17.5,5.1
HOPV15,Sparse MFGP,54,17.6,5.1
HOPV15,Sparse MFGP,54,17.7,5.1
HOPV15,Sparse MFGP,54,17.8,5.1
HOPV15,Sparse MFGP,54,17.9,5.1
HOPV15,Sparse MFGP,54,18.0,5.1
HOPV15,Sparse MFGP,54,18.1,5.1
HOPV15,Sparse MFGP,54,18.2,5.1
HOPV15,Sparse MFGP,54,18.3,5.1
HOPV15,Sparse MFGP,54,18.4,5.1
HOPV15,Sparse MFGP,54,18.5,5.1
HOPV15,Sparse MFGP,54,19.5,5.1
HOPV15,Sparse MFGP,54,19.6,5.1
HOPV15,Sparse MFGP,54,19.7,5.1
HOPV15,Sparse MFGP,54,19.8,5.1
HOPV15,Sparse MFGP,54,19.9,5.1
HOPV15,Sparse MFGP,54,20.0,5.1
HOPV15,Sparse MFGP,54,20.1,5.1
HOPV15,Sparse MFGP,54,20.2,5.1
HOPV15,Sparse MFGP,54,20.3,5.1
HOPV15,Sparse MFGP,54,20.4,5.1
HOPV15,Sparse MFGP,54,20.5,5.1
HOPV15,Sparse MFGP,54,21.5,4.799999999999999
HOPV15,Sparse MFGP,54,21.6,4.799999999999999
HOPV15,Sparse MFGP,54,21.7,4.799999999999999
HOPV15,Sparse MFGP,54,21.8,4.799999999999999
HOPV15,Sparse MFGP,54,21.9,4.799999999999999
HOPV15,Sparse MFGP,54,22.0,4.799999999999999
HOPV15,Sparse MFGP,54,22.1,4.799999999999999
HOPV15,Sparse MFGP,54,22.2,4.799999999999999
HOPV15,Sparse MFGP,54,22.3,4.799999999999999
HOPV15,Sparse MFGP,54,22.4,4.799999999999999
HOPV15,Sparse MFGP,54,22.5,4.799999999999999
HOPV15,Sparse MFGP,54,23.5,4.799999999999999
HOPV15,Sparse MFGP,54,23.6,4.799999999999999
HOPV15,Sparse MFGP,54,23.7,4.799999999999999
HOPV15,Sparse MFGP,54,23.8,4.799999999999999
HOPV15,Sparse MFGP,54,23.9,4.799999999999999
HOPV15,Sparse MFGP,54,24.0,4.799999999999999
HOPV15,Sparse MFGP,54,24.1,4.799999999999999
HOPV15,Sparse MFGP,54,24.2,4.799999999999999
HOPV15,Sparse MFGP,54,24.3,4.799999999999999
HOPV15,Sparse MFGP,54,24.4,4.799999999999999
HOPV15,Sparse MFGP,54,24.5,4.799999999999999
HOPV15,Sparse MFGP,54,25.5,4.6
HOPV15,Sparse MFGP,54,25.6,4.6
HOPV15,Sparse MFGP,54,25.7,4.6
HOPV15,Sparse MFGP,54,25.8,4.6
HOPV15,Sparse MFGP,54,25.9,4.6
HOPV15,Sparse MFGP,54,26.0,4.6
HOPV15,Sparse MFGP,54,26.1,4.6
HOPV15,Sparse MFGP,54,26.2,4.6
HOPV15,Sparse MFGP,54,26.3,4.6
HOPV15,Sparse MFGP,54,26.4,4.6
HOPV15,Sparse MFGP,54,26.5,4.6
HOPV15,Sparse MFGP,54,27.5,4.6
HOPV15,Sparse MFGP,54,27.6,4.6
HOPV15,Sparse MFGP,54,27.7,4.6
HOPV15,Sparse MFGP,54,27.8,4.6
HOPV15,Sparse MFGP,54,27.9,4.6
HOPV15,Sparse MFGP,54,28.0,4.6
HOPV15,Sparse MFGP,54,28.1,4.6
HOPV15,Sparse MFGP,54,28.2,4.6
HOPV15,Sparse MFGP,54,28.3,4.6
HOPV15,Sparse MFGP,54,28.4,4.6
HOPV15,Sparse MFGP,54,28.5,4.6
HOPV15,Sparse MFGP,54,29.5,4.6
HOPV15,Sparse MFGP,54,29.6,4.6
HOPV15,Sparse MFGP,54,29.7,4.6
HOPV15,Sparse MFGP,54,29.8,4.6
HOPV15,Sparse MFGP,54,29.9,4.6
HOPV15,Sparse MFGP,55,3.5,6.85
HOPV15,Sparse MFGP,55,3.6,6.85
HOPV15,Sparse MFGP,55,3.7,6.85
HOPV15,Sparse MFGP,55,3.8,6.85
HOPV15,Sparse MFGP,55,3.9,6.85
HOPV15,Sparse MFGP,55,4.0,6.85
HOPV15,Sparse MFGP,55,4.1,6.85
HOPV15,Sparse MFGP,55,4.2,6.85
HOPV15,Sparse MFGP,55,4.3,6.85
HOPV15,Sparse MFGP,55,4.4,6.85
HOPV15,Sparse MFGP,55,4.5,6.85
HOPV15,Sparse MFGP,55,5.5,6.85
HOPV15,Sparse MFGP,55,5.6,6.85
HOPV15,Sparse MFGP,55,5.7,6.85
HOPV15,Sparse MFGP,55,5.8,6.85
HOPV15,Sparse MFGP,55,5.9,6.85
HOPV15,Sparse MFGP,55,6.0,6.85
HOPV15,Sparse MFGP,55,6.1,6.85
HOPV15,Sparse MFGP,55,6.2,6.85
HOPV15,Sparse MFGP,55,6.3,6.85
HOPV15,Sparse MFGP,55,6.4,6.85
HOPV15,Sparse MFGP,55,6.5,6.85
HOPV15,Sparse MFGP,55,7.5,3.8999999999999995
HOPV15,Sparse MFGP,55,7.6,3.8999999999999995
HOPV15,Sparse MFGP,55,7.7,3.8999999999999995
HOPV15,Sparse MFGP,55,7.8,3.8999999999999995
HOPV15,Sparse MFGP,55,7.9,3.8999999999999995
HOPV15,Sparse MFGP,55,8.0,3.8999999999999995
HOPV15,Sparse MFGP,55,8.1,3.8999999999999995
HOPV15,Sparse MFGP,55,8.2,3.8999999999999995
HOPV15,Sparse MFGP,55,8.3,3.8999999999999995
HOPV15,Sparse MFGP,55,8.4,3.8999999999999995
HOPV15,Sparse MFGP,55,8.5,3.8999999999999995
HOPV15,Sparse MFGP,55,9.5,3.8999999999999995
HOPV15,Sparse MFGP,55,9.6,3.8999999999999995
HOPV15,Sparse MFGP,55,9.7,3.8999999999999995
HOPV15,Sparse MFGP,55,9.8,3.8999999999999995
HOPV15,Sparse MFGP,55,9.9,3.8999999999999995
HOPV15,Sparse MFGP,55,10.0,3.8999999999999995
HOPV15,Sparse MFGP,55,10.1,3.8999999999999995
HOPV15,Sparse MFGP,55,10.2,3.8999999999999995
HOPV15,Sparse MFGP,55,10.3,3.8999999999999995
HOPV15,Sparse MFGP,55,10.4,3.8999999999999995
HOPV15,Sparse MFGP,55,10.5,3.8999999999999995
HOPV15,Sparse MFGP,55,11.5,3.8999999999999995
HOPV15,Sparse MFGP,55,11.6,3.8999999999999995
HOPV15,Sparse MFGP,55,11.7,3.8999999999999995
HOPV15,Sparse MFGP,55,11.8,3.8999999999999995
HOPV15,Sparse MFGP,55,11.9,3.8999999999999995
HOPV15,Sparse MFGP,55,12.0,3.8999999999999995
HOPV15,Sparse MFGP,55,12.1,3.8999999999999995
HOPV15,Sparse MFGP,55,12.2,3.8999999999999995
HOPV15,Sparse MFGP,55,12.3,3.8999999999999995
HOPV15,Sparse MFGP,55,12.4,3.8999999999999995
HOPV15,Sparse MFGP,55,12.5,3.8999999999999995
HOPV15,Sparse MFGP,55,13.5,3.8999999999999995
HOPV15,Sparse MFGP,55,13.6,3.8999999999999995
HOPV15,Sparse MFGP,55,13.7,3.8999999999999995
HOPV15,Sparse MFGP,55,13.8,3.8999999999999995
HOPV15,Sparse MFGP,55,13.9,3.8999999999999995
HOPV15,Sparse MFGP,55,14.0,3.8999999999999995
HOPV15,Sparse MFGP,55,14.1,3.8999999999999995
HOPV15,Sparse MFGP,55,14.2,3.8999999999999995
HOPV15,Sparse MFGP,55,14.3,3.8999999999999995
HOPV15,Sparse MFGP,55,14.4,3.8999999999999995
HOPV15,Sparse MFGP,55,14.5,3.8999999999999995
HOPV15,Sparse MFGP,55,15.5,3.8999999999999995
HOPV15,Sparse MFGP,55,15.6,3.8999999999999995
HOPV15,Sparse MFGP,55,15.7,3.8999999999999995
HOPV15,Sparse MFGP,55,15.8,3.8999999999999995
HOPV15,Sparse MFGP,55,15.9,3.8999999999999995
HOPV15,Sparse MFGP,55,16.0,3.8999999999999995
HOPV15,Sparse MFGP,55,16.1,3.8999999999999995
HOPV15,Sparse MFGP,55,16.2,3.8999999999999995
HOPV15,Sparse MFGP,55,16.3,3.8999999999999995
HOPV15,Sparse MFGP,55,16.4,3.8999999999999995
HOPV15,Sparse MFGP,55,16.5,3.8999999999999995
HOPV15,Sparse MFGP,55,17.5,3.8999999999999995
HOPV15,Sparse MFGP,55,17.6,3.8999999999999995
HOPV15,Sparse MFGP,55,17.7,3.8999999999999995
HOPV15,Sparse MFGP,55,17.8,3.8999999999999995
HOPV15,Sparse MFGP,55,17.9,3.8999999999999995
HOPV15,Sparse MFGP,55,18.0,3.8999999999999995
HOPV15,Sparse MFGP,55,18.1,3.8999999999999995
HOPV15,Sparse MFGP,55,18.2,3.8999999999999995
HOPV15,Sparse MFGP,55,18.3,3.8999999999999995
HOPV15,Sparse MFGP,55,18.4,3.8999999999999995
HOPV15,Sparse MFGP,55,18.5,3.8999999999999995
HOPV15,Sparse MFGP,55,19.5,3.8999999999999995
HOPV15,Sparse MFGP,55,19.6,3.8999999999999995
HOPV15,Sparse MFGP,55,19.7,3.8999999999999995
HOPV15,Sparse MFGP,55,19.8,3.8999999999999995
HOPV15,Sparse MFGP,55,19.9,3.8999999999999995
HOPV15,Sparse MFGP,55,20.0,3.8999999999999995
HOPV15,Sparse MFGP,55,20.1,3.8999999999999995
HOPV15,Sparse MFGP,55,20.2,3.8999999999999995
HOPV15,Sparse MFGP,55,20.3,3.8999999999999995
HOPV15,Sparse MFGP,55,20.4,3.8999999999999995
HOPV15,Sparse MFGP,55,20.5,3.8999999999999995
HOPV15,Sparse MFGP,55,21.5,3.8999999999999995
HOPV15,Sparse MFGP,55,21.6,3.8999999999999995
HOPV15,Sparse MFGP,55,21.7,3.8999999999999995
HOPV15,Sparse MFGP,55,21.8,3.8999999999999995
HOPV15,Sparse MFGP,55,21.9,3.8999999999999995
HOPV15,Sparse MFGP,55,22.0,3.8999999999999995
HOPV15,Sparse MFGP,55,22.1,3.8999999999999995
HOPV15,Sparse MFGP,55,22.2,3.8999999999999995
HOPV15,Sparse MFGP,55,22.3,3.8999999999999995
HOPV15,Sparse MFGP,55,22.4,3.8999999999999995
HOPV15,Sparse MFGP,55,22.5,3.8999999999999995
HOPV15,Sparse MFGP,55,23.5,3.8999999999999995
HOPV15,Sparse MFGP,55,23.6,3.8999999999999995
HOPV15,Sparse MFGP,55,23.7,3.8999999999999995
HOPV15,Sparse MFGP,55,23.8,3.8999999999999995
HOPV15,Sparse MFGP,55,23.9,3.8999999999999995
HOPV15,Sparse MFGP,55,24.0,3.8999999999999995
HOPV15,Sparse MFGP,55,24.1,3.8999999999999995
HOPV15,Sparse MFGP,55,24.2,3.8999999999999995
HOPV15,Sparse MFGP,55,24.3,3.8999999999999995
HOPV15,Sparse MFGP,55,24.4,3.8999999999999995
HOPV15,Sparse MFGP,55,24.5,3.8999999999999995
HOPV15,Sparse MFGP,55,25.5,0.0
HOPV15,Sparse MFGP,55,25.6,0.0
HOPV15,Sparse MFGP,55,25.7,0.0
HOPV15,Sparse MFGP,55,25.8,0.0
HOPV15,Sparse MFGP,55,25.9,0.0
HOPV15,Sparse MFGP,55,26.0,0.0
HOPV15,Sparse MFGP,55,26.1,0.0
HOPV15,Sparse MFGP,55,26.2,0.0
HOPV15,Sparse MFGP,55,26.3,0.0
HOPV15,Sparse MFGP,55,26.4,0.0
HOPV15,Sparse MFGP,55,26.5,0.0
HOPV15,Sparse MFGP,55,27.5,0.0
HOPV15,Sparse MFGP,55,27.6,0.0
HOPV15,Sparse MFGP,55,27.7,0.0
HOPV15,Sparse MFGP,55,27.8,0.0
HOPV15,Sparse MFGP,55,27.9,0.0
HOPV15,Sparse MFGP,55,28.0,0.0
HOPV15,Sparse MFGP,55,28.1,0.0
HOPV15,Sparse MFGP,55,28.2,0.0
HOPV15,Sparse MFGP,55,28.3,0.0
HOPV15,Sparse MFGP,55,28.4,0.0
HOPV15,Sparse MFGP,55,28.5,0.0
HOPV15,Sparse MFGP,55,29.5,0.0
HOPV15,Sparse MFGP,55,29.6,0.0
HOPV15,Sparse MFGP,55,29.7,0.0
HOPV15,Sparse MFGP,55,29.8,0.0
HOPV15,Sparse MFGP,55,29.9,0.0
HOPV15,Sparse MFGP,56,3.5,6.14
HOPV15,Sparse MFGP,56,3.6,6.14
HOPV15,Sparse MFGP,56,3.7,6.14
HOPV15,Sparse MFGP,56,3.8,6.14
HOPV15,Sparse MFGP,56,3.9,6.14
HOPV15,Sparse MFGP,56,4.0,6.14
HOPV15,Sparse MFGP,56,4.1,6.14
HOPV15,Sparse MFGP,56,4.2,6.14
HOPV15,Sparse MFGP,56,4.3,6.14
HOPV15,Sparse MFGP,56,4.4,6.14
HOPV15,Sparse MFGP,56,4.5,6.14
HOPV15,Sparse MFGP,56,5.5,3.999999999999999
HOPV15,Sparse MFGP,56,5.6,3.999999999999999
HOPV15,Sparse MFGP,56,5.7,3.999999999999999
HOPV15,Sparse MFGP,56,5.8,3.999999999999999
HOPV15,Sparse MFGP,56,5.9,3.999999999999999
HOPV15,Sparse MFGP,56,6.0,3.999999999999999
HOPV15,Sparse MFGP,56,6.1,3.999999999999999
HOPV15,Sparse MFGP,56,6.2,3.999999999999999
HOPV15,Sparse MFGP,56,6.3,3.999999999999999
HOPV15,Sparse MFGP,56,6.4,3.999999999999999
HOPV15,Sparse MFGP,56,6.5,3.999999999999999
HOPV15,Sparse MFGP,56,7.5,3.999999999999999
HOPV15,Sparse MFGP,56,7.6,3.999999999999999
HOPV15,Sparse MFGP,56,7.7,3.999999999999999
HOPV15,Sparse MFGP,56,7.8,3.999999999999999
HOPV15,Sparse MFGP,56,7.9,3.999999999999999
HOPV15,Sparse MFGP,56,8.0,3.999999999999999
HOPV15,Sparse MFGP,56,8.1,3.999999999999999
HOPV15,Sparse MFGP,56,8.2,3.999999999999999
HOPV15,Sparse MFGP,56,8.3,3.999999999999999
HOPV15,Sparse MFGP,56,8.4,3.999999999999999
HOPV15,Sparse MFGP,56,8.5,3.999999999999999
HOPV15,Sparse MFGP,56,9.5,3.999999999999999
HOPV15,Sparse MFGP,56,9.6,3.999999999999999
HOPV15,Sparse MFGP,56,9.7,3.999999999999999
HOPV15,Sparse MFGP,56,9.8,3.999999999999999
HOPV15,Sparse MFGP,56,9.9,3.999999999999999
HOPV15,Sparse MFGP,56,10.0,3.999999999999999
HOPV15,Sparse MFGP,56,10.1,3.999999999999999
HOPV15,Sparse MFGP,56,10.2,3.999999999999999
HOPV15,Sparse MFGP,56,10.3,3.999999999999999
HOPV15,Sparse MFGP,56,10.4,3.999999999999999
HOPV15,Sparse MFGP,56,10.5,3.999999999999999
HOPV15,Sparse MFGP,56,11.5,3.5999999999999996
HOPV15,Sparse MFGP,56,11.6,3.5999999999999996
HOPV15,Sparse MFGP,56,11.7,3.5999999999999996
HOPV15,Sparse MFGP,56,11.8,3.5999999999999996
HOPV15,Sparse MFGP,56,11.9,3.5999999999999996
HOPV15,Sparse MFGP,56,12.0,3.5999999999999996
HOPV15,Sparse MFGP,56,12.1,3.5999999999999996
HOPV15,Sparse MFGP,56,12.2,3.5999999999999996
HOPV15,Sparse MFGP,56,12.3,3.5999999999999996
HOPV15,Sparse MFGP,56,12.4,3.5999999999999996
HOPV15,Sparse MFGP,56,12.5,3.5999999999999996
HOPV15,Sparse MFGP,56,13.5,3.5999999999999996
HOPV15,Sparse MFGP,56,13.6,3.5999999999999996
HOPV15,Sparse MFGP,56,13.7,3.5999999999999996
HOPV15,Sparse MFGP,56,13.8,3.5999999999999996
HOPV15,Sparse MFGP,56,13.9,3.5999999999999996
HOPV15,Sparse MFGP,56,14.0,3.5999999999999996
HOPV15,Sparse MFGP,56,14.1,3.5999999999999996
HOPV15,Sparse MFGP,56,14.2,3.5999999999999996
HOPV15,Sparse MFGP,56,14.3,3.5999999999999996
HOPV15,Sparse MFGP,56,14.4,3.5999999999999996
HOPV15,Sparse MFGP,56,14.5,3.5999999999999996
HOPV15,Sparse MFGP,56,15.5,3.5999999999999996
HOPV15,Sparse MFGP,56,15.6,3.5999999999999996
HOPV15,Sparse MFGP,56,15.7,3.5999999999999996
HOPV15,Sparse MFGP,56,15.8,3.5999999999999996
HOPV15,Sparse MFGP,56,15.9,3.5999999999999996
HOPV15,Sparse MFGP,56,16.0,3.5999999999999996
HOPV15,Sparse MFGP,56,16.1,3.5999999999999996
HOPV15,Sparse MFGP,56,16.2,3.5999999999999996
HOPV15,Sparse MFGP,56,16.3,3.5999999999999996
HOPV15,Sparse MFGP,56,16.4,3.5999999999999996
HOPV15,Sparse MFGP,56,16.5,3.5999999999999996
HOPV15,Sparse MFGP,56,17.5,3.5999999999999996
HOPV15,Sparse MFGP,56,17.6,3.5999999999999996
HOPV15,Sparse MFGP,56,17.7,3.5999999999999996
HOPV15,Sparse MFGP,56,17.8,3.5999999999999996
HOPV15,Sparse MFGP,56,17.9,3.5999999999999996
HOPV15,Sparse MFGP,56,18.0,3.5999999999999996
HOPV15,Sparse MFGP,56,18.1,3.5999999999999996
HOPV15,Sparse MFGP,56,18.2,3.5999999999999996
HOPV15,Sparse MFGP,56,18.3,3.5999999999999996
HOPV15,Sparse MFGP,56,18.4,3.5999999999999996
HOPV15,Sparse MFGP,56,18.5,3.5999999999999996
HOPV15,Sparse MFGP,56,19.5,3.5999999999999996
HOPV15,Sparse MFGP,56,19.6,3.5999999999999996
HOPV15,Sparse MFGP,56,19.7,3.5999999999999996
HOPV15,Sparse MFGP,56,19.8,3.5999999999999996
HOPV15,Sparse MFGP,56,19.9,3.5999999999999996
HOPV15,Sparse MFGP,56,20.0,3.5999999999999996
HOPV15,Sparse MFGP,56,20.1,3.5999999999999996
HOPV15,Sparse MFGP,56,20.2,3.5999999999999996
HOPV15,Sparse MFGP,56,20.3,3.5999999999999996
HOPV15,Sparse MFGP,56,20.4,3.5999999999999996
HOPV15,Sparse MFGP,56,20.5,3.5999999999999996
HOPV15,Sparse MFGP,56,21.5,3.5999999999999996
HOPV15,Sparse MFGP,56,21.6,3.5999999999999996
HOPV15,Sparse MFGP,56,21.7,3.5999999999999996
HOPV15,Sparse MFGP,56,21.8,3.5999999999999996
HOPV15,Sparse MFGP,56,21.9,3.5999999999999996
HOPV15,Sparse MFGP,56,22.0,3.5999999999999996
HOPV15,Sparse MFGP,56,22.1,3.5999999999999996
HOPV15,Sparse MFGP,56,22.2,3.5999999999999996
HOPV15,Sparse MFGP,56,22.3,3.5999999999999996
HOPV15,Sparse MFGP,56,22.4,3.5999999999999996
HOPV15,Sparse MFGP,56,22.5,3.5999999999999996
HOPV15,Sparse MFGP,56,23.5,3.5999999999999996
HOPV15,Sparse MFGP,56,23.6,3.5999999999999996
HOPV15,Sparse MFGP,56,23.7,3.5999999999999996
HOPV15,Sparse MFGP,56,23.8,3.5999999999999996
HOPV15,Sparse MFGP,56,23.9,3.5999999999999996
HOPV15,Sparse MFGP,56,24.0,3.5999999999999996
HOPV15,Sparse MFGP,56,24.1,3.5999999999999996
HOPV15,Sparse MFGP,56,24.2,3.5999999999999996
HOPV15,Sparse MFGP,56,24.3,3.5999999999999996
HOPV15,Sparse MFGP,56,24.4,3.5999999999999996
HOPV15,Sparse MFGP,56,24.5,3.5999999999999996
HOPV15,Sparse MFGP,56,25.5,3.5999999999999996
HOPV15,Sparse MFGP,56,25.6,3.5999999999999996
HOPV15,Sparse MFGP,56,25.7,3.5999999999999996
HOPV15,Sparse MFGP,56,25.8,3.5999999999999996
HOPV15,Sparse MFGP,56,25.9,3.5999999999999996
HOPV15,Sparse MFGP,56,26.0,3.5999999999999996
HOPV15,Sparse MFGP,56,26.1,3.5999999999999996
HOPV15,Sparse MFGP,56,26.2,3.5999999999999996
HOPV15,Sparse MFGP,56,26.3,3.5999999999999996
HOPV15,Sparse MFGP,56,26.4,3.5999999999999996
HOPV15,Sparse MFGP,56,26.5,3.5999999999999996
HOPV15,Sparse MFGP,56,27.5,3.5999999999999996
HOPV15,Sparse MFGP,56,27.6,3.5999999999999996
HOPV15,Sparse MFGP,56,27.7,3.5999999999999996
HOPV15,Sparse MFGP,56,27.8,3.5999999999999996
HOPV15,Sparse MFGP,56,27.9,3.5999999999999996
HOPV15,Sparse MFGP,56,28.0,3.5999999999999996
HOPV15,Sparse MFGP,56,28.1,3.5999999999999996
HOPV15,Sparse MFGP,56,28.2,3.5999999999999996
HOPV15,Sparse MFGP,56,28.3,3.5999999999999996
HOPV15,Sparse MFGP,56,28.4,3.5999999999999996
HOPV15,Sparse MFGP,56,28.5,3.5999999999999996
HOPV15,Sparse MFGP,56,29.5,3.5999999999999996
HOPV15,Sparse MFGP,56,29.6,3.5999999999999996
HOPV15,Sparse MFGP,56,29.7,3.5999999999999996
HOPV15,Sparse MFGP,56,29.8,3.5999999999999996
HOPV15,Sparse MFGP,56,29.9,3.5999999999999996
HOPV15,Sparse MFGP,57,3.5,6.85
HOPV15,Sparse MFGP,57,3.6,6.85
HOPV15,Sparse MFGP,57,3.7,6.85
HOPV15,Sparse MFGP,57,3.8,6.85
HOPV15,Sparse MFGP,57,3.9,6.85
HOPV15,Sparse MFGP,57,4.0,6.85
HOPV15,Sparse MFGP,57,4.1,6.85
HOPV15,Sparse MFGP,57,4.2,6.85
HOPV15,Sparse MFGP,57,4.3,6.85
HOPV15,Sparse MFGP,57,4.4,6.85
HOPV15,Sparse MFGP,57,4.5,6.85
HOPV15,Sparse MFGP,57,5.5,6.299999999999999
HOPV15,Sparse MFGP,57,5.6,6.299999999999999
HOPV15,Sparse MFGP,57,5.7,6.299999999999999
HOPV15,Sparse MFGP,57,5.8,6.299999999999999
HOPV15,Sparse MFGP,57,5.9,6.299999999999999
HOPV15,Sparse MFGP,57,6.0,6.299999999999999
HOPV15,Sparse MFGP,57,6.1,6.299999999999999
HOPV15,Sparse MFGP,57,6.2,6.299999999999999
HOPV15,Sparse MFGP,57,6.3,6.299999999999999
HOPV15,Sparse MFGP,57,6.4,6.299999999999999
HOPV15,Sparse MFGP,57,6.5,6.299999999999999
HOPV15,Sparse MFGP,57,7.5,6.299999999999999
HOPV15,Sparse MFGP,57,7.6,6.299999999999999
HOPV15,Sparse MFGP,57,7.7,6.299999999999999
HOPV15,Sparse MFGP,57,7.8,6.299999999999999
HOPV15,Sparse MFGP,57,7.9,6.299999999999999
HOPV15,Sparse MFGP,57,8.0,6.299999999999999
HOPV15,Sparse MFGP,57,8.1,6.299999999999999
HOPV15,Sparse MFGP,57,8.2,6.299999999999999
HOPV15,Sparse MFGP,57,8.3,6.299999999999999
HOPV15,Sparse MFGP,57,8.4,6.299999999999999
HOPV15,Sparse MFGP,57,8.5,6.299999999999999
HOPV15,Sparse MFGP,57,9.5,6.26
HOPV15,Sparse MFGP,57,9.6,6.26
HOPV15,Sparse MFGP,57,9.7,6.26
HOPV15,Sparse MFGP,57,9.8,6.26
HOPV15,Sparse MFGP,57,9.9,6.26
HOPV15,Sparse MFGP,57,10.0,6.26
HOPV15,Sparse MFGP,57,10.1,6.26
HOPV15,Sparse MFGP,57,10.2,6.26
HOPV15,Sparse MFGP,57,10.3,6.26
HOPV15,Sparse MFGP,57,10.4,6.26
HOPV15,Sparse MFGP,57,10.5,6.26
HOPV15,Sparse MFGP,57,11.5,3.999999999999999
HOPV15,Sparse MFGP,57,11.6,3.999999999999999
HOPV15,Sparse MFGP,57,11.7,3.999999999999999
HOPV15,Sparse MFGP,57,11.8,3.999999999999999
HOPV15,Sparse MFGP,57,11.9,3.999999999999999
HOPV15,Sparse MFGP,57,12.0,3.999999999999999
HOPV15,Sparse MFGP,57,12.1,3.999999999999999
HOPV15,Sparse MFGP,57,12.2,3.999999999999999
HOPV15,Sparse MFGP,57,12.3,3.999999999999999
HOPV15,Sparse MFGP,57,12.4,3.999999999999999
HOPV15,Sparse MFGP,57,12.5,3.999999999999999
HOPV15,Sparse MFGP,57,13.5,3.8999999999999995
HOPV15,Sparse MFGP,57,13.6,3.8999999999999995
HOPV15,Sparse MFGP,57,13.7,3.8999999999999995
HOPV15,Sparse MFGP,57,13.8,3.8999999999999995
HOPV15,Sparse MFGP,57,13.9,3.8999999999999995
HOPV15,Sparse MFGP,57,14.0,3.8999999999999995
HOPV15,Sparse MFGP,57,14.1,3.8999999999999995
HOPV15,Sparse MFGP,57,14.2,3.8999999999999995
HOPV15,Sparse MFGP,57,14.3,3.8999999999999995
HOPV15,Sparse MFGP,57,14.4,3.8999999999999995
HOPV15,Sparse MFGP,57,14.5,3.8999999999999995
HOPV15,Sparse MFGP,57,15.5,3.8999999999999995
HOPV15,Sparse MFGP,57,15.6,3.8999999999999995
HOPV15,Sparse MFGP,57,15.7,3.8999999999999995
HOPV15,Sparse MFGP,57,15.8,3.8999999999999995
HOPV15,Sparse MFGP,57,15.9,3.8999999999999995
HOPV15,Sparse MFGP,57,16.0,3.8999999999999995
HOPV15,Sparse MFGP,57,16.1,3.8999999999999995
HOPV15,Sparse MFGP,57,16.2,3.8999999999999995
HOPV15,Sparse MFGP,57,16.3,3.8999999999999995
HOPV15,Sparse MFGP,57,16.4,3.8999999999999995
HOPV15,Sparse MFGP,57,16.5,3.8999999999999995
HOPV15,Sparse MFGP,57,17.5,3.8999999999999995
HOPV15,Sparse MFGP,57,17.6,3.8999999999999995
HOPV15,Sparse MFGP,57,17.7,3.8999999999999995
HOPV15,Sparse MFGP,57,17.8,3.8999999999999995
HOPV15,Sparse MFGP,57,17.9,3.8999999999999995
HOPV15,Sparse MFGP,57,18.0,3.8999999999999995
HOPV15,Sparse MFGP,57,18.1,3.8999999999999995
HOPV15,Sparse MFGP,57,18.2,3.8999999999999995
HOPV15,Sparse MFGP,57,18.3,3.8999999999999995
HOPV15,Sparse MFGP,57,18.4,3.8999999999999995
HOPV15,Sparse MFGP,57,18.5,3.8999999999999995
HOPV15,Sparse MFGP,57,19.5,3.8999999999999995
HOPV15,Sparse MFGP,57,19.6,3.8999999999999995
HOPV15,Sparse MFGP,57,19.7,3.8999999999999995
HOPV15,Sparse MFGP,57,19.8,3.8999999999999995
HOPV15,Sparse MFGP,57,19.9,3.8999999999999995
HOPV15,Sparse MFGP,57,20.0,3.8999999999999995
HOPV15,Sparse MFGP,57,20.1,3.8999999999999995
HOPV15,Sparse MFGP,57,20.2,3.8999999999999995
HOPV15,Sparse MFGP,57,20.3,3.8999999999999995
HOPV15,Sparse MFGP,57,20.4,3.8999999999999995
HOPV15,Sparse MFGP,57,20.5,3.8999999999999995
HOPV15,Sparse MFGP,57,21.5,3.8999999999999995
HOPV15,Sparse MFGP,57,21.6,3.8999999999999995
HOPV15,Sparse MFGP,57,21.7,3.8999999999999995
HOPV15,Sparse MFGP,57,21.8,3.8999999999999995
HOPV15,Sparse MFGP,57,21.9,3.8999999999999995
HOPV15,Sparse MFGP,57,22.0,3.8999999999999995
HOPV15,Sparse MFGP,57,22.1,3.8999999999999995
HOPV15,Sparse MFGP,57,22.2,3.8999999999999995
HOPV15,Sparse MFGP,57,22.3,3.8999999999999995
HOPV15,Sparse MFGP,57,22.4,3.8999999999999995
HOPV15,Sparse MFGP,57,22.5,3.8999999999999995
HOPV15,Sparse MFGP,57,23.5,3.5999999999999996
HOPV15,Sparse MFGP,57,23.6,3.5999999999999996
HOPV15,Sparse MFGP,57,23.7,3.5999999999999996
HOPV15,Sparse MFGP,57,23.8,3.5999999999999996
HOPV15,Sparse MFGP,57,23.9,3.5999999999999996
HOPV15,Sparse MFGP,57,24.0,3.5999999999999996
HOPV15,Sparse MFGP,57,24.1,3.5999999999999996
HOPV15,Sparse MFGP,57,24.2,3.5999999999999996
HOPV15,Sparse MFGP,57,24.3,3.5999999999999996
HOPV15,Sparse MFGP,57,24.4,3.5999999999999996
HOPV15,Sparse MFGP,57,24.5,3.5999999999999996
HOPV15,Sparse MFGP,57,25.5,3.5999999999999996
HOPV15,Sparse MFGP,57,25.6,3.5999999999999996
HOPV15,Sparse MFGP,57,25.7,3.5999999999999996
HOPV15,Sparse MFGP,57,25.8,3.5999999999999996
HOPV15,Sparse MFGP,57,25.9,3.5999999999999996
HOPV15,Sparse MFGP,57,26.0,3.5999999999999996
HOPV15,Sparse MFGP,57,26.1,3.5999999999999996
HOPV15,Sparse MFGP,57,26.2,3.5999999999999996
HOPV15,Sparse MFGP,57,26.3,3.5999999999999996
HOPV15,Sparse MFGP,57,26.4,3.5999999999999996
HOPV15,Sparse MFGP,57,26.5,3.5999999999999996
HOPV15,Sparse MFGP,57,27.5,3.5999999999999996
HOPV15,Sparse MFGP,57,27.6,3.5999999999999996
HOPV15,Sparse MFGP,57,27.7,3.5999999999999996
HOPV15,Sparse MFGP,57,27.8,3.5999999999999996
HOPV15,Sparse MFGP,57,27.9,3.5999999999999996
HOPV15,Sparse MFGP,57,28.0,3.5999999999999996
HOPV15,Sparse MFGP,57,28.1,3.5999999999999996
HOPV15,Sparse MFGP,57,28.2,3.5999999999999996
HOPV15,Sparse MFGP,57,28.3,3.5999999999999996
HOPV15,Sparse MFGP,57,28.4,3.5999999999999996
HOPV15,Sparse MFGP,57,28.5,3.5999999999999996
HOPV15,Sparse MFGP,57,29.5,3.5999999999999996
HOPV15,Sparse MFGP,57,29.6,3.5999999999999996
HOPV15,Sparse MFGP,57,29.7,3.5999999999999996
HOPV15,Sparse MFGP,57,29.8,3.5999999999999996
HOPV15,Sparse MFGP,57,29.9,3.5999999999999996
Matbench-Gap,NARGP,43,3.0,0.1500000000000001
Matbench-Gap,NARGP,43,3.05,0.1500000000000001
Matbench-Gap,NARGP,43,3.1,0.1500000000000001
Matbench-Gap,NARGP,43,3.15,0.1500000000000001
Matbench-Gap,NARGP,43,3.2,0.1500000000000001
Matbench-Gap,NARGP,43,3.25,0.1500000000000001
Matbench-Gap,NARGP,43,3.3,0.1500000000000001
Matbench-Gap,NARGP,43,3.35,0.1500000000000001
Matbench-Gap,NARGP,43,3.4,0.1500000000000001
Matbench-Gap,NARGP,43,3.45,0.1500000000000001
Matbench-Gap,NARGP,43,3.5,0.1500000000000001
Matbench-Gap,NARGP,43,3.55,0.1500000000000001
Matbench-Gap,NARGP,43,3.6,0.1500000000000001
Matbench-Gap,NARGP,43,3.65,0.1500000000000001
Matbench-Gap,NARGP,43,3.7,0.1500000000000001
Matbench-Gap,NARGP,43,3.75,0.1500000000000001
Matbench-Gap,NARGP,43,3.8,0.1500000000000001
Matbench-Gap,NARGP,43,3.85,0.1500000000000001
Matbench-Gap,NARGP,43,3.9,0.1500000000000001
Matbench-Gap,NARGP,43,3.95,0.1500000000000001
Matbench-Gap,NARGP,43,4.0,0.1500000000000001
Matbench-Gap,NARGP,43,5.0,0.1500000000000001
Matbench-Gap,NARGP,43,5.05,0.1500000000000001
Matbench-Gap,NARGP,43,5.1,0.1500000000000001
Matbench-Gap,NARGP,43,5.15,0.1500000000000001
Matbench-Gap,NARGP,43,5.2,0.1500000000000001
Matbench-Gap,NARGP,43,5.25,0.1500000000000001
Matbench-Gap,NARGP,43,5.3,0.1500000000000001
Matbench-Gap,NARGP,43,5.35,0.1500000000000001
Matbench-Gap,NARGP,43,5.4,0.1500000000000001
Matbench-Gap,NARGP,43,5.45,0.1500000000000001
Matbench-Gap,NARGP,43,5.5,0.1500000000000001
Matbench-Gap,NARGP,43,5.55,0.1500000000000001
Matbench-Gap,NARGP,43,5.6,0.1500000000000001
Matbench-Gap,NARGP,43,5.65,0.1500000000000001
Matbench-Gap,NARGP,43,5.7,0.1500000000000001
Matbench-Gap,NARGP,43,5.75,0.1500000000000001
Matbench-Gap,NARGP,43,5.8,0.1500000000000001
Matbench-Gap,NARGP,43,5.85,0.1500000000000001
Matbench-Gap,NARGP,43,5.9,0.1500000000000001
Matbench-Gap,NARGP,43,5.95,0.1500000000000001
Matbench-Gap,NARGP,43,6.0,0.1500000000000001
Matbench-Gap,NARGP,43,7.0,0.1500000000000001
Matbench-Gap,NARGP,43,7.05,0.1500000000000001
Matbench-Gap,NARGP,43,7.1,0.1500000000000001
Matbench-Gap,NARGP,43,7.15,0.1500000000000001
Matbench-Gap,NARGP,43,7.2,0.1500000000000001
Matbench-Gap,NARGP,43,7.25,0.1500000000000001
Matbench-Gap,NARGP,43,7.3,0.1500000000000001
Matbench-Gap,NARGP,43,7.35,0.1500000000000001
Matbench-Gap,NARGP,43,7.4,0.1500000000000001
Matbench-Gap,NARGP,43,7.45,0.1500000000000001
Matbench-Gap,NARGP,43,7.5,0.1500000000000001
Matbench-Gap,NARGP,43,7.55,0.1500000000000001
Matbench-Gap,NARGP,43,7.6,0.1500000000000001
Matbench-Gap,NARGP,43,7.65,0.1500000000000001
Matbench-Gap,NARGP,43,7.7,0.1500000000000001
Matbench-Gap,NARGP,43,7.75,0.1500000000000001
Matbench-Gap,NARGP,43,7.8,0.1500000000000001
Matbench-Gap,NARGP,43,7.85,0.1500000000000001
Matbench-Gap,NARGP,43,7.9,0.1500000000000001
Matbench-Gap,NARGP,43,7.95,0.1500000000000001
Matbench-Gap,NARGP,43,8.0,0.1500000000000001
Matbench-Gap,NARGP,43,9.0,0.1500000000000001
Matbench-Gap,NARGP,43,9.05,0.1500000000000001
Matbench-Gap,NARGP,43,9.1,0.1500000000000001
Matbench-Gap,NARGP,43,9.15,0.1500000000000001
Matbench-Gap,NARGP,43,9.2,0.1500000000000001
Matbench-Gap,NARGP,43,9.25,0.1500000000000001
Matbench-Gap,NARGP,43,9.3,0.1500000000000001
Matbench-Gap,NARGP,43,9.35,0.1500000000000001
Matbench-Gap,NARGP,43,9.4,0.1500000000000001
Matbench-Gap,NARGP,43,9.45,0.1500000000000001
Matbench-Gap,NARGP,43,9.5,0.1500000000000001
Matbench-Gap,NARGP,43,9.55,0.1500000000000001
Matbench-Gap,NARGP,43,9.6,0.1500000000000001
Matbench-Gap,NARGP,43,9.65,0.1500000000000001
Matbench-Gap,NARGP,43,9.7,0.1500000000000001
Matbench-Gap,NARGP,43,9.75,0.1500000000000001
Matbench-Gap,NARGP,43,9.8,0.1500000000000001
Matbench-Gap,NARGP,43,9.85,0.1500000000000001
Matbench-Gap,NARGP,43,9.9,0.1500000000000001
Matbench-Gap,NARGP,43,9.95,0.1500000000000001
Matbench-Gap,NARGP,43,10.0,0.1500000000000001
Matbench-Gap,NARGP,43,11.0,0.1500000000000001
Matbench-Gap,NARGP,43,11.05,0.1500000000000001
Matbench-Gap,NARGP,43,11.1,0.1500000000000001
Matbench-Gap,NARGP,43,11.15,0.1500000000000001
Matbench-Gap,NARGP,43,11.2,0.1500000000000001
Matbench-Gap,NARGP,43,11.25,0.1500000000000001
Matbench-Gap,NARGP,43,11.3,0.1500000000000001
Matbench-Gap,NARGP,43,11.35,0.1500000000000001
Matbench-Gap,NARGP,43,11.4,0.1500000000000001
Matbench-Gap,NARGP,43,11.45,0.1500000000000001
Matbench-Gap,NARGP,43,11.5,0.1500000000000001
Matbench-Gap,NARGP,43,11.55,0.1500000000000001
Matbench-Gap,NARGP,43,11.6,0.1500000000000001
Matbench-Gap,NARGP,43,11.65,0.1500000000000001
Matbench-Gap,NARGP,43,11.7,0.1500000000000001
Matbench-Gap,NARGP,43,11.75,0.1500000000000001
Matbench-Gap,NARGP,43,11.8,0.1500000000000001
Matbench-Gap,NARGP,43,11.85,0.1500000000000001
Matbench-Gap,NARGP,43,11.9,0.1500000000000001
Matbench-Gap,NARGP,43,11.95,0.1500000000000001
Matbench-Gap,NARGP,43,12.0,0.1500000000000001
Matbench-Gap,NARGP,43,13.0,0.1500000000000001
Matbench-Gap,NARGP,43,13.05,0.1500000000000001
Matbench-Gap,NARGP,43,13.1,0.1500000000000001
Matbench-Gap,NARGP,43,13.15,0.1500000000000001
Matbench-Gap,NARGP,43,13.2,0.1500000000000001
Matbench-Gap,NARGP,43,13.25,0.1500000000000001
Matbench-Gap,NARGP,43,13.3,0.1500000000000001
Matbench-Gap,NARGP,43,13.35,0.1500000000000001
Matbench-Gap,NARGP,43,13.4,0.1500000000000001
Matbench-Gap,NARGP,43,13.45,0.1500000000000001
Matbench-Gap,NARGP,43,13.5,0.1500000000000001
Matbench-Gap,NARGP,43,13.55,0.1500000000000001
Matbench-Gap,NARGP,43,13.6,0.1500000000000001
Matbench-Gap,NARGP,43,13.65,0.1500000000000001
Matbench-Gap,NARGP,43,13.7,0.1500000000000001
Matbench-Gap,NARGP,43,13.75,0.1500000000000001
Matbench-Gap,NARGP,43,13.8,0.1500000000000001
Matbench-Gap,NARGP,43,13.85,0.1500000000000001
Matbench-Gap,NARGP,43,13.9,0.1500000000000001
Matbench-Gap,NARGP,43,13.95,0.1500000000000001
Matbench-Gap,NARGP,43,14.0,0.1500000000000001
Matbench-Gap,NARGP,43,15.0,0.1500000000000001
Matbench-Gap,NARGP,43,15.05,0.1500000000000001
Matbench-Gap,NARGP,43,15.1,0.1500000000000001
Matbench-Gap,NARGP,43,15.15,0.1500000000000001
Matbench-Gap,NARGP,43,15.2,0.1500000000000001
Matbench-Gap,NARGP,43,15.25,0.1500000000000001
Matbench-Gap,NARGP,43,15.3,0.1500000000000001
Matbench-Gap,NARGP,43,15.35,0.1500000000000001
Matbench-Gap,NARGP,43,15.4,0.1500000000000001
Matbench-Gap,NARGP,43,15.45,0.1500000000000001
Matbench-Gap,NARGP,43,15.5,0.1500000000000001
Matbench-Gap,NARGP,43,15.55,0.1500000000000001
Matbench-Gap,NARGP,43,15.6,0.1500000000000001
Matbench-Gap,NARGP,43,15.65,0.1500000000000001
Matbench-Gap,NARGP,43,15.7,0.1500000000000001
Matbench-Gap,NARGP,43,15.75,0.1500000000000001
Matbench-Gap,NARGP,43,15.8,0.1500000000000001
Matbench-Gap,NARGP,43,15.85,0.1500000000000001
Matbench-Gap,NARGP,43,15.9,0.1500000000000001
Matbench-Gap,NARGP,43,15.95,0.1500000000000001
Matbench-Gap,NARGP,43,16.0,0.1500000000000001
Matbench-Gap,NARGP,43,17.0,0.1500000000000001
Matbench-Gap,NARGP,43,17.05,0.1500000000000001
Matbench-Gap,NARGP,43,17.1,0.1500000000000001
Matbench-Gap,NARGP,43,17.15,0.1500000000000001
Matbench-Gap,NARGP,43,17.2,0.1500000000000001
Matbench-Gap,NARGP,43,17.25,0.1500000000000001
Matbench-Gap,NARGP,43,17.3,0.1500000000000001
Matbench-Gap,NARGP,43,17.35,0.1500000000000001
Matbench-Gap,NARGP,43,17.4,0.1500000000000001
Matbench-Gap,NARGP,43,17.45,0.1500000000000001
Matbench-Gap,NARGP,43,17.5,0.1500000000000001
Matbench-Gap,NARGP,43,17.55,0.1500000000000001
Matbench-Gap,NARGP,43,17.6,0.1500000000000001
Matbench-Gap,NARGP,43,17.65,0.1500000000000001
Matbench-Gap,NARGP,43,17.7,0.1500000000000001
Matbench-Gap,NARGP,43,17.75,0.1500000000000001
Matbench-Gap,NARGP,43,17.8,0.1500000000000001
Matbench-Gap,NARGP,43,17.85,0.1500000000000001
Matbench-Gap,NARGP,43,17.9,0.1500000000000001
Matbench-Gap,NARGP,43,17.95,0.1500000000000001
Matbench-Gap,NARGP,43,18.0,0.1500000000000001
Matbench-Gap,NARGP,43,19.0,0.1500000000000001
Matbench-Gap,NARGP,43,19.05,0.1500000000000001
Matbench-Gap,NARGP,43,19.1,0.1500000000000001
Matbench-Gap,NARGP,43,19.15,0.1500000000000001
Matbench-Gap,NARGP,43,19.2,0.1500000000000001
Matbench-Gap,NARGP,43,19.25,0.1500000000000001
Matbench-Gap,NARGP,43,19.3,0.1500000000000001
Matbench-Gap,NARGP,43,19.35,0.1500000000000001
Matbench-Gap,NARGP,43,19.4,0.1500000000000001
Matbench-Gap,NARGP,43,19.45,0.1500000000000001
Matbench-Gap,NARGP,43,19.5,0.1500000000000001
Matbench-Gap,NARGP,43,19.55,0.1500000000000001
Matbench-Gap,NARGP,43,19.6,0.1500000000000001
Matbench-Gap,NARGP,43,19.65,0.1500000000000001
Matbench-Gap,NARGP,43,19.7,0.1500000000000001
Matbench-Gap,NARGP,43,19.75,0.1500000000000001
Matbench-Gap,NARGP,43,19.8,0.1500000000000001
Matbench-Gap,NARGP,43,19.85,0.1500000000000001
Matbench-Gap,NARGP,43,19.9,0.1500000000000001
Matbench-Gap,NARGP,43,19.95,0.1500000000000001
Matbench-Gap,NARGP,42,3.0,1.4
Matbench-Gap,NARGP,42,3.05,1.4
Matbench-Gap,NARGP,42,3.1,1.4
Matbench-Gap,NARGP,42,3.15,1.4
Matbench-Gap,NARGP,42,3.2,1.4
Matbench-Gap,NARGP,42,3.25,1.4
Matbench-Gap,NARGP,42,3.3,1.4
Matbench-Gap,NARGP,42,3.35,1.4
Matbench-Gap,NARGP,42,3.4,1.4
Matbench-Gap,NARGP,42,3.45,1.4
Matbench-Gap,NARGP,42,3.5,1.4
Matbench-Gap,NARGP,42,3.55,1.4
Matbench-Gap,NARGP,42,3.6,1.4
Matbench-Gap,NARGP,42,3.65,1.4
Matbench-Gap,NARGP,42,3.7,1.4
Matbench-Gap,NARGP,42,3.75,1.4
Matbench-Gap,NARGP,42,3.8,1.4
Matbench-Gap,NARGP,42,3.85,1.4
Matbench-Gap,NARGP,42,3.9,1.4
Matbench-Gap,NARGP,42,3.95,1.4
Matbench-Gap,NARGP,42,4.0,1.4
Matbench-Gap,NARGP,42,5.0,1.4
Matbench-Gap,NARGP,42,5.05,1.4
Matbench-Gap,NARGP,42,5.1,1.4
Matbench-Gap,NARGP,42,5.15,1.4
Matbench-Gap,NARGP,42,5.2,1.4
Matbench-Gap,NARGP,42,5.25,1.4
Matbench-Gap,NARGP,42,5.3,1.4
Matbench-Gap,NARGP,42,5.35,1.4
Matbench-Gap,NARGP,42,5.4,1.4
Matbench-Gap,NARGP,42,5.45,1.4
Matbench-Gap,NARGP,42,5.5,1.4
Matbench-Gap,NARGP,42,5.55,1.4
Matbench-Gap,NARGP,42,5.6,1.4
Matbench-Gap,NARGP,42,5.65,1.4
Matbench-Gap,NARGP,42,5.7,1.4
Matbench-Gap,NARGP,42,5.75,1.4
Matbench-Gap,NARGP,42,5.8,1.4
Matbench-Gap,NARGP,42,5.85,1.4
Matbench-Gap,NARGP,42,5.9,1.4
Matbench-Gap,NARGP,42,5.95,1.4
Matbench-Gap,NARGP,42,6.0,1.4
Matbench-Gap,NARGP,42,7.0,1.4
Matbench-Gap,NARGP,42,7.05,1.4
Matbench-Gap,NARGP,42,7.1,1.4
Matbench-Gap,NARGP,42,7.15,1.4
Matbench-Gap,NARGP,42,7.2,1.4
Matbench-Gap,NARGP,42,7.25,1.4
Matbench-Gap,NARGP,42,7.3,1.4
Matbench-Gap,NARGP,42,7.35,1.4
Matbench-Gap,NARGP,42,7.4,1.4
Matbench-Gap,NARGP,42,7.45,1.4
Matbench-Gap,NARGP,42,7.5,1.4
Matbench-Gap,NARGP,42,7.55,1.4
Matbench-Gap,NARGP,42,7.6,1.4
Matbench-Gap,NARGP,42,7.65,1.4
Matbench-Gap,NARGP,42,7.7,1.4
Matbench-Gap,NARGP,42,7.75,1.4
Matbench-Gap,NARGP,42,7.8,1.4
Matbench-Gap,NARGP,42,7.85,1.4
Matbench-Gap,NARGP,42,7.9,1.4
Matbench-Gap,NARGP,42,7.95,1.4
Matbench-Gap,NARGP,42,8.0,1.4
Matbench-Gap,NARGP,42,9.0,1.4
Matbench-Gap,NARGP,42,9.05,1.4
Matbench-Gap,NARGP,42,9.1,1.4
Matbench-Gap,NARGP,42,9.15,1.4
Matbench-Gap,NARGP,42,9.2,1.4
Matbench-Gap,NARGP,42,9.25,1.4
Matbench-Gap,NARGP,42,9.3,1.4
Matbench-Gap,NARGP,42,9.35,1.4
Matbench-Gap,NARGP,42,9.4,1.4
Matbench-Gap,NARGP,42,9.45,1.4
Matbench-Gap,NARGP,42,9.5,1.4
Matbench-Gap,NARGP,42,9.55,1.4
Matbench-Gap,NARGP,42,9.6,1.4
Matbench-Gap,NARGP,42,9.65,1.4
Matbench-Gap,NARGP,42,9.7,1.4
Matbench-Gap,NARGP,42,9.75,1.4
Matbench-Gap,NARGP,42,9.8,1.4
Matbench-Gap,NARGP,42,9.85,1.4
Matbench-Gap,NARGP,42,9.9,1.4
Matbench-Gap,NARGP,42,9.95,1.4
Matbench-Gap,NARGP,42,10.0,1.4
Matbench-Gap,NARGP,42,11.0,1.4
Matbench-Gap,NARGP,42,11.05,1.4
Matbench-Gap,NARGP,42,11.1,1.4
Matbench-Gap,NARGP,42,11.15,1.4
Matbench-Gap,NARGP,42,11.2,1.4
Matbench-Gap,NARGP,42,11.25,1.4
Matbench-Gap,NARGP,42,11.3,1.4
Matbench-Gap,NARGP,42,11.35,1.4
Matbench-Gap,NARGP,42,11.4,1.4
Matbench-Gap,NARGP,42,11.45,1.4
Matbench-Gap,NARGP,42,11.5,1.4
Matbench-Gap,NARGP,42,11.55,1.4
Matbench-Gap,NARGP,42,11.6,1.4
Matbench-Gap,NARGP,42,11.65,1.4
Matbench-Gap,NARGP,42,11.7,1.4
Matbench-Gap,NARGP,42,11.75,1.4
Matbench-Gap,NARGP,42,11.8,1.4
Matbench-Gap,NARGP,42,11.85,1.4
Matbench-Gap,NARGP,42,11.9,1.4
Matbench-Gap,NARGP,42,11.95,1.4
Matbench-Gap,NARGP,42,12.0,1.4
Matbench-Gap,NARGP,42,13.0,1.4
Matbench-Gap,NARGP,42,13.05,1.4
Matbench-Gap,NARGP,42,13.1,1.4
Matbench-Gap,NARGP,42,13.15,1.4
Matbench-Gap,NARGP,42,13.2,1.4
Matbench-Gap,NARGP,42,13.25,1.4
Matbench-Gap,NARGP,42,13.3,1.4
Matbench-Gap,NARGP,42,13.35,1.4
Matbench-Gap,NARGP,42,13.4,1.4
Matbench-Gap,NARGP,42,13.45,1.4
Matbench-Gap,NARGP,42,13.5,1.4
Matbench-Gap,NARGP,42,13.55,1.4
Matbench-Gap,NARGP,42,13.6,1.4
Matbench-Gap,NARGP,42,13.65,1.4
Matbench-Gap,NARGP,42,13.7,1.4
Matbench-Gap,NARGP,42,13.75,1.4
Matbench-Gap,NARGP,42,13.8,1.4
Matbench-Gap,NARGP,42,13.85,1.4
Matbench-Gap,NARGP,42,13.9,1.4
Matbench-Gap,NARGP,42,13.95,1.4
Matbench-Gap,NARGP,42,14.0,1.4
Matbench-Gap,NARGP,42,15.0,1.4
Matbench-Gap,NARGP,42,15.05,1.4
Matbench-Gap,NARGP,42,15.1,1.4
Matbench-Gap,NARGP,42,15.15,1.4
Matbench-Gap,NARGP,42,15.2,1.4
Matbench-Gap,NARGP,42,15.25,1.4
Matbench-Gap,NARGP,42,15.3,1.4
Matbench-Gap,NARGP,42,15.35,1.4
Matbench-Gap,NARGP,42,15.4,1.4
Matbench-Gap,NARGP,42,15.45,1.4
Matbench-Gap,NARGP,42,15.5,1.4
Matbench-Gap,NARGP,42,15.55,1.4
Matbench-Gap,NARGP,42,15.6,1.4
Matbench-Gap,NARGP,42,15.65,1.4
Matbench-Gap,NARGP,42,15.7,1.4
Matbench-Gap,NARGP,42,15.75,1.4
Matbench-Gap,NARGP,42,15.8,1.4
Matbench-Gap,NARGP,42,15.85,1.4
Matbench-Gap,NARGP,42,15.9,1.4
Matbench-Gap,NARGP,42,15.95,1.4
Matbench-Gap,NARGP,42,16.0,1.4
Matbench-Gap,NARGP,42,17.0,1.4
Matbench-Gap,NARGP,42,17.05,1.4
Matbench-Gap,NARGP,42,17.1,1.4
Matbench-Gap,NARGP,42,17.15,1.4
Matbench-Gap,NARGP,42,17.2,1.4
Matbench-Gap,NARGP,42,17.25,1.4
Matbench-Gap,NARGP,42,17.3,1.4
Matbench-Gap,NARGP,42,17.35,1.4
Matbench-Gap,NARGP,42,17.4,1.4
Matbench-Gap,NARGP,42,17.45,1.4
Matbench-Gap,NARGP,42,17.5,1.4
Matbench-Gap,NARGP,42,17.55,1.4
Matbench-Gap,NARGP,42,17.6,1.4
Matbench-Gap,NARGP,42,17.65,1.4
Matbench-Gap,NARGP,42,17.7,1.4
Matbench-Gap,NARGP,42,17.75,1.4
Matbench-Gap,NARGP,42,17.8,1.4
Matbench-Gap,NARGP,42,17.85,1.4
Matbench-Gap,NARGP,42,17.9,1.4
Matbench-Gap,NARGP,42,17.95,1.4
Matbench-Gap,NARGP,42,18.0,1.4
Matbench-Gap,NARGP,42,19.0,1.4
Matbench-Gap,NARGP,42,19.05,1.4
Matbench-Gap,NARGP,42,19.1,1.4
Matbench-Gap,NARGP,42,19.15,1.4
Matbench-Gap,NARGP,42,19.2,1.4
Matbench-Gap,NARGP,42,19.25,1.4
Matbench-Gap,NARGP,42,19.3,1.4
Matbench-Gap,NARGP,42,19.35,1.4
Matbench-Gap,NARGP,42,19.4,1.4
Matbench-Gap,NARGP,42,19.45,1.4
Matbench-Gap,NARGP,42,19.5,1.4
Matbench-Gap,NARGP,42,19.55,1.4
Matbench-Gap,NARGP,42,19.6,1.4
Matbench-Gap,NARGP,42,19.65,1.4
Matbench-Gap,NARGP,42,19.7,1.4
Matbench-Gap,NARGP,42,19.75,1.4
Matbench-Gap,NARGP,42,19.8,1.4
Matbench-Gap,NARGP,42,19.85,1.4
Matbench-Gap,NARGP,42,19.9,1.4
Matbench-Gap,NARGP,42,19.95,1.4
Matbench-Gap,NARGP,44,3.0,0.8999999999999999
Matbench-Gap,NARGP,44,3.05,0.8999999999999999
Matbench-Gap,NARGP,44,3.1,0.8999999999999999
Matbench-Gap,NARGP,44,3.15,0.8999999999999999
Matbench-Gap,NARGP,44,3.2,0.8999999999999999
Matbench-Gap,NARGP,44,3.25,0.8999999999999999
Matbench-Gap,NARGP,44,3.3,0.8999999999999999
Matbench-Gap,NARGP,44,3.35,0.8999999999999999
Matbench-Gap,NARGP,44,3.4,0.8999999999999999
Matbench-Gap,NARGP,44,3.45,0.8999999999999999
Matbench-Gap,NARGP,44,3.5,0.8999999999999999
Matbench-Gap,NARGP,44,3.55,0.8999999999999999
Matbench-Gap,NARGP,44,3.6,0.8999999999999999
Matbench-Gap,NARGP,44,3.65,0.8999999999999999
Matbench-Gap,NARGP,44,3.7,0.8999999999999999
Matbench-Gap,NARGP,44,3.75,0.8999999999999999
Matbench-Gap,NARGP,44,3.8,0.8999999999999999
Matbench-Gap,NARGP,44,3.85,0.8999999999999999
Matbench-Gap,NARGP,44,3.9,0.8999999999999999
Matbench-Gap,NARGP,44,3.95,0.8999999999999999
Matbench-Gap,NARGP,44,4.0,0.8999999999999999
Matbench-Gap,NARGP,44,5.0,0.8999999999999999
Matbench-Gap,NARGP,44,5.05,0.8999999999999999
Matbench-Gap,NARGP,44,5.1,0.8999999999999999
Matbench-Gap,NARGP,44,5.15,0.8999999999999999
Matbench-Gap,NARGP,44,5.2,0.8999999999999999
Matbench-Gap,NARGP,44,5.25,0.8999999999999999
Matbench-Gap,NARGP,44,5.3,0.8999999999999999
Matbench-Gap,NARGP,44,5.35,0.8999999999999999
Matbench-Gap,NARGP,44,5.4,0.8999999999999999
Matbench-Gap,NARGP,44,5.45,0.8999999999999999
Matbench-Gap,NARGP,44,5.5,0.8999999999999999
Matbench-Gap,NARGP,44,5.55,0.8999999999999999
Matbench-Gap,NARGP,44,5.6,0.8999999999999999
Matbench-Gap,NARGP,44,5.65,0.8999999999999999
Matbench-Gap,NARGP,44,5.7,0.8999999999999999
Matbench-Gap,NARGP,44,5.75,0.8999999999999999
Matbench-Gap,NARGP,44,5.8,0.8999999999999999
Matbench-Gap,NARGP,44,5.85,0.8999999999999999
Matbench-Gap,NARGP,44,5.9,0.8999999999999999
Matbench-Gap,NARGP,44,5.95,0.8999999999999999
Matbench-Gap,NARGP,44,6.0,0.8999999999999999
Matbench-Gap,NARGP,44,7.0,0.8999999999999999
Matbench-Gap,NARGP,44,7.05,0.8999999999999999
Matbench-Gap,NARGP,44,7.1,0.8999999999999999
Matbench-Gap,NARGP,44,7.15,0.8999999999999999
Matbench-Gap,NARGP,44,7.2,0.8999999999999999
Matbench-Gap,NARGP,44,7.25,0.8999999999999999
Matbench-Gap,NARGP,44,7.3,0.8999999999999999
Matbench-Gap,NARGP,44,7.35,0.8999999999999999
Matbench-Gap,NARGP,44,7.4,0.8999999999999999
Matbench-Gap,NARGP,44,7.45,0.8999999999999999
Matbench-Gap,NARGP,44,7.5,0.8999999999999999
Matbench-Gap,NARGP,44,7.55,0.8999999999999999
Matbench-Gap,NARGP,44,7.6,0.8999999999999999
Matbench-Gap,NARGP,44,7.65,0.8999999999999999
Matbench-Gap,NARGP,44,7.7,0.8999999999999999
Matbench-Gap,NARGP,44,7.75,0.8999999999999999
Matbench-Gap,NARGP,44,7.8,0.8999999999999999
Matbench-Gap,NARGP,44,7.85,0.8999999999999999
Matbench-Gap,NARGP,44,7.9,0.8999999999999999
Matbench-Gap,NARGP,44,7.95,0.8999999999999999
Matbench-Gap,NARGP,44,8.0,0.8999999999999999
Matbench-Gap,NARGP,44,9.0,0.8999999999999999
Matbench-Gap,NARGP,44,9.05,0.8999999999999999
Matbench-Gap,NARGP,44,9.1,0.8999999999999999
Matbench-Gap,NARGP,44,9.15,0.8999999999999999
Matbench-Gap,NARGP,44,9.2,0.8999999999999999
Matbench-Gap,NARGP,44,9.25,0.8999999999999999
Matbench-Gap,NARGP,44,9.3,0.8999999999999999
Matbench-Gap,NARGP,44,9.35,0.8999999999999999
Matbench-Gap,NARGP,44,9.4,0.8999999999999999
Matbench-Gap,NARGP,44,9.45,0.8999999999999999
Matbench-Gap,NARGP,44,9.5,0.8999999999999999
Matbench-Gap,NARGP,44,9.55,0.8999999999999999
Matbench-Gap,NARGP,44,9.6,0.8999999999999999
Matbench-Gap,NARGP,44,9.65,0.8999999999999999
Matbench-Gap,NARGP,44,9.7,0.8999999999999999
Matbench-Gap,NARGP,44,9.75,0.8999999999999999
Matbench-Gap,NARGP,44,9.8,0.8999999999999999
Matbench-Gap,NARGP,44,9.85,0.8999999999999999
Matbench-Gap,NARGP,44,9.9,0.8999999999999999
Matbench-Gap,NARGP,44,9.95,0.8999999999999999
Matbench-Gap,NARGP,44,10.0,0.8999999999999999
Matbench-Gap,NARGP,44,11.0,0.8999999999999999
Matbench-Gap,NARGP,44,11.05,0.8999999999999999
Matbench-Gap,NARGP,44,11.1,0.8999999999999999
Matbench-Gap,NARGP,44,11.15,0.8999999999999999
Matbench-Gap,NARGP,44,11.2,0.8999999999999999
Matbench-Gap,NARGP,44,11.25,0.8999999999999999
Matbench-Gap,NARGP,44,11.3,0.8999999999999999
Matbench-Gap,NARGP,44,11.35,0.8999999999999999
Matbench-Gap,NARGP,44,11.4,0.8999999999999999
Matbench-Gap,NARGP,44,11.45,0.8999999999999999
Matbench-Gap,NARGP,44,11.5,0.8999999999999999
Matbench-Gap,NARGP,44,11.55,0.8999999999999999
Matbench-Gap,NARGP,44,11.6,0.8999999999999999
Matbench-Gap,NARGP,44,11.65,0.8999999999999999
Matbench-Gap,NARGP,44,11.7,0.8999999999999999
Matbench-Gap,NARGP,44,11.75,0.8999999999999999
Matbench-Gap,NARGP,44,11.8,0.8999999999999999
Matbench-Gap,NARGP,44,11.85,0.8999999999999999
Matbench-Gap,NARGP,44,11.9,0.8999999999999999
Matbench-Gap,NARGP,44,11.95,0.8999999999999999
Matbench-Gap,NARGP,44,12.0,0.8999999999999999
Matbench-Gap,NARGP,44,13.0,0.8999999999999999
Matbench-Gap,NARGP,44,13.05,0.8999999999999999
Matbench-Gap,NARGP,44,13.1,0.8999999999999999
Matbench-Gap,NARGP,44,13.15,0.8999999999999999
Matbench-Gap,NARGP,44,13.2,0.8999999999999999
Matbench-Gap,NARGP,44,13.25,0.8999999999999999
Matbench-Gap,NARGP,44,13.3,0.8999999999999999
Matbench-Gap,NARGP,44,13.35,0.8999999999999999
Matbench-Gap,NARGP,44,13.4,0.8999999999999999
Matbench-Gap,NARGP,44,13.45,0.8999999999999999
Matbench-Gap,NARGP,44,13.5,0.8999999999999999
Matbench-Gap,NARGP,44,13.55,0.8999999999999999
Matbench-Gap,NARGP,44,13.6,0.8999999999999999
Matbench-Gap,NARGP,44,13.65,0.8999999999999999
Matbench-Gap,NARGP,44,13.7,0.8999999999999999
Matbench-Gap,NARGP,44,13.75,0.8999999999999999
Matbench-Gap,NARGP,44,13.8,0.8999999999999999
Matbench-Gap,NARGP,44,13.85,0.8999999999999999
Matbench-Gap,NARGP,44,13.9,0.8999999999999999
Matbench-Gap,NARGP,44,13.95,0.8999999999999999
Matbench-Gap,NARGP,44,14.0,0.8999999999999999
Matbench-Gap,NARGP,44,15.0,0.8999999999999999
Matbench-Gap,NARGP,44,15.05,0.8999999999999999
Matbench-Gap,NARGP,44,15.1,0.8999999999999999
Matbench-Gap,NARGP,44,15.15,0.8999999999999999
Matbench-Gap,NARGP,44,15.2,0.8999999999999999
Matbench-Gap,NARGP,44,15.25,0.8999999999999999
Matbench-Gap,NARGP,44,15.3,0.8999999999999999
Matbench-Gap,NARGP,44,15.35,0.8999999999999999
Matbench-Gap,NARGP,44,15.4,0.8999999999999999
Matbench-Gap,NARGP,44,15.45,0.8999999999999999
Matbench-Gap,NARGP,44,15.5,0.8999999999999999
Matbench-Gap,NARGP,44,15.55,0.8999999999999999
Matbench-Gap,NARGP,44,15.6,0.8999999999999999
Matbench-Gap,NARGP,44,15.65,0.8999999999999999
Matbench-Gap,NARGP,44,15.7,0.8999999999999999
Matbench-Gap,NARGP,44,15.75,0.8999999999999999
Matbench-Gap,NARGP,44,15.8,0.8999999999999999
Matbench-Gap,NARGP,44,15.85,0.8999999999999999
Matbench-Gap,NARGP,44,15.9,0.8999999999999999
Matbench-Gap,NARGP,44,15.95,0.8999999999999999
Matbench-Gap,NARGP,44,16.0,0.8999999999999999
Matbench-Gap,NARGP,44,17.0,0.8999999999999999
Matbench-Gap,NARGP,44,17.05,0.8999999999999999
Matbench-Gap,NARGP,44,17.1,0.8999999999999999
Matbench-Gap,NARGP,44,17.15,0.8999999999999999
Matbench-Gap,NARGP,44,17.2,0.8999999999999999
Matbench-Gap,NARGP,44,17.25,0.8999999999999999
Matbench-Gap,NARGP,44,17.3,0.8999999999999999
Matbench-Gap,NARGP,44,17.35,0.8999999999999999
Matbench-Gap,NARGP,44,17.4,0.8999999999999999
Matbench-Gap,NARGP,44,17.45,0.8999999999999999
Matbench-Gap,NARGP,44,17.5,0.8999999999999999
Matbench-Gap,NARGP,44,17.55,0.8999999999999999
Matbench-Gap,NARGP,44,17.6,0.8999999999999999
Matbench-Gap,NARGP,44,17.65,0.8999999999999999
Matbench-Gap,NARGP,44,17.7,0.8999999999999999
Matbench-Gap,NARGP,44,17.75,0.8999999999999999
Matbench-Gap,NARGP,44,17.8,0.8999999999999999
Matbench-Gap,NARGP,44,17.85,0.8999999999999999
Matbench-Gap,NARGP,44,17.9,0.8999999999999999
Matbench-Gap,NARGP,44,17.95,0.8999999999999999
Matbench-Gap,NARGP,44,18.0,0.8999999999999999
Matbench-Gap,NARGP,44,19.0,0.24
Matbench-Gap,NARGP,44,19.05,0.24
Matbench-Gap,NARGP,44,19.1,0.24
Matbench-Gap,NARGP,44,19.15,0.24
Matbench-Gap,NARGP,44,19.2,0.24
Matbench-Gap,NARGP,44,19.25,0.24
Matbench-Gap,NARGP,44,19.3,0.24
Matbench-Gap,NARGP,44,19.35,0.24
Matbench-Gap,NARGP,44,19.4,0.24
Matbench-Gap,NARGP,44,19.45,0.24
Matbench-Gap,NARGP,44,19.5,0.24
Matbench-Gap,NARGP,44,19.55,0.24
Matbench-Gap,NARGP,44,19.6,0.24
Matbench-Gap,NARGP,44,19.65,0.24
Matbench-Gap,NARGP,44,19.7,0.24
Matbench-Gap,NARGP,44,19.75,0.24
Matbench-Gap,NARGP,44,19.8,0.24
Matbench-Gap,NARGP,44,19.85,0.24
Matbench-Gap,NARGP,44,19.9,0.24
Matbench-Gap,NARGP,44,19.95,0.24
Matbench-Gap,NARGP,45,3.0,1.4
Matbench-Gap,NARGP,45,3.05,1.4
Matbench-Gap,NARGP,45,3.1,1.4
Matbench-Gap,NARGP,45,3.15,1.4
Matbench-Gap,NARGP,45,3.2,1.4
Matbench-Gap,NARGP,45,3.25,1.4
Matbench-Gap,NARGP,45,3.3,1.4
Matbench-Gap,NARGP,45,3.35,1.4
Matbench-Gap,NARGP,45,3.4,1.4
Matbench-Gap,NARGP,45,3.45,1.4
Matbench-Gap,NARGP,45,3.5,1.4
Matbench-Gap,NARGP,45,3.55,1.4
Matbench-Gap,NARGP,45,3.6,1.4
Matbench-Gap,NARGP,45,3.65,1.4
Matbench-Gap,NARGP,45,3.7,1.4
Matbench-Gap,NARGP,45,3.75,1.4
Matbench-Gap,NARGP,45,3.8,1.4
Matbench-Gap,NARGP,45,3.85,1.4
Matbench-Gap,NARGP,45,3.9,1.4
Matbench-Gap,NARGP,45,3.95,1.4
Matbench-Gap,NARGP,45,4.0,1.4
Matbench-Gap,NARGP,45,5.0,1.4
Matbench-Gap,NARGP,45,5.05,1.4
Matbench-Gap,NARGP,45,5.1,1.4
Matbench-Gap,NARGP,45,5.15,1.4
Matbench-Gap,NARGP,45,5.2,1.4
Matbench-Gap,NARGP,45,5.25,1.4
Matbench-Gap,NARGP,45,5.3,1.4
Matbench-Gap,NARGP,45,5.35,1.4
Matbench-Gap,NARGP,45,5.4,1.4
Matbench-Gap,NARGP,45,5.45,1.4
Matbench-Gap,NARGP,45,5.5,1.4
Matbench-Gap,NARGP,45,5.55,1.4
Matbench-Gap,NARGP,45,5.6,1.4
Matbench-Gap,NARGP,45,5.65,1.4
Matbench-Gap,NARGP,45,5.7,1.4
Matbench-Gap,NARGP,45,5.75,1.4
Matbench-Gap,NARGP,45,5.8,1.4
Matbench-Gap,NARGP,45,5.85,1.4
Matbench-Gap,NARGP,45,5.9,1.4
Matbench-Gap,NARGP,45,5.95,1.4
Matbench-Gap,NARGP,45,6.0,1.4
Matbench-Gap,NARGP,45,7.0,1.4
Matbench-Gap,NARGP,45,7.05,1.4
Matbench-Gap,NARGP,45,7.1,1.4
Matbench-Gap,NARGP,45,7.15,1.4
Matbench-Gap,NARGP,45,7.2,1.4
Matbench-Gap,NARGP,45,7.25,1.4
Matbench-Gap,NARGP,45,7.3,1.4
Matbench-Gap,NARGP,45,7.35,1.4
Matbench-Gap,NARGP,45,7.4,1.4
Matbench-Gap,NARGP,45,7.45,1.4
Matbench-Gap,NARGP,45,7.5,1.4
Matbench-Gap,NARGP,45,7.55,1.4
Matbench-Gap,NARGP,45,7.6,1.4
Matbench-Gap,NARGP,45,7.65,1.4
Matbench-Gap,NARGP,45,7.7,1.4
Matbench-Gap,NARGP,45,7.75,1.4
Matbench-Gap,NARGP,45,7.8,1.4
Matbench-Gap,NARGP,45,7.85,1.4
Matbench-Gap,NARGP,45,7.9,1.4
Matbench-Gap,NARGP,45,7.95,1.4
Matbench-Gap,NARGP,45,8.0,1.4
Matbench-Gap,NARGP,45,9.0,1.4
Matbench-Gap,NARGP,45,9.05,1.4
Matbench-Gap,NARGP,45,9.1,1.4
Matbench-Gap,NARGP,45,9.15,1.4
Matbench-Gap,NARGP,45,9.2,1.4
Matbench-Gap,NARGP,45,9.25,1.4
Matbench-Gap,NARGP,45,9.3,1.4
Matbench-Gap,NARGP,45,9.35,1.4
Matbench-Gap,NARGP,45,9.4,1.4
Matbench-Gap,NARGP,45,9.45,1.4
Matbench-Gap,NARGP,45,9.5,1.4
Matbench-Gap,NARGP,45,9.55,1.4
Matbench-Gap,NARGP,45,9.6,1.4
Matbench-Gap,NARGP,45,9.65,1.4
Matbench-Gap,NARGP,45,9.7,1.4
Matbench-Gap,NARGP,45,9.75,1.4
Matbench-Gap,NARGP,45,9.8,1.4
Matbench-Gap,NARGP,45,9.85,1.4
Matbench-Gap,NARGP,45,9.9,1.4
Matbench-Gap,NARGP,45,9.95,1.4
Matbench-Gap,NARGP,45,10.0,1.4
Matbench-Gap,NARGP,45,11.0,1.4
Matbench-Gap,NARGP,45,11.05,1.4
Matbench-Gap,NARGP,45,11.1,1.4
Matbench-Gap,NARGP,45,11.15,1.4
Matbench-Gap,NARGP,45,11.2,1.4
Matbench-Gap,NARGP,45,11.25,1.4
Matbench-Gap,NARGP,45,11.3,1.4
Matbench-Gap,NARGP,45,11.35,1.4
Matbench-Gap,NARGP,45,11.4,1.4
Matbench-Gap,NARGP,45,11.45,1.4
Matbench-Gap,NARGP,45,11.5,1.4
Matbench-Gap,NARGP,45,11.55,1.4
Matbench-Gap,NARGP,45,11.6,1.4
Matbench-Gap,NARGP,45,11.65,1.4
Matbench-Gap,NARGP,45,11.7,1.4
Matbench-Gap,NARGP,45,11.75,1.4
Matbench-Gap,NARGP,45,11.8,1.4
Matbench-Gap,NARGP,45,11.85,1.4
Matbench-Gap,NARGP,45,11.9,1.4
Matbench-Gap,NARGP,45,11.95,1.4
Matbench-Gap,NARGP,45,12.0,1.4
Matbench-Gap,NARGP,45,13.0,1.4
Matbench-Gap,NARGP,45,13.05,1.4
Matbench-Gap,NARGP,45,13.1,1.4
Matbench-Gap,NARGP,45,13.15,1.4
Matbench-Gap,NARGP,45,13.2,1.4
Matbench-Gap,NARGP,45,13.25,1.4
Matbench-Gap,NARGP,45,13.3,1.4
Matbench-Gap,NARGP,45,13.35,1.4
Matbench-Gap,NARGP,45,13.4,1.4
Matbench-Gap,NARGP,45,13.45,1.4
Matbench-Gap,NARGP,45,13.5,1.4
Matbench-Gap,NARGP,45,13.55,1.4
Matbench-Gap,NARGP,45,13.6,1.4
Matbench-Gap,NARGP,45,13.65,1.4
Matbench-Gap,NARGP,45,13.7,1.4
Matbench-Gap,NARGP,45,13.75,1.4
Matbench-Gap,NARGP,45,13.8,1.4
Matbench-Gap,NARGP,45,13.85,1.4
Matbench-Gap,NARGP,45,13.9,1.4
Matbench-Gap,NARGP,45,13.95,1.4
Matbench-Gap,NARGP,45,14.0,1.4
Matbench-Gap,NARGP,45,15.0,1.4
Matbench-Gap,NARGP,45,15.05,1.4
Matbench-Gap,NARGP,45,15.1,1.4
Matbench-Gap,NARGP,45,15.15,1.4
Matbench-Gap,NARGP,45,15.2,1.4
Matbench-Gap,NARGP,45,15.25,1.4
Matbench-Gap,NARGP,45,15.3,1.4
Matbench-Gap,NARGP,45,15.35,1.4
Matbench-Gap,NARGP,45,15.4,1.4
Matbench-Gap,NARGP,45,15.45,1.4
Matbench-Gap,NARGP,45,15.5,1.4
Matbench-Gap,NARGP,45,15.55,1.4
Matbench-Gap,NARGP,45,15.6,1.4
Matbench-Gap,NARGP,45,15.65,1.4
Matbench-Gap,NARGP,45,15.7,1.4
Matbench-Gap,NARGP,45,15.75,1.4
Matbench-Gap,NARGP,45,15.8,1.4
Matbench-Gap,NARGP,45,15.85,1.4
Matbench-Gap,NARGP,45,15.9,1.4
Matbench-Gap,NARGP,45,15.95,1.4
Matbench-Gap,NARGP,45,16.0,1.4
Matbench-Gap,NARGP,45,17.0,1.4
Matbench-Gap,NARGP,45,17.05,1.4
Matbench-Gap,NARGP,45,17.1,1.4
Matbench-Gap,NARGP,45,17.15,1.4
Matbench-Gap,NARGP,45,17.2,1.4
Matbench-Gap,NARGP,45,17.25,1.4
Matbench-Gap,NARGP,45,17.3,1.4
Matbench-Gap,NARGP,45,17.35,1.4
Matbench-Gap,NARGP,45,17.4,1.4
Matbench-Gap,NARGP,45,17.45,1.4
Matbench-Gap,NARGP,45,17.5,1.4
Matbench-Gap,NARGP,45,17.55,1.4
Matbench-Gap,NARGP,45,17.6,1.4
Matbench-Gap,NARGP,45,17.65,1.4
Matbench-Gap,NARGP,45,17.7,1.4
Matbench-Gap,NARGP,45,17.75,1.4
Matbench-Gap,NARGP,45,17.8,1.4
Matbench-Gap,NARGP,45,17.85,1.4
Matbench-Gap,NARGP,45,17.9,1.4
Matbench-Gap,NARGP,45,17.95,1.4
Matbench-Gap,NARGP,45,18.0,1.4
Matbench-Gap,NARGP,45,19.0,1.4
Matbench-Gap,NARGP,45,19.05,1.4
Matbench-Gap,NARGP,45,19.1,1.4
Matbench-Gap,NARGP,45,19.15,1.4
Matbench-Gap,NARGP,45,19.2,1.4
Matbench-Gap,NARGP,45,19.25,1.4
Matbench-Gap,NARGP,45,19.3,1.4
Matbench-Gap,NARGP,45,19.35,1.4
Matbench-Gap,NARGP,45,19.4,1.4
Matbench-Gap,NARGP,45,19.45,1.4
Matbench-Gap,NARGP,45,19.5,1.4
Matbench-Gap,NARGP,45,19.55,1.4
Matbench-Gap,NARGP,45,19.6,1.4
Matbench-Gap,NARGP,45,19.65,1.4
Matbench-Gap,NARGP,45,19.7,1.4
Matbench-Gap,NARGP,45,19.75,1.4
Matbench-Gap,NARGP,45,19.8,1.4
Matbench-Gap,NARGP,45,19.85,1.4
Matbench-Gap,NARGP,45,19.9,1.4
Matbench-Gap,NARGP,45,19.95,1.4
Matbench-Gap,NARGP,46,3.0,1.4
Matbench-Gap,NARGP,46,3.05,1.4
Matbench-Gap,NARGP,46,3.1,1.4
Matbench-Gap,NARGP,46,3.15,1.4
Matbench-Gap,NARGP,46,3.2,1.4
Matbench-Gap,NARGP,46,3.25,1.4
Matbench-Gap,NARGP,46,3.3,1.4
Matbench-Gap,NARGP,46,3.35,1.4
Matbench-Gap,NARGP,46,3.4,1.4
Matbench-Gap,NARGP,46,3.45,1.4
Matbench-Gap,NARGP,46,3.5,1.4
Matbench-Gap,NARGP,46,3.55,1.4
Matbench-Gap,NARGP,46,3.6,1.4
Matbench-Gap,NARGP,46,3.65,1.4
Matbench-Gap,NARGP,46,3.7,1.4
Matbench-Gap,NARGP,46,3.75,1.4
Matbench-Gap,NARGP,46,3.8,1.4
Matbench-Gap,NARGP,46,3.85,1.4
Matbench-Gap,NARGP,46,3.9,1.4
Matbench-Gap,NARGP,46,3.95,1.4
Matbench-Gap,NARGP,46,4.0,1.4
Matbench-Gap,NARGP,46,5.0,1.4
Matbench-Gap,NARGP,46,5.05,1.4
Matbench-Gap,NARGP,46,5.1,1.4
Matbench-Gap,NARGP,46,5.15,1.4
Matbench-Gap,NARGP,46,5.2,1.4
Matbench-Gap,NARGP,46,5.25,1.4
Matbench-Gap,NARGP,46,5.3,1.4
Matbench-Gap,NARGP,46,5.35,1.4
Matbench-Gap,NARGP,46,5.4,1.4
Matbench-Gap,NARGP,46,5.45,1.4
Matbench-Gap,NARGP,46,5.5,1.4
Matbench-Gap,NARGP,46,5.55,1.4
Matbench-Gap,NARGP,46,5.6,1.4
Matbench-Gap,NARGP,46,5.65,1.4
Matbench-Gap,NARGP,46,5.7,1.4
Matbench-Gap,NARGP,46,5.75,1.4
Matbench-Gap,NARGP,46,5.8,1.4
Matbench-Gap,NARGP,46,5.85,1.4
Matbench-Gap,NARGP,46,5.9,1.4
Matbench-Gap,NARGP,46,5.95,1.4
Matbench-Gap,NARGP,46,6.0,1.4
Matbench-Gap,NARGP,46,7.0,1.4
Matbench-Gap,NARGP,46,7.05,1.4
Matbench-Gap,NARGP,46,7.1,1.4
Matbench-Gap,NARGP,46,7.15,1.4
Matbench-Gap,NARGP,46,7.2,1.4
Matbench-Gap,NARGP,46,7.25,1.4
Matbench-Gap,NARGP,46,7.3,1.4
Matbench-Gap,NARGP,46,7.35,1.4
Matbench-Gap,NARGP,46,7.4,1.4
Matbench-Gap,NARGP,46,7.45,1.4
Matbench-Gap,NARGP,46,7.5,1.4
Matbench-Gap,NARGP,46,7.55,1.4
Matbench-Gap,NARGP,46,7.6,1.4
Matbench-Gap,NARGP,46,7.65,1.4
Matbench-Gap,NARGP,46,7.7,1.4
Matbench-Gap,NARGP,46,7.75,1.4
Matbench-Gap,NARGP,46,7.8,1.4
Matbench-Gap,NARGP,46,7.85,1.4
Matbench-Gap,NARGP,46,7.9,1.4
Matbench-Gap,NARGP,46,7.95,1.4
Matbench-Gap,NARGP,46,8.0,1.4
Matbench-Gap,NARGP,46,9.0,1.4
Matbench-Gap,NARGP,46,9.05,1.4
Matbench-Gap,NARGP,46,9.1,1.4
Matbench-Gap,NARGP,46,9.15,1.4
Matbench-Gap,NARGP,46,9.2,1.4
Matbench-Gap,NARGP,46,9.25,1.4
Matbench-Gap,NARGP,46,9.3,1.4
Matbench-Gap,NARGP,46,9.35,1.4
Matbench-Gap,NARGP,46,9.4,1.4
Matbench-Gap,NARGP,46,9.45,1.4
Matbench-Gap,NARGP,46,9.5,1.4
Matbench-Gap,NARGP,46,9.55,1.4
Matbench-Gap,NARGP,46,9.6,1.4
Matbench-Gap,NARGP,46,9.65,1.4
Matbench-Gap,NARGP,46,9.7,1.4
Matbench-Gap,NARGP,46,9.75,1.4
Matbench-Gap,NARGP,46,9.8,1.4
Matbench-Gap,NARGP,46,9.85,1.4
Matbench-Gap,NARGP,46,9.9,1.4
Matbench-Gap,NARGP,46,9.95,1.4
Matbench-Gap,NARGP,46,10.0,1.4
Matbench-Gap,NARGP,46,11.0,1.4
Matbench-Gap,NARGP,46,11.05,1.4
Matbench-Gap,NARGP,46,11.1,1.4
Matbench-Gap,NARGP,46,11.15,1.4
Matbench-Gap,NARGP,46,11.2,1.4
Matbench-Gap,NARGP,46,11.25,1.4
Matbench-Gap,NARGP,46,11.3,1.4
Matbench-Gap,NARGP,46,11.35,1.4
Matbench-Gap,NARGP,46,11.4,1.4
Matbench-Gap,NARGP,46,11.45,1.4
Matbench-Gap,NARGP,46,11.5,1.4
Matbench-Gap,NARGP,46,11.55,1.4
Matbench-Gap,NARGP,46,11.6,1.4
Matbench-Gap,NARGP,46,11.65,1.4
Matbench-Gap,NARGP,46,11.7,1.4
Matbench-Gap,NARGP,46,11.75,1.4
Matbench-Gap,NARGP,46,11.8,1.4
Matbench-Gap,NARGP,46,11.85,1.4
Matbench-Gap,NARGP,46,11.9,1.4
Matbench-Gap,NARGP,46,11.95,1.4
Matbench-Gap,NARGP,46,12.0,1.4
Matbench-Gap,NARGP,46,13.0,1.4
Matbench-Gap,NARGP,46,13.05,1.4
Matbench-Gap,NARGP,46,13.1,1.4
Matbench-Gap,NARGP,46,13.15,1.4
Matbench-Gap,NARGP,46,13.2,1.4
Matbench-Gap,NARGP,46,13.25,1.4
Matbench-Gap,NARGP,46,13.3,1.4
Matbench-Gap,NARGP,46,13.35,1.4
Matbench-Gap,NARGP,46,13.4,1.4
Matbench-Gap,NARGP,46,13.45,1.4
Matbench-Gap,NARGP,46,13.5,1.4
Matbench-Gap,NARGP,46,13.55,1.4
Matbench-Gap,NARGP,46,13.6,1.4
Matbench-Gap,NARGP,46,13.65,1.4
Matbench-Gap,NARGP,46,13.7,1.4
Matbench-Gap,NARGP,46,13.75,1.4
Matbench-Gap,NARGP,46,13.8,1.4
Matbench-Gap,NARGP,46,13.85,1.4
Matbench-Gap,NARGP,46,13.9,1.4
Matbench-Gap,NARGP,46,13.95,1.4
Matbench-Gap,NARGP,46,14.0,1.4
Matbench-Gap,NARGP,46,15.0,1.4
Matbench-Gap,NARGP,46,15.05,1.4
Matbench-Gap,NARGP,46,15.1,1.4
Matbench-Gap,NARGP,46,15.15,1.4
Matbench-Gap,NARGP,46,15.2,1.4
Matbench-Gap,NARGP,46,15.25,1.4
Matbench-Gap,NARGP,46,15.3,1.4
Matbench-Gap,NARGP,46,15.35,1.4
Matbench-Gap,NARGP,46,15.4,1.4
Matbench-Gap,NARGP,46,15.45,1.4
Matbench-Gap,NARGP,46,15.5,1.4
Matbench-Gap,NARGP,46,15.55,1.4
Matbench-Gap,NARGP,46,15.6,1.4
Matbench-Gap,NARGP,46,15.65,1.4
Matbench-Gap,NARGP,46,15.7,1.4
Matbench-Gap,NARGP,46,15.75,1.4
Matbench-Gap,NARGP,46,15.8,1.4
Matbench-Gap,NARGP,46,15.85,1.4
Matbench-Gap,NARGP,46,15.9,1.4
Matbench-Gap,NARGP,46,15.95,1.4
Matbench-Gap,NARGP,46,16.0,1.4
Matbench-Gap,NARGP,46,17.0,1.0
Matbench-Gap,NARGP,46,17.05,1.0
Matbench-Gap,NARGP,46,17.1,1.0
Matbench-Gap,NARGP,46,17.15,1.0
Matbench-Gap,NARGP,46,17.2,1.0
Matbench-Gap,NARGP,46,17.25,1.0
Matbench-Gap,NARGP,46,17.3,1.0
Matbench-Gap,NARGP,46,17.35,1.0
Matbench-Gap,NARGP,46,17.4,1.0
Matbench-Gap,NARGP,46,17.45,1.0
Matbench-Gap,NARGP,46,17.5,1.0
Matbench-Gap,NARGP,46,17.55,1.0
Matbench-Gap,NARGP,46,17.6,1.0
Matbench-Gap,NARGP,46,17.65,1.0
Matbench-Gap,NARGP,46,17.7,1.0
Matbench-Gap,NARGP,46,17.75,1.0
Matbench-Gap,NARGP,46,17.8,1.0
Matbench-Gap,NARGP,46,17.85,1.0
Matbench-Gap,NARGP,46,17.9,1.0
Matbench-Gap,NARGP,46,17.95,1.0
Matbench-Gap,NARGP,46,18.0,1.0
Matbench-Gap,NARGP,46,19.0,1.0
Matbench-Gap,NARGP,46,19.05,1.0
Matbench-Gap,NARGP,46,19.1,1.0
Matbench-Gap,NARGP,46,19.15,1.0
Matbench-Gap,NARGP,46,19.2,1.0
Matbench-Gap,NARGP,46,19.25,1.0
Matbench-Gap,NARGP,46,19.3,1.0
Matbench-Gap,NARGP,46,19.35,1.0
Matbench-Gap,NARGP,46,19.4,1.0
Matbench-Gap,NARGP,46,19.45,1.0
Matbench-Gap,NARGP,46,19.5,1.0
Matbench-Gap,NARGP,46,19.55,1.0
Matbench-Gap,NARGP,46,19.6,1.0
Matbench-Gap,NARGP,46,19.65,1.0
Matbench-Gap,NARGP,46,19.7,1.0
Matbench-Gap,NARGP,46,19.75,1.0
Matbench-Gap,NARGP,46,19.8,1.0
Matbench-Gap,NARGP,46,19.85,1.0
Matbench-Gap,NARGP,46,19.9,1.0
Matbench-Gap,NARGP,46,19.95,1.0
Matbench-Gap,NARGP,47,3.0,1.4
Matbench-Gap,NARGP,47,3.05,1.4
Matbench-Gap,NARGP,47,3.1,1.4
Matbench-Gap,NARGP,47,3.15,1.4
Matbench-Gap,NARGP,47,3.2,1.4
Matbench-Gap,NARGP,47,3.25,1.4
Matbench-Gap,NARGP,47,3.3,1.4
Matbench-Gap,NARGP,47,3.35,1.4
Matbench-Gap,NARGP,47,3.4,1.4
Matbench-Gap,NARGP,47,3.45,1.4
Matbench-Gap,NARGP,47,3.5,1.4
Matbench-Gap,NARGP,47,3.55,1.4
Matbench-Gap,NARGP,47,3.6,1.4
Matbench-Gap,NARGP,47,3.65,1.4
Matbench-Gap,NARGP,47,3.7,1.4
Matbench-Gap,NARGP,47,3.75,1.4
Matbench-Gap,NARGP,47,3.8,1.4
Matbench-Gap,NARGP,47,3.85,1.4
Matbench-Gap,NARGP,47,3.9,1.4
Matbench-Gap,NARGP,47,3.95,1.4
Matbench-Gap,NARGP,47,4.0,1.4
Matbench-Gap,NARGP,47,5.0,1.4
Matbench-Gap,NARGP,47,5.05,1.4
Matbench-Gap,NARGP,47,5.1,1.4
Matbench-Gap,NARGP,47,5.15,1.4
Matbench-Gap,NARGP,47,5.2,1.4
Matbench-Gap,NARGP,47,5.25,1.4
Matbench-Gap,NARGP,47,5.3,1.4
Matbench-Gap,NARGP,47,5.35,1.4
Matbench-Gap,NARGP,47,5.4,1.4
Matbench-Gap,NARGP,47,5.45,1.4
Matbench-Gap,NARGP,47,5.5,1.4
Matbench-Gap,NARGP,47,5.55,1.4
Matbench-Gap,NARGP,47,5.6,1.4
Matbench-Gap,NARGP,47,5.65,1.4
Matbench-Gap,NARGP,47,5.7,1.4
Matbench-Gap,NARGP,47,5.75,1.4
Matbench-Gap,NARGP,47,5.8,1.4
Matbench-Gap,NARGP,47,5.85,1.4
Matbench-Gap,NARGP,47,5.9,1.4
Matbench-Gap,NARGP,47,5.95,1.4
Matbench-Gap,NARGP,47,6.0,1.4
Matbench-Gap,NARGP,47,7.0,1.4
Matbench-Gap,NARGP,47,7.05,1.4
Matbench-Gap,NARGP,47,7.1,1.4
Matbench-Gap,NARGP,47,7.15,1.4
Matbench-Gap,NARGP,47,7.2,1.4
Matbench-Gap,NARGP,47,7.25,1.4
Matbench-Gap,NARGP,47,7.3,1.4
Matbench-Gap,NARGP,47,7.35,1.4
Matbench-Gap,NARGP,47,7.4,1.4
Matbench-Gap,NARGP,47,7.45,1.4
Matbench-Gap,NARGP,47,7.5,1.4
Matbench-Gap,NARGP,47,7.55,1.4
Matbench-Gap,NARGP,47,7.6,1.4
Matbench-Gap,NARGP,47,7.65,1.4
Matbench-Gap,NARGP,47,7.7,1.4
Matbench-Gap,NARGP,47,7.75,1.4
Matbench-Gap,NARGP,47,7.8,1.4
Matbench-Gap,NARGP,47,7.85,1.4
Matbench-Gap,NARGP,47,7.9,1.4
Matbench-Gap,NARGP,47,7.95,1.4
Matbench-Gap,NARGP,47,8.0,1.4
Matbench-Gap,NARGP,47,9.0,1.4
Matbench-Gap,NARGP,47,9.05,1.4
Matbench-Gap,NARGP,47,9.1,1.4
Matbench-Gap,NARGP,47,9.15,1.4
Matbench-Gap,NARGP,47,9.2,1.4
Matbench-Gap,NARGP,47,9.25,1.4
Matbench-Gap,NARGP,47,9.3,1.4
Matbench-Gap,NARGP,47,9.35,1.4
Matbench-Gap,NARGP,47,9.4,1.4
Matbench-Gap,NARGP,47,9.45,1.4
Matbench-Gap,NARGP,47,9.5,1.4
Matbench-Gap,NARGP,47,9.55,1.4
Matbench-Gap,NARGP,47,9.6,1.4
Matbench-Gap,NARGP,47,9.65,1.4
Matbench-Gap,NARGP,47,9.7,1.4
Matbench-Gap,NARGP,47,9.75,1.4
Matbench-Gap,NARGP,47,9.8,1.4
Matbench-Gap,NARGP,47,9.85,1.4
Matbench-Gap,NARGP,47,9.9,1.4
Matbench-Gap,NARGP,47,9.95,1.4
Matbench-Gap,NARGP,47,10.0,1.4
Matbench-Gap,NARGP,47,11.0,1.4
Matbench-Gap,NARGP,47,11.05,1.4
Matbench-Gap,NARGP,47,11.1,1.4
Matbench-Gap,NARGP,47,11.15,1.4
Matbench-Gap,NARGP,47,11.2,1.4
Matbench-Gap,NARGP,47,11.25,1.4
Matbench-Gap,NARGP,47,11.3,1.4
Matbench-Gap,NARGP,47,11.35,1.4
Matbench-Gap,NARGP,47,11.4,1.4
Matbench-Gap,NARGP,47,11.45,1.4
Matbench-Gap,NARGP,47,11.5,1.4
Matbench-Gap,NARGP,47,11.55,1.4
Matbench-Gap,NARGP,47,11.6,1.4
Matbench-Gap,NARGP,47,11.65,1.4
Matbench-Gap,NARGP,47,11.7,1.4
Matbench-Gap,NARGP,47,11.75,1.4
Matbench-Gap,NARGP,47,11.8,1.4
Matbench-Gap,NARGP,47,11.85,1.4
Matbench-Gap,NARGP,47,11.9,1.4
Matbench-Gap,NARGP,47,11.95,1.4
Matbench-Gap,NARGP,47,12.0,1.4
Matbench-Gap,NARGP,47,13.0,1.4
Matbench-Gap,NARGP,47,13.05,1.4
Matbench-Gap,NARGP,47,13.1,1.4
Matbench-Gap,NARGP,47,13.15,1.4
Matbench-Gap,NARGP,47,13.2,1.4
Matbench-Gap,NARGP,47,13.25,1.4
Matbench-Gap,NARGP,47,13.3,1.4
Matbench-Gap,NARGP,47,13.35,1.4
Matbench-Gap,NARGP,47,13.4,1.4
Matbench-Gap,NARGP,47,13.45,1.4
Matbench-Gap,NARGP,47,13.5,1.4
Matbench-Gap,NARGP,47,13.55,1.4
Matbench-Gap,NARGP,47,13.6,1.4
Matbench-Gap,NARGP,47,13.65,1.4
Matbench-Gap,NARGP,47,13.7,1.4
Matbench-Gap,NARGP,47,13.75,1.4
Matbench-Gap,NARGP,47,13.8,1.4
Matbench-Gap,NARGP,47,13.85,1.4
Matbench-Gap,NARGP,47,13.9,1.4
Matbench-Gap,NARGP,47,13.95,1.4
Matbench-Gap,NARGP,47,14.0,1.4
Matbench-Gap,NARGP,47,15.0,1.4
Matbench-Gap,NARGP,47,15.05,1.4
Matbench-Gap,NARGP,47,15.1,1.4
Matbench-Gap,NARGP,47,15.15,1.4
Matbench-Gap,NARGP,47,15.2,1.4
Matbench-Gap,NARGP,47,15.25,1.4
Matbench-Gap,NARGP,47,15.3,1.4
Matbench-Gap,NARGP,47,15.35,1.4
Matbench-Gap,NARGP,47,15.4,1.4
Matbench-Gap,NARGP,47,15.45,1.4
Matbench-Gap,NARGP,47,15.5,1.4
Matbench-Gap,NARGP,47,15.55,1.4
Matbench-Gap,NARGP,47,15.6,1.4
Matbench-Gap,NARGP,47,15.65,1.4
Matbench-Gap,NARGP,47,15.7,1.4
Matbench-Gap,NARGP,47,15.75,1.4
Matbench-Gap,NARGP,47,15.8,1.4
Matbench-Gap,NARGP,47,15.85,1.4
Matbench-Gap,NARGP,47,15.9,1.4
Matbench-Gap,NARGP,47,15.95,1.4
Matbench-Gap,NARGP,47,16.0,1.4
Matbench-Gap,NARGP,47,17.0,1.4
Matbench-Gap,NARGP,47,17.05,1.4
Matbench-Gap,NARGP,47,17.1,1.4
Matbench-Gap,NARGP,47,17.15,1.4
Matbench-Gap,NARGP,47,17.2,1.4
Matbench-Gap,NARGP,47,17.25,1.4
Matbench-Gap,NARGP,47,17.3,1.4
Matbench-Gap,NARGP,47,17.35,1.4
Matbench-Gap,NARGP,47,17.4,1.4
Matbench-Gap,NARGP,47,17.45,1.4
Matbench-Gap,NARGP,47,17.5,1.4
Matbench-Gap,NARGP,47,17.55,1.4
Matbench-Gap,NARGP,47,17.6,1.4
Matbench-Gap,NARGP,47,17.65,1.4
Matbench-Gap,NARGP,47,17.7,1.4
Matbench-Gap,NARGP,47,17.75,1.4
Matbench-Gap,NARGP,47,17.8,1.4
Matbench-Gap,NARGP,47,17.85,1.4
Matbench-Gap,NARGP,47,17.9,1.4
Matbench-Gap,NARGP,47,17.95,1.4
Matbench-Gap,NARGP,47,18.0,1.4
Matbench-Gap,NARGP,47,19.0,1.4
Matbench-Gap,NARGP,47,19.05,1.4
Matbench-Gap,NARGP,47,19.1,1.4
Matbench-Gap,NARGP,47,19.15,1.4
Matbench-Gap,NARGP,47,19.2,1.4
Matbench-Gap,NARGP,47,19.25,1.4
Matbench-Gap,NARGP,47,19.3,1.4
Matbench-Gap,NARGP,47,19.35,1.4
Matbench-Gap,NARGP,47,19.4,1.4
Matbench-Gap,NARGP,47,19.45,1.4
Matbench-Gap,NARGP,47,19.5,1.4
Matbench-Gap,NARGP,47,19.55,1.4
Matbench-Gap,NARGP,47,19.6,1.4
Matbench-Gap,NARGP,47,19.65,1.4
Matbench-Gap,NARGP,47,19.7,1.4
Matbench-Gap,NARGP,47,19.75,1.4
Matbench-Gap,NARGP,47,19.8,1.4
Matbench-Gap,NARGP,47,19.85,1.4
Matbench-Gap,NARGP,47,19.9,1.4
Matbench-Gap,NARGP,47,19.95,1.4
HOPV15,Sparse MFGP,58,3.5,5.27
HOPV15,Sparse MFGP,58,3.6,5.27
HOPV15,Sparse MFGP,58,3.7,5.27
HOPV15,Sparse MFGP,58,3.8,5.27
HOPV15,Sparse MFGP,58,3.9,5.27
HOPV15,Sparse MFGP,58,4.0,5.27
HOPV15,Sparse MFGP,58,4.1,5.27
HOPV15,Sparse MFGP,58,4.2,5.27
HOPV15,Sparse MFGP,58,4.3,5.27
HOPV15,Sparse MFGP,58,4.4,5.27
HOPV15,Sparse MFGP,58,4.5,5.27
HOPV15,Sparse MFGP,58,5.5,5.27
HOPV15,Sparse MFGP,58,5.6,5.27
HOPV15,Sparse MFGP,58,5.7,5.27
HOPV15,Sparse MFGP,58,5.8,5.27
HOPV15,Sparse MFGP,58,5.9,5.27
HOPV15,Sparse MFGP,58,6.0,5.27
HOPV15,Sparse MFGP,58,6.1,5.27
HOPV15,Sparse MFGP,58,6.2,5.27
HOPV15,Sparse MFGP,58,6.3,5.27
HOPV15,Sparse MFGP,58,6.4,5.27
HOPV15,Sparse MFGP,58,6.5,5.27
HOPV15,Sparse MFGP,58,7.5,5.27
HOPV15,Sparse MFGP,58,7.6,5.27
HOPV15,Sparse MFGP,58,7.7,5.27
HOPV15,Sparse MFGP,58,7.8,5.27
HOPV15,Sparse MFGP,58,7.9,5.27
HOPV15,Sparse MFGP,58,8.0,5.27
HOPV15,Sparse MFGP,58,8.1,5.27
HOPV15,Sparse MFGP,58,8.2,5.27
HOPV15,Sparse MFGP,58,8.3,5.27
HOPV15,Sparse MFGP,58,8.4,5.27
HOPV15,Sparse MFGP,58,8.5,5.27
HOPV15,Sparse MFGP,58,9.5,5.27
HOPV15,Sparse MFGP,58,9.6,5.27
HOPV15,Sparse MFGP,58,9.7,5.27
HOPV15,Sparse MFGP,58,9.8,5.27
HOPV15,Sparse MFGP,58,9.9,5.27
HOPV15,Sparse MFGP,58,10.0,5.27
HOPV15,Sparse MFGP,58,10.1,5.27
HOPV15,Sparse MFGP,58,10.2,5.27
HOPV15,Sparse MFGP,58,10.3,5.27
HOPV15,Sparse MFGP,58,10.4,5.27
HOPV15,Sparse MFGP,58,10.5,5.27
HOPV15,Sparse MFGP,58,11.5,5.27
HOPV15,Sparse MFGP,58,11.6,5.27
HOPV15,Sparse MFGP,58,11.7,5.27
HOPV15,Sparse MFGP,58,11.8,5.27
HOPV15,Sparse MFGP,58,11.9,5.27
HOPV15,Sparse MFGP,58,12.0,5.27
HOPV15,Sparse MFGP,58,12.1,5.27
HOPV15,Sparse MFGP,58,12.2,5.27
HOPV15,Sparse MFGP,58,12.3,5.27
HOPV15,Sparse MFGP,58,12.4,5.27
HOPV15,Sparse MFGP,58,12.5,5.27
HOPV15,Sparse MFGP,58,13.5,5.27
HOPV15,Sparse MFGP,58,13.6,5.27
HOPV15,Sparse MFGP,58,13.7,5.27
HOPV15,Sparse MFGP,58,13.8,5.27
HOPV15,Sparse MFGP,58,13.9,5.27
HOPV15,Sparse MFGP,58,14.0,5.27
HOPV15,Sparse MFGP,58,14.1,5.27
HOPV15,Sparse MFGP,58,14.2,5.27
HOPV15,Sparse MFGP,58,14.3,5.27
HOPV15,Sparse MFGP,58,14.4,5.27
HOPV15,Sparse MFGP,58,14.5,5.27
HOPV15,Sparse MFGP,58,15.5,5.27
HOPV15,Sparse MFGP,58,15.6,5.27
HOPV15,Sparse MFGP,58,15.7,5.27
HOPV15,Sparse MFGP,58,15.8,5.27
HOPV15,Sparse MFGP,58,15.9,5.27
HOPV15,Sparse MFGP,58,16.0,5.27
HOPV15,Sparse MFGP,58,16.1,5.27
HOPV15,Sparse MFGP,58,16.2,5.27
HOPV15,Sparse MFGP,58,16.3,5.27
HOPV15,Sparse MFGP,58,16.4,5.27
HOPV15,Sparse MFGP,58,16.5,5.27
HOPV15,Sparse MFGP,58,17.5,5.27
HOPV15,Sparse MFGP,58,17.6,5.27
HOPV15,Sparse MFGP,58,17.7,5.27
HOPV15,Sparse MFGP,58,17.8,5.27
HOPV15,Sparse MFGP,58,17.9,5.27
HOPV15,Sparse MFGP,58,18.0,5.27
HOPV15,Sparse MFGP,58,18.1,5.27
HOPV15,Sparse MFGP,58,18.2,5.27
HOPV15,Sparse MFGP,58,18.3,5.27
HOPV15,Sparse MFGP,58,18.4,5.27
HOPV15,Sparse MFGP,58,18.5,5.27
HOPV15,Sparse MFGP,58,19.5,5.27
HOPV15,Sparse MFGP,58,19.6,5.27
HOPV15,Sparse MFGP,58,19.7,5.27
HOPV15,Sparse MFGP,58,19.8,5.27
HOPV15,Sparse MFGP,58,19.9,5.27
HOPV15,Sparse MFGP,58,20.0,5.27
HOPV15,Sparse MFGP,58,20.1,5.27
HOPV15,Sparse MFGP,58,20.2,5.27
HOPV15,Sparse MFGP,58,20.3,5.27
HOPV15,Sparse MFGP,58,20.4,5.27
HOPV15,Sparse MFGP,58,20.5,5.27
HOPV15,Sparse MFGP,58,21.5,5.27
HOPV15,Sparse MFGP,58,21.6,5.27
HOPV15,Sparse MFGP,58,21.7,5.27
HOPV15,Sparse MFGP,58,21.8,5.27
HOPV15,Sparse MFGP,58,21.9,5.27
HOPV15,Sparse MFGP,58,22.0,5.27
HOPV15,Sparse MFGP,58,22.1,5.27
HOPV15,Sparse MFGP,58,22.2,5.27
HOPV15,Sparse MFGP,58,22.3,5.27
HOPV15,Sparse MFGP,58,22.4,5.27
HOPV15,Sparse MFGP,58,22.5,5.27
HOPV15,Sparse MFGP,58,23.5,5.27
HOPV15,Sparse MFGP,58,23.6,5.27
HOPV15,Sparse MFGP,58,23.7,5.27
HOPV15,Sparse MFGP,58,23.8,5.27
HOPV15,Sparse MFGP,58,23.9,5.27
HOPV15,Sparse MFGP,58,24.0,5.27
HOPV15,Sparse MFGP,58,24.1,5.27
HOPV15,Sparse MFGP,58,24.2,5.27
HOPV15,Sparse MFGP,58,24.3,5.27
HOPV15,Sparse MFGP,58,24.4,5.27
HOPV15,Sparse MFGP,58,24.5,5.27
HOPV15,Sparse MFGP,58,25.5,5.1
HOPV15,Sparse MFGP,58,25.6,5.1
HOPV15,Sparse MFGP,58,25.7,5.1
HOPV15,Sparse MFGP,58,25.8,5.1
HOPV15,Sparse MFGP,58,25.9,5.1
HOPV15,Sparse MFGP,58,26.0,5.1
HOPV15,Sparse MFGP,58,26.1,5.1
HOPV15,Sparse MFGP,58,26.2,5.1
HOPV15,Sparse MFGP,58,26.3,5.1
HOPV15,Sparse MFGP,58,26.4,5.1
HOPV15,Sparse MFGP,58,26.5,5.1
HOPV15,Sparse MFGP,58,27.5,5.1
HOPV15,Sparse MFGP,58,27.6,5.1
HOPV15,Sparse MFGP,58,27.7,5.1
HOPV15,Sparse MFGP,58,27.8,5.1
HOPV15,Sparse MFGP,58,27.9,5.1
HOPV15,Sparse MFGP,58,28.0,5.1
HOPV15,Sparse MFGP,58,28.1,5.1
HOPV15,Sparse MFGP,58,28.2,5.1
HOPV15,Sparse MFGP,58,28.3,5.1
HOPV15,Sparse MFGP,58,28.4,5.1
HOPV15,Sparse MFGP,58,28.5,5.1
HOPV15,Sparse MFGP,58,29.5,5.1
HOPV15,Sparse MFGP,58,29.6,5.1
HOPV15,Sparse MFGP,58,29.7,5.1
HOPV15,Sparse MFGP,58,29.8,5.1
HOPV15,Sparse MFGP,58,29.9,5.1
HOPV15,Sparse MFGP,59,3.5,5.27
HOPV15,Sparse MFGP,59,3.6,5.27
HOPV15,Sparse MFGP,59,3.7,5.27
HOPV15,Sparse MFGP,59,3.8,5.27
HOPV15,Sparse MFGP,59,3.9,5.27
HOPV15,Sparse MFGP,59,4.0,5.27
HOPV15,Sparse MFGP,59,4.1,5.27
HOPV15,Sparse MFGP,59,4.2,5.27
HOPV15,Sparse MFGP,59,4.3,5.27
HOPV15,Sparse MFGP,59,4.4,5.27
HOPV15,Sparse MFGP,59,4.5,5.27
HOPV15,Sparse MFGP,59,5.5,5.27
HOPV15,Sparse MFGP,59,5.6,5.27
HOPV15,Sparse MFGP,59,5.7,5.27
HOPV15,Sparse MFGP,59,5.8,5.27
HOPV15,Sparse MFGP,59,5.9,5.27
HOPV15,Sparse MFGP,59,6.0,5.27
HOPV15,Sparse MFGP,59,6.1,5.27
HOPV15,Sparse MFGP,59,6.2,5.27
HOPV15,Sparse MFGP,59,6.3,5.27
HOPV15,Sparse MFGP,59,6.4,5.27
HOPV15,Sparse MFGP,59,6.5,5.27
HOPV15,Sparse MFGP,59,7.5,5.27
HOPV15,Sparse MFGP,59,7.6,5.27
HOPV15,Sparse MFGP,59,7.7,5.27
HOPV15,Sparse MFGP,59,7.8,5.27
HOPV15,Sparse MFGP,59,7.9,5.27
HOPV15,Sparse MFGP,59,8.0,5.27
HOPV15,Sparse MFGP,59,8.1,5.27
HOPV15,Sparse MFGP,59,8.2,5.27
HOPV15,Sparse MFGP,59,8.3,5.27
HOPV15,Sparse MFGP,59,8.4,5.27
HOPV15,Sparse MFGP,59,8.5,5.27
HOPV15,Sparse MFGP,59,9.5,5.27
HOPV15,Sparse MFGP,59,9.6,5.27
HOPV15,Sparse MFGP,59,9.7,5.27
HOPV15,Sparse MFGP,59,9.8,5.27
HOPV15,Sparse MFGP,59,9.9,5.27
HOPV15,Sparse MFGP,59,10.0,5.27
HOPV15,Sparse MFGP,59,10.1,5.27
HOPV15,Sparse MFGP,59,10.2,5.27
HOPV15,Sparse MFGP,59,10.3,5.27
HOPV15,Sparse MFGP,59,10.4,5.27
HOPV15,Sparse MFGP,59,10.5,5.27
HOPV15,Sparse MFGP,59,11.5,5.27
HOPV15,Sparse MFGP,59,11.6,5.27
HOPV15,Sparse MFGP,59,11.7,5.27
HOPV15,Sparse MFGP,59,11.8,5.27
HOPV15,Sparse MFGP,59,11.9,5.27
HOPV15,Sparse MFGP,59,12.0,5.27
HOPV15,Sparse MFGP,59,12.1,5.27
HOPV15,Sparse MFGP,59,12.2,5.27
HOPV15,Sparse MFGP,59,12.3,5.27
HOPV15,Sparse MFGP,59,12.4,5.27
HOPV15,Sparse MFGP,59,12.5,5.27
HOPV15,Sparse MFGP,59,13.5,5.27
HOPV15,Sparse MFGP,59,13.6,5.27
HOPV15,Sparse MFGP,59,13.7,5.27
HOPV15,Sparse MFGP,59,13.8,5.27
HOPV15,Sparse MFGP,59,13.9,5.27
HOPV15,Sparse MFGP,59,14.0,5.27
HOPV15,Sparse MFGP,59,14.1,5.27
HOPV15,Sparse MFGP,59,14.2,5.27
HOPV15,Sparse MFGP,59,14.3,5.27
HOPV15,Sparse MFGP,59,14.4,5.27
HOPV15,Sparse MFGP,59,14.5,5.27
HOPV15,Sparse MFGP,59,15.5,5.27
HOPV15,Sparse MFGP,59,15.6,5.27
HOPV15,Sparse MFGP,59,15.7,5.27
HOPV15,Sparse MFGP,59,15.8,5.27
HOPV15,Sparse MFGP,59,15.9,5.27
HOPV15,Sparse MFGP,59,16.0,5.27
HOPV15,Sparse MFGP,59,16.1,5.27
HOPV15,Sparse MFGP,59,16.2,5.27
HOPV15,Sparse MFGP,59,16.3,5.27
HOPV15,Sparse MFGP,59,16.4,5.27
HOPV15,Sparse MFGP,59,16.5,5.27
HOPV15,Sparse MFGP,59,17.5,5.27
HOPV15,Sparse MFGP,59,17.6,5.27
HOPV15,Sparse MFGP,59,17.7,5.27
HOPV15,Sparse MFGP,59,17.8,5.27
HOPV15,Sparse MFGP,59,17.9,5.27
HOPV15,Sparse MFGP,59,18.0,5.27
HOPV15,Sparse MFGP,59,18.1,5.27
HOPV15,Sparse MFGP,59,18.2,5.27
HOPV15,Sparse MFGP,59,18.3,5.27
HOPV15,Sparse MFGP,59,18.4,5.27
HOPV15,Sparse MFGP,59,18.5,5.27
HOPV15,Sparse MFGP,59,19.5,5.27
HOPV15,Sparse MFGP,59,19.6,5.27
HOPV15,Sparse MFGP,59,19.7,5.27
HOPV15,Sparse MFGP,59,19.8,5.27
HOPV15,Sparse MFGP,59,19.9,5.27
HOPV15,Sparse MFGP,59,20.0,5.27
HOPV15,Sparse MFGP,59,20.1,5.27
HOPV15,Sparse MFGP,59,20.2,5.27
HOPV15,Sparse MFGP,59,20.3,5.27
HOPV15,Sparse MFGP,59,20.4,5.27
HOPV15,Sparse MFGP,59,20.5,5.27
HOPV15,Sparse MFGP,59,21.5,5.27
HOPV15,Sparse MFGP,59,21.6,5.27
HOPV15,Sparse MFGP,59,21.7,5.27
HOPV15,Sparse MFGP,59,21.8,5.27
HOPV15,Sparse MFGP,59,21.9,5.27
HOPV15,Sparse MFGP,59,22.0,5.27
HOPV15,Sparse MFGP,59,22.1,5.27
HOPV15,Sparse MFGP,59,22.2,5.27
HOPV15,Sparse MFGP,59,22.3,5.27
HOPV15,Sparse MFGP,59,22.4,5.27
HOPV15,Sparse MFGP,59,22.5,5.27
HOPV15,Sparse MFGP,59,23.5,5.27
HOPV15,Sparse MFGP,59,23.6,5.27
HOPV15,Sparse MFGP,59,23.7,5.27
HOPV15,Sparse MFGP,59,23.8,5.27
HOPV15,Sparse MFGP,59,23.9,5.27
HOPV15,Sparse MFGP,59,24.0,5.27
HOPV15,Sparse MFGP,59,24.1,5.27
HOPV15,Sparse MFGP,59,24.2,5.27
HOPV15,Sparse MFGP,59,24.3,5.27
HOPV15,Sparse MFGP,59,24.4,5.27
HOPV15,Sparse MFGP,59,24.5,5.27
HOPV15,Sparse MFGP,59,25.5,5.199999999999999
HOPV15,Sparse MFGP,59,25.6,5.199999999999999
HOPV15,Sparse MFGP,59,25.7,5.199999999999999
HOPV15,Sparse MFGP,59,25.8,5.199999999999999
HOPV15,Sparse MFGP,59,25.9,5.199999999999999
HOPV15,Sparse MFGP,59,26.0,5.199999999999999
HOPV15,Sparse MFGP,59,26.1,5.199999999999999
HOPV15,Sparse MFGP,59,26.2,5.199999999999999
HOPV15,Sparse MFGP,59,26.3,5.199999999999999
HOPV15,Sparse MFGP,59,26.4,5.199999999999999
HOPV15,Sparse MFGP,59,26.5,5.199999999999999
HOPV15,Sparse MFGP,59,27.5,5.199999999999999
HOPV15,Sparse MFGP,59,27.6,5.199999999999999
HOPV15,Sparse MFGP,59,27.7,5.199999999999999
HOPV15,Sparse MFGP,59,27.8,5.199999999999999
HOPV15,Sparse MFGP,59,27.9,5.199999999999999
HOPV15,Sparse MFGP,59,28.0,5.199999999999999
HOPV15,Sparse MFGP,59,28.1,5.199999999999999
HOPV15,Sparse MFGP,59,28.2,5.199999999999999
HOPV15,Sparse MFGP,59,28.3,5.199999999999999
HOPV15,Sparse MFGP,59,28.4,5.199999999999999
HOPV15,Sparse MFGP,59,28.5,5.199999999999999
HOPV15,Sparse MFGP,59,29.5,5.199999999999999
HOPV15,Sparse MFGP,59,29.6,5.199999999999999
HOPV15,Sparse MFGP,59,29.7,5.199999999999999
HOPV15,Sparse MFGP,59,29.8,5.199999999999999
HOPV15,Sparse MFGP,59,29.9,5.199999999999999
Matbench-Gap,NARGP,48,3.0,1.4
Matbench-Gap,NARGP,48,3.05,1.4
Matbench-Gap,NARGP,48,3.1,1.4
Matbench-Gap,NARGP,48,3.15,1.4
Matbench-Gap,NARGP,48,3.2,1.4
Matbench-Gap,NARGP,48,3.25,1.4
Matbench-Gap,NARGP,48,3.3,1.4
Matbench-Gap,NARGP,48,3.35,1.4
Matbench-Gap,NARGP,48,3.4,1.4
Matbench-Gap,NARGP,48,3.45,1.4
Matbench-Gap,NARGP,48,3.5,1.4
Matbench-Gap,NARGP,48,3.55,1.4
Matbench-Gap,NARGP,48,3.6,1.4
Matbench-Gap,NARGP,48,3.65,1.4
Matbench-Gap,NARGP,48,3.7,1.4
Matbench-Gap,NARGP,48,3.75,1.4
Matbench-Gap,NARGP,48,3.8,1.4
Matbench-Gap,NARGP,48,3.85,1.4
Matbench-Gap,NARGP,48,3.9,1.4
Matbench-Gap,NARGP,48,3.95,1.4
Matbench-Gap,NARGP,48,4.0,1.4
Matbench-Gap,NARGP,48,5.0,1.4
Matbench-Gap,NARGP,48,5.05,1.4
Matbench-Gap,NARGP,48,5.1,1.4
Matbench-Gap,NARGP,48,5.15,1.4
Matbench-Gap,NARGP,48,5.2,1.4
Matbench-Gap,NARGP,48,5.25,1.4
Matbench-Gap,NARGP,48,5.3,1.4
Matbench-Gap,NARGP,48,5.35,1.4
Matbench-Gap,NARGP,48,5.4,1.4
Matbench-Gap,NARGP,48,5.45,1.4
Matbench-Gap,NARGP,48,5.5,1.4
Matbench-Gap,NARGP,48,5.55,1.4
Matbench-Gap,NARGP,48,5.6,1.4
Matbench-Gap,NARGP,48,5.65,1.4
Matbench-Gap,NARGP,48,5.7,1.4
Matbench-Gap,NARGP,48,5.75,1.4
Matbench-Gap,NARGP,48,5.8,1.4
Matbench-Gap,NARGP,48,5.85,1.4
Matbench-Gap,NARGP,48,5.9,1.4
Matbench-Gap,NARGP,48,5.95,1.4
Matbench-Gap,NARGP,48,6.0,1.4
Matbench-Gap,NARGP,48,7.0,1.4
Matbench-Gap,NARGP,48,7.05,1.4
Matbench-Gap,NARGP,48,7.1,1.4
Matbench-Gap,NARGP,48,7.15,1.4
Matbench-Gap,NARGP,48,7.2,1.4
Matbench-Gap,NARGP,48,7.25,1.4
Matbench-Gap,NARGP,48,7.3,1.4
Matbench-Gap,NARGP,48,7.35,1.4
Matbench-Gap,NARGP,48,7.4,1.4
Matbench-Gap,NARGP,48,7.45,1.4
Matbench-Gap,NARGP,48,7.5,1.4
Matbench-Gap,NARGP,48,7.55,1.4
Matbench-Gap,NARGP,48,7.6,1.4
Matbench-Gap,NARGP,48,7.65,1.4
Matbench-Gap,NARGP,48,7.7,1.4
Matbench-Gap,NARGP,48,7.75,1.4
Matbench-Gap,NARGP,48,7.8,1.4
Matbench-Gap,NARGP,48,7.85,1.4
Matbench-Gap,NARGP,48,7.9,1.4
Matbench-Gap,NARGP,48,7.95,1.4
Matbench-Gap,NARGP,48,8.0,1.4
Matbench-Gap,NARGP,48,9.0,1.4
Matbench-Gap,NARGP,48,9.05,1.4
Matbench-Gap,NARGP,48,9.1,1.4
Matbench-Gap,NARGP,48,9.15,1.4
Matbench-Gap,NARGP,48,9.2,1.4
Matbench-Gap,NARGP,48,9.25,1.4
Matbench-Gap,NARGP,48,9.3,1.4
Matbench-Gap,NARGP,48,9.35,1.4
Matbench-Gap,NARGP,48,9.4,1.4
Matbench-Gap,NARGP,48,9.45,1.4
Matbench-Gap,NARGP,48,9.5,1.4
Matbench-Gap,NARGP,48,9.55,1.4
Matbench-Gap,NARGP,48,9.6,1.4
Matbench-Gap,NARGP,48,9.65,1.4
Matbench-Gap,NARGP,48,9.7,1.4
Matbench-Gap,NARGP,48,9.75,1.4
Matbench-Gap,NARGP,48,9.8,1.4
Matbench-Gap,NARGP,48,9.85,1.4
Matbench-Gap,NARGP,48,9.9,1.4
Matbench-Gap,NARGP,48,9.95,1.4
Matbench-Gap,NARGP,48,10.0,1.4
Matbench-Gap,NARGP,48,11.0,1.4
Matbench-Gap,NARGP,48,11.05,1.4
Matbench-Gap,NARGP,48,11.1,1.4
Matbench-Gap,NARGP,48,11.15,1.4
Matbench-Gap,NARGP,48,11.2,1.4
Matbench-Gap,NARGP,48,11.25,1.4
Matbench-Gap,NARGP,48,11.3,1.4
Matbench-Gap,NARGP,48,11.35,1.4
Matbench-Gap,NARGP,48,11.4,1.4
Matbench-Gap,NARGP,48,11.45,1.4
Matbench-Gap,NARGP,48,11.5,1.4
Matbench-Gap,NARGP,48,11.55,1.4
Matbench-Gap,NARGP,48,11.6,1.4
Matbench-Gap,NARGP,48,11.65,1.4
Matbench-Gap,NARGP,48,11.7,1.4
Matbench-Gap,NARGP,48,11.75,1.4
Matbench-Gap,NARGP,48,11.8,1.4
Matbench-Gap,NARGP,48,11.85,1.4
Matbench-Gap,NARGP,48,11.9,1.4
Matbench-Gap,NARGP,48,11.95,1.4
Matbench-Gap,NARGP,48,12.0,1.4
Matbench-Gap,NARGP,48,13.0,1.4
Matbench-Gap,NARGP,48,13.05,1.4
Matbench-Gap,NARGP,48,13.1,1.4
Matbench-Gap,NARGP,48,13.15,1.4
Matbench-Gap,NARGP,48,13.2,1.4
Matbench-Gap,NARGP,48,13.25,1.4
Matbench-Gap,NARGP,48,13.3,1.4
Matbench-Gap,NARGP,48,13.35,1.4
Matbench-Gap,NARGP,48,13.4,1.4
Matbench-Gap,NARGP,48,13.45,1.4
Matbench-Gap,NARGP,48,13.5,1.4
Matbench-Gap,NARGP,48,13.55,1.4
Matbench-Gap,NARGP,48,13.6,1.4
Matbench-Gap,NARGP,48,13.65,1.4
Matbench-Gap,NARGP,48,13.7,1.4
Matbench-Gap,NARGP,48,13.75,1.4
Matbench-Gap,NARGP,48,13.8,1.4
Matbench-Gap,NARGP,48,13.85,1.4
Matbench-Gap,NARGP,48,13.9,1.4
Matbench-Gap,NARGP,48,13.95,1.4
Matbench-Gap,NARGP,48,14.0,1.4
Matbench-Gap,NARGP,48,15.0,1.4
Matbench-Gap,NARGP,48,15.05,1.4
Matbench-Gap,NARGP,48,15.1,1.4
Matbench-Gap,NARGP,48,15.15,1.4
Matbench-Gap,NARGP,48,15.2,1.4
Matbench-Gap,NARGP,48,15.25,1.4
Matbench-Gap,NARGP,48,15.3,1.4
Matbench-Gap,NARGP,48,15.35,1.4
Matbench-Gap,NARGP,48,15.4,1.4
Matbench-Gap,NARGP,48,15.45,1.4
Matbench-Gap,NARGP,48,15.5,1.4
Matbench-Gap,NARGP,48,15.55,1.4
Matbench-Gap,NARGP,48,15.6,1.4
Matbench-Gap,NARGP,48,15.65,1.4
Matbench-Gap,NARGP,48,15.7,1.4
Matbench-Gap,NARGP,48,15.75,1.4
Matbench-Gap,NARGP,48,15.8,1.4
Matbench-Gap,NARGP,48,15.85,1.4
Matbench-Gap,NARGP,48,15.9,1.4
Matbench-Gap,NARGP,48,15.95,1.4
Matbench-Gap,NARGP,48,16.0,1.4
Matbench-Gap,NARGP,48,17.0,1.4
Matbench-Gap,NARGP,48,17.05,1.4
Matbench-Gap,NARGP,48,17.1,1.4
Matbench-Gap,NARGP,48,17.15,1.4
Matbench-Gap,NARGP,48,17.2,1.4
Matbench-Gap,NARGP,48,17.25,1.4
Matbench-Gap,NARGP,48,17.3,1.4
Matbench-Gap,NARGP,48,17.35,1.4
Matbench-Gap,NARGP,48,17.4,1.4
Matbench-Gap,NARGP,48,17.45,1.4
Matbench-Gap,NARGP,48,17.5,1.4
Matbench-Gap,NARGP,48,17.55,1.4
Matbench-Gap,NARGP,48,17.6,1.4
Matbench-Gap,NARGP,48,17.65,1.4
Matbench-Gap,NARGP,48,17.7,1.4
Matbench-Gap,NARGP,48,17.75,1.4
Matbench-Gap,NARGP,48,17.8,1.4
Matbench-Gap,NARGP,48,17.85,1.4
Matbench-Gap,NARGP,48,17.9,1.4
Matbench-Gap,NARGP,48,17.95,1.4
Matbench-Gap,NARGP,48,18.0,1.4
Matbench-Gap,NARGP,48,19.0,1.4
Matbench-Gap,NARGP,48,19.05,1.4
Matbench-Gap,NARGP,48,19.1,1.4
Matbench-Gap,NARGP,48,19.15,1.4
Matbench-Gap,NARGP,48,19.2,1.4
Matbench-Gap,NARGP,48,19.25,1.4
Matbench-Gap,NARGP,48,19.3,1.4
Matbench-Gap,NARGP,48,19.35,1.4
Matbench-Gap,NARGP,48,19.4,1.4
Matbench-Gap,NARGP,48,19.45,1.4
Matbench-Gap,NARGP,48,19.5,1.4
Matbench-Gap,NARGP,48,19.55,1.4
Matbench-Gap,NARGP,48,19.6,1.4
Matbench-Gap,NARGP,48,19.65,1.4
Matbench-Gap,NARGP,48,19.7,1.4
Matbench-Gap,NARGP,48,19.75,1.4
Matbench-Gap,NARGP,48,19.8,1.4
Matbench-Gap,NARGP,48,19.85,1.4
Matbench-Gap,NARGP,48,19.9,1.4
Matbench-Gap,NARGP,48,19.95,1.4
Matbench-Gap,NARGP,49,3.0,0.7800000000000002
Matbench-Gap,NARGP,49,3.05,0.7800000000000002
Matbench-Gap,NARGP,49,3.1,0.7800000000000002
Matbench-Gap,NARGP,49,3.15,0.7800000000000002
Matbench-Gap,NARGP,49,3.2,0.7800000000000002
Matbench-Gap,NARGP,49,3.25,0.7800000000000002
Matbench-Gap,NARGP,49,3.3,0.7800000000000002
Matbench-Gap,NARGP,49,3.35,0.7800000000000002
Matbench-Gap,NARGP,49,3.4,0.7800000000000002
Matbench-Gap,NARGP,49,3.45,0.7800000000000002
Matbench-Gap,NARGP,49,3.5,0.7800000000000002
Matbench-Gap,NARGP,49,3.55,0.7800000000000002
Matbench-Gap,NARGP,49,3.6,0.7800000000000002
Matbench-Gap,NARGP,49,3.65,0.7800000000000002
Matbench-Gap,NARGP,49,3.7,0.7800000000000002
Matbench-Gap,NARGP,49,3.75,0.7800000000000002
Matbench-Gap,NARGP,49,3.8,0.7800000000000002
Matbench-Gap,NARGP,49,3.85,0.7800000000000002
Matbench-Gap,NARGP,49,3.9,0.7800000000000002
Matbench-Gap,NARGP,49,3.95,0.7800000000000002
Matbench-Gap,NARGP,49,4.0,0.7800000000000002
Matbench-Gap,NARGP,49,5.0,0.7800000000000002
Matbench-Gap,NARGP,49,5.05,0.7800000000000002
Matbench-Gap,NARGP,49,5.1,0.7800000000000002
Matbench-Gap,NARGP,49,5.15,0.7800000000000002
Matbench-Gap,NARGP,49,5.2,0.7800000000000002
Matbench-Gap,NARGP,49,5.25,0.7800000000000002
Matbench-Gap,NARGP,49,5.3,0.7800000000000002
Matbench-Gap,NARGP,49,5.35,0.7800000000000002
Matbench-Gap,NARGP,49,5.4,0.7800000000000002
Matbench-Gap,NARGP,49,5.45,0.7800000000000002
Matbench-Gap,NARGP,49,5.5,0.7800000000000002
Matbench-Gap,NARGP,49,5.55,0.7800000000000002
Matbench-Gap,NARGP,49,5.6,0.7800000000000002
Matbench-Gap,NARGP,49,5.65,0.7800000000000002
Matbench-Gap,NARGP,49,5.7,0.7800000000000002
Matbench-Gap,NARGP,49,5.75,0.7800000000000002
Matbench-Gap,NARGP,49,5.8,0.7800000000000002
Matbench-Gap,NARGP,49,5.85,0.7800000000000002
Matbench-Gap,NARGP,49,5.9,0.7800000000000002
Matbench-Gap,NARGP,49,5.95,0.7800000000000002
Matbench-Gap,NARGP,49,6.0,0.7800000000000002
Matbench-Gap,NARGP,49,7.0,0.7800000000000002
Matbench-Gap,NARGP,49,7.05,0.7800000000000002
Matbench-Gap,NARGP,49,7.1,0.7800000000000002
Matbench-Gap,NARGP,49,7.15,0.7800000000000002
Matbench-Gap,NARGP,49,7.2,0.7800000000000002
Matbench-Gap,NARGP,49,7.25,0.7800000000000002
Matbench-Gap,NARGP,49,7.3,0.7800000000000002
Matbench-Gap,NARGP,49,7.35,0.7800000000000002
Matbench-Gap,NARGP,49,7.4,0.7800000000000002
Matbench-Gap,NARGP,49,7.45,0.7800000000000002
Matbench-Gap,NARGP,49,7.5,0.7800000000000002
Matbench-Gap,NARGP,49,7.55,0.7800000000000002
Matbench-Gap,NARGP,49,7.6,0.7800000000000002
Matbench-Gap,NARGP,49,7.65,0.7800000000000002
Matbench-Gap,NARGP,49,7.7,0.7800000000000002
Matbench-Gap,NARGP,49,7.75,0.7800000000000002
Matbench-Gap,NARGP,49,7.8,0.7800000000000002
Matbench-Gap,NARGP,49,7.85,0.7800000000000002
Matbench-Gap,NARGP,49,7.9,0.7800000000000002
Matbench-Gap,NARGP,49,7.95,0.7800000000000002
Matbench-Gap,NARGP,49,8.0,0.7800000000000002
Matbench-Gap,NARGP,49,9.0,0.7800000000000002
Matbench-Gap,NARGP,49,9.05,0.7800000000000002
Matbench-Gap,NARGP,49,9.1,0.7800000000000002
Matbench-Gap,NARGP,49,9.15,0.7800000000000002
Matbench-Gap,NARGP,49,9.2,0.7800000000000002
Matbench-Gap,NARGP,49,9.25,0.7800000000000002
Matbench-Gap,NARGP,49,9.3,0.7800000000000002
Matbench-Gap,NARGP,49,9.35,0.7800000000000002
Matbench-Gap,NARGP,49,9.4,0.7800000000000002
Matbench-Gap,NARGP,49,9.45,0.7800000000000002
Matbench-Gap,NARGP,49,9.5,0.7800000000000002
Matbench-Gap,NARGP,49,9.55,0.7800000000000002
Matbench-Gap,NARGP,49,9.6,0.7800000000000002
Matbench-Gap,NARGP,49,9.65,0.7800000000000002
Matbench-Gap,NARGP,49,9.7,0.7800000000000002
Matbench-Gap,NARGP,49,9.75,0.7800000000000002
Matbench-Gap,NARGP,49,9.8,0.7800000000000002
Matbench-Gap,NARGP,49,9.85,0.7800000000000002
Matbench-Gap,NARGP,49,9.9,0.7800000000000002
Matbench-Gap,NARGP,49,9.95,0.7800000000000002
Matbench-Gap,NARGP,49,10.0,0.7800000000000002
Matbench-Gap,NARGP,49,11.0,0.7800000000000002
Matbench-Gap,NARGP,49,11.05,0.7800000000000002
Matbench-Gap,NARGP,49,11.1,0.7800000000000002
Matbench-Gap,NARGP,49,11.15,0.7800000000000002
Matbench-Gap,NARGP,49,11.2,0.7800000000000002
Matbench-Gap,NARGP,49,11.25,0.7800000000000002
Matbench-Gap,NARGP,49,11.3,0.7800000000000002
Matbench-Gap,NARGP,49,11.35,0.7800000000000002
Matbench-Gap,NARGP,49,11.4,0.7800000000000002
Matbench-Gap,NARGP,49,11.45,0.7800000000000002
Matbench-Gap,NARGP,49,11.5,0.7800000000000002
Matbench-Gap,NARGP,49,11.55,0.7800000000000002
Matbench-Gap,NARGP,49,11.6,0.7800000000000002
Matbench-Gap,NARGP,49,11.65,0.7800000000000002
Matbench-Gap,NARGP,49,11.7,0.7800000000000002
Matbench-Gap,NARGP,49,11.75,0.7800000000000002
Matbench-Gap,NARGP,49,11.8,0.7800000000000002
Matbench-Gap,NARGP,49,11.85,0.7800000000000002
Matbench-Gap,NARGP,49,11.9,0.7800000000000002
Matbench-Gap,NARGP,49,11.95,0.7800000000000002
Matbench-Gap,NARGP,49,12.0,0.7800000000000002
Matbench-Gap,NARGP,49,13.0,0.7800000000000002
Matbench-Gap,NARGP,49,13.05,0.7800000000000002
Matbench-Gap,NARGP,49,13.1,0.7800000000000002
Matbench-Gap,NARGP,49,13.15,0.7800000000000002
Matbench-Gap,NARGP,49,13.2,0.7800000000000002
Matbench-Gap,NARGP,49,13.25,0.7800000000000002
Matbench-Gap,NARGP,49,13.3,0.7800000000000002
Matbench-Gap,NARGP,49,13.35,0.7800000000000002
Matbench-Gap,NARGP,49,13.4,0.7800000000000002
Matbench-Gap,NARGP,49,13.45,0.7800000000000002
Matbench-Gap,NARGP,49,13.5,0.7800000000000002
Matbench-Gap,NARGP,49,13.55,0.7800000000000002
Matbench-Gap,NARGP,49,13.6,0.7800000000000002
Matbench-Gap,NARGP,49,13.65,0.7800000000000002
Matbench-Gap,NARGP,49,13.7,0.7800000000000002
Matbench-Gap,NARGP,49,13.75,0.7800000000000002
Matbench-Gap,NARGP,49,13.8,0.7800000000000002
Matbench-Gap,NARGP,49,13.85,0.7800000000000002
Matbench-Gap,NARGP,49,13.9,0.7800000000000002
Matbench-Gap,NARGP,49,13.95,0.7800000000000002
Matbench-Gap,NARGP,49,14.0,0.7800000000000002
Matbench-Gap,NARGP,49,15.0,0.7800000000000002
Matbench-Gap,NARGP,49,15.05,0.7800000000000002
Matbench-Gap,NARGP,49,15.1,0.7800000000000002
Matbench-Gap,NARGP,49,15.15,0.7800000000000002
Matbench-Gap,NARGP,49,15.2,0.7800000000000002
Matbench-Gap,NARGP,49,15.25,0.7800000000000002
Matbench-Gap,NARGP,49,15.3,0.7800000000000002
Matbench-Gap,NARGP,49,15.35,0.7800000000000002
Matbench-Gap,NARGP,49,15.4,0.7800000000000002
Matbench-Gap,NARGP,49,15.45,0.7800000000000002
Matbench-Gap,NARGP,49,15.5,0.7800000000000002
Matbench-Gap,NARGP,49,15.55,0.7800000000000002
Matbench-Gap,NARGP,49,15.6,0.7800000000000002
Matbench-Gap,NARGP,49,15.65,0.7800000000000002
Matbench-Gap,NARGP,49,15.7,0.7800000000000002
Matbench-Gap,NARGP,49,15.75,0.7800000000000002
Matbench-Gap,NARGP,49,15.8,0.7800000000000002
Matbench-Gap,NARGP,49,15.85,0.7800000000000002
Matbench-Gap,NARGP,49,15.9,0.7800000000000002
Matbench-Gap,NARGP,49,15.95,0.7800000000000002
Matbench-Gap,NARGP,49,16.0,0.7800000000000002
Matbench-Gap,NARGP,49,17.0,0.7800000000000002
Matbench-Gap,NARGP,49,17.05,0.7800000000000002
Matbench-Gap,NARGP,49,17.1,0.7800000000000002
Matbench-Gap,NARGP,49,17.15,0.7800000000000002
Matbench-Gap,NARGP,49,17.2,0.7800000000000002
Matbench-Gap,NARGP,49,17.25,0.7800000000000002
Matbench-Gap,NARGP,49,17.3,0.7800000000000002
Matbench-Gap,NARGP,49,17.35,0.7800000000000002
Matbench-Gap,NARGP,49,17.4,0.7800000000000002
Matbench-Gap,NARGP,49,17.45,0.7800000000000002
Matbench-Gap,NARGP,49,17.5,0.7800000000000002
Matbench-Gap,NARGP,49,17.55,0.7800000000000002
Matbench-Gap,NARGP,49,17.6,0.7800000000000002
Matbench-Gap,NARGP,49,17.65,0.7800000000000002
Matbench-Gap,NARGP,49,17.7,0.7800000000000002
Matbench-Gap,NARGP,49,17.75,0.7800000000000002
Matbench-Gap,NARGP,49,17.8,0.7800000000000002
Matbench-Gap,NARGP,49,17.85,0.7800000000000002
Matbench-Gap,NARGP,49,17.9,0.7800000000000002
Matbench-Gap,NARGP,49,17.95,0.7800000000000002
Matbench-Gap,NARGP,49,18.0,0.7800000000000002
Matbench-Gap,NARGP,49,19.0,0.7800000000000002
Matbench-Gap,NARGP,49,19.05,0.7800000000000002
Matbench-Gap,NARGP,49,19.1,0.7800000000000002
Matbench-Gap,NARGP,49,19.15,0.7800000000000002
Matbench-Gap,NARGP,49,19.2,0.7800000000000002
Matbench-Gap,NARGP,49,19.25,0.7800000000000002
Matbench-Gap,NARGP,49,19.3,0.7800000000000002
Matbench-Gap,NARGP,49,19.35,0.7800000000000002
Matbench-Gap,NARGP,49,19.4,0.7800000000000002
Matbench-Gap,NARGP,49,19.45,0.7800000000000002
Matbench-Gap,NARGP,49,19.5,0.7800000000000002
Matbench-Gap,NARGP,49,19.55,0.7800000000000002
Matbench-Gap,NARGP,49,19.6,0.7800000000000002
Matbench-Gap,NARGP,49,19.65,0.7800000000000002
Matbench-Gap,NARGP,49,19.7,0.7800000000000002
Matbench-Gap,NARGP,49,19.75,0.7800000000000002
Matbench-Gap,NARGP,49,19.8,0.7800000000000002
Matbench-Gap,NARGP,49,19.85,0.7800000000000002
Matbench-Gap,NARGP,49,19.9,0.7800000000000002
Matbench-Gap,NARGP,49,19.95,0.7800000000000002
Matbench-Gap,NARGP,51,3.0,0.8999999999999999
Matbench-Gap,NARGP,51,3.05,0.8999999999999999
Matbench-Gap,NARGP,51,3.1,0.8999999999999999
Matbench-Gap,NARGP,51,3.15,0.8999999999999999
Matbench-Gap,NARGP,51,3.2,0.8999999999999999
Matbench-Gap,NARGP,51,3.25,0.8999999999999999
Matbench-Gap,NARGP,51,3.3,0.8999999999999999
Matbench-Gap,NARGP,51,3.35,0.8999999999999999
Matbench-Gap,NARGP,51,3.4,0.8999999999999999
Matbench-Gap,NARGP,51,3.45,0.8999999999999999
Matbench-Gap,NARGP,51,3.5,0.8999999999999999
Matbench-Gap,NARGP,51,3.55,0.8999999999999999
Matbench-Gap,NARGP,51,3.6,0.8999999999999999
Matbench-Gap,NARGP,51,3.65,0.8999999999999999
Matbench-Gap,NARGP,51,3.7,0.8999999999999999
Matbench-Gap,NARGP,51,3.75,0.8999999999999999
Matbench-Gap,NARGP,51,3.8,0.8999999999999999
Matbench-Gap,NARGP,51,3.85,0.8999999999999999
Matbench-Gap,NARGP,51,3.9,0.8999999999999999
Matbench-Gap,NARGP,51,3.95,0.8999999999999999
Matbench-Gap,NARGP,51,4.0,0.8999999999999999
Matbench-Gap,NARGP,51,5.0,0.8999999999999999
Matbench-Gap,NARGP,51,5.05,0.8999999999999999
Matbench-Gap,NARGP,51,5.1,0.8999999999999999
Matbench-Gap,NARGP,51,5.15,0.8999999999999999
Matbench-Gap,NARGP,51,5.2,0.8999999999999999
Matbench-Gap,NARGP,51,5.25,0.8999999999999999
Matbench-Gap,NARGP,51,5.3,0.8999999999999999
Matbench-Gap,NARGP,51,5.35,0.8999999999999999
Matbench-Gap,NARGP,51,5.4,0.8999999999999999
Matbench-Gap,NARGP,51,5.45,0.8999999999999999
Matbench-Gap,NARGP,51,5.5,0.8999999999999999
Matbench-Gap,NARGP,51,5.55,0.8999999999999999
Matbench-Gap,NARGP,51,5.6,0.8999999999999999
Matbench-Gap,NARGP,51,5.65,0.8999999999999999
Matbench-Gap,NARGP,51,5.7,0.8999999999999999
Matbench-Gap,NARGP,51,5.75,0.8999999999999999
Matbench-Gap,NARGP,51,5.8,0.8999999999999999
Matbench-Gap,NARGP,51,5.85,0.8999999999999999
Matbench-Gap,NARGP,51,5.9,0.8999999999999999
Matbench-Gap,NARGP,51,5.95,0.8999999999999999
Matbench-Gap,NARGP,51,6.0,0.8999999999999999
Matbench-Gap,NARGP,51,7.0,0.8999999999999999
Matbench-Gap,NARGP,51,7.05,0.8999999999999999
Matbench-Gap,NARGP,51,7.1,0.8999999999999999
Matbench-Gap,NARGP,51,7.15,0.8999999999999999
Matbench-Gap,NARGP,51,7.2,0.8999999999999999
Matbench-Gap,NARGP,51,7.25,0.8999999999999999
Matbench-Gap,NARGP,51,7.3,0.8999999999999999
Matbench-Gap,NARGP,51,7.35,0.8999999999999999
Matbench-Gap,NARGP,51,7.4,0.8999999999999999
Matbench-Gap,NARGP,51,7.45,0.8999999999999999
Matbench-Gap,NARGP,51,7.5,0.8999999999999999
Matbench-Gap,NARGP,51,7.55,0.8999999999999999
Matbench-Gap,NARGP,51,7.6,0.8999999999999999
Matbench-Gap,NARGP,51,7.65,0.8999999999999999
Matbench-Gap,NARGP,51,7.7,0.8999999999999999
Matbench-Gap,NARGP,51,7.75,0.8999999999999999
Matbench-Gap,NARGP,51,7.8,0.8999999999999999
Matbench-Gap,NARGP,51,7.85,0.8999999999999999
Matbench-Gap,NARGP,51,7.9,0.8999999999999999
Matbench-Gap,NARGP,51,7.95,0.8999999999999999
Matbench-Gap,NARGP,51,8.0,0.8999999999999999
Matbench-Gap,NARGP,51,9.0,0.8999999999999999
Matbench-Gap,NARGP,51,9.05,0.8999999999999999
Matbench-Gap,NARGP,51,9.1,0.8999999999999999
Matbench-Gap,NARGP,51,9.15,0.8999999999999999
Matbench-Gap,NARGP,51,9.2,0.8999999999999999
Matbench-Gap,NARGP,51,9.25,0.8999999999999999
Matbench-Gap,NARGP,51,9.3,0.8999999999999999
Matbench-Gap,NARGP,51,9.35,0.8999999999999999
Matbench-Gap,NARGP,51,9.4,0.8999999999999999
Matbench-Gap,NARGP,51,9.45,0.8999999999999999
Matbench-Gap,NARGP,51,9.5,0.8999999999999999
Matbench-Gap,NARGP,51,9.55,0.8999999999999999
Matbench-Gap,NARGP,51,9.6,0.8999999999999999
Matbench-Gap,NARGP,51,9.65,0.8999999999999999
Matbench-Gap,NARGP,51,9.7,0.8999999999999999
Matbench-Gap,NARGP,51,9.75,0.8999999999999999
Matbench-Gap,NARGP,51,9.8,0.8999999999999999
Matbench-Gap,NARGP,51,9.85,0.8999999999999999
Matbench-Gap,NARGP,51,9.9,0.8999999999999999
Matbench-Gap,NARGP,51,9.95,0.8999999999999999
Matbench-Gap,NARGP,51,10.0,0.8999999999999999
Matbench-Gap,NARGP,51,11.0,0.8999999999999999
Matbench-Gap,NARGP,51,11.05,0.8999999999999999
Matbench-Gap,NARGP,51,11.1,0.8999999999999999
Matbench-Gap,NARGP,51,11.15,0.8999999999999999
Matbench-Gap,NARGP,51,11.2,0.8999999999999999
Matbench-Gap,NARGP,51,11.25,0.8999999999999999
Matbench-Gap,NARGP,51,11.3,0.8999999999999999
Matbench-Gap,NARGP,51,11.35,0.8999999999999999
Matbench-Gap,NARGP,51,11.4,0.8999999999999999
Matbench-Gap,NARGP,51,11.45,0.8999999999999999
Matbench-Gap,NARGP,51,11.5,0.8999999999999999
Matbench-Gap,NARGP,51,11.55,0.8999999999999999
Matbench-Gap,NARGP,51,11.6,0.8999999999999999
Matbench-Gap,NARGP,51,11.65,0.8999999999999999
Matbench-Gap,NARGP,51,11.7,0.8999999999999999
Matbench-Gap,NARGP,51,11.75,0.8999999999999999
Matbench-Gap,NARGP,51,11.8,0.8999999999999999
Matbench-Gap,NARGP,51,11.85,0.8999999999999999
Matbench-Gap,NARGP,51,11.9,0.8999999999999999
Matbench-Gap,NARGP,51,11.95,0.8999999999999999
Matbench-Gap,NARGP,51,12.0,0.8999999999999999
Matbench-Gap,NARGP,51,13.0,0.8999999999999999
Matbench-Gap,NARGP,51,13.05,0.8999999999999999
Matbench-Gap,NARGP,51,13.1,0.8999999999999999
Matbench-Gap,NARGP,51,13.15,0.8999999999999999
Matbench-Gap,NARGP,51,13.2,0.8999999999999999
Matbench-Gap,NARGP,51,13.25,0.8999999999999999
Matbench-Gap,NARGP,51,13.3,0.8999999999999999
Matbench-Gap,NARGP,51,13.35,0.8999999999999999
Matbench-Gap,NARGP,51,13.4,0.8999999999999999
Matbench-Gap,NARGP,51,13.45,0.8999999999999999
Matbench-Gap,NARGP,51,13.5,0.8999999999999999
Matbench-Gap,NARGP,51,13.55,0.8999999999999999
Matbench-Gap,NARGP,51,13.6,0.8999999999999999
Matbench-Gap,NARGP,51,13.65,0.8999999999999999
Matbench-Gap,NARGP,51,13.7,0.8999999999999999
Matbench-Gap,NARGP,51,13.75,0.8999999999999999
Matbench-Gap,NARGP,51,13.8,0.8999999999999999
Matbench-Gap,NARGP,51,13.85,0.8999999999999999
Matbench-Gap,NARGP,51,13.9,0.8999999999999999
Matbench-Gap,NARGP,51,13.95,0.8999999999999999
Matbench-Gap,NARGP,51,14.0,0.8999999999999999
Matbench-Gap,NARGP,51,15.0,0.8999999999999999
Matbench-Gap,NARGP,51,15.05,0.8999999999999999
Matbench-Gap,NARGP,51,15.1,0.8999999999999999
Matbench-Gap,NARGP,51,15.15,0.8999999999999999
Matbench-Gap,NARGP,51,15.2,0.8999999999999999
Matbench-Gap,NARGP,51,15.25,0.8999999999999999
Matbench-Gap,NARGP,51,15.3,0.8999999999999999
Matbench-Gap,NARGP,51,15.35,0.8999999999999999
Matbench-Gap,NARGP,51,15.4,0.8999999999999999
Matbench-Gap,NARGP,51,15.45,0.8999999999999999
Matbench-Gap,NARGP,51,15.5,0.8999999999999999
Matbench-Gap,NARGP,51,15.55,0.8999999999999999
Matbench-Gap,NARGP,51,15.6,0.8999999999999999
Matbench-Gap,NARGP,51,15.65,0.8999999999999999
Matbench-Gap,NARGP,51,15.7,0.8999999999999999
Matbench-Gap,NARGP,51,15.75,0.8999999999999999
Matbench-Gap,NARGP,51,15.8,0.8999999999999999
Matbench-Gap,NARGP,51,15.85,0.8999999999999999
Matbench-Gap,NARGP,51,15.9,0.8999999999999999
Matbench-Gap,NARGP,51,15.95,0.8999999999999999
Matbench-Gap,NARGP,51,16.0,0.8999999999999999
Matbench-Gap,NARGP,51,17.0,0.8999999999999999
Matbench-Gap,NARGP,51,17.05,0.8999999999999999
Matbench-Gap,NARGP,51,17.1,0.8999999999999999
Matbench-Gap,NARGP,51,17.15,0.8999999999999999
Matbench-Gap,NARGP,51,17.2,0.8999999999999999
Matbench-Gap,NARGP,51,17.25,0.8999999999999999
Matbench-Gap,NARGP,51,17.3,0.8999999999999999
Matbench-Gap,NARGP,51,17.35,0.8999999999999999
Matbench-Gap,NARGP,51,17.4,0.8999999999999999
Matbench-Gap,NARGP,51,17.45,0.8999999999999999
Matbench-Gap,NARGP,51,17.5,0.8999999999999999
Matbench-Gap,NARGP,51,17.55,0.8999999999999999
Matbench-Gap,NARGP,51,17.6,0.8999999999999999
Matbench-Gap,NARGP,51,17.65,0.8999999999999999
Matbench-Gap,NARGP,51,17.7,0.8999999999999999
Matbench-Gap,NARGP,51,17.75,0.8999999999999999
Matbench-Gap,NARGP,51,17.8,0.8999999999999999
Matbench-Gap,NARGP,51,17.85,0.8999999999999999
Matbench-Gap,NARGP,51,17.9,0.8999999999999999
Matbench-Gap,NARGP,51,17.95,0.8999999999999999
Matbench-Gap,NARGP,51,18.0,0.8999999999999999
Matbench-Gap,NARGP,51,19.0,0.8999999999999999
Matbench-Gap,NARGP,51,19.05,0.8999999999999999
Matbench-Gap,NARGP,51,19.1,0.8999999999999999
Matbench-Gap,NARGP,51,19.15,0.8999999999999999
Matbench-Gap,NARGP,51,19.2,0.8999999999999999
Matbench-Gap,NARGP,51,19.25,0.8999999999999999
Matbench-Gap,NARGP,51,19.3,0.8999999999999999
Matbench-Gap,NARGP,51,19.35,0.8999999999999999
Matbench-Gap,NARGP,51,19.4,0.8999999999999999
Matbench-Gap,NARGP,51,19.45,0.8999999999999999
Matbench-Gap,NARGP,51,19.5,0.8999999999999999
Matbench-Gap,NARGP,51,19.55,0.8999999999999999
Matbench-Gap,NARGP,51,19.6,0.8999999999999999
Matbench-Gap,NARGP,51,19.65,0.8999999999999999
Matbench-Gap,NARGP,51,19.7,0.8999999999999999
Matbench-Gap,NARGP,51,19.75,0.8999999999999999
Matbench-Gap,NARGP,51,19.8,0.8999999999999999
Matbench-Gap,NARGP,51,19.85,0.8999999999999999
Matbench-Gap,NARGP,51,19.9,0.8999999999999999
Matbench-Gap,NARGP,51,19.95,0.8999999999999999
Matbench-Gap,NARGP,50,3.0,1.4
Matbench-Gap,NARGP,50,3.05,1.4
Matbench-Gap,NARGP,50,3.1,1.4
Matbench-Gap,NARGP,50,3.15,1.4
Matbench-Gap,NARGP,50,3.2,1.4
Matbench-Gap,NARGP,50,3.25,1.4
Matbench-Gap,NARGP,50,3.3,1.4
Matbench-Gap,NARGP,50,3.35,1.4
Matbench-Gap,NARGP,50,3.4,1.4
Matbench-Gap,NARGP,50,3.45,1.4
Matbench-Gap,NARGP,50,3.5,1.4
Matbench-Gap,NARGP,50,3.55,1.4
Matbench-Gap,NARGP,50,3.6,1.4
Matbench-Gap,NARGP,50,3.65,1.4
Matbench-Gap,NARGP,50,3.7,1.4
Matbench-Gap,NARGP,50,3.75,1.4
Matbench-Gap,NARGP,50,3.8,1.4
Matbench-Gap,NARGP,50,3.85,1.4
Matbench-Gap,NARGP,50,3.9,1.4
Matbench-Gap,NARGP,50,3.95,1.4
Matbench-Gap,NARGP,50,4.0,1.4
Matbench-Gap,NARGP,50,5.0,1.4
Matbench-Gap,NARGP,50,5.05,1.4
Matbench-Gap,NARGP,50,5.1,1.4
Matbench-Gap,NARGP,50,5.15,1.4
Matbench-Gap,NARGP,50,5.2,1.4
Matbench-Gap,NARGP,50,5.25,1.4
Matbench-Gap,NARGP,50,5.3,1.4
Matbench-Gap,NARGP,50,5.35,1.4
Matbench-Gap,NARGP,50,5.4,1.4
Matbench-Gap,NARGP,50,5.45,1.4
Matbench-Gap,NARGP,50,5.5,1.4
Matbench-Gap,NARGP,50,5.55,1.4
Matbench-Gap,NARGP,50,5.6,1.4
Matbench-Gap,NARGP,50,5.65,1.4
Matbench-Gap,NARGP,50,5.7,1.4
Matbench-Gap,NARGP,50,5.75,1.4
Matbench-Gap,NARGP,50,5.8,1.4
Matbench-Gap,NARGP,50,5.85,1.4
Matbench-Gap,NARGP,50,5.9,1.4
Matbench-Gap,NARGP,50,5.95,1.4
Matbench-Gap,NARGP,50,6.0,1.4
Matbench-Gap,NARGP,50,7.0,1.4
Matbench-Gap,NARGP,50,7.05,1.4
Matbench-Gap,NARGP,50,7.1,1.4
Matbench-Gap,NARGP,50,7.15,1.4
Matbench-Gap,NARGP,50,7.2,1.4
Matbench-Gap,NARGP,50,7.25,1.4
Matbench-Gap,NARGP,50,7.3,1.4
Matbench-Gap,NARGP,50,7.35,1.4
Matbench-Gap,NARGP,50,7.4,1.4
Matbench-Gap,NARGP,50,7.45,1.4
Matbench-Gap,NARGP,50,7.5,1.4
Matbench-Gap,NARGP,50,7.55,1.4
Matbench-Gap,NARGP,50,7.6,1.4
Matbench-Gap,NARGP,50,7.65,1.4
Matbench-Gap,NARGP,50,7.7,1.4
Matbench-Gap,NARGP,50,7.75,1.4
Matbench-Gap,NARGP,50,7.8,1.4
Matbench-Gap,NARGP,50,7.85,1.4
Matbench-Gap,NARGP,50,7.9,1.4
Matbench-Gap,NARGP,50,7.95,1.4
Matbench-Gap,NARGP,50,8.0,1.4
Matbench-Gap,NARGP,50,9.0,1.4
Matbench-Gap,NARGP,50,9.05,1.4
Matbench-Gap,NARGP,50,9.1,1.4
Matbench-Gap,NARGP,50,9.15,1.4
Matbench-Gap,NARGP,50,9.2,1.4
Matbench-Gap,NARGP,50,9.25,1.4
Matbench-Gap,NARGP,50,9.3,1.4
Matbench-Gap,NARGP,50,9.35,1.4
Matbench-Gap,NARGP,50,9.4,1.4
Matbench-Gap,NARGP,50,9.45,1.4
Matbench-Gap,NARGP,50,9.5,1.4
Matbench-Gap,NARGP,50,9.55,1.4
Matbench-Gap,NARGP,50,9.6,1.4
Matbench-Gap,NARGP,50,9.65,1.4
Matbench-Gap,NARGP,50,9.7,1.4
Matbench-Gap,NARGP,50,9.75,1.4
Matbench-Gap,NARGP,50,9.8,1.4
Matbench-Gap,NARGP,50,9.85,1.4
Matbench-Gap,NARGP,50,9.9,1.4
Matbench-Gap,NARGP,50,9.95,1.4
Matbench-Gap,NARGP,50,10.0,1.4
Matbench-Gap,NARGP,50,11.0,1.4
Matbench-Gap,NARGP,50,11.05,1.4
Matbench-Gap,NARGP,50,11.1,1.4
Matbench-Gap,NARGP,50,11.15,1.4
Matbench-Gap,NARGP,50,11.2,1.4
Matbench-Gap,NARGP,50,11.25,1.4
Matbench-Gap,NARGP,50,11.3,1.4
Matbench-Gap,NARGP,50,11.35,1.4
Matbench-Gap,NARGP,50,11.4,1.4
Matbench-Gap,NARGP,50,11.45,1.4
Matbench-Gap,NARGP,50,11.5,1.4
Matbench-Gap,NARGP,50,11.55,1.4
Matbench-Gap,NARGP,50,11.6,1.4
Matbench-Gap,NARGP,50,11.65,1.4
Matbench-Gap,NARGP,50,11.7,1.4
Matbench-Gap,NARGP,50,11.75,1.4
Matbench-Gap,NARGP,50,11.8,1.4
Matbench-Gap,NARGP,50,11.85,1.4
Matbench-Gap,NARGP,50,11.9,1.4
Matbench-Gap,NARGP,50,11.95,1.4
Matbench-Gap,NARGP,50,12.0,1.4
Matbench-Gap,NARGP,50,13.0,1.4
Matbench-Gap,NARGP,50,13.05,1.4
Matbench-Gap,NARGP,50,13.1,1.4
Matbench-Gap,NARGP,50,13.15,1.4
Matbench-Gap,NARGP,50,13.2,1.4
Matbench-Gap,NARGP,50,13.25,1.4
Matbench-Gap,NARGP,50,13.3,1.4
Matbench-Gap,NARGP,50,13.35,1.4
Matbench-Gap,NARGP,50,13.4,1.4
Matbench-Gap,NARGP,50,13.45,1.4
Matbench-Gap,NARGP,50,13.5,1.4
Matbench-Gap,NARGP,50,13.55,1.4
Matbench-Gap,NARGP,50,13.6,1.4
Matbench-Gap,NARGP,50,13.65,1.4
Matbench-Gap,NARGP,50,13.7,1.4
Matbench-Gap,NARGP,50,13.75,1.4
Matbench-Gap,NARGP,50,13.8,1.4
Matbench-Gap,NARGP,50,13.85,1.4
Matbench-Gap,NARGP,50,13.9,1.4
Matbench-Gap,NARGP,50,13.95,1.4
Matbench-Gap,NARGP,50,14.0,1.4
Matbench-Gap,NARGP,50,15.0,1.4
Matbench-Gap,NARGP,50,15.05,1.4
Matbench-Gap,NARGP,50,15.1,1.4
Matbench-Gap,NARGP,50,15.15,1.4
Matbench-Gap,NARGP,50,15.2,1.4
Matbench-Gap,NARGP,50,15.25,1.4
Matbench-Gap,NARGP,50,15.3,1.4
Matbench-Gap,NARGP,50,15.35,1.4
Matbench-Gap,NARGP,50,15.4,1.4
Matbench-Gap,NARGP,50,15.45,1.4
Matbench-Gap,NARGP,50,15.5,1.4
Matbench-Gap,NARGP,50,15.55,1.4
Matbench-Gap,NARGP,50,15.6,1.4
Matbench-Gap,NARGP,50,15.65,1.4
Matbench-Gap,NARGP,50,15.7,1.4
Matbench-Gap,NARGP,50,15.75,1.4
Matbench-Gap,NARGP,50,15.8,1.4
Matbench-Gap,NARGP,50,15.85,1.4
Matbench-Gap,NARGP,50,15.9,1.4
Matbench-Gap,NARGP,50,15.95,1.4
Matbench-Gap,NARGP,50,16.0,1.4
Matbench-Gap,NARGP,50,17.0,1.4
Matbench-Gap,NARGP,50,17.05,1.4
Matbench-Gap,NARGP,50,17.1,1.4
Matbench-Gap,NARGP,50,17.15,1.4
Matbench-Gap,NARGP,50,17.2,1.4
Matbench-Gap,NARGP,50,17.25,1.4
Matbench-Gap,NARGP,50,17.3,1.4
Matbench-Gap,NARGP,50,17.35,1.4
Matbench-Gap,NARGP,50,17.4,1.4
Matbench-Gap,NARGP,50,17.45,1.4
Matbench-Gap,NARGP,50,17.5,1.4
Matbench-Gap,NARGP,50,17.55,1.4
Matbench-Gap,NARGP,50,17.6,1.4
Matbench-Gap,NARGP,50,17.65,1.4
Matbench-Gap,NARGP,50,17.7,1.4
Matbench-Gap,NARGP,50,17.75,1.4
Matbench-Gap,NARGP,50,17.8,1.4
Matbench-Gap,NARGP,50,17.85,1.4
Matbench-Gap,NARGP,50,17.9,1.4
Matbench-Gap,NARGP,50,17.95,1.4
Matbench-Gap,NARGP,50,18.0,1.4
Matbench-Gap,NARGP,50,19.0,1.4
Matbench-Gap,NARGP,50,19.05,1.4
Matbench-Gap,NARGP,50,19.1,1.4
Matbench-Gap,NARGP,50,19.15,1.4
Matbench-Gap,NARGP,50,19.2,1.4
Matbench-Gap,NARGP,50,19.25,1.4
Matbench-Gap,NARGP,50,19.3,1.4
Matbench-Gap,NARGP,50,19.35,1.4
Matbench-Gap,NARGP,50,19.4,1.4
Matbench-Gap,NARGP,50,19.45,1.4
Matbench-Gap,NARGP,50,19.5,1.4
Matbench-Gap,NARGP,50,19.55,1.4
Matbench-Gap,NARGP,50,19.6,1.4
Matbench-Gap,NARGP,50,19.65,1.4
Matbench-Gap,NARGP,50,19.7,1.4
Matbench-Gap,NARGP,50,19.75,1.4
Matbench-Gap,NARGP,50,19.8,1.4
Matbench-Gap,NARGP,50,19.85,1.4
Matbench-Gap,NARGP,50,19.9,1.4
Matbench-Gap,NARGP,50,19.95,1.4
Matbench-Gap,NARGP,52,3.0,1.4
Matbench-Gap,NARGP,52,3.05,1.4
Matbench-Gap,NARGP,52,3.1,1.4
Matbench-Gap,NARGP,52,3.15,1.4
Matbench-Gap,NARGP,52,3.2,1.4
Matbench-Gap,NARGP,52,3.25,1.4
Matbench-Gap,NARGP,52,3.3,1.4
Matbench-Gap,NARGP,52,3.35,1.4
Matbench-Gap,NARGP,52,3.4,1.4
Matbench-Gap,NARGP,52,3.45,1.4
Matbench-Gap,NARGP,52,3.5,1.4
Matbench-Gap,NARGP,52,3.55,1.4
Matbench-Gap,NARGP,52,3.6,1.4
Matbench-Gap,NARGP,52,3.65,1.4
Matbench-Gap,NARGP,52,3.7,1.4
Matbench-Gap,NARGP,52,3.75,1.4
Matbench-Gap,NARGP,52,3.8,1.4
Matbench-Gap,NARGP,52,3.85,1.4
Matbench-Gap,NARGP,52,3.9,1.4
Matbench-Gap,NARGP,52,3.95,1.4
Matbench-Gap,NARGP,52,4.0,1.4
Matbench-Gap,NARGP,52,5.0,1.4
Matbench-Gap,NARGP,52,5.05,1.4
Matbench-Gap,NARGP,52,5.1,1.4
Matbench-Gap,NARGP,52,5.15,1.4
Matbench-Gap,NARGP,52,5.2,1.4
Matbench-Gap,NARGP,52,5.25,1.4
Matbench-Gap,NARGP,52,5.3,1.4
Matbench-Gap,NARGP,52,5.35,1.4
Matbench-Gap,NARGP,52,5.4,1.4
Matbench-Gap,NARGP,52,5.45,1.4
Matbench-Gap,NARGP,52,5.5,1.4
Matbench-Gap,NARGP,52,5.55,1.4
Matbench-Gap,NARGP,52,5.6,1.4
Matbench-Gap,NARGP,52,5.65,1.4
Matbench-Gap,NARGP,52,5.7,1.4
Matbench-Gap,NARGP,52,5.75,1.4
Matbench-Gap,NARGP,52,5.8,1.4
Matbench-Gap,NARGP,52,5.85,1.4
Matbench-Gap,NARGP,52,5.9,1.4
Matbench-Gap,NARGP,52,5.95,1.4
Matbench-Gap,NARGP,52,6.0,1.4
Matbench-Gap,NARGP,52,7.0,1.4
Matbench-Gap,NARGP,52,7.05,1.4
Matbench-Gap,NARGP,52,7.1,1.4
Matbench-Gap,NARGP,52,7.15,1.4
Matbench-Gap,NARGP,52,7.2,1.4
Matbench-Gap,NARGP,52,7.25,1.4
Matbench-Gap,NARGP,52,7.3,1.4
Matbench-Gap,NARGP,52,7.35,1.4
Matbench-Gap,NARGP,52,7.4,1.4
Matbench-Gap,NARGP,52,7.45,1.4
Matbench-Gap,NARGP,52,7.5,1.4
Matbench-Gap,NARGP,52,7.55,1.4
Matbench-Gap,NARGP,52,7.6,1.4
Matbench-Gap,NARGP,52,7.65,1.4
Matbench-Gap,NARGP,52,7.7,1.4
Matbench-Gap,NARGP,52,7.75,1.4
Matbench-Gap,NARGP,52,7.8,1.4
Matbench-Gap,NARGP,52,7.85,1.4
Matbench-Gap,NARGP,52,7.9,1.4
Matbench-Gap,NARGP,52,7.95,1.4
Matbench-Gap,NARGP,52,8.0,1.4
Matbench-Gap,NARGP,52,9.0,1.4
Matbench-Gap,NARGP,52,9.05,1.4
Matbench-Gap,NARGP,52,9.1,1.4
Matbench-Gap,NARGP,52,9.15,1.4
Matbench-Gap,NARGP,52,9.2,1.4
Matbench-Gap,NARGP,52,9.25,1.4
Matbench-Gap,NARGP,52,9.3,1.4
Matbench-Gap,NARGP,52,9.35,1.4
Matbench-Gap,NARGP,52,9.4,1.4
Matbench-Gap,NARGP,52,9.45,1.4
Matbench-Gap,NARGP,52,9.5,1.4
Matbench-Gap,NARGP,52,9.55,1.4
Matbench-Gap,NARGP,52,9.6,1.4
Matbench-Gap,NARGP,52,9.65,1.4
Matbench-Gap,NARGP,52,9.7,1.4
Matbench-Gap,NARGP,52,9.75,1.4
Matbench-Gap,NARGP,52,9.8,1.4
Matbench-Gap,NARGP,52,9.85,1.4
Matbench-Gap,NARGP,52,9.9,1.4
Matbench-Gap,NARGP,52,9.95,1.4
Matbench-Gap,NARGP,52,10.0,1.4
Matbench-Gap,NARGP,52,11.0,1.4
Matbench-Gap,NARGP,52,11.05,1.4
Matbench-Gap,NARGP,52,11.1,1.4
Matbench-Gap,NARGP,52,11.15,1.4
Matbench-Gap,NARGP,52,11.2,1.4
Matbench-Gap,NARGP,52,11.25,1.4
Matbench-Gap,NARGP,52,11.3,1.4
Matbench-Gap,NARGP,52,11.35,1.4
Matbench-Gap,NARGP,52,11.4,1.4
Matbench-Gap,NARGP,52,11.45,1.4
Matbench-Gap,NARGP,52,11.5,1.4
Matbench-Gap,NARGP,52,11.55,1.4
Matbench-Gap,NARGP,52,11.6,1.4
Matbench-Gap,NARGP,52,11.65,1.4
Matbench-Gap,NARGP,52,11.7,1.4
Matbench-Gap,NARGP,52,11.75,1.4
Matbench-Gap,NARGP,52,11.8,1.4
Matbench-Gap,NARGP,52,11.85,1.4
Matbench-Gap,NARGP,52,11.9,1.4
Matbench-Gap,NARGP,52,11.95,1.4
Matbench-Gap,NARGP,52,12.0,1.4
Matbench-Gap,NARGP,52,13.0,1.0
Matbench-Gap,NARGP,52,13.05,1.0
Matbench-Gap,NARGP,52,13.1,1.0
Matbench-Gap,NARGP,52,13.15,1.0
Matbench-Gap,NARGP,52,13.2,1.0
Matbench-Gap,NARGP,52,13.25,1.0
Matbench-Gap,NARGP,52,13.3,1.0
Matbench-Gap,NARGP,52,13.35,1.0
Matbench-Gap,NARGP,52,13.4,1.0
Matbench-Gap,NARGP,52,13.45,1.0
Matbench-Gap,NARGP,52,13.5,1.0
Matbench-Gap,NARGP,52,13.55,1.0
Matbench-Gap,NARGP,52,13.6,1.0
Matbench-Gap,NARGP,52,13.65,1.0
Matbench-Gap,NARGP,52,13.7,1.0
Matbench-Gap,NARGP,52,13.75,1.0
Matbench-Gap,NARGP,52,13.8,1.0
Matbench-Gap,NARGP,52,13.85,1.0
Matbench-Gap,NARGP,52,13.9,1.0
Matbench-Gap,NARGP,52,13.95,1.0
Matbench-Gap,NARGP,52,14.0,1.0
Matbench-Gap,NARGP,52,15.0,1.0
Matbench-Gap,NARGP,52,15.05,1.0
Matbench-Gap,NARGP,52,15.1,1.0
Matbench-Gap,NARGP,52,15.15,1.0
Matbench-Gap,NARGP,52,15.2,1.0
Matbench-Gap,NARGP,52,15.25,1.0
Matbench-Gap,NARGP,52,15.3,1.0
Matbench-Gap,NARGP,52,15.35,1.0
Matbench-Gap,NARGP,52,15.4,1.0
Matbench-Gap,NARGP,52,15.45,1.0
Matbench-Gap,NARGP,52,15.5,1.0
Matbench-Gap,NARGP,52,15.55,1.0
Matbench-Gap,NARGP,52,15.6,1.0
Matbench-Gap,NARGP,52,15.65,1.0
Matbench-Gap,NARGP,52,15.7,1.0
Matbench-Gap,NARGP,52,15.75,1.0
Matbench-Gap,NARGP,52,15.8,1.0
Matbench-Gap,NARGP,52,15.85,1.0
Matbench-Gap,NARGP,52,15.9,1.0
Matbench-Gap,NARGP,52,15.95,1.0
Matbench-Gap,NARGP,52,16.0,1.0
Matbench-Gap,NARGP,52,17.0,1.0
Matbench-Gap,NARGP,52,17.05,1.0
Matbench-Gap,NARGP,52,17.1,1.0
Matbench-Gap,NARGP,52,17.15,1.0
Matbench-Gap,NARGP,52,17.2,1.0
Matbench-Gap,NARGP,52,17.25,1.0
Matbench-Gap,NARGP,52,17.3,1.0
Matbench-Gap,NARGP,52,17.35,1.0
Matbench-Gap,NARGP,52,17.4,1.0
Matbench-Gap,NARGP,52,17.45,1.0
Matbench-Gap,NARGP,52,17.5,1.0
Matbench-Gap,NARGP,52,17.55,1.0
Matbench-Gap,NARGP,52,17.6,1.0
Matbench-Gap,NARGP,52,17.65,1.0
Matbench-Gap,NARGP,52,17.7,1.0
Matbench-Gap,NARGP,52,17.75,1.0
Matbench-Gap,NARGP,52,17.8,1.0
Matbench-Gap,NARGP,52,17.85,1.0
Matbench-Gap,NARGP,52,17.9,1.0
Matbench-Gap,NARGP,52,17.95,1.0
Matbench-Gap,NARGP,52,18.0,1.0
Matbench-Gap,NARGP,52,19.0,1.0
Matbench-Gap,NARGP,52,19.05,1.0
Matbench-Gap,NARGP,52,19.1,1.0
Matbench-Gap,NARGP,52,19.15,1.0
Matbench-Gap,NARGP,52,19.2,1.0
Matbench-Gap,NARGP,52,19.25,1.0
Matbench-Gap,NARGP,52,19.3,1.0
Matbench-Gap,NARGP,52,19.35,1.0
Matbench-Gap,NARGP,52,19.4,1.0
Matbench-Gap,NARGP,52,19.45,1.0
Matbench-Gap,NARGP,52,19.5,1.0
Matbench-Gap,NARGP,52,19.55,1.0
Matbench-Gap,NARGP,52,19.6,1.0
Matbench-Gap,NARGP,52,19.65,1.0
Matbench-Gap,NARGP,52,19.7,1.0
Matbench-Gap,NARGP,52,19.75,1.0
Matbench-Gap,NARGP,52,19.8,1.0
Matbench-Gap,NARGP,52,19.85,1.0
Matbench-Gap,NARGP,52,19.9,1.0
Matbench-Gap,NARGP,52,19.95,1.0
Matbench-Gap,NARGP,53,3.0,1.4
Matbench-Gap,NARGP,53,3.05,1.4
Matbench-Gap,NARGP,53,3.1,1.4
Matbench-Gap,NARGP,53,3.15,1.4
Matbench-Gap,NARGP,53,3.2,1.4
Matbench-Gap,NARGP,53,3.25,1.4
Matbench-Gap,NARGP,53,3.3,1.4
Matbench-Gap,NARGP,53,3.35,1.4
Matbench-Gap,NARGP,53,3.4,1.4
Matbench-Gap,NARGP,53,3.45,1.4
Matbench-Gap,NARGP,53,3.5,1.4
Matbench-Gap,NARGP,53,3.55,1.4
Matbench-Gap,NARGP,53,3.6,1.4
Matbench-Gap,NARGP,53,3.65,1.4
Matbench-Gap,NARGP,53,3.7,1.4
Matbench-Gap,NARGP,53,3.75,1.4
Matbench-Gap,NARGP,53,3.8,1.4
Matbench-Gap,NARGP,53,3.85,1.4
Matbench-Gap,NARGP,53,3.9,1.4
Matbench-Gap,NARGP,53,3.95,1.4
Matbench-Gap,NARGP,53,4.0,1.4
Matbench-Gap,NARGP,53,5.0,1.4
Matbench-Gap,NARGP,53,5.05,1.4
Matbench-Gap,NARGP,53,5.1,1.4
Matbench-Gap,NARGP,53,5.15,1.4
Matbench-Gap,NARGP,53,5.2,1.4
Matbench-Gap,NARGP,53,5.25,1.4
Matbench-Gap,NARGP,53,5.3,1.4
Matbench-Gap,NARGP,53,5.35,1.4
Matbench-Gap,NARGP,53,5.4,1.4
Matbench-Gap,NARGP,53,5.45,1.4
Matbench-Gap,NARGP,53,5.5,1.4
Matbench-Gap,NARGP,53,5.55,1.4
Matbench-Gap,NARGP,53,5.6,1.4
Matbench-Gap,NARGP,53,5.65,1.4
Matbench-Gap,NARGP,53,5.7,1.4
Matbench-Gap,NARGP,53,5.75,1.4
Matbench-Gap,NARGP,53,5.8,1.4
Matbench-Gap,NARGP,53,5.85,1.4
Matbench-Gap,NARGP,53,5.9,1.4
Matbench-Gap,NARGP,53,5.95,1.4
Matbench-Gap,NARGP,53,6.0,1.4
Matbench-Gap,NARGP,53,7.0,1.4
Matbench-Gap,NARGP,53,7.05,1.4
Matbench-Gap,NARGP,53,7.1,1.4
Matbench-Gap,NARGP,53,7.15,1.4
Matbench-Gap,NARGP,53,7.2,1.4
Matbench-Gap,NARGP,53,7.25,1.4
Matbench-Gap,NARGP,53,7.3,1.4
Matbench-Gap,NARGP,53,7.35,1.4
Matbench-Gap,NARGP,53,7.4,1.4
Matbench-Gap,NARGP,53,7.45,1.4
Matbench-Gap,NARGP,53,7.5,1.4
Matbench-Gap,NARGP,53,7.55,1.4
Matbench-Gap,NARGP,53,7.6,1.4
Matbench-Gap,NARGP,53,7.65,1.4
Matbench-Gap,NARGP,53,7.7,1.4
Matbench-Gap,NARGP,53,7.75,1.4
Matbench-Gap,NARGP,53,7.8,1.4
Matbench-Gap,NARGP,53,7.85,1.4
Matbench-Gap,NARGP,53,7.9,1.4
Matbench-Gap,NARGP,53,7.95,1.4
Matbench-Gap,NARGP,53,8.0,1.4
Matbench-Gap,NARGP,53,9.0,1.4
Matbench-Gap,NARGP,53,9.05,1.4
Matbench-Gap,NARGP,53,9.1,1.4
Matbench-Gap,NARGP,53,9.15,1.4
Matbench-Gap,NARGP,53,9.2,1.4
Matbench-Gap,NARGP,53,9.25,1.4
Matbench-Gap,NARGP,53,9.3,1.4
Matbench-Gap,NARGP,53,9.35,1.4
Matbench-Gap,NARGP,53,9.4,1.4
Matbench-Gap,NARGP,53,9.45,1.4
Matbench-Gap,NARGP,53,9.5,1.4
Matbench-Gap,NARGP,53,9.55,1.4
Matbench-Gap,NARGP,53,9.6,1.4
Matbench-Gap,NARGP,53,9.65,1.4
Matbench-Gap,NARGP,53,9.7,1.4
Matbench-Gap,NARGP,53,9.75,1.4
Matbench-Gap,NARGP,53,9.8,1.4
Matbench-Gap,NARGP,53,9.85,1.4
Matbench-Gap,NARGP,53,9.9,1.4
Matbench-Gap,NARGP,53,9.95,1.4
Matbench-Gap,NARGP,53,10.0,1.4
Matbench-Gap,NARGP,53,11.0,1.4
Matbench-Gap,NARGP,53,11.05,1.4
Matbench-Gap,NARGP,53,11.1,1.4
Matbench-Gap,NARGP,53,11.15,1.4
Matbench-Gap,NARGP,53,11.2,1.4
Matbench-Gap,NARGP,53,11.25,1.4
Matbench-Gap,NARGP,53,11.3,1.4
Matbench-Gap,NARGP,53,11.35,1.4
Matbench-Gap,NARGP,53,11.4,1.4
Matbench-Gap,NARGP,53,11.45,1.4
Matbench-Gap,NARGP,53,11.5,1.4
Matbench-Gap,NARGP,53,11.55,1.4
Matbench-Gap,NARGP,53,11.6,1.4
Matbench-Gap,NARGP,53,11.65,1.4
Matbench-Gap,NARGP,53,11.7,1.4
Matbench-Gap,NARGP,53,11.75,1.4
Matbench-Gap,NARGP,53,11.8,1.4
Matbench-Gap,NARGP,53,11.85,1.4
Matbench-Gap,NARGP,53,11.9,1.4
Matbench-Gap,NARGP,53,11.95,1.4
Matbench-Gap,NARGP,53,12.0,1.4
Matbench-Gap,NARGP,53,13.0,1.4
Matbench-Gap,NARGP,53,13.05,1.4
Matbench-Gap,NARGP,53,13.1,1.4
Matbench-Gap,NARGP,53,13.15,1.4
Matbench-Gap,NARGP,53,13.2,1.4
Matbench-Gap,NARGP,53,13.25,1.4
Matbench-Gap,NARGP,53,13.3,1.4
Matbench-Gap,NARGP,53,13.35,1.4
Matbench-Gap,NARGP,53,13.4,1.4
Matbench-Gap,NARGP,53,13.45,1.4
Matbench-Gap,NARGP,53,13.5,1.4
Matbench-Gap,NARGP,53,13.55,1.4
Matbench-Gap,NARGP,53,13.6,1.4
Matbench-Gap,NARGP,53,13.65,1.4
Matbench-Gap,NARGP,53,13.7,1.4
Matbench-Gap,NARGP,53,13.75,1.4
Matbench-Gap,NARGP,53,13.8,1.4
Matbench-Gap,NARGP,53,13.85,1.4
Matbench-Gap,NARGP,53,13.9,1.4
Matbench-Gap,NARGP,53,13.95,1.4
Matbench-Gap,NARGP,53,14.0,1.4
Matbench-Gap,NARGP,53,15.0,1.4
Matbench-Gap,NARGP,53,15.05,1.4
Matbench-Gap,NARGP,53,15.1,1.4
Matbench-Gap,NARGP,53,15.15,1.4
Matbench-Gap,NARGP,53,15.2,1.4
Matbench-Gap,NARGP,53,15.25,1.4
Matbench-Gap,NARGP,53,15.3,1.4
Matbench-Gap,NARGP,53,15.35,1.4
Matbench-Gap,NARGP,53,15.4,1.4
Matbench-Gap,NARGP,53,15.45,1.4
Matbench-Gap,NARGP,53,15.5,1.4
Matbench-Gap,NARGP,53,15.55,1.4
Matbench-Gap,NARGP,53,15.6,1.4
Matbench-Gap,NARGP,53,15.65,1.4
Matbench-Gap,NARGP,53,15.7,1.4
Matbench-Gap,NARGP,53,15.75,1.4
Matbench-Gap,NARGP,53,15.8,1.4
Matbench-Gap,NARGP,53,15.85,1.4
Matbench-Gap,NARGP,53,15.9,1.4
Matbench-Gap,NARGP,53,15.95,1.4
Matbench-Gap,NARGP,53,16.0,1.4
Matbench-Gap,NARGP,53,17.0,1.4
Matbench-Gap,NARGP,53,17.05,1.4
Matbench-Gap,NARGP,53,17.1,1.4
Matbench-Gap,NARGP,53,17.15,1.4
Matbench-Gap,NARGP,53,17.2,1.4
Matbench-Gap,NARGP,53,17.25,1.4
Matbench-Gap,NARGP,53,17.3,1.4
Matbench-Gap,NARGP,53,17.35,1.4
Matbench-Gap,NARGP,53,17.4,1.4
Matbench-Gap,NARGP,53,17.45,1.4
Matbench-Gap,NARGP,53,17.5,1.4
Matbench-Gap,NARGP,53,17.55,1.4
Matbench-Gap,NARGP,53,17.6,1.4
Matbench-Gap,NARGP,53,17.65,1.4
Matbench-Gap,NARGP,53,17.7,1.4
Matbench-Gap,NARGP,53,17.75,1.4
Matbench-Gap,NARGP,53,17.8,1.4
Matbench-Gap,NARGP,53,17.85,1.4
Matbench-Gap,NARGP,53,17.9,1.4
Matbench-Gap,NARGP,53,17.95,1.4
Matbench-Gap,NARGP,53,18.0,1.4
Matbench-Gap,NARGP,53,19.0,1.4
Matbench-Gap,NARGP,53,19.05,1.4
Matbench-Gap,NARGP,53,19.1,1.4
Matbench-Gap,NARGP,53,19.15,1.4
Matbench-Gap,NARGP,53,19.2,1.4
Matbench-Gap,NARGP,53,19.25,1.4
Matbench-Gap,NARGP,53,19.3,1.4
Matbench-Gap,NARGP,53,19.35,1.4
Matbench-Gap,NARGP,53,19.4,1.4
Matbench-Gap,NARGP,53,19.45,1.4
Matbench-Gap,NARGP,53,19.5,1.4
Matbench-Gap,NARGP,53,19.55,1.4
Matbench-Gap,NARGP,53,19.6,1.4
Matbench-Gap,NARGP,53,19.65,1.4
Matbench-Gap,NARGP,53,19.7,1.4
Matbench-Gap,NARGP,53,19.75,1.4
Matbench-Gap,NARGP,53,19.8,1.4
Matbench-Gap,NARGP,53,19.85,1.4
Matbench-Gap,NARGP,53,19.9,1.4
Matbench-Gap,NARGP,53,19.95,1.4
Matbench-Gap,NARGP,54,3.0,1.4
Matbench-Gap,NARGP,54,3.05,1.4
Matbench-Gap,NARGP,54,3.1,1.4
Matbench-Gap,NARGP,54,3.15,1.4
Matbench-Gap,NARGP,54,3.2,1.4
Matbench-Gap,NARGP,54,3.25,1.4
Matbench-Gap,NARGP,54,3.3,1.4
Matbench-Gap,NARGP,54,3.35,1.4
Matbench-Gap,NARGP,54,3.4,1.4
Matbench-Gap,NARGP,54,3.45,1.4
Matbench-Gap,NARGP,54,3.5,1.4
Matbench-Gap,NARGP,54,3.55,1.4
Matbench-Gap,NARGP,54,3.6,1.4
Matbench-Gap,NARGP,54,3.65,1.4
Matbench-Gap,NARGP,54,3.7,1.4
Matbench-Gap,NARGP,54,3.75,1.4
Matbench-Gap,NARGP,54,3.8,1.4
Matbench-Gap,NARGP,54,3.85,1.4
Matbench-Gap,NARGP,54,3.9,1.4
Matbench-Gap,NARGP,54,3.95,1.4
Matbench-Gap,NARGP,54,4.0,1.4
Matbench-Gap,NARGP,54,5.0,0.4499999999999999
Matbench-Gap,NARGP,54,5.05,0.4499999999999999
Matbench-Gap,NARGP,54,5.1,0.4499999999999999
Matbench-Gap,NARGP,54,5.15,0.4499999999999999
Matbench-Gap,NARGP,54,5.2,0.4499999999999999
Matbench-Gap,NARGP,54,5.25,0.4499999999999999
Matbench-Gap,NARGP,54,5.3,0.4499999999999999
Matbench-Gap,NARGP,54,5.35,0.4499999999999999
Matbench-Gap,NARGP,54,5.4,0.4499999999999999
Matbench-Gap,NARGP,54,5.45,0.4499999999999999
Matbench-Gap,NARGP,54,5.5,0.4499999999999999
Matbench-Gap,NARGP,54,5.55,0.4499999999999999
Matbench-Gap,NARGP,54,5.6,0.4499999999999999
Matbench-Gap,NARGP,54,5.65,0.4499999999999999
Matbench-Gap,NARGP,54,5.7,0.4499999999999999
Matbench-Gap,NARGP,54,5.75,0.4499999999999999
Matbench-Gap,NARGP,54,5.8,0.4499999999999999
Matbench-Gap,NARGP,54,5.85,0.4499999999999999
Matbench-Gap,NARGP,54,5.9,0.4499999999999999
Matbench-Gap,NARGP,54,5.95,0.4499999999999999
Matbench-Gap,NARGP,54,6.0,0.4499999999999999
Matbench-Gap,NARGP,54,7.0,0.4499999999999999
Matbench-Gap,NARGP,54,7.05,0.4499999999999999
Matbench-Gap,NARGP,54,7.1,0.4499999999999999
Matbench-Gap,NARGP,54,7.15,0.4499999999999999
Matbench-Gap,NARGP,54,7.2,0.4499999999999999
Matbench-Gap,NARGP,54,7.25,0.4499999999999999
Matbench-Gap,NARGP,54,7.3,0.4499999999999999
Matbench-Gap,NARGP,54,7.35,0.4499999999999999
Matbench-Gap,NARGP,54,7.4,0.4499999999999999
Matbench-Gap,NARGP,54,7.45,0.4499999999999999
Matbench-Gap,NARGP,54,7.5,0.4499999999999999
Matbench-Gap,NARGP,54,7.55,0.4499999999999999
Matbench-Gap,NARGP,54,7.6,0.4499999999999999
Matbench-Gap,NARGP,54,7.65,0.4499999999999999
Matbench-Gap,NARGP,54,7.7,0.4499999999999999
Matbench-Gap,NARGP,54,7.75,0.4499999999999999
Matbench-Gap,NARGP,54,7.8,0.4499999999999999
Matbench-Gap,NARGP,54,7.85,0.4499999999999999
Matbench-Gap,NARGP,54,7.9,0.4499999999999999
Matbench-Gap,NARGP,54,7.95,0.4499999999999999
Matbench-Gap,NARGP,54,8.0,0.4499999999999999
Matbench-Gap,NARGP,54,9.0,0.25
Matbench-Gap,NARGP,54,9.05,0.25
Matbench-Gap,NARGP,54,9.1,0.25
Matbench-Gap,NARGP,54,9.15,0.25
Matbench-Gap,NARGP,54,9.2,0.25
Matbench-Gap,NARGP,54,9.25,0.25
Matbench-Gap,NARGP,54,9.3,0.25
Matbench-Gap,NARGP,54,9.35,0.25
Matbench-Gap,NARGP,54,9.4,0.25
Matbench-Gap,NARGP,54,9.45,0.25
Matbench-Gap,NARGP,54,9.5,0.25
Matbench-Gap,NARGP,54,9.55,0.25
Matbench-Gap,NARGP,54,9.6,0.25
Matbench-Gap,NARGP,54,9.65,0.25
Matbench-Gap,NARGP,54,9.7,0.25
Matbench-Gap,NARGP,54,9.75,0.25
Matbench-Gap,NARGP,54,9.8,0.25
Matbench-Gap,NARGP,54,9.85,0.25
Matbench-Gap,NARGP,54,9.9,0.25
Matbench-Gap,NARGP,54,9.95,0.25
Matbench-Gap,NARGP,54,10.0,0.25
Matbench-Gap,NARGP,54,11.0,0.25
Matbench-Gap,NARGP,54,11.05,0.25
Matbench-Gap,NARGP,54,11.1,0.25
Matbench-Gap,NARGP,54,11.15,0.25
Matbench-Gap,NARGP,54,11.2,0.25
Matbench-Gap,NARGP,54,11.25,0.25
Matbench-Gap,NARGP,54,11.3,0.25
Matbench-Gap,NARGP,54,11.35,0.25
Matbench-Gap,NARGP,54,11.4,0.25
Matbench-Gap,NARGP,54,11.45,0.25
Matbench-Gap,NARGP,54,11.5,0.25
Matbench-Gap,NARGP,54,11.55,0.25
Matbench-Gap,NARGP,54,11.6,0.25
Matbench-Gap,NARGP,54,11.65,0.25
Matbench-Gap,NARGP,54,11.7,0.25
Matbench-Gap,NARGP,54,11.75,0.25
Matbench-Gap,NARGP,54,11.8,0.25
Matbench-Gap,NARGP,54,11.85,0.25
Matbench-Gap,NARGP,54,11.9,0.25
Matbench-Gap,NARGP,54,11.95,0.25
Matbench-Gap,NARGP,54,12.0,0.25
Matbench-Gap,NARGP,54,13.0,0.25
Matbench-Gap,NARGP,54,13.05,0.25
Matbench-Gap,NARGP,54,13.1,0.25
Matbench-Gap,NARGP,54,13.15,0.25
Matbench-Gap,NARGP,54,13.2,0.25
Matbench-Gap,NARGP,54,13.25,0.25
Matbench-Gap,NARGP,54,13.3,0.25
Matbench-Gap,NARGP,54,13.35,0.25
Matbench-Gap,NARGP,54,13.4,0.25
Matbench-Gap,NARGP,54,13.45,0.25
Matbench-Gap,NARGP,54,13.5,0.25
Matbench-Gap,NARGP,54,13.55,0.25
Matbench-Gap,NARGP,54,13.6,0.25
Matbench-Gap,NARGP,54,13.65,0.25
Matbench-Gap,NARGP,54,13.7,0.25
Matbench-Gap,NARGP,54,13.75,0.25
Matbench-Gap,NARGP,54,13.8,0.25
Matbench-Gap,NARGP,54,13.85,0.25
Matbench-Gap,NARGP,54,13.9,0.25
Matbench-Gap,NARGP,54,13.95,0.25
Matbench-Gap,NARGP,54,14.0,0.25
Matbench-Gap,NARGP,54,15.0,0.25
Matbench-Gap,NARGP,54,15.05,0.25
Matbench-Gap,NARGP,54,15.1,0.25
Matbench-Gap,NARGP,54,15.15,0.25
Matbench-Gap,NARGP,54,15.2,0.25
Matbench-Gap,NARGP,54,15.25,0.25
Matbench-Gap,NARGP,54,15.3,0.25
Matbench-Gap,NARGP,54,15.35,0.25
Matbench-Gap,NARGP,54,15.4,0.25
Matbench-Gap,NARGP,54,15.45,0.25
Matbench-Gap,NARGP,54,15.5,0.25
Matbench-Gap,NARGP,54,15.55,0.25
Matbench-Gap,NARGP,54,15.6,0.25
Matbench-Gap,NARGP,54,15.65,0.25
Matbench-Gap,NARGP,54,15.7,0.25
Matbench-Gap,NARGP,54,15.75,0.25
Matbench-Gap,NARGP,54,15.8,0.25
Matbench-Gap,NARGP,54,15.85,0.25
Matbench-Gap,NARGP,54,15.9,0.25
Matbench-Gap,NARGP,54,15.95,0.25
Matbench-Gap,NARGP,54,16.0,0.25
Matbench-Gap,NARGP,54,17.0,0.25
Matbench-Gap,NARGP,54,17.05,0.25
Matbench-Gap,NARGP,54,17.1,0.25
Matbench-Gap,NARGP,54,17.15,0.25
Matbench-Gap,NARGP,54,17.2,0.25
Matbench-Gap,NARGP,54,17.25,0.25
Matbench-Gap,NARGP,54,17.3,0.25
Matbench-Gap,NARGP,54,17.35,0.25
Matbench-Gap,NARGP,54,17.4,0.25
Matbench-Gap,NARGP,54,17.45,0.25
Matbench-Gap,NARGP,54,17.5,0.25
Matbench-Gap,NARGP,54,17.55,0.25
Matbench-Gap,NARGP,54,17.6,0.25
Matbench-Gap,NARGP,54,17.65,0.25
Matbench-Gap,NARGP,54,17.7,0.25
Matbench-Gap,NARGP,54,17.75,0.25
Matbench-Gap,NARGP,54,17.8,0.25
Matbench-Gap,NARGP,54,17.85,0.25
Matbench-Gap,NARGP,54,17.9,0.25
Matbench-Gap,NARGP,54,17.95,0.25
Matbench-Gap,NARGP,54,18.0,0.25
Matbench-Gap,NARGP,54,19.0,0.25
Matbench-Gap,NARGP,54,19.05,0.25
Matbench-Gap,NARGP,54,19.1,0.25
Matbench-Gap,NARGP,54,19.15,0.25
Matbench-Gap,NARGP,54,19.2,0.25
Matbench-Gap,NARGP,54,19.25,0.25
Matbench-Gap,NARGP,54,19.3,0.25
Matbench-Gap,NARGP,54,19.35,0.25
Matbench-Gap,NARGP,54,19.4,0.25
Matbench-Gap,NARGP,54,19.45,0.25
Matbench-Gap,NARGP,54,19.5,0.25
Matbench-Gap,NARGP,54,19.55,0.25
Matbench-Gap,NARGP,54,19.6,0.25
Matbench-Gap,NARGP,54,19.65,0.25
Matbench-Gap,NARGP,54,19.7,0.25
Matbench-Gap,NARGP,54,19.75,0.25
Matbench-Gap,NARGP,54,19.8,0.25
Matbench-Gap,NARGP,54,19.85,0.25
Matbench-Gap,NARGP,54,19.9,0.25
Matbench-Gap,NARGP,54,19.95,0.25
Matbench-Gap,NARGP,55,3.0,1.4
Matbench-Gap,NARGP,55,3.05,1.4
Matbench-Gap,NARGP,55,3.1,1.4
Matbench-Gap,NARGP,55,3.15,1.4
Matbench-Gap,NARGP,55,3.2,1.4
Matbench-Gap,NARGP,55,3.25,1.4
Matbench-Gap,NARGP,55,3.3,1.4
Matbench-Gap,NARGP,55,3.35,1.4
Matbench-Gap,NARGP,55,3.4,1.4
Matbench-Gap,NARGP,55,3.45,1.4
Matbench-Gap,NARGP,55,3.5,1.4
Matbench-Gap,NARGP,55,3.55,1.4
Matbench-Gap,NARGP,55,3.6,1.4
Matbench-Gap,NARGP,55,3.65,1.4
Matbench-Gap,NARGP,55,3.7,1.4
Matbench-Gap,NARGP,55,3.75,1.4
Matbench-Gap,NARGP,55,3.8,1.4
Matbench-Gap,NARGP,55,3.85,1.4
Matbench-Gap,NARGP,55,3.9,1.4
Matbench-Gap,NARGP,55,3.95,1.4
Matbench-Gap,NARGP,55,4.0,1.4
Matbench-Gap,NARGP,55,5.0,1.4
Matbench-Gap,NARGP,55,5.05,1.4
Matbench-Gap,NARGP,55,5.1,1.4
Matbench-Gap,NARGP,55,5.15,1.4
Matbench-Gap,NARGP,55,5.2,1.4
Matbench-Gap,NARGP,55,5.25,1.4
Matbench-Gap,NARGP,55,5.3,1.4
Matbench-Gap,NARGP,55,5.35,1.4
Matbench-Gap,NARGP,55,5.4,1.4
Matbench-Gap,NARGP,55,5.45,1.4
Matbench-Gap,NARGP,55,5.5,1.4
Matbench-Gap,NARGP,55,5.55,1.4
Matbench-Gap,NARGP,55,5.6,1.4
Matbench-Gap,NARGP,55,5.65,1.4
Matbench-Gap,NARGP,55,5.7,1.4
Matbench-Gap,NARGP,55,5.75,1.4
Matbench-Gap,NARGP,55,5.8,1.4
Matbench-Gap,NARGP,55,5.85,1.4
Matbench-Gap,NARGP,55,5.9,1.4
Matbench-Gap,NARGP,55,5.95,1.4
Matbench-Gap,NARGP,55,6.0,1.4
Matbench-Gap,NARGP,55,7.0,1.4
Matbench-Gap,NARGP,55,7.05,1.4
Matbench-Gap,NARGP,55,7.1,1.4
Matbench-Gap,NARGP,55,7.15,1.4
Matbench-Gap,NARGP,55,7.2,1.4
Matbench-Gap,NARGP,55,7.25,1.4
Matbench-Gap,NARGP,55,7.3,1.4
Matbench-Gap,NARGP,55,7.35,1.4
Matbench-Gap,NARGP,55,7.4,1.4
Matbench-Gap,NARGP,55,7.45,1.4
Matbench-Gap,NARGP,55,7.5,1.4
Matbench-Gap,NARGP,55,7.55,1.4
Matbench-Gap,NARGP,55,7.6,1.4
Matbench-Gap,NARGP,55,7.65,1.4
Matbench-Gap,NARGP,55,7.7,1.4
Matbench-Gap,NARGP,55,7.75,1.4
Matbench-Gap,NARGP,55,7.8,1.4
Matbench-Gap,NARGP,55,7.85,1.4
Matbench-Gap,NARGP,55,7.9,1.4
Matbench-Gap,NARGP,55,7.95,1.4
Matbench-Gap,NARGP,55,8.0,1.4
Matbench-Gap,NARGP,55,9.0,1.4
Matbench-Gap,NARGP,55,9.05,1.4
Matbench-Gap,NARGP,55,9.1,1.4
Matbench-Gap,NARGP,55,9.15,1.4
Matbench-Gap,NARGP,55,9.2,1.4
Matbench-Gap,NARGP,55,9.25,1.4
Matbench-Gap,NARGP,55,9.3,1.4
Matbench-Gap,NARGP,55,9.35,1.4
Matbench-Gap,NARGP,55,9.4,1.4
Matbench-Gap,NARGP,55,9.45,1.4
Matbench-Gap,NARGP,55,9.5,1.4
Matbench-Gap,NARGP,55,9.55,1.4
Matbench-Gap,NARGP,55,9.6,1.4
Matbench-Gap,NARGP,55,9.65,1.4
Matbench-Gap,NARGP,55,9.7,1.4
Matbench-Gap,NARGP,55,9.75,1.4
Matbench-Gap,NARGP,55,9.8,1.4
Matbench-Gap,NARGP,55,9.85,1.4
Matbench-Gap,NARGP,55,9.9,1.4
Matbench-Gap,NARGP,55,9.95,1.4
Matbench-Gap,NARGP,55,10.0,1.4
Matbench-Gap,NARGP,55,11.0,1.4
Matbench-Gap,NARGP,55,11.05,1.4
Matbench-Gap,NARGP,55,11.1,1.4
Matbench-Gap,NARGP,55,11.15,1.4
Matbench-Gap,NARGP,55,11.2,1.4
Matbench-Gap,NARGP,55,11.25,1.4
Matbench-Gap,NARGP,55,11.3,1.4
Matbench-Gap,NARGP,55,11.35,1.4
Matbench-Gap,NARGP,55,11.4,1.4
Matbench-Gap,NARGP,55,11.45,1.4
Matbench-Gap,NARGP,55,11.5,1.4
Matbench-Gap,NARGP,55,11.55,1.4
Matbench-Gap,NARGP,55,11.6,1.4
Matbench-Gap,NARGP,55,11.65,1.4
Matbench-Gap,NARGP,55,11.7,1.4
Matbench-Gap,NARGP,55,11.75,1.4
Matbench-Gap,NARGP,55,11.8,1.4
Matbench-Gap,NARGP,55,11.85,1.4
Matbench-Gap,NARGP,55,11.9,1.4
Matbench-Gap,NARGP,55,11.95,1.4
Matbench-Gap,NARGP,55,12.0,1.4
Matbench-Gap,NARGP,55,13.0,1.4
Matbench-Gap,NARGP,55,13.05,1.4
Matbench-Gap,NARGP,55,13.1,1.4
Matbench-Gap,NARGP,55,13.15,1.4
Matbench-Gap,NARGP,55,13.2,1.4
Matbench-Gap,NARGP,55,13.25,1.4
Matbench-Gap,NARGP,55,13.3,1.4
Matbench-Gap,NARGP,55,13.35,1.4
Matbench-Gap,NARGP,55,13.4,1.4
Matbench-Gap,NARGP,55,13.45,1.4
Matbench-Gap,NARGP,55,13.5,1.4
Matbench-Gap,NARGP,55,13.55,1.4
Matbench-Gap,NARGP,55,13.6,1.4
Matbench-Gap,NARGP,55,13.65,1.4
Matbench-Gap,NARGP,55,13.7,1.4
Matbench-Gap,NARGP,55,13.75,1.4
Matbench-Gap,NARGP,55,13.8,1.4
Matbench-Gap,NARGP,55,13.85,1.4
Matbench-Gap,NARGP,55,13.9,1.4
Matbench-Gap,NARGP,55,13.95,1.4
Matbench-Gap,NARGP,55,14.0,1.4
Matbench-Gap,NARGP,55,15.0,1.4
Matbench-Gap,NARGP,55,15.05,1.4
Matbench-Gap,NARGP,55,15.1,1.4
Matbench-Gap,NARGP,55,15.15,1.4
Matbench-Gap,NARGP,55,15.2,1.4
Matbench-Gap,NARGP,55,15.25,1.4
Matbench-Gap,NARGP,55,15.3,1.4
Matbench-Gap,NARGP,55,15.35,1.4
Matbench-Gap,NARGP,55,15.4,1.4
Matbench-Gap,NARGP,55,15.45,1.4
Matbench-Gap,NARGP,55,15.5,1.4
Matbench-Gap,NARGP,55,15.55,1.4
Matbench-Gap,NARGP,55,15.6,1.4
Matbench-Gap,NARGP,55,15.65,1.4
Matbench-Gap,NARGP,55,15.7,1.4
Matbench-Gap,NARGP,55,15.75,1.4
Matbench-Gap,NARGP,55,15.8,1.4
Matbench-Gap,NARGP,55,15.85,1.4
Matbench-Gap,NARGP,55,15.9,1.4
Matbench-Gap,NARGP,55,15.95,1.4
Matbench-Gap,NARGP,55,16.0,1.4
Matbench-Gap,NARGP,55,17.0,1.4
Matbench-Gap,NARGP,55,17.05,1.4
Matbench-Gap,NARGP,55,17.1,1.4
Matbench-Gap,NARGP,55,17.15,1.4
Matbench-Gap,NARGP,55,17.2,1.4
Matbench-Gap,NARGP,55,17.25,1.4
Matbench-Gap,NARGP,55,17.3,1.4
Matbench-Gap,NARGP,55,17.35,1.4
Matbench-Gap,NARGP,55,17.4,1.4
Matbench-Gap,NARGP,55,17.45,1.4
Matbench-Gap,NARGP,55,17.5,1.4
Matbench-Gap,NARGP,55,17.55,1.4
Matbench-Gap,NARGP,55,17.6,1.4
Matbench-Gap,NARGP,55,17.65,1.4
Matbench-Gap,NARGP,55,17.7,1.4
Matbench-Gap,NARGP,55,17.75,1.4
Matbench-Gap,NARGP,55,17.8,1.4
Matbench-Gap,NARGP,55,17.85,1.4
Matbench-Gap,NARGP,55,17.9,1.4
Matbench-Gap,NARGP,55,17.95,1.4
Matbench-Gap,NARGP,55,18.0,1.4
Matbench-Gap,NARGP,55,19.0,1.4
Matbench-Gap,NARGP,55,19.05,1.4
Matbench-Gap,NARGP,55,19.1,1.4
Matbench-Gap,NARGP,55,19.15,1.4
Matbench-Gap,NARGP,55,19.2,1.4
Matbench-Gap,NARGP,55,19.25,1.4
Matbench-Gap,NARGP,55,19.3,1.4
Matbench-Gap,NARGP,55,19.35,1.4
Matbench-Gap,NARGP,55,19.4,1.4
Matbench-Gap,NARGP,55,19.45,1.4
Matbench-Gap,NARGP,55,19.5,1.4
Matbench-Gap,NARGP,55,19.55,1.4
Matbench-Gap,NARGP,55,19.6,1.4
Matbench-Gap,NARGP,55,19.65,1.4
Matbench-Gap,NARGP,55,19.7,1.4
Matbench-Gap,NARGP,55,19.75,1.4
Matbench-Gap,NARGP,55,19.8,1.4
Matbench-Gap,NARGP,55,19.85,1.4
Matbench-Gap,NARGP,55,19.9,1.4
Matbench-Gap,NARGP,55,19.95,1.4
HOPV15,Sparse MFGP,60,3.5,6.85
HOPV15,Sparse MFGP,60,3.6,6.85
HOPV15,Sparse MFGP,60,3.7,6.85
HOPV15,Sparse MFGP,60,3.8,6.85
HOPV15,Sparse MFGP,60,3.9,6.85
HOPV15,Sparse MFGP,60,4.0,6.85
HOPV15,Sparse MFGP,60,4.1,6.85
HOPV15,Sparse MFGP,60,4.2,6.85
HOPV15,Sparse MFGP,60,4.3,6.85
HOPV15,Sparse MFGP,60,4.4,6.85
HOPV15,Sparse MFGP,60,4.5,6.85
HOPV15,Sparse MFGP,60,5.5,6.499999999999999
HOPV15,Sparse MFGP,60,5.6,6.499999999999999
HOPV15,Sparse MFGP,60,5.7,6.499999999999999
HOPV15,Sparse MFGP,60,5.8,6.499999999999999
HOPV15,Sparse MFGP,60,5.9,6.499999999999999
HOPV15,Sparse MFGP,60,6.0,6.499999999999999
HOPV15,Sparse MFGP,60,6.1,6.499999999999999
HOPV15,Sparse MFGP,60,6.2,6.499999999999999
HOPV15,Sparse MFGP,60,6.3,6.499999999999999
HOPV15,Sparse MFGP,60,6.4,6.499999999999999
HOPV15,Sparse MFGP,60,6.5,6.499999999999999
HOPV15,Sparse MFGP,60,7.5,6.499999999999999
HOPV15,Sparse MFGP,60,7.6,6.499999999999999
HOPV15,Sparse MFGP,60,7.7,6.499999999999999
HOPV15,Sparse MFGP,60,7.8,6.499999999999999
HOPV15,Sparse MFGP,60,7.9,6.499999999999999
HOPV15,Sparse MFGP,60,8.0,6.499999999999999
HOPV15,Sparse MFGP,60,8.1,6.499999999999999
HOPV15,Sparse MFGP,60,8.2,6.499999999999999
HOPV15,Sparse MFGP,60,8.3,6.499999999999999
HOPV15,Sparse MFGP,60,8.4,6.499999999999999
HOPV15,Sparse MFGP,60,8.5,6.499999999999999
HOPV15,Sparse MFGP,60,9.5,6.499999999999999
HOPV15,Sparse MFGP,60,9.6,6.499999999999999
HOPV15,Sparse MFGP,60,9.7,6.499999999999999
HOPV15,Sparse MFGP,60,9.8,6.499999999999999
HOPV15,Sparse MFGP,60,9.9,6.499999999999999
HOPV15,Sparse MFGP,60,10.0,6.499999999999999
HOPV15,Sparse MFGP,60,10.1,6.499999999999999
HOPV15,Sparse MFGP,60,10.2,6.499999999999999
HOPV15,Sparse MFGP,60,10.3,6.499999999999999
HOPV15,Sparse MFGP,60,10.4,6.499999999999999
HOPV15,Sparse MFGP,60,10.5,6.499999999999999
HOPV15,Sparse MFGP,60,11.5,3.8999999999999995
HOPV15,Sparse MFGP,60,11.6,3.8999999999999995
HOPV15,Sparse MFGP,60,11.7,3.8999999999999995
HOPV15,Sparse MFGP,60,11.8,3.8999999999999995
HOPV15,Sparse MFGP,60,11.9,3.8999999999999995
HOPV15,Sparse MFGP,60,12.0,3.8999999999999995
HOPV15,Sparse MFGP,60,12.1,3.8999999999999995
HOPV15,Sparse MFGP,60,12.2,3.8999999999999995
HOPV15,Sparse MFGP,60,12.3,3.8999999999999995
HOPV15,Sparse MFGP,60,12.4,3.8999999999999995
HOPV15,Sparse MFGP,60,12.5,3.8999999999999995
HOPV15,Sparse MFGP,60,13.5,3.8999999999999995
HOPV15,Sparse MFGP,60,13.6,3.8999999999999995
HOPV15,Sparse MFGP,60,13.7,3.8999999999999995
HOPV15,Sparse MFGP,60,13.8,3.8999999999999995
HOPV15,Sparse MFGP,60,13.9,3.8999999999999995
HOPV15,Sparse MFGP,60,14.0,3.8999999999999995
HOPV15,Sparse MFGP,60,14.1,3.8999999999999995
HOPV15,Sparse MFGP,60,14.2,3.8999999999999995
HOPV15,Sparse MFGP,60,14.3,3.8999999999999995
HOPV15,Sparse MFGP,60,14.4,3.8999999999999995
HOPV15,Sparse MFGP,60,14.5,3.8999999999999995
HOPV15,Sparse MFGP,60,15.5,3.8999999999999995
HOPV15,Sparse MFGP,60,15.6,3.8999999999999995
HOPV15,Sparse MFGP,60,15.7,3.8999999999999995
HOPV15,Sparse MFGP,60,15.8,3.8999999999999995
HOPV15,Sparse MFGP,60,15.9,3.8999999999999995
HOPV15,Sparse MFGP,60,16.0,3.8999999999999995
HOPV15,Sparse MFGP,60,16.1,3.8999999999999995
HOPV15,Sparse MFGP,60,16.2,3.8999999999999995
HOPV15,Sparse MFGP,60,16.3,3.8999999999999995
HOPV15,Sparse MFGP,60,16.4,3.8999999999999995
HOPV15,Sparse MFGP,60,16.5,3.8999999999999995
HOPV15,Sparse MFGP,60,17.5,3.8999999999999995
HOPV15,Sparse MFGP,60,17.6,3.8999999999999995
HOPV15,Sparse MFGP,60,17.7,3.8999999999999995
HOPV15,Sparse MFGP,60,17.8,3.8999999999999995
HOPV15,Sparse MFGP,60,17.9,3.8999999999999995
HOPV15,Sparse MFGP,60,18.0,3.8999999999999995
HOPV15,Sparse MFGP,60,18.1,3.8999999999999995
HOPV15,Sparse MFGP,60,18.2,3.8999999999999995
HOPV15,Sparse MFGP,60,18.3,3.8999999999999995
HOPV15,Sparse MFGP,60,18.4,3.8999999999999995
HOPV15,Sparse MFGP,60,18.5,3.8999999999999995
HOPV15,Sparse MFGP,60,19.5,3.8999999999999995
HOPV15,Sparse MFGP,60,19.6,3.8999999999999995
HOPV15,Sparse MFGP,60,19.7,3.8999999999999995
HOPV15,Sparse MFGP,60,19.8,3.8999999999999995
HOPV15,Sparse MFGP,60,19.9,3.8999999999999995
HOPV15,Sparse MFGP,60,20.0,3.8999999999999995
HOPV15,Sparse MFGP,60,20.1,3.8999999999999995
HOPV15,Sparse MFGP,60,20.2,3.8999999999999995
HOPV15,Sparse MFGP,60,20.3,3.8999999999999995
HOPV15,Sparse MFGP,60,20.4,3.8999999999999995
HOPV15,Sparse MFGP,60,20.5,3.8999999999999995
HOPV15,Sparse MFGP,60,21.5,3.8999999999999995
HOPV15,Sparse MFGP,60,21.6,3.8999999999999995
HOPV15,Sparse MFGP,60,21.7,3.8999999999999995
HOPV15,Sparse MFGP,60,21.8,3.8999999999999995
HOPV15,Sparse MFGP,60,21.9,3.8999999999999995
HOPV15,Sparse MFGP,60,22.0,3.8999999999999995
HOPV15,Sparse MFGP,60,22.1,3.8999999999999995
HOPV15,Sparse MFGP,60,22.2,3.8999999999999995
HOPV15,Sparse MFGP,60,22.3,3.8999999999999995
HOPV15,Sparse MFGP,60,22.4,3.8999999999999995
HOPV15,Sparse MFGP,60,22.5,3.8999999999999995
HOPV15,Sparse MFGP,60,23.5,3.8999999999999995
HOPV15,Sparse MFGP,60,23.6,3.8999999999999995
HOPV15,Sparse MFGP,60,23.7,3.8999999999999995
HOPV15,Sparse MFGP,60,23.8,3.8999999999999995
HOPV15,Sparse MFGP,60,23.9,3.8999999999999995
HOPV15,Sparse MFGP,60,24.0,3.8999999999999995
HOPV15,Sparse MFGP,60,24.1,3.8999999999999995
HOPV15,Sparse MFGP,60,24.2,3.8999999999999995
HOPV15,Sparse MFGP,60,24.3,3.8999999999999995
HOPV15,Sparse MFGP,60,24.4,3.8999999999999995
HOPV15,Sparse MFGP,60,24.5,3.8999999999999995
HOPV15,Sparse MFGP,60,25.5,3.8999999999999995
HOPV15,Sparse MFGP,60,25.6,3.8999999999999995
HOPV15,Sparse MFGP,60,25.7,3.8999999999999995
HOPV15,Sparse MFGP,60,25.8,3.8999999999999995
HOPV15,Sparse MFGP,60,25.9,3.8999999999999995
HOPV15,Sparse MFGP,60,26.0,3.8999999999999995
HOPV15,Sparse MFGP,60,26.1,3.8999999999999995
HOPV15,Sparse MFGP,60,26.2,3.8999999999999995
HOPV15,Sparse MFGP,60,26.3,3.8999999999999995
HOPV15,Sparse MFGP,60,26.4,3.8999999999999995
HOPV15,Sparse MFGP,60,26.5,3.8999999999999995
HOPV15,Sparse MFGP,60,27.5,3.5299999999999994
HOPV15,Sparse MFGP,60,27.6,3.5299999999999994
HOPV15,Sparse MFGP,60,27.7,3.5299999999999994
HOPV15,Sparse MFGP,60,27.8,3.5299999999999994
HOPV15,Sparse MFGP,60,27.9,3.5299999999999994
HOPV15,Sparse MFGP,60,28.0,3.5299999999999994
HOPV15,Sparse MFGP,60,28.1,3.5299999999999994
HOPV15,Sparse MFGP,60,28.2,3.5299999999999994
HOPV15,Sparse MFGP,60,28.3,3.5299999999999994
HOPV15,Sparse MFGP,60,28.4,3.5299999999999994
HOPV15,Sparse MFGP,60,28.5,3.5299999999999994
HOPV15,Sparse MFGP,60,29.5,3.5299999999999994
HOPV15,Sparse MFGP,60,29.6,3.5299999999999994
HOPV15,Sparse MFGP,60,29.7,3.5299999999999994
HOPV15,Sparse MFGP,60,29.8,3.5299999999999994
HOPV15,Sparse MFGP,60,29.9,3.5299999999999994
HOPV15,Sparse MFGP,61,3.5,6.329999999999999
HOPV15,Sparse MFGP,61,3.6,6.329999999999999
HOPV15,Sparse MFGP,61,3.7,6.329999999999999
HOPV15,Sparse MFGP,61,3.8,6.329999999999999
HOPV15,Sparse MFGP,61,3.9,6.329999999999999
HOPV15,Sparse MFGP,61,4.0,6.329999999999999
HOPV15,Sparse MFGP,61,4.1,6.329999999999999
HOPV15,Sparse MFGP,61,4.2,6.329999999999999
HOPV15,Sparse MFGP,61,4.3,6.329999999999999
HOPV15,Sparse MFGP,61,4.4,6.329999999999999
HOPV15,Sparse MFGP,61,4.5,6.329999999999999
HOPV15,Sparse MFGP,61,5.5,4.14
HOPV15,Sparse MFGP,61,5.6,4.14
HOPV15,Sparse MFGP,61,5.7,4.14
HOPV15,Sparse MFGP,61,5.8,4.14
HOPV15,Sparse MFGP,61,5.9,4.14
HOPV15,Sparse MFGP,61,6.0,4.14
HOPV15,Sparse MFGP,61,6.1,4.14
HOPV15,Sparse MFGP,61,6.2,4.14
HOPV15,Sparse MFGP,61,6.3,4.14
HOPV15,Sparse MFGP,61,6.4,4.14
HOPV15,Sparse MFGP,61,6.5,4.14
HOPV15,Sparse MFGP,61,7.5,4.14
HOPV15,Sparse MFGP,61,7.6,4.14
HOPV15,Sparse MFGP,61,7.7,4.14
HOPV15,Sparse MFGP,61,7.8,4.14
HOPV15,Sparse MFGP,61,7.9,4.14
HOPV15,Sparse MFGP,61,8.0,4.14
HOPV15,Sparse MFGP,61,8.1,4.14
HOPV15,Sparse MFGP,61,8.2,4.14
HOPV15,Sparse MFGP,61,8.3,4.14
HOPV15,Sparse MFGP,61,8.4,4.14
HOPV15,Sparse MFGP,61,8.5,4.14
HOPV15,Sparse MFGP,61,9.5,4.14
HOPV15,Sparse MFGP,61,9.6,4.14
HOPV15,Sparse MFGP,61,9.7,4.14
HOPV15,Sparse MFGP,61,9.8,4.14
HOPV15,Sparse MFGP,61,9.9,4.14
HOPV15,Sparse MFGP,61,10.0,4.14
HOPV15,Sparse MFGP,61,10.1,4.14
HOPV15,Sparse MFGP,61,10.2,4.14
HOPV15,Sparse MFGP,61,10.3,4.14
HOPV15,Sparse MFGP,61,10.4,4.14
HOPV15,Sparse MFGP,61,10.5,4.14
HOPV15,Sparse MFGP,61,11.5,4.14
HOPV15,Sparse MFGP,61,11.6,4.14
HOPV15,Sparse MFGP,61,11.7,4.14
HOPV15,Sparse MFGP,61,11.8,4.14
HOPV15,Sparse MFGP,61,11.9,4.14
HOPV15,Sparse MFGP,61,12.0,4.14
HOPV15,Sparse MFGP,61,12.1,4.14
HOPV15,Sparse MFGP,61,12.2,4.14
HOPV15,Sparse MFGP,61,12.3,4.14
HOPV15,Sparse MFGP,61,12.4,4.14
HOPV15,Sparse MFGP,61,12.5,4.14
HOPV15,Sparse MFGP,61,13.5,4.14
HOPV15,Sparse MFGP,61,13.6,4.14
HOPV15,Sparse MFGP,61,13.7,4.14
HOPV15,Sparse MFGP,61,13.8,4.14
HOPV15,Sparse MFGP,61,13.9,4.14
HOPV15,Sparse MFGP,61,14.0,4.14
HOPV15,Sparse MFGP,61,14.1,4.14
HOPV15,Sparse MFGP,61,14.2,4.14
HOPV15,Sparse MFGP,61,14.3,4.14
HOPV15,Sparse MFGP,61,14.4,4.14
HOPV15,Sparse MFGP,61,14.5,4.14
HOPV15,Sparse MFGP,61,15.5,4.14
HOPV15,Sparse MFGP,61,15.6,4.14
HOPV15,Sparse MFGP,61,15.7,4.14
HOPV15,Sparse MFGP,61,15.8,4.14
HOPV15,Sparse MFGP,61,15.9,4.14
HOPV15,Sparse MFGP,61,16.0,4.14
HOPV15,Sparse MFGP,61,16.1,4.14
HOPV15,Sparse MFGP,61,16.2,4.14
HOPV15,Sparse MFGP,61,16.3,4.14
HOPV15,Sparse MFGP,61,16.4,4.14
HOPV15,Sparse MFGP,61,16.5,4.14
HOPV15,Sparse MFGP,61,17.5,4.14
HOPV15,Sparse MFGP,61,17.6,4.14
HOPV15,Sparse MFGP,61,17.7,4.14
HOPV15,Sparse MFGP,61,17.8,4.14
HOPV15,Sparse MFGP,61,17.9,4.14
HOPV15,Sparse MFGP,61,18.0,4.14
HOPV15,Sparse MFGP,61,18.1,4.14
HOPV15,Sparse MFGP,61,18.2,4.14
HOPV15,Sparse MFGP,61,18.3,4.14
HOPV15,Sparse MFGP,61,18.4,4.14
HOPV15,Sparse MFGP,61,18.5,4.14
HOPV15,Sparse MFGP,61,19.5,3.789999999999999
HOPV15,Sparse MFGP,61,19.6,3.789999999999999
HOPV15,Sparse MFGP,61,19.7,3.789999999999999
HOPV15,Sparse MFGP,61,19.8,3.789999999999999
HOPV15,Sparse MFGP,61,19.9,3.789999999999999
HOPV15,Sparse MFGP,61,20.0,3.789999999999999
HOPV15,Sparse MFGP,61,20.1,3.789999999999999
HOPV15,Sparse MFGP,61,20.2,3.789999999999999
HOPV15,Sparse MFGP,61,20.3,3.789999999999999
HOPV15,Sparse MFGP,61,20.4,3.789999999999999
HOPV15,Sparse MFGP,61,20.5,3.789999999999999
HOPV15,Sparse MFGP,61,21.5,3.789999999999999
HOPV15,Sparse MFGP,61,21.6,3.789999999999999
HOPV15,Sparse MFGP,61,21.7,3.789999999999999
HOPV15,Sparse MFGP,61,21.8,3.789999999999999
HOPV15,Sparse MFGP,61,21.9,3.789999999999999
HOPV15,Sparse MFGP,61,22.0,3.789999999999999
HOPV15,Sparse MFGP,61,22.1,3.789999999999999
HOPV15,Sparse MFGP,61,22.2,3.789999999999999
HOPV15,Sparse MFGP,61,22.3,3.789999999999999
HOPV15,Sparse MFGP,61,22.4,3.789999999999999
HOPV15,Sparse MFGP,61,22.5,3.789999999999999
HOPV15,Sparse MFGP,61,23.5,3.789999999999999
HOPV15,Sparse MFGP,61,23.6,3.789999999999999
HOPV15,Sparse MFGP,61,23.7,3.789999999999999
HOPV15,Sparse MFGP,61,23.8,3.789999999999999
HOPV15,Sparse MFGP,61,23.9,3.789999999999999
HOPV15,Sparse MFGP,61,24.0,3.789999999999999
HOPV15,Sparse MFGP,61,24.1,3.789999999999999
HOPV15,Sparse MFGP,61,24.2,3.789999999999999
HOPV15,Sparse MFGP,61,24.3,3.789999999999999
HOPV15,Sparse MFGP,61,24.4,3.789999999999999
HOPV15,Sparse MFGP,61,24.5,3.789999999999999
HOPV15,Sparse MFGP,61,25.5,3.789999999999999
HOPV15,Sparse MFGP,61,25.6,3.789999999999999
HOPV15,Sparse MFGP,61,25.7,3.789999999999999
HOPV15,Sparse MFGP,61,25.8,3.789999999999999
HOPV15,Sparse MFGP,61,25.9,3.789999999999999
HOPV15,Sparse MFGP,61,26.0,3.789999999999999
HOPV15,Sparse MFGP,61,26.1,3.789999999999999
HOPV15,Sparse MFGP,61,26.2,3.789999999999999
HOPV15,Sparse MFGP,61,26.3,3.789999999999999
HOPV15,Sparse MFGP,61,26.4,3.789999999999999
HOPV15,Sparse MFGP,61,26.5,3.789999999999999
HOPV15,Sparse MFGP,61,27.5,3.789999999999999
HOPV15,Sparse MFGP,61,27.6,3.789999999999999
HOPV15,Sparse MFGP,61,27.7,3.789999999999999
HOPV15,Sparse MFGP,61,27.8,3.789999999999999
HOPV15,Sparse MFGP,61,27.9,3.789999999999999
HOPV15,Sparse MFGP,61,28.0,3.789999999999999
HOPV15,Sparse MFGP,61,28.1,3.789999999999999
HOPV15,Sparse MFGP,61,28.2,3.789999999999999
HOPV15,Sparse MFGP,61,28.3,3.789999999999999
HOPV15,Sparse MFGP,61,28.4,3.789999999999999
HOPV15,Sparse MFGP,61,28.5,3.789999999999999
HOPV15,Sparse MFGP,61,29.5,3.789999999999999
HOPV15,Sparse MFGP,61,29.6,3.789999999999999
HOPV15,Sparse MFGP,61,29.7,3.789999999999999
HOPV15,Sparse MFGP,61,29.8,3.789999999999999
HOPV15,Sparse MFGP,61,29.9,3.789999999999999
Matbench-Gap,NARGP,56,3.0,1.4
Matbench-Gap,NARGP,56,3.05,1.4
Matbench-Gap,NARGP,56,3.1,1.4
Matbench-Gap,NARGP,56,3.15,1.4
Matbench-Gap,NARGP,56,3.2,1.4
Matbench-Gap,NARGP,56,3.25,1.4
Matbench-Gap,NARGP,56,3.3,1.4
Matbench-Gap,NARGP,56,3.35,1.4
Matbench-Gap,NARGP,56,3.4,1.4
Matbench-Gap,NARGP,56,3.45,1.4
Matbench-Gap,NARGP,56,3.5,1.4
Matbench-Gap,NARGP,56,3.55,1.4
Matbench-Gap,NARGP,56,3.6,1.4
Matbench-Gap,NARGP,56,3.65,1.4
Matbench-Gap,NARGP,56,3.7,1.4
Matbench-Gap,NARGP,56,3.75,1.4
Matbench-Gap,NARGP,56,3.8,1.4
Matbench-Gap,NARGP,56,3.85,1.4
Matbench-Gap,NARGP,56,3.9,1.4
Matbench-Gap,NARGP,56,3.95,1.4
Matbench-Gap,NARGP,56,4.0,1.4
Matbench-Gap,NARGP,56,5.0,1.4
Matbench-Gap,NARGP,56,5.05,1.4
Matbench-Gap,NARGP,56,5.1,1.4
Matbench-Gap,NARGP,56,5.15,1.4
Matbench-Gap,NARGP,56,5.2,1.4
Matbench-Gap,NARGP,56,5.25,1.4
Matbench-Gap,NARGP,56,5.3,1.4
Matbench-Gap,NARGP,56,5.35,1.4
Matbench-Gap,NARGP,56,5.4,1.4
Matbench-Gap,NARGP,56,5.45,1.4
Matbench-Gap,NARGP,56,5.5,1.4
Matbench-Gap,NARGP,56,5.55,1.4
Matbench-Gap,NARGP,56,5.6,1.4
Matbench-Gap,NARGP,56,5.65,1.4
Matbench-Gap,NARGP,56,5.7,1.4
Matbench-Gap,NARGP,56,5.75,1.4
Matbench-Gap,NARGP,56,5.8,1.4
Matbench-Gap,NARGP,56,5.85,1.4
Matbench-Gap,NARGP,56,5.9,1.4
Matbench-Gap,NARGP,56,5.95,1.4
Matbench-Gap,NARGP,56,6.0,1.4
Matbench-Gap,NARGP,56,7.0,1.4
Matbench-Gap,NARGP,56,7.05,1.4
Matbench-Gap,NARGP,56,7.1,1.4
Matbench-Gap,NARGP,56,7.15,1.4
Matbench-Gap,NARGP,56,7.2,1.4
Matbench-Gap,NARGP,56,7.25,1.4
Matbench-Gap,NARGP,56,7.3,1.4
Matbench-Gap,NARGP,56,7.35,1.4
Matbench-Gap,NARGP,56,7.4,1.4
Matbench-Gap,NARGP,56,7.45,1.4
Matbench-Gap,NARGP,56,7.5,1.4
Matbench-Gap,NARGP,56,7.55,1.4
Matbench-Gap,NARGP,56,7.6,1.4
Matbench-Gap,NARGP,56,7.65,1.4
Matbench-Gap,NARGP,56,7.7,1.4
Matbench-Gap,NARGP,56,7.75,1.4
Matbench-Gap,NARGP,56,7.8,1.4
Matbench-Gap,NARGP,56,7.85,1.4
Matbench-Gap,NARGP,56,7.9,1.4
Matbench-Gap,NARGP,56,7.95,1.4
Matbench-Gap,NARGP,56,8.0,1.4
Matbench-Gap,NARGP,56,9.0,1.4
Matbench-Gap,NARGP,56,9.05,1.4
Matbench-Gap,NARGP,56,9.1,1.4
Matbench-Gap,NARGP,56,9.15,1.4
Matbench-Gap,NARGP,56,9.2,1.4
Matbench-Gap,NARGP,56,9.25,1.4
Matbench-Gap,NARGP,56,9.3,1.4
Matbench-Gap,NARGP,56,9.35,1.4
Matbench-Gap,NARGP,56,9.4,1.4
Matbench-Gap,NARGP,56,9.45,1.4
Matbench-Gap,NARGP,56,9.5,1.4
Matbench-Gap,NARGP,56,9.55,1.4
Matbench-Gap,NARGP,56,9.6,1.4
Matbench-Gap,NARGP,56,9.65,1.4
Matbench-Gap,NARGP,56,9.7,1.4
Matbench-Gap,NARGP,56,9.75,1.4
Matbench-Gap,NARGP,56,9.8,1.4
Matbench-Gap,NARGP,56,9.85,1.4
Matbench-Gap,NARGP,56,9.9,1.4
Matbench-Gap,NARGP,56,9.95,1.4
Matbench-Gap,NARGP,56,10.0,1.4
Matbench-Gap,NARGP,56,11.0,1.4
Matbench-Gap,NARGP,56,11.05,1.4
Matbench-Gap,NARGP,56,11.1,1.4
Matbench-Gap,NARGP,56,11.15,1.4
Matbench-Gap,NARGP,56,11.2,1.4
Matbench-Gap,NARGP,56,11.25,1.4
Matbench-Gap,NARGP,56,11.3,1.4
Matbench-Gap,NARGP,56,11.35,1.4
Matbench-Gap,NARGP,56,11.4,1.4
Matbench-Gap,NARGP,56,11.45,1.4
Matbench-Gap,NARGP,56,11.5,1.4
Matbench-Gap,NARGP,56,11.55,1.4
Matbench-Gap,NARGP,56,11.6,1.4
Matbench-Gap,NARGP,56,11.65,1.4
Matbench-Gap,NARGP,56,11.7,1.4
Matbench-Gap,NARGP,56,11.75,1.4
Matbench-Gap,NARGP,56,11.8,1.4
Matbench-Gap,NARGP,56,11.85,1.4
Matbench-Gap,NARGP,56,11.9,1.4
Matbench-Gap,NARGP,56,11.95,1.4
Matbench-Gap,NARGP,56,12.0,1.4
Matbench-Gap,NARGP,56,13.0,1.4
Matbench-Gap,NARGP,56,13.05,1.4
Matbench-Gap,NARGP,56,13.1,1.4
Matbench-Gap,NARGP,56,13.15,1.4
Matbench-Gap,NARGP,56,13.2,1.4
Matbench-Gap,NARGP,56,13.25,1.4
Matbench-Gap,NARGP,56,13.3,1.4
Matbench-Gap,NARGP,56,13.35,1.4
Matbench-Gap,NARGP,56,13.4,1.4
Matbench-Gap,NARGP,56,13.45,1.4
Matbench-Gap,NARGP,56,13.5,1.4
Matbench-Gap,NARGP,56,13.55,1.4
Matbench-Gap,NARGP,56,13.6,1.4
Matbench-Gap,NARGP,56,13.65,1.4
Matbench-Gap,NARGP,56,13.7,1.4
Matbench-Gap,NARGP,56,13.75,1.4
Matbench-Gap,NARGP,56,13.8,1.4
Matbench-Gap,NARGP,56,13.85,1.4
Matbench-Gap,NARGP,56,13.9,1.4
Matbench-Gap,NARGP,56,13.95,1.4
Matbench-Gap,NARGP,56,14.0,1.4
Matbench-Gap,NARGP,56,15.0,1.4
Matbench-Gap,NARGP,56,15.05,1.4
Matbench-Gap,NARGP,56,15.1,1.4
Matbench-Gap,NARGP,56,15.15,1.4
Matbench-Gap,NARGP,56,15.2,1.4
Matbench-Gap,NARGP,56,15.25,1.4
Matbench-Gap,NARGP,56,15.3,1.4
Matbench-Gap,NARGP,56,15.35,1.4
Matbench-Gap,NARGP,56,15.4,1.4
Matbench-Gap,NARGP,56,15.45,1.4
Matbench-Gap,NARGP,56,15.5,1.4
Matbench-Gap,NARGP,56,15.55,1.4
Matbench-Gap,NARGP,56,15.6,1.4
Matbench-Gap,NARGP,56,15.65,1.4
Matbench-Gap,NARGP,56,15.7,1.4
Matbench-Gap,NARGP,56,15.75,1.4
Matbench-Gap,NARGP,56,15.8,1.4
Matbench-Gap,NARGP,56,15.85,1.4
Matbench-Gap,NARGP,56,15.9,1.4
Matbench-Gap,NARGP,56,15.95,1.4
Matbench-Gap,NARGP,56,16.0,1.4
Matbench-Gap,NARGP,56,17.0,1.4
Matbench-Gap,NARGP,56,17.05,1.4
Matbench-Gap,NARGP,56,17.1,1.4
Matbench-Gap,NARGP,56,17.15,1.4
Matbench-Gap,NARGP,56,17.2,1.4
Matbench-Gap,NARGP,56,17.25,1.4
Matbench-Gap,NARGP,56,17.3,1.4
Matbench-Gap,NARGP,56,17.35,1.4
Matbench-Gap,NARGP,56,17.4,1.4
Matbench-Gap,NARGP,56,17.45,1.4
Matbench-Gap,NARGP,56,17.5,1.4
Matbench-Gap,NARGP,56,17.55,1.4
Matbench-Gap,NARGP,56,17.6,1.4
Matbench-Gap,NARGP,56,17.65,1.4
Matbench-Gap,NARGP,56,17.7,1.4
Matbench-Gap,NARGP,56,17.75,1.4
Matbench-Gap,NARGP,56,17.8,1.4
Matbench-Gap,NARGP,56,17.85,1.4
Matbench-Gap,NARGP,56,17.9,1.4
Matbench-Gap,NARGP,56,17.95,1.4
Matbench-Gap,NARGP,56,18.0,1.4
Matbench-Gap,NARGP,56,19.0,1.4
Matbench-Gap,NARGP,56,19.05,1.4
Matbench-Gap,NARGP,56,19.1,1.4
Matbench-Gap,NARGP,56,19.15,1.4
Matbench-Gap,NARGP,56,19.2,1.4
Matbench-Gap,NARGP,56,19.25,1.4
Matbench-Gap,NARGP,56,19.3,1.4
Matbench-Gap,NARGP,56,19.35,1.4
Matbench-Gap,NARGP,56,19.4,1.4
Matbench-Gap,NARGP,56,19.45,1.4
Matbench-Gap,NARGP,56,19.5,1.4
Matbench-Gap,NARGP,56,19.55,1.4
Matbench-Gap,NARGP,56,19.6,1.4
Matbench-Gap,NARGP,56,19.65,1.4
Matbench-Gap,NARGP,56,19.7,1.4
Matbench-Gap,NARGP,56,19.75,1.4
Matbench-Gap,NARGP,56,19.8,1.4
Matbench-Gap,NARGP,56,19.85,1.4
Matbench-Gap,NARGP,56,19.9,1.4
Matbench-Gap,NARGP,56,19.95,1.4
Matbench-Gap,NARGP,58,3.0,1.4
Matbench-Gap,NARGP,58,3.05,1.4
Matbench-Gap,NARGP,58,3.1,1.4
Matbench-Gap,NARGP,58,3.15,1.4
Matbench-Gap,NARGP,58,3.2,1.4
Matbench-Gap,NARGP,58,3.25,1.4
Matbench-Gap,NARGP,58,3.3,1.4
Matbench-Gap,NARGP,58,3.35,1.4
Matbench-Gap,NARGP,58,3.4,1.4
Matbench-Gap,NARGP,58,3.45,1.4
Matbench-Gap,NARGP,58,3.5,1.4
Matbench-Gap,NARGP,58,3.55,1.4
Matbench-Gap,NARGP,58,3.6,1.4
Matbench-Gap,NARGP,58,3.65,1.4
Matbench-Gap,NARGP,58,3.7,1.4
Matbench-Gap,NARGP,58,3.75,1.4
Matbench-Gap,NARGP,58,3.8,1.4
Matbench-Gap,NARGP,58,3.85,1.4
Matbench-Gap,NARGP,58,3.9,1.4
Matbench-Gap,NARGP,58,3.95,1.4
Matbench-Gap,NARGP,58,4.0,1.4
Matbench-Gap,NARGP,58,5.0,1.4
Matbench-Gap,NARGP,58,5.05,1.4
Matbench-Gap,NARGP,58,5.1,1.4
Matbench-Gap,NARGP,58,5.15,1.4
Matbench-Gap,NARGP,58,5.2,1.4
Matbench-Gap,NARGP,58,5.25,1.4
Matbench-Gap,NARGP,58,5.3,1.4
Matbench-Gap,NARGP,58,5.35,1.4
Matbench-Gap,NARGP,58,5.4,1.4
Matbench-Gap,NARGP,58,5.45,1.4
Matbench-Gap,NARGP,58,5.5,1.4
Matbench-Gap,NARGP,58,5.55,1.4
Matbench-Gap,NARGP,58,5.6,1.4
Matbench-Gap,NARGP,58,5.65,1.4
Matbench-Gap,NARGP,58,5.7,1.4
Matbench-Gap,NARGP,58,5.75,1.4
Matbench-Gap,NARGP,58,5.8,1.4
Matbench-Gap,NARGP,58,5.85,1.4
Matbench-Gap,NARGP,58,5.9,1.4
Matbench-Gap,NARGP,58,5.95,1.4
Matbench-Gap,NARGP,58,6.0,1.4
Matbench-Gap,NARGP,58,7.0,0.94
Matbench-Gap,NARGP,58,7.05,0.94
Matbench-Gap,NARGP,58,7.1,0.94
Matbench-Gap,NARGP,58,7.15,0.94
Matbench-Gap,NARGP,58,7.2,0.94
Matbench-Gap,NARGP,58,7.25,0.94
Matbench-Gap,NARGP,58,7.3,0.94
Matbench-Gap,NARGP,58,7.35,0.94
Matbench-Gap,NARGP,58,7.4,0.94
Matbench-Gap,NARGP,58,7.45,0.94
Matbench-Gap,NARGP,58,7.5,0.94
Matbench-Gap,NARGP,58,7.55,0.94
Matbench-Gap,NARGP,58,7.6,0.94
Matbench-Gap,NARGP,58,7.65,0.94
Matbench-Gap,NARGP,58,7.7,0.94
Matbench-Gap,NARGP,58,7.75,0.94
Matbench-Gap,NARGP,58,7.8,0.94
Matbench-Gap,NARGP,58,7.85,0.94
Matbench-Gap,NARGP,58,7.9,0.94
Matbench-Gap,NARGP,58,7.95,0.94
Matbench-Gap,NARGP,58,8.0,0.94
Matbench-Gap,NARGP,58,9.0,0.94
Matbench-Gap,NARGP,58,9.05,0.94
Matbench-Gap,NARGP,58,9.1,0.94
Matbench-Gap,NARGP,58,9.15,0.94
Matbench-Gap,NARGP,58,9.2,0.94
Matbench-Gap,NARGP,58,9.25,0.94
Matbench-Gap,NARGP,58,9.3,0.94
Matbench-Gap,NARGP,58,9.35,0.94
Matbench-Gap,NARGP,58,9.4,0.94
Matbench-Gap,NARGP,58,9.45,0.94
Matbench-Gap,NARGP,58,9.5,0.94
Matbench-Gap,NARGP,58,9.55,0.94
Matbench-Gap,NARGP,58,9.6,0.94
Matbench-Gap,NARGP,58,9.65,0.94
Matbench-Gap,NARGP,58,9.7,0.94
Matbench-Gap,NARGP,58,9.75,0.94
Matbench-Gap,NARGP,58,9.8,0.94
Matbench-Gap,NARGP,58,9.85,0.94
Matbench-Gap,NARGP,58,9.9,0.94
Matbench-Gap,NARGP,58,9.95,0.94
Matbench-Gap,NARGP,58,10.0,0.94
Matbench-Gap,NARGP,58,11.0,0.94
Matbench-Gap,NARGP,58,11.05,0.94
Matbench-Gap,NARGP,58,11.1,0.94
Matbench-Gap,NARGP,58,11.15,0.94
Matbench-Gap,NARGP,58,11.2,0.94
Matbench-Gap,NARGP,58,11.25,0.94
Matbench-Gap,NARGP,58,11.3,0.94
Matbench-Gap,NARGP,58,11.35,0.94
Matbench-Gap,NARGP,58,11.4,0.94
Matbench-Gap,NARGP,58,11.45,0.94
Matbench-Gap,NARGP,58,11.5,0.94
Matbench-Gap,NARGP,58,11.55,0.94
Matbench-Gap,NARGP,58,11.6,0.94
Matbench-Gap,NARGP,58,11.65,0.94
Matbench-Gap,NARGP,58,11.7,0.94
Matbench-Gap,NARGP,58,11.75,0.94
Matbench-Gap,NARGP,58,11.8,0.94
Matbench-Gap,NARGP,58,11.85,0.94
Matbench-Gap,NARGP,58,11.9,0.94
Matbench-Gap,NARGP,58,11.95,0.94
Matbench-Gap,NARGP,58,12.0,0.94
Matbench-Gap,NARGP,58,13.0,0.94
Matbench-Gap,NARGP,58,13.05,0.94
Matbench-Gap,NARGP,58,13.1,0.94
Matbench-Gap,NARGP,58,13.15,0.94
Matbench-Gap,NARGP,58,13.2,0.94
Matbench-Gap,NARGP,58,13.25,0.94
Matbench-Gap,NARGP,58,13.3,0.94
Matbench-Gap,NARGP,58,13.35,0.94
Matbench-Gap,NARGP,58,13.4,0.94
Matbench-Gap,NARGP,58,13.45,0.94
Matbench-Gap,NARGP,58,13.5,0.94
Matbench-Gap,NARGP,58,13.55,0.94
Matbench-Gap,NARGP,58,13.6,0.94
Matbench-Gap,NARGP,58,13.65,0.94
Matbench-Gap,NARGP,58,13.7,0.94
Matbench-Gap,NARGP,58,13.75,0.94
Matbench-Gap,NARGP,58,13.8,0.94
Matbench-Gap,NARGP,58,13.85,0.94
Matbench-Gap,NARGP,58,13.9,0.94
Matbench-Gap,NARGP,58,13.95,0.94
Matbench-Gap,NARGP,58,14.0,0.94
Matbench-Gap,NARGP,58,15.0,0.94
Matbench-Gap,NARGP,58,15.05,0.94
Matbench-Gap,NARGP,58,15.1,0.94
Matbench-Gap,NARGP,58,15.15,0.94
Matbench-Gap,NARGP,58,15.2,0.94
Matbench-Gap,NARGP,58,15.25,0.94
Matbench-Gap,NARGP,58,15.3,0.94
Matbench-Gap,NARGP,58,15.35,0.94
Matbench-Gap,NARGP,58,15.4,0.94
Matbench-Gap,NARGP,58,15.45,0.94
Matbench-Gap,NARGP,58,15.5,0.94
Matbench-Gap,NARGP,58,15.55,0.94
Matbench-Gap,NARGP,58,15.6,0.94
Matbench-Gap,NARGP,58,15.65,0.94
Matbench-Gap,NARGP,58,15.7,0.94
Matbench-Gap,NARGP,58,15.75,0.94
Matbench-Gap,NARGP,58,15.8,0.94
Matbench-Gap,NARGP,58,15.85,0.94
Matbench-Gap,NARGP,58,15.9,0.94
Matbench-Gap,NARGP,58,15.95,0.94
Matbench-Gap,NARGP,58,16.0,0.94
Matbench-Gap,NARGP,58,17.0,0.94
Matbench-Gap,NARGP,58,17.05,0.94
Matbench-Gap,NARGP,58,17.1,0.94
Matbench-Gap,NARGP,58,17.15,0.94
Matbench-Gap,NARGP,58,17.2,0.94
Matbench-Gap,NARGP,58,17.25,0.94
Matbench-Gap,NARGP,58,17.3,0.94
Matbench-Gap,NARGP,58,17.35,0.94
Matbench-Gap,NARGP,58,17.4,0.94
Matbench-Gap,NARGP,58,17.45,0.94
Matbench-Gap,NARGP,58,17.5,0.94
Matbench-Gap,NARGP,58,17.55,0.94
Matbench-Gap,NARGP,58,17.6,0.94
Matbench-Gap,NARGP,58,17.65,0.94
Matbench-Gap,NARGP,58,17.7,0.94
Matbench-Gap,NARGP,58,17.75,0.94
Matbench-Gap,NARGP,58,17.8,0.94
Matbench-Gap,NARGP,58,17.85,0.94
Matbench-Gap,NARGP,58,17.9,0.94
Matbench-Gap,NARGP,58,17.95,0.94
Matbench-Gap,NARGP,58,18.0,0.94
Matbench-Gap,NARGP,58,19.0,0.94
Matbench-Gap,NARGP,58,19.05,0.94
Matbench-Gap,NARGP,58,19.1,0.94
Matbench-Gap,NARGP,58,19.15,0.94
Matbench-Gap,NARGP,58,19.2,0.94
Matbench-Gap,NARGP,58,19.25,0.94
Matbench-Gap,NARGP,58,19.3,0.94
Matbench-Gap,NARGP,58,19.35,0.94
Matbench-Gap,NARGP,58,19.4,0.94
Matbench-Gap,NARGP,58,19.45,0.94
Matbench-Gap,NARGP,58,19.5,0.94
Matbench-Gap,NARGP,58,19.55,0.94
Matbench-Gap,NARGP,58,19.6,0.94
Matbench-Gap,NARGP,58,19.65,0.94
Matbench-Gap,NARGP,58,19.7,0.94
Matbench-Gap,NARGP,58,19.75,0.94
Matbench-Gap,NARGP,58,19.8,0.94
Matbench-Gap,NARGP,58,19.85,0.94
Matbench-Gap,NARGP,58,19.9,0.94
Matbench-Gap,NARGP,58,19.95,0.94
Matbench-Gap,NARGP,57,3.0,1.4
Matbench-Gap,NARGP,57,3.05,1.4
Matbench-Gap,NARGP,57,3.1,1.4
Matbench-Gap,NARGP,57,3.15,1.4
Matbench-Gap,NARGP,57,3.2,1.4
Matbench-Gap,NARGP,57,3.25,1.4
Matbench-Gap,NARGP,57,3.3,1.4
Matbench-Gap,NARGP,57,3.35,1.4
Matbench-Gap,NARGP,57,3.4,1.4
Matbench-Gap,NARGP,57,3.45,1.4
Matbench-Gap,NARGP,57,3.5,1.4
Matbench-Gap,NARGP,57,3.55,1.4
Matbench-Gap,NARGP,57,3.6,1.4
Matbench-Gap,NARGP,57,3.65,1.4
Matbench-Gap,NARGP,57,3.7,1.4
Matbench-Gap,NARGP,57,3.75,1.4
Matbench-Gap,NARGP,57,3.8,1.4
Matbench-Gap,NARGP,57,3.85,1.4
Matbench-Gap,NARGP,57,3.9,1.4
Matbench-Gap,NARGP,57,3.95,1.4
Matbench-Gap,NARGP,57,4.0,1.4
Matbench-Gap,NARGP,57,5.0,1.4
Matbench-Gap,NARGP,57,5.05,1.4
Matbench-Gap,NARGP,57,5.1,1.4
Matbench-Gap,NARGP,57,5.15,1.4
Matbench-Gap,NARGP,57,5.2,1.4
Matbench-Gap,NARGP,57,5.25,1.4
Matbench-Gap,NARGP,57,5.3,1.4
Matbench-Gap,NARGP,57,5.35,1.4
Matbench-Gap,NARGP,57,5.4,1.4
Matbench-Gap,NARGP,57,5.45,1.4
Matbench-Gap,NARGP,57,5.5,1.4
Matbench-Gap,NARGP,57,5.55,1.4
Matbench-Gap,NARGP,57,5.6,1.4
Matbench-Gap,NARGP,57,5.65,1.4
Matbench-Gap,NARGP,57,5.7,1.4
Matbench-Gap,NARGP,57,5.75,1.4
Matbench-Gap,NARGP,57,5.8,1.4
Matbench-Gap,NARGP,57,5.85,1.4
Matbench-Gap,NARGP,57,5.9,1.4
Matbench-Gap,NARGP,57,5.95,1.4
Matbench-Gap,NARGP,57,6.0,1.4
Matbench-Gap,NARGP,57,7.0,1.4
Matbench-Gap,NARGP,57,7.05,1.4
Matbench-Gap,NARGP,57,7.1,1.4
Matbench-Gap,NARGP,57,7.15,1.4
Matbench-Gap,NARGP,57,7.2,1.4
Matbench-Gap,NARGP,57,7.25,1.4
Matbench-Gap,NARGP,57,7.3,1.4
Matbench-Gap,NARGP,57,7.35,1.4
Matbench-Gap,NARGP,57,7.4,1.4
Matbench-Gap,NARGP,57,7.45,1.4
Matbench-Gap,NARGP,57,7.5,1.4
Matbench-Gap,NARGP,57,7.55,1.4
Matbench-Gap,NARGP,57,7.6,1.4
Matbench-Gap,NARGP,57,7.65,1.4
Matbench-Gap,NARGP,57,7.7,1.4
Matbench-Gap,NARGP,57,7.75,1.4
Matbench-Gap,NARGP,57,7.8,1.4
Matbench-Gap,NARGP,57,7.85,1.4
Matbench-Gap,NARGP,57,7.9,1.4
Matbench-Gap,NARGP,57,7.95,1.4
Matbench-Gap,NARGP,57,8.0,1.4
Matbench-Gap,NARGP,57,9.0,1.4
Matbench-Gap,NARGP,57,9.05,1.4
Matbench-Gap,NARGP,57,9.1,1.4
Matbench-Gap,NARGP,57,9.15,1.4
Matbench-Gap,NARGP,57,9.2,1.4
Matbench-Gap,NARGP,57,9.25,1.4
Matbench-Gap,NARGP,57,9.3,1.4
Matbench-Gap,NARGP,57,9.35,1.4
Matbench-Gap,NARGP,57,9.4,1.4
Matbench-Gap,NARGP,57,9.45,1.4
Matbench-Gap,NARGP,57,9.5,1.4
Matbench-Gap,NARGP,57,9.55,1.4
Matbench-Gap,NARGP,57,9.6,1.4
Matbench-Gap,NARGP,57,9.65,1.4
Matbench-Gap,NARGP,57,9.7,1.4
Matbench-Gap,NARGP,57,9.75,1.4
Matbench-Gap,NARGP,57,9.8,1.4
Matbench-Gap,NARGP,57,9.85,1.4
Matbench-Gap,NARGP,57,9.9,1.4
Matbench-Gap,NARGP,57,9.95,1.4
Matbench-Gap,NARGP,57,10.0,1.4
Matbench-Gap,NARGP,57,11.0,1.4
Matbench-Gap,NARGP,57,11.05,1.4
Matbench-Gap,NARGP,57,11.1,1.4
Matbench-Gap,NARGP,57,11.15,1.4
Matbench-Gap,NARGP,57,11.2,1.4
Matbench-Gap,NARGP,57,11.25,1.4
Matbench-Gap,NARGP,57,11.3,1.4
Matbench-Gap,NARGP,57,11.35,1.4
Matbench-Gap,NARGP,57,11.4,1.4
Matbench-Gap,NARGP,57,11.45,1.4
Matbench-Gap,NARGP,57,11.5,1.4
Matbench-Gap,NARGP,57,11.55,1.4
Matbench-Gap,NARGP,57,11.6,1.4
Matbench-Gap,NARGP,57,11.65,1.4
Matbench-Gap,NARGP,57,11.7,1.4
Matbench-Gap,NARGP,57,11.75,1.4
Matbench-Gap,NARGP,57,11.8,1.4
Matbench-Gap,NARGP,57,11.85,1.4
Matbench-Gap,NARGP,57,11.9,1.4
Matbench-Gap,NARGP,57,11.95,1.4
Matbench-Gap,NARGP,57,12.0,1.4
Matbench-Gap,NARGP,57,13.0,1.4
Matbench-Gap,NARGP,57,13.05,1.4
Matbench-Gap,NARGP,57,13.1,1.4
Matbench-Gap,NARGP,57,13.15,1.4
Matbench-Gap,NARGP,57,13.2,1.4
Matbench-Gap,NARGP,57,13.25,1.4
Matbench-Gap,NARGP,57,13.3,1.4
Matbench-Gap,NARGP,57,13.35,1.4
Matbench-Gap,NARGP,57,13.4,1.4
Matbench-Gap,NARGP,57,13.45,1.4
Matbench-Gap,NARGP,57,13.5,1.4
Matbench-Gap,NARGP,57,13.55,1.4
Matbench-Gap,NARGP,57,13.6,1.4
Matbench-Gap,NARGP,57,13.65,1.4
Matbench-Gap,NARGP,57,13.7,1.4
Matbench-Gap,NARGP,57,13.75,1.4
Matbench-Gap,NARGP,57,13.8,1.4
Matbench-Gap,NARGP,57,13.85,1.4
Matbench-Gap,NARGP,57,13.9,1.4
Matbench-Gap,NARGP,57,13.95,1.4
Matbench-Gap,NARGP,57,14.0,1.4
Matbench-Gap,NARGP,57,15.0,1.4
Matbench-Gap,NARGP,57,15.05,1.4
Matbench-Gap,NARGP,57,15.1,1.4
Matbench-Gap,NARGP,57,15.15,1.4
Matbench-Gap,NARGP,57,15.2,1.4
Matbench-Gap,NARGP,57,15.25,1.4
Matbench-Gap,NARGP,57,15.3,1.4
Matbench-Gap,NARGP,57,15.35,1.4
Matbench-Gap,NARGP,57,15.4,1.4
Matbench-Gap,NARGP,57,15.45,1.4
Matbench-Gap,NARGP,57,15.5,1.4
Matbench-Gap,NARGP,57,15.55,1.4
Matbench-Gap,NARGP,57,15.6,1.4
Matbench-Gap,NARGP,57,15.65,1.4
Matbench-Gap,NARGP,57,15.7,1.4
Matbench-Gap,NARGP,57,15.75,1.4
Matbench-Gap,NARGP,57,15.8,1.4
Matbench-Gap,NARGP,57,15.85,1.4
Matbench-Gap,NARGP,57,15.9,1.4
Matbench-Gap,NARGP,57,15.95,1.4
Matbench-Gap,NARGP,57,16.0,1.4
Matbench-Gap,NARGP,57,17.0,0.4500000000000002
Matbench-Gap,NARGP,57,17.05,0.4500000000000002
Matbench-Gap,NARGP,57,17.1,0.4500000000000002
Matbench-Gap,NARGP,57,17.15,0.4500000000000002
Matbench-Gap,NARGP,57,17.2,0.4500000000000002
Matbench-Gap,NARGP,57,17.25,0.4500000000000002
Matbench-Gap,NARGP,57,17.3,0.4500000000000002
Matbench-Gap,NARGP,57,17.35,0.4500000000000002
Matbench-Gap,NARGP,57,17.4,0.4500000000000002
Matbench-Gap,NARGP,57,17.45,0.4500000000000002
Matbench-Gap,NARGP,57,17.5,0.4500000000000002
Matbench-Gap,NARGP,57,17.55,0.4500000000000002
Matbench-Gap,NARGP,57,17.6,0.4500000000000002
Matbench-Gap,NARGP,57,17.65,0.4500000000000002
Matbench-Gap,NARGP,57,17.7,0.4500000000000002
Matbench-Gap,NARGP,57,17.75,0.4500000000000002
Matbench-Gap,NARGP,57,17.8,0.4500000000000002
Matbench-Gap,NARGP,57,17.85,0.4500000000000002
Matbench-Gap,NARGP,57,17.9,0.4500000000000002
Matbench-Gap,NARGP,57,17.95,0.4500000000000002
Matbench-Gap,NARGP,57,18.0,0.4500000000000002
Matbench-Gap,NARGP,57,19.0,0.1
Matbench-Gap,NARGP,57,19.05,0.1
Matbench-Gap,NARGP,57,19.1,0.1
Matbench-Gap,NARGP,57,19.15,0.1
Matbench-Gap,NARGP,57,19.2,0.1
Matbench-Gap,NARGP,57,19.25,0.1
Matbench-Gap,NARGP,57,19.3,0.1
Matbench-Gap,NARGP,57,19.35,0.1
Matbench-Gap,NARGP,57,19.4,0.1
Matbench-Gap,NARGP,57,19.45,0.1
Matbench-Gap,NARGP,57,19.5,0.1
Matbench-Gap,NARGP,57,19.55,0.1
Matbench-Gap,NARGP,57,19.6,0.1
Matbench-Gap,NARGP,57,19.65,0.1
Matbench-Gap,NARGP,57,19.7,0.1
Matbench-Gap,NARGP,57,19.75,0.1
Matbench-Gap,NARGP,57,19.8,0.1
Matbench-Gap,NARGP,57,19.85,0.1
Matbench-Gap,NARGP,57,19.9,0.1
Matbench-Gap,NARGP,57,19.95,0.1
Matbench-Gap,NARGP,59,3.0,1.4
Matbench-Gap,NARGP,59,3.05,1.4
Matbench-Gap,NARGP,59,3.1,1.4
Matbench-Gap,NARGP,59,3.15,1.4
Matbench-Gap,NARGP,59,3.2,1.4
Matbench-Gap,NARGP,59,3.25,1.4
Matbench-Gap,NARGP,59,3.3,1.4
Matbench-Gap,NARGP,59,3.35,1.4
Matbench-Gap,NARGP,59,3.4,1.4
Matbench-Gap,NARGP,59,3.45,1.4
Matbench-Gap,NARGP,59,3.5,1.4
Matbench-Gap,NARGP,59,3.55,1.4
Matbench-Gap,NARGP,59,3.6,1.4
Matbench-Gap,NARGP,59,3.65,1.4
Matbench-Gap,NARGP,59,3.7,1.4
Matbench-Gap,NARGP,59,3.75,1.4
Matbench-Gap,NARGP,59,3.8,1.4
Matbench-Gap,NARGP,59,3.85,1.4
Matbench-Gap,NARGP,59,3.9,1.4
Matbench-Gap,NARGP,59,3.95,1.4
Matbench-Gap,NARGP,59,4.0,1.4
Matbench-Gap,NARGP,59,5.0,1.4
Matbench-Gap,NARGP,59,5.05,1.4
Matbench-Gap,NARGP,59,5.1,1.4
Matbench-Gap,NARGP,59,5.15,1.4
Matbench-Gap,NARGP,59,5.2,1.4
Matbench-Gap,NARGP,59,5.25,1.4
Matbench-Gap,NARGP,59,5.3,1.4
Matbench-Gap,NARGP,59,5.35,1.4
Matbench-Gap,NARGP,59,5.4,1.4
Matbench-Gap,NARGP,59,5.45,1.4
Matbench-Gap,NARGP,59,5.5,1.4
Matbench-Gap,NARGP,59,5.55,1.4
Matbench-Gap,NARGP,59,5.6,1.4
Matbench-Gap,NARGP,59,5.65,1.4
Matbench-Gap,NARGP,59,5.7,1.4
Matbench-Gap,NARGP,59,5.75,1.4
Matbench-Gap,NARGP,59,5.8,1.4
Matbench-Gap,NARGP,59,5.85,1.4
Matbench-Gap,NARGP,59,5.9,1.4
Matbench-Gap,NARGP,59,5.95,1.4
Matbench-Gap,NARGP,59,6.0,1.4
Matbench-Gap,NARGP,59,7.0,1.4
Matbench-Gap,NARGP,59,7.05,1.4
Matbench-Gap,NARGP,59,7.1,1.4
Matbench-Gap,NARGP,59,7.15,1.4
Matbench-Gap,NARGP,59,7.2,1.4
Matbench-Gap,NARGP,59,7.25,1.4
Matbench-Gap,NARGP,59,7.3,1.4
Matbench-Gap,NARGP,59,7.35,1.4
Matbench-Gap,NARGP,59,7.4,1.4
Matbench-Gap,NARGP,59,7.45,1.4
Matbench-Gap,NARGP,59,7.5,1.4
Matbench-Gap,NARGP,59,7.55,1.4
Matbench-Gap,NARGP,59,7.6,1.4
Matbench-Gap,NARGP,59,7.65,1.4
Matbench-Gap,NARGP,59,7.7,1.4
Matbench-Gap,NARGP,59,7.75,1.4
Matbench-Gap,NARGP,59,7.8,1.4
Matbench-Gap,NARGP,59,7.85,1.4
Matbench-Gap,NARGP,59,7.9,1.4
Matbench-Gap,NARGP,59,7.95,1.4
Matbench-Gap,NARGP,59,8.0,1.4
Matbench-Gap,NARGP,59,9.0,1.4
Matbench-Gap,NARGP,59,9.05,1.4
Matbench-Gap,NARGP,59,9.1,1.4
Matbench-Gap,NARGP,59,9.15,1.4
Matbench-Gap,NARGP,59,9.2,1.4
Matbench-Gap,NARGP,59,9.25,1.4
Matbench-Gap,NARGP,59,9.3,1.4
Matbench-Gap,NARGP,59,9.35,1.4
Matbench-Gap,NARGP,59,9.4,1.4
Matbench-Gap,NARGP,59,9.45,1.4
Matbench-Gap,NARGP,59,9.5,1.4
Matbench-Gap,NARGP,59,9.55,1.4
Matbench-Gap,NARGP,59,9.6,1.4
Matbench-Gap,NARGP,59,9.65,1.4
Matbench-Gap,NARGP,59,9.7,1.4
Matbench-Gap,NARGP,59,9.75,1.4
Matbench-Gap,NARGP,59,9.8,1.4
Matbench-Gap,NARGP,59,9.85,1.4
Matbench-Gap,NARGP,59,9.9,1.4
Matbench-Gap,NARGP,59,9.95,1.4
Matbench-Gap,NARGP,59,10.0,1.4
Matbench-Gap,NARGP,59,11.0,1.4
Matbench-Gap,NARGP,59,11.05,1.4
Matbench-Gap,NARGP,59,11.1,1.4
Matbench-Gap,NARGP,59,11.15,1.4
Matbench-Gap,NARGP,59,11.2,1.4
Matbench-Gap,NARGP,59,11.25,1.4
Matbench-Gap,NARGP,59,11.3,1.4
Matbench-Gap,NARGP,59,11.35,1.4
Matbench-Gap,NARGP,59,11.4,1.4
Matbench-Gap,NARGP,59,11.45,1.4
Matbench-Gap,NARGP,59,11.5,1.4
Matbench-Gap,NARGP,59,11.55,1.4
Matbench-Gap,NARGP,59,11.6,1.4
Matbench-Gap,NARGP,59,11.65,1.4
Matbench-Gap,NARGP,59,11.7,1.4
Matbench-Gap,NARGP,59,11.75,1.4
Matbench-Gap,NARGP,59,11.8,1.4
Matbench-Gap,NARGP,59,11.85,1.4
Matbench-Gap,NARGP,59,11.9,1.4
Matbench-Gap,NARGP,59,11.95,1.4
Matbench-Gap,NARGP,59,12.0,1.4
Matbench-Gap,NARGP,59,13.0,1.4
Matbench-Gap,NARGP,59,13.05,1.4
Matbench-Gap,NARGP,59,13.1,1.4
Matbench-Gap,NARGP,59,13.15,1.4
Matbench-Gap,NARGP,59,13.2,1.4
Matbench-Gap,NARGP,59,13.25,1.4
Matbench-Gap,NARGP,59,13.3,1.4
Matbench-Gap,NARGP,59,13.35,1.4
Matbench-Gap,NARGP,59,13.4,1.4
Matbench-Gap,NARGP,59,13.45,1.4
Matbench-Gap,NARGP,59,13.5,1.4
Matbench-Gap,NARGP,59,13.55,1.4
Matbench-Gap,NARGP,59,13.6,1.4
Matbench-Gap,NARGP,59,13.65,1.4
Matbench-Gap,NARGP,59,13.7,1.4
Matbench-Gap,NARGP,59,13.75,1.4
Matbench-Gap,NARGP,59,13.8,1.4
Matbench-Gap,NARGP,59,13.85,1.4
Matbench-Gap,NARGP,59,13.9,1.4
Matbench-Gap,NARGP,59,13.95,1.4
Matbench-Gap,NARGP,59,14.0,1.4
Matbench-Gap,NARGP,59,15.0,1.4
Matbench-Gap,NARGP,59,15.05,1.4
Matbench-Gap,NARGP,59,15.1,1.4
Matbench-Gap,NARGP,59,15.15,1.4
Matbench-Gap,NARGP,59,15.2,1.4
Matbench-Gap,NARGP,59,15.25,1.4
Matbench-Gap,NARGP,59,15.3,1.4
Matbench-Gap,NARGP,59,15.35,1.4
Matbench-Gap,NARGP,59,15.4,1.4
Matbench-Gap,NARGP,59,15.45,1.4
Matbench-Gap,NARGP,59,15.5,1.4
Matbench-Gap,NARGP,59,15.55,1.4
Matbench-Gap,NARGP,59,15.6,1.4
Matbench-Gap,NARGP,59,15.65,1.4
Matbench-Gap,NARGP,59,15.7,1.4
Matbench-Gap,NARGP,59,15.75,1.4
Matbench-Gap,NARGP,59,15.8,1.4
Matbench-Gap,NARGP,59,15.85,1.4
Matbench-Gap,NARGP,59,15.9,1.4
Matbench-Gap,NARGP,59,15.95,1.4
Matbench-Gap,NARGP,59,16.0,1.4
Matbench-Gap,NARGP,59,17.0,1.4
Matbench-Gap,NARGP,59,17.05,1.4
Matbench-Gap,NARGP,59,17.1,1.4
Matbench-Gap,NARGP,59,17.15,1.4
Matbench-Gap,NARGP,59,17.2,1.4
Matbench-Gap,NARGP,59,17.25,1.4
Matbench-Gap,NARGP,59,17.3,1.4
Matbench-Gap,NARGP,59,17.35,1.4
Matbench-Gap,NARGP,59,17.4,1.4
Matbench-Gap,NARGP,59,17.45,1.4
Matbench-Gap,NARGP,59,17.5,1.4
Matbench-Gap,NARGP,59,17.55,1.4
Matbench-Gap,NARGP,59,17.6,1.4
Matbench-Gap,NARGP,59,17.65,1.4
Matbench-Gap,NARGP,59,17.7,1.4
Matbench-Gap,NARGP,59,17.75,1.4
Matbench-Gap,NARGP,59,17.8,1.4
Matbench-Gap,NARGP,59,17.85,1.4
Matbench-Gap,NARGP,59,17.9,1.4
Matbench-Gap,NARGP,59,17.95,1.4
Matbench-Gap,NARGP,59,18.0,1.4
Matbench-Gap,NARGP,59,19.0,1.4
Matbench-Gap,NARGP,59,19.05,1.4
Matbench-Gap,NARGP,59,19.1,1.4
Matbench-Gap,NARGP,59,19.15,1.4
Matbench-Gap,NARGP,59,19.2,1.4
Matbench-Gap,NARGP,59,19.25,1.4
Matbench-Gap,NARGP,59,19.3,1.4
Matbench-Gap,NARGP,59,19.35,1.4
Matbench-Gap,NARGP,59,19.4,1.4
Matbench-Gap,NARGP,59,19.45,1.4
Matbench-Gap,NARGP,59,19.5,1.4
Matbench-Gap,NARGP,59,19.55,1.4
Matbench-Gap,NARGP,59,19.6,1.4
Matbench-Gap,NARGP,59,19.65,1.4
Matbench-Gap,NARGP,59,19.7,1.4
Matbench-Gap,NARGP,59,19.75,1.4
Matbench-Gap,NARGP,59,19.8,1.4
Matbench-Gap,NARGP,59,19.85,1.4
Matbench-Gap,NARGP,59,19.9,1.4
Matbench-Gap,NARGP,59,19.95,1.4
Matbench-Gap,NARGP,60,3.0,0.7800000000000002
Matbench-Gap,NARGP,60,3.05,0.7800000000000002
Matbench-Gap,NARGP,60,3.1,0.7800000000000002
Matbench-Gap,NARGP,60,3.15,0.7800000000000002
Matbench-Gap,NARGP,60,3.2,0.7800000000000002
Matbench-Gap,NARGP,60,3.25,0.7800000000000002
Matbench-Gap,NARGP,60,3.3,0.7800000000000002
Matbench-Gap,NARGP,60,3.35,0.7800000000000002
Matbench-Gap,NARGP,60,3.4,0.7800000000000002
Matbench-Gap,NARGP,60,3.45,0.7800000000000002
Matbench-Gap,NARGP,60,3.5,0.7800000000000002
Matbench-Gap,NARGP,60,3.55,0.7800000000000002
Matbench-Gap,NARGP,60,3.6,0.7800000000000002
Matbench-Gap,NARGP,60,3.65,0.7800000000000002
Matbench-Gap,NARGP,60,3.7,0.7800000000000002
Matbench-Gap,NARGP,60,3.75,0.7800000000000002
Matbench-Gap,NARGP,60,3.8,0.7800000000000002
Matbench-Gap,NARGP,60,3.85,0.7800000000000002
Matbench-Gap,NARGP,60,3.9,0.7800000000000002
Matbench-Gap,NARGP,60,3.95,0.7800000000000002
Matbench-Gap,NARGP,60,4.0,0.7800000000000002
Matbench-Gap,NARGP,60,5.0,0.7800000000000002
Matbench-Gap,NARGP,60,5.05,0.7800000000000002
Matbench-Gap,NARGP,60,5.1,0.7800000000000002
Matbench-Gap,NARGP,60,5.15,0.7800000000000002
Matbench-Gap,NARGP,60,5.2,0.7800000000000002
Matbench-Gap,NARGP,60,5.25,0.7800000000000002
Matbench-Gap,NARGP,60,5.3,0.7800000000000002
Matbench-Gap,NARGP,60,5.35,0.7800000000000002
Matbench-Gap,NARGP,60,5.4,0.7800000000000002
Matbench-Gap,NARGP,60,5.45,0.7800000000000002
Matbench-Gap,NARGP,60,5.5,0.7800000000000002
Matbench-Gap,NARGP,60,5.55,0.7800000000000002
Matbench-Gap,NARGP,60,5.6,0.7800000000000002
Matbench-Gap,NARGP,60,5.65,0.7800000000000002
Matbench-Gap,NARGP,60,5.7,0.7800000000000002
Matbench-Gap,NARGP,60,5.75,0.7800000000000002
Matbench-Gap,NARGP,60,5.8,0.7800000000000002
Matbench-Gap,NARGP,60,5.85,0.7800000000000002
Matbench-Gap,NARGP,60,5.9,0.7800000000000002
Matbench-Gap,NARGP,60,5.95,0.7800000000000002
Matbench-Gap,NARGP,60,6.0,0.7800000000000002
Matbench-Gap,NARGP,60,7.0,0.7800000000000002
Matbench-Gap,NARGP,60,7.05,0.7800000000000002
Matbench-Gap,NARGP,60,7.1,0.7800000000000002
Matbench-Gap,NARGP,60,7.15,0.7800000000000002
Matbench-Gap,NARGP,60,7.2,0.7800000000000002
Matbench-Gap,NARGP,60,7.25,0.7800000000000002
Matbench-Gap,NARGP,60,7.3,0.7800000000000002
Matbench-Gap,NARGP,60,7.35,0.7800000000000002
Matbench-Gap,NARGP,60,7.4,0.7800000000000002
Matbench-Gap,NARGP,60,7.45,0.7800000000000002
Matbench-Gap,NARGP,60,7.5,0.7800000000000002
Matbench-Gap,NARGP,60,7.55,0.7800000000000002
Matbench-Gap,NARGP,60,7.6,0.7800000000000002
Matbench-Gap,NARGP,60,7.65,0.7800000000000002
Matbench-Gap,NARGP,60,7.7,0.7800000000000002
Matbench-Gap,NARGP,60,7.75,0.7800000000000002
Matbench-Gap,NARGP,60,7.8,0.7800000000000002
Matbench-Gap,NARGP,60,7.85,0.7800000000000002
Matbench-Gap,NARGP,60,7.9,0.7800000000000002
Matbench-Gap,NARGP,60,7.95,0.7800000000000002
Matbench-Gap,NARGP,60,8.0,0.7800000000000002
Matbench-Gap,NARGP,60,9.0,0.7800000000000002
Matbench-Gap,NARGP,60,9.05,0.7800000000000002
Matbench-Gap,NARGP,60,9.1,0.7800000000000002
Matbench-Gap,NARGP,60,9.15,0.7800000000000002
Matbench-Gap,NARGP,60,9.2,0.7800000000000002
Matbench-Gap,NARGP,60,9.25,0.7800000000000002
Matbench-Gap,NARGP,60,9.3,0.7800000000000002
Matbench-Gap,NARGP,60,9.35,0.7800000000000002
Matbench-Gap,NARGP,60,9.4,0.7800000000000002
Matbench-Gap,NARGP,60,9.45,0.7800000000000002
Matbench-Gap,NARGP,60,9.5,0.7800000000000002
Matbench-Gap,NARGP,60,9.55,0.7800000000000002
Matbench-Gap,NARGP,60,9.6,0.7800000000000002
Matbench-Gap,NARGP,60,9.65,0.7800000000000002
Matbench-Gap,NARGP,60,9.7,0.7800000000000002
Matbench-Gap,NARGP,60,9.75,0.7800000000000002
Matbench-Gap,NARGP,60,9.8,0.7800000000000002
Matbench-Gap,NARGP,60,9.85,0.7800000000000002
Matbench-Gap,NARGP,60,9.9,0.7800000000000002
Matbench-Gap,NARGP,60,9.95,0.7800000000000002
Matbench-Gap,NARGP,60,10.0,0.7800000000000002
Matbench-Gap,NARGP,60,11.0,0.7800000000000002
Matbench-Gap,NARGP,60,11.05,0.7800000000000002
Matbench-Gap,NARGP,60,11.1,0.7800000000000002
Matbench-Gap,NARGP,60,11.15,0.7800000000000002
Matbench-Gap,NARGP,60,11.2,0.7800000000000002
Matbench-Gap,NARGP,60,11.25,0.7800000000000002
Matbench-Gap,NARGP,60,11.3,0.7800000000000002
Matbench-Gap,NARGP,60,11.35,0.7800000000000002
Matbench-Gap,NARGP,60,11.4,0.7800000000000002
Matbench-Gap,NARGP,60,11.45,0.7800000000000002
Matbench-Gap,NARGP,60,11.5,0.7800000000000002
Matbench-Gap,NARGP,60,11.55,0.7800000000000002
Matbench-Gap,NARGP,60,11.6,0.7800000000000002
Matbench-Gap,NARGP,60,11.65,0.7800000000000002
Matbench-Gap,NARGP,60,11.7,0.7800000000000002
Matbench-Gap,NARGP,60,11.75,0.7800000000000002
Matbench-Gap,NARGP,60,11.8,0.7800000000000002
Matbench-Gap,NARGP,60,11.85,0.7800000000000002
Matbench-Gap,NARGP,60,11.9,0.7800000000000002
Matbench-Gap,NARGP,60,11.95,0.7800000000000002
Matbench-Gap,NARGP,60,12.0,0.7800000000000002
Matbench-Gap,NARGP,60,13.0,0.7800000000000002
Matbench-Gap,NARGP,60,13.05,0.7800000000000002
Matbench-Gap,NARGP,60,13.1,0.7800000000000002
Matbench-Gap,NARGP,60,13.15,0.7800000000000002
Matbench-Gap,NARGP,60,13.2,0.7800000000000002
Matbench-Gap,NARGP,60,13.25,0.7800000000000002
Matbench-Gap,NARGP,60,13.3,0.7800000000000002
Matbench-Gap,NARGP,60,13.35,0.7800000000000002
Matbench-Gap,NARGP,60,13.4,0.7800000000000002
Matbench-Gap,NARGP,60,13.45,0.7800000000000002
Matbench-Gap,NARGP,60,13.5,0.7800000000000002
Matbench-Gap,NARGP,60,13.55,0.7800000000000002
Matbench-Gap,NARGP,60,13.6,0.7800000000000002
Matbench-Gap,NARGP,60,13.65,0.7800000000000002
Matbench-Gap,NARGP,60,13.7,0.7800000000000002
Matbench-Gap,NARGP,60,13.75,0.7800000000000002
Matbench-Gap,NARGP,60,13.8,0.7800000000000002
Matbench-Gap,NARGP,60,13.85,0.7800000000000002
Matbench-Gap,NARGP,60,13.9,0.7800000000000002
Matbench-Gap,NARGP,60,13.95,0.7800000000000002
Matbench-Gap,NARGP,60,14.0,0.7800000000000002
Matbench-Gap,NARGP,60,15.0,0.7800000000000002
Matbench-Gap,NARGP,60,15.05,0.7800000000000002
Matbench-Gap,NARGP,60,15.1,0.7800000000000002
Matbench-Gap,NARGP,60,15.15,0.7800000000000002
Matbench-Gap,NARGP,60,15.2,0.7800000000000002
Matbench-Gap,NARGP,60,15.25,0.7800000000000002
Matbench-Gap,NARGP,60,15.3,0.7800000000000002
Matbench-Gap,NARGP,60,15.35,0.7800000000000002
Matbench-Gap,NARGP,60,15.4,0.7800000000000002
Matbench-Gap,NARGP,60,15.45,0.7800000000000002
Matbench-Gap,NARGP,60,15.5,0.7800000000000002
Matbench-Gap,NARGP,60,15.55,0.7800000000000002
Matbench-Gap,NARGP,60,15.6,0.7800000000000002
Matbench-Gap,NARGP,60,15.65,0.7800000000000002
Matbench-Gap,NARGP,60,15.7,0.7800000000000002
Matbench-Gap,NARGP,60,15.75,0.7800000000000002
Matbench-Gap,NARGP,60,15.8,0.7800000000000002
Matbench-Gap,NARGP,60,15.85,0.7800000000000002
Matbench-Gap,NARGP,60,15.9,0.7800000000000002
Matbench-Gap,NARGP,60,15.95,0.7800000000000002
Matbench-Gap,NARGP,60,16.0,0.7800000000000002
Matbench-Gap,NARGP,60,17.0,0.7800000000000002
Matbench-Gap,NARGP,60,17.05,0.7800000000000002
Matbench-Gap,NARGP,60,17.1,0.7800000000000002
Matbench-Gap,NARGP,60,17.15,0.7800000000000002
Matbench-Gap,NARGP,60,17.2,0.7800000000000002
Matbench-Gap,NARGP,60,17.25,0.7800000000000002
Matbench-Gap,NARGP,60,17.3,0.7800000000000002
Matbench-Gap,NARGP,60,17.35,0.7800000000000002
Matbench-Gap,NARGP,60,17.4,0.7800000000000002
Matbench-Gap,NARGP,60,17.45,0.7800000000000002
Matbench-Gap,NARGP,60,17.5,0.7800000000000002
Matbench-Gap,NARGP,60,17.55,0.7800000000000002
Matbench-Gap,NARGP,60,17.6,0.7800000000000002
Matbench-Gap,NARGP,60,17.65,0.7800000000000002
Matbench-Gap,NARGP,60,17.7,0.7800000000000002
Matbench-Gap,NARGP,60,17.75,0.7800000000000002
Matbench-Gap,NARGP,60,17.8,0.7800000000000002
Matbench-Gap,NARGP,60,17.85,0.7800000000000002
Matbench-Gap,NARGP,60,17.9,0.7800000000000002
Matbench-Gap,NARGP,60,17.95,0.7800000000000002
Matbench-Gap,NARGP,60,18.0,0.7800000000000002
Matbench-Gap,NARGP,60,19.0,0.7800000000000002
Matbench-Gap,NARGP,60,19.05,0.7800000000000002
Matbench-Gap,NARGP,60,19.1,0.7800000000000002
Matbench-Gap,NARGP,60,19.15,0.7800000000000002
Matbench-Gap,NARGP,60,19.2,0.7800000000000002
Matbench-Gap,NARGP,60,19.25,0.7800000000000002
Matbench-Gap,NARGP,60,19.3,0.7800000000000002
Matbench-Gap,NARGP,60,19.35,0.7800000000000002
Matbench-Gap,NARGP,60,19.4,0.7800000000000002
Matbench-Gap,NARGP,60,19.45,0.7800000000000002
Matbench-Gap,NARGP,60,19.5,0.7800000000000002
Matbench-Gap,NARGP,60,19.55,0.7800000000000002
Matbench-Gap,NARGP,60,19.6,0.7800000000000002
Matbench-Gap,NARGP,60,19.65,0.7800000000000002
Matbench-Gap,NARGP,60,19.7,0.7800000000000002
Matbench-Gap,NARGP,60,19.75,0.7800000000000002
Matbench-Gap,NARGP,60,19.8,0.7800000000000002
Matbench-Gap,NARGP,60,19.85,0.7800000000000002
Matbench-Gap,NARGP,60,19.9,0.7800000000000002
Matbench-Gap,NARGP,60,19.95,0.7800000000000002
Matbench-Gap,NARGP,61,3.0,0.8499999999999999
Matbench-Gap,NARGP,61,3.05,0.8499999999999999
Matbench-Gap,NARGP,61,3.1,0.8499999999999999
Matbench-Gap,NARGP,61,3.15,0.8499999999999999
Matbench-Gap,NARGP,61,3.2,0.8499999999999999
Matbench-Gap,NARGP,61,3.25,0.8499999999999999
Matbench-Gap,NARGP,61,3.3,0.8499999999999999
Matbench-Gap,NARGP,61,3.35,0.8499999999999999
Matbench-Gap,NARGP,61,3.4,0.8499999999999999
Matbench-Gap,NARGP,61,3.45,0.8499999999999999
Matbench-Gap,NARGP,61,3.5,0.8499999999999999
Matbench-Gap,NARGP,61,3.55,0.8499999999999999
Matbench-Gap,NARGP,61,3.6,0.8499999999999999
Matbench-Gap,NARGP,61,3.65,0.8499999999999999
Matbench-Gap,NARGP,61,3.7,0.8499999999999999
Matbench-Gap,NARGP,61,3.75,0.8499999999999999
Matbench-Gap,NARGP,61,3.8,0.8499999999999999
Matbench-Gap,NARGP,61,3.85,0.8499999999999999
Matbench-Gap,NARGP,61,3.9,0.8499999999999999
Matbench-Gap,NARGP,61,3.95,0.8499999999999999
Matbench-Gap,NARGP,61,4.0,0.8499999999999999
Matbench-Gap,NARGP,61,5.0,0.8499999999999999
Matbench-Gap,NARGP,61,5.05,0.8499999999999999
Matbench-Gap,NARGP,61,5.1,0.8499999999999999
Matbench-Gap,NARGP,61,5.15,0.8499999999999999
Matbench-Gap,NARGP,61,5.2,0.8499999999999999
Matbench-Gap,NARGP,61,5.25,0.8499999999999999
Matbench-Gap,NARGP,61,5.3,0.8499999999999999
Matbench-Gap,NARGP,61,5.35,0.8499999999999999
Matbench-Gap,NARGP,61,5.4,0.8499999999999999
Matbench-Gap,NARGP,61,5.45,0.8499999999999999
Matbench-Gap,NARGP,61,5.5,0.8499999999999999
Matbench-Gap,NARGP,61,5.55,0.8499999999999999
Matbench-Gap,NARGP,61,5.6,0.8499999999999999
Matbench-Gap,NARGP,61,5.65,0.8499999999999999
Matbench-Gap,NARGP,61,5.7,0.8499999999999999
Matbench-Gap,NARGP,61,5.75,0.8499999999999999
Matbench-Gap,NARGP,61,5.8,0.8499999999999999
Matbench-Gap,NARGP,61,5.85,0.8499999999999999
Matbench-Gap,NARGP,61,5.9,0.8499999999999999
Matbench-Gap,NARGP,61,5.95,0.8499999999999999
Matbench-Gap,NARGP,61,6.0,0.8499999999999999
Matbench-Gap,NARGP,61,7.0,0.2799999999999998
Matbench-Gap,NARGP,61,7.05,0.2799999999999998
Matbench-Gap,NARGP,61,7.1,0.2799999999999998
Matbench-Gap,NARGP,61,7.15,0.2799999999999998
Matbench-Gap,NARGP,61,7.2,0.2799999999999998
Matbench-Gap,NARGP,61,7.25,0.2799999999999998
Matbench-Gap,NARGP,61,7.3,0.2799999999999998
Matbench-Gap,NARGP,61,7.35,0.2799999999999998
Matbench-Gap,NARGP,61,7.4,0.2799999999999998
Matbench-Gap,NARGP,61,7.45,0.2799999999999998
Matbench-Gap,NARGP,61,7.5,0.2799999999999998
Matbench-Gap,NARGP,61,7.55,0.2799999999999998
Matbench-Gap,NARGP,61,7.6,0.2799999999999998
Matbench-Gap,NARGP,61,7.65,0.2799999999999998
Matbench-Gap,NARGP,61,7.7,0.2799999999999998
Matbench-Gap,NARGP,61,7.75,0.2799999999999998
Matbench-Gap,NARGP,61,7.8,0.2799999999999998
Matbench-Gap,NARGP,61,7.85,0.2799999999999998
Matbench-Gap,NARGP,61,7.9,0.2799999999999998
Matbench-Gap,NARGP,61,7.95,0.2799999999999998
Matbench-Gap,NARGP,61,8.0,0.2799999999999998
Matbench-Gap,NARGP,61,9.0,0.2799999999999998
Matbench-Gap,NARGP,61,9.05,0.2799999999999998
Matbench-Gap,NARGP,61,9.1,0.2799999999999998
Matbench-Gap,NARGP,61,9.15,0.2799999999999998
Matbench-Gap,NARGP,61,9.2,0.2799999999999998
Matbench-Gap,NARGP,61,9.25,0.2799999999999998
Matbench-Gap,NARGP,61,9.3,0.2799999999999998
Matbench-Gap,NARGP,61,9.35,0.2799999999999998
Matbench-Gap,NARGP,61,9.4,0.2799999999999998
Matbench-Gap,NARGP,61,9.45,0.2799999999999998
Matbench-Gap,NARGP,61,9.5,0.2799999999999998
Matbench-Gap,NARGP,61,9.55,0.2799999999999998
Matbench-Gap,NARGP,61,9.6,0.2799999999999998
Matbench-Gap,NARGP,61,9.65,0.2799999999999998
Matbench-Gap,NARGP,61,9.7,0.2799999999999998
Matbench-Gap,NARGP,61,9.75,0.2799999999999998
Matbench-Gap,NARGP,61,9.8,0.2799999999999998
Matbench-Gap,NARGP,61,9.85,0.2799999999999998
Matbench-Gap,NARGP,61,9.9,0.2799999999999998
Matbench-Gap,NARGP,61,9.95,0.2799999999999998
Matbench-Gap,NARGP,61,10.0,0.2799999999999998
Matbench-Gap,NARGP,61,11.0,0.2799999999999998
Matbench-Gap,NARGP,61,11.05,0.2799999999999998
Matbench-Gap,NARGP,61,11.1,0.2799999999999998
Matbench-Gap,NARGP,61,11.15,0.2799999999999998
Matbench-Gap,NARGP,61,11.2,0.2799999999999998
Matbench-Gap,NARGP,61,11.25,0.2799999999999998
Matbench-Gap,NARGP,61,11.3,0.2799999999999998
Matbench-Gap,NARGP,61,11.35,0.2799999999999998
Matbench-Gap,NARGP,61,11.4,0.2799999999999998
Matbench-Gap,NARGP,61,11.45,0.2799999999999998
Matbench-Gap,NARGP,61,11.5,0.2799999999999998
Matbench-Gap,NARGP,61,11.55,0.2799999999999998
Matbench-Gap,NARGP,61,11.6,0.2799999999999998
Matbench-Gap,NARGP,61,11.65,0.2799999999999998
Matbench-Gap,NARGP,61,11.7,0.2799999999999998
Matbench-Gap,NARGP,61,11.75,0.2799999999999998
Matbench-Gap,NARGP,61,11.8,0.2799999999999998
Matbench-Gap,NARGP,61,11.85,0.2799999999999998
Matbench-Gap,NARGP,61,11.9,0.2799999999999998
Matbench-Gap,NARGP,61,11.95,0.2799999999999998
Matbench-Gap,NARGP,61,12.0,0.2799999999999998
Matbench-Gap,NARGP,61,13.0,0.2799999999999998
Matbench-Gap,NARGP,61,13.05,0.2799999999999998
Matbench-Gap,NARGP,61,13.1,0.2799999999999998
Matbench-Gap,NARGP,61,13.15,0.2799999999999998
Matbench-Gap,NARGP,61,13.2,0.2799999999999998
Matbench-Gap,NARGP,61,13.25,0.2799999999999998
Matbench-Gap,NARGP,61,13.3,0.2799999999999998
Matbench-Gap,NARGP,61,13.35,0.2799999999999998
Matbench-Gap,NARGP,61,13.4,0.2799999999999998
Matbench-Gap,NARGP,61,13.45,0.2799999999999998
Matbench-Gap,NARGP,61,13.5,0.2799999999999998
Matbench-Gap,NARGP,61,13.55,0.2799999999999998
Matbench-Gap,NARGP,61,13.6,0.2799999999999998
Matbench-Gap,NARGP,61,13.65,0.2799999999999998
Matbench-Gap,NARGP,61,13.7,0.2799999999999998
Matbench-Gap,NARGP,61,13.75,0.2799999999999998
Matbench-Gap,NARGP,61,13.8,0.2799999999999998
Matbench-Gap,NARGP,61,13.85,0.2799999999999998
Matbench-Gap,NARGP,61,13.9,0.2799999999999998
Matbench-Gap,NARGP,61,13.95,0.2799999999999998
Matbench-Gap,NARGP,61,14.0,0.2799999999999998
Matbench-Gap,NARGP,61,15.0,0.2799999999999998
Matbench-Gap,NARGP,61,15.05,0.2799999999999998
Matbench-Gap,NARGP,61,15.1,0.2799999999999998
Matbench-Gap,NARGP,61,15.15,0.2799999999999998
Matbench-Gap,NARGP,61,15.2,0.2799999999999998
Matbench-Gap,NARGP,61,15.25,0.2799999999999998
Matbench-Gap,NARGP,61,15.3,0.2799999999999998
Matbench-Gap,NARGP,61,15.35,0.2799999999999998
Matbench-Gap,NARGP,61,15.4,0.2799999999999998
Matbench-Gap,NARGP,61,15.45,0.2799999999999998
Matbench-Gap,NARGP,61,15.5,0.2799999999999998
Matbench-Gap,NARGP,61,15.55,0.2799999999999998
Matbench-Gap,NARGP,61,15.6,0.2799999999999998
Matbench-Gap,NARGP,61,15.65,0.2799999999999998
Matbench-Gap,NARGP,61,15.7,0.2799999999999998
Matbench-Gap,NARGP,61,15.75,0.2799999999999998
Matbench-Gap,NARGP,61,15.8,0.2799999999999998
Matbench-Gap,NARGP,61,15.85,0.2799999999999998
Matbench-Gap,NARGP,61,15.9,0.2799999999999998
Matbench-Gap,NARGP,61,15.95,0.2799999999999998
Matbench-Gap,NARGP,61,16.0,0.2799999999999998
Matbench-Gap,NARGP,61,17.0,0.2799999999999998
Matbench-Gap,NARGP,61,17.05,0.2799999999999998
Matbench-Gap,NARGP,61,17.1,0.2799999999999998
Matbench-Gap,NARGP,61,17.15,0.2799999999999998
Matbench-Gap,NARGP,61,17.2,0.2799999999999998
Matbench-Gap,NARGP,61,17.25,0.2799999999999998
Matbench-Gap,NARGP,61,17.3,0.2799999999999998
Matbench-Gap,NARGP,61,17.35,0.2799999999999998
Matbench-Gap,NARGP,61,17.4,0.2799999999999998
Matbench-Gap,NARGP,61,17.45,0.2799999999999998
Matbench-Gap,NARGP,61,17.5,0.2799999999999998
Matbench-Gap,NARGP,61,17.55,0.2799999999999998
Matbench-Gap,NARGP,61,17.6,0.2799999999999998
Matbench-Gap,NARGP,61,17.65,0.2799999999999998
Matbench-Gap,NARGP,61,17.7,0.2799999999999998
Matbench-Gap,NARGP,61,17.75,0.2799999999999998
Matbench-Gap,NARGP,61,17.8,0.2799999999999998
Matbench-Gap,NARGP,61,17.85,0.2799999999999998
Matbench-Gap,NARGP,61,17.9,0.2799999999999998
Matbench-Gap,NARGP,61,17.95,0.2799999999999998
Matbench-Gap,NARGP,61,18.0,0.2799999999999998
Matbench-Gap,NARGP,61,19.0,0.2799999999999998
Matbench-Gap,NARGP,61,19.05,0.2799999999999998
Matbench-Gap,NARGP,61,19.1,0.2799999999999998
Matbench-Gap,NARGP,61,19.15,0.2799999999999998
Matbench-Gap,NARGP,61,19.2,0.2799999999999998
Matbench-Gap,NARGP,61,19.25,0.2799999999999998
Matbench-Gap,NARGP,61,19.3,0.2799999999999998
Matbench-Gap,NARGP,61,19.35,0.2799999999999998
Matbench-Gap,NARGP,61,19.4,0.2799999999999998
Matbench-Gap,NARGP,61,19.45,0.2799999999999998
Matbench-Gap,NARGP,61,19.5,0.2799999999999998
Matbench-Gap,NARGP,61,19.55,0.2799999999999998
Matbench-Gap,NARGP,61,19.6,0.2799999999999998
Matbench-Gap,NARGP,61,19.65,0.2799999999999998
Matbench-Gap,NARGP,61,19.7,0.2799999999999998
Matbench-Gap,NARGP,61,19.75,0.2799999999999998
Matbench-Gap,NARGP,61,19.8,0.2799999999999998
Matbench-Gap,NARGP,61,19.85,0.2799999999999998
Matbench-Gap,NARGP,61,19.9,0.2799999999999998
Matbench-Gap,NARGP,61,19.95,0.2799999999999998
Matbench-Gap,DKL Multi-Fidelity,42,3.0,1.4
Matbench-Gap,DKL Multi-Fidelity,42,3.05,1.4
Matbench-Gap,DKL Multi-Fidelity,42,3.1,1.4
Matbench-Gap,DKL Multi-Fidelity,42,3.15,1.4
Matbench-Gap,DKL Multi-Fidelity,42,3.2,1.4
Matbench-Gap,DKL Multi-Fidelity,42,3.25,1.4
Matbench-Gap,DKL Multi-Fidelity,42,3.3,1.4
Matbench-Gap,DKL Multi-Fidelity,42,3.35,1.4
Matbench-Gap,DKL Multi-Fidelity,42,3.4,1.4
Matbench-Gap,DKL Multi-Fidelity,42,3.45,1.4
Matbench-Gap,DKL Multi-Fidelity,42,3.5,1.4
Matbench-Gap,DKL Multi-Fidelity,42,3.55,1.4
Matbench-Gap,DKL Multi-Fidelity,42,3.6,1.4
Matbench-Gap,DKL Multi-Fidelity,42,3.65,1.4
Matbench-Gap,DKL Multi-Fidelity,42,3.7,1.4
Matbench-Gap,DKL Multi-Fidelity,42,3.75,1.4
Matbench-Gap,DKL Multi-Fidelity,42,3.8,1.4
Matbench-Gap,DKL Multi-Fidelity,42,3.85,1.4
Matbench-Gap,DKL Multi-Fidelity,42,3.9,1.4
Matbench-Gap,DKL Multi-Fidelity,42,3.95,1.4
Matbench-Gap,DKL Multi-Fidelity,42,4.0,1.4
Matbench-Gap,DKL Multi-Fidelity,42,5.0,1.4
Matbench-Gap,DKL Multi-Fidelity,42,5.05,1.4
Matbench-Gap,DKL Multi-Fidelity,42,5.1,1.4
Matbench-Gap,DKL Multi-Fidelity,42,5.15,1.4
Matbench-Gap,DKL Multi-Fidelity,42,5.2,1.4
Matbench-Gap,DKL Multi-Fidelity,42,5.25,1.4
Matbench-Gap,DKL Multi-Fidelity,42,5.3,1.4
Matbench-Gap,DKL Multi-Fidelity,42,5.35,1.4
Matbench-Gap,DKL Multi-Fidelity,42,5.4,1.4
Matbench-Gap,DKL Multi-Fidelity,42,5.45,1.4
Matbench-Gap,DKL Multi-Fidelity,42,5.5,1.4
Matbench-Gap,DKL Multi-Fidelity,42,5.55,1.4
Matbench-Gap,DKL Multi-Fidelity,42,5.6,1.4
Matbench-Gap,DKL Multi-Fidelity,42,5.65,1.4
Matbench-Gap,DKL Multi-Fidelity,42,5.7,1.4
Matbench-Gap,DKL Multi-Fidelity,42,5.75,1.4
Matbench-Gap,DKL Multi-Fidelity,42,5.8,1.4
Matbench-Gap,DKL Multi-Fidelity,42,5.85,1.4
Matbench-Gap,DKL Multi-Fidelity,42,5.9,1.4
Matbench-Gap,DKL Multi-Fidelity,42,5.95,1.4
Matbench-Gap,DKL Multi-Fidelity,42,6.0,1.4
Matbench-Gap,DKL Multi-Fidelity,42,7.0,1.4
Matbench-Gap,DKL Multi-Fidelity,42,7.05,1.4
Matbench-Gap,DKL Multi-Fidelity,42,7.1,1.4
Matbench-Gap,DKL Multi-Fidelity,42,7.15,1.4
Matbench-Gap,DKL Multi-Fidelity,42,7.2,1.4
Matbench-Gap,DKL Multi-Fidelity,42,7.25,1.4
Matbench-Gap,DKL Multi-Fidelity,42,7.3,1.4
Matbench-Gap,DKL Multi-Fidelity,42,7.35,1.4
Matbench-Gap,DKL Multi-Fidelity,42,7.4,1.4
Matbench-Gap,DKL Multi-Fidelity,42,7.45,1.4
Matbench-Gap,DKL Multi-Fidelity,42,7.5,1.4
Matbench-Gap,DKL Multi-Fidelity,42,7.55,1.4
Matbench-Gap,DKL Multi-Fidelity,42,7.6,1.4
Matbench-Gap,DKL Multi-Fidelity,42,7.65,1.4
Matbench-Gap,DKL Multi-Fidelity,42,7.7,1.4
Matbench-Gap,DKL Multi-Fidelity,42,7.75,1.4
Matbench-Gap,DKL Multi-Fidelity,42,7.8,1.4
Matbench-Gap,DKL Multi-Fidelity,42,7.85,1.4
Matbench-Gap,DKL Multi-Fidelity,42,7.9,1.4
Matbench-Gap,DKL Multi-Fidelity,42,7.95,1.4
Matbench-Gap,DKL Multi-Fidelity,42,8.0,1.4
Matbench-Gap,DKL Multi-Fidelity,42,9.0,0.01
Matbench-Gap,DKL Multi-Fidelity,42,9.05,0.01
Matbench-Gap,DKL Multi-Fidelity,42,9.1,0.01
Matbench-Gap,DKL Multi-Fidelity,42,9.15,0.01
Matbench-Gap,DKL Multi-Fidelity,42,9.2,0.01
Matbench-Gap,DKL Multi-Fidelity,42,9.25,0.01
Matbench-Gap,DKL Multi-Fidelity,42,9.3,0.01
Matbench-Gap,DKL Multi-Fidelity,42,9.35,0.01
Matbench-Gap,DKL Multi-Fidelity,42,9.4,0.01
Matbench-Gap,DKL Multi-Fidelity,42,9.45,0.01
Matbench-Gap,DKL Multi-Fidelity,42,9.5,0.01
Matbench-Gap,DKL Multi-Fidelity,42,9.55,0.01
Matbench-Gap,DKL Multi-Fidelity,42,9.6,0.01
Matbench-Gap,DKL Multi-Fidelity,42,9.65,0.01
Matbench-Gap,DKL Multi-Fidelity,42,9.7,0.01
Matbench-Gap,DKL Multi-Fidelity,42,9.75,0.01
Matbench-Gap,DKL Multi-Fidelity,42,9.8,0.01
Matbench-Gap,DKL Multi-Fidelity,42,9.85,0.01
Matbench-Gap,DKL Multi-Fidelity,42,9.9,0.01
Matbench-Gap,DKL Multi-Fidelity,42,9.95,0.01
Matbench-Gap,DKL Multi-Fidelity,42,10.0,0.01
Matbench-Gap,DKL Multi-Fidelity,42,11.0,0.01
Matbench-Gap,DKL Multi-Fidelity,42,11.05,0.01
Matbench-Gap,DKL Multi-Fidelity,42,11.1,0.01
Matbench-Gap,DKL Multi-Fidelity,42,11.15,0.01
Matbench-Gap,DKL Multi-Fidelity,42,11.2,0.01
Matbench-Gap,DKL Multi-Fidelity,42,11.25,0.01
Matbench-Gap,DKL Multi-Fidelity,42,11.3,0.01
Matbench-Gap,DKL Multi-Fidelity,42,11.35,0.01
Matbench-Gap,DKL Multi-Fidelity,42,11.4,0.01
Matbench-Gap,DKL Multi-Fidelity,42,11.45,0.01
Matbench-Gap,DKL Multi-Fidelity,42,11.5,0.01
Matbench-Gap,DKL Multi-Fidelity,42,11.55,0.01
Matbench-Gap,DKL Multi-Fidelity,42,11.6,0.01
Matbench-Gap,DKL Multi-Fidelity,42,11.65,0.01
Matbench-Gap,DKL Multi-Fidelity,42,11.7,0.01
Matbench-Gap,DKL Multi-Fidelity,42,11.75,0.01
Matbench-Gap,DKL Multi-Fidelity,42,11.8,0.01
Matbench-Gap,DKL Multi-Fidelity,42,11.85,0.01
Matbench-Gap,DKL Multi-Fidelity,42,11.9,0.01
Matbench-Gap,DKL Multi-Fidelity,42,11.95,0.01
Matbench-Gap,DKL Multi-Fidelity,42,12.0,0.01
Matbench-Gap,DKL Multi-Fidelity,42,13.0,0.01
Matbench-Gap,DKL Multi-Fidelity,42,13.05,0.01
Matbench-Gap,DKL Multi-Fidelity,42,13.1,0.01
Matbench-Gap,DKL Multi-Fidelity,42,13.15,0.01
Matbench-Gap,DKL Multi-Fidelity,42,13.2,0.01
Matbench-Gap,DKL Multi-Fidelity,42,13.25,0.01
Matbench-Gap,DKL Multi-Fidelity,42,13.3,0.01
Matbench-Gap,DKL Multi-Fidelity,42,13.35,0.01
Matbench-Gap,DKL Multi-Fidelity,42,13.4,0.01
Matbench-Gap,DKL Multi-Fidelity,42,13.45,0.01
Matbench-Gap,DKL Multi-Fidelity,42,13.5,0.01
Matbench-Gap,DKL Multi-Fidelity,42,13.55,0.01
Matbench-Gap,DKL Multi-Fidelity,42,13.6,0.01
Matbench-Gap,DKL Multi-Fidelity,42,13.65,0.01
Matbench-Gap,DKL Multi-Fidelity,42,13.7,0.01
Matbench-Gap,DKL Multi-Fidelity,42,13.75,0.01
Matbench-Gap,DKL Multi-Fidelity,42,13.8,0.01
Matbench-Gap,DKL Multi-Fidelity,42,13.85,0.01
Matbench-Gap,DKL Multi-Fidelity,42,13.9,0.01
Matbench-Gap,DKL Multi-Fidelity,42,13.95,0.01
Matbench-Gap,DKL Multi-Fidelity,42,14.0,0.01
Matbench-Gap,DKL Multi-Fidelity,42,15.0,0.01
Matbench-Gap,DKL Multi-Fidelity,42,15.05,0.01
Matbench-Gap,DKL Multi-Fidelity,42,15.1,0.01
Matbench-Gap,DKL Multi-Fidelity,42,15.15,0.01
Matbench-Gap,DKL Multi-Fidelity,42,15.2,0.01
Matbench-Gap,DKL Multi-Fidelity,42,15.25,0.01
Matbench-Gap,DKL Multi-Fidelity,42,15.3,0.01
Matbench-Gap,DKL Multi-Fidelity,42,15.35,0.01
Matbench-Gap,DKL Multi-Fidelity,42,15.4,0.01
Matbench-Gap,DKL Multi-Fidelity,42,15.45,0.01
Matbench-Gap,DKL Multi-Fidelity,42,15.5,0.01
Matbench-Gap,DKL Multi-Fidelity,42,15.55,0.01
Matbench-Gap,DKL Multi-Fidelity,42,15.6,0.01
Matbench-Gap,DKL Multi-Fidelity,42,15.65,0.01
Matbench-Gap,DKL Multi-Fidelity,42,15.7,0.01
Matbench-Gap,DKL Multi-Fidelity,42,15.75,0.01
Matbench-Gap,DKL Multi-Fidelity,42,15.8,0.01
Matbench-Gap,DKL Multi-Fidelity,42,15.85,0.01
Matbench-Gap,DKL Multi-Fidelity,42,15.9,0.01
Matbench-Gap,DKL Multi-Fidelity,42,15.95,0.01
Matbench-Gap,DKL Multi-Fidelity,42,16.0,0.01
Matbench-Gap,DKL Multi-Fidelity,42,17.0,0.01
Matbench-Gap,DKL Multi-Fidelity,42,17.05,0.01
Matbench-Gap,DKL Multi-Fidelity,42,17.1,0.01
Matbench-Gap,DKL Multi-Fidelity,42,17.15,0.01
Matbench-Gap,DKL Multi-Fidelity,42,17.2,0.01
Matbench-Gap,DKL Multi-Fidelity,42,17.25,0.01
Matbench-Gap,DKL Multi-Fidelity,42,17.3,0.01
Matbench-Gap,DKL Multi-Fidelity,42,17.35,0.01
Matbench-Gap,DKL Multi-Fidelity,42,17.4,0.01
Matbench-Gap,DKL Multi-Fidelity,42,17.45,0.01
Matbench-Gap,DKL Multi-Fidelity,42,17.5,0.01
Matbench-Gap,DKL Multi-Fidelity,42,17.55,0.01
Matbench-Gap,DKL Multi-Fidelity,42,17.6,0.01
Matbench-Gap,DKL Multi-Fidelity,42,17.65,0.01
Matbench-Gap,DKL Multi-Fidelity,42,17.7,0.01
Matbench-Gap,DKL Multi-Fidelity,42,17.75,0.01
Matbench-Gap,DKL Multi-Fidelity,42,17.8,0.01
Matbench-Gap,DKL Multi-Fidelity,42,17.85,0.01
Matbench-Gap,DKL Multi-Fidelity,42,17.9,0.01
Matbench-Gap,DKL Multi-Fidelity,42,17.95,0.01
Matbench-Gap,DKL Multi-Fidelity,42,18.0,0.01
Matbench-Gap,DKL Multi-Fidelity,42,19.0,0.01
Matbench-Gap,DKL Multi-Fidelity,42,19.05,0.01
Matbench-Gap,DKL Multi-Fidelity,42,19.1,0.01
Matbench-Gap,DKL Multi-Fidelity,42,19.15,0.01
Matbench-Gap,DKL Multi-Fidelity,42,19.2,0.01
Matbench-Gap,DKL Multi-Fidelity,42,19.25,0.01
Matbench-Gap,DKL Multi-Fidelity,42,19.3,0.01
Matbench-Gap,DKL Multi-Fidelity,42,19.35,0.01
Matbench-Gap,DKL Multi-Fidelity,42,19.4,0.01
Matbench-Gap,DKL Multi-Fidelity,42,19.45,0.01
Matbench-Gap,DKL Multi-Fidelity,42,19.5,0.01
Matbench-Gap,DKL Multi-Fidelity,42,19.55,0.01
Matbench-Gap,DKL Multi-Fidelity,42,19.6,0.01
Matbench-Gap,DKL Multi-Fidelity,42,19.65,0.01
Matbench-Gap,DKL Multi-Fidelity,42,19.7,0.01
Matbench-Gap,DKL Multi-Fidelity,42,19.75,0.01
Matbench-Gap,DKL Multi-Fidelity,42,19.8,0.01
Matbench-Gap,DKL Multi-Fidelity,42,19.85,0.01
Matbench-Gap,DKL Multi-Fidelity,42,19.9,0.01
Matbench-Gap,DKL Multi-Fidelity,42,19.95,0.01
Matbench-Gap,DKL Multi-Fidelity,43,3.0,0.1500000000000001
Matbench-Gap,DKL Multi-Fidelity,43,3.05,0.1500000000000001
Matbench-Gap,DKL Multi-Fidelity,43,3.1,0.1500000000000001
Matbench-Gap,DKL Multi-Fidelity,43,3.15,0.1500000000000001
Matbench-Gap,DKL Multi-Fidelity,43,3.2,0.1500000000000001
Matbench-Gap,DKL Multi-Fidelity,43,3.25,0.1500000000000001
Matbench-Gap,DKL Multi-Fidelity,43,3.3,0.1500000000000001
Matbench-Gap,DKL Multi-Fidelity,43,3.35,0.1500000000000001
Matbench-Gap,DKL Multi-Fidelity,43,3.4,0.1500000000000001
Matbench-Gap,DKL Multi-Fidelity,43,3.45,0.1500000000000001
Matbench-Gap,DKL Multi-Fidelity,43,3.5,0.1500000000000001
Matbench-Gap,DKL Multi-Fidelity,43,3.55,0.1500000000000001
Matbench-Gap,DKL Multi-Fidelity,43,3.6,0.1500000000000001
Matbench-Gap,DKL Multi-Fidelity,43,3.65,0.1500000000000001
Matbench-Gap,DKL Multi-Fidelity,43,3.7,0.1500000000000001
Matbench-Gap,DKL Multi-Fidelity,43,3.75,0.1500000000000001
Matbench-Gap,DKL Multi-Fidelity,43,3.8,0.1500000000000001
Matbench-Gap,DKL Multi-Fidelity,43,3.85,0.1500000000000001
Matbench-Gap,DKL Multi-Fidelity,43,3.9,0.1500000000000001
Matbench-Gap,DKL Multi-Fidelity,43,3.95,0.1500000000000001
Matbench-Gap,DKL Multi-Fidelity,43,4.0,0.1500000000000001
Matbench-Gap,DKL Multi-Fidelity,43,5.0,0.1500000000000001
Matbench-Gap,DKL Multi-Fidelity,43,5.05,0.1500000000000001
Matbench-Gap,DKL Multi-Fidelity,43,5.1,0.1500000000000001
Matbench-Gap,DKL Multi-Fidelity,43,5.15,0.1500000000000001
Matbench-Gap,DKL Multi-Fidelity,43,5.2,0.1500000000000001
Matbench-Gap,DKL Multi-Fidelity,43,5.25,0.1500000000000001
Matbench-Gap,DKL Multi-Fidelity,43,5.3,0.1500000000000001
Matbench-Gap,DKL Multi-Fidelity,43,5.35,0.1500000000000001
Matbench-Gap,DKL Multi-Fidelity,43,5.4,0.1500000000000001
Matbench-Gap,DKL Multi-Fidelity,43,5.45,0.1500000000000001
Matbench-Gap,DKL Multi-Fidelity,43,5.5,0.1500000000000001
Matbench-Gap,DKL Multi-Fidelity,43,5.55,0.1500000000000001
Matbench-Gap,DKL Multi-Fidelity,43,5.6,0.1500000000000001
Matbench-Gap,DKL Multi-Fidelity,43,5.65,0.1500000000000001
Matbench-Gap,DKL Multi-Fidelity,43,5.7,0.1500000000000001
Matbench-Gap,DKL Multi-Fidelity,43,5.75,0.1500000000000001
Matbench-Gap,DKL Multi-Fidelity,43,5.8,0.1500000000000001
Matbench-Gap,DKL Multi-Fidelity,43,5.85,0.1500000000000001
Matbench-Gap,DKL Multi-Fidelity,43,5.9,0.1500000000000001
Matbench-Gap,DKL Multi-Fidelity,43,5.95,0.1500000000000001
Matbench-Gap,DKL Multi-Fidelity,43,6.0,0.1500000000000001
Matbench-Gap,DKL Multi-Fidelity,43,7.0,0.1500000000000001
Matbench-Gap,DKL Multi-Fidelity,43,7.05,0.1500000000000001
Matbench-Gap,DKL Multi-Fidelity,43,7.1,0.1500000000000001
Matbench-Gap,DKL Multi-Fidelity,43,7.15,0.1500000000000001
Matbench-Gap,DKL Multi-Fidelity,43,7.2,0.1500000000000001
Matbench-Gap,DKL Multi-Fidelity,43,7.25,0.1500000000000001
Matbench-Gap,DKL Multi-Fidelity,43,7.3,0.1500000000000001
Matbench-Gap,DKL Multi-Fidelity,43,7.35,0.1500000000000001
Matbench-Gap,DKL Multi-Fidelity,43,7.4,0.1500000000000001
Matbench-Gap,DKL Multi-Fidelity,43,7.45,0.1500000000000001
Matbench-Gap,DKL Multi-Fidelity,43,7.5,0.1500000000000001
Matbench-Gap,DKL Multi-Fidelity,43,7.55,0.1500000000000001
Matbench-Gap,DKL Multi-Fidelity,43,7.6,0.1500000000000001
Matbench-Gap,DKL Multi-Fidelity,43,7.65,0.1500000000000001
Matbench-Gap,DKL Multi-Fidelity,43,7.7,0.1500000000000001
Matbench-Gap,DKL Multi-Fidelity,43,7.75,0.1500000000000001
Matbench-Gap,DKL Multi-Fidelity,43,7.8,0.1500000000000001
Matbench-Gap,DKL Multi-Fidelity,43,7.85,0.1500000000000001
Matbench-Gap,DKL Multi-Fidelity,43,7.9,0.1500000000000001
Matbench-Gap,DKL Multi-Fidelity,43,7.95,0.1500000000000001
Matbench-Gap,DKL Multi-Fidelity,43,8.0,0.1500000000000001
Matbench-Gap,DKL Multi-Fidelity,43,9.0,0.1500000000000001
Matbench-Gap,DKL Multi-Fidelity,43,9.05,0.1500000000000001
Matbench-Gap,DKL Multi-Fidelity,43,9.1,0.1500000000000001
Matbench-Gap,DKL Multi-Fidelity,43,9.15,0.1500000000000001
Matbench-Gap,DKL Multi-Fidelity,43,9.2,0.1500000000000001
Matbench-Gap,DKL Multi-Fidelity,43,9.25,0.1500000000000001
Matbench-Gap,DKL Multi-Fidelity,43,9.3,0.1500000000000001
Matbench-Gap,DKL Multi-Fidelity,43,9.35,0.1500000000000001
Matbench-Gap,DKL Multi-Fidelity,43,9.4,0.1500000000000001
Matbench-Gap,DKL Multi-Fidelity,43,9.45,0.1500000000000001
Matbench-Gap,DKL Multi-Fidelity,43,9.5,0.1500000000000001
Matbench-Gap,DKL Multi-Fidelity,43,9.55,0.1500000000000001
Matbench-Gap,DKL Multi-Fidelity,43,9.6,0.1500000000000001
Matbench-Gap,DKL Multi-Fidelity,43,9.65,0.1500000000000001
Matbench-Gap,DKL Multi-Fidelity,43,9.7,0.1500000000000001
Matbench-Gap,DKL Multi-Fidelity,43,9.75,0.1500000000000001
Matbench-Gap,DKL Multi-Fidelity,43,9.8,0.1500000000000001
Matbench-Gap,DKL Multi-Fidelity,43,9.85,0.1500000000000001
Matbench-Gap,DKL Multi-Fidelity,43,9.9,0.1500000000000001
Matbench-Gap,DKL Multi-Fidelity,43,9.95,0.1500000000000001
Matbench-Gap,DKL Multi-Fidelity,43,10.0,0.1500000000000001
Matbench-Gap,DKL Multi-Fidelity,43,11.0,0.1500000000000001
Matbench-Gap,DKL Multi-Fidelity,43,11.05,0.1500000000000001
Matbench-Gap,DKL Multi-Fidelity,43,11.1,0.1500000000000001
Matbench-Gap,DKL Multi-Fidelity,43,11.15,0.1500000000000001
Matbench-Gap,DKL Multi-Fidelity,43,11.2,0.1500000000000001
Matbench-Gap,DKL Multi-Fidelity,43,11.25,0.1500000000000001
Matbench-Gap,DKL Multi-Fidelity,43,11.3,0.1500000000000001
Matbench-Gap,DKL Multi-Fidelity,43,11.35,0.1500000000000001
Matbench-Gap,DKL Multi-Fidelity,43,11.4,0.1500000000000001
Matbench-Gap,DKL Multi-Fidelity,43,11.45,0.1500000000000001
Matbench-Gap,DKL Multi-Fidelity,43,11.5,0.1500000000000001
Matbench-Gap,DKL Multi-Fidelity,43,11.55,0.1500000000000001
Matbench-Gap,DKL Multi-Fidelity,43,11.6,0.1500000000000001
Matbench-Gap,DKL Multi-Fidelity,43,11.65,0.1500000000000001
Matbench-Gap,DKL Multi-Fidelity,43,11.7,0.1500000000000001
Matbench-Gap,DKL Multi-Fidelity,43,11.75,0.1500000000000001
Matbench-Gap,DKL Multi-Fidelity,43,11.8,0.1500000000000001
Matbench-Gap,DKL Multi-Fidelity,43,11.85,0.1500000000000001
Matbench-Gap,DKL Multi-Fidelity,43,11.9,0.1500000000000001
Matbench-Gap,DKL Multi-Fidelity,43,11.95,0.1500000000000001
Matbench-Gap,DKL Multi-Fidelity,43,12.0,0.1500000000000001
Matbench-Gap,DKL Multi-Fidelity,43,13.0,0.1500000000000001
Matbench-Gap,DKL Multi-Fidelity,43,13.05,0.1500000000000001
Matbench-Gap,DKL Multi-Fidelity,43,13.1,0.1500000000000001
Matbench-Gap,DKL Multi-Fidelity,43,13.15,0.1500000000000001
Matbench-Gap,DKL Multi-Fidelity,43,13.2,0.1500000000000001
Matbench-Gap,DKL Multi-Fidelity,43,13.25,0.1500000000000001
Matbench-Gap,DKL Multi-Fidelity,43,13.3,0.1500000000000001
Matbench-Gap,DKL Multi-Fidelity,43,13.35,0.1500000000000001
Matbench-Gap,DKL Multi-Fidelity,43,13.4,0.1500000000000001
Matbench-Gap,DKL Multi-Fidelity,43,13.45,0.1500000000000001
Matbench-Gap,DKL Multi-Fidelity,43,13.5,0.1500000000000001
Matbench-Gap,DKL Multi-Fidelity,43,13.55,0.1500000000000001
Matbench-Gap,DKL Multi-Fidelity,43,13.6,0.1500000000000001
Matbench-Gap,DKL Multi-Fidelity,43,13.65,0.1500000000000001
Matbench-Gap,DKL Multi-Fidelity,43,13.7,0.1500000000000001
Matbench-Gap,DKL Multi-Fidelity,43,13.75,0.1500000000000001
Matbench-Gap,DKL Multi-Fidelity,43,13.8,0.1500000000000001
Matbench-Gap,DKL Multi-Fidelity,43,13.85,0.1500000000000001
Matbench-Gap,DKL Multi-Fidelity,43,13.9,0.1500000000000001
Matbench-Gap,DKL Multi-Fidelity,43,13.95,0.1500000000000001
Matbench-Gap,DKL Multi-Fidelity,43,14.0,0.1500000000000001
Matbench-Gap,DKL Multi-Fidelity,43,15.0,0.1500000000000001
Matbench-Gap,DKL Multi-Fidelity,43,15.05,0.1500000000000001
Matbench-Gap,DKL Multi-Fidelity,43,15.1,0.1500000000000001
Matbench-Gap,DKL Multi-Fidelity,43,15.15,0.1500000000000001
Matbench-Gap,DKL Multi-Fidelity,43,15.2,0.1500000000000001
Matbench-Gap,DKL Multi-Fidelity,43,15.25,0.1500000000000001
Matbench-Gap,DKL Multi-Fidelity,43,15.3,0.1500000000000001
Matbench-Gap,DKL Multi-Fidelity,43,15.35,0.1500000000000001
Matbench-Gap,DKL Multi-Fidelity,43,15.4,0.1500000000000001
Matbench-Gap,DKL Multi-Fidelity,43,15.45,0.1500000000000001
Matbench-Gap,DKL Multi-Fidelity,43,15.5,0.1500000000000001
Matbench-Gap,DKL Multi-Fidelity,43,15.55,0.1500000000000001
Matbench-Gap,DKL Multi-Fidelity,43,15.6,0.1500000000000001
Matbench-Gap,DKL Multi-Fidelity,43,15.65,0.1500000000000001
Matbench-Gap,DKL Multi-Fidelity,43,15.7,0.1500000000000001
Matbench-Gap,DKL Multi-Fidelity,43,15.75,0.1500000000000001
Matbench-Gap,DKL Multi-Fidelity,43,15.8,0.1500000000000001
Matbench-Gap,DKL Multi-Fidelity,43,15.85,0.1500000000000001
Matbench-Gap,DKL Multi-Fidelity,43,15.9,0.1500000000000001
Matbench-Gap,DKL Multi-Fidelity,43,15.95,0.1500000000000001
Matbench-Gap,DKL Multi-Fidelity,43,16.0,0.1500000000000001
Matbench-Gap,DKL Multi-Fidelity,43,17.0,0.1500000000000001
Matbench-Gap,DKL Multi-Fidelity,43,17.05,0.1500000000000001
Matbench-Gap,DKL Multi-Fidelity,43,17.1,0.1500000000000001
Matbench-Gap,DKL Multi-Fidelity,43,17.15,0.1500000000000001
Matbench-Gap,DKL Multi-Fidelity,43,17.2,0.1500000000000001
Matbench-Gap,DKL Multi-Fidelity,43,17.25,0.1500000000000001
Matbench-Gap,DKL Multi-Fidelity,43,17.3,0.1500000000000001
Matbench-Gap,DKL Multi-Fidelity,43,17.35,0.1500000000000001
Matbench-Gap,DKL Multi-Fidelity,43,17.4,0.1500000000000001
Matbench-Gap,DKL Multi-Fidelity,43,17.45,0.1500000000000001
Matbench-Gap,DKL Multi-Fidelity,43,17.5,0.1500000000000001
Matbench-Gap,DKL Multi-Fidelity,43,17.55,0.1500000000000001
Matbench-Gap,DKL Multi-Fidelity,43,17.6,0.1500000000000001
Matbench-Gap,DKL Multi-Fidelity,43,17.65,0.1500000000000001
Matbench-Gap,DKL Multi-Fidelity,43,17.7,0.1500000000000001
Matbench-Gap,DKL Multi-Fidelity,43,17.75,0.1500000000000001
Matbench-Gap,DKL Multi-Fidelity,43,17.8,0.1500000000000001
Matbench-Gap,DKL Multi-Fidelity,43,17.85,0.1500000000000001
Matbench-Gap,DKL Multi-Fidelity,43,17.9,0.1500000000000001
Matbench-Gap,DKL Multi-Fidelity,43,17.95,0.1500000000000001
Matbench-Gap,DKL Multi-Fidelity,43,18.0,0.1500000000000001
Matbench-Gap,DKL Multi-Fidelity,43,19.0,0.1500000000000001
Matbench-Gap,DKL Multi-Fidelity,43,19.05,0.1500000000000001
Matbench-Gap,DKL Multi-Fidelity,43,19.1,0.1500000000000001
Matbench-Gap,DKL Multi-Fidelity,43,19.15,0.1500000000000001
Matbench-Gap,DKL Multi-Fidelity,43,19.2,0.1500000000000001
Matbench-Gap,DKL Multi-Fidelity,43,19.25,0.1500000000000001
Matbench-Gap,DKL Multi-Fidelity,43,19.3,0.1500000000000001
Matbench-Gap,DKL Multi-Fidelity,43,19.35,0.1500000000000001
Matbench-Gap,DKL Multi-Fidelity,43,19.4,0.1500000000000001
Matbench-Gap,DKL Multi-Fidelity,43,19.45,0.1500000000000001
Matbench-Gap,DKL Multi-Fidelity,43,19.5,0.1500000000000001
Matbench-Gap,DKL Multi-Fidelity,43,19.55,0.1500000000000001
Matbench-Gap,DKL Multi-Fidelity,43,19.6,0.1500000000000001
Matbench-Gap,DKL Multi-Fidelity,43,19.65,0.1500000000000001
Matbench-Gap,DKL Multi-Fidelity,43,19.7,0.1500000000000001
Matbench-Gap,DKL Multi-Fidelity,43,19.75,0.1500000000000001
Matbench-Gap,DKL Multi-Fidelity,43,19.8,0.1500000000000001
Matbench-Gap,DKL Multi-Fidelity,43,19.85,0.1500000000000001
Matbench-Gap,DKL Multi-Fidelity,43,19.9,0.1500000000000001
Matbench-Gap,DKL Multi-Fidelity,43,19.95,0.1500000000000001
Matbench-Gap,DKL Multi-Fidelity,44,3.0,0.8999999999999999
Matbench-Gap,DKL Multi-Fidelity,44,3.05,0.8999999999999999
Matbench-Gap,DKL Multi-Fidelity,44,3.1,0.8999999999999999
Matbench-Gap,DKL Multi-Fidelity,44,3.15,0.8999999999999999
Matbench-Gap,DKL Multi-Fidelity,44,3.2,0.8999999999999999
Matbench-Gap,DKL Multi-Fidelity,44,3.25,0.8999999999999999
Matbench-Gap,DKL Multi-Fidelity,44,3.3,0.8999999999999999
Matbench-Gap,DKL Multi-Fidelity,44,3.35,0.8999999999999999
Matbench-Gap,DKL Multi-Fidelity,44,3.4,0.8999999999999999
Matbench-Gap,DKL Multi-Fidelity,44,3.45,0.8999999999999999
Matbench-Gap,DKL Multi-Fidelity,44,3.5,0.8999999999999999
Matbench-Gap,DKL Multi-Fidelity,44,3.55,0.8999999999999999
Matbench-Gap,DKL Multi-Fidelity,44,3.6,0.8999999999999999
Matbench-Gap,DKL Multi-Fidelity,44,3.65,0.8999999999999999
Matbench-Gap,DKL Multi-Fidelity,44,3.7,0.8999999999999999
Matbench-Gap,DKL Multi-Fidelity,44,3.75,0.8999999999999999
Matbench-Gap,DKL Multi-Fidelity,44,3.8,0.8999999999999999
Matbench-Gap,DKL Multi-Fidelity,44,3.85,0.8999999999999999
Matbench-Gap,DKL Multi-Fidelity,44,3.9,0.8999999999999999
Matbench-Gap,DKL Multi-Fidelity,44,3.95,0.8999999999999999
Matbench-Gap,DKL Multi-Fidelity,44,4.0,0.8999999999999999
Matbench-Gap,DKL Multi-Fidelity,44,5.0,0.8999999999999999
Matbench-Gap,DKL Multi-Fidelity,44,5.05,0.8999999999999999
Matbench-Gap,DKL Multi-Fidelity,44,5.1,0.8999999999999999
Matbench-Gap,DKL Multi-Fidelity,44,5.15,0.8999999999999999
Matbench-Gap,DKL Multi-Fidelity,44,5.2,0.8999999999999999
Matbench-Gap,DKL Multi-Fidelity,44,5.25,0.8999999999999999
Matbench-Gap,DKL Multi-Fidelity,44,5.3,0.8999999999999999
Matbench-Gap,DKL Multi-Fidelity,44,5.35,0.8999999999999999
Matbench-Gap,DKL Multi-Fidelity,44,5.4,0.8999999999999999
Matbench-Gap,DKL Multi-Fidelity,44,5.45,0.8999999999999999
Matbench-Gap,DKL Multi-Fidelity,44,5.5,0.8999999999999999
Matbench-Gap,DKL Multi-Fidelity,44,5.55,0.8999999999999999
Matbench-Gap,DKL Multi-Fidelity,44,5.6,0.8999999999999999
Matbench-Gap,DKL Multi-Fidelity,44,5.65,0.8999999999999999
Matbench-Gap,DKL Multi-Fidelity,44,5.7,0.8999999999999999
Matbench-Gap,DKL Multi-Fidelity,44,5.75,0.8999999999999999
Matbench-Gap,DKL Multi-Fidelity,44,5.8,0.8999999999999999
Matbench-Gap,DKL Multi-Fidelity,44,5.85,0.8999999999999999
Matbench-Gap,DKL Multi-Fidelity,44,5.9,0.8999999999999999
Matbench-Gap,DKL Multi-Fidelity,44,5.95,0.8999999999999999
Matbench-Gap,DKL Multi-Fidelity,44,6.0,0.8999999999999999
Matbench-Gap,DKL Multi-Fidelity,44,7.0,0.8999999999999999
Matbench-Gap,DKL Multi-Fidelity,44,7.05,0.8999999999999999
Matbench-Gap,DKL Multi-Fidelity,44,7.1,0.8999999999999999
Matbench-Gap,DKL Multi-Fidelity,44,7.15,0.8999999999999999
Matbench-Gap,DKL Multi-Fidelity,44,7.2,0.8999999999999999
Matbench-Gap,DKL Multi-Fidelity,44,7.25,0.8999999999999999
Matbench-Gap,DKL Multi-Fidelity,44,7.3,0.8999999999999999
Matbench-Gap,DKL Multi-Fidelity,44,7.35,0.8999999999999999
Matbench-Gap,DKL Multi-Fidelity,44,7.4,0.8999999999999999
Matbench-Gap,DKL Multi-Fidelity,44,7.45,0.8999999999999999
Matbench-Gap,DKL Multi-Fidelity,44,7.5,0.8999999999999999
Matbench-Gap,DKL Multi-Fidelity,44,7.55,0.8999999999999999
Matbench-Gap,DKL Multi-Fidelity,44,7.6,0.8999999999999999
Matbench-Gap,DKL Multi-Fidelity,44,7.65,0.8999999999999999
Matbench-Gap,DKL Multi-Fidelity,44,7.7,0.8999999999999999
Matbench-Gap,DKL Multi-Fidelity,44,7.75,0.8999999999999999
Matbench-Gap,DKL Multi-Fidelity,44,7.8,0.8999999999999999
Matbench-Gap,DKL Multi-Fidelity,44,7.85,0.8999999999999999
Matbench-Gap,DKL Multi-Fidelity,44,7.9,0.8999999999999999
Matbench-Gap,DKL Multi-Fidelity,44,7.95,0.8999999999999999
Matbench-Gap,DKL Multi-Fidelity,44,8.0,0.8999999999999999
Matbench-Gap,DKL Multi-Fidelity,44,9.0,0.2000000000000001
Matbench-Gap,DKL Multi-Fidelity,44,9.05,0.2000000000000001
Matbench-Gap,DKL Multi-Fidelity,44,9.1,0.2000000000000001
Matbench-Gap,DKL Multi-Fidelity,44,9.15,0.2000000000000001
Matbench-Gap,DKL Multi-Fidelity,44,9.2,0.2000000000000001
Matbench-Gap,DKL Multi-Fidelity,44,9.25,0.2000000000000001
Matbench-Gap,DKL Multi-Fidelity,44,9.3,0.2000000000000001
Matbench-Gap,DKL Multi-Fidelity,44,9.35,0.2000000000000001
Matbench-Gap,DKL Multi-Fidelity,44,9.4,0.2000000000000001
Matbench-Gap,DKL Multi-Fidelity,44,9.45,0.2000000000000001
Matbench-Gap,DKL Multi-Fidelity,44,9.5,0.2000000000000001
Matbench-Gap,DKL Multi-Fidelity,44,9.55,0.2000000000000001
Matbench-Gap,DKL Multi-Fidelity,44,9.6,0.2000000000000001
Matbench-Gap,DKL Multi-Fidelity,44,9.65,0.2000000000000001
Matbench-Gap,DKL Multi-Fidelity,44,9.7,0.2000000000000001
Matbench-Gap,DKL Multi-Fidelity,44,9.75,0.2000000000000001
Matbench-Gap,DKL Multi-Fidelity,44,9.8,0.2000000000000001
Matbench-Gap,DKL Multi-Fidelity,44,9.85,0.2000000000000001
Matbench-Gap,DKL Multi-Fidelity,44,9.9,0.2000000000000001
Matbench-Gap,DKL Multi-Fidelity,44,9.95,0.2000000000000001
Matbench-Gap,DKL Multi-Fidelity,44,10.0,0.2000000000000001
Matbench-Gap,DKL Multi-Fidelity,44,11.0,0.2000000000000001
Matbench-Gap,DKL Multi-Fidelity,44,11.05,0.2000000000000001
Matbench-Gap,DKL Multi-Fidelity,44,11.1,0.2000000000000001
Matbench-Gap,DKL Multi-Fidelity,44,11.15,0.2000000000000001
Matbench-Gap,DKL Multi-Fidelity,44,11.2,0.2000000000000001
Matbench-Gap,DKL Multi-Fidelity,44,11.25,0.2000000000000001
Matbench-Gap,DKL Multi-Fidelity,44,11.3,0.2000000000000001
Matbench-Gap,DKL Multi-Fidelity,44,11.35,0.2000000000000001
Matbench-Gap,DKL Multi-Fidelity,44,11.4,0.2000000000000001
Matbench-Gap,DKL Multi-Fidelity,44,11.45,0.2000000000000001
Matbench-Gap,DKL Multi-Fidelity,44,11.5,0.2000000000000001
Matbench-Gap,DKL Multi-Fidelity,44,11.55,0.2000000000000001
Matbench-Gap,DKL Multi-Fidelity,44,11.6,0.2000000000000001
Matbench-Gap,DKL Multi-Fidelity,44,11.65,0.2000000000000001
Matbench-Gap,DKL Multi-Fidelity,44,11.7,0.2000000000000001
Matbench-Gap,DKL Multi-Fidelity,44,11.75,0.2000000000000001
Matbench-Gap,DKL Multi-Fidelity,44,11.8,0.2000000000000001
Matbench-Gap,DKL Multi-Fidelity,44,11.85,0.2000000000000001
Matbench-Gap,DKL Multi-Fidelity,44,11.9,0.2000000000000001
Matbench-Gap,DKL Multi-Fidelity,44,11.95,0.2000000000000001
Matbench-Gap,DKL Multi-Fidelity,44,12.0,0.2000000000000001
Matbench-Gap,DKL Multi-Fidelity,44,13.0,0.2000000000000001
Matbench-Gap,DKL Multi-Fidelity,44,13.05,0.2000000000000001
Matbench-Gap,DKL Multi-Fidelity,44,13.1,0.2000000000000001
Matbench-Gap,DKL Multi-Fidelity,44,13.15,0.2000000000000001
Matbench-Gap,DKL Multi-Fidelity,44,13.2,0.2000000000000001
Matbench-Gap,DKL Multi-Fidelity,44,13.25,0.2000000000000001
Matbench-Gap,DKL Multi-Fidelity,44,13.3,0.2000000000000001
Matbench-Gap,DKL Multi-Fidelity,44,13.35,0.2000000000000001
Matbench-Gap,DKL Multi-Fidelity,44,13.4,0.2000000000000001
Matbench-Gap,DKL Multi-Fidelity,44,13.45,0.2000000000000001
Matbench-Gap,DKL Multi-Fidelity,44,13.5,0.2000000000000001
Matbench-Gap,DKL Multi-Fidelity,44,13.55,0.2000000000000001
Matbench-Gap,DKL Multi-Fidelity,44,13.6,0.2000000000000001
Matbench-Gap,DKL Multi-Fidelity,44,13.65,0.2000000000000001
Matbench-Gap,DKL Multi-Fidelity,44,13.7,0.2000000000000001
Matbench-Gap,DKL Multi-Fidelity,44,13.75,0.2000000000000001
Matbench-Gap,DKL Multi-Fidelity,44,13.8,0.2000000000000001
Matbench-Gap,DKL Multi-Fidelity,44,13.85,0.2000000000000001
Matbench-Gap,DKL Multi-Fidelity,44,13.9,0.2000000000000001
Matbench-Gap,DKL Multi-Fidelity,44,13.95,0.2000000000000001
Matbench-Gap,DKL Multi-Fidelity,44,14.0,0.2000000000000001
Matbench-Gap,DKL Multi-Fidelity,44,15.0,0.2000000000000001
Matbench-Gap,DKL Multi-Fidelity,44,15.05,0.2000000000000001
Matbench-Gap,DKL Multi-Fidelity,44,15.1,0.2000000000000001
Matbench-Gap,DKL Multi-Fidelity,44,15.15,0.2000000000000001
Matbench-Gap,DKL Multi-Fidelity,44,15.2,0.2000000000000001
Matbench-Gap,DKL Multi-Fidelity,44,15.25,0.2000000000000001
Matbench-Gap,DKL Multi-Fidelity,44,15.3,0.2000000000000001
Matbench-Gap,DKL Multi-Fidelity,44,15.35,0.2000000000000001
Matbench-Gap,DKL Multi-Fidelity,44,15.4,0.2000000000000001
Matbench-Gap,DKL Multi-Fidelity,44,15.45,0.2000000000000001
Matbench-Gap,DKL Multi-Fidelity,44,15.5,0.2000000000000001
Matbench-Gap,DKL Multi-Fidelity,44,15.55,0.2000000000000001
Matbench-Gap,DKL Multi-Fidelity,44,15.6,0.2000000000000001
Matbench-Gap,DKL Multi-Fidelity,44,15.65,0.2000000000000001
Matbench-Gap,DKL Multi-Fidelity,44,15.7,0.2000000000000001
Matbench-Gap,DKL Multi-Fidelity,44,15.75,0.2000000000000001
Matbench-Gap,DKL Multi-Fidelity,44,15.8,0.2000000000000001
Matbench-Gap,DKL Multi-Fidelity,44,15.85,0.2000000000000001
Matbench-Gap,DKL Multi-Fidelity,44,15.9,0.2000000000000001
Matbench-Gap,DKL Multi-Fidelity,44,15.95,0.2000000000000001
Matbench-Gap,DKL Multi-Fidelity,44,16.0,0.2000000000000001
Matbench-Gap,DKL Multi-Fidelity,44,17.0,0.2000000000000001
Matbench-Gap,DKL Multi-Fidelity,44,17.05,0.2000000000000001
Matbench-Gap,DKL Multi-Fidelity,44,17.1,0.2000000000000001
Matbench-Gap,DKL Multi-Fidelity,44,17.15,0.2000000000000001
Matbench-Gap,DKL Multi-Fidelity,44,17.2,0.2000000000000001
Matbench-Gap,DKL Multi-Fidelity,44,17.25,0.2000000000000001
Matbench-Gap,DKL Multi-Fidelity,44,17.3,0.2000000000000001
Matbench-Gap,DKL Multi-Fidelity,44,17.35,0.2000000000000001
Matbench-Gap,DKL Multi-Fidelity,44,17.4,0.2000000000000001
Matbench-Gap,DKL Multi-Fidelity,44,17.45,0.2000000000000001
Matbench-Gap,DKL Multi-Fidelity,44,17.5,0.2000000000000001
Matbench-Gap,DKL Multi-Fidelity,44,17.55,0.2000000000000001
Matbench-Gap,DKL Multi-Fidelity,44,17.6,0.2000000000000001
Matbench-Gap,DKL Multi-Fidelity,44,17.65,0.2000000000000001
Matbench-Gap,DKL Multi-Fidelity,44,17.7,0.2000000000000001
Matbench-Gap,DKL Multi-Fidelity,44,17.75,0.2000000000000001
Matbench-Gap,DKL Multi-Fidelity,44,17.8,0.2000000000000001
Matbench-Gap,DKL Multi-Fidelity,44,17.85,0.2000000000000001
Matbench-Gap,DKL Multi-Fidelity,44,17.9,0.2000000000000001
Matbench-Gap,DKL Multi-Fidelity,44,17.95,0.2000000000000001
Matbench-Gap,DKL Multi-Fidelity,44,18.0,0.2000000000000001
Matbench-Gap,DKL Multi-Fidelity,44,19.0,0.2000000000000001
Matbench-Gap,DKL Multi-Fidelity,44,19.05,0.2000000000000001
Matbench-Gap,DKL Multi-Fidelity,44,19.1,0.2000000000000001
Matbench-Gap,DKL Multi-Fidelity,44,19.15,0.2000000000000001
Matbench-Gap,DKL Multi-Fidelity,44,19.2,0.2000000000000001
Matbench-Gap,DKL Multi-Fidelity,44,19.25,0.2000000000000001
Matbench-Gap,DKL Multi-Fidelity,44,19.3,0.2000000000000001
Matbench-Gap,DKL Multi-Fidelity,44,19.35,0.2000000000000001
Matbench-Gap,DKL Multi-Fidelity,44,19.4,0.2000000000000001
Matbench-Gap,DKL Multi-Fidelity,44,19.45,0.2000000000000001
Matbench-Gap,DKL Multi-Fidelity,44,19.5,0.2000000000000001
Matbench-Gap,DKL Multi-Fidelity,44,19.55,0.2000000000000001
Matbench-Gap,DKL Multi-Fidelity,44,19.6,0.2000000000000001
Matbench-Gap,DKL Multi-Fidelity,44,19.65,0.2000000000000001
Matbench-Gap,DKL Multi-Fidelity,44,19.7,0.2000000000000001
Matbench-Gap,DKL Multi-Fidelity,44,19.75,0.2000000000000001
Matbench-Gap,DKL Multi-Fidelity,44,19.8,0.2000000000000001
Matbench-Gap,DKL Multi-Fidelity,44,19.85,0.2000000000000001
Matbench-Gap,DKL Multi-Fidelity,44,19.9,0.2000000000000001
Matbench-Gap,DKL Multi-Fidelity,44,19.95,0.2000000000000001
Matbench-Gap,DKL Multi-Fidelity,45,3.0,1.4
Matbench-Gap,DKL Multi-Fidelity,45,3.05,1.4
Matbench-Gap,DKL Multi-Fidelity,45,3.1,1.4
Matbench-Gap,DKL Multi-Fidelity,45,3.15,1.4
Matbench-Gap,DKL Multi-Fidelity,45,3.2,1.4
Matbench-Gap,DKL Multi-Fidelity,45,3.25,1.4
Matbench-Gap,DKL Multi-Fidelity,45,3.3,1.4
Matbench-Gap,DKL Multi-Fidelity,45,3.35,1.4
Matbench-Gap,DKL Multi-Fidelity,45,3.4,1.4
Matbench-Gap,DKL Multi-Fidelity,45,3.45,1.4
Matbench-Gap,DKL Multi-Fidelity,45,3.5,1.4
Matbench-Gap,DKL Multi-Fidelity,45,3.55,1.4
Matbench-Gap,DKL Multi-Fidelity,45,3.6,1.4
Matbench-Gap,DKL Multi-Fidelity,45,3.65,1.4
Matbench-Gap,DKL Multi-Fidelity,45,3.7,1.4
Matbench-Gap,DKL Multi-Fidelity,45,3.75,1.4
Matbench-Gap,DKL Multi-Fidelity,45,3.8,1.4
Matbench-Gap,DKL Multi-Fidelity,45,3.85,1.4
Matbench-Gap,DKL Multi-Fidelity,45,3.9,1.4
Matbench-Gap,DKL Multi-Fidelity,45,3.95,1.4
Matbench-Gap,DKL Multi-Fidelity,45,4.0,1.4
Matbench-Gap,DKL Multi-Fidelity,45,5.0,1.4
Matbench-Gap,DKL Multi-Fidelity,45,5.05,1.4
Matbench-Gap,DKL Multi-Fidelity,45,5.1,1.4
Matbench-Gap,DKL Multi-Fidelity,45,5.15,1.4
Matbench-Gap,DKL Multi-Fidelity,45,5.2,1.4
Matbench-Gap,DKL Multi-Fidelity,45,5.25,1.4
Matbench-Gap,DKL Multi-Fidelity,45,5.3,1.4
Matbench-Gap,DKL Multi-Fidelity,45,5.35,1.4
Matbench-Gap,DKL Multi-Fidelity,45,5.4,1.4
Matbench-Gap,DKL Multi-Fidelity,45,5.45,1.4
Matbench-Gap,DKL Multi-Fidelity,45,5.5,1.4
Matbench-Gap,DKL Multi-Fidelity,45,5.55,1.4
Matbench-Gap,DKL Multi-Fidelity,45,5.6,1.4
Matbench-Gap,DKL Multi-Fidelity,45,5.65,1.4
Matbench-Gap,DKL Multi-Fidelity,45,5.7,1.4
Matbench-Gap,DKL Multi-Fidelity,45,5.75,1.4
Matbench-Gap,DKL Multi-Fidelity,45,5.8,1.4
Matbench-Gap,DKL Multi-Fidelity,45,5.85,1.4
Matbench-Gap,DKL Multi-Fidelity,45,5.9,1.4
Matbench-Gap,DKL Multi-Fidelity,45,5.95,1.4
Matbench-Gap,DKL Multi-Fidelity,45,6.0,1.4
Matbench-Gap,DKL Multi-Fidelity,45,7.0,1.4
Matbench-Gap,DKL Multi-Fidelity,45,7.05,1.4
Matbench-Gap,DKL Multi-Fidelity,45,7.1,1.4
Matbench-Gap,DKL Multi-Fidelity,45,7.15,1.4
Matbench-Gap,DKL Multi-Fidelity,45,7.2,1.4
Matbench-Gap,DKL Multi-Fidelity,45,7.25,1.4
Matbench-Gap,DKL Multi-Fidelity,45,7.3,1.4
Matbench-Gap,DKL Multi-Fidelity,45,7.35,1.4
Matbench-Gap,DKL Multi-Fidelity,45,7.4,1.4
Matbench-Gap,DKL Multi-Fidelity,45,7.45,1.4
Matbench-Gap,DKL Multi-Fidelity,45,7.5,1.4
Matbench-Gap,DKL Multi-Fidelity,45,7.55,1.4
Matbench-Gap,DKL Multi-Fidelity,45,7.6,1.4
Matbench-Gap,DKL Multi-Fidelity,45,7.65,1.4
Matbench-Gap,DKL Multi-Fidelity,45,7.7,1.4
Matbench-Gap,DKL Multi-Fidelity,45,7.75,1.4
Matbench-Gap,DKL Multi-Fidelity,45,7.8,1.4
Matbench-Gap,DKL Multi-Fidelity,45,7.85,1.4
Matbench-Gap,DKL Multi-Fidelity,45,7.9,1.4
Matbench-Gap,DKL Multi-Fidelity,45,7.95,1.4
Matbench-Gap,DKL Multi-Fidelity,45,8.0,1.4
Matbench-Gap,DKL Multi-Fidelity,45,9.0,0.4000000000000001
Matbench-Gap,DKL Multi-Fidelity,45,9.05,0.4000000000000001
Matbench-Gap,DKL Multi-Fidelity,45,9.1,0.4000000000000001
Matbench-Gap,DKL Multi-Fidelity,45,9.15,0.4000000000000001
Matbench-Gap,DKL Multi-Fidelity,45,9.2,0.4000000000000001
Matbench-Gap,DKL Multi-Fidelity,45,9.25,0.4000000000000001
Matbench-Gap,DKL Multi-Fidelity,45,9.3,0.4000000000000001
Matbench-Gap,DKL Multi-Fidelity,45,9.35,0.4000000000000001
Matbench-Gap,DKL Multi-Fidelity,45,9.4,0.4000000000000001
Matbench-Gap,DKL Multi-Fidelity,45,9.45,0.4000000000000001
Matbench-Gap,DKL Multi-Fidelity,45,9.5,0.4000000000000001
Matbench-Gap,DKL Multi-Fidelity,45,9.55,0.4000000000000001
Matbench-Gap,DKL Multi-Fidelity,45,9.6,0.4000000000000001
Matbench-Gap,DKL Multi-Fidelity,45,9.65,0.4000000000000001
Matbench-Gap,DKL Multi-Fidelity,45,9.7,0.4000000000000001
Matbench-Gap,DKL Multi-Fidelity,45,9.75,0.4000000000000001
Matbench-Gap,DKL Multi-Fidelity,45,9.8,0.4000000000000001
Matbench-Gap,DKL Multi-Fidelity,45,9.85,0.4000000000000001
Matbench-Gap,DKL Multi-Fidelity,45,9.9,0.4000000000000001
Matbench-Gap,DKL Multi-Fidelity,45,9.95,0.4000000000000001
Matbench-Gap,DKL Multi-Fidelity,45,10.0,0.4000000000000001
Matbench-Gap,DKL Multi-Fidelity,45,11.0,0.4000000000000001
Matbench-Gap,DKL Multi-Fidelity,45,11.05,0.4000000000000001
Matbench-Gap,DKL Multi-Fidelity,45,11.1,0.4000000000000001
Matbench-Gap,DKL Multi-Fidelity,45,11.15,0.4000000000000001
Matbench-Gap,DKL Multi-Fidelity,45,11.2,0.4000000000000001
Matbench-Gap,DKL Multi-Fidelity,45,11.25,0.4000000000000001
Matbench-Gap,DKL Multi-Fidelity,45,11.3,0.4000000000000001
Matbench-Gap,DKL Multi-Fidelity,45,11.35,0.4000000000000001
Matbench-Gap,DKL Multi-Fidelity,45,11.4,0.4000000000000001
Matbench-Gap,DKL Multi-Fidelity,45,11.45,0.4000000000000001
Matbench-Gap,DKL Multi-Fidelity,45,11.5,0.4000000000000001
Matbench-Gap,DKL Multi-Fidelity,45,11.55,0.4000000000000001
Matbench-Gap,DKL Multi-Fidelity,45,11.6,0.4000000000000001
Matbench-Gap,DKL Multi-Fidelity,45,11.65,0.4000000000000001
Matbench-Gap,DKL Multi-Fidelity,45,11.7,0.4000000000000001
Matbench-Gap,DKL Multi-Fidelity,45,11.75,0.4000000000000001
Matbench-Gap,DKL Multi-Fidelity,45,11.8,0.4000000000000001
Matbench-Gap,DKL Multi-Fidelity,45,11.85,0.4000000000000001
Matbench-Gap,DKL Multi-Fidelity,45,11.9,0.4000000000000001
Matbench-Gap,DKL Multi-Fidelity,45,11.95,0.4000000000000001
Matbench-Gap,DKL Multi-Fidelity,45,12.0,0.4000000000000001
Matbench-Gap,DKL Multi-Fidelity,45,13.0,0.4000000000000001
Matbench-Gap,DKL Multi-Fidelity,45,13.05,0.4000000000000001
Matbench-Gap,DKL Multi-Fidelity,45,13.1,0.4000000000000001
Matbench-Gap,DKL Multi-Fidelity,45,13.15,0.4000000000000001
Matbench-Gap,DKL Multi-Fidelity,45,13.2,0.4000000000000001
Matbench-Gap,DKL Multi-Fidelity,45,13.25,0.4000000000000001
Matbench-Gap,DKL Multi-Fidelity,45,13.3,0.4000000000000001
Matbench-Gap,DKL Multi-Fidelity,45,13.35,0.4000000000000001
Matbench-Gap,DKL Multi-Fidelity,45,13.4,0.4000000000000001
Matbench-Gap,DKL Multi-Fidelity,45,13.45,0.4000000000000001
Matbench-Gap,DKL Multi-Fidelity,45,13.5,0.4000000000000001
Matbench-Gap,DKL Multi-Fidelity,45,13.55,0.4000000000000001
Matbench-Gap,DKL Multi-Fidelity,45,13.6,0.4000000000000001
Matbench-Gap,DKL Multi-Fidelity,45,13.65,0.4000000000000001
Matbench-Gap,DKL Multi-Fidelity,45,13.7,0.4000000000000001
Matbench-Gap,DKL Multi-Fidelity,45,13.75,0.4000000000000001
Matbench-Gap,DKL Multi-Fidelity,45,13.8,0.4000000000000001
Matbench-Gap,DKL Multi-Fidelity,45,13.85,0.4000000000000001
Matbench-Gap,DKL Multi-Fidelity,45,13.9,0.4000000000000001
Matbench-Gap,DKL Multi-Fidelity,45,13.95,0.4000000000000001
Matbench-Gap,DKL Multi-Fidelity,45,14.0,0.4000000000000001
Matbench-Gap,DKL Multi-Fidelity,45,15.0,0.4000000000000001
Matbench-Gap,DKL Multi-Fidelity,45,15.05,0.4000000000000001
Matbench-Gap,DKL Multi-Fidelity,45,15.1,0.4000000000000001
Matbench-Gap,DKL Multi-Fidelity,45,15.15,0.4000000000000001
Matbench-Gap,DKL Multi-Fidelity,45,15.2,0.4000000000000001
Matbench-Gap,DKL Multi-Fidelity,45,15.25,0.4000000000000001
Matbench-Gap,DKL Multi-Fidelity,45,15.3,0.4000000000000001
Matbench-Gap,DKL Multi-Fidelity,45,15.35,0.4000000000000001
Matbench-Gap,DKL Multi-Fidelity,45,15.4,0.4000000000000001
Matbench-Gap,DKL Multi-Fidelity,45,15.45,0.4000000000000001
Matbench-Gap,DKL Multi-Fidelity,45,15.5,0.4000000000000001
Matbench-Gap,DKL Multi-Fidelity,45,15.55,0.4000000000000001
Matbench-Gap,DKL Multi-Fidelity,45,15.6,0.4000000000000001
Matbench-Gap,DKL Multi-Fidelity,45,15.65,0.4000000000000001
Matbench-Gap,DKL Multi-Fidelity,45,15.7,0.4000000000000001
Matbench-Gap,DKL Multi-Fidelity,45,15.75,0.4000000000000001
Matbench-Gap,DKL Multi-Fidelity,45,15.8,0.4000000000000001
Matbench-Gap,DKL Multi-Fidelity,45,15.85,0.4000000000000001
Matbench-Gap,DKL Multi-Fidelity,45,15.9,0.4000000000000001
Matbench-Gap,DKL Multi-Fidelity,45,15.95,0.4000000000000001
Matbench-Gap,DKL Multi-Fidelity,45,16.0,0.4000000000000001
Matbench-Gap,DKL Multi-Fidelity,45,17.0,0.3500000000000001
Matbench-Gap,DKL Multi-Fidelity,45,17.05,0.3500000000000001
Matbench-Gap,DKL Multi-Fidelity,45,17.1,0.3500000000000001
Matbench-Gap,DKL Multi-Fidelity,45,17.15,0.3500000000000001
Matbench-Gap,DKL Multi-Fidelity,45,17.2,0.3500000000000001
Matbench-Gap,DKL Multi-Fidelity,45,17.25,0.3500000000000001
Matbench-Gap,DKL Multi-Fidelity,45,17.3,0.3500000000000001
Matbench-Gap,DKL Multi-Fidelity,45,17.35,0.3500000000000001
Matbench-Gap,DKL Multi-Fidelity,45,17.4,0.3500000000000001
Matbench-Gap,DKL Multi-Fidelity,45,17.45,0.3500000000000001
Matbench-Gap,DKL Multi-Fidelity,45,17.5,0.3500000000000001
Matbench-Gap,DKL Multi-Fidelity,45,17.55,0.3500000000000001
Matbench-Gap,DKL Multi-Fidelity,45,17.6,0.3500000000000001
Matbench-Gap,DKL Multi-Fidelity,45,17.65,0.3500000000000001
Matbench-Gap,DKL Multi-Fidelity,45,17.7,0.3500000000000001
Matbench-Gap,DKL Multi-Fidelity,45,17.75,0.3500000000000001
Matbench-Gap,DKL Multi-Fidelity,45,17.8,0.3500000000000001
Matbench-Gap,DKL Multi-Fidelity,45,17.85,0.3500000000000001
Matbench-Gap,DKL Multi-Fidelity,45,17.9,0.3500000000000001
Matbench-Gap,DKL Multi-Fidelity,45,17.95,0.3500000000000001
Matbench-Gap,DKL Multi-Fidelity,45,18.0,0.3500000000000001
Matbench-Gap,DKL Multi-Fidelity,45,19.0,0.3500000000000001
Matbench-Gap,DKL Multi-Fidelity,45,19.05,0.3500000000000001
Matbench-Gap,DKL Multi-Fidelity,45,19.1,0.3500000000000001
Matbench-Gap,DKL Multi-Fidelity,45,19.15,0.3500000000000001
Matbench-Gap,DKL Multi-Fidelity,45,19.2,0.3500000000000001
Matbench-Gap,DKL Multi-Fidelity,45,19.25,0.3500000000000001
Matbench-Gap,DKL Multi-Fidelity,45,19.3,0.3500000000000001
Matbench-Gap,DKL Multi-Fidelity,45,19.35,0.3500000000000001
Matbench-Gap,DKL Multi-Fidelity,45,19.4,0.3500000000000001
Matbench-Gap,DKL Multi-Fidelity,45,19.45,0.3500000000000001
Matbench-Gap,DKL Multi-Fidelity,45,19.5,0.3500000000000001
Matbench-Gap,DKL Multi-Fidelity,45,19.55,0.3500000000000001
Matbench-Gap,DKL Multi-Fidelity,45,19.6,0.3500000000000001
Matbench-Gap,DKL Multi-Fidelity,45,19.65,0.3500000000000001
Matbench-Gap,DKL Multi-Fidelity,45,19.7,0.3500000000000001
Matbench-Gap,DKL Multi-Fidelity,45,19.75,0.3500000000000001
Matbench-Gap,DKL Multi-Fidelity,45,19.8,0.3500000000000001
Matbench-Gap,DKL Multi-Fidelity,45,19.85,0.3500000000000001
Matbench-Gap,DKL Multi-Fidelity,45,19.9,0.3500000000000001
Matbench-Gap,DKL Multi-Fidelity,45,19.95,0.3500000000000001
Matbench-Gap,DKL Multi-Fidelity,46,3.0,1.4
Matbench-Gap,DKL Multi-Fidelity,46,3.05,1.4
Matbench-Gap,DKL Multi-Fidelity,46,3.1,1.4
Matbench-Gap,DKL Multi-Fidelity,46,3.15,1.4
Matbench-Gap,DKL Multi-Fidelity,46,3.2,1.4
Matbench-Gap,DKL Multi-Fidelity,46,3.25,1.4
Matbench-Gap,DKL Multi-Fidelity,46,3.3,1.4
Matbench-Gap,DKL Multi-Fidelity,46,3.35,1.4
Matbench-Gap,DKL Multi-Fidelity,46,3.4,1.4
Matbench-Gap,DKL Multi-Fidelity,46,3.45,1.4
Matbench-Gap,DKL Multi-Fidelity,46,3.5,1.4
Matbench-Gap,DKL Multi-Fidelity,46,3.55,1.4
Matbench-Gap,DKL Multi-Fidelity,46,3.6,1.4
Matbench-Gap,DKL Multi-Fidelity,46,3.65,1.4
Matbench-Gap,DKL Multi-Fidelity,46,3.7,1.4
Matbench-Gap,DKL Multi-Fidelity,46,3.75,1.4
Matbench-Gap,DKL Multi-Fidelity,46,3.8,1.4
Matbench-Gap,DKL Multi-Fidelity,46,3.85,1.4
Matbench-Gap,DKL Multi-Fidelity,46,3.9,1.4
Matbench-Gap,DKL Multi-Fidelity,46,3.95,1.4
Matbench-Gap,DKL Multi-Fidelity,46,4.0,1.4
Matbench-Gap,DKL Multi-Fidelity,46,5.0,1.4
Matbench-Gap,DKL Multi-Fidelity,46,5.05,1.4
Matbench-Gap,DKL Multi-Fidelity,46,5.1,1.4
Matbench-Gap,DKL Multi-Fidelity,46,5.15,1.4
Matbench-Gap,DKL Multi-Fidelity,46,5.2,1.4
Matbench-Gap,DKL Multi-Fidelity,46,5.25,1.4
Matbench-Gap,DKL Multi-Fidelity,46,5.3,1.4
Matbench-Gap,DKL Multi-Fidelity,46,5.35,1.4
Matbench-Gap,DKL Multi-Fidelity,46,5.4,1.4
Matbench-Gap,DKL Multi-Fidelity,46,5.45,1.4
Matbench-Gap,DKL Multi-Fidelity,46,5.5,1.4
Matbench-Gap,DKL Multi-Fidelity,46,5.55,1.4
Matbench-Gap,DKL Multi-Fidelity,46,5.6,1.4
Matbench-Gap,DKL Multi-Fidelity,46,5.65,1.4
Matbench-Gap,DKL Multi-Fidelity,46,5.7,1.4
Matbench-Gap,DKL Multi-Fidelity,46,5.75,1.4
Matbench-Gap,DKL Multi-Fidelity,46,5.8,1.4
Matbench-Gap,DKL Multi-Fidelity,46,5.85,1.4
Matbench-Gap,DKL Multi-Fidelity,46,5.9,1.4
Matbench-Gap,DKL Multi-Fidelity,46,5.95,1.4
Matbench-Gap,DKL Multi-Fidelity,46,6.0,1.4
Matbench-Gap,DKL Multi-Fidelity,46,7.0,1.4
Matbench-Gap,DKL Multi-Fidelity,46,7.05,1.4
Matbench-Gap,DKL Multi-Fidelity,46,7.1,1.4
Matbench-Gap,DKL Multi-Fidelity,46,7.15,1.4
Matbench-Gap,DKL Multi-Fidelity,46,7.2,1.4
Matbench-Gap,DKL Multi-Fidelity,46,7.25,1.4
Matbench-Gap,DKL Multi-Fidelity,46,7.3,1.4
Matbench-Gap,DKL Multi-Fidelity,46,7.35,1.4
Matbench-Gap,DKL Multi-Fidelity,46,7.4,1.4
Matbench-Gap,DKL Multi-Fidelity,46,7.45,1.4
Matbench-Gap,DKL Multi-Fidelity,46,7.5,1.4
Matbench-Gap,DKL Multi-Fidelity,46,7.55,1.4
Matbench-Gap,DKL Multi-Fidelity,46,7.6,1.4
Matbench-Gap,DKL Multi-Fidelity,46,7.65,1.4
Matbench-Gap,DKL Multi-Fidelity,46,7.7,1.4
Matbench-Gap,DKL Multi-Fidelity,46,7.75,1.4
Matbench-Gap,DKL Multi-Fidelity,46,7.8,1.4
Matbench-Gap,DKL Multi-Fidelity,46,7.85,1.4
Matbench-Gap,DKL Multi-Fidelity,46,7.9,1.4
Matbench-Gap,DKL Multi-Fidelity,46,7.95,1.4
Matbench-Gap,DKL Multi-Fidelity,46,8.0,1.4
Matbench-Gap,DKL Multi-Fidelity,46,9.0,1.4
Matbench-Gap,DKL Multi-Fidelity,46,9.05,1.4
Matbench-Gap,DKL Multi-Fidelity,46,9.1,1.4
Matbench-Gap,DKL Multi-Fidelity,46,9.15,1.4
Matbench-Gap,DKL Multi-Fidelity,46,9.2,1.4
Matbench-Gap,DKL Multi-Fidelity,46,9.25,1.4
Matbench-Gap,DKL Multi-Fidelity,46,9.3,1.4
Matbench-Gap,DKL Multi-Fidelity,46,9.35,1.4
Matbench-Gap,DKL Multi-Fidelity,46,9.4,1.4
Matbench-Gap,DKL Multi-Fidelity,46,9.45,1.4
Matbench-Gap,DKL Multi-Fidelity,46,9.5,1.4
Matbench-Gap,DKL Multi-Fidelity,46,9.55,1.4
Matbench-Gap,DKL Multi-Fidelity,46,9.6,1.4
Matbench-Gap,DKL Multi-Fidelity,46,9.65,1.4
Matbench-Gap,DKL Multi-Fidelity,46,9.7,1.4
Matbench-Gap,DKL Multi-Fidelity,46,9.75,1.4
Matbench-Gap,DKL Multi-Fidelity,46,9.8,1.4
Matbench-Gap,DKL Multi-Fidelity,46,9.85,1.4
Matbench-Gap,DKL Multi-Fidelity,46,9.9,1.4
Matbench-Gap,DKL Multi-Fidelity,46,9.95,1.4
Matbench-Gap,DKL Multi-Fidelity,46,10.0,1.4
Matbench-Gap,DKL Multi-Fidelity,46,11.0,0.54
Matbench-Gap,DKL Multi-Fidelity,46,11.05,0.54
Matbench-Gap,DKL Multi-Fidelity,46,11.1,0.54
Matbench-Gap,DKL Multi-Fidelity,46,11.15,0.54
Matbench-Gap,DKL Multi-Fidelity,46,11.2,0.54
Matbench-Gap,DKL Multi-Fidelity,46,11.25,0.54
Matbench-Gap,DKL Multi-Fidelity,46,11.3,0.54
Matbench-Gap,DKL Multi-Fidelity,46,11.35,0.54
Matbench-Gap,DKL Multi-Fidelity,46,11.4,0.54
Matbench-Gap,DKL Multi-Fidelity,46,11.45,0.54
Matbench-Gap,DKL Multi-Fidelity,46,11.5,0.54
Matbench-Gap,DKL Multi-Fidelity,46,11.55,0.54
Matbench-Gap,DKL Multi-Fidelity,46,11.6,0.54
Matbench-Gap,DKL Multi-Fidelity,46,11.65,0.54
Matbench-Gap,DKL Multi-Fidelity,46,11.7,0.54
Matbench-Gap,DKL Multi-Fidelity,46,11.75,0.54
Matbench-Gap,DKL Multi-Fidelity,46,11.8,0.54
Matbench-Gap,DKL Multi-Fidelity,46,11.85,0.54
Matbench-Gap,DKL Multi-Fidelity,46,11.9,0.54
Matbench-Gap,DKL Multi-Fidelity,46,11.95,0.54
Matbench-Gap,DKL Multi-Fidelity,46,12.0,0.54
Matbench-Gap,DKL Multi-Fidelity,46,13.0,0.54
Matbench-Gap,DKL Multi-Fidelity,46,13.05,0.54
Matbench-Gap,DKL Multi-Fidelity,46,13.1,0.54
Matbench-Gap,DKL Multi-Fidelity,46,13.15,0.54
Matbench-Gap,DKL Multi-Fidelity,46,13.2,0.54
Matbench-Gap,DKL Multi-Fidelity,46,13.25,0.54
Matbench-Gap,DKL Multi-Fidelity,46,13.3,0.54
Matbench-Gap,DKL Multi-Fidelity,46,13.35,0.54
Matbench-Gap,DKL Multi-Fidelity,46,13.4,0.54
Matbench-Gap,DKL Multi-Fidelity,46,13.45,0.54
Matbench-Gap,DKL Multi-Fidelity,46,13.5,0.54
Matbench-Gap,DKL Multi-Fidelity,46,13.55,0.54
Matbench-Gap,DKL Multi-Fidelity,46,13.6,0.54
Matbench-Gap,DKL Multi-Fidelity,46,13.65,0.54
Matbench-Gap,DKL Multi-Fidelity,46,13.7,0.54
Matbench-Gap,DKL Multi-Fidelity,46,13.75,0.54
Matbench-Gap,DKL Multi-Fidelity,46,13.8,0.54
Matbench-Gap,DKL Multi-Fidelity,46,13.85,0.54
Matbench-Gap,DKL Multi-Fidelity,46,13.9,0.54
Matbench-Gap,DKL Multi-Fidelity,46,13.95,0.54
Matbench-Gap,DKL Multi-Fidelity,46,14.0,0.54
Matbench-Gap,DKL Multi-Fidelity,46,15.0,0.54
Matbench-Gap,DKL Multi-Fidelity,46,15.05,0.54
Matbench-Gap,DKL Multi-Fidelity,46,15.1,0.54
Matbench-Gap,DKL Multi-Fidelity,46,15.15,0.54
Matbench-Gap,DKL Multi-Fidelity,46,15.2,0.54
Matbench-Gap,DKL Multi-Fidelity,46,15.25,0.54
Matbench-Gap,DKL Multi-Fidelity,46,15.3,0.54
Matbench-Gap,DKL Multi-Fidelity,46,15.35,0.54
Matbench-Gap,DKL Multi-Fidelity,46,15.4,0.54
Matbench-Gap,DKL Multi-Fidelity,46,15.45,0.54
Matbench-Gap,DKL Multi-Fidelity,46,15.5,0.54
Matbench-Gap,DKL Multi-Fidelity,46,15.55,0.54
Matbench-Gap,DKL Multi-Fidelity,46,15.6,0.54
Matbench-Gap,DKL Multi-Fidelity,46,15.65,0.54
Matbench-Gap,DKL Multi-Fidelity,46,15.7,0.54
Matbench-Gap,DKL Multi-Fidelity,46,15.75,0.54
Matbench-Gap,DKL Multi-Fidelity,46,15.8,0.54
Matbench-Gap,DKL Multi-Fidelity,46,15.85,0.54
Matbench-Gap,DKL Multi-Fidelity,46,15.9,0.54
Matbench-Gap,DKL Multi-Fidelity,46,15.95,0.54
Matbench-Gap,DKL Multi-Fidelity,46,16.0,0.54
Matbench-Gap,DKL Multi-Fidelity,46,17.0,0.54
Matbench-Gap,DKL Multi-Fidelity,46,17.05,0.54
Matbench-Gap,DKL Multi-Fidelity,46,17.1,0.54
Matbench-Gap,DKL Multi-Fidelity,46,17.15,0.54
Matbench-Gap,DKL Multi-Fidelity,46,17.2,0.54
Matbench-Gap,DKL Multi-Fidelity,46,17.25,0.54
Matbench-Gap,DKL Multi-Fidelity,46,17.3,0.54
Matbench-Gap,DKL Multi-Fidelity,46,17.35,0.54
Matbench-Gap,DKL Multi-Fidelity,46,17.4,0.54
Matbench-Gap,DKL Multi-Fidelity,46,17.45,0.54
Matbench-Gap,DKL Multi-Fidelity,46,17.5,0.54
Matbench-Gap,DKL Multi-Fidelity,46,17.55,0.54
Matbench-Gap,DKL Multi-Fidelity,46,17.6,0.54
Matbench-Gap,DKL Multi-Fidelity,46,17.65,0.54
Matbench-Gap,DKL Multi-Fidelity,46,17.7,0.54
Matbench-Gap,DKL Multi-Fidelity,46,17.75,0.54
Matbench-Gap,DKL Multi-Fidelity,46,17.8,0.54
Matbench-Gap,DKL Multi-Fidelity,46,17.85,0.54
Matbench-Gap,DKL Multi-Fidelity,46,17.9,0.54
Matbench-Gap,DKL Multi-Fidelity,46,17.95,0.54
Matbench-Gap,DKL Multi-Fidelity,46,18.0,0.54
Matbench-Gap,DKL Multi-Fidelity,46,19.0,0.54
Matbench-Gap,DKL Multi-Fidelity,46,19.05,0.54
Matbench-Gap,DKL Multi-Fidelity,46,19.1,0.54
Matbench-Gap,DKL Multi-Fidelity,46,19.15,0.54
Matbench-Gap,DKL Multi-Fidelity,46,19.2,0.54
Matbench-Gap,DKL Multi-Fidelity,46,19.25,0.54
Matbench-Gap,DKL Multi-Fidelity,46,19.3,0.54
Matbench-Gap,DKL Multi-Fidelity,46,19.35,0.54
Matbench-Gap,DKL Multi-Fidelity,46,19.4,0.54
Matbench-Gap,DKL Multi-Fidelity,46,19.45,0.54
Matbench-Gap,DKL Multi-Fidelity,46,19.5,0.54
Matbench-Gap,DKL Multi-Fidelity,46,19.55,0.54
Matbench-Gap,DKL Multi-Fidelity,46,19.6,0.54
Matbench-Gap,DKL Multi-Fidelity,46,19.65,0.54
Matbench-Gap,DKL Multi-Fidelity,46,19.7,0.54
Matbench-Gap,DKL Multi-Fidelity,46,19.75,0.54
Matbench-Gap,DKL Multi-Fidelity,46,19.8,0.54
Matbench-Gap,DKL Multi-Fidelity,46,19.85,0.54
Matbench-Gap,DKL Multi-Fidelity,46,19.9,0.54
Matbench-Gap,DKL Multi-Fidelity,46,19.95,0.54
Matbench-Gap,DKL Multi-Fidelity,47,3.0,1.4
Matbench-Gap,DKL Multi-Fidelity,47,3.05,1.4
Matbench-Gap,DKL Multi-Fidelity,47,3.1,1.4
Matbench-Gap,DKL Multi-Fidelity,47,3.15,1.4
Matbench-Gap,DKL Multi-Fidelity,47,3.2,1.4
Matbench-Gap,DKL Multi-Fidelity,47,3.25,1.4
Matbench-Gap,DKL Multi-Fidelity,47,3.3,1.4
Matbench-Gap,DKL Multi-Fidelity,47,3.35,1.4
Matbench-Gap,DKL Multi-Fidelity,47,3.4,1.4
Matbench-Gap,DKL Multi-Fidelity,47,3.45,1.4
Matbench-Gap,DKL Multi-Fidelity,47,3.5,1.4
Matbench-Gap,DKL Multi-Fidelity,47,3.55,1.4
Matbench-Gap,DKL Multi-Fidelity,47,3.6,1.4
Matbench-Gap,DKL Multi-Fidelity,47,3.65,1.4
Matbench-Gap,DKL Multi-Fidelity,47,3.7,1.4
Matbench-Gap,DKL Multi-Fidelity,47,3.75,1.4
Matbench-Gap,DKL Multi-Fidelity,47,3.8,1.4
Matbench-Gap,DKL Multi-Fidelity,47,3.85,1.4
Matbench-Gap,DKL Multi-Fidelity,47,3.9,1.4
Matbench-Gap,DKL Multi-Fidelity,47,3.95,1.4
Matbench-Gap,DKL Multi-Fidelity,47,4.0,1.4
Matbench-Gap,DKL Multi-Fidelity,47,5.0,1.4
Matbench-Gap,DKL Multi-Fidelity,47,5.05,1.4
Matbench-Gap,DKL Multi-Fidelity,47,5.1,1.4
Matbench-Gap,DKL Multi-Fidelity,47,5.15,1.4
Matbench-Gap,DKL Multi-Fidelity,47,5.2,1.4
Matbench-Gap,DKL Multi-Fidelity,47,5.25,1.4
Matbench-Gap,DKL Multi-Fidelity,47,5.3,1.4
Matbench-Gap,DKL Multi-Fidelity,47,5.35,1.4
Matbench-Gap,DKL Multi-Fidelity,47,5.4,1.4
Matbench-Gap,DKL Multi-Fidelity,47,5.45,1.4
Matbench-Gap,DKL Multi-Fidelity,47,5.5,1.4
Matbench-Gap,DKL Multi-Fidelity,47,5.55,1.4
Matbench-Gap,DKL Multi-Fidelity,47,5.6,1.4
Matbench-Gap,DKL Multi-Fidelity,47,5.65,1.4
Matbench-Gap,DKL Multi-Fidelity,47,5.7,1.4
Matbench-Gap,DKL Multi-Fidelity,47,5.75,1.4
Matbench-Gap,DKL Multi-Fidelity,47,5.8,1.4
Matbench-Gap,DKL Multi-Fidelity,47,5.85,1.4
Matbench-Gap,DKL Multi-Fidelity,47,5.9,1.4
Matbench-Gap,DKL Multi-Fidelity,47,5.95,1.4
Matbench-Gap,DKL Multi-Fidelity,47,6.0,1.4
Matbench-Gap,DKL Multi-Fidelity,47,7.0,0.7600000000000002
Matbench-Gap,DKL Multi-Fidelity,47,7.05,0.7600000000000002
Matbench-Gap,DKL Multi-Fidelity,47,7.1,0.7600000000000002
Matbench-Gap,DKL Multi-Fidelity,47,7.15,0.7600000000000002
Matbench-Gap,DKL Multi-Fidelity,47,7.2,0.7600000000000002
Matbench-Gap,DKL Multi-Fidelity,47,7.25,0.7600000000000002
Matbench-Gap,DKL Multi-Fidelity,47,7.3,0.7600000000000002
Matbench-Gap,DKL Multi-Fidelity,47,7.35,0.7600000000000002
Matbench-Gap,DKL Multi-Fidelity,47,7.4,0.7600000000000002
Matbench-Gap,DKL Multi-Fidelity,47,7.45,0.7600000000000002
Matbench-Gap,DKL Multi-Fidelity,47,7.5,0.7600000000000002
Matbench-Gap,DKL Multi-Fidelity,47,7.55,0.7600000000000002
Matbench-Gap,DKL Multi-Fidelity,47,7.6,0.7600000000000002
Matbench-Gap,DKL Multi-Fidelity,47,7.65,0.7600000000000002
Matbench-Gap,DKL Multi-Fidelity,47,7.7,0.7600000000000002
Matbench-Gap,DKL Multi-Fidelity,47,7.75,0.7600000000000002
Matbench-Gap,DKL Multi-Fidelity,47,7.8,0.7600000000000002
Matbench-Gap,DKL Multi-Fidelity,47,7.85,0.7600000000000002
Matbench-Gap,DKL Multi-Fidelity,47,7.9,0.7600000000000002
Matbench-Gap,DKL Multi-Fidelity,47,7.95,0.7600000000000002
Matbench-Gap,DKL Multi-Fidelity,47,8.0,0.7600000000000002
Matbench-Gap,DKL Multi-Fidelity,47,9.0,0.0
Matbench-Gap,DKL Multi-Fidelity,47,9.05,0.0
Matbench-Gap,DKL Multi-Fidelity,47,9.1,0.0
Matbench-Gap,DKL Multi-Fidelity,47,9.15,0.0
Matbench-Gap,DKL Multi-Fidelity,47,9.2,0.0
Matbench-Gap,DKL Multi-Fidelity,47,9.25,0.0
Matbench-Gap,DKL Multi-Fidelity,47,9.3,0.0
Matbench-Gap,DKL Multi-Fidelity,47,9.35,0.0
Matbench-Gap,DKL Multi-Fidelity,47,9.4,0.0
Matbench-Gap,DKL Multi-Fidelity,47,9.45,0.0
Matbench-Gap,DKL Multi-Fidelity,47,9.5,0.0
Matbench-Gap,DKL Multi-Fidelity,47,9.55,0.0
Matbench-Gap,DKL Multi-Fidelity,47,9.6,0.0
Matbench-Gap,DKL Multi-Fidelity,47,9.65,0.0
Matbench-Gap,DKL Multi-Fidelity,47,9.7,0.0
Matbench-Gap,DKL Multi-Fidelity,47,9.75,0.0
Matbench-Gap,DKL Multi-Fidelity,47,9.8,0.0
Matbench-Gap,DKL Multi-Fidelity,47,9.85,0.0
Matbench-Gap,DKL Multi-Fidelity,47,9.9,0.0
Matbench-Gap,DKL Multi-Fidelity,47,9.95,0.0
Matbench-Gap,DKL Multi-Fidelity,47,10.0,0.0
Matbench-Gap,DKL Multi-Fidelity,47,11.0,0.0
Matbench-Gap,DKL Multi-Fidelity,47,11.05,0.0
Matbench-Gap,DKL Multi-Fidelity,47,11.1,0.0
Matbench-Gap,DKL Multi-Fidelity,47,11.15,0.0
Matbench-Gap,DKL Multi-Fidelity,47,11.2,0.0
Matbench-Gap,DKL Multi-Fidelity,47,11.25,0.0
Matbench-Gap,DKL Multi-Fidelity,47,11.3,0.0
Matbench-Gap,DKL Multi-Fidelity,47,11.35,0.0
Matbench-Gap,DKL Multi-Fidelity,47,11.4,0.0
Matbench-Gap,DKL Multi-Fidelity,47,11.45,0.0
Matbench-Gap,DKL Multi-Fidelity,47,11.5,0.0
Matbench-Gap,DKL Multi-Fidelity,47,11.55,0.0
Matbench-Gap,DKL Multi-Fidelity,47,11.6,0.0
Matbench-Gap,DKL Multi-Fidelity,47,11.65,0.0
Matbench-Gap,DKL Multi-Fidelity,47,11.7,0.0
Matbench-Gap,DKL Multi-Fidelity,47,11.75,0.0
Matbench-Gap,DKL Multi-Fidelity,47,11.8,0.0
Matbench-Gap,DKL Multi-Fidelity,47,11.85,0.0
Matbench-Gap,DKL Multi-Fidelity,47,11.9,0.0
Matbench-Gap,DKL Multi-Fidelity,47,11.95,0.0
Matbench-Gap,DKL Multi-Fidelity,47,12.0,0.0
Matbench-Gap,DKL Multi-Fidelity,47,13.0,0.0
Matbench-Gap,DKL Multi-Fidelity,47,13.05,0.0
Matbench-Gap,DKL Multi-Fidelity,47,13.1,0.0
Matbench-Gap,DKL Multi-Fidelity,47,13.15,0.0
Matbench-Gap,DKL Multi-Fidelity,47,13.2,0.0
Matbench-Gap,DKL Multi-Fidelity,47,13.25,0.0
Matbench-Gap,DKL Multi-Fidelity,47,13.3,0.0
Matbench-Gap,DKL Multi-Fidelity,47,13.35,0.0
Matbench-Gap,DKL Multi-Fidelity,47,13.4,0.0
Matbench-Gap,DKL Multi-Fidelity,47,13.45,0.0
Matbench-Gap,DKL Multi-Fidelity,47,13.5,0.0
Matbench-Gap,DKL Multi-Fidelity,47,13.55,0.0
Matbench-Gap,DKL Multi-Fidelity,47,13.6,0.0
Matbench-Gap,DKL Multi-Fidelity,47,13.65,0.0
Matbench-Gap,DKL Multi-Fidelity,47,13.7,0.0
Matbench-Gap,DKL Multi-Fidelity,47,13.75,0.0
Matbench-Gap,DKL Multi-Fidelity,47,13.8,0.0
Matbench-Gap,DKL Multi-Fidelity,47,13.85,0.0
Matbench-Gap,DKL Multi-Fidelity,47,13.9,0.0
Matbench-Gap,DKL Multi-Fidelity,47,13.95,0.0
Matbench-Gap,DKL Multi-Fidelity,47,14.0,0.0
Matbench-Gap,DKL Multi-Fidelity,47,15.0,0.0
Matbench-Gap,DKL Multi-Fidelity,47,15.05,0.0
Matbench-Gap,DKL Multi-Fidelity,47,15.1,0.0
Matbench-Gap,DKL Multi-Fidelity,47,15.15,0.0
Matbench-Gap,DKL Multi-Fidelity,47,15.2,0.0
Matbench-Gap,DKL Multi-Fidelity,47,15.25,0.0
Matbench-Gap,DKL Multi-Fidelity,47,15.3,0.0
Matbench-Gap,DKL Multi-Fidelity,47,15.35,0.0
Matbench-Gap,DKL Multi-Fidelity,47,15.4,0.0
Matbench-Gap,DKL Multi-Fidelity,47,15.45,0.0
Matbench-Gap,DKL Multi-Fidelity,47,15.5,0.0
Matbench-Gap,DKL Multi-Fidelity,47,15.55,0.0
Matbench-Gap,DKL Multi-Fidelity,47,15.6,0.0
Matbench-Gap,DKL Multi-Fidelity,47,15.65,0.0
Matbench-Gap,DKL Multi-Fidelity,47,15.7,0.0
Matbench-Gap,DKL Multi-Fidelity,47,15.75,0.0
Matbench-Gap,DKL Multi-Fidelity,47,15.8,0.0
Matbench-Gap,DKL Multi-Fidelity,47,15.85,0.0
Matbench-Gap,DKL Multi-Fidelity,47,15.9,0.0
Matbench-Gap,DKL Multi-Fidelity,47,15.95,0.0
Matbench-Gap,DKL Multi-Fidelity,47,16.0,0.0
Matbench-Gap,DKL Multi-Fidelity,47,17.0,0.0
Matbench-Gap,DKL Multi-Fidelity,47,17.05,0.0
Matbench-Gap,DKL Multi-Fidelity,47,17.1,0.0
Matbench-Gap,DKL Multi-Fidelity,47,17.15,0.0
Matbench-Gap,DKL Multi-Fidelity,47,17.2,0.0
Matbench-Gap,DKL Multi-Fidelity,47,17.25,0.0
Matbench-Gap,DKL Multi-Fidelity,47,17.3,0.0
Matbench-Gap,DKL Multi-Fidelity,47,17.35,0.0
Matbench-Gap,DKL Multi-Fidelity,47,17.4,0.0
Matbench-Gap,DKL Multi-Fidelity,47,17.45,0.0
Matbench-Gap,DKL Multi-Fidelity,47,17.5,0.0
Matbench-Gap,DKL Multi-Fidelity,47,17.55,0.0
Matbench-Gap,DKL Multi-Fidelity,47,17.6,0.0
Matbench-Gap,DKL Multi-Fidelity,47,17.65,0.0
Matbench-Gap,DKL Multi-Fidelity,47,17.7,0.0
Matbench-Gap,DKL Multi-Fidelity,47,17.75,0.0
Matbench-Gap,DKL Multi-Fidelity,47,17.8,0.0
Matbench-Gap,DKL Multi-Fidelity,47,17.85,0.0
Matbench-Gap,DKL Multi-Fidelity,47,17.9,0.0
Matbench-Gap,DKL Multi-Fidelity,47,17.95,0.0
Matbench-Gap,DKL Multi-Fidelity,47,18.0,0.0
Matbench-Gap,DKL Multi-Fidelity,47,19.0,0.0
Matbench-Gap,DKL Multi-Fidelity,47,19.05,0.0
Matbench-Gap,DKL Multi-Fidelity,47,19.1,0.0
Matbench-Gap,DKL Multi-Fidelity,47,19.15,0.0
Matbench-Gap,DKL Multi-Fidelity,47,19.2,0.0
Matbench-Gap,DKL Multi-Fidelity,47,19.25,0.0
Matbench-Gap,DKL Multi-Fidelity,47,19.3,0.0
Matbench-Gap,DKL Multi-Fidelity,47,19.35,0.0
Matbench-Gap,DKL Multi-Fidelity,47,19.4,0.0
Matbench-Gap,DKL Multi-Fidelity,47,19.45,0.0
Matbench-Gap,DKL Multi-Fidelity,47,19.5,0.0
Matbench-Gap,DKL Multi-Fidelity,47,19.55,0.0
Matbench-Gap,DKL Multi-Fidelity,47,19.6,0.0
Matbench-Gap,DKL Multi-Fidelity,47,19.65,0.0
Matbench-Gap,DKL Multi-Fidelity,47,19.7,0.0
Matbench-Gap,DKL Multi-Fidelity,47,19.75,0.0
Matbench-Gap,DKL Multi-Fidelity,47,19.8,0.0
Matbench-Gap,DKL Multi-Fidelity,47,19.85,0.0
Matbench-Gap,DKL Multi-Fidelity,47,19.9,0.0
Matbench-Gap,DKL Multi-Fidelity,47,19.95,0.0
Matbench-Gap,DKL Multi-Fidelity,48,3.0,1.4
Matbench-Gap,DKL Multi-Fidelity,48,3.05,1.4
Matbench-Gap,DKL Multi-Fidelity,48,3.1,1.4
Matbench-Gap,DKL Multi-Fidelity,48,3.15,1.4
Matbench-Gap,DKL Multi-Fidelity,48,3.2,1.4
Matbench-Gap,DKL Multi-Fidelity,48,3.25,1.4
Matbench-Gap,DKL Multi-Fidelity,48,3.3,1.4
Matbench-Gap,DKL Multi-Fidelity,48,3.35,1.4
Matbench-Gap,DKL Multi-Fidelity,48,3.4,1.4
Matbench-Gap,DKL Multi-Fidelity,48,3.45,1.4
Matbench-Gap,DKL Multi-Fidelity,48,3.5,1.4
Matbench-Gap,DKL Multi-Fidelity,48,3.55,1.4
Matbench-Gap,DKL Multi-Fidelity,48,3.6,1.4
Matbench-Gap,DKL Multi-Fidelity,48,3.65,1.4
Matbench-Gap,DKL Multi-Fidelity,48,3.7,1.4
Matbench-Gap,DKL Multi-Fidelity,48,3.75,1.4
Matbench-Gap,DKL Multi-Fidelity,48,3.8,1.4
Matbench-Gap,DKL Multi-Fidelity,48,3.85,1.4
Matbench-Gap,DKL Multi-Fidelity,48,3.9,1.4
Matbench-Gap,DKL Multi-Fidelity,48,3.95,1.4
Matbench-Gap,DKL Multi-Fidelity,48,4.0,1.4
Matbench-Gap,DKL Multi-Fidelity,48,5.0,1.4
Matbench-Gap,DKL Multi-Fidelity,48,5.05,1.4
Matbench-Gap,DKL Multi-Fidelity,48,5.1,1.4
Matbench-Gap,DKL Multi-Fidelity,48,5.15,1.4
Matbench-Gap,DKL Multi-Fidelity,48,5.2,1.4
Matbench-Gap,DKL Multi-Fidelity,48,5.25,1.4
Matbench-Gap,DKL Multi-Fidelity,48,5.3,1.4
Matbench-Gap,DKL Multi-Fidelity,48,5.35,1.4
Matbench-Gap,DKL Multi-Fidelity,48,5.4,1.4
Matbench-Gap,DKL Multi-Fidelity,48,5.45,1.4
Matbench-Gap,DKL Multi-Fidelity,48,5.5,1.4
Matbench-Gap,DKL Multi-Fidelity,48,5.55,1.4
Matbench-Gap,DKL Multi-Fidelity,48,5.6,1.4
Matbench-Gap,DKL Multi-Fidelity,48,5.65,1.4
Matbench-Gap,DKL Multi-Fidelity,48,5.7,1.4
Matbench-Gap,DKL Multi-Fidelity,48,5.75,1.4
Matbench-Gap,DKL Multi-Fidelity,48,5.8,1.4
Matbench-Gap,DKL Multi-Fidelity,48,5.85,1.4
Matbench-Gap,DKL Multi-Fidelity,48,5.9,1.4
Matbench-Gap,DKL Multi-Fidelity,48,5.95,1.4
Matbench-Gap,DKL Multi-Fidelity,48,6.0,1.4
Matbench-Gap,DKL Multi-Fidelity,48,7.0,1.4
Matbench-Gap,DKL Multi-Fidelity,48,7.05,1.4
Matbench-Gap,DKL Multi-Fidelity,48,7.1,1.4
Matbench-Gap,DKL Multi-Fidelity,48,7.15,1.4
Matbench-Gap,DKL Multi-Fidelity,48,7.2,1.4
Matbench-Gap,DKL Multi-Fidelity,48,7.25,1.4
Matbench-Gap,DKL Multi-Fidelity,48,7.3,1.4
Matbench-Gap,DKL Multi-Fidelity,48,7.35,1.4
Matbench-Gap,DKL Multi-Fidelity,48,7.4,1.4
Matbench-Gap,DKL Multi-Fidelity,48,7.45,1.4
Matbench-Gap,DKL Multi-Fidelity,48,7.5,1.4
Matbench-Gap,DKL Multi-Fidelity,48,7.55,1.4
Matbench-Gap,DKL Multi-Fidelity,48,7.6,1.4
Matbench-Gap,DKL Multi-Fidelity,48,7.65,1.4
Matbench-Gap,DKL Multi-Fidelity,48,7.7,1.4
Matbench-Gap,DKL Multi-Fidelity,48,7.75,1.4
Matbench-Gap,DKL Multi-Fidelity,48,7.8,1.4
Matbench-Gap,DKL Multi-Fidelity,48,7.85,1.4
Matbench-Gap,DKL Multi-Fidelity,48,7.9,1.4
Matbench-Gap,DKL Multi-Fidelity,48,7.95,1.4
Matbench-Gap,DKL Multi-Fidelity,48,8.0,1.4
Matbench-Gap,DKL Multi-Fidelity,48,9.0,1.4
Matbench-Gap,DKL Multi-Fidelity,48,9.05,1.4
Matbench-Gap,DKL Multi-Fidelity,48,9.1,1.4
Matbench-Gap,DKL Multi-Fidelity,48,9.15,1.4
Matbench-Gap,DKL Multi-Fidelity,48,9.2,1.4
Matbench-Gap,DKL Multi-Fidelity,48,9.25,1.4
Matbench-Gap,DKL Multi-Fidelity,48,9.3,1.4
Matbench-Gap,DKL Multi-Fidelity,48,9.35,1.4
Matbench-Gap,DKL Multi-Fidelity,48,9.4,1.4
Matbench-Gap,DKL Multi-Fidelity,48,9.45,1.4
Matbench-Gap,DKL Multi-Fidelity,48,9.5,1.4
Matbench-Gap,DKL Multi-Fidelity,48,9.55,1.4
Matbench-Gap,DKL Multi-Fidelity,48,9.6,1.4
Matbench-Gap,DKL Multi-Fidelity,48,9.65,1.4
Matbench-Gap,DKL Multi-Fidelity,48,9.7,1.4
Matbench-Gap,DKL Multi-Fidelity,48,9.75,1.4
Matbench-Gap,DKL Multi-Fidelity,48,9.8,1.4
Matbench-Gap,DKL Multi-Fidelity,48,9.85,1.4
Matbench-Gap,DKL Multi-Fidelity,48,9.9,1.4
Matbench-Gap,DKL Multi-Fidelity,48,9.95,1.4
Matbench-Gap,DKL Multi-Fidelity,48,10.0,1.4
Matbench-Gap,DKL Multi-Fidelity,48,11.0,1.4
Matbench-Gap,DKL Multi-Fidelity,48,11.05,1.4
Matbench-Gap,DKL Multi-Fidelity,48,11.1,1.4
Matbench-Gap,DKL Multi-Fidelity,48,11.15,1.4
Matbench-Gap,DKL Multi-Fidelity,48,11.2,1.4
Matbench-Gap,DKL Multi-Fidelity,48,11.25,1.4
Matbench-Gap,DKL Multi-Fidelity,48,11.3,1.4
Matbench-Gap,DKL Multi-Fidelity,48,11.35,1.4
Matbench-Gap,DKL Multi-Fidelity,48,11.4,1.4
Matbench-Gap,DKL Multi-Fidelity,48,11.45,1.4
Matbench-Gap,DKL Multi-Fidelity,48,11.5,1.4
Matbench-Gap,DKL Multi-Fidelity,48,11.55,1.4
Matbench-Gap,DKL Multi-Fidelity,48,11.6,1.4
Matbench-Gap,DKL Multi-Fidelity,48,11.65,1.4
Matbench-Gap,DKL Multi-Fidelity,48,11.7,1.4
Matbench-Gap,DKL Multi-Fidelity,48,11.75,1.4
Matbench-Gap,DKL Multi-Fidelity,48,11.8,1.4
Matbench-Gap,DKL Multi-Fidelity,48,11.85,1.4
Matbench-Gap,DKL Multi-Fidelity,48,11.9,1.4
Matbench-Gap,DKL Multi-Fidelity,48,11.95,1.4
Matbench-Gap,DKL Multi-Fidelity,48,12.0,1.4
Matbench-Gap,DKL Multi-Fidelity,48,13.0,1.4
Matbench-Gap,DKL Multi-Fidelity,48,13.05,1.4
Matbench-Gap,DKL Multi-Fidelity,48,13.1,1.4
Matbench-Gap,DKL Multi-Fidelity,48,13.15,1.4
Matbench-Gap,DKL Multi-Fidelity,48,13.2,1.4
Matbench-Gap,DKL Multi-Fidelity,48,13.25,1.4
Matbench-Gap,DKL Multi-Fidelity,48,13.3,1.4
Matbench-Gap,DKL Multi-Fidelity,48,13.35,1.4
Matbench-Gap,DKL Multi-Fidelity,48,13.4,1.4
Matbench-Gap,DKL Multi-Fidelity,48,13.45,1.4
Matbench-Gap,DKL Multi-Fidelity,48,13.5,1.4
Matbench-Gap,DKL Multi-Fidelity,48,13.55,1.4
Matbench-Gap,DKL Multi-Fidelity,48,13.6,1.4
Matbench-Gap,DKL Multi-Fidelity,48,13.65,1.4
Matbench-Gap,DKL Multi-Fidelity,48,13.7,1.4
Matbench-Gap,DKL Multi-Fidelity,48,13.75,1.4
Matbench-Gap,DKL Multi-Fidelity,48,13.8,1.4
Matbench-Gap,DKL Multi-Fidelity,48,13.85,1.4
Matbench-Gap,DKL Multi-Fidelity,48,13.9,1.4
Matbench-Gap,DKL Multi-Fidelity,48,13.95,1.4
Matbench-Gap,DKL Multi-Fidelity,48,14.0,1.4
Matbench-Gap,DKL Multi-Fidelity,48,15.0,1.4
Matbench-Gap,DKL Multi-Fidelity,48,15.05,1.4
Matbench-Gap,DKL Multi-Fidelity,48,15.1,1.4
Matbench-Gap,DKL Multi-Fidelity,48,15.15,1.4
Matbench-Gap,DKL Multi-Fidelity,48,15.2,1.4
Matbench-Gap,DKL Multi-Fidelity,48,15.25,1.4
Matbench-Gap,DKL Multi-Fidelity,48,15.3,1.4
Matbench-Gap,DKL Multi-Fidelity,48,15.35,1.4
Matbench-Gap,DKL Multi-Fidelity,48,15.4,1.4
Matbench-Gap,DKL Multi-Fidelity,48,15.45,1.4
Matbench-Gap,DKL Multi-Fidelity,48,15.5,1.4
Matbench-Gap,DKL Multi-Fidelity,48,15.55,1.4
Matbench-Gap,DKL Multi-Fidelity,48,15.6,1.4
Matbench-Gap,DKL Multi-Fidelity,48,15.65,1.4
Matbench-Gap,DKL Multi-Fidelity,48,15.7,1.4
Matbench-Gap,DKL Multi-Fidelity,48,15.75,1.4
Matbench-Gap,DKL Multi-Fidelity,48,15.8,1.4
Matbench-Gap,DKL Multi-Fidelity,48,15.85,1.4
Matbench-Gap,DKL Multi-Fidelity,48,15.9,1.4
Matbench-Gap,DKL Multi-Fidelity,48,15.95,1.4
Matbench-Gap,DKL Multi-Fidelity,48,16.0,1.4
Matbench-Gap,DKL Multi-Fidelity,48,17.0,1.4
Matbench-Gap,DKL Multi-Fidelity,48,17.05,1.4
Matbench-Gap,DKL Multi-Fidelity,48,17.1,1.4
Matbench-Gap,DKL Multi-Fidelity,48,17.15,1.4
Matbench-Gap,DKL Multi-Fidelity,48,17.2,1.4
Matbench-Gap,DKL Multi-Fidelity,48,17.25,1.4
Matbench-Gap,DKL Multi-Fidelity,48,17.3,1.4
Matbench-Gap,DKL Multi-Fidelity,48,17.35,1.4
Matbench-Gap,DKL Multi-Fidelity,48,17.4,1.4
Matbench-Gap,DKL Multi-Fidelity,48,17.45,1.4
Matbench-Gap,DKL Multi-Fidelity,48,17.5,1.4
Matbench-Gap,DKL Multi-Fidelity,48,17.55,1.4
Matbench-Gap,DKL Multi-Fidelity,48,17.6,1.4
Matbench-Gap,DKL Multi-Fidelity,48,17.65,1.4
Matbench-Gap,DKL Multi-Fidelity,48,17.7,1.4
Matbench-Gap,DKL Multi-Fidelity,48,17.75,1.4
Matbench-Gap,DKL Multi-Fidelity,48,17.8,1.4
Matbench-Gap,DKL Multi-Fidelity,48,17.85,1.4
Matbench-Gap,DKL Multi-Fidelity,48,17.9,1.4
Matbench-Gap,DKL Multi-Fidelity,48,17.95,1.4
Matbench-Gap,DKL Multi-Fidelity,48,18.0,1.4
Matbench-Gap,DKL Multi-Fidelity,48,19.0,1.4
Matbench-Gap,DKL Multi-Fidelity,48,19.05,1.4
Matbench-Gap,DKL Multi-Fidelity,48,19.1,1.4
Matbench-Gap,DKL Multi-Fidelity,48,19.15,1.4
Matbench-Gap,DKL Multi-Fidelity,48,19.2,1.4
Matbench-Gap,DKL Multi-Fidelity,48,19.25,1.4
Matbench-Gap,DKL Multi-Fidelity,48,19.3,1.4
Matbench-Gap,DKL Multi-Fidelity,48,19.35,1.4
Matbench-Gap,DKL Multi-Fidelity,48,19.4,1.4
Matbench-Gap,DKL Multi-Fidelity,48,19.45,1.4
Matbench-Gap,DKL Multi-Fidelity,48,19.5,1.4
Matbench-Gap,DKL Multi-Fidelity,48,19.55,1.4
Matbench-Gap,DKL Multi-Fidelity,48,19.6,1.4
Matbench-Gap,DKL Multi-Fidelity,48,19.65,1.4
Matbench-Gap,DKL Multi-Fidelity,48,19.7,1.4
Matbench-Gap,DKL Multi-Fidelity,48,19.75,1.4
Matbench-Gap,DKL Multi-Fidelity,48,19.8,1.4
Matbench-Gap,DKL Multi-Fidelity,48,19.85,1.4
Matbench-Gap,DKL Multi-Fidelity,48,19.9,1.4
Matbench-Gap,DKL Multi-Fidelity,48,19.95,1.4
Matbench-Gap,DKL Multi-Fidelity,49,3.0,0.7800000000000002
Matbench-Gap,DKL Multi-Fidelity,49,3.05,0.7800000000000002
Matbench-Gap,DKL Multi-Fidelity,49,3.1,0.7800000000000002
Matbench-Gap,DKL Multi-Fidelity,49,3.15,0.7800000000000002
Matbench-Gap,DKL Multi-Fidelity,49,3.2,0.7800000000000002
Matbench-Gap,DKL Multi-Fidelity,49,3.25,0.7800000000000002
Matbench-Gap,DKL Multi-Fidelity,49,3.3,0.7800000000000002
Matbench-Gap,DKL Multi-Fidelity,49,3.35,0.7800000000000002
Matbench-Gap,DKL Multi-Fidelity,49,3.4,0.7800000000000002
Matbench-Gap,DKL Multi-Fidelity,49,3.45,0.7800000000000002
Matbench-Gap,DKL Multi-Fidelity,49,3.5,0.7800000000000002
Matbench-Gap,DKL Multi-Fidelity,49,3.55,0.7800000000000002
Matbench-Gap,DKL Multi-Fidelity,49,3.6,0.7800000000000002
Matbench-Gap,DKL Multi-Fidelity,49,3.65,0.7800000000000002
Matbench-Gap,DKL Multi-Fidelity,49,3.7,0.7800000000000002
Matbench-Gap,DKL Multi-Fidelity,49,3.75,0.7800000000000002
Matbench-Gap,DKL Multi-Fidelity,49,3.8,0.7800000000000002
Matbench-Gap,DKL Multi-Fidelity,49,3.85,0.7800000000000002
Matbench-Gap,DKL Multi-Fidelity,49,3.9,0.7800000000000002
Matbench-Gap,DKL Multi-Fidelity,49,3.95,0.7800000000000002
Matbench-Gap,DKL Multi-Fidelity,49,4.0,0.7800000000000002
Matbench-Gap,DKL Multi-Fidelity,49,5.0,0.7800000000000002
Matbench-Gap,DKL Multi-Fidelity,49,5.05,0.7800000000000002
Matbench-Gap,DKL Multi-Fidelity,49,5.1,0.7800000000000002
Matbench-Gap,DKL Multi-Fidelity,49,5.15,0.7800000000000002
Matbench-Gap,DKL Multi-Fidelity,49,5.2,0.7800000000000002
Matbench-Gap,DKL Multi-Fidelity,49,5.25,0.7800000000000002
Matbench-Gap,DKL Multi-Fidelity,49,5.3,0.7800000000000002
Matbench-Gap,DKL Multi-Fidelity,49,5.35,0.7800000000000002
Matbench-Gap,DKL Multi-Fidelity,49,5.4,0.7800000000000002
Matbench-Gap,DKL Multi-Fidelity,49,5.45,0.7800000000000002
Matbench-Gap,DKL Multi-Fidelity,49,5.5,0.7800000000000002
Matbench-Gap,DKL Multi-Fidelity,49,5.55,0.7800000000000002
Matbench-Gap,DKL Multi-Fidelity,49,5.6,0.7800000000000002
Matbench-Gap,DKL Multi-Fidelity,49,5.65,0.7800000000000002
Matbench-Gap,DKL Multi-Fidelity,49,5.7,0.7800000000000002
Matbench-Gap,DKL Multi-Fidelity,49,5.75,0.7800000000000002
Matbench-Gap,DKL Multi-Fidelity,49,5.8,0.7800000000000002
Matbench-Gap,DKL Multi-Fidelity,49,5.85,0.7800000000000002
Matbench-Gap,DKL Multi-Fidelity,49,5.9,0.7800000000000002
Matbench-Gap,DKL Multi-Fidelity,49,5.95,0.7800000000000002
Matbench-Gap,DKL Multi-Fidelity,49,6.0,0.7800000000000002
Matbench-Gap,DKL Multi-Fidelity,49,7.0,0.7800000000000002
Matbench-Gap,DKL Multi-Fidelity,49,7.05,0.7800000000000002
Matbench-Gap,DKL Multi-Fidelity,49,7.1,0.7800000000000002
Matbench-Gap,DKL Multi-Fidelity,49,7.15,0.7800000000000002
Matbench-Gap,DKL Multi-Fidelity,49,7.2,0.7800000000000002
Matbench-Gap,DKL Multi-Fidelity,49,7.25,0.7800000000000002
Matbench-Gap,DKL Multi-Fidelity,49,7.3,0.7800000000000002
Matbench-Gap,DKL Multi-Fidelity,49,7.35,0.7800000000000002
Matbench-Gap,DKL Multi-Fidelity,49,7.4,0.7800000000000002
Matbench-Gap,DKL Multi-Fidelity,49,7.45,0.7800000000000002
Matbench-Gap,DKL Multi-Fidelity,49,7.5,0.7800000000000002
Matbench-Gap,DKL Multi-Fidelity,49,7.55,0.7800000000000002
Matbench-Gap,DKL Multi-Fidelity,49,7.6,0.7800000000000002
Matbench-Gap,DKL Multi-Fidelity,49,7.65,0.7800000000000002
Matbench-Gap,DKL Multi-Fidelity,49,7.7,0.7800000000000002
Matbench-Gap,DKL Multi-Fidelity,49,7.75,0.7800000000000002
Matbench-Gap,DKL Multi-Fidelity,49,7.8,0.7800000000000002
Matbench-Gap,DKL Multi-Fidelity,49,7.85,0.7800000000000002
Matbench-Gap,DKL Multi-Fidelity,49,7.9,0.7800000000000002
Matbench-Gap,DKL Multi-Fidelity,49,7.95,0.7800000000000002
Matbench-Gap,DKL Multi-Fidelity,49,8.0,0.7800000000000002
Matbench-Gap,DKL Multi-Fidelity,49,9.0,0.7800000000000002
Matbench-Gap,DKL Multi-Fidelity,49,9.05,0.7800000000000002
Matbench-Gap,DKL Multi-Fidelity,49,9.1,0.7800000000000002
Matbench-Gap,DKL Multi-Fidelity,49,9.15,0.7800000000000002
Matbench-Gap,DKL Multi-Fidelity,49,9.2,0.7800000000000002
Matbench-Gap,DKL Multi-Fidelity,49,9.25,0.7800000000000002
Matbench-Gap,DKL Multi-Fidelity,49,9.3,0.7800000000000002
Matbench-Gap,DKL Multi-Fidelity,49,9.35,0.7800000000000002
Matbench-Gap,DKL Multi-Fidelity,49,9.4,0.7800000000000002
Matbench-Gap,DKL Multi-Fidelity,49,9.45,0.7800000000000002
Matbench-Gap,DKL Multi-Fidelity,49,9.5,0.7800000000000002
Matbench-Gap,DKL Multi-Fidelity,49,9.55,0.7800000000000002
Matbench-Gap,DKL Multi-Fidelity,49,9.6,0.7800000000000002
Matbench-Gap,DKL Multi-Fidelity,49,9.65,0.7800000000000002
Matbench-Gap,DKL Multi-Fidelity,49,9.7,0.7800000000000002
Matbench-Gap,DKL Multi-Fidelity,49,9.75,0.7800000000000002
Matbench-Gap,DKL Multi-Fidelity,49,9.8,0.7800000000000002
Matbench-Gap,DKL Multi-Fidelity,49,9.85,0.7800000000000002
Matbench-Gap,DKL Multi-Fidelity,49,9.9,0.7800000000000002
Matbench-Gap,DKL Multi-Fidelity,49,9.95,0.7800000000000002
Matbench-Gap,DKL Multi-Fidelity,49,10.0,0.7800000000000002
Matbench-Gap,DKL Multi-Fidelity,49,11.0,0.7800000000000002
Matbench-Gap,DKL Multi-Fidelity,49,11.05,0.7800000000000002
Matbench-Gap,DKL Multi-Fidelity,49,11.1,0.7800000000000002
Matbench-Gap,DKL Multi-Fidelity,49,11.15,0.7800000000000002
Matbench-Gap,DKL Multi-Fidelity,49,11.2,0.7800000000000002
Matbench-Gap,DKL Multi-Fidelity,49,11.25,0.7800000000000002
Matbench-Gap,DKL Multi-Fidelity,49,11.3,0.7800000000000002
Matbench-Gap,DKL Multi-Fidelity,49,11.35,0.7800000000000002
Matbench-Gap,DKL Multi-Fidelity,49,11.4,0.7800000000000002
Matbench-Gap,DKL Multi-Fidelity,49,11.45,0.7800000000000002
Matbench-Gap,DKL Multi-Fidelity,49,11.5,0.7800000000000002
Matbench-Gap,DKL Multi-Fidelity,49,11.55,0.7800000000000002
Matbench-Gap,DKL Multi-Fidelity,49,11.6,0.7800000000000002
Matbench-Gap,DKL Multi-Fidelity,49,11.65,0.7800000000000002
Matbench-Gap,DKL Multi-Fidelity,49,11.7,0.7800000000000002
Matbench-Gap,DKL Multi-Fidelity,49,11.75,0.7800000000000002
Matbench-Gap,DKL Multi-Fidelity,49,11.8,0.7800000000000002
Matbench-Gap,DKL Multi-Fidelity,49,11.85,0.7800000000000002
Matbench-Gap,DKL Multi-Fidelity,49,11.9,0.7800000000000002
Matbench-Gap,DKL Multi-Fidelity,49,11.95,0.7800000000000002
Matbench-Gap,DKL Multi-Fidelity,49,12.0,0.7800000000000002
Matbench-Gap,DKL Multi-Fidelity,49,13.0,0.7800000000000002
Matbench-Gap,DKL Multi-Fidelity,49,13.05,0.7800000000000002
Matbench-Gap,DKL Multi-Fidelity,49,13.1,0.7800000000000002
Matbench-Gap,DKL Multi-Fidelity,49,13.15,0.7800000000000002
Matbench-Gap,DKL Multi-Fidelity,49,13.2,0.7800000000000002
Matbench-Gap,DKL Multi-Fidelity,49,13.25,0.7800000000000002
Matbench-Gap,DKL Multi-Fidelity,49,13.3,0.7800000000000002
Matbench-Gap,DKL Multi-Fidelity,49,13.35,0.7800000000000002
Matbench-Gap,DKL Multi-Fidelity,49,13.4,0.7800000000000002
Matbench-Gap,DKL Multi-Fidelity,49,13.45,0.7800000000000002
Matbench-Gap,DKL Multi-Fidelity,49,13.5,0.7800000000000002
Matbench-Gap,DKL Multi-Fidelity,49,13.55,0.7800000000000002
Matbench-Gap,DKL Multi-Fidelity,49,13.6,0.7800000000000002
Matbench-Gap,DKL Multi-Fidelity,49,13.65,0.7800000000000002
Matbench-Gap,DKL Multi-Fidelity,49,13.7,0.7800000000000002
Matbench-Gap,DKL Multi-Fidelity,49,13.75,0.7800000000000002
Matbench-Gap,DKL Multi-Fidelity,49,13.8,0.7800000000000002
Matbench-Gap,DKL Multi-Fidelity,49,13.85,0.7800000000000002
Matbench-Gap,DKL Multi-Fidelity,49,13.9,0.7800000000000002
Matbench-Gap,DKL Multi-Fidelity,49,13.95,0.7800000000000002
Matbench-Gap,DKL Multi-Fidelity,49,14.0,0.7800000000000002
Matbench-Gap,DKL Multi-Fidelity,49,15.0,0.7800000000000002
Matbench-Gap,DKL Multi-Fidelity,49,15.05,0.7800000000000002
Matbench-Gap,DKL Multi-Fidelity,49,15.1,0.7800000000000002
Matbench-Gap,DKL Multi-Fidelity,49,15.15,0.7800000000000002
Matbench-Gap,DKL Multi-Fidelity,49,15.2,0.7800000000000002
Matbench-Gap,DKL Multi-Fidelity,49,15.25,0.7800000000000002
Matbench-Gap,DKL Multi-Fidelity,49,15.3,0.7800000000000002
Matbench-Gap,DKL Multi-Fidelity,49,15.35,0.7800000000000002
Matbench-Gap,DKL Multi-Fidelity,49,15.4,0.7800000000000002
Matbench-Gap,DKL Multi-Fidelity,49,15.45,0.7800000000000002
Matbench-Gap,DKL Multi-Fidelity,49,15.5,0.7800000000000002
Matbench-Gap,DKL Multi-Fidelity,49,15.55,0.7800000000000002
Matbench-Gap,DKL Multi-Fidelity,49,15.6,0.7800000000000002
Matbench-Gap,DKL Multi-Fidelity,49,15.65,0.7800000000000002
Matbench-Gap,DKL Multi-Fidelity,49,15.7,0.7800000000000002
Matbench-Gap,DKL Multi-Fidelity,49,15.75,0.7800000000000002
Matbench-Gap,DKL Multi-Fidelity,49,15.8,0.7800000000000002
Matbench-Gap,DKL Multi-Fidelity,49,15.85,0.7800000000000002
Matbench-Gap,DKL Multi-Fidelity,49,15.9,0.7800000000000002
Matbench-Gap,DKL Multi-Fidelity,49,15.95,0.7800000000000002
Matbench-Gap,DKL Multi-Fidelity,49,16.0,0.7800000000000002
Matbench-Gap,DKL Multi-Fidelity,49,17.0,0.7800000000000002
Matbench-Gap,DKL Multi-Fidelity,49,17.05,0.7800000000000002
Matbench-Gap,DKL Multi-Fidelity,49,17.1,0.7800000000000002
Matbench-Gap,DKL Multi-Fidelity,49,17.15,0.7800000000000002
Matbench-Gap,DKL Multi-Fidelity,49,17.2,0.7800000000000002
Matbench-Gap,DKL Multi-Fidelity,49,17.25,0.7800000000000002
Matbench-Gap,DKL Multi-Fidelity,49,17.3,0.7800000000000002
Matbench-Gap,DKL Multi-Fidelity,49,17.35,0.7800000000000002
Matbench-Gap,DKL Multi-Fidelity,49,17.4,0.7800000000000002
Matbench-Gap,DKL Multi-Fidelity,49,17.45,0.7800000000000002
Matbench-Gap,DKL Multi-Fidelity,49,17.5,0.7800000000000002
Matbench-Gap,DKL Multi-Fidelity,49,17.55,0.7800000000000002
Matbench-Gap,DKL Multi-Fidelity,49,17.6,0.7800000000000002
Matbench-Gap,DKL Multi-Fidelity,49,17.65,0.7800000000000002
Matbench-Gap,DKL Multi-Fidelity,49,17.7,0.7800000000000002
Matbench-Gap,DKL Multi-Fidelity,49,17.75,0.7800000000000002
Matbench-Gap,DKL Multi-Fidelity,49,17.8,0.7800000000000002
Matbench-Gap,DKL Multi-Fidelity,49,17.85,0.7800000000000002
Matbench-Gap,DKL Multi-Fidelity,49,17.9,0.7800000000000002
Matbench-Gap,DKL Multi-Fidelity,49,17.95,0.7800000000000002
Matbench-Gap,DKL Multi-Fidelity,49,18.0,0.7800000000000002
Matbench-Gap,DKL Multi-Fidelity,49,19.0,0.7800000000000002
Matbench-Gap,DKL Multi-Fidelity,49,19.05,0.7800000000000002
Matbench-Gap,DKL Multi-Fidelity,49,19.1,0.7800000000000002
Matbench-Gap,DKL Multi-Fidelity,49,19.15,0.7800000000000002
Matbench-Gap,DKL Multi-Fidelity,49,19.2,0.7800000000000002
Matbench-Gap,DKL Multi-Fidelity,49,19.25,0.7800000000000002
Matbench-Gap,DKL Multi-Fidelity,49,19.3,0.7800000000000002
Matbench-Gap,DKL Multi-Fidelity,49,19.35,0.7800000000000002
Matbench-Gap,DKL Multi-Fidelity,49,19.4,0.7800000000000002
Matbench-Gap,DKL Multi-Fidelity,49,19.45,0.7800000000000002
Matbench-Gap,DKL Multi-Fidelity,49,19.5,0.7800000000000002
Matbench-Gap,DKL Multi-Fidelity,49,19.55,0.7800000000000002
Matbench-Gap,DKL Multi-Fidelity,49,19.6,0.7800000000000002
Matbench-Gap,DKL Multi-Fidelity,49,19.65,0.7800000000000002
Matbench-Gap,DKL Multi-Fidelity,49,19.7,0.7800000000000002
Matbench-Gap,DKL Multi-Fidelity,49,19.75,0.7800000000000002
Matbench-Gap,DKL Multi-Fidelity,49,19.8,0.7800000000000002
Matbench-Gap,DKL Multi-Fidelity,49,19.85,0.7800000000000002
Matbench-Gap,DKL Multi-Fidelity,49,19.9,0.7800000000000002
Matbench-Gap,DKL Multi-Fidelity,49,19.95,0.7800000000000002
Matbench-Gap,DKL Multi-Fidelity,50,3.0,1.4
Matbench-Gap,DKL Multi-Fidelity,50,3.05,1.4
Matbench-Gap,DKL Multi-Fidelity,50,3.1,1.4
Matbench-Gap,DKL Multi-Fidelity,50,3.15,1.4
Matbench-Gap,DKL Multi-Fidelity,50,3.2,1.4
Matbench-Gap,DKL Multi-Fidelity,50,3.25,1.4
Matbench-Gap,DKL Multi-Fidelity,50,3.3,1.4
Matbench-Gap,DKL Multi-Fidelity,50,3.35,1.4
Matbench-Gap,DKL Multi-Fidelity,50,3.4,1.4
Matbench-Gap,DKL Multi-Fidelity,50,3.45,1.4
Matbench-Gap,DKL Multi-Fidelity,50,3.5,1.4
Matbench-Gap,DKL Multi-Fidelity,50,3.55,1.4
Matbench-Gap,DKL Multi-Fidelity,50,3.6,1.4
Matbench-Gap,DKL Multi-Fidelity,50,3.65,1.4
Matbench-Gap,DKL Multi-Fidelity,50,3.7,1.4
Matbench-Gap,DKL Multi-Fidelity,50,3.75,1.4
Matbench-Gap,DKL Multi-Fidelity,50,3.8,1.4
Matbench-Gap,DKL Multi-Fidelity,50,3.85,1.4
Matbench-Gap,DKL Multi-Fidelity,50,3.9,1.4
Matbench-Gap,DKL Multi-Fidelity,50,3.95,1.4
Matbench-Gap,DKL Multi-Fidelity,50,4.0,1.4
Matbench-Gap,DKL Multi-Fidelity,50,5.0,1.4
Matbench-Gap,DKL Multi-Fidelity,50,5.05,1.4
Matbench-Gap,DKL Multi-Fidelity,50,5.1,1.4
Matbench-Gap,DKL Multi-Fidelity,50,5.15,1.4
Matbench-Gap,DKL Multi-Fidelity,50,5.2,1.4
Matbench-Gap,DKL Multi-Fidelity,50,5.25,1.4
Matbench-Gap,DKL Multi-Fidelity,50,5.3,1.4
Matbench-Gap,DKL Multi-Fidelity,50,5.35,1.4
Matbench-Gap,DKL Multi-Fidelity,50,5.4,1.4
Matbench-Gap,DKL Multi-Fidelity,50,5.45,1.4
Matbench-Gap,DKL Multi-Fidelity,50,5.5,1.4
Matbench-Gap,DKL Multi-Fidelity,50,5.55,1.4
Matbench-Gap,DKL Multi-Fidelity,50,5.6,1.4
Matbench-Gap,DKL Multi-Fidelity,50,5.65,1.4
Matbench-Gap,DKL Multi-Fidelity,50,5.7,1.4
Matbench-Gap,DKL Multi-Fidelity,50,5.75,1.4
Matbench-Gap,DKL Multi-Fidelity,50,5.8,1.4
Matbench-Gap,DKL Multi-Fidelity,50,5.85,1.4
Matbench-Gap,DKL Multi-Fidelity,50,5.9,1.4
Matbench-Gap,DKL Multi-Fidelity,50,5.95,1.4
Matbench-Gap,DKL Multi-Fidelity,50,6.0,1.4
Matbench-Gap,DKL Multi-Fidelity,50,7.0,1.4
Matbench-Gap,DKL Multi-Fidelity,50,7.05,1.4
Matbench-Gap,DKL Multi-Fidelity,50,7.1,1.4
Matbench-Gap,DKL Multi-Fidelity,50,7.15,1.4
Matbench-Gap,DKL Multi-Fidelity,50,7.2,1.4
Matbench-Gap,DKL Multi-Fidelity,50,7.25,1.4
Matbench-Gap,DKL Multi-Fidelity,50,7.3,1.4
Matbench-Gap,DKL Multi-Fidelity,50,7.35,1.4
Matbench-Gap,DKL Multi-Fidelity,50,7.4,1.4
Matbench-Gap,DKL Multi-Fidelity,50,7.45,1.4
Matbench-Gap,DKL Multi-Fidelity,50,7.5,1.4
Matbench-Gap,DKL Multi-Fidelity,50,7.55,1.4
Matbench-Gap,DKL Multi-Fidelity,50,7.6,1.4
Matbench-Gap,DKL Multi-Fidelity,50,7.65,1.4
Matbench-Gap,DKL Multi-Fidelity,50,7.7,1.4
Matbench-Gap,DKL Multi-Fidelity,50,7.75,1.4
Matbench-Gap,DKL Multi-Fidelity,50,7.8,1.4
Matbench-Gap,DKL Multi-Fidelity,50,7.85,1.4
Matbench-Gap,DKL Multi-Fidelity,50,7.9,1.4
Matbench-Gap,DKL Multi-Fidelity,50,7.95,1.4
Matbench-Gap,DKL Multi-Fidelity,50,8.0,1.4
Matbench-Gap,DKL Multi-Fidelity,50,9.0,1.4
Matbench-Gap,DKL Multi-Fidelity,50,9.05,1.4
Matbench-Gap,DKL Multi-Fidelity,50,9.1,1.4
Matbench-Gap,DKL Multi-Fidelity,50,9.15,1.4
Matbench-Gap,DKL Multi-Fidelity,50,9.2,1.4
Matbench-Gap,DKL Multi-Fidelity,50,9.25,1.4
Matbench-Gap,DKL Multi-Fidelity,50,9.3,1.4
Matbench-Gap,DKL Multi-Fidelity,50,9.35,1.4
Matbench-Gap,DKL Multi-Fidelity,50,9.4,1.4
Matbench-Gap,DKL Multi-Fidelity,50,9.45,1.4
Matbench-Gap,DKL Multi-Fidelity,50,9.5,1.4
Matbench-Gap,DKL Multi-Fidelity,50,9.55,1.4
Matbench-Gap,DKL Multi-Fidelity,50,9.6,1.4
Matbench-Gap,DKL Multi-Fidelity,50,9.65,1.4
Matbench-Gap,DKL Multi-Fidelity,50,9.7,1.4
Matbench-Gap,DKL Multi-Fidelity,50,9.75,1.4
Matbench-Gap,DKL Multi-Fidelity,50,9.8,1.4
Matbench-Gap,DKL Multi-Fidelity,50,9.85,1.4
Matbench-Gap,DKL Multi-Fidelity,50,9.9,1.4
Matbench-Gap,DKL Multi-Fidelity,50,9.95,1.4
Matbench-Gap,DKL Multi-Fidelity,50,10.0,1.4
Matbench-Gap,DKL Multi-Fidelity,50,11.0,1.4
Matbench-Gap,DKL Multi-Fidelity,50,11.05,1.4
Matbench-Gap,DKL Multi-Fidelity,50,11.1,1.4
Matbench-Gap,DKL Multi-Fidelity,50,11.15,1.4
Matbench-Gap,DKL Multi-Fidelity,50,11.2,1.4
Matbench-Gap,DKL Multi-Fidelity,50,11.25,1.4
Matbench-Gap,DKL Multi-Fidelity,50,11.3,1.4
Matbench-Gap,DKL Multi-Fidelity,50,11.35,1.4
Matbench-Gap,DKL Multi-Fidelity,50,11.4,1.4
Matbench-Gap,DKL Multi-Fidelity,50,11.45,1.4
Matbench-Gap,DKL Multi-Fidelity,50,11.5,1.4
Matbench-Gap,DKL Multi-Fidelity,50,11.55,1.4
Matbench-Gap,DKL Multi-Fidelity,50,11.6,1.4
Matbench-Gap,DKL Multi-Fidelity,50,11.65,1.4
Matbench-Gap,DKL Multi-Fidelity,50,11.7,1.4
Matbench-Gap,DKL Multi-Fidelity,50,11.75,1.4
Matbench-Gap,DKL Multi-Fidelity,50,11.8,1.4
Matbench-Gap,DKL Multi-Fidelity,50,11.85,1.4
Matbench-Gap,DKL Multi-Fidelity,50,11.9,1.4
Matbench-Gap,DKL Multi-Fidelity,50,11.95,1.4
Matbench-Gap,DKL Multi-Fidelity,50,12.0,1.4
Matbench-Gap,DKL Multi-Fidelity,50,13.0,1.4
Matbench-Gap,DKL Multi-Fidelity,50,13.05,1.4
Matbench-Gap,DKL Multi-Fidelity,50,13.1,1.4
Matbench-Gap,DKL Multi-Fidelity,50,13.15,1.4
Matbench-Gap,DKL Multi-Fidelity,50,13.2,1.4
Matbench-Gap,DKL Multi-Fidelity,50,13.25,1.4
Matbench-Gap,DKL Multi-Fidelity,50,13.3,1.4
Matbench-Gap,DKL Multi-Fidelity,50,13.35,1.4
Matbench-Gap,DKL Multi-Fidelity,50,13.4,1.4
Matbench-Gap,DKL Multi-Fidelity,50,13.45,1.4
Matbench-Gap,DKL Multi-Fidelity,50,13.5,1.4
Matbench-Gap,DKL Multi-Fidelity,50,13.55,1.4
Matbench-Gap,DKL Multi-Fidelity,50,13.6,1.4
Matbench-Gap,DKL Multi-Fidelity,50,13.65,1.4
Matbench-Gap,DKL Multi-Fidelity,50,13.7,1.4
Matbench-Gap,DKL Multi-Fidelity,50,13.75,1.4
Matbench-Gap,DKL Multi-Fidelity,50,13.8,1.4
Matbench-Gap,DKL Multi-Fidelity,50,13.85,1.4
Matbench-Gap,DKL Multi-Fidelity,50,13.9,1.4
Matbench-Gap,DKL Multi-Fidelity,50,13.95,1.4
Matbench-Gap,DKL Multi-Fidelity,50,14.0,1.4
Matbench-Gap,DKL Multi-Fidelity,50,15.0,1.4
Matbench-Gap,DKL Multi-Fidelity,50,15.05,1.4
Matbench-Gap,DKL Multi-Fidelity,50,15.1,1.4
Matbench-Gap,DKL Multi-Fidelity,50,15.15,1.4
Matbench-Gap,DKL Multi-Fidelity,50,15.2,1.4
Matbench-Gap,DKL Multi-Fidelity,50,15.25,1.4
Matbench-Gap,DKL Multi-Fidelity,50,15.3,1.4
Matbench-Gap,DKL Multi-Fidelity,50,15.35,1.4
Matbench-Gap,DKL Multi-Fidelity,50,15.4,1.4
Matbench-Gap,DKL Multi-Fidelity,50,15.45,1.4
Matbench-Gap,DKL Multi-Fidelity,50,15.5,1.4
Matbench-Gap,DKL Multi-Fidelity,50,15.55,1.4
Matbench-Gap,DKL Multi-Fidelity,50,15.6,1.4
Matbench-Gap,DKL Multi-Fidelity,50,15.65,1.4
Matbench-Gap,DKL Multi-Fidelity,50,15.7,1.4
Matbench-Gap,DKL Multi-Fidelity,50,15.75,1.4
Matbench-Gap,DKL Multi-Fidelity,50,15.8,1.4
Matbench-Gap,DKL Multi-Fidelity,50,15.85,1.4
Matbench-Gap,DKL Multi-Fidelity,50,15.9,1.4
Matbench-Gap,DKL Multi-Fidelity,50,15.95,1.4
Matbench-Gap,DKL Multi-Fidelity,50,16.0,1.4
Matbench-Gap,DKL Multi-Fidelity,50,17.0,1.4
Matbench-Gap,DKL Multi-Fidelity,50,17.05,1.4
Matbench-Gap,DKL Multi-Fidelity,50,17.1,1.4
Matbench-Gap,DKL Multi-Fidelity,50,17.15,1.4
Matbench-Gap,DKL Multi-Fidelity,50,17.2,1.4
Matbench-Gap,DKL Multi-Fidelity,50,17.25,1.4
Matbench-Gap,DKL Multi-Fidelity,50,17.3,1.4
Matbench-Gap,DKL Multi-Fidelity,50,17.35,1.4
Matbench-Gap,DKL Multi-Fidelity,50,17.4,1.4
Matbench-Gap,DKL Multi-Fidelity,50,17.45,1.4
Matbench-Gap,DKL Multi-Fidelity,50,17.5,1.4
Matbench-Gap,DKL Multi-Fidelity,50,17.55,1.4
Matbench-Gap,DKL Multi-Fidelity,50,17.6,1.4
Matbench-Gap,DKL Multi-Fidelity,50,17.65,1.4
Matbench-Gap,DKL Multi-Fidelity,50,17.7,1.4
Matbench-Gap,DKL Multi-Fidelity,50,17.75,1.4
Matbench-Gap,DKL Multi-Fidelity,50,17.8,1.4
Matbench-Gap,DKL Multi-Fidelity,50,17.85,1.4
Matbench-Gap,DKL Multi-Fidelity,50,17.9,1.4
Matbench-Gap,DKL Multi-Fidelity,50,17.95,1.4
Matbench-Gap,DKL Multi-Fidelity,50,18.0,1.4
Matbench-Gap,DKL Multi-Fidelity,50,19.0,1.4
Matbench-Gap,DKL Multi-Fidelity,50,19.05,1.4
Matbench-Gap,DKL Multi-Fidelity,50,19.1,1.4
Matbench-Gap,DKL Multi-Fidelity,50,19.15,1.4
Matbench-Gap,DKL Multi-Fidelity,50,19.2,1.4
Matbench-Gap,DKL Multi-Fidelity,50,19.25,1.4
Matbench-Gap,DKL Multi-Fidelity,50,19.3,1.4
Matbench-Gap,DKL Multi-Fidelity,50,19.35,1.4
Matbench-Gap,DKL Multi-Fidelity,50,19.4,1.4
Matbench-Gap,DKL Multi-Fidelity,50,19.45,1.4
Matbench-Gap,DKL Multi-Fidelity,50,19.5,1.4
Matbench-Gap,DKL Multi-Fidelity,50,19.55,1.4
Matbench-Gap,DKL Multi-Fidelity,50,19.6,1.4
Matbench-Gap,DKL Multi-Fidelity,50,19.65,1.4
Matbench-Gap,DKL Multi-Fidelity,50,19.7,1.4
Matbench-Gap,DKL Multi-Fidelity,50,19.75,1.4
Matbench-Gap,DKL Multi-Fidelity,50,19.8,1.4
Matbench-Gap,DKL Multi-Fidelity,50,19.85,1.4
Matbench-Gap,DKL Multi-Fidelity,50,19.9,1.4
Matbench-Gap,DKL Multi-Fidelity,50,19.95,1.4
Matbench-Gap,DKL Multi-Fidelity,51,3.0,0.8999999999999999
Matbench-Gap,DKL Multi-Fidelity,51,3.05,0.8999999999999999
Matbench-Gap,DKL Multi-Fidelity,51,3.1,0.8999999999999999
Matbench-Gap,DKL Multi-Fidelity,51,3.15,0.8999999999999999
Matbench-Gap,DKL Multi-Fidelity,51,3.2,0.8999999999999999
Matbench-Gap,DKL Multi-Fidelity,51,3.25,0.8999999999999999
Matbench-Gap,DKL Multi-Fidelity,51,3.3,0.8999999999999999
Matbench-Gap,DKL Multi-Fidelity,51,3.35,0.8999999999999999
Matbench-Gap,DKL Multi-Fidelity,51,3.4,0.8999999999999999
Matbench-Gap,DKL Multi-Fidelity,51,3.45,0.8999999999999999
Matbench-Gap,DKL Multi-Fidelity,51,3.5,0.8999999999999999
Matbench-Gap,DKL Multi-Fidelity,51,3.55,0.8999999999999999
Matbench-Gap,DKL Multi-Fidelity,51,3.6,0.8999999999999999
Matbench-Gap,DKL Multi-Fidelity,51,3.65,0.8999999999999999
Matbench-Gap,DKL Multi-Fidelity,51,3.7,0.8999999999999999
Matbench-Gap,DKL Multi-Fidelity,51,3.75,0.8999999999999999
Matbench-Gap,DKL Multi-Fidelity,51,3.8,0.8999999999999999
Matbench-Gap,DKL Multi-Fidelity,51,3.85,0.8999999999999999
Matbench-Gap,DKL Multi-Fidelity,51,3.9,0.8999999999999999
Matbench-Gap,DKL Multi-Fidelity,51,3.95,0.8999999999999999
Matbench-Gap,DKL Multi-Fidelity,51,4.0,0.8999999999999999
Matbench-Gap,DKL Multi-Fidelity,51,5.0,0.8999999999999999
Matbench-Gap,DKL Multi-Fidelity,51,5.05,0.8999999999999999
Matbench-Gap,DKL Multi-Fidelity,51,5.1,0.8999999999999999
Matbench-Gap,DKL Multi-Fidelity,51,5.15,0.8999999999999999
Matbench-Gap,DKL Multi-Fidelity,51,5.2,0.8999999999999999
Matbench-Gap,DKL Multi-Fidelity,51,5.25,0.8999999999999999
Matbench-Gap,DKL Multi-Fidelity,51,5.3,0.8999999999999999
Matbench-Gap,DKL Multi-Fidelity,51,5.35,0.8999999999999999
Matbench-Gap,DKL Multi-Fidelity,51,5.4,0.8999999999999999
Matbench-Gap,DKL Multi-Fidelity,51,5.45,0.8999999999999999
Matbench-Gap,DKL Multi-Fidelity,51,5.5,0.8999999999999999
Matbench-Gap,DKL Multi-Fidelity,51,5.55,0.8999999999999999
Matbench-Gap,DKL Multi-Fidelity,51,5.6,0.8999999999999999
Matbench-Gap,DKL Multi-Fidelity,51,5.65,0.8999999999999999
Matbench-Gap,DKL Multi-Fidelity,51,5.7,0.8999999999999999
Matbench-Gap,DKL Multi-Fidelity,51,5.75,0.8999999999999999
Matbench-Gap,DKL Multi-Fidelity,51,5.8,0.8999999999999999
Matbench-Gap,DKL Multi-Fidelity,51,5.85,0.8999999999999999
Matbench-Gap,DKL Multi-Fidelity,51,5.9,0.8999999999999999
Matbench-Gap,DKL Multi-Fidelity,51,5.95,0.8999999999999999
Matbench-Gap,DKL Multi-Fidelity,51,6.0,0.8999999999999999
Matbench-Gap,DKL Multi-Fidelity,51,7.0,0.8999999999999999
Matbench-Gap,DKL Multi-Fidelity,51,7.05,0.8999999999999999
Matbench-Gap,DKL Multi-Fidelity,51,7.1,0.8999999999999999
Matbench-Gap,DKL Multi-Fidelity,51,7.15,0.8999999999999999
Matbench-Gap,DKL Multi-Fidelity,51,7.2,0.8999999999999999
Matbench-Gap,DKL Multi-Fidelity,51,7.25,0.8999999999999999
Matbench-Gap,DKL Multi-Fidelity,51,7.3,0.8999999999999999
Matbench-Gap,DKL Multi-Fidelity,51,7.35,0.8999999999999999
Matbench-Gap,DKL Multi-Fidelity,51,7.4,0.8999999999999999
Matbench-Gap,DKL Multi-Fidelity,51,7.45,0.8999999999999999
Matbench-Gap,DKL Multi-Fidelity,51,7.5,0.8999999999999999
Matbench-Gap,DKL Multi-Fidelity,51,7.55,0.8999999999999999
Matbench-Gap,DKL Multi-Fidelity,51,7.6,0.8999999999999999
Matbench-Gap,DKL Multi-Fidelity,51,7.65,0.8999999999999999
Matbench-Gap,DKL Multi-Fidelity,51,7.7,0.8999999999999999
Matbench-Gap,DKL Multi-Fidelity,51,7.75,0.8999999999999999
Matbench-Gap,DKL Multi-Fidelity,51,7.8,0.8999999999999999
Matbench-Gap,DKL Multi-Fidelity,51,7.85,0.8999999999999999
Matbench-Gap,DKL Multi-Fidelity,51,7.9,0.8999999999999999
Matbench-Gap,DKL Multi-Fidelity,51,7.95,0.8999999999999999
Matbench-Gap,DKL Multi-Fidelity,51,8.0,0.8999999999999999
Matbench-Gap,DKL Multi-Fidelity,51,9.0,0.8999999999999999
Matbench-Gap,DKL Multi-Fidelity,51,9.05,0.8999999999999999
Matbench-Gap,DKL Multi-Fidelity,51,9.1,0.8999999999999999
Matbench-Gap,DKL Multi-Fidelity,51,9.15,0.8999999999999999
Matbench-Gap,DKL Multi-Fidelity,51,9.2,0.8999999999999999
Matbench-Gap,DKL Multi-Fidelity,51,9.25,0.8999999999999999
Matbench-Gap,DKL Multi-Fidelity,51,9.3,0.8999999999999999
Matbench-Gap,DKL Multi-Fidelity,51,9.35,0.8999999999999999
Matbench-Gap,DKL Multi-Fidelity,51,9.4,0.8999999999999999
Matbench-Gap,DKL Multi-Fidelity,51,9.45,0.8999999999999999
Matbench-Gap,DKL Multi-Fidelity,51,9.5,0.8999999999999999
Matbench-Gap,DKL Multi-Fidelity,51,9.55,0.8999999999999999
Matbench-Gap,DKL Multi-Fidelity,51,9.6,0.8999999999999999
Matbench-Gap,DKL Multi-Fidelity,51,9.65,0.8999999999999999
Matbench-Gap,DKL Multi-Fidelity,51,9.7,0.8999999999999999
Matbench-Gap,DKL Multi-Fidelity,51,9.75,0.8999999999999999
Matbench-Gap,DKL Multi-Fidelity,51,9.8,0.8999999999999999
Matbench-Gap,DKL Multi-Fidelity,51,9.85,0.8999999999999999
Matbench-Gap,DKL Multi-Fidelity,51,9.9,0.8999999999999999
Matbench-Gap,DKL Multi-Fidelity,51,9.95,0.8999999999999999
Matbench-Gap,DKL Multi-Fidelity,51,10.0,0.8999999999999999
Matbench-Gap,DKL Multi-Fidelity,51,11.0,0.8999999999999999
Matbench-Gap,DKL Multi-Fidelity,51,11.05,0.8999999999999999
Matbench-Gap,DKL Multi-Fidelity,51,11.1,0.8999999999999999
Matbench-Gap,DKL Multi-Fidelity,51,11.15,0.8999999999999999
Matbench-Gap,DKL Multi-Fidelity,51,11.2,0.8999999999999999
Matbench-Gap,DKL Multi-Fidelity,51,11.25,0.8999999999999999
Matbench-Gap,DKL Multi-Fidelity,51,11.3,0.8999999999999999
Matbench-Gap,DKL Multi-Fidelity,51,11.35,0.8999999999999999
Matbench-Gap,DKL Multi-Fidelity,51,11.4,0.8999999999999999
Matbench-Gap,DKL Multi-Fidelity,51,11.45,0.8999999999999999
Matbench-Gap,DKL Multi-Fidelity,51,11.5,0.8999999999999999
Matbench-Gap,DKL Multi-Fidelity,51,11.55,0.8999999999999999
Matbench-Gap,DKL Multi-Fidelity,51,11.6,0.8999999999999999
Matbench-Gap,DKL Multi-Fidelity,51,11.65,0.8999999999999999
Matbench-Gap,DKL Multi-Fidelity,51,11.7,0.8999999999999999
Matbench-Gap,DKL Multi-Fidelity,51,11.75,0.8999999999999999
Matbench-Gap,DKL Multi-Fidelity,51,11.8,0.8999999999999999
Matbench-Gap,DKL Multi-Fidelity,51,11.85,0.8999999999999999
Matbench-Gap,DKL Multi-Fidelity,51,11.9,0.8999999999999999
Matbench-Gap,DKL Multi-Fidelity,51,11.95,0.8999999999999999
Matbench-Gap,DKL Multi-Fidelity,51,12.0,0.8999999999999999
Matbench-Gap,DKL Multi-Fidelity,51,13.0,0.8999999999999999
Matbench-Gap,DKL Multi-Fidelity,51,13.05,0.8999999999999999
Matbench-Gap,DKL Multi-Fidelity,51,13.1,0.8999999999999999
Matbench-Gap,DKL Multi-Fidelity,51,13.15,0.8999999999999999
Matbench-Gap,DKL Multi-Fidelity,51,13.2,0.8999999999999999
Matbench-Gap,DKL Multi-Fidelity,51,13.25,0.8999999999999999
Matbench-Gap,DKL Multi-Fidelity,51,13.3,0.8999999999999999
Matbench-Gap,DKL Multi-Fidelity,51,13.35,0.8999999999999999
Matbench-Gap,DKL Multi-Fidelity,51,13.4,0.8999999999999999
Matbench-Gap,DKL Multi-Fidelity,51,13.45,0.8999999999999999
Matbench-Gap,DKL Multi-Fidelity,51,13.5,0.8999999999999999
Matbench-Gap,DKL Multi-Fidelity,51,13.55,0.8999999999999999
Matbench-Gap,DKL Multi-Fidelity,51,13.6,0.8999999999999999
Matbench-Gap,DKL Multi-Fidelity,51,13.65,0.8999999999999999
Matbench-Gap,DKL Multi-Fidelity,51,13.7,0.8999999999999999
Matbench-Gap,DKL Multi-Fidelity,51,13.75,0.8999999999999999
Matbench-Gap,DKL Multi-Fidelity,51,13.8,0.8999999999999999
Matbench-Gap,DKL Multi-Fidelity,51,13.85,0.8999999999999999
Matbench-Gap,DKL Multi-Fidelity,51,13.9,0.8999999999999999
Matbench-Gap,DKL Multi-Fidelity,51,13.95,0.8999999999999999
Matbench-Gap,DKL Multi-Fidelity,51,14.0,0.8999999999999999
Matbench-Gap,DKL Multi-Fidelity,51,15.0,0.8999999999999999
Matbench-Gap,DKL Multi-Fidelity,51,15.05,0.8999999999999999
Matbench-Gap,DKL Multi-Fidelity,51,15.1,0.8999999999999999
Matbench-Gap,DKL Multi-Fidelity,51,15.15,0.8999999999999999
Matbench-Gap,DKL Multi-Fidelity,51,15.2,0.8999999999999999
Matbench-Gap,DKL Multi-Fidelity,51,15.25,0.8999999999999999
Matbench-Gap,DKL Multi-Fidelity,51,15.3,0.8999999999999999
Matbench-Gap,DKL Multi-Fidelity,51,15.35,0.8999999999999999
Matbench-Gap,DKL Multi-Fidelity,51,15.4,0.8999999999999999
Matbench-Gap,DKL Multi-Fidelity,51,15.45,0.8999999999999999
Matbench-Gap,DKL Multi-Fidelity,51,15.5,0.8999999999999999
Matbench-Gap,DKL Multi-Fidelity,51,15.55,0.8999999999999999
Matbench-Gap,DKL Multi-Fidelity,51,15.6,0.8999999999999999
Matbench-Gap,DKL Multi-Fidelity,51,15.65,0.8999999999999999
Matbench-Gap,DKL Multi-Fidelity,51,15.7,0.8999999999999999
Matbench-Gap,DKL Multi-Fidelity,51,15.75,0.8999999999999999
Matbench-Gap,DKL Multi-Fidelity,51,15.8,0.8999999999999999
Matbench-Gap,DKL Multi-Fidelity,51,15.85,0.8999999999999999
Matbench-Gap,DKL Multi-Fidelity,51,15.9,0.8999999999999999
Matbench-Gap,DKL Multi-Fidelity,51,15.95,0.8999999999999999
Matbench-Gap,DKL Multi-Fidelity,51,16.0,0.8999999999999999
Matbench-Gap,DKL Multi-Fidelity,51,17.0,0.8999999999999999
Matbench-Gap,DKL Multi-Fidelity,51,17.05,0.8999999999999999
Matbench-Gap,DKL Multi-Fidelity,51,17.1,0.8999999999999999
Matbench-Gap,DKL Multi-Fidelity,51,17.15,0.8999999999999999
Matbench-Gap,DKL Multi-Fidelity,51,17.2,0.8999999999999999
Matbench-Gap,DKL Multi-Fidelity,51,17.25,0.8999999999999999
Matbench-Gap,DKL Multi-Fidelity,51,17.3,0.8999999999999999
Matbench-Gap,DKL Multi-Fidelity,51,17.35,0.8999999999999999
Matbench-Gap,DKL Multi-Fidelity,51,17.4,0.8999999999999999
Matbench-Gap,DKL Multi-Fidelity,51,17.45,0.8999999999999999
Matbench-Gap,DKL Multi-Fidelity,51,17.5,0.8999999999999999
Matbench-Gap,DKL Multi-Fidelity,51,17.55,0.8999999999999999
Matbench-Gap,DKL Multi-Fidelity,51,17.6,0.8999999999999999
Matbench-Gap,DKL Multi-Fidelity,51,17.65,0.8999999999999999
Matbench-Gap,DKL Multi-Fidelity,51,17.7,0.8999999999999999
Matbench-Gap,DKL Multi-Fidelity,51,17.75,0.8999999999999999
Matbench-Gap,DKL Multi-Fidelity,51,17.8,0.8999999999999999
Matbench-Gap,DKL Multi-Fidelity,51,17.85,0.8999999999999999
Matbench-Gap,DKL Multi-Fidelity,51,17.9,0.8999999999999999
Matbench-Gap,DKL Multi-Fidelity,51,17.95,0.8999999999999999
Matbench-Gap,DKL Multi-Fidelity,51,18.0,0.8999999999999999
Matbench-Gap,DKL Multi-Fidelity,51,19.0,0.8999999999999999
Matbench-Gap,DKL Multi-Fidelity,51,19.05,0.8999999999999999
Matbench-Gap,DKL Multi-Fidelity,51,19.1,0.8999999999999999
Matbench-Gap,DKL Multi-Fidelity,51,19.15,0.8999999999999999
Matbench-Gap,DKL Multi-Fidelity,51,19.2,0.8999999999999999
Matbench-Gap,DKL Multi-Fidelity,51,19.25,0.8999999999999999
Matbench-Gap,DKL Multi-Fidelity,51,19.3,0.8999999999999999
Matbench-Gap,DKL Multi-Fidelity,51,19.35,0.8999999999999999
Matbench-Gap,DKL Multi-Fidelity,51,19.4,0.8999999999999999
Matbench-Gap,DKL Multi-Fidelity,51,19.45,0.8999999999999999
Matbench-Gap,DKL Multi-Fidelity,51,19.5,0.8999999999999999
Matbench-Gap,DKL Multi-Fidelity,51,19.55,0.8999999999999999
Matbench-Gap,DKL Multi-Fidelity,51,19.6,0.8999999999999999
Matbench-Gap,DKL Multi-Fidelity,51,19.65,0.8999999999999999
Matbench-Gap,DKL Multi-Fidelity,51,19.7,0.8999999999999999
Matbench-Gap,DKL Multi-Fidelity,51,19.75,0.8999999999999999
Matbench-Gap,DKL Multi-Fidelity,51,19.8,0.8999999999999999
Matbench-Gap,DKL Multi-Fidelity,51,19.85,0.8999999999999999
Matbench-Gap,DKL Multi-Fidelity,51,19.9,0.8999999999999999
Matbench-Gap,DKL Multi-Fidelity,51,19.95,0.8999999999999999
Matbench-Gap,DKL Multi-Fidelity,52,3.0,1.4
Matbench-Gap,DKL Multi-Fidelity,52,3.05,1.4
Matbench-Gap,DKL Multi-Fidelity,52,3.1,1.4
Matbench-Gap,DKL Multi-Fidelity,52,3.15,1.4
Matbench-Gap,DKL Multi-Fidelity,52,3.2,1.4
Matbench-Gap,DKL Multi-Fidelity,52,3.25,1.4
Matbench-Gap,DKL Multi-Fidelity,52,3.3,1.4
Matbench-Gap,DKL Multi-Fidelity,52,3.35,1.4
Matbench-Gap,DKL Multi-Fidelity,52,3.4,1.4
Matbench-Gap,DKL Multi-Fidelity,52,3.45,1.4
Matbench-Gap,DKL Multi-Fidelity,52,3.5,1.4
Matbench-Gap,DKL Multi-Fidelity,52,3.55,1.4
Matbench-Gap,DKL Multi-Fidelity,52,3.6,1.4
Matbench-Gap,DKL Multi-Fidelity,52,3.65,1.4
Matbench-Gap,DKL Multi-Fidelity,52,3.7,1.4
Matbench-Gap,DKL Multi-Fidelity,52,3.75,1.4
Matbench-Gap,DKL Multi-Fidelity,52,3.8,1.4
Matbench-Gap,DKL Multi-Fidelity,52,3.85,1.4
Matbench-Gap,DKL Multi-Fidelity,52,3.9,1.4
Matbench-Gap,DKL Multi-Fidelity,52,3.95,1.4
Matbench-Gap,DKL Multi-Fidelity,52,4.0,1.4
Matbench-Gap,DKL Multi-Fidelity,52,5.0,1.4
Matbench-Gap,DKL Multi-Fidelity,52,5.05,1.4
Matbench-Gap,DKL Multi-Fidelity,52,5.1,1.4
Matbench-Gap,DKL Multi-Fidelity,52,5.15,1.4
Matbench-Gap,DKL Multi-Fidelity,52,5.2,1.4
Matbench-Gap,DKL Multi-Fidelity,52,5.25,1.4
Matbench-Gap,DKL Multi-Fidelity,52,5.3,1.4
Matbench-Gap,DKL Multi-Fidelity,52,5.35,1.4
Matbench-Gap,DKL Multi-Fidelity,52,5.4,1.4
Matbench-Gap,DKL Multi-Fidelity,52,5.45,1.4
Matbench-Gap,DKL Multi-Fidelity,52,5.5,1.4
Matbench-Gap,DKL Multi-Fidelity,52,5.55,1.4
Matbench-Gap,DKL Multi-Fidelity,52,5.6,1.4
Matbench-Gap,DKL Multi-Fidelity,52,5.65,1.4
Matbench-Gap,DKL Multi-Fidelity,52,5.7,1.4
Matbench-Gap,DKL Multi-Fidelity,52,5.75,1.4
Matbench-Gap,DKL Multi-Fidelity,52,5.8,1.4
Matbench-Gap,DKL Multi-Fidelity,52,5.85,1.4
Matbench-Gap,DKL Multi-Fidelity,52,5.9,1.4
Matbench-Gap,DKL Multi-Fidelity,52,5.95,1.4
Matbench-Gap,DKL Multi-Fidelity,52,6.0,1.4
Matbench-Gap,DKL Multi-Fidelity,52,7.0,1.4
Matbench-Gap,DKL Multi-Fidelity,52,7.05,1.4
Matbench-Gap,DKL Multi-Fidelity,52,7.1,1.4
Matbench-Gap,DKL Multi-Fidelity,52,7.15,1.4
Matbench-Gap,DKL Multi-Fidelity,52,7.2,1.4
Matbench-Gap,DKL Multi-Fidelity,52,7.25,1.4
Matbench-Gap,DKL Multi-Fidelity,52,7.3,1.4
Matbench-Gap,DKL Multi-Fidelity,52,7.35,1.4
Matbench-Gap,DKL Multi-Fidelity,52,7.4,1.4
Matbench-Gap,DKL Multi-Fidelity,52,7.45,1.4
Matbench-Gap,DKL Multi-Fidelity,52,7.5,1.4
Matbench-Gap,DKL Multi-Fidelity,52,7.55,1.4
Matbench-Gap,DKL Multi-Fidelity,52,7.6,1.4
Matbench-Gap,DKL Multi-Fidelity,52,7.65,1.4
Matbench-Gap,DKL Multi-Fidelity,52,7.7,1.4
Matbench-Gap,DKL Multi-Fidelity,52,7.75,1.4
Matbench-Gap,DKL Multi-Fidelity,52,7.8,1.4
Matbench-Gap,DKL Multi-Fidelity,52,7.85,1.4
Matbench-Gap,DKL Multi-Fidelity,52,7.9,1.4
Matbench-Gap,DKL Multi-Fidelity,52,7.95,1.4
Matbench-Gap,DKL Multi-Fidelity,52,8.0,1.4
Matbench-Gap,DKL Multi-Fidelity,52,9.0,0.0999999999999998
Matbench-Gap,DKL Multi-Fidelity,52,9.05,0.0999999999999998
Matbench-Gap,DKL Multi-Fidelity,52,9.1,0.0999999999999998
Matbench-Gap,DKL Multi-Fidelity,52,9.15,0.0999999999999998
Matbench-Gap,DKL Multi-Fidelity,52,9.2,0.0999999999999998
Matbench-Gap,DKL Multi-Fidelity,52,9.25,0.0999999999999998
Matbench-Gap,DKL Multi-Fidelity,52,9.3,0.0999999999999998
Matbench-Gap,DKL Multi-Fidelity,52,9.35,0.0999999999999998
Matbench-Gap,DKL Multi-Fidelity,52,9.4,0.0999999999999998
Matbench-Gap,DKL Multi-Fidelity,52,9.45,0.0999999999999998
Matbench-Gap,DKL Multi-Fidelity,52,9.5,0.0999999999999998
Matbench-Gap,DKL Multi-Fidelity,52,9.55,0.0999999999999998
Matbench-Gap,DKL Multi-Fidelity,52,9.6,0.0999999999999998
Matbench-Gap,DKL Multi-Fidelity,52,9.65,0.0999999999999998
Matbench-Gap,DKL Multi-Fidelity,52,9.7,0.0999999999999998
Matbench-Gap,DKL Multi-Fidelity,52,9.75,0.0999999999999998
Matbench-Gap,DKL Multi-Fidelity,52,9.8,0.0999999999999998
Matbench-Gap,DKL Multi-Fidelity,52,9.85,0.0999999999999998
Matbench-Gap,DKL Multi-Fidelity,52,9.9,0.0999999999999998
Matbench-Gap,DKL Multi-Fidelity,52,9.95,0.0999999999999998
Matbench-Gap,DKL Multi-Fidelity,52,10.0,0.0999999999999998
Matbench-Gap,DKL Multi-Fidelity,52,11.0,0.0999999999999998
Matbench-Gap,DKL Multi-Fidelity,52,11.05,0.0999999999999998
Matbench-Gap,DKL Multi-Fidelity,52,11.1,0.0999999999999998
Matbench-Gap,DKL Multi-Fidelity,52,11.15,0.0999999999999998
Matbench-Gap,DKL Multi-Fidelity,52,11.2,0.0999999999999998
Matbench-Gap,DKL Multi-Fidelity,52,11.25,0.0999999999999998
Matbench-Gap,DKL Multi-Fidelity,52,11.3,0.0999999999999998
Matbench-Gap,DKL Multi-Fidelity,52,11.35,0.0999999999999998
Matbench-Gap,DKL Multi-Fidelity,52,11.4,0.0999999999999998
Matbench-Gap,DKL Multi-Fidelity,52,11.45,0.0999999999999998
Matbench-Gap,DKL Multi-Fidelity,52,11.5,0.0999999999999998
Matbench-Gap,DKL Multi-Fidelity,52,11.55,0.0999999999999998
Matbench-Gap,DKL Multi-Fidelity,52,11.6,0.0999999999999998
Matbench-Gap,DKL Multi-Fidelity,52,11.65,0.0999999999999998
Matbench-Gap,DKL Multi-Fidelity,52,11.7,0.0999999999999998
Matbench-Gap,DKL Multi-Fidelity,52,11.75,0.0999999999999998
Matbench-Gap,DKL Multi-Fidelity,52,11.8,0.0999999999999998
Matbench-Gap,DKL Multi-Fidelity,52,11.85,0.0999999999999998
Matbench-Gap,DKL Multi-Fidelity,52,11.9,0.0999999999999998
Matbench-Gap,DKL Multi-Fidelity,52,11.95,0.0999999999999998
Matbench-Gap,DKL Multi-Fidelity,52,12.0,0.0999999999999998
Matbench-Gap,DKL Multi-Fidelity,52,13.0,0.0999999999999998
Matbench-Gap,DKL Multi-Fidelity,52,13.05,0.0999999999999998
Matbench-Gap,DKL Multi-Fidelity,52,13.1,0.0999999999999998
Matbench-Gap,DKL Multi-Fidelity,52,13.15,0.0999999999999998
Matbench-Gap,DKL Multi-Fidelity,52,13.2,0.0999999999999998
Matbench-Gap,DKL Multi-Fidelity,52,13.25,0.0999999999999998
Matbench-Gap,DKL Multi-Fidelity,52,13.3,0.0999999999999998
Matbench-Gap,DKL Multi-Fidelity,52,13.35,0.0999999999999998
Matbench-Gap,DKL Multi-Fidelity,52,13.4,0.0999999999999998
Matbench-Gap,DKL Multi-Fidelity,52,13.45,0.0999999999999998
Matbench-Gap,DKL Multi-Fidelity,52,13.5,0.0999999999999998
Matbench-Gap,DKL Multi-Fidelity,52,13.55,0.0999999999999998
Matbench-Gap,DKL Multi-Fidelity,52,13.6,0.0999999999999998
Matbench-Gap,DKL Multi-Fidelity,52,13.65,0.0999999999999998
Matbench-Gap,DKL Multi-Fidelity,52,13.7,0.0999999999999998
Matbench-Gap,DKL Multi-Fidelity,52,13.75,0.0999999999999998
Matbench-Gap,DKL Multi-Fidelity,52,13.8,0.0999999999999998
Matbench-Gap,DKL Multi-Fidelity,52,13.85,0.0999999999999998
Matbench-Gap,DKL Multi-Fidelity,52,13.9,0.0999999999999998
Matbench-Gap,DKL Multi-Fidelity,52,13.95,0.0999999999999998
Matbench-Gap,DKL Multi-Fidelity,52,14.0,0.0999999999999998
Matbench-Gap,DKL Multi-Fidelity,52,15.0,0.0999999999999998
Matbench-Gap,DKL Multi-Fidelity,52,15.05,0.0999999999999998
Matbench-Gap,DKL Multi-Fidelity,52,15.1,0.0999999999999998
Matbench-Gap,DKL Multi-Fidelity,52,15.15,0.0999999999999998
Matbench-Gap,DKL Multi-Fidelity,52,15.2,0.0999999999999998
Matbench-Gap,DKL Multi-Fidelity,52,15.25,0.0999999999999998
Matbench-Gap,DKL Multi-Fidelity,52,15.3,0.0999999999999998
Matbench-Gap,DKL Multi-Fidelity,52,15.35,0.0999999999999998
Matbench-Gap,DKL Multi-Fidelity,52,15.4,0.0999999999999998
Matbench-Gap,DKL Multi-Fidelity,52,15.45,0.0999999999999998
Matbench-Gap,DKL Multi-Fidelity,52,15.5,0.0999999999999998
Matbench-Gap,DKL Multi-Fidelity,52,15.55,0.0999999999999998
Matbench-Gap,DKL Multi-Fidelity,52,15.6,0.0999999999999998
Matbench-Gap,DKL Multi-Fidelity,52,15.65,0.0999999999999998
Matbench-Gap,DKL Multi-Fidelity,52,15.7,0.0999999999999998
Matbench-Gap,DKL Multi-Fidelity,52,15.75,0.0999999999999998
Matbench-Gap,DKL Multi-Fidelity,52,15.8,0.0999999999999998
Matbench-Gap,DKL Multi-Fidelity,52,15.85,0.0999999999999998
Matbench-Gap,DKL Multi-Fidelity,52,15.9,0.0999999999999998
Matbench-Gap,DKL Multi-Fidelity,52,15.95,0.0999999999999998
Matbench-Gap,DKL Multi-Fidelity,52,16.0,0.0999999999999998
Matbench-Gap,DKL Multi-Fidelity,52,17.0,0.0999999999999998
Matbench-Gap,DKL Multi-Fidelity,52,17.05,0.0999999999999998
Matbench-Gap,DKL Multi-Fidelity,52,17.1,0.0999999999999998
Matbench-Gap,DKL Multi-Fidelity,52,17.15,0.0999999999999998
Matbench-Gap,DKL Multi-Fidelity,52,17.2,0.0999999999999998
Matbench-Gap,DKL Multi-Fidelity,52,17.25,0.0999999999999998
Matbench-Gap,DKL Multi-Fidelity,52,17.3,0.0999999999999998
Matbench-Gap,DKL Multi-Fidelity,52,17.35,0.0999999999999998
Matbench-Gap,DKL Multi-Fidelity,52,17.4,0.0999999999999998
Matbench-Gap,DKL Multi-Fidelity,52,17.45,0.0999999999999998
Matbench-Gap,DKL Multi-Fidelity,52,17.5,0.0999999999999998
Matbench-Gap,DKL Multi-Fidelity,52,17.55,0.0999999999999998
Matbench-Gap,DKL Multi-Fidelity,52,17.6,0.0999999999999998
Matbench-Gap,DKL Multi-Fidelity,52,17.65,0.0999999999999998
Matbench-Gap,DKL Multi-Fidelity,52,17.7,0.0999999999999998
Matbench-Gap,DKL Multi-Fidelity,52,17.75,0.0999999999999998
Matbench-Gap,DKL Multi-Fidelity,52,17.8,0.0999999999999998
Matbench-Gap,DKL Multi-Fidelity,52,17.85,0.0999999999999998
Matbench-Gap,DKL Multi-Fidelity,52,17.9,0.0999999999999998
Matbench-Gap,DKL Multi-Fidelity,52,17.95,0.0999999999999998
Matbench-Gap,DKL Multi-Fidelity,52,18.0,0.0999999999999998
Matbench-Gap,DKL Multi-Fidelity,52,19.0,0.0999999999999998
Matbench-Gap,DKL Multi-Fidelity,52,19.05,0.0999999999999998
Matbench-Gap,DKL Multi-Fidelity,52,19.1,0.0999999999999998
Matbench-Gap,DKL Multi-Fidelity,52,19.15,0.0999999999999998
Matbench-Gap,DKL Multi-Fidelity,52,19.2,0.0999999999999998
Matbench-Gap,DKL Multi-Fidelity,52,19.25,0.0999999999999998
Matbench-Gap,DKL Multi-Fidelity,52,19.3,0.0999999999999998
Matbench-Gap,DKL Multi-Fidelity,52,19.35,0.0999999999999998
Matbench-Gap,DKL Multi-Fidelity,52,19.4,0.0999999999999998
Matbench-Gap,DKL Multi-Fidelity,52,19.45,0.0999999999999998
Matbench-Gap,DKL Multi-Fidelity,52,19.5,0.0999999999999998
Matbench-Gap,DKL Multi-Fidelity,52,19.55,0.0999999999999998
Matbench-Gap,DKL Multi-Fidelity,52,19.6,0.0999999999999998
Matbench-Gap,DKL Multi-Fidelity,52,19.65,0.0999999999999998
Matbench-Gap,DKL Multi-Fidelity,52,19.7,0.0999999999999998
Matbench-Gap,DKL Multi-Fidelity,52,19.75,0.0999999999999998
Matbench-Gap,DKL Multi-Fidelity,52,19.8,0.0999999999999998
Matbench-Gap,DKL Multi-Fidelity,52,19.85,0.0999999999999998
Matbench-Gap,DKL Multi-Fidelity,52,19.9,0.0999999999999998
Matbench-Gap,DKL Multi-Fidelity,52,19.95,0.0999999999999998
Matbench-Gap,DKL Multi-Fidelity,53,3.0,1.4
Matbench-Gap,DKL Multi-Fidelity,53,3.05,1.4
Matbench-Gap,DKL Multi-Fidelity,53,3.1,1.4
Matbench-Gap,DKL Multi-Fidelity,53,3.15,1.4
Matbench-Gap,DKL Multi-Fidelity,53,3.2,1.4
Matbench-Gap,DKL Multi-Fidelity,53,3.25,1.4
Matbench-Gap,DKL Multi-Fidelity,53,3.3,1.4
Matbench-Gap,DKL Multi-Fidelity,53,3.35,1.4
Matbench-Gap,DKL Multi-Fidelity,53,3.4,1.4
Matbench-Gap,DKL Multi-Fidelity,53,3.45,1.4
Matbench-Gap,DKL Multi-Fidelity,53,3.5,1.4
Matbench-Gap,DKL Multi-Fidelity,53,3.55,1.4
Matbench-Gap,DKL Multi-Fidelity,53,3.6,1.4
Matbench-Gap,DKL Multi-Fidelity,53,3.65,1.4
Matbench-Gap,DKL Multi-Fidelity,53,3.7,1.4
Matbench-Gap,DKL Multi-Fidelity,53,3.75,1.4
Matbench-Gap,DKL Multi-Fidelity,53,3.8,1.4
Matbench-Gap,DKL Multi-Fidelity,53,3.85,1.4
Matbench-Gap,DKL Multi-Fidelity,53,3.9,1.4
Matbench-Gap,DKL Multi-Fidelity,53,3.95,1.4
Matbench-Gap,DKL Multi-Fidelity,53,4.0,1.4
Matbench-Gap,DKL Multi-Fidelity,53,5.0,1.4
Matbench-Gap,DKL Multi-Fidelity,53,5.05,1.4
Matbench-Gap,DKL Multi-Fidelity,53,5.1,1.4
Matbench-Gap,DKL Multi-Fidelity,53,5.15,1.4
Matbench-Gap,DKL Multi-Fidelity,53,5.2,1.4
Matbench-Gap,DKL Multi-Fidelity,53,5.25,1.4
Matbench-Gap,DKL Multi-Fidelity,53,5.3,1.4
Matbench-Gap,DKL Multi-Fidelity,53,5.35,1.4
Matbench-Gap,DKL Multi-Fidelity,53,5.4,1.4
Matbench-Gap,DKL Multi-Fidelity,53,5.45,1.4
Matbench-Gap,DKL Multi-Fidelity,53,5.5,1.4
Matbench-Gap,DKL Multi-Fidelity,53,5.55,1.4
Matbench-Gap,DKL Multi-Fidelity,53,5.6,1.4
Matbench-Gap,DKL Multi-Fidelity,53,5.65,1.4
Matbench-Gap,DKL Multi-Fidelity,53,5.7,1.4
Matbench-Gap,DKL Multi-Fidelity,53,5.75,1.4
Matbench-Gap,DKL Multi-Fidelity,53,5.8,1.4
Matbench-Gap,DKL Multi-Fidelity,53,5.85,1.4
Matbench-Gap,DKL Multi-Fidelity,53,5.9,1.4
Matbench-Gap,DKL Multi-Fidelity,53,5.95,1.4
Matbench-Gap,DKL Multi-Fidelity,53,6.0,1.4
Matbench-Gap,DKL Multi-Fidelity,53,7.0,1.4
Matbench-Gap,DKL Multi-Fidelity,53,7.05,1.4
Matbench-Gap,DKL Multi-Fidelity,53,7.1,1.4
Matbench-Gap,DKL Multi-Fidelity,53,7.15,1.4
Matbench-Gap,DKL Multi-Fidelity,53,7.2,1.4
Matbench-Gap,DKL Multi-Fidelity,53,7.25,1.4
Matbench-Gap,DKL Multi-Fidelity,53,7.3,1.4
Matbench-Gap,DKL Multi-Fidelity,53,7.35,1.4
Matbench-Gap,DKL Multi-Fidelity,53,7.4,1.4
Matbench-Gap,DKL Multi-Fidelity,53,7.45,1.4
Matbench-Gap,DKL Multi-Fidelity,53,7.5,1.4
Matbench-Gap,DKL Multi-Fidelity,53,7.55,1.4
Matbench-Gap,DKL Multi-Fidelity,53,7.6,1.4
Matbench-Gap,DKL Multi-Fidelity,53,7.65,1.4
Matbench-Gap,DKL Multi-Fidelity,53,7.7,1.4
Matbench-Gap,DKL Multi-Fidelity,53,7.75,1.4
Matbench-Gap,DKL Multi-Fidelity,53,7.8,1.4
Matbench-Gap,DKL Multi-Fidelity,53,7.85,1.4
Matbench-Gap,DKL Multi-Fidelity,53,7.9,1.4
Matbench-Gap,DKL Multi-Fidelity,53,7.95,1.4
Matbench-Gap,DKL Multi-Fidelity,53,8.0,1.4
Matbench-Gap,DKL Multi-Fidelity,53,9.0,1.4
Matbench-Gap,DKL Multi-Fidelity,53,9.05,1.4
Matbench-Gap,DKL Multi-Fidelity,53,9.1,1.4
Matbench-Gap,DKL Multi-Fidelity,53,9.15,1.4
Matbench-Gap,DKL Multi-Fidelity,53,9.2,1.4
Matbench-Gap,DKL Multi-Fidelity,53,9.25,1.4
Matbench-Gap,DKL Multi-Fidelity,53,9.3,1.4
Matbench-Gap,DKL Multi-Fidelity,53,9.35,1.4
Matbench-Gap,DKL Multi-Fidelity,53,9.4,1.4
Matbench-Gap,DKL Multi-Fidelity,53,9.45,1.4
Matbench-Gap,DKL Multi-Fidelity,53,9.5,1.4
Matbench-Gap,DKL Multi-Fidelity,53,9.55,1.4
Matbench-Gap,DKL Multi-Fidelity,53,9.6,1.4
Matbench-Gap,DKL Multi-Fidelity,53,9.65,1.4
Matbench-Gap,DKL Multi-Fidelity,53,9.7,1.4
Matbench-Gap,DKL Multi-Fidelity,53,9.75,1.4
Matbench-Gap,DKL Multi-Fidelity,53,9.8,1.4
Matbench-Gap,DKL Multi-Fidelity,53,9.85,1.4
Matbench-Gap,DKL Multi-Fidelity,53,9.9,1.4
Matbench-Gap,DKL Multi-Fidelity,53,9.95,1.4
Matbench-Gap,DKL Multi-Fidelity,53,10.0,1.4
Matbench-Gap,DKL Multi-Fidelity,53,11.0,1.4
Matbench-Gap,DKL Multi-Fidelity,53,11.05,1.4
Matbench-Gap,DKL Multi-Fidelity,53,11.1,1.4
Matbench-Gap,DKL Multi-Fidelity,53,11.15,1.4
Matbench-Gap,DKL Multi-Fidelity,53,11.2,1.4
Matbench-Gap,DKL Multi-Fidelity,53,11.25,1.4
Matbench-Gap,DKL Multi-Fidelity,53,11.3,1.4
Matbench-Gap,DKL Multi-Fidelity,53,11.35,1.4
Matbench-Gap,DKL Multi-Fidelity,53,11.4,1.4
Matbench-Gap,DKL Multi-Fidelity,53,11.45,1.4
Matbench-Gap,DKL Multi-Fidelity,53,11.5,1.4
Matbench-Gap,DKL Multi-Fidelity,53,11.55,1.4
Matbench-Gap,DKL Multi-Fidelity,53,11.6,1.4
Matbench-Gap,DKL Multi-Fidelity,53,11.65,1.4
Matbench-Gap,DKL Multi-Fidelity,53,11.7,1.4
Matbench-Gap,DKL Multi-Fidelity,53,11.75,1.4
Matbench-Gap,DKL Multi-Fidelity,53,11.8,1.4
Matbench-Gap,DKL Multi-Fidelity,53,11.85,1.4
Matbench-Gap,DKL Multi-Fidelity,53,11.9,1.4
Matbench-Gap,DKL Multi-Fidelity,53,11.95,1.4
Matbench-Gap,DKL Multi-Fidelity,53,12.0,1.4
Matbench-Gap,DKL Multi-Fidelity,53,13.0,0.6000000000000001
Matbench-Gap,DKL Multi-Fidelity,53,13.05,0.6000000000000001
Matbench-Gap,DKL Multi-Fidelity,53,13.1,0.6000000000000001
Matbench-Gap,DKL Multi-Fidelity,53,13.15,0.6000000000000001
Matbench-Gap,DKL Multi-Fidelity,53,13.2,0.6000000000000001
Matbench-Gap,DKL Multi-Fidelity,53,13.25,0.6000000000000001
Matbench-Gap,DKL Multi-Fidelity,53,13.3,0.6000000000000001
Matbench-Gap,DKL Multi-Fidelity,53,13.35,0.6000000000000001
Matbench-Gap,DKL Multi-Fidelity,53,13.4,0.6000000000000001
Matbench-Gap,DKL Multi-Fidelity,53,13.45,0.6000000000000001
Matbench-Gap,DKL Multi-Fidelity,53,13.5,0.6000000000000001
Matbench-Gap,DKL Multi-Fidelity,53,13.55,0.6000000000000001
Matbench-Gap,DKL Multi-Fidelity,53,13.6,0.6000000000000001
Matbench-Gap,DKL Multi-Fidelity,53,13.65,0.6000000000000001
Matbench-Gap,DKL Multi-Fidelity,53,13.7,0.6000000000000001
Matbench-Gap,DKL Multi-Fidelity,53,13.75,0.6000000000000001
Matbench-Gap,DKL Multi-Fidelity,53,13.8,0.6000000000000001
Matbench-Gap,DKL Multi-Fidelity,53,13.85,0.6000000000000001
Matbench-Gap,DKL Multi-Fidelity,53,13.9,0.6000000000000001
Matbench-Gap,DKL Multi-Fidelity,53,13.95,0.6000000000000001
Matbench-Gap,DKL Multi-Fidelity,53,14.0,0.6000000000000001
Matbench-Gap,DKL Multi-Fidelity,53,15.0,0.6000000000000001
Matbench-Gap,DKL Multi-Fidelity,53,15.05,0.6000000000000001
Matbench-Gap,DKL Multi-Fidelity,53,15.1,0.6000000000000001
Matbench-Gap,DKL Multi-Fidelity,53,15.15,0.6000000000000001
Matbench-Gap,DKL Multi-Fidelity,53,15.2,0.6000000000000001
Matbench-Gap,DKL Multi-Fidelity,53,15.25,0.6000000000000001
Matbench-Gap,DKL Multi-Fidelity,53,15.3,0.6000000000000001
Matbench-Gap,DKL Multi-Fidelity,53,15.35,0.6000000000000001
Matbench-Gap,DKL Multi-Fidelity,53,15.4,0.6000000000000001
Matbench-Gap,DKL Multi-Fidelity,53,15.45,0.6000000000000001
Matbench-Gap,DKL Multi-Fidelity,53,15.5,0.6000000000000001
Matbench-Gap,DKL Multi-Fidelity,53,15.55,0.6000000000000001
Matbench-Gap,DKL Multi-Fidelity,53,15.6,0.6000000000000001
Matbench-Gap,DKL Multi-Fidelity,53,15.65,0.6000000000000001
Matbench-Gap,DKL Multi-Fidelity,53,15.7,0.6000000000000001
Matbench-Gap,DKL Multi-Fidelity,53,15.75,0.6000000000000001
Matbench-Gap,DKL Multi-Fidelity,53,15.8,0.6000000000000001
Matbench-Gap,DKL Multi-Fidelity,53,15.85,0.6000000000000001
Matbench-Gap,DKL Multi-Fidelity,53,15.9,0.6000000000000001
Matbench-Gap,DKL Multi-Fidelity,53,15.95,0.6000000000000001
Matbench-Gap,DKL Multi-Fidelity,53,16.0,0.6000000000000001
Matbench-Gap,DKL Multi-Fidelity,53,17.0,0.6000000000000001
Matbench-Gap,DKL Multi-Fidelity,53,17.05,0.6000000000000001
Matbench-Gap,DKL Multi-Fidelity,53,17.1,0.6000000000000001
Matbench-Gap,DKL Multi-Fidelity,53,17.15,0.6000000000000001
Matbench-Gap,DKL Multi-Fidelity,53,17.2,0.6000000000000001
Matbench-Gap,DKL Multi-Fidelity,53,17.25,0.6000000000000001
Matbench-Gap,DKL Multi-Fidelity,53,17.3,0.6000000000000001
Matbench-Gap,DKL Multi-Fidelity,53,17.35,0.6000000000000001
Matbench-Gap,DKL Multi-Fidelity,53,17.4,0.6000000000000001
Matbench-Gap,DKL Multi-Fidelity,53,17.45,0.6000000000000001
Matbench-Gap,DKL Multi-Fidelity,53,17.5,0.6000000000000001
Matbench-Gap,DKL Multi-Fidelity,53,17.55,0.6000000000000001
Matbench-Gap,DKL Multi-Fidelity,53,17.6,0.6000000000000001
Matbench-Gap,DKL Multi-Fidelity,53,17.65,0.6000000000000001
Matbench-Gap,DKL Multi-Fidelity,53,17.7,0.6000000000000001
Matbench-Gap,DKL Multi-Fidelity,53,17.75,0.6000000000000001
Matbench-Gap,DKL Multi-Fidelity,53,17.8,0.6000000000000001
Matbench-Gap,DKL Multi-Fidelity,53,17.85,0.6000000000000001
Matbench-Gap,DKL Multi-Fidelity,53,17.9,0.6000000000000001
Matbench-Gap,DKL Multi-Fidelity,53,17.95,0.6000000000000001
Matbench-Gap,DKL Multi-Fidelity,53,18.0,0.6000000000000001
Matbench-Gap,DKL Multi-Fidelity,53,19.0,0.0399999999999998
Matbench-Gap,DKL Multi-Fidelity,53,19.05,0.0399999999999998
Matbench-Gap,DKL Multi-Fidelity,53,19.1,0.0399999999999998
Matbench-Gap,DKL Multi-Fidelity,53,19.15,0.0399999999999998
Matbench-Gap,DKL Multi-Fidelity,53,19.2,0.0399999999999998
Matbench-Gap,DKL Multi-Fidelity,53,19.25,0.0399999999999998
Matbench-Gap,DKL Multi-Fidelity,53,19.3,0.0399999999999998
Matbench-Gap,DKL Multi-Fidelity,53,19.35,0.0399999999999998
Matbench-Gap,DKL Multi-Fidelity,53,19.4,0.0399999999999998
Matbench-Gap,DKL Multi-Fidelity,53,19.45,0.0399999999999998
Matbench-Gap,DKL Multi-Fidelity,53,19.5,0.0399999999999998
Matbench-Gap,DKL Multi-Fidelity,53,19.55,0.0399999999999998
Matbench-Gap,DKL Multi-Fidelity,53,19.6,0.0399999999999998
Matbench-Gap,DKL Multi-Fidelity,53,19.65,0.0399999999999998
Matbench-Gap,DKL Multi-Fidelity,53,19.7,0.0399999999999998
Matbench-Gap,DKL Multi-Fidelity,53,19.75,0.0399999999999998
Matbench-Gap,DKL Multi-Fidelity,53,19.8,0.0399999999999998
Matbench-Gap,DKL Multi-Fidelity,53,19.85,0.0399999999999998
Matbench-Gap,DKL Multi-Fidelity,53,19.9,0.0399999999999998
Matbench-Gap,DKL Multi-Fidelity,53,19.95,0.0399999999999998
Matbench-Gap,DKL Multi-Fidelity,54,3.0,1.4
Matbench-Gap,DKL Multi-Fidelity,54,3.05,1.4
Matbench-Gap,DKL Multi-Fidelity,54,3.1,1.4
Matbench-Gap,DKL Multi-Fidelity,54,3.15,1.4
Matbench-Gap,DKL Multi-Fidelity,54,3.2,1.4
Matbench-Gap,DKL Multi-Fidelity,54,3.25,1.4
Matbench-Gap,DKL Multi-Fidelity,54,3.3,1.4
Matbench-Gap,DKL Multi-Fidelity,54,3.35,1.4
Matbench-Gap,DKL Multi-Fidelity,54,3.4,1.4
Matbench-Gap,DKL Multi-Fidelity,54,3.45,1.4
Matbench-Gap,DKL Multi-Fidelity,54,3.5,1.4
Matbench-Gap,DKL Multi-Fidelity,54,3.55,1.4
Matbench-Gap,DKL Multi-Fidelity,54,3.6,1.4
Matbench-Gap,DKL Multi-Fidelity,54,3.65,1.4
Matbench-Gap,DKL Multi-Fidelity,54,3.7,1.4
Matbench-Gap,DKL Multi-Fidelity,54,3.75,1.4
Matbench-Gap,DKL Multi-Fidelity,54,3.8,1.4
Matbench-Gap,DKL Multi-Fidelity,54,3.85,1.4
Matbench-Gap,DKL Multi-Fidelity,54,3.9,1.4
Matbench-Gap,DKL Multi-Fidelity,54,3.95,1.4
Matbench-Gap,DKL Multi-Fidelity,54,4.0,1.4
Matbench-Gap,DKL Multi-Fidelity,54,5.0,1.4
Matbench-Gap,DKL Multi-Fidelity,54,5.05,1.4
Matbench-Gap,DKL Multi-Fidelity,54,5.1,1.4
Matbench-Gap,DKL Multi-Fidelity,54,5.15,1.4
Matbench-Gap,DKL Multi-Fidelity,54,5.2,1.4
Matbench-Gap,DKL Multi-Fidelity,54,5.25,1.4
Matbench-Gap,DKL Multi-Fidelity,54,5.3,1.4
Matbench-Gap,DKL Multi-Fidelity,54,5.35,1.4
Matbench-Gap,DKL Multi-Fidelity,54,5.4,1.4
Matbench-Gap,DKL Multi-Fidelity,54,5.45,1.4
Matbench-Gap,DKL Multi-Fidelity,54,5.5,1.4
Matbench-Gap,DKL Multi-Fidelity,54,5.55,1.4
Matbench-Gap,DKL Multi-Fidelity,54,5.6,1.4
Matbench-Gap,DKL Multi-Fidelity,54,5.65,1.4
Matbench-Gap,DKL Multi-Fidelity,54,5.7,1.4
Matbench-Gap,DKL Multi-Fidelity,54,5.75,1.4
Matbench-Gap,DKL Multi-Fidelity,54,5.8,1.4
Matbench-Gap,DKL Multi-Fidelity,54,5.85,1.4
Matbench-Gap,DKL Multi-Fidelity,54,5.9,1.4
Matbench-Gap,DKL Multi-Fidelity,54,5.95,1.4
Matbench-Gap,DKL Multi-Fidelity,54,6.0,1.4
Matbench-Gap,DKL Multi-Fidelity,54,7.0,1.4
Matbench-Gap,DKL Multi-Fidelity,54,7.05,1.4
Matbench-Gap,DKL Multi-Fidelity,54,7.1,1.4
Matbench-Gap,DKL Multi-Fidelity,54,7.15,1.4
Matbench-Gap,DKL Multi-Fidelity,54,7.2,1.4
Matbench-Gap,DKL Multi-Fidelity,54,7.25,1.4
Matbench-Gap,DKL Multi-Fidelity,54,7.3,1.4
Matbench-Gap,DKL Multi-Fidelity,54,7.35,1.4
Matbench-Gap,DKL Multi-Fidelity,54,7.4,1.4
Matbench-Gap,DKL Multi-Fidelity,54,7.45,1.4
Matbench-Gap,DKL Multi-Fidelity,54,7.5,1.4
Matbench-Gap,DKL Multi-Fidelity,54,7.55,1.4
Matbench-Gap,DKL Multi-Fidelity,54,7.6,1.4
Matbench-Gap,DKL Multi-Fidelity,54,7.65,1.4
Matbench-Gap,DKL Multi-Fidelity,54,7.7,1.4
Matbench-Gap,DKL Multi-Fidelity,54,7.75,1.4
Matbench-Gap,DKL Multi-Fidelity,54,7.8,1.4
Matbench-Gap,DKL Multi-Fidelity,54,7.85,1.4
Matbench-Gap,DKL Multi-Fidelity,54,7.9,1.4
Matbench-Gap,DKL Multi-Fidelity,54,7.95,1.4
Matbench-Gap,DKL Multi-Fidelity,54,8.0,1.4
Matbench-Gap,DKL Multi-Fidelity,54,9.0,1.4
Matbench-Gap,DKL Multi-Fidelity,54,9.05,1.4
Matbench-Gap,DKL Multi-Fidelity,54,9.1,1.4
Matbench-Gap,DKL Multi-Fidelity,54,9.15,1.4
Matbench-Gap,DKL Multi-Fidelity,54,9.2,1.4
Matbench-Gap,DKL Multi-Fidelity,54,9.25,1.4
Matbench-Gap,DKL Multi-Fidelity,54,9.3,1.4
Matbench-Gap,DKL Multi-Fidelity,54,9.35,1.4
Matbench-Gap,DKL Multi-Fidelity,54,9.4,1.4
Matbench-Gap,DKL Multi-Fidelity,54,9.45,1.4
Matbench-Gap,DKL Multi-Fidelity,54,9.5,1.4
Matbench-Gap,DKL Multi-Fidelity,54,9.55,1.4
Matbench-Gap,DKL Multi-Fidelity,54,9.6,1.4
Matbench-Gap,DKL Multi-Fidelity,54,9.65,1.4
Matbench-Gap,DKL Multi-Fidelity,54,9.7,1.4
Matbench-Gap,DKL Multi-Fidelity,54,9.75,1.4
Matbench-Gap,DKL Multi-Fidelity,54,9.8,1.4
Matbench-Gap,DKL Multi-Fidelity,54,9.85,1.4
Matbench-Gap,DKL Multi-Fidelity,54,9.9,1.4
Matbench-Gap,DKL Multi-Fidelity,54,9.95,1.4
Matbench-Gap,DKL Multi-Fidelity,54,10.0,1.4
Matbench-Gap,DKL Multi-Fidelity,54,11.0,0.54
Matbench-Gap,DKL Multi-Fidelity,54,11.05,0.54
Matbench-Gap,DKL Multi-Fidelity,54,11.1,0.54
Matbench-Gap,DKL Multi-Fidelity,54,11.15,0.54
Matbench-Gap,DKL Multi-Fidelity,54,11.2,0.54
Matbench-Gap,DKL Multi-Fidelity,54,11.25,0.54
Matbench-Gap,DKL Multi-Fidelity,54,11.3,0.54
Matbench-Gap,DKL Multi-Fidelity,54,11.35,0.54
Matbench-Gap,DKL Multi-Fidelity,54,11.4,0.54
Matbench-Gap,DKL Multi-Fidelity,54,11.45,0.54
Matbench-Gap,DKL Multi-Fidelity,54,11.5,0.54
Matbench-Gap,DKL Multi-Fidelity,54,11.55,0.54
Matbench-Gap,DKL Multi-Fidelity,54,11.6,0.54
Matbench-Gap,DKL Multi-Fidelity,54,11.65,0.54
Matbench-Gap,DKL Multi-Fidelity,54,11.7,0.54
Matbench-Gap,DKL Multi-Fidelity,54,11.75,0.54
Matbench-Gap,DKL Multi-Fidelity,54,11.8,0.54
Matbench-Gap,DKL Multi-Fidelity,54,11.85,0.54
Matbench-Gap,DKL Multi-Fidelity,54,11.9,0.54
Matbench-Gap,DKL Multi-Fidelity,54,11.95,0.54
Matbench-Gap,DKL Multi-Fidelity,54,12.0,0.54
Matbench-Gap,DKL Multi-Fidelity,54,13.0,0.54
Matbench-Gap,DKL Multi-Fidelity,54,13.05,0.54
Matbench-Gap,DKL Multi-Fidelity,54,13.1,0.54
Matbench-Gap,DKL Multi-Fidelity,54,13.15,0.54
Matbench-Gap,DKL Multi-Fidelity,54,13.2,0.54
Matbench-Gap,DKL Multi-Fidelity,54,13.25,0.54
Matbench-Gap,DKL Multi-Fidelity,54,13.3,0.54
Matbench-Gap,DKL Multi-Fidelity,54,13.35,0.54
Matbench-Gap,DKL Multi-Fidelity,54,13.4,0.54
Matbench-Gap,DKL Multi-Fidelity,54,13.45,0.54
Matbench-Gap,DKL Multi-Fidelity,54,13.5,0.54
Matbench-Gap,DKL Multi-Fidelity,54,13.55,0.54
Matbench-Gap,DKL Multi-Fidelity,54,13.6,0.54
Matbench-Gap,DKL Multi-Fidelity,54,13.65,0.54
Matbench-Gap,DKL Multi-Fidelity,54,13.7,0.54
Matbench-Gap,DKL Multi-Fidelity,54,13.75,0.54
Matbench-Gap,DKL Multi-Fidelity,54,13.8,0.54
Matbench-Gap,DKL Multi-Fidelity,54,13.85,0.54
Matbench-Gap,DKL Multi-Fidelity,54,13.9,0.54
Matbench-Gap,DKL Multi-Fidelity,54,13.95,0.54
Matbench-Gap,DKL Multi-Fidelity,54,14.0,0.54
Matbench-Gap,DKL Multi-Fidelity,54,15.0,0.54
Matbench-Gap,DKL Multi-Fidelity,54,15.05,0.54
Matbench-Gap,DKL Multi-Fidelity,54,15.1,0.54
Matbench-Gap,DKL Multi-Fidelity,54,15.15,0.54
Matbench-Gap,DKL Multi-Fidelity,54,15.2,0.54
Matbench-Gap,DKL Multi-Fidelity,54,15.25,0.54
Matbench-Gap,DKL Multi-Fidelity,54,15.3,0.54
Matbench-Gap,DKL Multi-Fidelity,54,15.35,0.54
Matbench-Gap,DKL Multi-Fidelity,54,15.4,0.54
Matbench-Gap,DKL Multi-Fidelity,54,15.45,0.54
Matbench-Gap,DKL Multi-Fidelity,54,15.5,0.54
Matbench-Gap,DKL Multi-Fidelity,54,15.55,0.54
Matbench-Gap,DKL Multi-Fidelity,54,15.6,0.54
Matbench-Gap,DKL Multi-Fidelity,54,15.65,0.54
Matbench-Gap,DKL Multi-Fidelity,54,15.7,0.54
Matbench-Gap,DKL Multi-Fidelity,54,15.75,0.54
Matbench-Gap,DKL Multi-Fidelity,54,15.8,0.54
Matbench-Gap,DKL Multi-Fidelity,54,15.85,0.54
Matbench-Gap,DKL Multi-Fidelity,54,15.9,0.54
Matbench-Gap,DKL Multi-Fidelity,54,15.95,0.54
Matbench-Gap,DKL Multi-Fidelity,54,16.0,0.54
Matbench-Gap,DKL Multi-Fidelity,54,17.0,0.54
Matbench-Gap,DKL Multi-Fidelity,54,17.05,0.54
Matbench-Gap,DKL Multi-Fidelity,54,17.1,0.54
Matbench-Gap,DKL Multi-Fidelity,54,17.15,0.54
Matbench-Gap,DKL Multi-Fidelity,54,17.2,0.54
Matbench-Gap,DKL Multi-Fidelity,54,17.25,0.54
Matbench-Gap,DKL Multi-Fidelity,54,17.3,0.54
Matbench-Gap,DKL Multi-Fidelity,54,17.35,0.54
Matbench-Gap,DKL Multi-Fidelity,54,17.4,0.54
Matbench-Gap,DKL Multi-Fidelity,54,17.45,0.54
Matbench-Gap,DKL Multi-Fidelity,54,17.5,0.54
Matbench-Gap,DKL Multi-Fidelity,54,17.55,0.54
Matbench-Gap,DKL Multi-Fidelity,54,17.6,0.54
Matbench-Gap,DKL Multi-Fidelity,54,17.65,0.54
Matbench-Gap,DKL Multi-Fidelity,54,17.7,0.54
Matbench-Gap,DKL Multi-Fidelity,54,17.75,0.54
Matbench-Gap,DKL Multi-Fidelity,54,17.8,0.54
Matbench-Gap,DKL Multi-Fidelity,54,17.85,0.54
Matbench-Gap,DKL Multi-Fidelity,54,17.9,0.54
Matbench-Gap,DKL Multi-Fidelity,54,17.95,0.54
Matbench-Gap,DKL Multi-Fidelity,54,18.0,0.54
Matbench-Gap,DKL Multi-Fidelity,54,19.0,0.54
Matbench-Gap,DKL Multi-Fidelity,54,19.05,0.54
Matbench-Gap,DKL Multi-Fidelity,54,19.1,0.54
Matbench-Gap,DKL Multi-Fidelity,54,19.15,0.54
Matbench-Gap,DKL Multi-Fidelity,54,19.2,0.54
Matbench-Gap,DKL Multi-Fidelity,54,19.25,0.54
Matbench-Gap,DKL Multi-Fidelity,54,19.3,0.54
Matbench-Gap,DKL Multi-Fidelity,54,19.35,0.54
Matbench-Gap,DKL Multi-Fidelity,54,19.4,0.54
Matbench-Gap,DKL Multi-Fidelity,54,19.45,0.54
Matbench-Gap,DKL Multi-Fidelity,54,19.5,0.54
Matbench-Gap,DKL Multi-Fidelity,54,19.55,0.54
Matbench-Gap,DKL Multi-Fidelity,54,19.6,0.54
Matbench-Gap,DKL Multi-Fidelity,54,19.65,0.54
Matbench-Gap,DKL Multi-Fidelity,54,19.7,0.54
Matbench-Gap,DKL Multi-Fidelity,54,19.75,0.54
Matbench-Gap,DKL Multi-Fidelity,54,19.8,0.54
Matbench-Gap,DKL Multi-Fidelity,54,19.85,0.54
Matbench-Gap,DKL Multi-Fidelity,54,19.9,0.54
Matbench-Gap,DKL Multi-Fidelity,54,19.95,0.54
Matbench-Gap,DKL Multi-Fidelity,55,3.0,1.4
Matbench-Gap,DKL Multi-Fidelity,55,3.05,1.4
Matbench-Gap,DKL Multi-Fidelity,55,3.1,1.4
Matbench-Gap,DKL Multi-Fidelity,55,3.15,1.4
Matbench-Gap,DKL Multi-Fidelity,55,3.2,1.4
Matbench-Gap,DKL Multi-Fidelity,55,3.25,1.4
Matbench-Gap,DKL Multi-Fidelity,55,3.3,1.4
Matbench-Gap,DKL Multi-Fidelity,55,3.35,1.4
Matbench-Gap,DKL Multi-Fidelity,55,3.4,1.4
Matbench-Gap,DKL Multi-Fidelity,55,3.45,1.4
Matbench-Gap,DKL Multi-Fidelity,55,3.5,1.4
Matbench-Gap,DKL Multi-Fidelity,55,3.55,1.4
Matbench-Gap,DKL Multi-Fidelity,55,3.6,1.4
Matbench-Gap,DKL Multi-Fidelity,55,3.65,1.4
Matbench-Gap,DKL Multi-Fidelity,55,3.7,1.4
Matbench-Gap,DKL Multi-Fidelity,55,3.75,1.4
Matbench-Gap,DKL Multi-Fidelity,55,3.8,1.4
Matbench-Gap,DKL Multi-Fidelity,55,3.85,1.4
Matbench-Gap,DKL Multi-Fidelity,55,3.9,1.4
Matbench-Gap,DKL Multi-Fidelity,55,3.95,1.4
Matbench-Gap,DKL Multi-Fidelity,55,4.0,1.4
Matbench-Gap,DKL Multi-Fidelity,55,5.0,1.4
Matbench-Gap,DKL Multi-Fidelity,55,5.05,1.4
Matbench-Gap,DKL Multi-Fidelity,55,5.1,1.4
Matbench-Gap,DKL Multi-Fidelity,55,5.15,1.4
Matbench-Gap,DKL Multi-Fidelity,55,5.2,1.4
Matbench-Gap,DKL Multi-Fidelity,55,5.25,1.4
Matbench-Gap,DKL Multi-Fidelity,55,5.3,1.4
Matbench-Gap,DKL Multi-Fidelity,55,5.35,1.4
Matbench-Gap,DKL Multi-Fidelity,55,5.4,1.4
Matbench-Gap,DKL Multi-Fidelity,55,5.45,1.4
Matbench-Gap,DKL Multi-Fidelity,55,5.5,1.4
Matbench-Gap,DKL Multi-Fidelity,55,5.55,1.4
Matbench-Gap,DKL Multi-Fidelity,55,5.6,1.4
Matbench-Gap,DKL Multi-Fidelity,55,5.65,1.4
Matbench-Gap,DKL Multi-Fidelity,55,5.7,1.4
Matbench-Gap,DKL Multi-Fidelity,55,5.75,1.4
Matbench-Gap,DKL Multi-Fidelity,55,5.8,1.4
Matbench-Gap,DKL Multi-Fidelity,55,5.85,1.4
Matbench-Gap,DKL Multi-Fidelity,55,5.9,1.4
Matbench-Gap,DKL Multi-Fidelity,55,5.95,1.4
Matbench-Gap,DKL Multi-Fidelity,55,6.0,1.4
Matbench-Gap,DKL Multi-Fidelity,55,7.0,1.4
Matbench-Gap,DKL Multi-Fidelity,55,7.05,1.4
Matbench-Gap,DKL Multi-Fidelity,55,7.1,1.4
Matbench-Gap,DKL Multi-Fidelity,55,7.15,1.4
Matbench-Gap,DKL Multi-Fidelity,55,7.2,1.4
Matbench-Gap,DKL Multi-Fidelity,55,7.25,1.4
Matbench-Gap,DKL Multi-Fidelity,55,7.3,1.4
Matbench-Gap,DKL Multi-Fidelity,55,7.35,1.4
Matbench-Gap,DKL Multi-Fidelity,55,7.4,1.4
Matbench-Gap,DKL Multi-Fidelity,55,7.45,1.4
Matbench-Gap,DKL Multi-Fidelity,55,7.5,1.4
Matbench-Gap,DKL Multi-Fidelity,55,7.55,1.4
Matbench-Gap,DKL Multi-Fidelity,55,7.6,1.4
Matbench-Gap,DKL Multi-Fidelity,55,7.65,1.4
Matbench-Gap,DKL Multi-Fidelity,55,7.7,1.4
Matbench-Gap,DKL Multi-Fidelity,55,7.75,1.4
Matbench-Gap,DKL Multi-Fidelity,55,7.8,1.4
Matbench-Gap,DKL Multi-Fidelity,55,7.85,1.4
Matbench-Gap,DKL Multi-Fidelity,55,7.9,1.4
Matbench-Gap,DKL Multi-Fidelity,55,7.95,1.4
Matbench-Gap,DKL Multi-Fidelity,55,8.0,1.4
Matbench-Gap,DKL Multi-Fidelity,55,9.0,1.4
Matbench-Gap,DKL Multi-Fidelity,55,9.05,1.4
Matbench-Gap,DKL Multi-Fidelity,55,9.1,1.4
Matbench-Gap,DKL Multi-Fidelity,55,9.15,1.4
Matbench-Gap,DKL Multi-Fidelity,55,9.2,1.4
Matbench-Gap,DKL Multi-Fidelity,55,9.25,1.4
Matbench-Gap,DKL Multi-Fidelity,55,9.3,1.4
Matbench-Gap,DKL Multi-Fidelity,55,9.35,1.4
Matbench-Gap,DKL Multi-Fidelity,55,9.4,1.4
Matbench-Gap,DKL Multi-Fidelity,55,9.45,1.4
Matbench-Gap,DKL Multi-Fidelity,55,9.5,1.4
Matbench-Gap,DKL Multi-Fidelity,55,9.55,1.4
Matbench-Gap,DKL Multi-Fidelity,55,9.6,1.4
Matbench-Gap,DKL Multi-Fidelity,55,9.65,1.4
Matbench-Gap,DKL Multi-Fidelity,55,9.7,1.4
Matbench-Gap,DKL Multi-Fidelity,55,9.75,1.4
Matbench-Gap,DKL Multi-Fidelity,55,9.8,1.4
Matbench-Gap,DKL Multi-Fidelity,55,9.85,1.4
Matbench-Gap,DKL Multi-Fidelity,55,9.9,1.4
Matbench-Gap,DKL Multi-Fidelity,55,9.95,1.4
Matbench-Gap,DKL Multi-Fidelity,55,10.0,1.4
Matbench-Gap,DKL Multi-Fidelity,55,11.0,0.4000000000000001
Matbench-Gap,DKL Multi-Fidelity,55,11.05,0.4000000000000001
Matbench-Gap,DKL Multi-Fidelity,55,11.1,0.4000000000000001
Matbench-Gap,DKL Multi-Fidelity,55,11.15,0.4000000000000001
Matbench-Gap,DKL Multi-Fidelity,55,11.2,0.4000000000000001
Matbench-Gap,DKL Multi-Fidelity,55,11.25,0.4000000000000001
Matbench-Gap,DKL Multi-Fidelity,55,11.3,0.4000000000000001
Matbench-Gap,DKL Multi-Fidelity,55,11.35,0.4000000000000001
Matbench-Gap,DKL Multi-Fidelity,55,11.4,0.4000000000000001
Matbench-Gap,DKL Multi-Fidelity,55,11.45,0.4000000000000001
Matbench-Gap,DKL Multi-Fidelity,55,11.5,0.4000000000000001
Matbench-Gap,DKL Multi-Fidelity,55,11.55,0.4000000000000001
Matbench-Gap,DKL Multi-Fidelity,55,11.6,0.4000000000000001
Matbench-Gap,DKL Multi-Fidelity,55,11.65,0.4000000000000001
Matbench-Gap,DKL Multi-Fidelity,55,11.7,0.4000000000000001
Matbench-Gap,DKL Multi-Fidelity,55,11.75,0.4000000000000001
Matbench-Gap,DKL Multi-Fidelity,55,11.8,0.4000000000000001
Matbench-Gap,DKL Multi-Fidelity,55,11.85,0.4000000000000001
Matbench-Gap,DKL Multi-Fidelity,55,11.9,0.4000000000000001
Matbench-Gap,DKL Multi-Fidelity,55,11.95,0.4000000000000001
Matbench-Gap,DKL Multi-Fidelity,55,12.0,0.4000000000000001
Matbench-Gap,DKL Multi-Fidelity,55,13.0,0.4000000000000001
Matbench-Gap,DKL Multi-Fidelity,55,13.05,0.4000000000000001
Matbench-Gap,DKL Multi-Fidelity,55,13.1,0.4000000000000001
Matbench-Gap,DKL Multi-Fidelity,55,13.15,0.4000000000000001
Matbench-Gap,DKL Multi-Fidelity,55,13.2,0.4000000000000001
Matbench-Gap,DKL Multi-Fidelity,55,13.25,0.4000000000000001
Matbench-Gap,DKL Multi-Fidelity,55,13.3,0.4000000000000001
Matbench-Gap,DKL Multi-Fidelity,55,13.35,0.4000000000000001
Matbench-Gap,DKL Multi-Fidelity,55,13.4,0.4000000000000001
Matbench-Gap,DKL Multi-Fidelity,55,13.45,0.4000000000000001
Matbench-Gap,DKL Multi-Fidelity,55,13.5,0.4000000000000001
Matbench-Gap,DKL Multi-Fidelity,55,13.55,0.4000000000000001
Matbench-Gap,DKL Multi-Fidelity,55,13.6,0.4000000000000001
Matbench-Gap,DKL Multi-Fidelity,55,13.65,0.4000000000000001
Matbench-Gap,DKL Multi-Fidelity,55,13.7,0.4000000000000001
Matbench-Gap,DKL Multi-Fidelity,55,13.75,0.4000000000000001
Matbench-Gap,DKL Multi-Fidelity,55,13.8,0.4000000000000001
Matbench-Gap,DKL Multi-Fidelity,55,13.85,0.4000000000000001
Matbench-Gap,DKL Multi-Fidelity,55,13.9,0.4000000000000001
Matbench-Gap,DKL Multi-Fidelity,55,13.95,0.4000000000000001
Matbench-Gap,DKL Multi-Fidelity,55,14.0,0.4000000000000001
Matbench-Gap,DKL Multi-Fidelity,55,15.0,0.4000000000000001
Matbench-Gap,DKL Multi-Fidelity,55,15.05,0.4000000000000001
Matbench-Gap,DKL Multi-Fidelity,55,15.1,0.4000000000000001
Matbench-Gap,DKL Multi-Fidelity,55,15.15,0.4000000000000001
Matbench-Gap,DKL Multi-Fidelity,55,15.2,0.4000000000000001
Matbench-Gap,DKL Multi-Fidelity,55,15.25,0.4000000000000001
Matbench-Gap,DKL Multi-Fidelity,55,15.3,0.4000000000000001
Matbench-Gap,DKL Multi-Fidelity,55,15.35,0.4000000000000001
Matbench-Gap,DKL Multi-Fidelity,55,15.4,0.4000000000000001
Matbench-Gap,DKL Multi-Fidelity,55,15.45,0.4000000000000001
Matbench-Gap,DKL Multi-Fidelity,55,15.5,0.4000000000000001
Matbench-Gap,DKL Multi-Fidelity,55,15.55,0.4000000000000001
Matbench-Gap,DKL Multi-Fidelity,55,15.6,0.4000000000000001
Matbench-Gap,DKL Multi-Fidelity,55,15.65,0.4000000000000001
Matbench-Gap,DKL Multi-Fidelity,55,15.7,0.4000000000000001
Matbench-Gap,DKL Multi-Fidelity,55,15.75,0.4000000000000001
Matbench-Gap,DKL Multi-Fidelity,55,15.8,0.4000000000000001
Matbench-Gap,DKL Multi-Fidelity,55,15.85,0.4000000000000001
Matbench-Gap,DKL Multi-Fidelity,55,15.9,0.4000000000000001
Matbench-Gap,DKL Multi-Fidelity,55,15.95,0.4000000000000001
Matbench-Gap,DKL Multi-Fidelity,55,16.0,0.4000000000000001
Matbench-Gap,DKL Multi-Fidelity,55,17.0,0.4000000000000001
Matbench-Gap,DKL Multi-Fidelity,55,17.05,0.4000000000000001
Matbench-Gap,DKL Multi-Fidelity,55,17.1,0.4000000000000001
Matbench-Gap,DKL Multi-Fidelity,55,17.15,0.4000000000000001
Matbench-Gap,DKL Multi-Fidelity,55,17.2,0.4000000000000001
Matbench-Gap,DKL Multi-Fidelity,55,17.25,0.4000000000000001
Matbench-Gap,DKL Multi-Fidelity,55,17.3,0.4000000000000001
Matbench-Gap,DKL Multi-Fidelity,55,17.35,0.4000000000000001
Matbench-Gap,DKL Multi-Fidelity,55,17.4,0.4000000000000001
Matbench-Gap,DKL Multi-Fidelity,55,17.45,0.4000000000000001
Matbench-Gap,DKL Multi-Fidelity,55,17.5,0.4000000000000001
Matbench-Gap,DKL Multi-Fidelity,55,17.55,0.4000000000000001
Matbench-Gap,DKL Multi-Fidelity,55,17.6,0.4000000000000001
Matbench-Gap,DKL Multi-Fidelity,55,17.65,0.4000000000000001
Matbench-Gap,DKL Multi-Fidelity,55,17.7,0.4000000000000001
Matbench-Gap,DKL Multi-Fidelity,55,17.75,0.4000000000000001
Matbench-Gap,DKL Multi-Fidelity,55,17.8,0.4000000000000001
Matbench-Gap,DKL Multi-Fidelity,55,17.85,0.4000000000000001
Matbench-Gap,DKL Multi-Fidelity,55,17.9,0.4000000000000001
Matbench-Gap,DKL Multi-Fidelity,55,17.95,0.4000000000000001
Matbench-Gap,DKL Multi-Fidelity,55,18.0,0.4000000000000001
Matbench-Gap,DKL Multi-Fidelity,55,19.0,0.4000000000000001
Matbench-Gap,DKL Multi-Fidelity,55,19.05,0.4000000000000001
Matbench-Gap,DKL Multi-Fidelity,55,19.1,0.4000000000000001
Matbench-Gap,DKL Multi-Fidelity,55,19.15,0.4000000000000001
Matbench-Gap,DKL Multi-Fidelity,55,19.2,0.4000000000000001
Matbench-Gap,DKL Multi-Fidelity,55,19.25,0.4000000000000001
Matbench-Gap,DKL Multi-Fidelity,55,19.3,0.4000000000000001
Matbench-Gap,DKL Multi-Fidelity,55,19.35,0.4000000000000001
Matbench-Gap,DKL Multi-Fidelity,55,19.4,0.4000000000000001
Matbench-Gap,DKL Multi-Fidelity,55,19.45,0.4000000000000001
Matbench-Gap,DKL Multi-Fidelity,55,19.5,0.4000000000000001
Matbench-Gap,DKL Multi-Fidelity,55,19.55,0.4000000000000001
Matbench-Gap,DKL Multi-Fidelity,55,19.6,0.4000000000000001
Matbench-Gap,DKL Multi-Fidelity,55,19.65,0.4000000000000001
Matbench-Gap,DKL Multi-Fidelity,55,19.7,0.4000000000000001
Matbench-Gap,DKL Multi-Fidelity,55,19.75,0.4000000000000001
Matbench-Gap,DKL Multi-Fidelity,55,19.8,0.4000000000000001
Matbench-Gap,DKL Multi-Fidelity,55,19.85,0.4000000000000001
Matbench-Gap,DKL Multi-Fidelity,55,19.9,0.4000000000000001
Matbench-Gap,DKL Multi-Fidelity,55,19.95,0.4000000000000001
Matbench-Gap,DKL Multi-Fidelity,56,3.0,1.4
Matbench-Gap,DKL Multi-Fidelity,56,3.05,1.4
Matbench-Gap,DKL Multi-Fidelity,56,3.1,1.4
Matbench-Gap,DKL Multi-Fidelity,56,3.15,1.4
Matbench-Gap,DKL Multi-Fidelity,56,3.2,1.4
Matbench-Gap,DKL Multi-Fidelity,56,3.25,1.4
Matbench-Gap,DKL Multi-Fidelity,56,3.3,1.4
Matbench-Gap,DKL Multi-Fidelity,56,3.35,1.4
Matbench-Gap,DKL Multi-Fidelity,56,3.4,1.4
Matbench-Gap,DKL Multi-Fidelity,56,3.45,1.4
Matbench-Gap,DKL Multi-Fidelity,56,3.5,1.4
Matbench-Gap,DKL Multi-Fidelity,56,3.55,1.4
Matbench-Gap,DKL Multi-Fidelity,56,3.6,1.4
Matbench-Gap,DKL Multi-Fidelity,56,3.65,1.4
Matbench-Gap,DKL Multi-Fidelity,56,3.7,1.4
Matbench-Gap,DKL Multi-Fidelity,56,3.75,1.4
Matbench-Gap,DKL Multi-Fidelity,56,3.8,1.4
Matbench-Gap,DKL Multi-Fidelity,56,3.85,1.4
Matbench-Gap,DKL Multi-Fidelity,56,3.9,1.4
Matbench-Gap,DKL Multi-Fidelity,56,3.95,1.4
Matbench-Gap,DKL Multi-Fidelity,56,4.0,1.4
Matbench-Gap,DKL Multi-Fidelity,56,5.0,1.4
Matbench-Gap,DKL Multi-Fidelity,56,5.05,1.4
Matbench-Gap,DKL Multi-Fidelity,56,5.1,1.4
Matbench-Gap,DKL Multi-Fidelity,56,5.15,1.4
Matbench-Gap,DKL Multi-Fidelity,56,5.2,1.4
Matbench-Gap,DKL Multi-Fidelity,56,5.25,1.4
Matbench-Gap,DKL Multi-Fidelity,56,5.3,1.4
Matbench-Gap,DKL Multi-Fidelity,56,5.35,1.4
Matbench-Gap,DKL Multi-Fidelity,56,5.4,1.4
Matbench-Gap,DKL Multi-Fidelity,56,5.45,1.4
Matbench-Gap,DKL Multi-Fidelity,56,5.5,1.4
Matbench-Gap,DKL Multi-Fidelity,56,5.55,1.4
Matbench-Gap,DKL Multi-Fidelity,56,5.6,1.4
Matbench-Gap,DKL Multi-Fidelity,56,5.65,1.4
Matbench-Gap,DKL Multi-Fidelity,56,5.7,1.4
Matbench-Gap,DKL Multi-Fidelity,56,5.75,1.4
Matbench-Gap,DKL Multi-Fidelity,56,5.8,1.4
Matbench-Gap,DKL Multi-Fidelity,56,5.85,1.4
Matbench-Gap,DKL Multi-Fidelity,56,5.9,1.4
Matbench-Gap,DKL Multi-Fidelity,56,5.95,1.4
Matbench-Gap,DKL Multi-Fidelity,56,6.0,1.4
Matbench-Gap,DKL Multi-Fidelity,56,7.0,1.4
Matbench-Gap,DKL Multi-Fidelity,56,7.05,1.4
Matbench-Gap,DKL Multi-Fidelity,56,7.1,1.4
Matbench-Gap,DKL Multi-Fidelity,56,7.15,1.4
Matbench-Gap,DKL Multi-Fidelity,56,7.2,1.4
Matbench-Gap,DKL Multi-Fidelity,56,7.25,1.4
Matbench-Gap,DKL Multi-Fidelity,56,7.3,1.4
Matbench-Gap,DKL Multi-Fidelity,56,7.35,1.4
Matbench-Gap,DKL Multi-Fidelity,56,7.4,1.4
Matbench-Gap,DKL Multi-Fidelity,56,7.45,1.4
Matbench-Gap,DKL Multi-Fidelity,56,7.5,1.4
Matbench-Gap,DKL Multi-Fidelity,56,7.55,1.4
Matbench-Gap,DKL Multi-Fidelity,56,7.6,1.4
Matbench-Gap,DKL Multi-Fidelity,56,7.65,1.4
Matbench-Gap,DKL Multi-Fidelity,56,7.7,1.4
Matbench-Gap,DKL Multi-Fidelity,56,7.75,1.4
Matbench-Gap,DKL Multi-Fidelity,56,7.8,1.4
Matbench-Gap,DKL Multi-Fidelity,56,7.85,1.4
Matbench-Gap,DKL Multi-Fidelity,56,7.9,1.4
Matbench-Gap,DKL Multi-Fidelity,56,7.95,1.4
Matbench-Gap,DKL Multi-Fidelity,56,8.0,1.4
Matbench-Gap,DKL Multi-Fidelity,56,9.0,1.4
Matbench-Gap,DKL Multi-Fidelity,56,9.05,1.4
Matbench-Gap,DKL Multi-Fidelity,56,9.1,1.4
Matbench-Gap,DKL Multi-Fidelity,56,9.15,1.4
Matbench-Gap,DKL Multi-Fidelity,56,9.2,1.4
Matbench-Gap,DKL Multi-Fidelity,56,9.25,1.4
Matbench-Gap,DKL Multi-Fidelity,56,9.3,1.4
Matbench-Gap,DKL Multi-Fidelity,56,9.35,1.4
Matbench-Gap,DKL Multi-Fidelity,56,9.4,1.4
Matbench-Gap,DKL Multi-Fidelity,56,9.45,1.4
Matbench-Gap,DKL Multi-Fidelity,56,9.5,1.4
Matbench-Gap,DKL Multi-Fidelity,56,9.55,1.4
Matbench-Gap,DKL Multi-Fidelity,56,9.6,1.4
Matbench-Gap,DKL Multi-Fidelity,56,9.65,1.4
Matbench-Gap,DKL Multi-Fidelity,56,9.7,1.4
Matbench-Gap,DKL Multi-Fidelity,56,9.75,1.4
Matbench-Gap,DKL Multi-Fidelity,56,9.8,1.4
Matbench-Gap,DKL Multi-Fidelity,56,9.85,1.4
Matbench-Gap,DKL Multi-Fidelity,56,9.9,1.4
Matbench-Gap,DKL Multi-Fidelity,56,9.95,1.4
Matbench-Gap,DKL Multi-Fidelity,56,10.0,1.4
Matbench-Gap,DKL Multi-Fidelity,56,11.0,1.4
Matbench-Gap,DKL Multi-Fidelity,56,11.05,1.4
Matbench-Gap,DKL Multi-Fidelity,56,11.1,1.4
Matbench-Gap,DKL Multi-Fidelity,56,11.15,1.4
Matbench-Gap,DKL Multi-Fidelity,56,11.2,1.4
Matbench-Gap,DKL Multi-Fidelity,56,11.25,1.4
Matbench-Gap,DKL Multi-Fidelity,56,11.3,1.4
Matbench-Gap,DKL Multi-Fidelity,56,11.35,1.4
Matbench-Gap,DKL Multi-Fidelity,56,11.4,1.4
Matbench-Gap,DKL Multi-Fidelity,56,11.45,1.4
Matbench-Gap,DKL Multi-Fidelity,56,11.5,1.4
Matbench-Gap,DKL Multi-Fidelity,56,11.55,1.4
Matbench-Gap,DKL Multi-Fidelity,56,11.6,1.4
Matbench-Gap,DKL Multi-Fidelity,56,11.65,1.4
Matbench-Gap,DKL Multi-Fidelity,56,11.7,1.4
Matbench-Gap,DKL Multi-Fidelity,56,11.75,1.4
Matbench-Gap,DKL Multi-Fidelity,56,11.8,1.4
Matbench-Gap,DKL Multi-Fidelity,56,11.85,1.4
Matbench-Gap,DKL Multi-Fidelity,56,11.9,1.4
Matbench-Gap,DKL Multi-Fidelity,56,11.95,1.4
Matbench-Gap,DKL Multi-Fidelity,56,12.0,1.4
Matbench-Gap,DKL Multi-Fidelity,56,13.0,0.94
Matbench-Gap,DKL Multi-Fidelity,56,13.05,0.94
Matbench-Gap,DKL Multi-Fidelity,56,13.1,0.94
Matbench-Gap,DKL Multi-Fidelity,56,13.15,0.94
Matbench-Gap,DKL Multi-Fidelity,56,13.2,0.94
Matbench-Gap,DKL Multi-Fidelity,56,13.25,0.94
Matbench-Gap,DKL Multi-Fidelity,56,13.3,0.94
Matbench-Gap,DKL Multi-Fidelity,56,13.35,0.94
Matbench-Gap,DKL Multi-Fidelity,56,13.4,0.94
Matbench-Gap,DKL Multi-Fidelity,56,13.45,0.94
Matbench-Gap,DKL Multi-Fidelity,56,13.5,0.94
Matbench-Gap,DKL Multi-Fidelity,56,13.55,0.94
Matbench-Gap,DKL Multi-Fidelity,56,13.6,0.94
Matbench-Gap,DKL Multi-Fidelity,56,13.65,0.94
Matbench-Gap,DKL Multi-Fidelity,56,13.7,0.94
Matbench-Gap,DKL Multi-Fidelity,56,13.75,0.94
Matbench-Gap,DKL Multi-Fidelity,56,13.8,0.94
Matbench-Gap,DKL Multi-Fidelity,56,13.85,0.94
Matbench-Gap,DKL Multi-Fidelity,56,13.9,0.94
Matbench-Gap,DKL Multi-Fidelity,56,13.95,0.94
Matbench-Gap,DKL Multi-Fidelity,56,14.0,0.94
Matbench-Gap,DKL Multi-Fidelity,56,15.0,0.94
Matbench-Gap,DKL Multi-Fidelity,56,15.05,0.94
Matbench-Gap,DKL Multi-Fidelity,56,15.1,0.94
Matbench-Gap,DKL Multi-Fidelity,56,15.15,0.94
Matbench-Gap,DKL Multi-Fidelity,56,15.2,0.94
Matbench-Gap,DKL Multi-Fidelity,56,15.25,0.94
Matbench-Gap,DKL Multi-Fidelity,56,15.3,0.94
Matbench-Gap,DKL Multi-Fidelity,56,15.35,0.94
Matbench-Gap,DKL Multi-Fidelity,56,15.4,0.94
Matbench-Gap,DKL Multi-Fidelity,56,15.45,0.94
Matbench-Gap,DKL Multi-Fidelity,56,15.5,0.94
Matbench-Gap,DKL Multi-Fidelity,56,15.55,0.94
Matbench-Gap,DKL Multi-Fidelity,56,15.6,0.94
Matbench-Gap,DKL Multi-Fidelity,56,15.65,0.94
Matbench-Gap,DKL Multi-Fidelity,56,15.7,0.94
Matbench-Gap,DKL Multi-Fidelity,56,15.75,0.94
Matbench-Gap,DKL Multi-Fidelity,56,15.8,0.94
Matbench-Gap,DKL Multi-Fidelity,56,15.85,0.94
Matbench-Gap,DKL Multi-Fidelity,56,15.9,0.94
Matbench-Gap,DKL Multi-Fidelity,56,15.95,0.94
Matbench-Gap,DKL Multi-Fidelity,56,16.0,0.94
Matbench-Gap,DKL Multi-Fidelity,56,17.0,0.94
Matbench-Gap,DKL Multi-Fidelity,56,17.05,0.94
Matbench-Gap,DKL Multi-Fidelity,56,17.1,0.94
Matbench-Gap,DKL Multi-Fidelity,56,17.15,0.94
Matbench-Gap,DKL Multi-Fidelity,56,17.2,0.94
Matbench-Gap,DKL Multi-Fidelity,56,17.25,0.94
Matbench-Gap,DKL Multi-Fidelity,56,17.3,0.94
Matbench-Gap,DKL Multi-Fidelity,56,17.35,0.94
Matbench-Gap,DKL Multi-Fidelity,56,17.4,0.94
Matbench-Gap,DKL Multi-Fidelity,56,17.45,0.94
Matbench-Gap,DKL Multi-Fidelity,56,17.5,0.94
Matbench-Gap,DKL Multi-Fidelity,56,17.55,0.94
Matbench-Gap,DKL Multi-Fidelity,56,17.6,0.94
Matbench-Gap,DKL Multi-Fidelity,56,17.65,0.94
Matbench-Gap,DKL Multi-Fidelity,56,17.7,0.94
Matbench-Gap,DKL Multi-Fidelity,56,17.75,0.94
Matbench-Gap,DKL Multi-Fidelity,56,17.8,0.94
Matbench-Gap,DKL Multi-Fidelity,56,17.85,0.94
Matbench-Gap,DKL Multi-Fidelity,56,17.9,0.94
Matbench-Gap,DKL Multi-Fidelity,56,17.95,0.94
Matbench-Gap,DKL Multi-Fidelity,56,18.0,0.94
Matbench-Gap,DKL Multi-Fidelity,56,19.0,0.94
Matbench-Gap,DKL Multi-Fidelity,56,19.05,0.94
Matbench-Gap,DKL Multi-Fidelity,56,19.1,0.94
Matbench-Gap,DKL Multi-Fidelity,56,19.15,0.94
Matbench-Gap,DKL Multi-Fidelity,56,19.2,0.94
Matbench-Gap,DKL Multi-Fidelity,56,19.25,0.94
Matbench-Gap,DKL Multi-Fidelity,56,19.3,0.94
Matbench-Gap,DKL Multi-Fidelity,56,19.35,0.94
Matbench-Gap,DKL Multi-Fidelity,56,19.4,0.94
Matbench-Gap,DKL Multi-Fidelity,56,19.45,0.94
Matbench-Gap,DKL Multi-Fidelity,56,19.5,0.94
Matbench-Gap,DKL Multi-Fidelity,56,19.55,0.94
Matbench-Gap,DKL Multi-Fidelity,56,19.6,0.94
Matbench-Gap,DKL Multi-Fidelity,56,19.65,0.94
Matbench-Gap,DKL Multi-Fidelity,56,19.7,0.94
Matbench-Gap,DKL Multi-Fidelity,56,19.75,0.94
Matbench-Gap,DKL Multi-Fidelity,56,19.8,0.94
Matbench-Gap,DKL Multi-Fidelity,56,19.85,0.94
Matbench-Gap,DKL Multi-Fidelity,56,19.9,0.94
Matbench-Gap,DKL Multi-Fidelity,56,19.95,0.94
Matbench-Gap,DKL Multi-Fidelity,57,3.0,1.4
Matbench-Gap,DKL Multi-Fidelity,57,3.05,1.4
Matbench-Gap,DKL Multi-Fidelity,57,3.1,1.4
Matbench-Gap,DKL Multi-Fidelity,57,3.15,1.4
Matbench-Gap,DKL Multi-Fidelity,57,3.2,1.4
Matbench-Gap,DKL Multi-Fidelity,57,3.25,1.4
Matbench-Gap,DKL Multi-Fidelity,57,3.3,1.4
Matbench-Gap,DKL Multi-Fidelity,57,3.35,1.4
Matbench-Gap,DKL Multi-Fidelity,57,3.4,1.4
Matbench-Gap,DKL Multi-Fidelity,57,3.45,1.4
Matbench-Gap,DKL Multi-Fidelity,57,3.5,1.4
Matbench-Gap,DKL Multi-Fidelity,57,3.55,1.4
Matbench-Gap,DKL Multi-Fidelity,57,3.6,1.4
Matbench-Gap,DKL Multi-Fidelity,57,3.65,1.4
Matbench-Gap,DKL Multi-Fidelity,57,3.7,1.4
Matbench-Gap,DKL Multi-Fidelity,57,3.75,1.4
Matbench-Gap,DKL Multi-Fidelity,57,3.8,1.4
Matbench-Gap,DKL Multi-Fidelity,57,3.85,1.4
Matbench-Gap,DKL Multi-Fidelity,57,3.9,1.4
Matbench-Gap,DKL Multi-Fidelity,57,3.95,1.4
Matbench-Gap,DKL Multi-Fidelity,57,4.0,1.4
Matbench-Gap,DKL Multi-Fidelity,57,5.0,1.4
Matbench-Gap,DKL Multi-Fidelity,57,5.05,1.4
Matbench-Gap,DKL Multi-Fidelity,57,5.1,1.4
Matbench-Gap,DKL Multi-Fidelity,57,5.15,1.4
Matbench-Gap,DKL Multi-Fidelity,57,5.2,1.4
Matbench-Gap,DKL Multi-Fidelity,57,5.25,1.4
Matbench-Gap,DKL Multi-Fidelity,57,5.3,1.4
Matbench-Gap,DKL Multi-Fidelity,57,5.35,1.4
Matbench-Gap,DKL Multi-Fidelity,57,5.4,1.4
Matbench-Gap,DKL Multi-Fidelity,57,5.45,1.4
Matbench-Gap,DKL Multi-Fidelity,57,5.5,1.4
Matbench-Gap,DKL Multi-Fidelity,57,5.55,1.4
Matbench-Gap,DKL Multi-Fidelity,57,5.6,1.4
Matbench-Gap,DKL Multi-Fidelity,57,5.65,1.4
Matbench-Gap,DKL Multi-Fidelity,57,5.7,1.4
Matbench-Gap,DKL Multi-Fidelity,57,5.75,1.4
Matbench-Gap,DKL Multi-Fidelity,57,5.8,1.4
Matbench-Gap,DKL Multi-Fidelity,57,5.85,1.4
Matbench-Gap,DKL Multi-Fidelity,57,5.9,1.4
Matbench-Gap,DKL Multi-Fidelity,57,5.95,1.4
Matbench-Gap,DKL Multi-Fidelity,57,6.0,1.4
Matbench-Gap,DKL Multi-Fidelity,57,7.0,0.6000000000000001
Matbench-Gap,DKL Multi-Fidelity,57,7.05,0.6000000000000001
Matbench-Gap,DKL Multi-Fidelity,57,7.1,0.6000000000000001
Matbench-Gap,DKL Multi-Fidelity,57,7.15,0.6000000000000001
Matbench-Gap,DKL Multi-Fidelity,57,7.2,0.6000000000000001
Matbench-Gap,DKL Multi-Fidelity,57,7.25,0.6000000000000001
Matbench-Gap,DKL Multi-Fidelity,57,7.3,0.6000000000000001
Matbench-Gap,DKL Multi-Fidelity,57,7.35,0.6000000000000001
Matbench-Gap,DKL Multi-Fidelity,57,7.4,0.6000000000000001
Matbench-Gap,DKL Multi-Fidelity,57,7.45,0.6000000000000001
Matbench-Gap,DKL Multi-Fidelity,57,7.5,0.6000000000000001
Matbench-Gap,DKL Multi-Fidelity,57,7.55,0.6000000000000001
Matbench-Gap,DKL Multi-Fidelity,57,7.6,0.6000000000000001
Matbench-Gap,DKL Multi-Fidelity,57,7.65,0.6000000000000001
Matbench-Gap,DKL Multi-Fidelity,57,7.7,0.6000000000000001
Matbench-Gap,DKL Multi-Fidelity,57,7.75,0.6000000000000001
Matbench-Gap,DKL Multi-Fidelity,57,7.8,0.6000000000000001
Matbench-Gap,DKL Multi-Fidelity,57,7.85,0.6000000000000001
Matbench-Gap,DKL Multi-Fidelity,57,7.9,0.6000000000000001
Matbench-Gap,DKL Multi-Fidelity,57,7.95,0.6000000000000001
Matbench-Gap,DKL Multi-Fidelity,57,8.0,0.6000000000000001
Matbench-Gap,DKL Multi-Fidelity,57,9.0,0.6000000000000001
Matbench-Gap,DKL Multi-Fidelity,57,9.05,0.6000000000000001
Matbench-Gap,DKL Multi-Fidelity,57,9.1,0.6000000000000001
Matbench-Gap,DKL Multi-Fidelity,57,9.15,0.6000000000000001
Matbench-Gap,DKL Multi-Fidelity,57,9.2,0.6000000000000001
Matbench-Gap,DKL Multi-Fidelity,57,9.25,0.6000000000000001
Matbench-Gap,DKL Multi-Fidelity,57,9.3,0.6000000000000001
Matbench-Gap,DKL Multi-Fidelity,57,9.35,0.6000000000000001
Matbench-Gap,DKL Multi-Fidelity,57,9.4,0.6000000000000001
Matbench-Gap,DKL Multi-Fidelity,57,9.45,0.6000000000000001
Matbench-Gap,DKL Multi-Fidelity,57,9.5,0.6000000000000001
Matbench-Gap,DKL Multi-Fidelity,57,9.55,0.6000000000000001
Matbench-Gap,DKL Multi-Fidelity,57,9.6,0.6000000000000001
Matbench-Gap,DKL Multi-Fidelity,57,9.65,0.6000000000000001
Matbench-Gap,DKL Multi-Fidelity,57,9.7,0.6000000000000001
Matbench-Gap,DKL Multi-Fidelity,57,9.75,0.6000000000000001
Matbench-Gap,DKL Multi-Fidelity,57,9.8,0.6000000000000001
Matbench-Gap,DKL Multi-Fidelity,57,9.85,0.6000000000000001
Matbench-Gap,DKL Multi-Fidelity,57,9.9,0.6000000000000001
Matbench-Gap,DKL Multi-Fidelity,57,9.95,0.6000000000000001
Matbench-Gap,DKL Multi-Fidelity,57,10.0,0.6000000000000001
Matbench-Gap,DKL Multi-Fidelity,57,11.0,0.6000000000000001
Matbench-Gap,DKL Multi-Fidelity,57,11.05,0.6000000000000001
Matbench-Gap,DKL Multi-Fidelity,57,11.1,0.6000000000000001
Matbench-Gap,DKL Multi-Fidelity,57,11.15,0.6000000000000001
Matbench-Gap,DKL Multi-Fidelity,57,11.2,0.6000000000000001
Matbench-Gap,DKL Multi-Fidelity,57,11.25,0.6000000000000001
Matbench-Gap,DKL Multi-Fidelity,57,11.3,0.6000000000000001
Matbench-Gap,DKL Multi-Fidelity,57,11.35,0.6000000000000001
Matbench-Gap,DKL Multi-Fidelity,57,11.4,0.6000000000000001
Matbench-Gap,DKL Multi-Fidelity,57,11.45,0.6000000000000001
Matbench-Gap,DKL Multi-Fidelity,57,11.5,0.6000000000000001
Matbench-Gap,DKL Multi-Fidelity,57,11.55,0.6000000000000001
Matbench-Gap,DKL Multi-Fidelity,57,11.6,0.6000000000000001
Matbench-Gap,DKL Multi-Fidelity,57,11.65,0.6000000000000001
Matbench-Gap,DKL Multi-Fidelity,57,11.7,0.6000000000000001
Matbench-Gap,DKL Multi-Fidelity,57,11.75,0.6000000000000001
Matbench-Gap,DKL Multi-Fidelity,57,11.8,0.6000000000000001
Matbench-Gap,DKL Multi-Fidelity,57,11.85,0.6000000000000001
Matbench-Gap,DKL Multi-Fidelity,57,11.9,0.6000000000000001
Matbench-Gap,DKL Multi-Fidelity,57,11.95,0.6000000000000001
Matbench-Gap,DKL Multi-Fidelity,57,12.0,0.6000000000000001
Matbench-Gap,DKL Multi-Fidelity,57,13.0,0.6000000000000001
Matbench-Gap,DKL Multi-Fidelity,57,13.05,0.6000000000000001
Matbench-Gap,DKL Multi-Fidelity,57,13.1,0.6000000000000001
Matbench-Gap,DKL Multi-Fidelity,57,13.15,0.6000000000000001
Matbench-Gap,DKL Multi-Fidelity,57,13.2,0.6000000000000001
Matbench-Gap,DKL Multi-Fidelity,57,13.25,0.6000000000000001
Matbench-Gap,DKL Multi-Fidelity,57,13.3,0.6000000000000001
Matbench-Gap,DKL Multi-Fidelity,57,13.35,0.6000000000000001
Matbench-Gap,DKL Multi-Fidelity,57,13.4,0.6000000000000001
Matbench-Gap,DKL Multi-Fidelity,57,13.45,0.6000000000000001
Matbench-Gap,DKL Multi-Fidelity,57,13.5,0.6000000000000001
Matbench-Gap,DKL Multi-Fidelity,57,13.55,0.6000000000000001
Matbench-Gap,DKL Multi-Fidelity,57,13.6,0.6000000000000001
Matbench-Gap,DKL Multi-Fidelity,57,13.65,0.6000000000000001
Matbench-Gap,DKL Multi-Fidelity,57,13.7,0.6000000000000001
Matbench-Gap,DKL Multi-Fidelity,57,13.75,0.6000000000000001
Matbench-Gap,DKL Multi-Fidelity,57,13.8,0.6000000000000001
Matbench-Gap,DKL Multi-Fidelity,57,13.85,0.6000000000000001
Matbench-Gap,DKL Multi-Fidelity,57,13.9,0.6000000000000001
Matbench-Gap,DKL Multi-Fidelity,57,13.95,0.6000000000000001
Matbench-Gap,DKL Multi-Fidelity,57,14.0,0.6000000000000001
Matbench-Gap,DKL Multi-Fidelity,57,15.0,0.6000000000000001
Matbench-Gap,DKL Multi-Fidelity,57,15.05,0.6000000000000001
Matbench-Gap,DKL Multi-Fidelity,57,15.1,0.6000000000000001
Matbench-Gap,DKL Multi-Fidelity,57,15.15,0.6000000000000001
Matbench-Gap,DKL Multi-Fidelity,57,15.2,0.6000000000000001
Matbench-Gap,DKL Multi-Fidelity,57,15.25,0.6000000000000001
Matbench-Gap,DKL Multi-Fidelity,57,15.3,0.6000000000000001
Matbench-Gap,DKL Multi-Fidelity,57,15.35,0.6000000000000001
Matbench-Gap,DKL Multi-Fidelity,57,15.4,0.6000000000000001
Matbench-Gap,DKL Multi-Fidelity,57,15.45,0.6000000000000001
Matbench-Gap,DKL Multi-Fidelity,57,15.5,0.6000000000000001
Matbench-Gap,DKL Multi-Fidelity,57,15.55,0.6000000000000001
Matbench-Gap,DKL Multi-Fidelity,57,15.6,0.6000000000000001
Matbench-Gap,DKL Multi-Fidelity,57,15.65,0.6000000000000001
Matbench-Gap,DKL Multi-Fidelity,57,15.7,0.6000000000000001
Matbench-Gap,DKL Multi-Fidelity,57,15.75,0.6000000000000001
Matbench-Gap,DKL Multi-Fidelity,57,15.8,0.6000000000000001
Matbench-Gap,DKL Multi-Fidelity,57,15.85,0.6000000000000001
Matbench-Gap,DKL Multi-Fidelity,57,15.9,0.6000000000000001
Matbench-Gap,DKL Multi-Fidelity,57,15.95,0.6000000000000001
Matbench-Gap,DKL Multi-Fidelity,57,16.0,0.6000000000000001
Matbench-Gap,DKL Multi-Fidelity,57,17.0,0.6000000000000001
Matbench-Gap,DKL Multi-Fidelity,57,17.05,0.6000000000000001
Matbench-Gap,DKL Multi-Fidelity,57,17.1,0.6000000000000001
Matbench-Gap,DKL Multi-Fidelity,57,17.15,0.6000000000000001
Matbench-Gap,DKL Multi-Fidelity,57,17.2,0.6000000000000001
Matbench-Gap,DKL Multi-Fidelity,57,17.25,0.6000000000000001
Matbench-Gap,DKL Multi-Fidelity,57,17.3,0.6000000000000001
Matbench-Gap,DKL Multi-Fidelity,57,17.35,0.6000000000000001
Matbench-Gap,DKL Multi-Fidelity,57,17.4,0.6000000000000001
Matbench-Gap,DKL Multi-Fidelity,57,17.45,0.6000000000000001
Matbench-Gap,DKL Multi-Fidelity,57,17.5,0.6000000000000001
Matbench-Gap,DKL Multi-Fidelity,57,17.55,0.6000000000000001
Matbench-Gap,DKL Multi-Fidelity,57,17.6,0.6000000000000001
Matbench-Gap,DKL Multi-Fidelity,57,17.65,0.6000000000000001
Matbench-Gap,DKL Multi-Fidelity,57,17.7,0.6000000000000001
Matbench-Gap,DKL Multi-Fidelity,57,17.75,0.6000000000000001
Matbench-Gap,DKL Multi-Fidelity,57,17.8,0.6000000000000001
Matbench-Gap,DKL Multi-Fidelity,57,17.85,0.6000000000000001
Matbench-Gap,DKL Multi-Fidelity,57,17.9,0.6000000000000001
Matbench-Gap,DKL Multi-Fidelity,57,17.95,0.6000000000000001
Matbench-Gap,DKL Multi-Fidelity,57,18.0,0.6000000000000001
Matbench-Gap,DKL Multi-Fidelity,57,19.0,0.6000000000000001
Matbench-Gap,DKL Multi-Fidelity,57,19.05,0.6000000000000001
Matbench-Gap,DKL Multi-Fidelity,57,19.1,0.6000000000000001
Matbench-Gap,DKL Multi-Fidelity,57,19.15,0.6000000000000001
Matbench-Gap,DKL Multi-Fidelity,57,19.2,0.6000000000000001
Matbench-Gap,DKL Multi-Fidelity,57,19.25,0.6000000000000001
Matbench-Gap,DKL Multi-Fidelity,57,19.3,0.6000000000000001
Matbench-Gap,DKL Multi-Fidelity,57,19.35,0.6000000000000001
Matbench-Gap,DKL Multi-Fidelity,57,19.4,0.6000000000000001
Matbench-Gap,DKL Multi-Fidelity,57,19.45,0.6000000000000001
Matbench-Gap,DKL Multi-Fidelity,57,19.5,0.6000000000000001
Matbench-Gap,DKL Multi-Fidelity,57,19.55,0.6000000000000001
Matbench-Gap,DKL Multi-Fidelity,57,19.6,0.6000000000000001
Matbench-Gap,DKL Multi-Fidelity,57,19.65,0.6000000000000001
Matbench-Gap,DKL Multi-Fidelity,57,19.7,0.6000000000000001
Matbench-Gap,DKL Multi-Fidelity,57,19.75,0.6000000000000001
Matbench-Gap,DKL Multi-Fidelity,57,19.8,0.6000000000000001
Matbench-Gap,DKL Multi-Fidelity,57,19.85,0.6000000000000001
Matbench-Gap,DKL Multi-Fidelity,57,19.9,0.6000000000000001
Matbench-Gap,DKL Multi-Fidelity,57,19.95,0.6000000000000001
Matbench-Gap,DKL Multi-Fidelity,58,3.0,1.4
Matbench-Gap,DKL Multi-Fidelity,58,3.05,1.4
Matbench-Gap,DKL Multi-Fidelity,58,3.1,1.4
Matbench-Gap,DKL Multi-Fidelity,58,3.15,1.4
Matbench-Gap,DKL Multi-Fidelity,58,3.2,1.4
Matbench-Gap,DKL Multi-Fidelity,58,3.25,1.4
Matbench-Gap,DKL Multi-Fidelity,58,3.3,1.4
Matbench-Gap,DKL Multi-Fidelity,58,3.35,1.4
Matbench-Gap,DKL Multi-Fidelity,58,3.4,1.4
Matbench-Gap,DKL Multi-Fidelity,58,3.45,1.4
Matbench-Gap,DKL Multi-Fidelity,58,3.5,1.4
Matbench-Gap,DKL Multi-Fidelity,58,3.55,1.4
Matbench-Gap,DKL Multi-Fidelity,58,3.6,1.4
Matbench-Gap,DKL Multi-Fidelity,58,3.65,1.4
Matbench-Gap,DKL Multi-Fidelity,58,3.7,1.4
Matbench-Gap,DKL Multi-Fidelity,58,3.75,1.4
Matbench-Gap,DKL Multi-Fidelity,58,3.8,1.4
Matbench-Gap,DKL Multi-Fidelity,58,3.85,1.4
Matbench-Gap,DKL Multi-Fidelity,58,3.9,1.4
Matbench-Gap,DKL Multi-Fidelity,58,3.95,1.4
Matbench-Gap,DKL Multi-Fidelity,58,4.0,1.4
Matbench-Gap,DKL Multi-Fidelity,58,5.0,0.5800000000000001
Matbench-Gap,DKL Multi-Fidelity,58,5.05,0.5800000000000001
Matbench-Gap,DKL Multi-Fidelity,58,5.1,0.5800000000000001
Matbench-Gap,DKL Multi-Fidelity,58,5.15,0.5800000000000001
Matbench-Gap,DKL Multi-Fidelity,58,5.2,0.5800000000000001
Matbench-Gap,DKL Multi-Fidelity,58,5.25,0.5800000000000001
Matbench-Gap,DKL Multi-Fidelity,58,5.3,0.5800000000000001
Matbench-Gap,DKL Multi-Fidelity,58,5.35,0.5800000000000001
Matbench-Gap,DKL Multi-Fidelity,58,5.4,0.5800000000000001
Matbench-Gap,DKL Multi-Fidelity,58,5.45,0.5800000000000001
Matbench-Gap,DKL Multi-Fidelity,58,5.5,0.5800000000000001
Matbench-Gap,DKL Multi-Fidelity,58,5.55,0.5800000000000001
Matbench-Gap,DKL Multi-Fidelity,58,5.6,0.5800000000000001
Matbench-Gap,DKL Multi-Fidelity,58,5.65,0.5800000000000001
Matbench-Gap,DKL Multi-Fidelity,58,5.7,0.5800000000000001
Matbench-Gap,DKL Multi-Fidelity,58,5.75,0.5800000000000001
Matbench-Gap,DKL Multi-Fidelity,58,5.8,0.5800000000000001
Matbench-Gap,DKL Multi-Fidelity,58,5.85,0.5800000000000001
Matbench-Gap,DKL Multi-Fidelity,58,5.9,0.5800000000000001
Matbench-Gap,DKL Multi-Fidelity,58,5.95,0.5800000000000001
Matbench-Gap,DKL Multi-Fidelity,58,6.0,0.5800000000000001
Matbench-Gap,DKL Multi-Fidelity,58,7.0,0.5800000000000001
Matbench-Gap,DKL Multi-Fidelity,58,7.05,0.5800000000000001
Matbench-Gap,DKL Multi-Fidelity,58,7.1,0.5800000000000001
Matbench-Gap,DKL Multi-Fidelity,58,7.15,0.5800000000000001
Matbench-Gap,DKL Multi-Fidelity,58,7.2,0.5800000000000001
Matbench-Gap,DKL Multi-Fidelity,58,7.25,0.5800000000000001
Matbench-Gap,DKL Multi-Fidelity,58,7.3,0.5800000000000001
Matbench-Gap,DKL Multi-Fidelity,58,7.35,0.5800000000000001
Matbench-Gap,DKL Multi-Fidelity,58,7.4,0.5800000000000001
Matbench-Gap,DKL Multi-Fidelity,58,7.45,0.5800000000000001
Matbench-Gap,DKL Multi-Fidelity,58,7.5,0.5800000000000001
Matbench-Gap,DKL Multi-Fidelity,58,7.55,0.5800000000000001
Matbench-Gap,DKL Multi-Fidelity,58,7.6,0.5800000000000001
Matbench-Gap,DKL Multi-Fidelity,58,7.65,0.5800000000000001
Matbench-Gap,DKL Multi-Fidelity,58,7.7,0.5800000000000001
Matbench-Gap,DKL Multi-Fidelity,58,7.75,0.5800000000000001
Matbench-Gap,DKL Multi-Fidelity,58,7.8,0.5800000000000001
Matbench-Gap,DKL Multi-Fidelity,58,7.85,0.5800000000000001
Matbench-Gap,DKL Multi-Fidelity,58,7.9,0.5800000000000001
Matbench-Gap,DKL Multi-Fidelity,58,7.95,0.5800000000000001
Matbench-Gap,DKL Multi-Fidelity,58,8.0,0.5800000000000001
Matbench-Gap,DKL Multi-Fidelity,58,9.0,0.5800000000000001
Matbench-Gap,DKL Multi-Fidelity,58,9.05,0.5800000000000001
Matbench-Gap,DKL Multi-Fidelity,58,9.1,0.5800000000000001
Matbench-Gap,DKL Multi-Fidelity,58,9.15,0.5800000000000001
Matbench-Gap,DKL Multi-Fidelity,58,9.2,0.5800000000000001
Matbench-Gap,DKL Multi-Fidelity,58,9.25,0.5800000000000001
Matbench-Gap,DKL Multi-Fidelity,58,9.3,0.5800000000000001
Matbench-Gap,DKL Multi-Fidelity,58,9.35,0.5800000000000001
Matbench-Gap,DKL Multi-Fidelity,58,9.4,0.5800000000000001
Matbench-Gap,DKL Multi-Fidelity,58,9.45,0.5800000000000001
Matbench-Gap,DKL Multi-Fidelity,58,9.5,0.5800000000000001
Matbench-Gap,DKL Multi-Fidelity,58,9.55,0.5800000000000001
Matbench-Gap,DKL Multi-Fidelity,58,9.6,0.5800000000000001
Matbench-Gap,DKL Multi-Fidelity,58,9.65,0.5800000000000001
Matbench-Gap,DKL Multi-Fidelity,58,9.7,0.5800000000000001
Matbench-Gap,DKL Multi-Fidelity,58,9.75,0.5800000000000001
Matbench-Gap,DKL Multi-Fidelity,58,9.8,0.5800000000000001
Matbench-Gap,DKL Multi-Fidelity,58,9.85,0.5800000000000001
Matbench-Gap,DKL Multi-Fidelity,58,9.9,0.5800000000000001
Matbench-Gap,DKL Multi-Fidelity,58,9.95,0.5800000000000001
Matbench-Gap,DKL Multi-Fidelity,58,10.0,0.5800000000000001
Matbench-Gap,DKL Multi-Fidelity,58,11.0,0.5800000000000001
Matbench-Gap,DKL Multi-Fidelity,58,11.05,0.5800000000000001
Matbench-Gap,DKL Multi-Fidelity,58,11.1,0.5800000000000001
Matbench-Gap,DKL Multi-Fidelity,58,11.15,0.5800000000000001
Matbench-Gap,DKL Multi-Fidelity,58,11.2,0.5800000000000001
Matbench-Gap,DKL Multi-Fidelity,58,11.25,0.5800000000000001
Matbench-Gap,DKL Multi-Fidelity,58,11.3,0.5800000000000001
Matbench-Gap,DKL Multi-Fidelity,58,11.35,0.5800000000000001
Matbench-Gap,DKL Multi-Fidelity,58,11.4,0.5800000000000001
Matbench-Gap,DKL Multi-Fidelity,58,11.45,0.5800000000000001
Matbench-Gap,DKL Multi-Fidelity,58,11.5,0.5800000000000001
Matbench-Gap,DKL Multi-Fidelity,58,11.55,0.5800000000000001
Matbench-Gap,DKL Multi-Fidelity,58,11.6,0.5800000000000001
Matbench-Gap,DKL Multi-Fidelity,58,11.65,0.5800000000000001
Matbench-Gap,DKL Multi-Fidelity,58,11.7,0.5800000000000001
Matbench-Gap,DKL Multi-Fidelity,58,11.75,0.5800000000000001
Matbench-Gap,DKL Multi-Fidelity,58,11.8,0.5800000000000001
Matbench-Gap,DKL Multi-Fidelity,58,11.85,0.5800000000000001
Matbench-Gap,DKL Multi-Fidelity,58,11.9,0.5800000000000001
Matbench-Gap,DKL Multi-Fidelity,58,11.95,0.5800000000000001
Matbench-Gap,DKL Multi-Fidelity,58,12.0,0.5800000000000001
Matbench-Gap,DKL Multi-Fidelity,58,13.0,0.5800000000000001
Matbench-Gap,DKL Multi-Fidelity,58,13.05,0.5800000000000001
Matbench-Gap,DKL Multi-Fidelity,58,13.1,0.5800000000000001
Matbench-Gap,DKL Multi-Fidelity,58,13.15,0.5800000000000001
Matbench-Gap,DKL Multi-Fidelity,58,13.2,0.5800000000000001
Matbench-Gap,DKL Multi-Fidelity,58,13.25,0.5800000000000001
Matbench-Gap,DKL Multi-Fidelity,58,13.3,0.5800000000000001
Matbench-Gap,DKL Multi-Fidelity,58,13.35,0.5800000000000001
Matbench-Gap,DKL Multi-Fidelity,58,13.4,0.5800000000000001
Matbench-Gap,DKL Multi-Fidelity,58,13.45,0.5800000000000001
Matbench-Gap,DKL Multi-Fidelity,58,13.5,0.5800000000000001
Matbench-Gap,DKL Multi-Fidelity,58,13.55,0.5800000000000001
Matbench-Gap,DKL Multi-Fidelity,58,13.6,0.5800000000000001
Matbench-Gap,DKL Multi-Fidelity,58,13.65,0.5800000000000001
Matbench-Gap,DKL Multi-Fidelity,58,13.7,0.5800000000000001
Matbench-Gap,DKL Multi-Fidelity,58,13.75,0.5800000000000001
Matbench-Gap,DKL Multi-Fidelity,58,13.8,0.5800000000000001
Matbench-Gap,DKL Multi-Fidelity,58,13.85,0.5800000000000001
Matbench-Gap,DKL Multi-Fidelity,58,13.9,0.5800000000000001
Matbench-Gap,DKL Multi-Fidelity,58,13.95,0.5800000000000001
Matbench-Gap,DKL Multi-Fidelity,58,14.0,0.5800000000000001
Matbench-Gap,DKL Multi-Fidelity,58,15.0,0.5800000000000001
Matbench-Gap,DKL Multi-Fidelity,58,15.05,0.5800000000000001
Matbench-Gap,DKL Multi-Fidelity,58,15.1,0.5800000000000001
Matbench-Gap,DKL Multi-Fidelity,58,15.15,0.5800000000000001
Matbench-Gap,DKL Multi-Fidelity,58,15.2,0.5800000000000001
Matbench-Gap,DKL Multi-Fidelity,58,15.25,0.5800000000000001
Matbench-Gap,DKL Multi-Fidelity,58,15.3,0.5800000000000001
Matbench-Gap,DKL Multi-Fidelity,58,15.35,0.5800000000000001
Matbench-Gap,DKL Multi-Fidelity,58,15.4,0.5800000000000001
Matbench-Gap,DKL Multi-Fidelity,58,15.45,0.5800000000000001
Matbench-Gap,DKL Multi-Fidelity,58,15.5,0.5800000000000001
Matbench-Gap,DKL Multi-Fidelity,58,15.55,0.5800000000000001
Matbench-Gap,DKL Multi-Fidelity,58,15.6,0.5800000000000001
Matbench-Gap,DKL Multi-Fidelity,58,15.65,0.5800000000000001
Matbench-Gap,DKL Multi-Fidelity,58,15.7,0.5800000000000001
Matbench-Gap,DKL Multi-Fidelity,58,15.75,0.5800000000000001
Matbench-Gap,DKL Multi-Fidelity,58,15.8,0.5800000000000001
Matbench-Gap,DKL Multi-Fidelity,58,15.85,0.5800000000000001
Matbench-Gap,DKL Multi-Fidelity,58,15.9,0.5800000000000001
Matbench-Gap,DKL Multi-Fidelity,58,15.95,0.5800000000000001
Matbench-Gap,DKL Multi-Fidelity,58,16.0,0.5800000000000001
Matbench-Gap,DKL Multi-Fidelity,58,17.0,0.1
Matbench-Gap,DKL Multi-Fidelity,58,17.05,0.1
Matbench-Gap,DKL Multi-Fidelity,58,17.1,0.1
Matbench-Gap,DKL Multi-Fidelity,58,17.15,0.1
Matbench-Gap,DKL Multi-Fidelity,58,17.2,0.1
Matbench-Gap,DKL Multi-Fidelity,58,17.25,0.1
Matbench-Gap,DKL Multi-Fidelity,58,17.3,0.1
Matbench-Gap,DKL Multi-Fidelity,58,17.35,0.1
Matbench-Gap,DKL Multi-Fidelity,58,17.4,0.1
Matbench-Gap,DKL Multi-Fidelity,58,17.45,0.1
Matbench-Gap,DKL Multi-Fidelity,58,17.5,0.1
Matbench-Gap,DKL Multi-Fidelity,58,17.55,0.1
Matbench-Gap,DKL Multi-Fidelity,58,17.6,0.1
Matbench-Gap,DKL Multi-Fidelity,58,17.65,0.1
Matbench-Gap,DKL Multi-Fidelity,58,17.7,0.1
Matbench-Gap,DKL Multi-Fidelity,58,17.75,0.1
Matbench-Gap,DKL Multi-Fidelity,58,17.8,0.1
Matbench-Gap,DKL Multi-Fidelity,58,17.85,0.1
Matbench-Gap,DKL Multi-Fidelity,58,17.9,0.1
Matbench-Gap,DKL Multi-Fidelity,58,17.95,0.1
Matbench-Gap,DKL Multi-Fidelity,58,18.0,0.1
Matbench-Gap,DKL Multi-Fidelity,58,19.0,0.1
Matbench-Gap,DKL Multi-Fidelity,58,19.05,0.1
Matbench-Gap,DKL Multi-Fidelity,58,19.1,0.1
Matbench-Gap,DKL Multi-Fidelity,58,19.15,0.1
Matbench-Gap,DKL Multi-Fidelity,58,19.2,0.1
Matbench-Gap,DKL Multi-Fidelity,58,19.25,0.1
Matbench-Gap,DKL Multi-Fidelity,58,19.3,0.1
Matbench-Gap,DKL Multi-Fidelity,58,19.35,0.1
Matbench-Gap,DKL Multi-Fidelity,58,19.4,0.1
Matbench-Gap,DKL Multi-Fidelity,58,19.45,0.1
Matbench-Gap,DKL Multi-Fidelity,58,19.5,0.1
Matbench-Gap,DKL Multi-Fidelity,58,19.55,0.1
Matbench-Gap,DKL Multi-Fidelity,58,19.6,0.1
Matbench-Gap,DKL Multi-Fidelity,58,19.65,0.1
Matbench-Gap,DKL Multi-Fidelity,58,19.7,0.1
Matbench-Gap,DKL Multi-Fidelity,58,19.75,0.1
Matbench-Gap,DKL Multi-Fidelity,58,19.8,0.1
Matbench-Gap,DKL Multi-Fidelity,58,19.85,0.1
Matbench-Gap,DKL Multi-Fidelity,58,19.9,0.1
Matbench-Gap,DKL Multi-Fidelity,58,19.95,0.1
Matbench-Gap,DKL Multi-Fidelity,59,3.0,1.4
Matbench-Gap,DKL Multi-Fidelity,59,3.05,1.4
Matbench-Gap,DKL Multi-Fidelity,59,3.1,1.4
Matbench-Gap,DKL Multi-Fidelity,59,3.15,1.4
Matbench-Gap,DKL Multi-Fidelity,59,3.2,1.4
Matbench-Gap,DKL Multi-Fidelity,59,3.25,1.4
Matbench-Gap,DKL Multi-Fidelity,59,3.3,1.4
Matbench-Gap,DKL Multi-Fidelity,59,3.35,1.4
Matbench-Gap,DKL Multi-Fidelity,59,3.4,1.4
Matbench-Gap,DKL Multi-Fidelity,59,3.45,1.4
Matbench-Gap,DKL Multi-Fidelity,59,3.5,1.4
Matbench-Gap,DKL Multi-Fidelity,59,3.55,1.4
Matbench-Gap,DKL Multi-Fidelity,59,3.6,1.4
Matbench-Gap,DKL Multi-Fidelity,59,3.65,1.4
Matbench-Gap,DKL Multi-Fidelity,59,3.7,1.4
Matbench-Gap,DKL Multi-Fidelity,59,3.75,1.4
Matbench-Gap,DKL Multi-Fidelity,59,3.8,1.4
Matbench-Gap,DKL Multi-Fidelity,59,3.85,1.4
Matbench-Gap,DKL Multi-Fidelity,59,3.9,1.4
Matbench-Gap,DKL Multi-Fidelity,59,3.95,1.4
Matbench-Gap,DKL Multi-Fidelity,59,4.0,1.4
Matbench-Gap,DKL Multi-Fidelity,59,5.0,1.4
Matbench-Gap,DKL Multi-Fidelity,59,5.05,1.4
Matbench-Gap,DKL Multi-Fidelity,59,5.1,1.4
Matbench-Gap,DKL Multi-Fidelity,59,5.15,1.4
Matbench-Gap,DKL Multi-Fidelity,59,5.2,1.4
Matbench-Gap,DKL Multi-Fidelity,59,5.25,1.4
Matbench-Gap,DKL Multi-Fidelity,59,5.3,1.4
Matbench-Gap,DKL Multi-Fidelity,59,5.35,1.4
Matbench-Gap,DKL Multi-Fidelity,59,5.4,1.4
Matbench-Gap,DKL Multi-Fidelity,59,5.45,1.4
Matbench-Gap,DKL Multi-Fidelity,59,5.5,1.4
Matbench-Gap,DKL Multi-Fidelity,59,5.55,1.4
Matbench-Gap,DKL Multi-Fidelity,59,5.6,1.4
Matbench-Gap,DKL Multi-Fidelity,59,5.65,1.4
Matbench-Gap,DKL Multi-Fidelity,59,5.7,1.4
Matbench-Gap,DKL Multi-Fidelity,59,5.75,1.4
Matbench-Gap,DKL Multi-Fidelity,59,5.8,1.4
Matbench-Gap,DKL Multi-Fidelity,59,5.85,1.4
Matbench-Gap,DKL Multi-Fidelity,59,5.9,1.4
Matbench-Gap,DKL Multi-Fidelity,59,5.95,1.4
Matbench-Gap,DKL Multi-Fidelity,59,6.0,1.4
Matbench-Gap,DKL Multi-Fidelity,59,7.0,1.4
Matbench-Gap,DKL Multi-Fidelity,59,7.05,1.4
Matbench-Gap,DKL Multi-Fidelity,59,7.1,1.4
Matbench-Gap,DKL Multi-Fidelity,59,7.15,1.4
Matbench-Gap,DKL Multi-Fidelity,59,7.2,1.4
Matbench-Gap,DKL Multi-Fidelity,59,7.25,1.4
Matbench-Gap,DKL Multi-Fidelity,59,7.3,1.4
Matbench-Gap,DKL Multi-Fidelity,59,7.35,1.4
Matbench-Gap,DKL Multi-Fidelity,59,7.4,1.4
Matbench-Gap,DKL Multi-Fidelity,59,7.45,1.4
Matbench-Gap,DKL Multi-Fidelity,59,7.5,1.4
Matbench-Gap,DKL Multi-Fidelity,59,7.55,1.4
Matbench-Gap,DKL Multi-Fidelity,59,7.6,1.4
Matbench-Gap,DKL Multi-Fidelity,59,7.65,1.4
Matbench-Gap,DKL Multi-Fidelity,59,7.7,1.4
Matbench-Gap,DKL Multi-Fidelity,59,7.75,1.4
Matbench-Gap,DKL Multi-Fidelity,59,7.8,1.4
Matbench-Gap,DKL Multi-Fidelity,59,7.85,1.4
Matbench-Gap,DKL Multi-Fidelity,59,7.9,1.4
Matbench-Gap,DKL Multi-Fidelity,59,7.95,1.4
Matbench-Gap,DKL Multi-Fidelity,59,8.0,1.4
Matbench-Gap,DKL Multi-Fidelity,59,9.0,1.4
Matbench-Gap,DKL Multi-Fidelity,59,9.05,1.4
Matbench-Gap,DKL Multi-Fidelity,59,9.1,1.4
Matbench-Gap,DKL Multi-Fidelity,59,9.15,1.4
Matbench-Gap,DKL Multi-Fidelity,59,9.2,1.4
Matbench-Gap,DKL Multi-Fidelity,59,9.25,1.4
Matbench-Gap,DKL Multi-Fidelity,59,9.3,1.4
Matbench-Gap,DKL Multi-Fidelity,59,9.35,1.4
Matbench-Gap,DKL Multi-Fidelity,59,9.4,1.4
Matbench-Gap,DKL Multi-Fidelity,59,9.45,1.4
Matbench-Gap,DKL Multi-Fidelity,59,9.5,1.4
Matbench-Gap,DKL Multi-Fidelity,59,9.55,1.4
Matbench-Gap,DKL Multi-Fidelity,59,9.6,1.4
Matbench-Gap,DKL Multi-Fidelity,59,9.65,1.4
Matbench-Gap,DKL Multi-Fidelity,59,9.7,1.4
Matbench-Gap,DKL Multi-Fidelity,59,9.75,1.4
Matbench-Gap,DKL Multi-Fidelity,59,9.8,1.4
Matbench-Gap,DKL Multi-Fidelity,59,9.85,1.4
Matbench-Gap,DKL Multi-Fidelity,59,9.9,1.4
Matbench-Gap,DKL Multi-Fidelity,59,9.95,1.4
Matbench-Gap,DKL Multi-Fidelity,59,10.0,1.4
Matbench-Gap,DKL Multi-Fidelity,59,11.0,1.4
Matbench-Gap,DKL Multi-Fidelity,59,11.05,1.4
Matbench-Gap,DKL Multi-Fidelity,59,11.1,1.4
Matbench-Gap,DKL Multi-Fidelity,59,11.15,1.4
Matbench-Gap,DKL Multi-Fidelity,59,11.2,1.4
Matbench-Gap,DKL Multi-Fidelity,59,11.25,1.4
Matbench-Gap,DKL Multi-Fidelity,59,11.3,1.4
Matbench-Gap,DKL Multi-Fidelity,59,11.35,1.4
Matbench-Gap,DKL Multi-Fidelity,59,11.4,1.4
Matbench-Gap,DKL Multi-Fidelity,59,11.45,1.4
Matbench-Gap,DKL Multi-Fidelity,59,11.5,1.4
Matbench-Gap,DKL Multi-Fidelity,59,11.55,1.4
Matbench-Gap,DKL Multi-Fidelity,59,11.6,1.4
Matbench-Gap,DKL Multi-Fidelity,59,11.65,1.4
Matbench-Gap,DKL Multi-Fidelity,59,11.7,1.4
Matbench-Gap,DKL Multi-Fidelity,59,11.75,1.4
Matbench-Gap,DKL Multi-Fidelity,59,11.8,1.4
Matbench-Gap,DKL Multi-Fidelity,59,11.85,1.4
Matbench-Gap,DKL Multi-Fidelity,59,11.9,1.4
Matbench-Gap,DKL Multi-Fidelity,59,11.95,1.4
Matbench-Gap,DKL Multi-Fidelity,59,12.0,1.4
Matbench-Gap,DKL Multi-Fidelity,59,13.0,1.4
Matbench-Gap,DKL Multi-Fidelity,59,13.05,1.4
Matbench-Gap,DKL Multi-Fidelity,59,13.1,1.4
Matbench-Gap,DKL Multi-Fidelity,59,13.15,1.4
Matbench-Gap,DKL Multi-Fidelity,59,13.2,1.4
Matbench-Gap,DKL Multi-Fidelity,59,13.25,1.4
Matbench-Gap,DKL Multi-Fidelity,59,13.3,1.4
Matbench-Gap,DKL Multi-Fidelity,59,13.35,1.4
Matbench-Gap,DKL Multi-Fidelity,59,13.4,1.4
Matbench-Gap,DKL Multi-Fidelity,59,13.45,1.4
Matbench-Gap,DKL Multi-Fidelity,59,13.5,1.4
Matbench-Gap,DKL Multi-Fidelity,59,13.55,1.4
Matbench-Gap,DKL Multi-Fidelity,59,13.6,1.4
Matbench-Gap,DKL Multi-Fidelity,59,13.65,1.4
Matbench-Gap,DKL Multi-Fidelity,59,13.7,1.4
Matbench-Gap,DKL Multi-Fidelity,59,13.75,1.4
Matbench-Gap,DKL Multi-Fidelity,59,13.8,1.4
Matbench-Gap,DKL Multi-Fidelity,59,13.85,1.4
Matbench-Gap,DKL Multi-Fidelity,59,13.9,1.4
Matbench-Gap,DKL Multi-Fidelity,59,13.95,1.4
Matbench-Gap,DKL Multi-Fidelity,59,14.0,1.4
Matbench-Gap,DKL Multi-Fidelity,59,15.0,1.4
Matbench-Gap,DKL Multi-Fidelity,59,15.05,1.4
Matbench-Gap,DKL Multi-Fidelity,59,15.1,1.4
Matbench-Gap,DKL Multi-Fidelity,59,15.15,1.4
Matbench-Gap,DKL Multi-Fidelity,59,15.2,1.4
Matbench-Gap,DKL Multi-Fidelity,59,15.25,1.4
Matbench-Gap,DKL Multi-Fidelity,59,15.3,1.4
Matbench-Gap,DKL Multi-Fidelity,59,15.35,1.4
Matbench-Gap,DKL Multi-Fidelity,59,15.4,1.4
Matbench-Gap,DKL Multi-Fidelity,59,15.45,1.4
Matbench-Gap,DKL Multi-Fidelity,59,15.5,1.4
Matbench-Gap,DKL Multi-Fidelity,59,15.55,1.4
Matbench-Gap,DKL Multi-Fidelity,59,15.6,1.4
Matbench-Gap,DKL Multi-Fidelity,59,15.65,1.4
Matbench-Gap,DKL Multi-Fidelity,59,15.7,1.4
Matbench-Gap,DKL Multi-Fidelity,59,15.75,1.4
Matbench-Gap,DKL Multi-Fidelity,59,15.8,1.4
Matbench-Gap,DKL Multi-Fidelity,59,15.85,1.4
Matbench-Gap,DKL Multi-Fidelity,59,15.9,1.4
Matbench-Gap,DKL Multi-Fidelity,59,15.95,1.4
Matbench-Gap,DKL Multi-Fidelity,59,16.0,1.4
Matbench-Gap,DKL Multi-Fidelity,59,17.0,1.4
Matbench-Gap,DKL Multi-Fidelity,59,17.05,1.4
Matbench-Gap,DKL Multi-Fidelity,59,17.1,1.4
Matbench-Gap,DKL Multi-Fidelity,59,17.15,1.4
Matbench-Gap,DKL Multi-Fidelity,59,17.2,1.4
Matbench-Gap,DKL Multi-Fidelity,59,17.25,1.4
Matbench-Gap,DKL Multi-Fidelity,59,17.3,1.4
Matbench-Gap,DKL Multi-Fidelity,59,17.35,1.4
Matbench-Gap,DKL Multi-Fidelity,59,17.4,1.4
Matbench-Gap,DKL Multi-Fidelity,59,17.45,1.4
Matbench-Gap,DKL Multi-Fidelity,59,17.5,1.4
Matbench-Gap,DKL Multi-Fidelity,59,17.55,1.4
Matbench-Gap,DKL Multi-Fidelity,59,17.6,1.4
Matbench-Gap,DKL Multi-Fidelity,59,17.65,1.4
Matbench-Gap,DKL Multi-Fidelity,59,17.7,1.4
Matbench-Gap,DKL Multi-Fidelity,59,17.75,1.4
Matbench-Gap,DKL Multi-Fidelity,59,17.8,1.4
Matbench-Gap,DKL Multi-Fidelity,59,17.85,1.4
Matbench-Gap,DKL Multi-Fidelity,59,17.9,1.4
Matbench-Gap,DKL Multi-Fidelity,59,17.95,1.4
Matbench-Gap,DKL Multi-Fidelity,59,18.0,1.4
Matbench-Gap,DKL Multi-Fidelity,59,19.0,1.4
Matbench-Gap,DKL Multi-Fidelity,59,19.05,1.4
Matbench-Gap,DKL Multi-Fidelity,59,19.1,1.4
Matbench-Gap,DKL Multi-Fidelity,59,19.15,1.4
Matbench-Gap,DKL Multi-Fidelity,59,19.2,1.4
Matbench-Gap,DKL Multi-Fidelity,59,19.25,1.4
Matbench-Gap,DKL Multi-Fidelity,59,19.3,1.4
Matbench-Gap,DKL Multi-Fidelity,59,19.35,1.4
Matbench-Gap,DKL Multi-Fidelity,59,19.4,1.4
Matbench-Gap,DKL Multi-Fidelity,59,19.45,1.4
Matbench-Gap,DKL Multi-Fidelity,59,19.5,1.4
Matbench-Gap,DKL Multi-Fidelity,59,19.55,1.4
Matbench-Gap,DKL Multi-Fidelity,59,19.6,1.4
Matbench-Gap,DKL Multi-Fidelity,59,19.65,1.4
Matbench-Gap,DKL Multi-Fidelity,59,19.7,1.4
Matbench-Gap,DKL Multi-Fidelity,59,19.75,1.4
Matbench-Gap,DKL Multi-Fidelity,59,19.8,1.4
Matbench-Gap,DKL Multi-Fidelity,59,19.85,1.4
Matbench-Gap,DKL Multi-Fidelity,59,19.9,1.4
Matbench-Gap,DKL Multi-Fidelity,59,19.95,1.4
Matbench-Gap,DKL Multi-Fidelity,60,3.0,0.7800000000000002
Matbench-Gap,DKL Multi-Fidelity,60,3.05,0.7800000000000002
Matbench-Gap,DKL Multi-Fidelity,60,3.1,0.7800000000000002
Matbench-Gap,DKL Multi-Fidelity,60,3.15,0.7800000000000002
Matbench-Gap,DKL Multi-Fidelity,60,3.2,0.7800000000000002
Matbench-Gap,DKL Multi-Fidelity,60,3.25,0.7800000000000002
Matbench-Gap,DKL Multi-Fidelity,60,3.3,0.7800000000000002
Matbench-Gap,DKL Multi-Fidelity,60,3.35,0.7800000000000002
Matbench-Gap,DKL Multi-Fidelity,60,3.4,0.7800000000000002
Matbench-Gap,DKL Multi-Fidelity,60,3.45,0.7800000000000002
Matbench-Gap,DKL Multi-Fidelity,60,3.5,0.7800000000000002
Matbench-Gap,DKL Multi-Fidelity,60,3.55,0.7800000000000002
Matbench-Gap,DKL Multi-Fidelity,60,3.6,0.7800000000000002
Matbench-Gap,DKL Multi-Fidelity,60,3.65,0.7800000000000002
Matbench-Gap,DKL Multi-Fidelity,60,3.7,0.7800000000000002
Matbench-Gap,DKL Multi-Fidelity,60,3.75,0.7800000000000002
Matbench-Gap,DKL Multi-Fidelity,60,3.8,0.7800000000000002
Matbench-Gap,DKL Multi-Fidelity,60,3.85,0.7800000000000002
Matbench-Gap,DKL Multi-Fidelity,60,3.9,0.7800000000000002
Matbench-Gap,DKL Multi-Fidelity,60,3.95,0.7800000000000002
Matbench-Gap,DKL Multi-Fidelity,60,4.0,0.7800000000000002
Matbench-Gap,DKL Multi-Fidelity,60,5.0,0.7800000000000002
Matbench-Gap,DKL Multi-Fidelity,60,5.05,0.7800000000000002
Matbench-Gap,DKL Multi-Fidelity,60,5.1,0.7800000000000002
Matbench-Gap,DKL Multi-Fidelity,60,5.15,0.7800000000000002
Matbench-Gap,DKL Multi-Fidelity,60,5.2,0.7800000000000002
Matbench-Gap,DKL Multi-Fidelity,60,5.25,0.7800000000000002
Matbench-Gap,DKL Multi-Fidelity,60,5.3,0.7800000000000002
Matbench-Gap,DKL Multi-Fidelity,60,5.35,0.7800000000000002
Matbench-Gap,DKL Multi-Fidelity,60,5.4,0.7800000000000002
Matbench-Gap,DKL Multi-Fidelity,60,5.45,0.7800000000000002
Matbench-Gap,DKL Multi-Fidelity,60,5.5,0.7800000000000002
Matbench-Gap,DKL Multi-Fidelity,60,5.55,0.7800000000000002
Matbench-Gap,DKL Multi-Fidelity,60,5.6,0.7800000000000002
Matbench-Gap,DKL Multi-Fidelity,60,5.65,0.7800000000000002
Matbench-Gap,DKL Multi-Fidelity,60,5.7,0.7800000000000002
Matbench-Gap,DKL Multi-Fidelity,60,5.75,0.7800000000000002
Matbench-Gap,DKL Multi-Fidelity,60,5.8,0.7800000000000002
Matbench-Gap,DKL Multi-Fidelity,60,5.85,0.7800000000000002
Matbench-Gap,DKL Multi-Fidelity,60,5.9,0.7800000000000002
Matbench-Gap,DKL Multi-Fidelity,60,5.95,0.7800000000000002
Matbench-Gap,DKL Multi-Fidelity,60,6.0,0.7800000000000002
Matbench-Gap,DKL Multi-Fidelity,60,7.0,0.7800000000000002
Matbench-Gap,DKL Multi-Fidelity,60,7.05,0.7800000000000002
Matbench-Gap,DKL Multi-Fidelity,60,7.1,0.7800000000000002
Matbench-Gap,DKL Multi-Fidelity,60,7.15,0.7800000000000002
Matbench-Gap,DKL Multi-Fidelity,60,7.2,0.7800000000000002
Matbench-Gap,DKL Multi-Fidelity,60,7.25,0.7800000000000002
Matbench-Gap,DKL Multi-Fidelity,60,7.3,0.7800000000000002
Matbench-Gap,DKL Multi-Fidelity,60,7.35,0.7800000000000002
Matbench-Gap,DKL Multi-Fidelity,60,7.4,0.7800000000000002
Matbench-Gap,DKL Multi-Fidelity,60,7.45,0.7800000000000002
Matbench-Gap,DKL Multi-Fidelity,60,7.5,0.7800000000000002
Matbench-Gap,DKL Multi-Fidelity,60,7.55,0.7800000000000002
Matbench-Gap,DKL Multi-Fidelity,60,7.6,0.7800000000000002
Matbench-Gap,DKL Multi-Fidelity,60,7.65,0.7800000000000002
Matbench-Gap,DKL Multi-Fidelity,60,7.7,0.7800000000000002
Matbench-Gap,DKL Multi-Fidelity,60,7.75,0.7800000000000002
Matbench-Gap,DKL Multi-Fidelity,60,7.8,0.7800000000000002
Matbench-Gap,DKL Multi-Fidelity,60,7.85,0.7800000000000002
Matbench-Gap,DKL Multi-Fidelity,60,7.9,0.7800000000000002
Matbench-Gap,DKL Multi-Fidelity,60,7.95,0.7800000000000002
Matbench-Gap,DKL Multi-Fidelity,60,8.0,0.7800000000000002
Matbench-Gap,DKL Multi-Fidelity,60,9.0,0.7800000000000002
Matbench-Gap,DKL Multi-Fidelity,60,9.05,0.7800000000000002
Matbench-Gap,DKL Multi-Fidelity,60,9.1,0.7800000000000002
Matbench-Gap,DKL Multi-Fidelity,60,9.15,0.7800000000000002
Matbench-Gap,DKL Multi-Fidelity,60,9.2,0.7800000000000002
Matbench-Gap,DKL Multi-Fidelity,60,9.25,0.7800000000000002
Matbench-Gap,DKL Multi-Fidelity,60,9.3,0.7800000000000002
Matbench-Gap,DKL Multi-Fidelity,60,9.35,0.7800000000000002
Matbench-Gap,DKL Multi-Fidelity,60,9.4,0.7800000000000002
Matbench-Gap,DKL Multi-Fidelity,60,9.45,0.7800000000000002
Matbench-Gap,DKL Multi-Fidelity,60,9.5,0.7800000000000002
Matbench-Gap,DKL Multi-Fidelity,60,9.55,0.7800000000000002
Matbench-Gap,DKL Multi-Fidelity,60,9.6,0.7800000000000002
Matbench-Gap,DKL Multi-Fidelity,60,9.65,0.7800000000000002
Matbench-Gap,DKL Multi-Fidelity,60,9.7,0.7800000000000002
Matbench-Gap,DKL Multi-Fidelity,60,9.75,0.7800000000000002
Matbench-Gap,DKL Multi-Fidelity,60,9.8,0.7800000000000002
Matbench-Gap,DKL Multi-Fidelity,60,9.85,0.7800000000000002
Matbench-Gap,DKL Multi-Fidelity,60,9.9,0.7800000000000002
Matbench-Gap,DKL Multi-Fidelity,60,9.95,0.7800000000000002
Matbench-Gap,DKL Multi-Fidelity,60,10.0,0.7800000000000002
Matbench-Gap,DKL Multi-Fidelity,60,11.0,0.7800000000000002
Matbench-Gap,DKL Multi-Fidelity,60,11.05,0.7800000000000002
Matbench-Gap,DKL Multi-Fidelity,60,11.1,0.7800000000000002
Matbench-Gap,DKL Multi-Fidelity,60,11.15,0.7800000000000002
Matbench-Gap,DKL Multi-Fidelity,60,11.2,0.7800000000000002
Matbench-Gap,DKL Multi-Fidelity,60,11.25,0.7800000000000002
Matbench-Gap,DKL Multi-Fidelity,60,11.3,0.7800000000000002
Matbench-Gap,DKL Multi-Fidelity,60,11.35,0.7800000000000002
Matbench-Gap,DKL Multi-Fidelity,60,11.4,0.7800000000000002
Matbench-Gap,DKL Multi-Fidelity,60,11.45,0.7800000000000002
Matbench-Gap,DKL Multi-Fidelity,60,11.5,0.7800000000000002
Matbench-Gap,DKL Multi-Fidelity,60,11.55,0.7800000000000002
Matbench-Gap,DKL Multi-Fidelity,60,11.6,0.7800000000000002
Matbench-Gap,DKL Multi-Fidelity,60,11.65,0.7800000000000002
Matbench-Gap,DKL Multi-Fidelity,60,11.7,0.7800000000000002
Matbench-Gap,DKL Multi-Fidelity,60,11.75,0.7800000000000002
Matbench-Gap,DKL Multi-Fidelity,60,11.8,0.7800000000000002
Matbench-Gap,DKL Multi-Fidelity,60,11.85,0.7800000000000002
Matbench-Gap,DKL Multi-Fidelity,60,11.9,0.7800000000000002
Matbench-Gap,DKL Multi-Fidelity,60,11.95,0.7800000000000002
Matbench-Gap,DKL Multi-Fidelity,60,12.0,0.7800000000000002
Matbench-Gap,DKL Multi-Fidelity,60,13.0,0.7800000000000002
Matbench-Gap,DKL Multi-Fidelity,60,13.05,0.7800000000000002
Matbench-Gap,DKL Multi-Fidelity,60,13.1,0.7800000000000002
Matbench-Gap,DKL Multi-Fidelity,60,13.15,0.7800000000000002
Matbench-Gap,DKL Multi-Fidelity,60,13.2,0.7800000000000002
Matbench-Gap,DKL Multi-Fidelity,60,13.25,0.7800000000000002
Matbench-Gap,DKL Multi-Fidelity,60,13.3,0.7800000000000002
Matbench-Gap,DKL Multi-Fidelity,60,13.35,0.7800000000000002
Matbench-Gap,DKL Multi-Fidelity,60,13.4,0.7800000000000002
Matbench-Gap,DKL Multi-Fidelity,60,13.45,0.7800000000000002
Matbench-Gap,DKL Multi-Fidelity,60,13.5,0.7800000000000002
Matbench-Gap,DKL Multi-Fidelity,60,13.55,0.7800000000000002
Matbench-Gap,DKL Multi-Fidelity,60,13.6,0.7800000000000002
Matbench-Gap,DKL Multi-Fidelity,60,13.65,0.7800000000000002
Matbench-Gap,DKL Multi-Fidelity,60,13.7,0.7800000000000002
Matbench-Gap,DKL Multi-Fidelity,60,13.75,0.7800000000000002
Matbench-Gap,DKL Multi-Fidelity,60,13.8,0.7800000000000002
Matbench-Gap,DKL Multi-Fidelity,60,13.85,0.7800000000000002
Matbench-Gap,DKL Multi-Fidelity,60,13.9,0.7800000000000002
Matbench-Gap,DKL Multi-Fidelity,60,13.95,0.7800000000000002
Matbench-Gap,DKL Multi-Fidelity,60,14.0,0.7800000000000002
Matbench-Gap,DKL Multi-Fidelity,60,15.0,0.7800000000000002
Matbench-Gap,DKL Multi-Fidelity,60,15.05,0.7800000000000002
Matbench-Gap,DKL Multi-Fidelity,60,15.1,0.7800000000000002
Matbench-Gap,DKL Multi-Fidelity,60,15.15,0.7800000000000002
Matbench-Gap,DKL Multi-Fidelity,60,15.2,0.7800000000000002
Matbench-Gap,DKL Multi-Fidelity,60,15.25,0.7800000000000002
Matbench-Gap,DKL Multi-Fidelity,60,15.3,0.7800000000000002
Matbench-Gap,DKL Multi-Fidelity,60,15.35,0.7800000000000002
Matbench-Gap,DKL Multi-Fidelity,60,15.4,0.7800000000000002
Matbench-Gap,DKL Multi-Fidelity,60,15.45,0.7800000000000002
Matbench-Gap,DKL Multi-Fidelity,60,15.5,0.7800000000000002
Matbench-Gap,DKL Multi-Fidelity,60,15.55,0.7800000000000002
Matbench-Gap,DKL Multi-Fidelity,60,15.6,0.7800000000000002
Matbench-Gap,DKL Multi-Fidelity,60,15.65,0.7800000000000002
Matbench-Gap,DKL Multi-Fidelity,60,15.7,0.7800000000000002
Matbench-Gap,DKL Multi-Fidelity,60,15.75,0.7800000000000002
Matbench-Gap,DKL Multi-Fidelity,60,15.8,0.7800000000000002
Matbench-Gap,DKL Multi-Fidelity,60,15.85,0.7800000000000002
Matbench-Gap,DKL Multi-Fidelity,60,15.9,0.7800000000000002
Matbench-Gap,DKL Multi-Fidelity,60,15.95,0.7800000000000002
Matbench-Gap,DKL Multi-Fidelity,60,16.0,0.7800000000000002
Matbench-Gap,DKL Multi-Fidelity,60,17.0,0.7800000000000002
Matbench-Gap,DKL Multi-Fidelity,60,17.05,0.7800000000000002
Matbench-Gap,DKL Multi-Fidelity,60,17.1,0.7800000000000002
Matbench-Gap,DKL Multi-Fidelity,60,17.15,0.7800000000000002
Matbench-Gap,DKL Multi-Fidelity,60,17.2,0.7800000000000002
Matbench-Gap,DKL Multi-Fidelity,60,17.25,0.7800000000000002
Matbench-Gap,DKL Multi-Fidelity,60,17.3,0.7800000000000002
Matbench-Gap,DKL Multi-Fidelity,60,17.35,0.7800000000000002
Matbench-Gap,DKL Multi-Fidelity,60,17.4,0.7800000000000002
Matbench-Gap,DKL Multi-Fidelity,60,17.45,0.7800000000000002
Matbench-Gap,DKL Multi-Fidelity,60,17.5,0.7800000000000002
Matbench-Gap,DKL Multi-Fidelity,60,17.55,0.7800000000000002
Matbench-Gap,DKL Multi-Fidelity,60,17.6,0.7800000000000002
Matbench-Gap,DKL Multi-Fidelity,60,17.65,0.7800000000000002
Matbench-Gap,DKL Multi-Fidelity,60,17.7,0.7800000000000002
Matbench-Gap,DKL Multi-Fidelity,60,17.75,0.7800000000000002
Matbench-Gap,DKL Multi-Fidelity,60,17.8,0.7800000000000002
Matbench-Gap,DKL Multi-Fidelity,60,17.85,0.7800000000000002
Matbench-Gap,DKL Multi-Fidelity,60,17.9,0.7800000000000002
Matbench-Gap,DKL Multi-Fidelity,60,17.95,0.7800000000000002
Matbench-Gap,DKL Multi-Fidelity,60,18.0,0.7800000000000002
Matbench-Gap,DKL Multi-Fidelity,60,19.0,0.7800000000000002
Matbench-Gap,DKL Multi-Fidelity,60,19.05,0.7800000000000002
Matbench-Gap,DKL Multi-Fidelity,60,19.1,0.7800000000000002
Matbench-Gap,DKL Multi-Fidelity,60,19.15,0.7800000000000002
Matbench-Gap,DKL Multi-Fidelity,60,19.2,0.7800000000000002
Matbench-Gap,DKL Multi-Fidelity,60,19.25,0.7800000000000002
Matbench-Gap,DKL Multi-Fidelity,60,19.3,0.7800000000000002
Matbench-Gap,DKL Multi-Fidelity,60,19.35,0.7800000000000002
Matbench-Gap,DKL Multi-Fidelity,60,19.4,0.7800000000000002
Matbench-Gap,DKL Multi-Fidelity,60,19.45,0.7800000000000002
Matbench-Gap,DKL Multi-Fidelity,60,19.5,0.7800000000000002
Matbench-Gap,DKL Multi-Fidelity,60,19.55,0.7800000000000002
Matbench-Gap,DKL Multi-Fidelity,60,19.6,0.7800000000000002
Matbench-Gap,DKL Multi-Fidelity,60,19.65,0.7800000000000002
Matbench-Gap,DKL Multi-Fidelity,60,19.7,0.7800000000000002
Matbench-Gap,DKL Multi-Fidelity,60,19.75,0.7800000000000002
Matbench-Gap,DKL Multi-Fidelity,60,19.8,0.7800000000000002
Matbench-Gap,DKL Multi-Fidelity,60,19.85,0.7800000000000002
Matbench-Gap,DKL Multi-Fidelity,60,19.9,0.7800000000000002
Matbench-Gap,DKL Multi-Fidelity,60,19.95,0.7800000000000002
Matbench-Gap,DKL Multi-Fidelity,61,3.0,0.8499999999999999
Matbench-Gap,DKL Multi-Fidelity,61,3.05,0.8499999999999999
Matbench-Gap,DKL Multi-Fidelity,61,3.1,0.8499999999999999
Matbench-Gap,DKL Multi-Fidelity,61,3.15,0.8499999999999999
Matbench-Gap,DKL Multi-Fidelity,61,3.2,0.8499999999999999
Matbench-Gap,DKL Multi-Fidelity,61,3.25,0.8499999999999999
Matbench-Gap,DKL Multi-Fidelity,61,3.3,0.8499999999999999
Matbench-Gap,DKL Multi-Fidelity,61,3.35,0.8499999999999999
Matbench-Gap,DKL Multi-Fidelity,61,3.4,0.8499999999999999
Matbench-Gap,DKL Multi-Fidelity,61,3.45,0.8499999999999999
Matbench-Gap,DKL Multi-Fidelity,61,3.5,0.8499999999999999
Matbench-Gap,DKL Multi-Fidelity,61,3.55,0.8499999999999999
Matbench-Gap,DKL Multi-Fidelity,61,3.6,0.8499999999999999
Matbench-Gap,DKL Multi-Fidelity,61,3.65,0.8499999999999999
Matbench-Gap,DKL Multi-Fidelity,61,3.7,0.8499999999999999
Matbench-Gap,DKL Multi-Fidelity,61,3.75,0.8499999999999999
Matbench-Gap,DKL Multi-Fidelity,61,3.8,0.8499999999999999
Matbench-Gap,DKL Multi-Fidelity,61,3.85,0.8499999999999999
Matbench-Gap,DKL Multi-Fidelity,61,3.9,0.8499999999999999
Matbench-Gap,DKL Multi-Fidelity,61,3.95,0.8499999999999999
Matbench-Gap,DKL Multi-Fidelity,61,4.0,0.8499999999999999
Matbench-Gap,DKL Multi-Fidelity,61,5.0,0.8499999999999999
Matbench-Gap,DKL Multi-Fidelity,61,5.05,0.8499999999999999
Matbench-Gap,DKL Multi-Fidelity,61,5.1,0.8499999999999999
Matbench-Gap,DKL Multi-Fidelity,61,5.15,0.8499999999999999
Matbench-Gap,DKL Multi-Fidelity,61,5.2,0.8499999999999999
Matbench-Gap,DKL Multi-Fidelity,61,5.25,0.8499999999999999
Matbench-Gap,DKL Multi-Fidelity,61,5.3,0.8499999999999999
Matbench-Gap,DKL Multi-Fidelity,61,5.35,0.8499999999999999
Matbench-Gap,DKL Multi-Fidelity,61,5.4,0.8499999999999999
Matbench-Gap,DKL Multi-Fidelity,61,5.45,0.8499999999999999
Matbench-Gap,DKL Multi-Fidelity,61,5.5,0.8499999999999999
Matbench-Gap,DKL Multi-Fidelity,61,5.55,0.8499999999999999
Matbench-Gap,DKL Multi-Fidelity,61,5.6,0.8499999999999999
Matbench-Gap,DKL Multi-Fidelity,61,5.65,0.8499999999999999
Matbench-Gap,DKL Multi-Fidelity,61,5.7,0.8499999999999999
Matbench-Gap,DKL Multi-Fidelity,61,5.75,0.8499999999999999
Matbench-Gap,DKL Multi-Fidelity,61,5.8,0.8499999999999999
Matbench-Gap,DKL Multi-Fidelity,61,5.85,0.8499999999999999
Matbench-Gap,DKL Multi-Fidelity,61,5.9,0.8499999999999999
Matbench-Gap,DKL Multi-Fidelity,61,5.95,0.8499999999999999
Matbench-Gap,DKL Multi-Fidelity,61,6.0,0.8499999999999999
Matbench-Gap,DKL Multi-Fidelity,61,7.0,0.8499999999999999
Matbench-Gap,DKL Multi-Fidelity,61,7.05,0.8499999999999999
Matbench-Gap,DKL Multi-Fidelity,61,7.1,0.8499999999999999
Matbench-Gap,DKL Multi-Fidelity,61,7.15,0.8499999999999999
Matbench-Gap,DKL Multi-Fidelity,61,7.2,0.8499999999999999
Matbench-Gap,DKL Multi-Fidelity,61,7.25,0.8499999999999999
Matbench-Gap,DKL Multi-Fidelity,61,7.3,0.8499999999999999
Matbench-Gap,DKL Multi-Fidelity,61,7.35,0.8499999999999999
Matbench-Gap,DKL Multi-Fidelity,61,7.4,0.8499999999999999
Matbench-Gap,DKL Multi-Fidelity,61,7.45,0.8499999999999999
Matbench-Gap,DKL Multi-Fidelity,61,7.5,0.8499999999999999
Matbench-Gap,DKL Multi-Fidelity,61,7.55,0.8499999999999999
Matbench-Gap,DKL Multi-Fidelity,61,7.6,0.8499999999999999
Matbench-Gap,DKL Multi-Fidelity,61,7.65,0.8499999999999999
Matbench-Gap,DKL Multi-Fidelity,61,7.7,0.8499999999999999
Matbench-Gap,DKL Multi-Fidelity,61,7.75,0.8499999999999999
Matbench-Gap,DKL Multi-Fidelity,61,7.8,0.8499999999999999
Matbench-Gap,DKL Multi-Fidelity,61,7.85,0.8499999999999999
Matbench-Gap,DKL Multi-Fidelity,61,7.9,0.8499999999999999
Matbench-Gap,DKL Multi-Fidelity,61,7.95,0.8499999999999999
Matbench-Gap,DKL Multi-Fidelity,61,8.0,0.8499999999999999
Matbench-Gap,DKL Multi-Fidelity,61,9.0,0.8499999999999999
Matbench-Gap,DKL Multi-Fidelity,61,9.05,0.8499999999999999
Matbench-Gap,DKL Multi-Fidelity,61,9.1,0.8499999999999999
Matbench-Gap,DKL Multi-Fidelity,61,9.15,0.8499999999999999
Matbench-Gap,DKL Multi-Fidelity,61,9.2,0.8499999999999999
Matbench-Gap,DKL Multi-Fidelity,61,9.25,0.8499999999999999
Matbench-Gap,DKL Multi-Fidelity,61,9.3,0.8499999999999999
Matbench-Gap,DKL Multi-Fidelity,61,9.35,0.8499999999999999
Matbench-Gap,DKL Multi-Fidelity,61,9.4,0.8499999999999999
Matbench-Gap,DKL Multi-Fidelity,61,9.45,0.8499999999999999
Matbench-Gap,DKL Multi-Fidelity,61,9.5,0.8499999999999999
Matbench-Gap,DKL Multi-Fidelity,61,9.55,0.8499999999999999
Matbench-Gap,DKL Multi-Fidelity,61,9.6,0.8499999999999999
Matbench-Gap,DKL Multi-Fidelity,61,9.65,0.8499999999999999
Matbench-Gap,DKL Multi-Fidelity,61,9.7,0.8499999999999999
Matbench-Gap,DKL Multi-Fidelity,61,9.75,0.8499999999999999
Matbench-Gap,DKL Multi-Fidelity,61,9.8,0.8499999999999999
Matbench-Gap,DKL Multi-Fidelity,61,9.85,0.8499999999999999
Matbench-Gap,DKL Multi-Fidelity,61,9.9,0.8499999999999999
Matbench-Gap,DKL Multi-Fidelity,61,9.95,0.8499999999999999
Matbench-Gap,DKL Multi-Fidelity,61,10.0,0.8499999999999999
Matbench-Gap,DKL Multi-Fidelity,61,11.0,0.8499999999999999
Matbench-Gap,DKL Multi-Fidelity,61,11.05,0.8499999999999999
Matbench-Gap,DKL Multi-Fidelity,61,11.1,0.8499999999999999
Matbench-Gap,DKL Multi-Fidelity,61,11.15,0.8499999999999999
Matbench-Gap,DKL Multi-Fidelity,61,11.2,0.8499999999999999
Matbench-Gap,DKL Multi-Fidelity,61,11.25,0.8499999999999999
Matbench-Gap,DKL Multi-Fidelity,61,11.3,0.8499999999999999
Matbench-Gap,DKL Multi-Fidelity,61,11.35,0.8499999999999999
Matbench-Gap,DKL Multi-Fidelity,61,11.4,0.8499999999999999
Matbench-Gap,DKL Multi-Fidelity,61,11.45,0.8499999999999999
Matbench-Gap,DKL Multi-Fidelity,61,11.5,0.8499999999999999
Matbench-Gap,DKL Multi-Fidelity,61,11.55,0.8499999999999999
Matbench-Gap,DKL Multi-Fidelity,61,11.6,0.8499999999999999
Matbench-Gap,DKL Multi-Fidelity,61,11.65,0.8499999999999999
Matbench-Gap,DKL Multi-Fidelity,61,11.7,0.8499999999999999
Matbench-Gap,DKL Multi-Fidelity,61,11.75,0.8499999999999999
Matbench-Gap,DKL Multi-Fidelity,61,11.8,0.8499999999999999
Matbench-Gap,DKL Multi-Fidelity,61,11.85,0.8499999999999999
Matbench-Gap,DKL Multi-Fidelity,61,11.9,0.8499999999999999
Matbench-Gap,DKL Multi-Fidelity,61,11.95,0.8499999999999999
Matbench-Gap,DKL Multi-Fidelity,61,12.0,0.8499999999999999
Matbench-Gap,DKL Multi-Fidelity,61,13.0,0.8499999999999999
Matbench-Gap,DKL Multi-Fidelity,61,13.05,0.8499999999999999
Matbench-Gap,DKL Multi-Fidelity,61,13.1,0.8499999999999999
Matbench-Gap,DKL Multi-Fidelity,61,13.15,0.8499999999999999
Matbench-Gap,DKL Multi-Fidelity,61,13.2,0.8499999999999999
Matbench-Gap,DKL Multi-Fidelity,61,13.25,0.8499999999999999
Matbench-Gap,DKL Multi-Fidelity,61,13.3,0.8499999999999999
Matbench-Gap,DKL Multi-Fidelity,61,13.35,0.8499999999999999
Matbench-Gap,DKL Multi-Fidelity,61,13.4,0.8499999999999999
Matbench-Gap,DKL Multi-Fidelity,61,13.45,0.8499999999999999
Matbench-Gap,DKL Multi-Fidelity,61,13.5,0.8499999999999999
Matbench-Gap,DKL Multi-Fidelity,61,13.55,0.8499999999999999
Matbench-Gap,DKL Multi-Fidelity,61,13.6,0.8499999999999999
Matbench-Gap,DKL Multi-Fidelity,61,13.65,0.8499999999999999
Matbench-Gap,DKL Multi-Fidelity,61,13.7,0.8499999999999999
Matbench-Gap,DKL Multi-Fidelity,61,13.75,0.8499999999999999
Matbench-Gap,DKL Multi-Fidelity,61,13.8,0.8499999999999999
Matbench-Gap,DKL Multi-Fidelity,61,13.85,0.8499999999999999
Matbench-Gap,DKL Multi-Fidelity,61,13.9,0.8499999999999999
Matbench-Gap,DKL Multi-Fidelity,61,13.95,0.8499999999999999
Matbench-Gap,DKL Multi-Fidelity,61,14.0,0.8499999999999999
Matbench-Gap,DKL Multi-Fidelity,61,15.0,0.8499999999999999
Matbench-Gap,DKL Multi-Fidelity,61,15.05,0.8499999999999999
Matbench-Gap,DKL Multi-Fidelity,61,15.1,0.8499999999999999
Matbench-Gap,DKL Multi-Fidelity,61,15.15,0.8499999999999999
Matbench-Gap,DKL Multi-Fidelity,61,15.2,0.8499999999999999
Matbench-Gap,DKL Multi-Fidelity,61,15.25,0.8499999999999999
Matbench-Gap,DKL Multi-Fidelity,61,15.3,0.8499999999999999
Matbench-Gap,DKL Multi-Fidelity,61,15.35,0.8499999999999999
Matbench-Gap,DKL Multi-Fidelity,61,15.4,0.8499999999999999
Matbench-Gap,DKL Multi-Fidelity,61,15.45,0.8499999999999999
Matbench-Gap,DKL Multi-Fidelity,61,15.5,0.8499999999999999
Matbench-Gap,DKL Multi-Fidelity,61,15.55,0.8499999999999999
Matbench-Gap,DKL Multi-Fidelity,61,15.6,0.8499999999999999
Matbench-Gap,DKL Multi-Fidelity,61,15.65,0.8499999999999999
Matbench-Gap,DKL Multi-Fidelity,61,15.7,0.8499999999999999
Matbench-Gap,DKL Multi-Fidelity,61,15.75,0.8499999999999999
Matbench-Gap,DKL Multi-Fidelity,61,15.8,0.8499999999999999
Matbench-Gap,DKL Multi-Fidelity,61,15.85,0.8499999999999999
Matbench-Gap,DKL Multi-Fidelity,61,15.9,0.8499999999999999
Matbench-Gap,DKL Multi-Fidelity,61,15.95,0.8499999999999999
Matbench-Gap,DKL Multi-Fidelity,61,16.0,0.8499999999999999
Matbench-Gap,DKL Multi-Fidelity,61,17.0,0.8499999999999999
Matbench-Gap,DKL Multi-Fidelity,61,17.05,0.8499999999999999
Matbench-Gap,DKL Multi-Fidelity,61,17.1,0.8499999999999999
Matbench-Gap,DKL Multi-Fidelity,61,17.15,0.8499999999999999
Matbench-Gap,DKL Multi-Fidelity,61,17.2,0.8499999999999999
Matbench-Gap,DKL Multi-Fidelity,61,17.25,0.8499999999999999
Matbench-Gap,DKL Multi-Fidelity,61,17.3,0.8499999999999999
Matbench-Gap,DKL Multi-Fidelity,61,17.35,0.8499999999999999
Matbench-Gap,DKL Multi-Fidelity,61,17.4,0.8499999999999999
Matbench-Gap,DKL Multi-Fidelity,61,17.45,0.8499999999999999
Matbench-Gap,DKL Multi-Fidelity,61,17.5,0.8499999999999999
Matbench-Gap,DKL Multi-Fidelity,61,17.55,0.8499999999999999
Matbench-Gap,DKL Multi-Fidelity,61,17.6,0.8499999999999999
Matbench-Gap,DKL Multi-Fidelity,61,17.65,0.8499999999999999
Matbench-Gap,DKL Multi-Fidelity,61,17.7,0.8499999999999999
Matbench-Gap,DKL Multi-Fidelity,61,17.75,0.8499999999999999
Matbench-Gap,DKL Multi-Fidelity,61,17.8,0.8499999999999999
Matbench-Gap,DKL Multi-Fidelity,61,17.85,0.8499999999999999
Matbench-Gap,DKL Multi-Fidelity,61,17.9,0.8499999999999999
Matbench-Gap,DKL Multi-Fidelity,61,17.95,0.8499999999999999
Matbench-Gap,DKL Multi-Fidelity,61,18.0,0.8499999999999999
Matbench-Gap,DKL Multi-Fidelity,61,19.0,0.8499999999999999
Matbench-Gap,DKL Multi-Fidelity,61,19.05,0.8499999999999999
Matbench-Gap,DKL Multi-Fidelity,61,19.1,0.8499999999999999
Matbench-Gap,DKL Multi-Fidelity,61,19.15,0.8499999999999999
Matbench-Gap,DKL Multi-Fidelity,61,19.2,0.8499999999999999
Matbench-Gap,DKL Multi-Fidelity,61,19.25,0.8499999999999999
Matbench-Gap,DKL Multi-Fidelity,61,19.3,0.8499999999999999
Matbench-Gap,DKL Multi-Fidelity,61,19.35,0.8499999999999999
Matbench-Gap,DKL Multi-Fidelity,61,19.4,0.8499999999999999
Matbench-Gap,DKL Multi-Fidelity,61,19.45,0.8499999999999999
Matbench-Gap,DKL Multi-Fidelity,61,19.5,0.8499999999999999
Matbench-Gap,DKL Multi-Fidelity,61,19.55,0.8499999999999999
Matbench-Gap,DKL Multi-Fidelity,61,19.6,0.8499999999999999
Matbench-Gap,DKL Multi-Fidelity,61,19.65,0.8499999999999999
Matbench-Gap,DKL Multi-Fidelity,61,19.7,0.8499999999999999
Matbench-Gap,DKL Multi-Fidelity,61,19.75,0.8499999999999999
Matbench-Gap,DKL Multi-Fidelity,61,19.8,0.8499999999999999
Matbench-Gap,DKL Multi-Fidelity,61,19.85,0.8499999999999999
Matbench-Gap,DKL Multi-Fidelity,61,19.9,0.8499999999999999
Matbench-Gap,DKL Multi-Fidelity,61,19.95,0.8499999999999999
Matbench-Gap,Sparse MFGP,42,3.0,1.4
Matbench-Gap,Sparse MFGP,42,3.05,1.4
Matbench-Gap,Sparse MFGP,42,3.1,1.4
Matbench-Gap,Sparse MFGP,42,3.15,1.4
Matbench-Gap,Sparse MFGP,42,3.2,1.4
Matbench-Gap,Sparse MFGP,42,3.25,1.4
Matbench-Gap,Sparse MFGP,42,3.3,1.4
Matbench-Gap,Sparse MFGP,42,3.35,1.4
Matbench-Gap,Sparse MFGP,42,3.4,1.4
Matbench-Gap,Sparse MFGP,42,3.45,1.4
Matbench-Gap,Sparse MFGP,42,3.5,1.4
Matbench-Gap,Sparse MFGP,42,3.55,1.4
Matbench-Gap,Sparse MFGP,42,3.6,1.4
Matbench-Gap,Sparse MFGP,42,3.65,1.4
Matbench-Gap,Sparse MFGP,42,3.7,1.4
Matbench-Gap,Sparse MFGP,42,3.75,1.4
Matbench-Gap,Sparse MFGP,42,3.8,1.4
Matbench-Gap,Sparse MFGP,42,3.85,1.4
Matbench-Gap,Sparse MFGP,42,3.9,1.4
Matbench-Gap,Sparse MFGP,42,3.95,1.4
Matbench-Gap,Sparse MFGP,42,4.0,1.4
Matbench-Gap,Sparse MFGP,42,5.0,1.4
Matbench-Gap,Sparse MFGP,42,5.05,1.4
Matbench-Gap,Sparse MFGP,42,5.1,1.4
Matbench-Gap,Sparse MFGP,42,5.15,1.4
Matbench-Gap,Sparse MFGP,42,5.2,1.4
Matbench-Gap,Sparse MFGP,42,5.25,1.4
Matbench-Gap,Sparse MFGP,42,5.3,1.4
Matbench-Gap,Sparse MFGP,42,5.35,1.4
Matbench-Gap,Sparse MFGP,42,5.4,1.4
Matbench-Gap,Sparse MFGP,42,5.45,1.4
Matbench-Gap,Sparse MFGP,42,5.5,1.4
Matbench-Gap,Sparse MFGP,42,5.55,1.4
Matbench-Gap,Sparse MFGP,42,5.6,1.4
Matbench-Gap,Sparse MFGP,42,5.65,1.4
Matbench-Gap,Sparse MFGP,42,5.7,1.4
Matbench-Gap,Sparse MFGP,42,5.75,1.4
Matbench-Gap,Sparse MFGP,42,5.8,1.4
Matbench-Gap,Sparse MFGP,42,5.85,1.4
Matbench-Gap,Sparse MFGP,42,5.9,1.4
Matbench-Gap,Sparse MFGP,42,5.95,1.4
Matbench-Gap,Sparse MFGP,42,6.0,1.4
Matbench-Gap,Sparse MFGP,42,7.0,0.1
Matbench-Gap,Sparse MFGP,42,7.05,0.1
Matbench-Gap,Sparse MFGP,42,7.1,0.1
Matbench-Gap,Sparse MFGP,42,7.15,0.1
Matbench-Gap,Sparse MFGP,42,7.2,0.1
Matbench-Gap,Sparse MFGP,42,7.25,0.1
Matbench-Gap,Sparse MFGP,42,7.3,0.1
Matbench-Gap,Sparse MFGP,42,7.35,0.1
Matbench-Gap,Sparse MFGP,42,7.4,0.1
Matbench-Gap,Sparse MFGP,42,7.45,0.1
Matbench-Gap,Sparse MFGP,42,7.5,0.1
Matbench-Gap,Sparse MFGP,42,7.55,0.1
Matbench-Gap,Sparse MFGP,42,7.6,0.1
Matbench-Gap,Sparse MFGP,42,7.65,0.1
Matbench-Gap,Sparse MFGP,42,7.7,0.1
Matbench-Gap,Sparse MFGP,42,7.75,0.1
Matbench-Gap,Sparse MFGP,42,7.8,0.1
Matbench-Gap,Sparse MFGP,42,7.85,0.1
Matbench-Gap,Sparse MFGP,42,7.9,0.1
Matbench-Gap,Sparse MFGP,42,7.95,0.1
Matbench-Gap,Sparse MFGP,42,8.0,0.1
Matbench-Gap,Sparse MFGP,42,9.0,0.1
Matbench-Gap,Sparse MFGP,42,9.05,0.1
Matbench-Gap,Sparse MFGP,42,9.1,0.1
Matbench-Gap,Sparse MFGP,42,9.15,0.1
Matbench-Gap,Sparse MFGP,42,9.2,0.1
Matbench-Gap,Sparse MFGP,42,9.25,0.1
Matbench-Gap,Sparse MFGP,42,9.3,0.1
Matbench-Gap,Sparse MFGP,42,9.35,0.1
Matbench-Gap,Sparse MFGP,42,9.4,0.1
Matbench-Gap,Sparse MFGP,42,9.45,0.1
Matbench-Gap,Sparse MFGP,42,9.5,0.1
Matbench-Gap,Sparse MFGP,42,9.55,0.1
Matbench-Gap,Sparse MFGP,42,9.6,0.1
Matbench-Gap,Sparse MFGP,42,9.65,0.1
Matbench-Gap,Sparse MFGP,42,9.7,0.1
Matbench-Gap,Sparse MFGP,42,9.75,0.1
Matbench-Gap,Sparse MFGP,42,9.8,0.1
Matbench-Gap,Sparse MFGP,42,9.85,0.1
Matbench-Gap,Sparse MFGP,42,9.9,0.1
Matbench-Gap,Sparse MFGP,42,9.95,0.1
Matbench-Gap,Sparse MFGP,42,10.0,0.1
Matbench-Gap,Sparse MFGP,42,11.0,0.1
Matbench-Gap,Sparse MFGP,42,11.05,0.1
Matbench-Gap,Sparse MFGP,42,11.1,0.1
Matbench-Gap,Sparse MFGP,42,11.15,0.1
Matbench-Gap,Sparse MFGP,42,11.2,0.1
Matbench-Gap,Sparse MFGP,42,11.25,0.1
Matbench-Gap,Sparse MFGP,42,11.3,0.1
Matbench-Gap,Sparse MFGP,42,11.35,0.1
Matbench-Gap,Sparse MFGP,42,11.4,0.1
Matbench-Gap,Sparse MFGP,42,11.45,0.1
Matbench-Gap,Sparse MFGP,42,11.5,0.1
Matbench-Gap,Sparse MFGP,42,11.55,0.1
Matbench-Gap,Sparse MFGP,42,11.6,0.1
Matbench-Gap,Sparse MFGP,42,11.65,0.1
Matbench-Gap,Sparse MFGP,42,11.7,0.1
Matbench-Gap,Sparse MFGP,42,11.75,0.1
Matbench-Gap,Sparse MFGP,42,11.8,0.1
Matbench-Gap,Sparse MFGP,42,11.85,0.1
Matbench-Gap,Sparse MFGP,42,11.9,0.1
Matbench-Gap,Sparse MFGP,42,11.95,0.1
Matbench-Gap,Sparse MFGP,42,12.0,0.1
Matbench-Gap,Sparse MFGP,42,13.0,0.1
Matbench-Gap,Sparse MFGP,42,13.05,0.1
Matbench-Gap,Sparse MFGP,42,13.1,0.1
Matbench-Gap,Sparse MFGP,42,13.15,0.1
Matbench-Gap,Sparse MFGP,42,13.2,0.1
Matbench-Gap,Sparse MFGP,42,13.25,0.1
Matbench-Gap,Sparse MFGP,42,13.3,0.1
Matbench-Gap,Sparse MFGP,42,13.35,0.1
Matbench-Gap,Sparse MFGP,42,13.4,0.1
Matbench-Gap,Sparse MFGP,42,13.45,0.1
Matbench-Gap,Sparse MFGP,42,13.5,0.1
Matbench-Gap,Sparse MFGP,42,13.55,0.1
Matbench-Gap,Sparse MFGP,42,13.6,0.1
Matbench-Gap,Sparse MFGP,42,13.65,0.1
Matbench-Gap,Sparse MFGP,42,13.7,0.1
Matbench-Gap,Sparse MFGP,42,13.75,0.1
Matbench-Gap,Sparse MFGP,42,13.8,0.1
Matbench-Gap,Sparse MFGP,42,13.85,0.1
Matbench-Gap,Sparse MFGP,42,13.9,0.1
Matbench-Gap,Sparse MFGP,42,13.95,0.1
Matbench-Gap,Sparse MFGP,42,14.0,0.1
Matbench-Gap,Sparse MFGP,42,15.0,0.1
Matbench-Gap,Sparse MFGP,42,15.05,0.1
Matbench-Gap,Sparse MFGP,42,15.1,0.1
Matbench-Gap,Sparse MFGP,42,15.15,0.1
Matbench-Gap,Sparse MFGP,42,15.2,0.1
Matbench-Gap,Sparse MFGP,42,15.25,0.1
Matbench-Gap,Sparse MFGP,42,15.3,0.1
Matbench-Gap,Sparse MFGP,42,15.35,0.1
Matbench-Gap,Sparse MFGP,42,15.4,0.1
Matbench-Gap,Sparse MFGP,42,15.45,0.1
Matbench-Gap,Sparse MFGP,42,15.5,0.1
Matbench-Gap,Sparse MFGP,42,15.55,0.1
Matbench-Gap,Sparse MFGP,42,15.6,0.1
Matbench-Gap,Sparse MFGP,42,15.65,0.1
Matbench-Gap,Sparse MFGP,42,15.7,0.1
Matbench-Gap,Sparse MFGP,42,15.75,0.1
Matbench-Gap,Sparse MFGP,42,15.8,0.1
Matbench-Gap,Sparse MFGP,42,15.85,0.1
Matbench-Gap,Sparse MFGP,42,15.9,0.1
Matbench-Gap,Sparse MFGP,42,15.95,0.1
Matbench-Gap,Sparse MFGP,42,16.0,0.1
Matbench-Gap,Sparse MFGP,42,17.0,0.1
Matbench-Gap,Sparse MFGP,42,17.05,0.1
Matbench-Gap,Sparse MFGP,42,17.1,0.1
Matbench-Gap,Sparse MFGP,42,17.15,0.1
Matbench-Gap,Sparse MFGP,42,17.2,0.1
Matbench-Gap,Sparse MFGP,42,17.25,0.1
Matbench-Gap,Sparse MFGP,42,17.3,0.1
Matbench-Gap,Sparse MFGP,42,17.35,0.1
Matbench-Gap,Sparse MFGP,42,17.4,0.1
Matbench-Gap,Sparse MFGP,42,17.45,0.1
Matbench-Gap,Sparse MFGP,42,17.5,0.1
Matbench-Gap,Sparse MFGP,42,17.55,0.1
Matbench-Gap,Sparse MFGP,42,17.6,0.1
Matbench-Gap,Sparse MFGP,42,17.65,0.1
Matbench-Gap,Sparse MFGP,42,17.7,0.1
Matbench-Gap,Sparse MFGP,42,17.75,0.1
Matbench-Gap,Sparse MFGP,42,17.8,0.1
Matbench-Gap,Sparse MFGP,42,17.85,0.1
Matbench-Gap,Sparse MFGP,42,17.9,0.1
Matbench-Gap,Sparse MFGP,42,17.95,0.1
Matbench-Gap,Sparse MFGP,42,18.0,0.1
Matbench-Gap,Sparse MFGP,42,19.0,0.1
Matbench-Gap,Sparse MFGP,42,19.05,0.1
Matbench-Gap,Sparse MFGP,42,19.1,0.1
Matbench-Gap,Sparse MFGP,42,19.15,0.1
Matbench-Gap,Sparse MFGP,42,19.2,0.1
Matbench-Gap,Sparse MFGP,42,19.25,0.1
Matbench-Gap,Sparse MFGP,42,19.3,0.1
Matbench-Gap,Sparse MFGP,42,19.35,0.1
Matbench-Gap,Sparse MFGP,42,19.4,0.1
Matbench-Gap,Sparse MFGP,42,19.45,0.1
Matbench-Gap,Sparse MFGP,42,19.5,0.1
Matbench-Gap,Sparse MFGP,42,19.55,0.1
Matbench-Gap,Sparse MFGP,42,19.6,0.1
Matbench-Gap,Sparse MFGP,42,19.65,0.1
Matbench-Gap,Sparse MFGP,42,19.7,0.1
Matbench-Gap,Sparse MFGP,42,19.75,0.1
Matbench-Gap,Sparse MFGP,42,19.8,0.1
Matbench-Gap,Sparse MFGP,42,19.85,0.1
Matbench-Gap,Sparse MFGP,42,19.9,0.1
Matbench-Gap,Sparse MFGP,42,19.95,0.1
Matbench-Gap,Sparse MFGP,43,3.0,0.1500000000000001
Matbench-Gap,Sparse MFGP,43,3.05,0.1500000000000001
Matbench-Gap,Sparse MFGP,43,3.1,0.1500000000000001
Matbench-Gap,Sparse MFGP,43,3.15,0.1500000000000001
Matbench-Gap,Sparse MFGP,43,3.2,0.1500000000000001
Matbench-Gap,Sparse MFGP,43,3.25,0.1500000000000001
Matbench-Gap,Sparse MFGP,43,3.3,0.1500000000000001
Matbench-Gap,Sparse MFGP,43,3.35,0.1500000000000001
Matbench-Gap,Sparse MFGP,43,3.4,0.1500000000000001
Matbench-Gap,Sparse MFGP,43,3.45,0.1500000000000001
Matbench-Gap,Sparse MFGP,43,3.5,0.1500000000000001
Matbench-Gap,Sparse MFGP,43,3.55,0.1500000000000001
Matbench-Gap,Sparse MFGP,43,3.6,0.1500000000000001
Matbench-Gap,Sparse MFGP,43,3.65,0.1500000000000001
Matbench-Gap,Sparse MFGP,43,3.7,0.1500000000000001
Matbench-Gap,Sparse MFGP,43,3.75,0.1500000000000001
Matbench-Gap,Sparse MFGP,43,3.8,0.1500000000000001
Matbench-Gap,Sparse MFGP,43,3.85,0.1500000000000001
Matbench-Gap,Sparse MFGP,43,3.9,0.1500000000000001
Matbench-Gap,Sparse MFGP,43,3.95,0.1500000000000001
Matbench-Gap,Sparse MFGP,43,4.0,0.1500000000000001
Matbench-Gap,Sparse MFGP,43,5.0,0.1500000000000001
Matbench-Gap,Sparse MFGP,43,5.05,0.1500000000000001
Matbench-Gap,Sparse MFGP,43,5.1,0.1500000000000001
Matbench-Gap,Sparse MFGP,43,5.15,0.1500000000000001
Matbench-Gap,Sparse MFGP,43,5.2,0.1500000000000001
Matbench-Gap,Sparse MFGP,43,5.25,0.1500000000000001
Matbench-Gap,Sparse MFGP,43,5.3,0.1500000000000001
Matbench-Gap,Sparse MFGP,43,5.35,0.1500000000000001
Matbench-Gap,Sparse MFGP,43,5.4,0.1500000000000001
Matbench-Gap,Sparse MFGP,43,5.45,0.1500000000000001
Matbench-Gap,Sparse MFGP,43,5.5,0.1500000000000001
Matbench-Gap,Sparse MFGP,43,5.55,0.1500000000000001
Matbench-Gap,Sparse MFGP,43,5.6,0.1500000000000001
Matbench-Gap,Sparse MFGP,43,5.65,0.1500000000000001
Matbench-Gap,Sparse MFGP,43,5.7,0.1500000000000001
Matbench-Gap,Sparse MFGP,43,5.75,0.1500000000000001
Matbench-Gap,Sparse MFGP,43,5.8,0.1500000000000001
Matbench-Gap,Sparse MFGP,43,5.85,0.1500000000000001
Matbench-Gap,Sparse MFGP,43,5.9,0.1500000000000001
Matbench-Gap,Sparse MFGP,43,5.95,0.1500000000000001
Matbench-Gap,Sparse MFGP,43,6.0,0.1500000000000001
Matbench-Gap,Sparse MFGP,43,7.0,0.1500000000000001
Matbench-Gap,Sparse MFGP,43,7.05,0.1500000000000001
Matbench-Gap,Sparse MFGP,43,7.1,0.1500000000000001
Matbench-Gap,Sparse MFGP,43,7.15,0.1500000000000001
Matbench-Gap,Sparse MFGP,43,7.2,0.1500000000000001
Matbench-Gap,Sparse MFGP,43,7.25,0.1500000000000001
Matbench-Gap,Sparse MFGP,43,7.3,0.1500000000000001
Matbench-Gap,Sparse MFGP,43,7.35,0.1500000000000001
Matbench-Gap,Sparse MFGP,43,7.4,0.1500000000000001
Matbench-Gap,Sparse MFGP,43,7.45,0.1500000000000001
Matbench-Gap,Sparse MFGP,43,7.5,0.1500000000000001
Matbench-Gap,Sparse MFGP,43,7.55,0.1500000000000001
Matbench-Gap,Sparse MFGP,43,7.6,0.1500000000000001
Matbench-Gap,Sparse MFGP,43,7.65,0.1500000000000001
Matbench-Gap,Sparse MFGP,43,7.7,0.1500000000000001
Matbench-Gap,Sparse MFGP,43,7.75,0.1500000000000001
Matbench-Gap,Sparse MFGP,43,7.8,0.1500000000000001
Matbench-Gap,Sparse MFGP,43,7.85,0.1500000000000001
Matbench-Gap,Sparse MFGP,43,7.9,0.1500000000000001
Matbench-Gap,Sparse MFGP,43,7.95,0.1500000000000001
Matbench-Gap,Sparse MFGP,43,8.0,0.1500000000000001
Matbench-Gap,Sparse MFGP,43,9.0,0.1500000000000001
Matbench-Gap,Sparse MFGP,43,9.05,0.1500000000000001
Matbench-Gap,Sparse MFGP,43,9.1,0.1500000000000001
Matbench-Gap,Sparse MFGP,43,9.15,0.1500000000000001
Matbench-Gap,Sparse MFGP,43,9.2,0.1500000000000001
Matbench-Gap,Sparse MFGP,43,9.25,0.1500000000000001
Matbench-Gap,Sparse MFGP,43,9.3,0.1500000000000001
Matbench-Gap,Sparse MFGP,43,9.35,0.1500000000000001
Matbench-Gap,Sparse MFGP,43,9.4,0.1500000000000001
Matbench-Gap,Sparse MFGP,43,9.45,0.1500000000000001
Matbench-Gap,Sparse MFGP,43,9.5,0.1500000000000001
Matbench-Gap,Sparse MFGP,43,9.55,0.1500000000000001
Matbench-Gap,Sparse MFGP,43,9.6,0.1500000000000001
Matbench-Gap,Sparse MFGP,43,9.65,0.1500000000000001
Matbench-Gap,Sparse MFGP,43,9.7,0.1500000000000001
Matbench-Gap,Sparse MFGP,43,9.75,0.1500000000000001
Matbench-Gap,Sparse MFGP,43,9.8,0.1500000000000001
Matbench-Gap,Sparse MFGP,43,9.85,0.1500000000000001
Matbench-Gap,Sparse MFGP,43,9.9,0.1500000000000001
Matbench-Gap,Sparse MFGP,43,9.95,0.1500000000000001
Matbench-Gap,Sparse MFGP,43,10.0,0.1500000000000001
Matbench-Gap,Sparse MFGP,43,11.0,0.1500000000000001
Matbench-Gap,Sparse MFGP,43,11.05,0.1500000000000001
Matbench-Gap,Sparse MFGP,43,11.1,0.1500000000000001
Matbench-Gap,Sparse MFGP,43,11.15,0.1500000000000001
Matbench-Gap,Sparse MFGP,43,11.2,0.1500000000000001
Matbench-Gap,Sparse MFGP,43,11.25,0.1500000000000001
Matbench-Gap,Sparse MFGP,43,11.3,0.1500000000000001
Matbench-Gap,Sparse MFGP,43,11.35,0.1500000000000001
Matbench-Gap,Sparse MFGP,43,11.4,0.1500000000000001
Matbench-Gap,Sparse MFGP,43,11.45,0.1500000000000001
Matbench-Gap,Sparse MFGP,43,11.5,0.1500000000000001
Matbench-Gap,Sparse MFGP,43,11.55,0.1500000000000001
Matbench-Gap,Sparse MFGP,43,11.6,0.1500000000000001
Matbench-Gap,Sparse MFGP,43,11.65,0.1500000000000001
Matbench-Gap,Sparse MFGP,43,11.7,0.1500000000000001
Matbench-Gap,Sparse MFGP,43,11.75,0.1500000000000001
Matbench-Gap,Sparse MFGP,43,11.8,0.1500000000000001
Matbench-Gap,Sparse MFGP,43,11.85,0.1500000000000001
Matbench-Gap,Sparse MFGP,43,11.9,0.1500000000000001
Matbench-Gap,Sparse MFGP,43,11.95,0.1500000000000001
Matbench-Gap,Sparse MFGP,43,12.0,0.1500000000000001
Matbench-Gap,Sparse MFGP,43,13.0,0.1500000000000001
Matbench-Gap,Sparse MFGP,43,13.05,0.1500000000000001
Matbench-Gap,Sparse MFGP,43,13.1,0.1500000000000001
Matbench-Gap,Sparse MFGP,43,13.15,0.1500000000000001
Matbench-Gap,Sparse MFGP,43,13.2,0.1500000000000001
Matbench-Gap,Sparse MFGP,43,13.25,0.1500000000000001
Matbench-Gap,Sparse MFGP,43,13.3,0.1500000000000001
Matbench-Gap,Sparse MFGP,43,13.35,0.1500000000000001
Matbench-Gap,Sparse MFGP,43,13.4,0.1500000000000001
Matbench-Gap,Sparse MFGP,43,13.45,0.1500000000000001
Matbench-Gap,Sparse MFGP,43,13.5,0.1500000000000001
Matbench-Gap,Sparse MFGP,43,13.55,0.1500000000000001
Matbench-Gap,Sparse MFGP,43,13.6,0.1500000000000001
Matbench-Gap,Sparse MFGP,43,13.65,0.1500000000000001
Matbench-Gap,Sparse MFGP,43,13.7,0.1500000000000001
Matbench-Gap,Sparse MFGP,43,13.75,0.1500000000000001
Matbench-Gap,Sparse MFGP,43,13.8,0.1500000000000001
Matbench-Gap,Sparse MFGP,43,13.85,0.1500000000000001
Matbench-Gap,Sparse MFGP,43,13.9,0.1500000000000001
Matbench-Gap,Sparse MFGP,43,13.95,0.1500000000000001
Matbench-Gap,Sparse MFGP,43,14.0,0.1500000000000001
Matbench-Gap,Sparse MFGP,43,15.0,0.1500000000000001
Matbench-Gap,Sparse MFGP,43,15.05,0.1500000000000001
Matbench-Gap,Sparse MFGP,43,15.1,0.1500000000000001
Matbench-Gap,Sparse MFGP,43,15.15,0.1500000000000001
Matbench-Gap,Sparse MFGP,43,15.2,0.1500000000000001
Matbench-Gap,Sparse MFGP,43,15.25,0.1500000000000001
Matbench-Gap,Sparse MFGP,43,15.3,0.1500000000000001
Matbench-Gap,Sparse MFGP,43,15.35,0.1500000000000001
Matbench-Gap,Sparse MFGP,43,15.4,0.1500000000000001
Matbench-Gap,Sparse MFGP,43,15.45,0.1500000000000001
Matbench-Gap,Sparse MFGP,43,15.5,0.1500000000000001
Matbench-Gap,Sparse MFGP,43,15.55,0.1500000000000001
Matbench-Gap,Sparse MFGP,43,15.6,0.1500000000000001
Matbench-Gap,Sparse MFGP,43,15.65,0.1500000000000001
Matbench-Gap,Sparse MFGP,43,15.7,0.1500000000000001
Matbench-Gap,Sparse MFGP,43,15.75,0.1500000000000001
Matbench-Gap,Sparse MFGP,43,15.8,0.1500000000000001
Matbench-Gap,Sparse MFGP,43,15.85,0.1500000000000001
Matbench-Gap,Sparse MFGP,43,15.9,0.1500000000000001
Matbench-Gap,Sparse MFGP,43,15.95,0.1500000000000001
Matbench-Gap,Sparse MFGP,43,16.0,0.1500000000000001
Matbench-Gap,Sparse MFGP,43,17.0,0.1500000000000001
Matbench-Gap,Sparse MFGP,43,17.05,0.1500000000000001
Matbench-Gap,Sparse MFGP,43,17.1,0.1500000000000001
Matbench-Gap,Sparse MFGP,43,17.15,0.1500000000000001
Matbench-Gap,Sparse MFGP,43,17.2,0.1500000000000001
Matbench-Gap,Sparse MFGP,43,17.25,0.1500000000000001
Matbench-Gap,Sparse MFGP,43,17.3,0.1500000000000001
Matbench-Gap,Sparse MFGP,43,17.35,0.1500000000000001
Matbench-Gap,Sparse MFGP,43,17.4,0.1500000000000001
Matbench-Gap,Sparse MFGP,43,17.45,0.1500000000000001
Matbench-Gap,Sparse MFGP,43,17.5,0.1500000000000001
Matbench-Gap,Sparse MFGP,43,17.55,0.1500000000000001
Matbench-Gap,Sparse MFGP,43,17.6,0.1500000000000001
Matbench-Gap,Sparse MFGP,43,17.65,0.1500000000000001
Matbench-Gap,Sparse MFGP,43,17.7,0.1500000000000001
Matbench-Gap,Sparse MFGP,43,17.75,0.1500000000000001
Matbench-Gap,Sparse MFGP,43,17.8,0.1500000000000001
Matbench-Gap,Sparse MFGP,43,17.85,0.1500000000000001
Matbench-Gap,Sparse MFGP,43,17.9,0.1500000000000001
Matbench-Gap,Sparse MFGP,43,17.95,0.1500000000000001
Matbench-Gap,Sparse MFGP,43,18.0,0.1500000000000001
Matbench-Gap,Sparse MFGP,43,19.0,0.1500000000000001
Matbench-Gap,Sparse MFGP,43,19.05,0.1500000000000001
Matbench-Gap,Sparse MFGP,43,19.1,0.1500000000000001
Matbench-Gap,Sparse MFGP,43,19.15,0.1500000000000001
Matbench-Gap,Sparse MFGP,43,19.2,0.1500000000000001
Matbench-Gap,Sparse MFGP,43,19.25,0.1500000000000001
Matbench-Gap,Sparse MFGP,43,19.3,0.1500000000000001
Matbench-Gap,Sparse MFGP,43,19.35,0.1500000000000001
Matbench-Gap,Sparse MFGP,43,19.4,0.1500000000000001
Matbench-Gap,Sparse MFGP,43,19.45,0.1500000000000001
Matbench-Gap,Sparse MFGP,43,19.5,0.1500000000000001
Matbench-Gap,Sparse MFGP,43,19.55,0.1500000000000001
Matbench-Gap,Sparse MFGP,43,19.6,0.1500000000000001
Matbench-Gap,Sparse MFGP,43,19.65,0.1500000000000001
Matbench-Gap,Sparse MFGP,43,19.7,0.1500000000000001
Matbench-Gap,Sparse MFGP,43,19.75,0.1500000000000001
Matbench-Gap,Sparse MFGP,43,19.8,0.1500000000000001
Matbench-Gap,Sparse MFGP,43,19.85,0.1500000000000001
Matbench-Gap,Sparse MFGP,43,19.9,0.1500000000000001
Matbench-Gap,Sparse MFGP,43,19.95,0.1500000000000001
Matbench-Gap,Sparse MFGP,44,3.0,0.8999999999999999
Matbench-Gap,Sparse MFGP,44,3.05,0.8999999999999999
Matbench-Gap,Sparse MFGP,44,3.1,0.8999999999999999
Matbench-Gap,Sparse MFGP,44,3.15,0.8999999999999999
Matbench-Gap,Sparse MFGP,44,3.2,0.8999999999999999
Matbench-Gap,Sparse MFGP,44,3.25,0.8999999999999999
Matbench-Gap,Sparse MFGP,44,3.3,0.8999999999999999
Matbench-Gap,Sparse MFGP,44,3.35,0.8999999999999999
Matbench-Gap,Sparse MFGP,44,3.4,0.8999999999999999
Matbench-Gap,Sparse MFGP,44,3.45,0.8999999999999999
Matbench-Gap,Sparse MFGP,44,3.5,0.8999999999999999
Matbench-Gap,Sparse MFGP,44,3.55,0.8999999999999999
Matbench-Gap,Sparse MFGP,44,3.6,0.8999999999999999
Matbench-Gap,Sparse MFGP,44,3.65,0.8999999999999999
Matbench-Gap,Sparse MFGP,44,3.7,0.8999999999999999
Matbench-Gap,Sparse MFGP,44,3.75,0.8999999999999999
Matbench-Gap,Sparse MFGP,44,3.8,0.8999999999999999
Matbench-Gap,Sparse MFGP,44,3.85,0.8999999999999999
Matbench-Gap,Sparse MFGP,44,3.9,0.8999999999999999
Matbench-Gap,Sparse MFGP,44,3.95,0.8999999999999999
Matbench-Gap,Sparse MFGP,44,4.0,0.8999999999999999
Matbench-Gap,Sparse MFGP,44,5.0,0.8999999999999999
Matbench-Gap,Sparse MFGP,44,5.05,0.8999999999999999
Matbench-Gap,Sparse MFGP,44,5.1,0.8999999999999999
Matbench-Gap,Sparse MFGP,44,5.15,0.8999999999999999
Matbench-Gap,Sparse MFGP,44,5.2,0.8999999999999999
Matbench-Gap,Sparse MFGP,44,5.25,0.8999999999999999
Matbench-Gap,Sparse MFGP,44,5.3,0.8999999999999999
Matbench-Gap,Sparse MFGP,44,5.35,0.8999999999999999
Matbench-Gap,Sparse MFGP,44,5.4,0.8999999999999999
Matbench-Gap,Sparse MFGP,44,5.45,0.8999999999999999
Matbench-Gap,Sparse MFGP,44,5.5,0.8999999999999999
Matbench-Gap,Sparse MFGP,44,5.55,0.8999999999999999
Matbench-Gap,Sparse MFGP,44,5.6,0.8999999999999999
Matbench-Gap,Sparse MFGP,44,5.65,0.8999999999999999
Matbench-Gap,Sparse MFGP,44,5.7,0.8999999999999999
Matbench-Gap,Sparse MFGP,44,5.75,0.8999999999999999
Matbench-Gap,Sparse MFGP,44,5.8,0.8999999999999999
Matbench-Gap,Sparse MFGP,44,5.85,0.8999999999999999
Matbench-Gap,Sparse MFGP,44,5.9,0.8999999999999999
Matbench-Gap,Sparse MFGP,44,5.95,0.8999999999999999
Matbench-Gap,Sparse MFGP,44,6.0,0.8999999999999999
Matbench-Gap,Sparse MFGP,44,7.0,0.4000000000000001
Matbench-Gap,Sparse MFGP,44,7.05,0.4000000000000001
Matbench-Gap,Sparse MFGP,44,7.1,0.4000000000000001
Matbench-Gap,Sparse MFGP,44,7.15,0.4000000000000001
Matbench-Gap,Sparse MFGP,44,7.2,0.4000000000000001
Matbench-Gap,Sparse MFGP,44,7.25,0.4000000000000001
Matbench-Gap,Sparse MFGP,44,7.3,0.4000000000000001
Matbench-Gap,Sparse MFGP,44,7.35,0.4000000000000001
Matbench-Gap,Sparse MFGP,44,7.4,0.4000000000000001
Matbench-Gap,Sparse MFGP,44,7.45,0.4000000000000001
Matbench-Gap,Sparse MFGP,44,7.5,0.4000000000000001
Matbench-Gap,Sparse MFGP,44,7.55,0.4000000000000001
Matbench-Gap,Sparse MFGP,44,7.6,0.4000000000000001
Matbench-Gap,Sparse MFGP,44,7.65,0.4000000000000001
Matbench-Gap,Sparse MFGP,44,7.7,0.4000000000000001
Matbench-Gap,Sparse MFGP,44,7.75,0.4000000000000001
Matbench-Gap,Sparse MFGP,44,7.8,0.4000000000000001
Matbench-Gap,Sparse MFGP,44,7.85,0.4000000000000001
Matbench-Gap,Sparse MFGP,44,7.9,0.4000000000000001
Matbench-Gap,Sparse MFGP,44,7.95,0.4000000000000001
Matbench-Gap,Sparse MFGP,44,8.0,0.4000000000000001
Matbench-Gap,Sparse MFGP,44,9.0,0.4000000000000001
Matbench-Gap,Sparse MFGP,44,9.05,0.4000000000000001
Matbench-Gap,Sparse MFGP,44,9.1,0.4000000000000001
Matbench-Gap,Sparse MFGP,44,9.15,0.4000000000000001
Matbench-Gap,Sparse MFGP,44,9.2,0.4000000000000001
Matbench-Gap,Sparse MFGP,44,9.25,0.4000000000000001
Matbench-Gap,Sparse MFGP,44,9.3,0.4000000000000001
Matbench-Gap,Sparse MFGP,44,9.35,0.4000000000000001
Matbench-Gap,Sparse MFGP,44,9.4,0.4000000000000001
Matbench-Gap,Sparse MFGP,44,9.45,0.4000000000000001
Matbench-Gap,Sparse MFGP,44,9.5,0.4000000000000001
Matbench-Gap,Sparse MFGP,44,9.55,0.4000000000000001
Matbench-Gap,Sparse MFGP,44,9.6,0.4000000000000001
Matbench-Gap,Sparse MFGP,44,9.65,0.4000000000000001
Matbench-Gap,Sparse MFGP,44,9.7,0.4000000000000001
Matbench-Gap,Sparse MFGP,44,9.75,0.4000000000000001
Matbench-Gap,Sparse MFGP,44,9.8,0.4000000000000001
Matbench-Gap,Sparse MFGP,44,9.85,0.4000000000000001
Matbench-Gap,Sparse MFGP,44,9.9,0.4000000000000001
Matbench-Gap,Sparse MFGP,44,9.95,0.4000000000000001
Matbench-Gap,Sparse MFGP,44,10.0,0.4000000000000001
Matbench-Gap,Sparse MFGP,44,11.0,0.4000000000000001
Matbench-Gap,Sparse MFGP,44,11.05,0.4000000000000001
Matbench-Gap,Sparse MFGP,44,11.1,0.4000000000000001
Matbench-Gap,Sparse MFGP,44,11.15,0.4000000000000001
Matbench-Gap,Sparse MFGP,44,11.2,0.4000000000000001
Matbench-Gap,Sparse MFGP,44,11.25,0.4000000000000001
Matbench-Gap,Sparse MFGP,44,11.3,0.4000000000000001
Matbench-Gap,Sparse MFGP,44,11.35,0.4000000000000001
Matbench-Gap,Sparse MFGP,44,11.4,0.4000000000000001
Matbench-Gap,Sparse MFGP,44,11.45,0.4000000000000001
Matbench-Gap,Sparse MFGP,44,11.5,0.4000000000000001
Matbench-Gap,Sparse MFGP,44,11.55,0.4000000000000001
Matbench-Gap,Sparse MFGP,44,11.6,0.4000000000000001
Matbench-Gap,Sparse MFGP,44,11.65,0.4000000000000001
Matbench-Gap,Sparse MFGP,44,11.7,0.4000000000000001
Matbench-Gap,Sparse MFGP,44,11.75,0.4000000000000001
Matbench-Gap,Sparse MFGP,44,11.8,0.4000000000000001
Matbench-Gap,Sparse MFGP,44,11.85,0.4000000000000001
Matbench-Gap,Sparse MFGP,44,11.9,0.4000000000000001
Matbench-Gap,Sparse MFGP,44,11.95,0.4000000000000001
Matbench-Gap,Sparse MFGP,44,12.0,0.4000000000000001
Matbench-Gap,Sparse MFGP,44,13.0,0.0899999999999998
Matbench-Gap,Sparse MFGP,44,13.05,0.0899999999999998
Matbench-Gap,Sparse MFGP,44,13.1,0.0899999999999998
Matbench-Gap,Sparse MFGP,44,13.15,0.0899999999999998
Matbench-Gap,Sparse MFGP,44,13.2,0.0899999999999998
Matbench-Gap,Sparse MFGP,44,13.25,0.0899999999999998
Matbench-Gap,Sparse MFGP,44,13.3,0.0899999999999998
Matbench-Gap,Sparse MFGP,44,13.35,0.0899999999999998
Matbench-Gap,Sparse MFGP,44,13.4,0.0899999999999998
Matbench-Gap,Sparse MFGP,44,13.45,0.0899999999999998
Matbench-Gap,Sparse MFGP,44,13.5,0.0899999999999998
Matbench-Gap,Sparse MFGP,44,13.55,0.0899999999999998
Matbench-Gap,Sparse MFGP,44,13.6,0.0899999999999998
Matbench-Gap,Sparse MFGP,44,13.65,0.0899999999999998
Matbench-Gap,Sparse MFGP,44,13.7,0.0899999999999998
Matbench-Gap,Sparse MFGP,44,13.75,0.0899999999999998
Matbench-Gap,Sparse MFGP,44,13.8,0.0899999999999998
Matbench-Gap,Sparse MFGP,44,13.85,0.0899999999999998
Matbench-Gap,Sparse MFGP,44,13.9,0.0899999999999998
Matbench-Gap,Sparse MFGP,44,13.95,0.0899999999999998
Matbench-Gap,Sparse MFGP,44,14.0,0.0899999999999998
Matbench-Gap,Sparse MFGP,44,15.0,0.0899999999999998
Matbench-Gap,Sparse MFGP,44,15.05,0.0899999999999998
Matbench-Gap,Sparse MFGP,44,15.1,0.0899999999999998
Matbench-Gap,Sparse MFGP,44,15.15,0.0899999999999998
Matbench-Gap,Sparse MFGP,44,15.2,0.0899999999999998
Matbench-Gap,Sparse MFGP,44,15.25,0.0899999999999998
Matbench-Gap,Sparse MFGP,44,15.3,0.0899999999999998
Matbench-Gap,Sparse MFGP,44,15.35,0.0899999999999998
Matbench-Gap,Sparse MFGP,44,15.4,0.0899999999999998
Matbench-Gap,Sparse MFGP,44,15.45,0.0899999999999998
Matbench-Gap,Sparse MFGP,44,15.5,0.0899999999999998
Matbench-Gap,Sparse MFGP,44,15.55,0.0899999999999998
Matbench-Gap,Sparse MFGP,44,15.6,0.0899999999999998
Matbench-Gap,Sparse MFGP,44,15.65,0.0899999999999998
Matbench-Gap,Sparse MFGP,44,15.7,0.0899999999999998
Matbench-Gap,Sparse MFGP,44,15.75,0.0899999999999998
Matbench-Gap,Sparse MFGP,44,15.8,0.0899999999999998
Matbench-Gap,Sparse MFGP,44,15.85,0.0899999999999998
Matbench-Gap,Sparse MFGP,44,15.9,0.0899999999999998
Matbench-Gap,Sparse MFGP,44,15.95,0.0899999999999998
Matbench-Gap,Sparse MFGP,44,16.0,0.0899999999999998
Matbench-Gap,Sparse MFGP,44,17.0,0.0899999999999998
Matbench-Gap,Sparse MFGP,44,17.05,0.0899999999999998
Matbench-Gap,Sparse MFGP,44,17.1,0.0899999999999998
Matbench-Gap,Sparse MFGP,44,17.15,0.0899999999999998
Matbench-Gap,Sparse MFGP,44,17.2,0.0899999999999998
Matbench-Gap,Sparse MFGP,44,17.25,0.0899999999999998
Matbench-Gap,Sparse MFGP,44,17.3,0.0899999999999998
Matbench-Gap,Sparse MFGP,44,17.35,0.0899999999999998
Matbench-Gap,Sparse MFGP,44,17.4,0.0899999999999998
Matbench-Gap,Sparse MFGP,44,17.45,0.0899999999999998
Matbench-Gap,Sparse MFGP,44,17.5,0.0899999999999998
Matbench-Gap,Sparse MFGP,44,17.55,0.0899999999999998
Matbench-Gap,Sparse MFGP,44,17.6,0.0899999999999998
Matbench-Gap,Sparse MFGP,44,17.65,0.0899999999999998
Matbench-Gap,Sparse MFGP,44,17.7,0.0899999999999998
Matbench-Gap,Sparse MFGP,44,17.75,0.0899999999999998
Matbench-Gap,Sparse MFGP,44,17.8,0.0899999999999998
Matbench-Gap,Sparse MFGP,44,17.85,0.0899999999999998
Matbench-Gap,Sparse MFGP,44,17.9,0.0899999999999998
Matbench-Gap,Sparse MFGP,44,17.95,0.0899999999999998
Matbench-Gap,Sparse MFGP,44,18.0,0.0899999999999998
Matbench-Gap,Sparse MFGP,44,19.0,0.0899999999999998
Matbench-Gap,Sparse MFGP,44,19.05,0.0899999999999998
Matbench-Gap,Sparse MFGP,44,19.1,0.0899999999999998
Matbench-Gap,Sparse MFGP,44,19.15,0.0899999999999998
Matbench-Gap,Sparse MFGP,44,19.2,0.0899999999999998
Matbench-Gap,Sparse MFGP,44,19.25,0.0899999999999998
Matbench-Gap,Sparse MFGP,44,19.3,0.0899999999999998
Matbench-Gap,Sparse MFGP,44,19.35,0.0899999999999998
Matbench-Gap,Sparse MFGP,44,19.4,0.0899999999999998
Matbench-Gap,Sparse MFGP,44,19.45,0.0899999999999998
Matbench-Gap,Sparse MFGP,44,19.5,0.0899999999999998
Matbench-Gap,Sparse MFGP,44,19.55,0.0899999999999998
Matbench-Gap,Sparse MFGP,44,19.6,0.0899999999999998
Matbench-Gap,Sparse MFGP,44,19.65,0.0899999999999998
Matbench-Gap,Sparse MFGP,44,19.7,0.0899999999999998
Matbench-Gap,Sparse MFGP,44,19.75,0.0899999999999998
Matbench-Gap,Sparse MFGP,44,19.8,0.0899999999999998
Matbench-Gap,Sparse MFGP,44,19.85,0.0899999999999998
Matbench-Gap,Sparse MFGP,44,19.9,0.0899999999999998
Matbench-Gap,Sparse MFGP,44,19.95,0.0899999999999998
Matbench-Gap,Sparse MFGP,45,3.0,1.4
Matbench-Gap,Sparse MFGP,45,3.05,1.4
Matbench-Gap,Sparse MFGP,45,3.1,1.4
Matbench-Gap,Sparse MFGP,45,3.15,1.4
Matbench-Gap,Sparse MFGP,45,3.2,1.4
Matbench-Gap,Sparse MFGP,45,3.25,1.4
Matbench-Gap,Sparse MFGP,45,3.3,1.4
Matbench-Gap,Sparse MFGP,45,3.35,1.4
Matbench-Gap,Sparse MFGP,45,3.4,1.4
Matbench-Gap,Sparse MFGP,45,3.45,1.4
Matbench-Gap,Sparse MFGP,45,3.5,1.4
Matbench-Gap,Sparse MFGP,45,3.55,1.4
Matbench-Gap,Sparse MFGP,45,3.6,1.4
Matbench-Gap,Sparse MFGP,45,3.65,1.4
Matbench-Gap,Sparse MFGP,45,3.7,1.4
Matbench-Gap,Sparse MFGP,45,3.75,1.4
Matbench-Gap,Sparse MFGP,45,3.8,1.4
Matbench-Gap,Sparse MFGP,45,3.85,1.4
Matbench-Gap,Sparse MFGP,45,3.9,1.4
Matbench-Gap,Sparse MFGP,45,3.95,1.4
Matbench-Gap,Sparse MFGP,45,4.0,1.4
Matbench-Gap,Sparse MFGP,45,5.0,1.4
Matbench-Gap,Sparse MFGP,45,5.05,1.4
Matbench-Gap,Sparse MFGP,45,5.1,1.4
Matbench-Gap,Sparse MFGP,45,5.15,1.4
Matbench-Gap,Sparse MFGP,45,5.2,1.4
Matbench-Gap,Sparse MFGP,45,5.25,1.4
Matbench-Gap,Sparse MFGP,45,5.3,1.4
Matbench-Gap,Sparse MFGP,45,5.35,1.4
Matbench-Gap,Sparse MFGP,45,5.4,1.4
Matbench-Gap,Sparse MFGP,45,5.45,1.4
Matbench-Gap,Sparse MFGP,45,5.5,1.4
Matbench-Gap,Sparse MFGP,45,5.55,1.4
Matbench-Gap,Sparse MFGP,45,5.6,1.4
Matbench-Gap,Sparse MFGP,45,5.65,1.4
Matbench-Gap,Sparse MFGP,45,5.7,1.4
Matbench-Gap,Sparse MFGP,45,5.75,1.4
Matbench-Gap,Sparse MFGP,45,5.8,1.4
Matbench-Gap,Sparse MFGP,45,5.85,1.4
Matbench-Gap,Sparse MFGP,45,5.9,1.4
Matbench-Gap,Sparse MFGP,45,5.95,1.4
Matbench-Gap,Sparse MFGP,45,6.0,1.4
Matbench-Gap,Sparse MFGP,45,7.0,1.4
Matbench-Gap,Sparse MFGP,45,7.05,1.4
Matbench-Gap,Sparse MFGP,45,7.1,1.4
Matbench-Gap,Sparse MFGP,45,7.15,1.4
Matbench-Gap,Sparse MFGP,45,7.2,1.4
Matbench-Gap,Sparse MFGP,45,7.25,1.4
Matbench-Gap,Sparse MFGP,45,7.3,1.4
Matbench-Gap,Sparse MFGP,45,7.35,1.4
Matbench-Gap,Sparse MFGP,45,7.4,1.4
Matbench-Gap,Sparse MFGP,45,7.45,1.4
Matbench-Gap,Sparse MFGP,45,7.5,1.4
Matbench-Gap,Sparse MFGP,45,7.55,1.4
Matbench-Gap,Sparse MFGP,45,7.6,1.4
Matbench-Gap,Sparse MFGP,45,7.65,1.4
Matbench-Gap,Sparse MFGP,45,7.7,1.4
Matbench-Gap,Sparse MFGP,45,7.75,1.4
Matbench-Gap,Sparse MFGP,45,7.8,1.4
Matbench-Gap,Sparse MFGP,45,7.85,1.4
Matbench-Gap,Sparse MFGP,45,7.9,1.4
Matbench-Gap,Sparse MFGP,45,7.95,1.4
Matbench-Gap,Sparse MFGP,45,8.0,1.4
Matbench-Gap,Sparse MFGP,45,9.0,0.7499999999999999
Matbench-Gap,Sparse MFGP,45,9.05,0.7499999999999999
Matbench-Gap,Sparse MFGP,45,9.1,0.7499999999999999
Matbench-Gap,Sparse MFGP,45,9.15,0.7499999999999999
Matbench-Gap,Sparse MFGP,45,9.2,0.7499999999999999
Matbench-Gap,Sparse MFGP,45,9.25,0.7499999999999999
Matbench-Gap,Sparse MFGP,45,9.3,0.7499999999999999
Matbench-Gap,Sparse MFGP,45,9.35,0.7499999999999999
Matbench-Gap,Sparse MFGP,45,9.4,0.7499999999999999
Matbench-Gap,Sparse MFGP,45,9.45,0.7499999999999999
Matbench-Gap,Sparse MFGP,45,9.5,0.7499999999999999
Matbench-Gap,Sparse MFGP,45,9.55,0.7499999999999999
Matbench-Gap,Sparse MFGP,45,9.6,0.7499999999999999
Matbench-Gap,Sparse MFGP,45,9.65,0.7499999999999999
Matbench-Gap,Sparse MFGP,45,9.7,0.7499999999999999
Matbench-Gap,Sparse MFGP,45,9.75,0.7499999999999999
Matbench-Gap,Sparse MFGP,45,9.8,0.7499999999999999
Matbench-Gap,Sparse MFGP,45,9.85,0.7499999999999999
Matbench-Gap,Sparse MFGP,45,9.9,0.7499999999999999
Matbench-Gap,Sparse MFGP,45,9.95,0.7499999999999999
Matbench-Gap,Sparse MFGP,45,10.0,0.7499999999999999
Matbench-Gap,Sparse MFGP,45,11.0,0.7499999999999999
Matbench-Gap,Sparse MFGP,45,11.05,0.7499999999999999
Matbench-Gap,Sparse MFGP,45,11.1,0.7499999999999999
Matbench-Gap,Sparse MFGP,45,11.15,0.7499999999999999
Matbench-Gap,Sparse MFGP,45,11.2,0.7499999999999999
Matbench-Gap,Sparse MFGP,45,11.25,0.7499999999999999
Matbench-Gap,Sparse MFGP,45,11.3,0.7499999999999999
Matbench-Gap,Sparse MFGP,45,11.35,0.7499999999999999
Matbench-Gap,Sparse MFGP,45,11.4,0.7499999999999999
Matbench-Gap,Sparse MFGP,45,11.45,0.7499999999999999
Matbench-Gap,Sparse MFGP,45,11.5,0.7499999999999999
Matbench-Gap,Sparse MFGP,45,11.55,0.7499999999999999
Matbench-Gap,Sparse MFGP,45,11.6,0.7499999999999999
Matbench-Gap,Sparse MFGP,45,11.65,0.7499999999999999
Matbench-Gap,Sparse MFGP,45,11.7,0.7499999999999999
Matbench-Gap,Sparse MFGP,45,11.75,0.7499999999999999
Matbench-Gap,Sparse MFGP,45,11.8,0.7499999999999999
Matbench-Gap,Sparse MFGP,45,11.85,0.7499999999999999
Matbench-Gap,Sparse MFGP,45,11.9,0.7499999999999999
Matbench-Gap,Sparse MFGP,45,11.95,0.7499999999999999
Matbench-Gap,Sparse MFGP,45,12.0,0.7499999999999999
Matbench-Gap,Sparse MFGP,45,13.0,0.7499999999999999
Matbench-Gap,Sparse MFGP,45,13.05,0.7499999999999999
Matbench-Gap,Sparse MFGP,45,13.1,0.7499999999999999
Matbench-Gap,Sparse MFGP,45,13.15,0.7499999999999999
Matbench-Gap,Sparse MFGP,45,13.2,0.7499999999999999
Matbench-Gap,Sparse MFGP,45,13.25,0.7499999999999999
Matbench-Gap,Sparse MFGP,45,13.3,0.7499999999999999
Matbench-Gap,Sparse MFGP,45,13.35,0.7499999999999999
Matbench-Gap,Sparse MFGP,45,13.4,0.7499999999999999
Matbench-Gap,Sparse MFGP,45,13.45,0.7499999999999999
Matbench-Gap,Sparse MFGP,45,13.5,0.7499999999999999
Matbench-Gap,Sparse MFGP,45,13.55,0.7499999999999999
Matbench-Gap,Sparse MFGP,45,13.6,0.7499999999999999
Matbench-Gap,Sparse MFGP,45,13.65,0.7499999999999999
Matbench-Gap,Sparse MFGP,45,13.7,0.7499999999999999
Matbench-Gap,Sparse MFGP,45,13.75,0.7499999999999999
Matbench-Gap,Sparse MFGP,45,13.8,0.7499999999999999
Matbench-Gap,Sparse MFGP,45,13.85,0.7499999999999999
Matbench-Gap,Sparse MFGP,45,13.9,0.7499999999999999
Matbench-Gap,Sparse MFGP,45,13.95,0.7499999999999999
Matbench-Gap,Sparse MFGP,45,14.0,0.7499999999999999
Matbench-Gap,Sparse MFGP,45,15.0,0.55
Matbench-Gap,Sparse MFGP,45,15.05,0.55
Matbench-Gap,Sparse MFGP,45,15.1,0.55
Matbench-Gap,Sparse MFGP,45,15.15,0.55
Matbench-Gap,Sparse MFGP,45,15.2,0.55
Matbench-Gap,Sparse MFGP,45,15.25,0.55
Matbench-Gap,Sparse MFGP,45,15.3,0.55
Matbench-Gap,Sparse MFGP,45,15.35,0.55
Matbench-Gap,Sparse MFGP,45,15.4,0.55
Matbench-Gap,Sparse MFGP,45,15.45,0.55
Matbench-Gap,Sparse MFGP,45,15.5,0.55
Matbench-Gap,Sparse MFGP,45,15.55,0.55
Matbench-Gap,Sparse MFGP,45,15.6,0.55
Matbench-Gap,Sparse MFGP,45,15.65,0.55
Matbench-Gap,Sparse MFGP,45,15.7,0.55
Matbench-Gap,Sparse MFGP,45,15.75,0.55
Matbench-Gap,Sparse MFGP,45,15.8,0.55
Matbench-Gap,Sparse MFGP,45,15.85,0.55
Matbench-Gap,Sparse MFGP,45,15.9,0.55
Matbench-Gap,Sparse MFGP,45,15.95,0.55
Matbench-Gap,Sparse MFGP,45,16.0,0.55
Matbench-Gap,Sparse MFGP,45,17.0,0.55
Matbench-Gap,Sparse MFGP,45,17.05,0.55
Matbench-Gap,Sparse MFGP,45,17.1,0.55
Matbench-Gap,Sparse MFGP,45,17.15,0.55
Matbench-Gap,Sparse MFGP,45,17.2,0.55
Matbench-Gap,Sparse MFGP,45,17.25,0.55
Matbench-Gap,Sparse MFGP,45,17.3,0.55
Matbench-Gap,Sparse MFGP,45,17.35,0.55
Matbench-Gap,Sparse MFGP,45,17.4,0.55
Matbench-Gap,Sparse MFGP,45,17.45,0.55
Matbench-Gap,Sparse MFGP,45,17.5,0.55
Matbench-Gap,Sparse MFGP,45,17.55,0.55
Matbench-Gap,Sparse MFGP,45,17.6,0.55
Matbench-Gap,Sparse MFGP,45,17.65,0.55
Matbench-Gap,Sparse MFGP,45,17.7,0.55
Matbench-Gap,Sparse MFGP,45,17.75,0.55
Matbench-Gap,Sparse MFGP,45,17.8,0.55
Matbench-Gap,Sparse MFGP,45,17.85,0.55
Matbench-Gap,Sparse MFGP,45,17.9,0.55
Matbench-Gap,Sparse MFGP,45,17.95,0.55
Matbench-Gap,Sparse MFGP,45,18.0,0.55
Matbench-Gap,Sparse MFGP,45,19.0,0.55
Matbench-Gap,Sparse MFGP,45,19.05,0.55
Matbench-Gap,Sparse MFGP,45,19.1,0.55
Matbench-Gap,Sparse MFGP,45,19.15,0.55
Matbench-Gap,Sparse MFGP,45,19.2,0.55
Matbench-Gap,Sparse MFGP,45,19.25,0.55
Matbench-Gap,Sparse MFGP,45,19.3,0.55
Matbench-Gap,Sparse MFGP,45,19.35,0.55
Matbench-Gap,Sparse MFGP,45,19.4,0.55
Matbench-Gap,Sparse MFGP,45,19.45,0.55
Matbench-Gap,Sparse MFGP,45,19.5,0.55
Matbench-Gap,Sparse MFGP,45,19.55,0.55
Matbench-Gap,Sparse MFGP,45,19.6,0.55
Matbench-Gap,Sparse MFGP,45,19.65,0.55
Matbench-Gap,Sparse MFGP,45,19.7,0.55
Matbench-Gap,Sparse MFGP,45,19.75,0.55
Matbench-Gap,Sparse MFGP,45,19.8,0.55
Matbench-Gap,Sparse MFGP,45,19.85,0.55
Matbench-Gap,Sparse MFGP,45,19.9,0.55
Matbench-Gap,Sparse MFGP,45,19.95,0.55
Matbench-Gap,Sparse MFGP,46,3.0,1.4
Matbench-Gap,Sparse MFGP,46,3.05,1.4
Matbench-Gap,Sparse MFGP,46,3.1,1.4
Matbench-Gap,Sparse MFGP,46,3.15,1.4
Matbench-Gap,Sparse MFGP,46,3.2,1.4
Matbench-Gap,Sparse MFGP,46,3.25,1.4
Matbench-Gap,Sparse MFGP,46,3.3,1.4
Matbench-Gap,Sparse MFGP,46,3.35,1.4
Matbench-Gap,Sparse MFGP,46,3.4,1.4
Matbench-Gap,Sparse MFGP,46,3.45,1.4
Matbench-Gap,Sparse MFGP,46,3.5,1.4
Matbench-Gap,Sparse MFGP,46,3.55,1.4
Matbench-Gap,Sparse MFGP,46,3.6,1.4
Matbench-Gap,Sparse MFGP,46,3.65,1.4
Matbench-Gap,Sparse MFGP,46,3.7,1.4
Matbench-Gap,Sparse MFGP,46,3.75,1.4
Matbench-Gap,Sparse MFGP,46,3.8,1.4
Matbench-Gap,Sparse MFGP,46,3.85,1.4
Matbench-Gap,Sparse MFGP,46,3.9,1.4
Matbench-Gap,Sparse MFGP,46,3.95,1.4
Matbench-Gap,Sparse MFGP,46,4.0,1.4
Matbench-Gap,Sparse MFGP,46,5.0,1.4
Matbench-Gap,Sparse MFGP,46,5.05,1.4
Matbench-Gap,Sparse MFGP,46,5.1,1.4
Matbench-Gap,Sparse MFGP,46,5.15,1.4
Matbench-Gap,Sparse MFGP,46,5.2,1.4
Matbench-Gap,Sparse MFGP,46,5.25,1.4
Matbench-Gap,Sparse MFGP,46,5.3,1.4
Matbench-Gap,Sparse MFGP,46,5.35,1.4
Matbench-Gap,Sparse MFGP,46,5.4,1.4
Matbench-Gap,Sparse MFGP,46,5.45,1.4
Matbench-Gap,Sparse MFGP,46,5.5,1.4
Matbench-Gap,Sparse MFGP,46,5.55,1.4
Matbench-Gap,Sparse MFGP,46,5.6,1.4
Matbench-Gap,Sparse MFGP,46,5.65,1.4
Matbench-Gap,Sparse MFGP,46,5.7,1.4
Matbench-Gap,Sparse MFGP,46,5.75,1.4
Matbench-Gap,Sparse MFGP,46,5.8,1.4
Matbench-Gap,Sparse MFGP,46,5.85,1.4
Matbench-Gap,Sparse MFGP,46,5.9,1.4
Matbench-Gap,Sparse MFGP,46,5.95,1.4
Matbench-Gap,Sparse MFGP,46,6.0,1.4
Matbench-Gap,Sparse MFGP,46,7.0,1.4
Matbench-Gap,Sparse MFGP,46,7.05,1.4
Matbench-Gap,Sparse MFGP,46,7.1,1.4
Matbench-Gap,Sparse MFGP,46,7.15,1.4
Matbench-Gap,Sparse MFGP,46,7.2,1.4
Matbench-Gap,Sparse MFGP,46,7.25,1.4
Matbench-Gap,Sparse MFGP,46,7.3,1.4
Matbench-Gap,Sparse MFGP,46,7.35,1.4
Matbench-Gap,Sparse MFGP,46,7.4,1.4
Matbench-Gap,Sparse MFGP,46,7.45,1.4
Matbench-Gap,Sparse MFGP,46,7.5,1.4
Matbench-Gap,Sparse MFGP,46,7.55,1.4
Matbench-Gap,Sparse MFGP,46,7.6,1.4
Matbench-Gap,Sparse MFGP,46,7.65,1.4
Matbench-Gap,Sparse MFGP,46,7.7,1.4
Matbench-Gap,Sparse MFGP,46,7.75,1.4
Matbench-Gap,Sparse MFGP,46,7.8,1.4
Matbench-Gap,Sparse MFGP,46,7.85,1.4
Matbench-Gap,Sparse MFGP,46,7.9,1.4
Matbench-Gap,Sparse MFGP,46,7.95,1.4
Matbench-Gap,Sparse MFGP,46,8.0,1.4
Matbench-Gap,Sparse MFGP,46,9.0,1.4
Matbench-Gap,Sparse MFGP,46,9.05,1.4
Matbench-Gap,Sparse MFGP,46,9.1,1.4
Matbench-Gap,Sparse MFGP,46,9.15,1.4
Matbench-Gap,Sparse MFGP,46,9.2,1.4
Matbench-Gap,Sparse MFGP,46,9.25,1.4
Matbench-Gap,Sparse MFGP,46,9.3,1.4
Matbench-Gap,Sparse MFGP,46,9.35,1.4
Matbench-Gap,Sparse MFGP,46,9.4,1.4
Matbench-Gap,Sparse MFGP,46,9.45,1.4
Matbench-Gap,Sparse MFGP,46,9.5,1.4
Matbench-Gap,Sparse MFGP,46,9.55,1.4
Matbench-Gap,Sparse MFGP,46,9.6,1.4
Matbench-Gap,Sparse MFGP,46,9.65,1.4
Matbench-Gap,Sparse MFGP,46,9.7,1.4
Matbench-Gap,Sparse MFGP,46,9.75,1.4
Matbench-Gap,Sparse MFGP,46,9.8,1.4
Matbench-Gap,Sparse MFGP,46,9.85,1.4
Matbench-Gap,Sparse MFGP,46,9.9,1.4
Matbench-Gap,Sparse MFGP,46,9.95,1.4
Matbench-Gap,Sparse MFGP,46,10.0,1.4
Matbench-Gap,Sparse MFGP,46,11.0,1.4
Matbench-Gap,Sparse MFGP,46,11.05,1.4
Matbench-Gap,Sparse MFGP,46,11.1,1.4
Matbench-Gap,Sparse MFGP,46,11.15,1.4
Matbench-Gap,Sparse MFGP,46,11.2,1.4
Matbench-Gap,Sparse MFGP,46,11.25,1.4
Matbench-Gap,Sparse MFGP,46,11.3,1.4
Matbench-Gap,Sparse MFGP,46,11.35,1.4
Matbench-Gap,Sparse MFGP,46,11.4,1.4
Matbench-Gap,Sparse MFGP,46,11.45,1.4
Matbench-Gap,Sparse MFGP,46,11.5,1.4
Matbench-Gap,Sparse MFGP,46,11.55,1.4
Matbench-Gap,Sparse MFGP,46,11.6,1.4
Matbench-Gap,Sparse MFGP,46,11.65,1.4
Matbench-Gap,Sparse MFGP,46,11.7,1.4
Matbench-Gap,Sparse MFGP,46,11.75,1.4
Matbench-Gap,Sparse MFGP,46,11.8,1.4
Matbench-Gap,Sparse MFGP,46,11.85,1.4
Matbench-Gap,Sparse MFGP,46,11.9,1.4
Matbench-Gap,Sparse MFGP,46,11.95,1.4
Matbench-Gap,Sparse MFGP,46,12.0,1.4
Matbench-Gap,Sparse MFGP,46,13.0,1.4
Matbench-Gap,Sparse MFGP,46,13.05,1.4
Matbench-Gap,Sparse MFGP,46,13.1,1.4
Matbench-Gap,Sparse MFGP,46,13.15,1.4
Matbench-Gap,Sparse MFGP,46,13.2,1.4
Matbench-Gap,Sparse MFGP,46,13.25,1.4
Matbench-Gap,Sparse MFGP,46,13.3,1.4
Matbench-Gap,Sparse MFGP,46,13.35,1.4
Matbench-Gap,Sparse MFGP,46,13.4,1.4
Matbench-Gap,Sparse MFGP,46,13.45,1.4
Matbench-Gap,Sparse MFGP,46,13.5,1.4
Matbench-Gap,Sparse MFGP,46,13.55,1.4
Matbench-Gap,Sparse MFGP,46,13.6,1.4
Matbench-Gap,Sparse MFGP,46,13.65,1.4
Matbench-Gap,Sparse MFGP,46,13.7,1.4
Matbench-Gap,Sparse MFGP,46,13.75,1.4
Matbench-Gap,Sparse MFGP,46,13.8,1.4
Matbench-Gap,Sparse MFGP,46,13.85,1.4
Matbench-Gap,Sparse MFGP,46,13.9,1.4
Matbench-Gap,Sparse MFGP,46,13.95,1.4
Matbench-Gap,Sparse MFGP,46,14.0,1.4
Matbench-Gap,Sparse MFGP,46,15.0,1.4
Matbench-Gap,Sparse MFGP,46,15.05,1.4
Matbench-Gap,Sparse MFGP,46,15.1,1.4
Matbench-Gap,Sparse MFGP,46,15.15,1.4
Matbench-Gap,Sparse MFGP,46,15.2,1.4
Matbench-Gap,Sparse MFGP,46,15.25,1.4
Matbench-Gap,Sparse MFGP,46,15.3,1.4
Matbench-Gap,Sparse MFGP,46,15.35,1.4
Matbench-Gap,Sparse MFGP,46,15.4,1.4
Matbench-Gap,Sparse MFGP,46,15.45,1.4
Matbench-Gap,Sparse MFGP,46,15.5,1.4
Matbench-Gap,Sparse MFGP,46,15.55,1.4
Matbench-Gap,Sparse MFGP,46,15.6,1.4
Matbench-Gap,Sparse MFGP,46,15.65,1.4
Matbench-Gap,Sparse MFGP,46,15.7,1.4
Matbench-Gap,Sparse MFGP,46,15.75,1.4
Matbench-Gap,Sparse MFGP,46,15.8,1.4
Matbench-Gap,Sparse MFGP,46,15.85,1.4
Matbench-Gap,Sparse MFGP,46,15.9,1.4
Matbench-Gap,Sparse MFGP,46,15.95,1.4
Matbench-Gap,Sparse MFGP,46,16.0,1.4
Matbench-Gap,Sparse MFGP,46,17.0,1.4
Matbench-Gap,Sparse MFGP,46,17.05,1.4
Matbench-Gap,Sparse MFGP,46,17.1,1.4
Matbench-Gap,Sparse MFGP,46,17.15,1.4
Matbench-Gap,Sparse MFGP,46,17.2,1.4
Matbench-Gap,Sparse MFGP,46,17.25,1.4
Matbench-Gap,Sparse MFGP,46,17.3,1.4
Matbench-Gap,Sparse MFGP,46,17.35,1.4
Matbench-Gap,Sparse MFGP,46,17.4,1.4
Matbench-Gap,Sparse MFGP,46,17.45,1.4
Matbench-Gap,Sparse MFGP,46,17.5,1.4
Matbench-Gap,Sparse MFGP,46,17.55,1.4
Matbench-Gap,Sparse MFGP,46,17.6,1.4
Matbench-Gap,Sparse MFGP,46,17.65,1.4
Matbench-Gap,Sparse MFGP,46,17.7,1.4
Matbench-Gap,Sparse MFGP,46,17.75,1.4
Matbench-Gap,Sparse MFGP,46,17.8,1.4
Matbench-Gap,Sparse MFGP,46,17.85,1.4
Matbench-Gap,Sparse MFGP,46,17.9,1.4
Matbench-Gap,Sparse MFGP,46,17.95,1.4
Matbench-Gap,Sparse MFGP,46,18.0,1.4
Matbench-Gap,Sparse MFGP,46,19.0,1.14
Matbench-Gap,Sparse MFGP,46,19.05,1.14
Matbench-Gap,Sparse MFGP,46,19.1,1.14
Matbench-Gap,Sparse MFGP,46,19.15,1.14
Matbench-Gap,Sparse MFGP,46,19.2,1.14
Matbench-Gap,Sparse MFGP,46,19.25,1.14
Matbench-Gap,Sparse MFGP,46,19.3,1.14
Matbench-Gap,Sparse MFGP,46,19.35,1.14
Matbench-Gap,Sparse MFGP,46,19.4,1.14
Matbench-Gap,Sparse MFGP,46,19.45,1.14
Matbench-Gap,Sparse MFGP,46,19.5,1.14
Matbench-Gap,Sparse MFGP,46,19.55,1.14
Matbench-Gap,Sparse MFGP,46,19.6,1.14
Matbench-Gap,Sparse MFGP,46,19.65,1.14
Matbench-Gap,Sparse MFGP,46,19.7,1.14
Matbench-Gap,Sparse MFGP,46,19.75,1.14
Matbench-Gap,Sparse MFGP,46,19.8,1.14
Matbench-Gap,Sparse MFGP,46,19.85,1.14
Matbench-Gap,Sparse MFGP,46,19.9,1.14
Matbench-Gap,Sparse MFGP,46,19.95,1.14
Matbench-Gap,Sparse MFGP,47,3.0,1.4
Matbench-Gap,Sparse MFGP,47,3.05,1.4
Matbench-Gap,Sparse MFGP,47,3.1,1.4
Matbench-Gap,Sparse MFGP,47,3.15,1.4
Matbench-Gap,Sparse MFGP,47,3.2,1.4
Matbench-Gap,Sparse MFGP,47,3.25,1.4
Matbench-Gap,Sparse MFGP,47,3.3,1.4
Matbench-Gap,Sparse MFGP,47,3.35,1.4
Matbench-Gap,Sparse MFGP,47,3.4,1.4
Matbench-Gap,Sparse MFGP,47,3.45,1.4
Matbench-Gap,Sparse MFGP,47,3.5,1.4
Matbench-Gap,Sparse MFGP,47,3.55,1.4
Matbench-Gap,Sparse MFGP,47,3.6,1.4
Matbench-Gap,Sparse MFGP,47,3.65,1.4
Matbench-Gap,Sparse MFGP,47,3.7,1.4
Matbench-Gap,Sparse MFGP,47,3.75,1.4
Matbench-Gap,Sparse MFGP,47,3.8,1.4
Matbench-Gap,Sparse MFGP,47,3.85,1.4
Matbench-Gap,Sparse MFGP,47,3.9,1.4
Matbench-Gap,Sparse MFGP,47,3.95,1.4
Matbench-Gap,Sparse MFGP,47,4.0,1.4
Matbench-Gap,Sparse MFGP,47,5.0,1.4
Matbench-Gap,Sparse MFGP,47,5.05,1.4
Matbench-Gap,Sparse MFGP,47,5.1,1.4
Matbench-Gap,Sparse MFGP,47,5.15,1.4
Matbench-Gap,Sparse MFGP,47,5.2,1.4
Matbench-Gap,Sparse MFGP,47,5.25,1.4
Matbench-Gap,Sparse MFGP,47,5.3,1.4
Matbench-Gap,Sparse MFGP,47,5.35,1.4
Matbench-Gap,Sparse MFGP,47,5.4,1.4
Matbench-Gap,Sparse MFGP,47,5.45,1.4
Matbench-Gap,Sparse MFGP,47,5.5,1.4
Matbench-Gap,Sparse MFGP,47,5.55,1.4
Matbench-Gap,Sparse MFGP,47,5.6,1.4
Matbench-Gap,Sparse MFGP,47,5.65,1.4
Matbench-Gap,Sparse MFGP,47,5.7,1.4
Matbench-Gap,Sparse MFGP,47,5.75,1.4
Matbench-Gap,Sparse MFGP,47,5.8,1.4
Matbench-Gap,Sparse MFGP,47,5.85,1.4
Matbench-Gap,Sparse MFGP,47,5.9,1.4
Matbench-Gap,Sparse MFGP,47,5.95,1.4
Matbench-Gap,Sparse MFGP,47,6.0,1.4
Matbench-Gap,Sparse MFGP,47,7.0,1.4
Matbench-Gap,Sparse MFGP,47,7.05,1.4
Matbench-Gap,Sparse MFGP,47,7.1,1.4
Matbench-Gap,Sparse MFGP,47,7.15,1.4
Matbench-Gap,Sparse MFGP,47,7.2,1.4
Matbench-Gap,Sparse MFGP,47,7.25,1.4
Matbench-Gap,Sparse MFGP,47,7.3,1.4
Matbench-Gap,Sparse MFGP,47,7.35,1.4
Matbench-Gap,Sparse MFGP,47,7.4,1.4
Matbench-Gap,Sparse MFGP,47,7.45,1.4
Matbench-Gap,Sparse MFGP,47,7.5,1.4
Matbench-Gap,Sparse MFGP,47,7.55,1.4
Matbench-Gap,Sparse MFGP,47,7.6,1.4
Matbench-Gap,Sparse MFGP,47,7.65,1.4
Matbench-Gap,Sparse MFGP,47,7.7,1.4
Matbench-Gap,Sparse MFGP,47,7.75,1.4
Matbench-Gap,Sparse MFGP,47,7.8,1.4
Matbench-Gap,Sparse MFGP,47,7.85,1.4
Matbench-Gap,Sparse MFGP,47,7.9,1.4
Matbench-Gap,Sparse MFGP,47,7.95,1.4
Matbench-Gap,Sparse MFGP,47,8.0,1.4
Matbench-Gap,Sparse MFGP,47,9.0,1.4
Matbench-Gap,Sparse MFGP,47,9.05,1.4
Matbench-Gap,Sparse MFGP,47,9.1,1.4
Matbench-Gap,Sparse MFGP,47,9.15,1.4
Matbench-Gap,Sparse MFGP,47,9.2,1.4
Matbench-Gap,Sparse MFGP,47,9.25,1.4
Matbench-Gap,Sparse MFGP,47,9.3,1.4
Matbench-Gap,Sparse MFGP,47,9.35,1.4
Matbench-Gap,Sparse MFGP,47,9.4,1.4
Matbench-Gap,Sparse MFGP,47,9.45,1.4
Matbench-Gap,Sparse MFGP,47,9.5,1.4
Matbench-Gap,Sparse MFGP,47,9.55,1.4
Matbench-Gap,Sparse MFGP,47,9.6,1.4
Matbench-Gap,Sparse MFGP,47,9.65,1.4
Matbench-Gap,Sparse MFGP,47,9.7,1.4
Matbench-Gap,Sparse MFGP,47,9.75,1.4
Matbench-Gap,Sparse MFGP,47,9.8,1.4
Matbench-Gap,Sparse MFGP,47,9.85,1.4
Matbench-Gap,Sparse MFGP,47,9.9,1.4
Matbench-Gap,Sparse MFGP,47,9.95,1.4
Matbench-Gap,Sparse MFGP,47,10.0,1.4
Matbench-Gap,Sparse MFGP,47,11.0,0.7
Matbench-Gap,Sparse MFGP,47,11.05,0.7
Matbench-Gap,Sparse MFGP,47,11.1,0.7
Matbench-Gap,Sparse MFGP,47,11.15,0.7
Matbench-Gap,Sparse MFGP,47,11.2,0.7
Matbench-Gap,Sparse MFGP,47,11.25,0.7
Matbench-Gap,Sparse MFGP,47,11.3,0.7
Matbench-Gap,Sparse MFGP,47,11.35,0.7
Matbench-Gap,Sparse MFGP,47,11.4,0.7
Matbench-Gap,Sparse MFGP,47,11.45,0.7
Matbench-Gap,Sparse MFGP,47,11.5,0.7
Matbench-Gap,Sparse MFGP,47,11.55,0.7
Matbench-Gap,Sparse MFGP,47,11.6,0.7
Matbench-Gap,Sparse MFGP,47,11.65,0.7
Matbench-Gap,Sparse MFGP,47,11.7,0.7
Matbench-Gap,Sparse MFGP,47,11.75,0.7
Matbench-Gap,Sparse MFGP,47,11.8,0.7
Matbench-Gap,Sparse MFGP,47,11.85,0.7
Matbench-Gap,Sparse MFGP,47,11.9,0.7
Matbench-Gap,Sparse MFGP,47,11.95,0.7
Matbench-Gap,Sparse MFGP,47,12.0,0.7
Matbench-Gap,Sparse MFGP,47,13.0,0.7
Matbench-Gap,Sparse MFGP,47,13.05,0.7
Matbench-Gap,Sparse MFGP,47,13.1,0.7
Matbench-Gap,Sparse MFGP,47,13.15,0.7
Matbench-Gap,Sparse MFGP,47,13.2,0.7
Matbench-Gap,Sparse MFGP,47,13.25,0.7
Matbench-Gap,Sparse MFGP,47,13.3,0.7
Matbench-Gap,Sparse MFGP,47,13.35,0.7
Matbench-Gap,Sparse MFGP,47,13.4,0.7
Matbench-Gap,Sparse MFGP,47,13.45,0.7
Matbench-Gap,Sparse MFGP,47,13.5,0.7
Matbench-Gap,Sparse MFGP,47,13.55,0.7
Matbench-Gap,Sparse MFGP,47,13.6,0.7
Matbench-Gap,Sparse MFGP,47,13.65,0.7
Matbench-Gap,Sparse MFGP,47,13.7,0.7
Matbench-Gap,Sparse MFGP,47,13.75,0.7
Matbench-Gap,Sparse MFGP,47,13.8,0.7
Matbench-Gap,Sparse MFGP,47,13.85,0.7
Matbench-Gap,Sparse MFGP,47,13.9,0.7
Matbench-Gap,Sparse MFGP,47,13.95,0.7
Matbench-Gap,Sparse MFGP,47,14.0,0.7
Matbench-Gap,Sparse MFGP,47,15.0,0.7
Matbench-Gap,Sparse MFGP,47,15.05,0.7
Matbench-Gap,Sparse MFGP,47,15.1,0.7
Matbench-Gap,Sparse MFGP,47,15.15,0.7
Matbench-Gap,Sparse MFGP,47,15.2,0.7
Matbench-Gap,Sparse MFGP,47,15.25,0.7
Matbench-Gap,Sparse MFGP,47,15.3,0.7
Matbench-Gap,Sparse MFGP,47,15.35,0.7
Matbench-Gap,Sparse MFGP,47,15.4,0.7
Matbench-Gap,Sparse MFGP,47,15.45,0.7
Matbench-Gap,Sparse MFGP,47,15.5,0.7
Matbench-Gap,Sparse MFGP,47,15.55,0.7
Matbench-Gap,Sparse MFGP,47,15.6,0.7
Matbench-Gap,Sparse MFGP,47,15.65,0.7
Matbench-Gap,Sparse MFGP,47,15.7,0.7
Matbench-Gap,Sparse MFGP,47,15.75,0.7
Matbench-Gap,Sparse MFGP,47,15.8,0.7
Matbench-Gap,Sparse MFGP,47,15.85,0.7
Matbench-Gap,Sparse MFGP,47,15.9,0.7
Matbench-Gap,Sparse MFGP,47,15.95,0.7
Matbench-Gap,Sparse MFGP,47,16.0,0.7
Matbench-Gap,Sparse MFGP,47,17.0,0.7
Matbench-Gap,Sparse MFGP,47,17.05,0.7
Matbench-Gap,Sparse MFGP,47,17.1,0.7
Matbench-Gap,Sparse MFGP,47,17.15,0.7
Matbench-Gap,Sparse MFGP,47,17.2,0.7
Matbench-Gap,Sparse MFGP,47,17.25,0.7
Matbench-Gap,Sparse MFGP,47,17.3,0.7
Matbench-Gap,Sparse MFGP,47,17.35,0.7
Matbench-Gap,Sparse MFGP,47,17.4,0.7
Matbench-Gap,Sparse MFGP,47,17.45,0.7
Matbench-Gap,Sparse MFGP,47,17.5,0.7
Matbench-Gap,Sparse MFGP,47,17.55,0.7
Matbench-Gap,Sparse MFGP,47,17.6,0.7
Matbench-Gap,Sparse MFGP,47,17.65,0.7
Matbench-Gap,Sparse MFGP,47,17.7,0.7
Matbench-Gap,Sparse MFGP,47,17.75,0.7
Matbench-Gap,Sparse MFGP,47,17.8,0.7
Matbench-Gap,Sparse MFGP,47,17.85,0.7
Matbench-Gap,Sparse MFGP,47,17.9,0.7
Matbench-Gap,Sparse MFGP,47,17.95,0.7
Matbench-Gap,Sparse MFGP,47,18.0,0.7
Matbench-Gap,Sparse MFGP,47,19.0,0.7
Matbench-Gap,Sparse MFGP,47,19.05,0.7
Matbench-Gap,Sparse MFGP,47,19.1,0.7
Matbench-Gap,Sparse MFGP,47,19.15,0.7
Matbench-Gap,Sparse MFGP,47,19.2,0.7
Matbench-Gap,Sparse MFGP,47,19.25,0.7
Matbench-Gap,Sparse MFGP,47,19.3,0.7
Matbench-Gap,Sparse MFGP,47,19.35,0.7
Matbench-Gap,Sparse MFGP,47,19.4,0.7
Matbench-Gap,Sparse MFGP,47,19.45,0.7
Matbench-Gap,Sparse MFGP,47,19.5,0.7
Matbench-Gap,Sparse MFGP,47,19.55,0.7
Matbench-Gap,Sparse MFGP,47,19.6,0.7
Matbench-Gap,Sparse MFGP,47,19.65,0.7
Matbench-Gap,Sparse MFGP,47,19.7,0.7
Matbench-Gap,Sparse MFGP,47,19.75,0.7
Matbench-Gap,Sparse MFGP,47,19.8,0.7
Matbench-Gap,Sparse MFGP,47,19.85,0.7
Matbench-Gap,Sparse MFGP,47,19.9,0.7
Matbench-Gap,Sparse MFGP,47,19.95,0.7
Matbench-Gap,Sparse MFGP,48,3.0,1.4
Matbench-Gap,Sparse MFGP,48,3.05,1.4
Matbench-Gap,Sparse MFGP,48,3.1,1.4
Matbench-Gap,Sparse MFGP,48,3.15,1.4
Matbench-Gap,Sparse MFGP,48,3.2,1.4
Matbench-Gap,Sparse MFGP,48,3.25,1.4
Matbench-Gap,Sparse MFGP,48,3.3,1.4
Matbench-Gap,Sparse MFGP,48,3.35,1.4
Matbench-Gap,Sparse MFGP,48,3.4,1.4
Matbench-Gap,Sparse MFGP,48,3.45,1.4
Matbench-Gap,Sparse MFGP,48,3.5,1.4
Matbench-Gap,Sparse MFGP,48,3.55,1.4
Matbench-Gap,Sparse MFGP,48,3.6,1.4
Matbench-Gap,Sparse MFGP,48,3.65,1.4
Matbench-Gap,Sparse MFGP,48,3.7,1.4
Matbench-Gap,Sparse MFGP,48,3.75,1.4
Matbench-Gap,Sparse MFGP,48,3.8,1.4
Matbench-Gap,Sparse MFGP,48,3.85,1.4
Matbench-Gap,Sparse MFGP,48,3.9,1.4
Matbench-Gap,Sparse MFGP,48,3.95,1.4
Matbench-Gap,Sparse MFGP,48,4.0,1.4
Matbench-Gap,Sparse MFGP,48,5.0,1.4
Matbench-Gap,Sparse MFGP,48,5.05,1.4
Matbench-Gap,Sparse MFGP,48,5.1,1.4
Matbench-Gap,Sparse MFGP,48,5.15,1.4
Matbench-Gap,Sparse MFGP,48,5.2,1.4
Matbench-Gap,Sparse MFGP,48,5.25,1.4
Matbench-Gap,Sparse MFGP,48,5.3,1.4
Matbench-Gap,Sparse MFGP,48,5.35,1.4
Matbench-Gap,Sparse MFGP,48,5.4,1.4
Matbench-Gap,Sparse MFGP,48,5.45,1.4
Matbench-Gap,Sparse MFGP,48,5.5,1.4
Matbench-Gap,Sparse MFGP,48,5.55,1.4
Matbench-Gap,Sparse MFGP,48,5.6,1.4
Matbench-Gap,Sparse MFGP,48,5.65,1.4
Matbench-Gap,Sparse MFGP,48,5.7,1.4
Matbench-Gap,Sparse MFGP,48,5.75,1.4
Matbench-Gap,Sparse MFGP,48,5.8,1.4
Matbench-Gap,Sparse MFGP,48,5.85,1.4
Matbench-Gap,Sparse MFGP,48,5.9,1.4
Matbench-Gap,Sparse MFGP,48,5.95,1.4
Matbench-Gap,Sparse MFGP,48,6.0,1.4
Matbench-Gap,Sparse MFGP,48,7.0,1.4
Matbench-Gap,Sparse MFGP,48,7.05,1.4
Matbench-Gap,Sparse MFGP,48,7.1,1.4
Matbench-Gap,Sparse MFGP,48,7.15,1.4
Matbench-Gap,Sparse MFGP,48,7.2,1.4
Matbench-Gap,Sparse MFGP,48,7.25,1.4
Matbench-Gap,Sparse MFGP,48,7.3,1.4
Matbench-Gap,Sparse MFGP,48,7.35,1.4
Matbench-Gap,Sparse MFGP,48,7.4,1.4
Matbench-Gap,Sparse MFGP,48,7.45,1.4
Matbench-Gap,Sparse MFGP,48,7.5,1.4
Matbench-Gap,Sparse MFGP,48,7.55,1.4
Matbench-Gap,Sparse MFGP,48,7.6,1.4
Matbench-Gap,Sparse MFGP,48,7.65,1.4
Matbench-Gap,Sparse MFGP,48,7.7,1.4
Matbench-Gap,Sparse MFGP,48,7.75,1.4
Matbench-Gap,Sparse MFGP,48,7.8,1.4
Matbench-Gap,Sparse MFGP,48,7.85,1.4
Matbench-Gap,Sparse MFGP,48,7.9,1.4
Matbench-Gap,Sparse MFGP,48,7.95,1.4
Matbench-Gap,Sparse MFGP,48,8.0,1.4
Matbench-Gap,Sparse MFGP,48,9.0,0.7200000000000002
Matbench-Gap,Sparse MFGP,48,9.05,0.7200000000000002
Matbench-Gap,Sparse MFGP,48,9.1,0.7200000000000002
Matbench-Gap,Sparse MFGP,48,9.15,0.7200000000000002
Matbench-Gap,Sparse MFGP,48,9.2,0.7200000000000002
Matbench-Gap,Sparse MFGP,48,9.25,0.7200000000000002
Matbench-Gap,Sparse MFGP,48,9.3,0.7200000000000002
Matbench-Gap,Sparse MFGP,48,9.35,0.7200000000000002
Matbench-Gap,Sparse MFGP,48,9.4,0.7200000000000002
Matbench-Gap,Sparse MFGP,48,9.45,0.7200000000000002
Matbench-Gap,Sparse MFGP,48,9.5,0.7200000000000002
Matbench-Gap,Sparse MFGP,48,9.55,0.7200000000000002
Matbench-Gap,Sparse MFGP,48,9.6,0.7200000000000002
Matbench-Gap,Sparse MFGP,48,9.65,0.7200000000000002
Matbench-Gap,Sparse MFGP,48,9.7,0.7200000000000002
Matbench-Gap,Sparse MFGP,48,9.75,0.7200000000000002
Matbench-Gap,Sparse MFGP,48,9.8,0.7200000000000002
Matbench-Gap,Sparse MFGP,48,9.85,0.7200000000000002
Matbench-Gap,Sparse MFGP,48,9.9,0.7200000000000002
Matbench-Gap,Sparse MFGP,48,9.95,0.7200000000000002
Matbench-Gap,Sparse MFGP,48,10.0,0.7200000000000002
Matbench-Gap,Sparse MFGP,48,11.0,0.52
Matbench-Gap,Sparse MFGP,48,11.05,0.52
Matbench-Gap,Sparse MFGP,48,11.1,0.52
Matbench-Gap,Sparse MFGP,48,11.15,0.52
Matbench-Gap,Sparse MFGP,48,11.2,0.52
Matbench-Gap,Sparse MFGP,48,11.25,0.52
Matbench-Gap,Sparse MFGP,48,11.3,0.52
Matbench-Gap,Sparse MFGP,48,11.35,0.52
Matbench-Gap,Sparse MFGP,48,11.4,0.52
Matbench-Gap,Sparse MFGP,48,11.45,0.52
Matbench-Gap,Sparse MFGP,48,11.5,0.52
Matbench-Gap,Sparse MFGP,48,11.55,0.52
Matbench-Gap,Sparse MFGP,48,11.6,0.52
Matbench-Gap,Sparse MFGP,48,11.65,0.52
Matbench-Gap,Sparse MFGP,48,11.7,0.52
Matbench-Gap,Sparse MFGP,48,11.75,0.52
Matbench-Gap,Sparse MFGP,48,11.8,0.52
Matbench-Gap,Sparse MFGP,48,11.85,0.52
Matbench-Gap,Sparse MFGP,48,11.9,0.52
Matbench-Gap,Sparse MFGP,48,11.95,0.52
Matbench-Gap,Sparse MFGP,48,12.0,0.52
Matbench-Gap,Sparse MFGP,48,13.0,0.52
Matbench-Gap,Sparse MFGP,48,13.05,0.52
Matbench-Gap,Sparse MFGP,48,13.1,0.52
Matbench-Gap,Sparse MFGP,48,13.15,0.52
Matbench-Gap,Sparse MFGP,48,13.2,0.52
Matbench-Gap,Sparse MFGP,48,13.25,0.52
Matbench-Gap,Sparse MFGP,48,13.3,0.52
Matbench-Gap,Sparse MFGP,48,13.35,0.52
Matbench-Gap,Sparse MFGP,48,13.4,0.52
Matbench-Gap,Sparse MFGP,48,13.45,0.52
Matbench-Gap,Sparse MFGP,48,13.5,0.52
Matbench-Gap,Sparse MFGP,48,13.55,0.52
Matbench-Gap,Sparse MFGP,48,13.6,0.52
Matbench-Gap,Sparse MFGP,48,13.65,0.52
Matbench-Gap,Sparse MFGP,48,13.7,0.52
Matbench-Gap,Sparse MFGP,48,13.75,0.52
Matbench-Gap,Sparse MFGP,48,13.8,0.52
Matbench-Gap,Sparse MFGP,48,13.85,0.52
Matbench-Gap,Sparse MFGP,48,13.9,0.52
Matbench-Gap,Sparse MFGP,48,13.95,0.52
Matbench-Gap,Sparse MFGP,48,14.0,0.52
Matbench-Gap,Sparse MFGP,48,15.0,0.52
Matbench-Gap,Sparse MFGP,48,15.05,0.52
Matbench-Gap,Sparse MFGP,48,15.1,0.52
Matbench-Gap,Sparse MFGP,48,15.15,0.52
Matbench-Gap,Sparse MFGP,48,15.2,0.52
Matbench-Gap,Sparse MFGP,48,15.25,0.52
Matbench-Gap,Sparse MFGP,48,15.3,0.52
Matbench-Gap,Sparse MFGP,48,15.35,0.52
Matbench-Gap,Sparse MFGP,48,15.4,0.52
Matbench-Gap,Sparse MFGP,48,15.45,0.52
Matbench-Gap,Sparse MFGP,48,15.5,0.52
Matbench-Gap,Sparse MFGP,48,15.55,0.52
Matbench-Gap,Sparse MFGP,48,15.6,0.52
Matbench-Gap,Sparse MFGP,48,15.65,0.52
Matbench-Gap,Sparse MFGP,48,15.7,0.52
Matbench-Gap,Sparse MFGP,48,15.75,0.52
Matbench-Gap,Sparse MFGP,48,15.8,0.52
Matbench-Gap,Sparse MFGP,48,15.85,0.52
Matbench-Gap,Sparse MFGP,48,15.9,0.52
Matbench-Gap,Sparse MFGP,48,15.95,0.52
Matbench-Gap,Sparse MFGP,48,16.0,0.52
Matbench-Gap,Sparse MFGP,48,17.0,0.24
Matbench-Gap,Sparse MFGP,48,17.05,0.24
Matbench-Gap,Sparse MFGP,48,17.1,0.24
Matbench-Gap,Sparse MFGP,48,17.15,0.24
Matbench-Gap,Sparse MFGP,48,17.2,0.24
Matbench-Gap,Sparse MFGP,48,17.25,0.24
Matbench-Gap,Sparse MFGP,48,17.3,0.24
Matbench-Gap,Sparse MFGP,48,17.35,0.24
Matbench-Gap,Sparse MFGP,48,17.4,0.24
Matbench-Gap,Sparse MFGP,48,17.45,0.24
Matbench-Gap,Sparse MFGP,48,17.5,0.24
Matbench-Gap,Sparse MFGP,48,17.55,0.24
Matbench-Gap,Sparse MFGP,48,17.6,0.24
Matbench-Gap,Sparse MFGP,48,17.65,0.24
Matbench-Gap,Sparse MFGP,48,17.7,0.24
Matbench-Gap,Sparse MFGP,48,17.75,0.24
Matbench-Gap,Sparse MFGP,48,17.8,0.24
Matbench-Gap,Sparse MFGP,48,17.85,0.24
Matbench-Gap,Sparse MFGP,48,17.9,0.24
Matbench-Gap,Sparse MFGP,48,17.95,0.24
Matbench-Gap,Sparse MFGP,48,18.0,0.24
Matbench-Gap,Sparse MFGP,48,19.0,0.24
Matbench-Gap,Sparse MFGP,48,19.05,0.24
Matbench-Gap,Sparse MFGP,48,19.1,0.24
Matbench-Gap,Sparse MFGP,48,19.15,0.24
Matbench-Gap,Sparse MFGP,48,19.2,0.24
Matbench-Gap,Sparse MFGP,48,19.25,0.24
Matbench-Gap,Sparse MFGP,48,19.3,0.24
Matbench-Gap,Sparse MFGP,48,19.35,0.24
Matbench-Gap,Sparse MFGP,48,19.4,0.24
Matbench-Gap,Sparse MFGP,48,19.45,0.24
Matbench-Gap,Sparse MFGP,48,19.5,0.24
Matbench-Gap,Sparse MFGP,48,19.55,0.24
Matbench-Gap,Sparse MFGP,48,19.6,0.24
Matbench-Gap,Sparse MFGP,48,19.65,0.24
Matbench-Gap,Sparse MFGP,48,19.7,0.24
Matbench-Gap,Sparse MFGP,48,19.75,0.24
Matbench-Gap,Sparse MFGP,48,19.8,0.24
Matbench-Gap,Sparse MFGP,48,19.85,0.24
Matbench-Gap,Sparse MFGP,48,19.9,0.24
Matbench-Gap,Sparse MFGP,48,19.95,0.24
Matbench-Gap,Sparse MFGP,49,3.0,0.7800000000000002
Matbench-Gap,Sparse MFGP,49,3.05,0.7800000000000002
Matbench-Gap,Sparse MFGP,49,3.1,0.7800000000000002
Matbench-Gap,Sparse MFGP,49,3.15,0.7800000000000002
Matbench-Gap,Sparse MFGP,49,3.2,0.7800000000000002
Matbench-Gap,Sparse MFGP,49,3.25,0.7800000000000002
Matbench-Gap,Sparse MFGP,49,3.3,0.7800000000000002
Matbench-Gap,Sparse MFGP,49,3.35,0.7800000000000002
Matbench-Gap,Sparse MFGP,49,3.4,0.7800000000000002
Matbench-Gap,Sparse MFGP,49,3.45,0.7800000000000002
Matbench-Gap,Sparse MFGP,49,3.5,0.7800000000000002
Matbench-Gap,Sparse MFGP,49,3.55,0.7800000000000002
Matbench-Gap,Sparse MFGP,49,3.6,0.7800000000000002
Matbench-Gap,Sparse MFGP,49,3.65,0.7800000000000002
Matbench-Gap,Sparse MFGP,49,3.7,0.7800000000000002
Matbench-Gap,Sparse MFGP,49,3.75,0.7800000000000002
Matbench-Gap,Sparse MFGP,49,3.8,0.7800000000000002
Matbench-Gap,Sparse MFGP,49,3.85,0.7800000000000002
Matbench-Gap,Sparse MFGP,49,3.9,0.7800000000000002
Matbench-Gap,Sparse MFGP,49,3.95,0.7800000000000002
Matbench-Gap,Sparse MFGP,49,4.0,0.7800000000000002
Matbench-Gap,Sparse MFGP,49,5.0,0.7800000000000002
Matbench-Gap,Sparse MFGP,49,5.05,0.7800000000000002
Matbench-Gap,Sparse MFGP,49,5.1,0.7800000000000002
Matbench-Gap,Sparse MFGP,49,5.15,0.7800000000000002
Matbench-Gap,Sparse MFGP,49,5.2,0.7800000000000002
Matbench-Gap,Sparse MFGP,49,5.25,0.7800000000000002
Matbench-Gap,Sparse MFGP,49,5.3,0.7800000000000002
Matbench-Gap,Sparse MFGP,49,5.35,0.7800000000000002
Matbench-Gap,Sparse MFGP,49,5.4,0.7800000000000002
Matbench-Gap,Sparse MFGP,49,5.45,0.7800000000000002
Matbench-Gap,Sparse MFGP,49,5.5,0.7800000000000002
Matbench-Gap,Sparse MFGP,49,5.55,0.7800000000000002
Matbench-Gap,Sparse MFGP,49,5.6,0.7800000000000002
Matbench-Gap,Sparse MFGP,49,5.65,0.7800000000000002
Matbench-Gap,Sparse MFGP,49,5.7,0.7800000000000002
Matbench-Gap,Sparse MFGP,49,5.75,0.7800000000000002
Matbench-Gap,Sparse MFGP,49,5.8,0.7800000000000002
Matbench-Gap,Sparse MFGP,49,5.85,0.7800000000000002
Matbench-Gap,Sparse MFGP,49,5.9,0.7800000000000002
Matbench-Gap,Sparse MFGP,49,5.95,0.7800000000000002
Matbench-Gap,Sparse MFGP,49,6.0,0.7800000000000002
Matbench-Gap,Sparse MFGP,49,7.0,0.7800000000000002
Matbench-Gap,Sparse MFGP,49,7.05,0.7800000000000002
Matbench-Gap,Sparse MFGP,49,7.1,0.7800000000000002
Matbench-Gap,Sparse MFGP,49,7.15,0.7800000000000002
Matbench-Gap,Sparse MFGP,49,7.2,0.7800000000000002
Matbench-Gap,Sparse MFGP,49,7.25,0.7800000000000002
Matbench-Gap,Sparse MFGP,49,7.3,0.7800000000000002
Matbench-Gap,Sparse MFGP,49,7.35,0.7800000000000002
Matbench-Gap,Sparse MFGP,49,7.4,0.7800000000000002
Matbench-Gap,Sparse MFGP,49,7.45,0.7800000000000002
Matbench-Gap,Sparse MFGP,49,7.5,0.7800000000000002
Matbench-Gap,Sparse MFGP,49,7.55,0.7800000000000002
Matbench-Gap,Sparse MFGP,49,7.6,0.7800000000000002
Matbench-Gap,Sparse MFGP,49,7.65,0.7800000000000002
Matbench-Gap,Sparse MFGP,49,7.7,0.7800000000000002
Matbench-Gap,Sparse MFGP,49,7.75,0.7800000000000002
Matbench-Gap,Sparse MFGP,49,7.8,0.7800000000000002
Matbench-Gap,Sparse MFGP,49,7.85,0.7800000000000002
Matbench-Gap,Sparse MFGP,49,7.9,0.7800000000000002
Matbench-Gap,Sparse MFGP,49,7.95,0.7800000000000002
Matbench-Gap,Sparse MFGP,49,8.0,0.7800000000000002
Matbench-Gap,Sparse MFGP,49,9.0,0.7800000000000002
Matbench-Gap,Sparse MFGP,49,9.05,0.7800000000000002
Matbench-Gap,Sparse MFGP,49,9.1,0.7800000000000002
Matbench-Gap,Sparse MFGP,49,9.15,0.7800000000000002
Matbench-Gap,Sparse MFGP,49,9.2,0.7800000000000002
Matbench-Gap,Sparse MFGP,49,9.25,0.7800000000000002
Matbench-Gap,Sparse MFGP,49,9.3,0.7800000000000002
Matbench-Gap,Sparse MFGP,49,9.35,0.7800000000000002
Matbench-Gap,Sparse MFGP,49,9.4,0.7800000000000002
Matbench-Gap,Sparse MFGP,49,9.45,0.7800000000000002
Matbench-Gap,Sparse MFGP,49,9.5,0.7800000000000002
Matbench-Gap,Sparse MFGP,49,9.55,0.7800000000000002
Matbench-Gap,Sparse MFGP,49,9.6,0.7800000000000002
Matbench-Gap,Sparse MFGP,49,9.65,0.7800000000000002
Matbench-Gap,Sparse MFGP,49,9.7,0.7800000000000002
Matbench-Gap,Sparse MFGP,49,9.75,0.7800000000000002
Matbench-Gap,Sparse MFGP,49,9.8,0.7800000000000002
Matbench-Gap,Sparse MFGP,49,9.85,0.7800000000000002
Matbench-Gap,Sparse MFGP,49,9.9,0.7800000000000002
Matbench-Gap,Sparse MFGP,49,9.95,0.7800000000000002
Matbench-Gap,Sparse MFGP,49,10.0,0.7800000000000002
Matbench-Gap,Sparse MFGP,49,11.0,0.7800000000000002
Matbench-Gap,Sparse MFGP,49,11.05,0.7800000000000002
Matbench-Gap,Sparse MFGP,49,11.1,0.7800000000000002
Matbench-Gap,Sparse MFGP,49,11.15,0.7800000000000002
Matbench-Gap,Sparse MFGP,49,11.2,0.7800000000000002
Matbench-Gap,Sparse MFGP,49,11.25,0.7800000000000002
Matbench-Gap,Sparse MFGP,49,11.3,0.7800000000000002
Matbench-Gap,Sparse MFGP,49,11.35,0.7800000000000002
Matbench-Gap,Sparse MFGP,49,11.4,0.7800000000000002
Matbench-Gap,Sparse MFGP,49,11.45,0.7800000000000002
Matbench-Gap,Sparse MFGP,49,11.5,0.7800000000000002
Matbench-Gap,Sparse MFGP,49,11.55,0.7800000000000002
Matbench-Gap,Sparse MFGP,49,11.6,0.7800000000000002
Matbench-Gap,Sparse MFGP,49,11.65,0.7800000000000002
Matbench-Gap,Sparse MFGP,49,11.7,0.7800000000000002
Matbench-Gap,Sparse MFGP,49,11.75,0.7800000000000002
Matbench-Gap,Sparse MFGP,49,11.8,0.7800000000000002
Matbench-Gap,Sparse MFGP,49,11.85,0.7800000000000002
Matbench-Gap,Sparse MFGP,49,11.9,0.7800000000000002
Matbench-Gap,Sparse MFGP,49,11.95,0.7800000000000002
Matbench-Gap,Sparse MFGP,49,12.0,0.7800000000000002
Matbench-Gap,Sparse MFGP,49,13.0,0.7800000000000002
Matbench-Gap,Sparse MFGP,49,13.05,0.7800000000000002
Matbench-Gap,Sparse MFGP,49,13.1,0.7800000000000002
Matbench-Gap,Sparse MFGP,49,13.15,0.7800000000000002
Matbench-Gap,Sparse MFGP,49,13.2,0.7800000000000002
Matbench-Gap,Sparse MFGP,49,13.25,0.7800000000000002
Matbench-Gap,Sparse MFGP,49,13.3,0.7800000000000002
Matbench-Gap,Sparse MFGP,49,13.35,0.7800000000000002
Matbench-Gap,Sparse MFGP,49,13.4,0.7800000000000002
Matbench-Gap,Sparse MFGP,49,13.45,0.7800000000000002
Matbench-Gap,Sparse MFGP,49,13.5,0.7800000000000002
Matbench-Gap,Sparse MFGP,49,13.55,0.7800000000000002
Matbench-Gap,Sparse MFGP,49,13.6,0.7800000000000002
Matbench-Gap,Sparse MFGP,49,13.65,0.7800000000000002
Matbench-Gap,Sparse MFGP,49,13.7,0.7800000000000002
Matbench-Gap,Sparse MFGP,49,13.75,0.7800000000000002
Matbench-Gap,Sparse MFGP,49,13.8,0.7800000000000002
Matbench-Gap,Sparse MFGP,49,13.85,0.7800000000000002
Matbench-Gap,Sparse MFGP,49,13.9,0.7800000000000002
Matbench-Gap,Sparse MFGP,49,13.95,0.7800000000000002
Matbench-Gap,Sparse MFGP,49,14.0,0.7800000000000002
Matbench-Gap,Sparse MFGP,49,15.0,0.7800000000000002
Matbench-Gap,Sparse MFGP,49,15.05,0.7800000000000002
Matbench-Gap,Sparse MFGP,49,15.1,0.7800000000000002
Matbench-Gap,Sparse MFGP,49,15.15,0.7800000000000002
Matbench-Gap,Sparse MFGP,49,15.2,0.7800000000000002
Matbench-Gap,Sparse MFGP,49,15.25,0.7800000000000002
Matbench-Gap,Sparse MFGP,49,15.3,0.7800000000000002
Matbench-Gap,Sparse MFGP,49,15.35,0.7800000000000002
Matbench-Gap,Sparse MFGP,49,15.4,0.7800000000000002
Matbench-Gap,Sparse MFGP,49,15.45,0.7800000000000002
Matbench-Gap,Sparse MFGP,49,15.5,0.7800000000000002
Matbench-Gap,Sparse MFGP,49,15.55,0.7800000000000002
Matbench-Gap,Sparse MFGP,49,15.6,0.7800000000000002
Matbench-Gap,Sparse MFGP,49,15.65,0.7800000000000002
Matbench-Gap,Sparse MFGP,49,15.7,0.7800000000000002
Matbench-Gap,Sparse MFGP,49,15.75,0.7800000000000002
Matbench-Gap,Sparse MFGP,49,15.8,0.7800000000000002
Matbench-Gap,Sparse MFGP,49,15.85,0.7800000000000002
Matbench-Gap,Sparse MFGP,49,15.9,0.7800000000000002
Matbench-Gap,Sparse MFGP,49,15.95,0.7800000000000002
Matbench-Gap,Sparse MFGP,49,16.0,0.7800000000000002
Matbench-Gap,Sparse MFGP,49,17.0,0.2799999999999998
Matbench-Gap,Sparse MFGP,49,17.05,0.2799999999999998
Matbench-Gap,Sparse MFGP,49,17.1,0.2799999999999998
Matbench-Gap,Sparse MFGP,49,17.15,0.2799999999999998
Matbench-Gap,Sparse MFGP,49,17.2,0.2799999999999998
Matbench-Gap,Sparse MFGP,49,17.25,0.2799999999999998
Matbench-Gap,Sparse MFGP,49,17.3,0.2799999999999998
Matbench-Gap,Sparse MFGP,49,17.35,0.2799999999999998
Matbench-Gap,Sparse MFGP,49,17.4,0.2799999999999998
Matbench-Gap,Sparse MFGP,49,17.45,0.2799999999999998
Matbench-Gap,Sparse MFGP,49,17.5,0.2799999999999998
Matbench-Gap,Sparse MFGP,49,17.55,0.2799999999999998
Matbench-Gap,Sparse MFGP,49,17.6,0.2799999999999998
Matbench-Gap,Sparse MFGP,49,17.65,0.2799999999999998
Matbench-Gap,Sparse MFGP,49,17.7,0.2799999999999998
Matbench-Gap,Sparse MFGP,49,17.75,0.2799999999999998
Matbench-Gap,Sparse MFGP,49,17.8,0.2799999999999998
Matbench-Gap,Sparse MFGP,49,17.85,0.2799999999999998
Matbench-Gap,Sparse MFGP,49,17.9,0.2799999999999998
Matbench-Gap,Sparse MFGP,49,17.95,0.2799999999999998
Matbench-Gap,Sparse MFGP,49,18.0,0.2799999999999998
Matbench-Gap,Sparse MFGP,49,19.0,0.2799999999999998
Matbench-Gap,Sparse MFGP,49,19.05,0.2799999999999998
Matbench-Gap,Sparse MFGP,49,19.1,0.2799999999999998
Matbench-Gap,Sparse MFGP,49,19.15,0.2799999999999998
Matbench-Gap,Sparse MFGP,49,19.2,0.2799999999999998
Matbench-Gap,Sparse MFGP,49,19.25,0.2799999999999998
Matbench-Gap,Sparse MFGP,49,19.3,0.2799999999999998
Matbench-Gap,Sparse MFGP,49,19.35,0.2799999999999998
Matbench-Gap,Sparse MFGP,49,19.4,0.2799999999999998
Matbench-Gap,Sparse MFGP,49,19.45,0.2799999999999998
Matbench-Gap,Sparse MFGP,49,19.5,0.2799999999999998
Matbench-Gap,Sparse MFGP,49,19.55,0.2799999999999998
Matbench-Gap,Sparse MFGP,49,19.6,0.2799999999999998
Matbench-Gap,Sparse MFGP,49,19.65,0.2799999999999998
Matbench-Gap,Sparse MFGP,49,19.7,0.2799999999999998
Matbench-Gap,Sparse MFGP,49,19.75,0.2799999999999998
Matbench-Gap,Sparse MFGP,49,19.8,0.2799999999999998
Matbench-Gap,Sparse MFGP,49,19.85,0.2799999999999998
Matbench-Gap,Sparse MFGP,49,19.9,0.2799999999999998
Matbench-Gap,Sparse MFGP,49,19.95,0.2799999999999998
Matbench-Gap,Sparse MFGP,50,3.0,1.4
Matbench-Gap,Sparse MFGP,50,3.05,1.4
Matbench-Gap,Sparse MFGP,50,3.1,1.4
Matbench-Gap,Sparse MFGP,50,3.15,1.4
Matbench-Gap,Sparse MFGP,50,3.2,1.4
Matbench-Gap,Sparse MFGP,50,3.25,1.4
Matbench-Gap,Sparse MFGP,50,3.3,1.4
Matbench-Gap,Sparse MFGP,50,3.35,1.4
Matbench-Gap,Sparse MFGP,50,3.4,1.4
Matbench-Gap,Sparse MFGP,50,3.45,1.4
Matbench-Gap,Sparse MFGP,50,3.5,1.4
Matbench-Gap,Sparse MFGP,50,3.55,1.4
Matbench-Gap,Sparse MFGP,50,3.6,1.4
Matbench-Gap,Sparse MFGP,50,3.65,1.4
Matbench-Gap,Sparse MFGP,50,3.7,1.4
Matbench-Gap,Sparse MFGP,50,3.75,1.4
Matbench-Gap,Sparse MFGP,50,3.8,1.4
Matbench-Gap,Sparse MFGP,50,3.85,1.4
Matbench-Gap,Sparse MFGP,50,3.9,1.4
Matbench-Gap,Sparse MFGP,50,3.95,1.4
Matbench-Gap,Sparse MFGP,50,4.0,1.4
Matbench-Gap,Sparse MFGP,50,5.0,1.08
Matbench-Gap,Sparse MFGP,50,5.05,1.08
Matbench-Gap,Sparse MFGP,50,5.1,1.08
Matbench-Gap,Sparse MFGP,50,5.15,1.08
Matbench-Gap,Sparse MFGP,50,5.2,1.08
Matbench-Gap,Sparse MFGP,50,5.25,1.08
Matbench-Gap,Sparse MFGP,50,5.3,1.08
Matbench-Gap,Sparse MFGP,50,5.35,1.08
Matbench-Gap,Sparse MFGP,50,5.4,1.08
Matbench-Gap,Sparse MFGP,50,5.45,1.08
Matbench-Gap,Sparse MFGP,50,5.5,1.08
Matbench-Gap,Sparse MFGP,50,5.55,1.08
Matbench-Gap,Sparse MFGP,50,5.6,1.08
Matbench-Gap,Sparse MFGP,50,5.65,1.08
Matbench-Gap,Sparse MFGP,50,5.7,1.08
Matbench-Gap,Sparse MFGP,50,5.75,1.08
Matbench-Gap,Sparse MFGP,50,5.8,1.08
Matbench-Gap,Sparse MFGP,50,5.85,1.08
Matbench-Gap,Sparse MFGP,50,5.9,1.08
Matbench-Gap,Sparse MFGP,50,5.95,1.08
Matbench-Gap,Sparse MFGP,50,6.0,1.08
Matbench-Gap,Sparse MFGP,50,7.0,0.48
Matbench-Gap,Sparse MFGP,50,7.05,0.48
Matbench-Gap,Sparse MFGP,50,7.1,0.48
Matbench-Gap,Sparse MFGP,50,7.15,0.48
Matbench-Gap,Sparse MFGP,50,7.2,0.48
Matbench-Gap,Sparse MFGP,50,7.25,0.48
Matbench-Gap,Sparse MFGP,50,7.3,0.48
Matbench-Gap,Sparse MFGP,50,7.35,0.48
Matbench-Gap,Sparse MFGP,50,7.4,0.48
Matbench-Gap,Sparse MFGP,50,7.45,0.48
Matbench-Gap,Sparse MFGP,50,7.5,0.48
Matbench-Gap,Sparse MFGP,50,7.55,0.48
Matbench-Gap,Sparse MFGP,50,7.6,0.48
Matbench-Gap,Sparse MFGP,50,7.65,0.48
Matbench-Gap,Sparse MFGP,50,7.7,0.48
Matbench-Gap,Sparse MFGP,50,7.75,0.48
Matbench-Gap,Sparse MFGP,50,7.8,0.48
Matbench-Gap,Sparse MFGP,50,7.85,0.48
Matbench-Gap,Sparse MFGP,50,7.9,0.48
Matbench-Gap,Sparse MFGP,50,7.95,0.48
Matbench-Gap,Sparse MFGP,50,8.0,0.48
Matbench-Gap,Sparse MFGP,50,9.0,0.48
Matbench-Gap,Sparse MFGP,50,9.05,0.48
Matbench-Gap,Sparse MFGP,50,9.1,0.48
Matbench-Gap,Sparse MFGP,50,9.15,0.48
Matbench-Gap,Sparse MFGP,50,9.2,0.48
Matbench-Gap,Sparse MFGP,50,9.25,0.48
Matbench-Gap,Sparse MFGP,50,9.3,0.48
Matbench-Gap,Sparse MFGP,50,9.35,0.48
Matbench-Gap,Sparse MFGP,50,9.4,0.48
Matbench-Gap,Sparse MFGP,50,9.45,0.48
Matbench-Gap,Sparse MFGP,50,9.5,0.48
Matbench-Gap,Sparse MFGP,50,9.55,0.48
Matbench-Gap,Sparse MFGP,50,9.6,0.48
Matbench-Gap,Sparse MFGP,50,9.65,0.48
Matbench-Gap,Sparse MFGP,50,9.7,0.48
Matbench-Gap,Sparse MFGP,50,9.75,0.48
Matbench-Gap,Sparse MFGP,50,9.8,0.48
Matbench-Gap,Sparse MFGP,50,9.85,0.48
Matbench-Gap,Sparse MFGP,50,9.9,0.48
Matbench-Gap,Sparse MFGP,50,9.95,0.48
Matbench-Gap,Sparse MFGP,50,10.0,0.48
Matbench-Gap,Sparse MFGP,50,11.0,0.2000000000000001
Matbench-Gap,Sparse MFGP,50,11.05,0.2000000000000001
Matbench-Gap,Sparse MFGP,50,11.1,0.2000000000000001
Matbench-Gap,Sparse MFGP,50,11.15,0.2000000000000001
Matbench-Gap,Sparse MFGP,50,11.2,0.2000000000000001
Matbench-Gap,Sparse MFGP,50,11.25,0.2000000000000001
Matbench-Gap,Sparse MFGP,50,11.3,0.2000000000000001
Matbench-Gap,Sparse MFGP,50,11.35,0.2000000000000001
Matbench-Gap,Sparse MFGP,50,11.4,0.2000000000000001
Matbench-Gap,Sparse MFGP,50,11.45,0.2000000000000001
Matbench-Gap,Sparse MFGP,50,11.5,0.2000000000000001
Matbench-Gap,Sparse MFGP,50,11.55,0.2000000000000001
Matbench-Gap,Sparse MFGP,50,11.6,0.2000000000000001
Matbench-Gap,Sparse MFGP,50,11.65,0.2000000000000001
Matbench-Gap,Sparse MFGP,50,11.7,0.2000000000000001
Matbench-Gap,Sparse MFGP,50,11.75,0.2000000000000001
Matbench-Gap,Sparse MFGP,50,11.8,0.2000000000000001
Matbench-Gap,Sparse MFGP,50,11.85,0.2000000000000001
Matbench-Gap,Sparse MFGP,50,11.9,0.2000000000000001
Matbench-Gap,Sparse MFGP,50,11.95,0.2000000000000001
Matbench-Gap,Sparse MFGP,50,12.0,0.2000000000000001
Matbench-Gap,Sparse MFGP,50,13.0,0.2000000000000001
Matbench-Gap,Sparse MFGP,50,13.05,0.2000000000000001
Matbench-Gap,Sparse MFGP,50,13.1,0.2000000000000001
Matbench-Gap,Sparse MFGP,50,13.15,0.2000000000000001
Matbench-Gap,Sparse MFGP,50,13.2,0.2000000000000001
Matbench-Gap,Sparse MFGP,50,13.25,0.2000000000000001
Matbench-Gap,Sparse MFGP,50,13.3,0.2000000000000001
Matbench-Gap,Sparse MFGP,50,13.35,0.2000000000000001
Matbench-Gap,Sparse MFGP,50,13.4,0.2000000000000001
Matbench-Gap,Sparse MFGP,50,13.45,0.2000000000000001
Matbench-Gap,Sparse MFGP,50,13.5,0.2000000000000001
Matbench-Gap,Sparse MFGP,50,13.55,0.2000000000000001
Matbench-Gap,Sparse MFGP,50,13.6,0.2000000000000001
Matbench-Gap,Sparse MFGP,50,13.65,0.2000000000000001
Matbench-Gap,Sparse MFGP,50,13.7,0.2000000000000001
Matbench-Gap,Sparse MFGP,50,13.75,0.2000000000000001
Matbench-Gap,Sparse MFGP,50,13.8,0.2000000000000001
Matbench-Gap,Sparse MFGP,50,13.85,0.2000000000000001
Matbench-Gap,Sparse MFGP,50,13.9,0.2000000000000001
Matbench-Gap,Sparse MFGP,50,13.95,0.2000000000000001
Matbench-Gap,Sparse MFGP,50,14.0,0.2000000000000001
Matbench-Gap,Sparse MFGP,50,15.0,0.2000000000000001
Matbench-Gap,Sparse MFGP,50,15.05,0.2000000000000001
Matbench-Gap,Sparse MFGP,50,15.1,0.2000000000000001
Matbench-Gap,Sparse MFGP,50,15.15,0.2000000000000001
Matbench-Gap,Sparse MFGP,50,15.2,0.2000000000000001
Matbench-Gap,Sparse MFGP,50,15.25,0.2000000000000001
Matbench-Gap,Sparse MFGP,50,15.3,0.2000000000000001
Matbench-Gap,Sparse MFGP,50,15.35,0.2000000000000001
Matbench-Gap,Sparse MFGP,50,15.4,0.2000000000000001
Matbench-Gap,Sparse MFGP,50,15.45,0.2000000000000001
Matbench-Gap,Sparse MFGP,50,15.5,0.2000000000000001
Matbench-Gap,Sparse MFGP,50,15.55,0.2000000000000001
Matbench-Gap,Sparse MFGP,50,15.6,0.2000000000000001
Matbench-Gap,Sparse MFGP,50,15.65,0.2000000000000001
Matbench-Gap,Sparse MFGP,50,15.7,0.2000000000000001
Matbench-Gap,Sparse MFGP,50,15.75,0.2000000000000001
Matbench-Gap,Sparse MFGP,50,15.8,0.2000000000000001
Matbench-Gap,Sparse MFGP,50,15.85,0.2000000000000001
Matbench-Gap,Sparse MFGP,50,15.9,0.2000000000000001
Matbench-Gap,Sparse MFGP,50,15.95,0.2000000000000001
Matbench-Gap,Sparse MFGP,50,16.0,0.2000000000000001
Matbench-Gap,Sparse MFGP,50,17.0,0.2000000000000001
Matbench-Gap,Sparse MFGP,50,17.05,0.2000000000000001
Matbench-Gap,Sparse MFGP,50,17.1,0.2000000000000001
Matbench-Gap,Sparse MFGP,50,17.15,0.2000000000000001
Matbench-Gap,Sparse MFGP,50,17.2,0.2000000000000001
Matbench-Gap,Sparse MFGP,50,17.25,0.2000000000000001
Matbench-Gap,Sparse MFGP,50,17.3,0.2000000000000001
Matbench-Gap,Sparse MFGP,50,17.35,0.2000000000000001
Matbench-Gap,Sparse MFGP,50,17.4,0.2000000000000001
Matbench-Gap,Sparse MFGP,50,17.45,0.2000000000000001
Matbench-Gap,Sparse MFGP,50,17.5,0.2000000000000001
Matbench-Gap,Sparse MFGP,50,17.55,0.2000000000000001
Matbench-Gap,Sparse MFGP,50,17.6,0.2000000000000001
Matbench-Gap,Sparse MFGP,50,17.65,0.2000000000000001
Matbench-Gap,Sparse MFGP,50,17.7,0.2000000000000001
Matbench-Gap,Sparse MFGP,50,17.75,0.2000000000000001
Matbench-Gap,Sparse MFGP,50,17.8,0.2000000000000001
Matbench-Gap,Sparse MFGP,50,17.85,0.2000000000000001
Matbench-Gap,Sparse MFGP,50,17.9,0.2000000000000001
Matbench-Gap,Sparse MFGP,50,17.95,0.2000000000000001
Matbench-Gap,Sparse MFGP,50,18.0,0.2000000000000001
Matbench-Gap,Sparse MFGP,50,19.0,0.2000000000000001
Matbench-Gap,Sparse MFGP,50,19.05,0.2000000000000001
Matbench-Gap,Sparse MFGP,50,19.1,0.2000000000000001
Matbench-Gap,Sparse MFGP,50,19.15,0.2000000000000001
Matbench-Gap,Sparse MFGP,50,19.2,0.2000000000000001
Matbench-Gap,Sparse MFGP,50,19.25,0.2000000000000001
Matbench-Gap,Sparse MFGP,50,19.3,0.2000000000000001
Matbench-Gap,Sparse MFGP,50,19.35,0.2000000000000001
Matbench-Gap,Sparse MFGP,50,19.4,0.2000000000000001
Matbench-Gap,Sparse MFGP,50,19.45,0.2000000000000001
Matbench-Gap,Sparse MFGP,50,19.5,0.2000000000000001
Matbench-Gap,Sparse MFGP,50,19.55,0.2000000000000001
Matbench-Gap,Sparse MFGP,50,19.6,0.2000000000000001
Matbench-Gap,Sparse MFGP,50,19.65,0.2000000000000001
Matbench-Gap,Sparse MFGP,50,19.7,0.2000000000000001
Matbench-Gap,Sparse MFGP,50,19.75,0.2000000000000001
Matbench-Gap,Sparse MFGP,50,19.8,0.2000000000000001
Matbench-Gap,Sparse MFGP,50,19.85,0.2000000000000001
Matbench-Gap,Sparse MFGP,50,19.9,0.2000000000000001
Matbench-Gap,Sparse MFGP,50,19.95,0.2000000000000001
Matbench-Gap,Sparse MFGP,51,3.0,0.8999999999999999
Matbench-Gap,Sparse MFGP,51,3.05,0.8999999999999999
Matbench-Gap,Sparse MFGP,51,3.1,0.8999999999999999
Matbench-Gap,Sparse MFGP,51,3.15,0.8999999999999999
Matbench-Gap,Sparse MFGP,51,3.2,0.8999999999999999
Matbench-Gap,Sparse MFGP,51,3.25,0.8999999999999999
Matbench-Gap,Sparse MFGP,51,3.3,0.8999999999999999
Matbench-Gap,Sparse MFGP,51,3.35,0.8999999999999999
Matbench-Gap,Sparse MFGP,51,3.4,0.8999999999999999
Matbench-Gap,Sparse MFGP,51,3.45,0.8999999999999999
Matbench-Gap,Sparse MFGP,51,3.5,0.8999999999999999
Matbench-Gap,Sparse MFGP,51,3.55,0.8999999999999999
Matbench-Gap,Sparse MFGP,51,3.6,0.8999999999999999
Matbench-Gap,Sparse MFGP,51,3.65,0.8999999999999999
Matbench-Gap,Sparse MFGP,51,3.7,0.8999999999999999
Matbench-Gap,Sparse MFGP,51,3.75,0.8999999999999999
Matbench-Gap,Sparse MFGP,51,3.8,0.8999999999999999
Matbench-Gap,Sparse MFGP,51,3.85,0.8999999999999999
Matbench-Gap,Sparse MFGP,51,3.9,0.8999999999999999
Matbench-Gap,Sparse MFGP,51,3.95,0.8999999999999999
Matbench-Gap,Sparse MFGP,51,4.0,0.8999999999999999
Matbench-Gap,Sparse MFGP,51,5.0,0.8999999999999999
Matbench-Gap,Sparse MFGP,51,5.05,0.8999999999999999
Matbench-Gap,Sparse MFGP,51,5.1,0.8999999999999999
Matbench-Gap,Sparse MFGP,51,5.15,0.8999999999999999
Matbench-Gap,Sparse MFGP,51,5.2,0.8999999999999999
Matbench-Gap,Sparse MFGP,51,5.25,0.8999999999999999
Matbench-Gap,Sparse MFGP,51,5.3,0.8999999999999999
Matbench-Gap,Sparse MFGP,51,5.35,0.8999999999999999
Matbench-Gap,Sparse MFGP,51,5.4,0.8999999999999999
Matbench-Gap,Sparse MFGP,51,5.45,0.8999999999999999
Matbench-Gap,Sparse MFGP,51,5.5,0.8999999999999999
Matbench-Gap,Sparse MFGP,51,5.55,0.8999999999999999
Matbench-Gap,Sparse MFGP,51,5.6,0.8999999999999999
Matbench-Gap,Sparse MFGP,51,5.65,0.8999999999999999
Matbench-Gap,Sparse MFGP,51,5.7,0.8999999999999999
Matbench-Gap,Sparse MFGP,51,5.75,0.8999999999999999
Matbench-Gap,Sparse MFGP,51,5.8,0.8999999999999999
Matbench-Gap,Sparse MFGP,51,5.85,0.8999999999999999
Matbench-Gap,Sparse MFGP,51,5.9,0.8999999999999999
Matbench-Gap,Sparse MFGP,51,5.95,0.8999999999999999
Matbench-Gap,Sparse MFGP,51,6.0,0.8999999999999999
Matbench-Gap,Sparse MFGP,51,7.0,0.6599999999999999
Matbench-Gap,Sparse MFGP,51,7.05,0.6599999999999999
Matbench-Gap,Sparse MFGP,51,7.1,0.6599999999999999
Matbench-Gap,Sparse MFGP,51,7.15,0.6599999999999999
Matbench-Gap,Sparse MFGP,51,7.2,0.6599999999999999
Matbench-Gap,Sparse MFGP,51,7.25,0.6599999999999999
Matbench-Gap,Sparse MFGP,51,7.3,0.6599999999999999
Matbench-Gap,Sparse MFGP,51,7.35,0.6599999999999999
Matbench-Gap,Sparse MFGP,51,7.4,0.6599999999999999
Matbench-Gap,Sparse MFGP,51,7.45,0.6599999999999999
Matbench-Gap,Sparse MFGP,51,7.5,0.6599999999999999
Matbench-Gap,Sparse MFGP,51,7.55,0.6599999999999999
Matbench-Gap,Sparse MFGP,51,7.6,0.6599999999999999
Matbench-Gap,Sparse MFGP,51,7.65,0.6599999999999999
Matbench-Gap,Sparse MFGP,51,7.7,0.6599999999999999
Matbench-Gap,Sparse MFGP,51,7.75,0.6599999999999999
Matbench-Gap,Sparse MFGP,51,7.8,0.6599999999999999
Matbench-Gap,Sparse MFGP,51,7.85,0.6599999999999999
Matbench-Gap,Sparse MFGP,51,7.9,0.6599999999999999
Matbench-Gap,Sparse MFGP,51,7.95,0.6599999999999999
Matbench-Gap,Sparse MFGP,51,8.0,0.6599999999999999
Matbench-Gap,Sparse MFGP,51,9.0,0.6000000000000001
Matbench-Gap,Sparse MFGP,51,9.05,0.6000000000000001
Matbench-Gap,Sparse MFGP,51,9.1,0.6000000000000001
Matbench-Gap,Sparse MFGP,51,9.15,0.6000000000000001
Matbench-Gap,Sparse MFGP,51,9.2,0.6000000000000001
Matbench-Gap,Sparse MFGP,51,9.25,0.6000000000000001
Matbench-Gap,Sparse MFGP,51,9.3,0.6000000000000001
Matbench-Gap,Sparse MFGP,51,9.35,0.6000000000000001
Matbench-Gap,Sparse MFGP,51,9.4,0.6000000000000001
Matbench-Gap,Sparse MFGP,51,9.45,0.6000000000000001
Matbench-Gap,Sparse MFGP,51,9.5,0.6000000000000001
Matbench-Gap,Sparse MFGP,51,9.55,0.6000000000000001
Matbench-Gap,Sparse MFGP,51,9.6,0.6000000000000001
Matbench-Gap,Sparse MFGP,51,9.65,0.6000000000000001
Matbench-Gap,Sparse MFGP,51,9.7,0.6000000000000001
Matbench-Gap,Sparse MFGP,51,9.75,0.6000000000000001
Matbench-Gap,Sparse MFGP,51,9.8,0.6000000000000001
Matbench-Gap,Sparse MFGP,51,9.85,0.6000000000000001
Matbench-Gap,Sparse MFGP,51,9.9,0.6000000000000001
Matbench-Gap,Sparse MFGP,51,9.95,0.6000000000000001
Matbench-Gap,Sparse MFGP,51,10.0,0.6000000000000001
Matbench-Gap,Sparse MFGP,51,11.0,0.6000000000000001
Matbench-Gap,Sparse MFGP,51,11.05,0.6000000000000001
Matbench-Gap,Sparse MFGP,51,11.1,0.6000000000000001
Matbench-Gap,Sparse MFGP,51,11.15,0.6000000000000001
Matbench-Gap,Sparse MFGP,51,11.2,0.6000000000000001
Matbench-Gap,Sparse MFGP,51,11.25,0.6000000000000001
Matbench-Gap,Sparse MFGP,51,11.3,0.6000000000000001
Matbench-Gap,Sparse MFGP,51,11.35,0.6000000000000001
Matbench-Gap,Sparse MFGP,51,11.4,0.6000000000000001
Matbench-Gap,Sparse MFGP,51,11.45,0.6000000000000001
Matbench-Gap,Sparse MFGP,51,11.5,0.6000000000000001
Matbench-Gap,Sparse MFGP,51,11.55,0.6000000000000001
Matbench-Gap,Sparse MFGP,51,11.6,0.6000000000000001
Matbench-Gap,Sparse MFGP,51,11.65,0.6000000000000001
Matbench-Gap,Sparse MFGP,51,11.7,0.6000000000000001
Matbench-Gap,Sparse MFGP,51,11.75,0.6000000000000001
Matbench-Gap,Sparse MFGP,51,11.8,0.6000000000000001
Matbench-Gap,Sparse MFGP,51,11.85,0.6000000000000001
Matbench-Gap,Sparse MFGP,51,11.9,0.6000000000000001
Matbench-Gap,Sparse MFGP,51,11.95,0.6000000000000001
Matbench-Gap,Sparse MFGP,51,12.0,0.6000000000000001
Matbench-Gap,Sparse MFGP,51,13.0,0.6000000000000001
Matbench-Gap,Sparse MFGP,51,13.05,0.6000000000000001
Matbench-Gap,Sparse MFGP,51,13.1,0.6000000000000001
Matbench-Gap,Sparse MFGP,51,13.15,0.6000000000000001
Matbench-Gap,Sparse MFGP,51,13.2,0.6000000000000001
Matbench-Gap,Sparse MFGP,51,13.25,0.6000000000000001
Matbench-Gap,Sparse MFGP,51,13.3,0.6000000000000001
Matbench-Gap,Sparse MFGP,51,13.35,0.6000000000000001
Matbench-Gap,Sparse MFGP,51,13.4,0.6000000000000001
Matbench-Gap,Sparse MFGP,51,13.45,0.6000000000000001
Matbench-Gap,Sparse MFGP,51,13.5,0.6000000000000001
Matbench-Gap,Sparse MFGP,51,13.55,0.6000000000000001
Matbench-Gap,Sparse MFGP,51,13.6,0.6000000000000001
Matbench-Gap,Sparse MFGP,51,13.65,0.6000000000000001
Matbench-Gap,Sparse MFGP,51,13.7,0.6000000000000001
Matbench-Gap,Sparse MFGP,51,13.75,0.6000000000000001
Matbench-Gap,Sparse MFGP,51,13.8,0.6000000000000001
Matbench-Gap,Sparse MFGP,51,13.85,0.6000000000000001
Matbench-Gap,Sparse MFGP,51,13.9,0.6000000000000001
Matbench-Gap,Sparse MFGP,51,13.95,0.6000000000000001
Matbench-Gap,Sparse MFGP,51,14.0,0.6000000000000001
Matbench-Gap,Sparse MFGP,51,15.0,0.6000000000000001
Matbench-Gap,Sparse MFGP,51,15.05,0.6000000000000001
Matbench-Gap,Sparse MFGP,51,15.1,0.6000000000000001
Matbench-Gap,Sparse MFGP,51,15.15,0.6000000000000001
Matbench-Gap,Sparse MFGP,51,15.2,0.6000000000000001
Matbench-Gap,Sparse MFGP,51,15.25,0.6000000000000001
Matbench-Gap,Sparse MFGP,51,15.3,0.6000000000000001
Matbench-Gap,Sparse MFGP,51,15.35,0.6000000000000001
Matbench-Gap,Sparse MFGP,51,15.4,0.6000000000000001
Matbench-Gap,Sparse MFGP,51,15.45,0.6000000000000001
Matbench-Gap,Sparse MFGP,51,15.5,0.6000000000000001
Matbench-Gap,Sparse MFGP,51,15.55,0.6000000000000001
Matbench-Gap,Sparse MFGP,51,15.6,0.6000000000000001
Matbench-Gap,Sparse MFGP,51,15.65,0.6000000000000001
Matbench-Gap,Sparse MFGP,51,15.7,0.6000000000000001
Matbench-Gap,Sparse MFGP,51,15.75,0.6000000000000001
Matbench-Gap,Sparse MFGP,51,15.8,0.6000000000000001
Matbench-Gap,Sparse MFGP,51,15.85,0.6000000000000001
Matbench-Gap,Sparse MFGP,51,15.9,0.6000000000000001
Matbench-Gap,Sparse MFGP,51,15.95,0.6000000000000001
Matbench-Gap,Sparse MFGP,51,16.0,0.6000000000000001
Matbench-Gap,Sparse MFGP,51,17.0,0.2000000000000001
Matbench-Gap,Sparse MFGP,51,17.05,0.2000000000000001
Matbench-Gap,Sparse MFGP,51,17.1,0.2000000000000001
Matbench-Gap,Sparse MFGP,51,17.15,0.2000000000000001
Matbench-Gap,Sparse MFGP,51,17.2,0.2000000000000001
Matbench-Gap,Sparse MFGP,51,17.25,0.2000000000000001
Matbench-Gap,Sparse MFGP,51,17.3,0.2000000000000001
Matbench-Gap,Sparse MFGP,51,17.35,0.2000000000000001
Matbench-Gap,Sparse MFGP,51,17.4,0.2000000000000001
Matbench-Gap,Sparse MFGP,51,17.45,0.2000000000000001
Matbench-Gap,Sparse MFGP,51,17.5,0.2000000000000001
Matbench-Gap,Sparse MFGP,51,17.55,0.2000000000000001
Matbench-Gap,Sparse MFGP,51,17.6,0.2000000000000001
Matbench-Gap,Sparse MFGP,51,17.65,0.2000000000000001
Matbench-Gap,Sparse MFGP,51,17.7,0.2000000000000001
Matbench-Gap,Sparse MFGP,51,17.75,0.2000000000000001
Matbench-Gap,Sparse MFGP,51,17.8,0.2000000000000001
Matbench-Gap,Sparse MFGP,51,17.85,0.2000000000000001
Matbench-Gap,Sparse MFGP,51,17.9,0.2000000000000001
Matbench-Gap,Sparse MFGP,51,17.95,0.2000000000000001
Matbench-Gap,Sparse MFGP,51,18.0,0.2000000000000001
Matbench-Gap,Sparse MFGP,51,19.0,0.2000000000000001
Matbench-Gap,Sparse MFGP,51,19.05,0.2000000000000001
Matbench-Gap,Sparse MFGP,51,19.1,0.2000000000000001
Matbench-Gap,Sparse MFGP,51,19.15,0.2000000000000001
Matbench-Gap,Sparse MFGP,51,19.2,0.2000000000000001
Matbench-Gap,Sparse MFGP,51,19.25,0.2000000000000001
Matbench-Gap,Sparse MFGP,51,19.3,0.2000000000000001
Matbench-Gap,Sparse MFGP,51,19.35,0.2000000000000001
Matbench-Gap,Sparse MFGP,51,19.4,0.2000000000000001
Matbench-Gap,Sparse MFGP,51,19.45,0.2000000000000001
Matbench-Gap,Sparse MFGP,51,19.5,0.2000000000000001
Matbench-Gap,Sparse MFGP,51,19.55,0.2000000000000001
Matbench-Gap,Sparse MFGP,51,19.6,0.2000000000000001
Matbench-Gap,Sparse MFGP,51,19.65,0.2000000000000001
Matbench-Gap,Sparse MFGP,51,19.7,0.2000000000000001
Matbench-Gap,Sparse MFGP,51,19.75,0.2000000000000001
Matbench-Gap,Sparse MFGP,51,19.8,0.2000000000000001
Matbench-Gap,Sparse MFGP,51,19.85,0.2000000000000001
Matbench-Gap,Sparse MFGP,51,19.9,0.2000000000000001
Matbench-Gap,Sparse MFGP,51,19.95,0.2000000000000001
Matbench-Gap,Sparse MFGP,52,3.0,1.4
Matbench-Gap,Sparse MFGP,52,3.05,1.4
Matbench-Gap,Sparse MFGP,52,3.1,1.4
Matbench-Gap,Sparse MFGP,52,3.15,1.4
Matbench-Gap,Sparse MFGP,52,3.2,1.4
Matbench-Gap,Sparse MFGP,52,3.25,1.4
Matbench-Gap,Sparse MFGP,52,3.3,1.4
Matbench-Gap,Sparse MFGP,52,3.35,1.4
Matbench-Gap,Sparse MFGP,52,3.4,1.4
Matbench-Gap,Sparse MFGP,52,3.45,1.4
Matbench-Gap,Sparse MFGP,52,3.5,1.4
Matbench-Gap,Sparse MFGP,52,3.55,1.4
Matbench-Gap,Sparse MFGP,52,3.6,1.4
Matbench-Gap,Sparse MFGP,52,3.65,1.4
Matbench-Gap,Sparse MFGP,52,3.7,1.4
Matbench-Gap,Sparse MFGP,52,3.75,1.4
Matbench-Gap,Sparse MFGP,52,3.8,1.4
Matbench-Gap,Sparse MFGP,52,3.85,1.4
Matbench-Gap,Sparse MFGP,52,3.9,1.4
Matbench-Gap,Sparse MFGP,52,3.95,1.4
Matbench-Gap,Sparse MFGP,52,4.0,1.4
Matbench-Gap,Sparse MFGP,52,5.0,1.4
Matbench-Gap,Sparse MFGP,52,5.05,1.4
Matbench-Gap,Sparse MFGP,52,5.1,1.4
Matbench-Gap,Sparse MFGP,52,5.15,1.4
Matbench-Gap,Sparse MFGP,52,5.2,1.4
Matbench-Gap,Sparse MFGP,52,5.25,1.4
Matbench-Gap,Sparse MFGP,52,5.3,1.4
Matbench-Gap,Sparse MFGP,52,5.35,1.4
Matbench-Gap,Sparse MFGP,52,5.4,1.4
Matbench-Gap,Sparse MFGP,52,5.45,1.4
Matbench-Gap,Sparse MFGP,52,5.5,1.4
Matbench-Gap,Sparse MFGP,52,5.55,1.4
Matbench-Gap,Sparse MFGP,52,5.6,1.4
Matbench-Gap,Sparse MFGP,52,5.65,1.4
Matbench-Gap,Sparse MFGP,52,5.7,1.4
Matbench-Gap,Sparse MFGP,52,5.75,1.4
Matbench-Gap,Sparse MFGP,52,5.8,1.4
Matbench-Gap,Sparse MFGP,52,5.85,1.4
Matbench-Gap,Sparse MFGP,52,5.9,1.4
Matbench-Gap,Sparse MFGP,52,5.95,1.4
Matbench-Gap,Sparse MFGP,52,6.0,1.4
Matbench-Gap,Sparse MFGP,52,7.0,0.4000000000000001
Matbench-Gap,Sparse MFGP,52,7.05,0.4000000000000001
Matbench-Gap,Sparse MFGP,52,7.1,0.4000000000000001
Matbench-Gap,Sparse MFGP,52,7.15,0.4000000000000001
Matbench-Gap,Sparse MFGP,52,7.2,0.4000000000000001
Matbench-Gap,Sparse MFGP,52,7.25,0.4000000000000001
Matbench-Gap,Sparse MFGP,52,7.3,0.4000000000000001
Matbench-Gap,Sparse MFGP,52,7.35,0.4000000000000001
Matbench-Gap,Sparse MFGP,52,7.4,0.4000000000000001
Matbench-Gap,Sparse MFGP,52,7.45,0.4000000000000001
Matbench-Gap,Sparse MFGP,52,7.5,0.4000000000000001
Matbench-Gap,Sparse MFGP,52,7.55,0.4000000000000001
Matbench-Gap,Sparse MFGP,52,7.6,0.4000000000000001
Matbench-Gap,Sparse MFGP,52,7.65,0.4000000000000001
Matbench-Gap,Sparse MFGP,52,7.7,0.4000000000000001
Matbench-Gap,Sparse MFGP,52,7.75,0.4000000000000001
Matbench-Gap,Sparse MFGP,52,7.8,0.4000000000000001
Matbench-Gap,Sparse MFGP,52,7.85,0.4000000000000001
Matbench-Gap,Sparse MFGP,52,7.9,0.4000000000000001
Matbench-Gap,Sparse MFGP,52,7.95,0.4000000000000001
Matbench-Gap,Sparse MFGP,52,8.0,0.4000000000000001
Matbench-Gap,Sparse MFGP,52,9.0,0.4000000000000001
Matbench-Gap,Sparse MFGP,52,9.05,0.4000000000000001
Matbench-Gap,Sparse MFGP,52,9.1,0.4000000000000001
Matbench-Gap,Sparse MFGP,52,9.15,0.4000000000000001
Matbench-Gap,Sparse MFGP,52,9.2,0.4000000000000001
Matbench-Gap,Sparse MFGP,52,9.25,0.4000000000000001
Matbench-Gap,Sparse MFGP,52,9.3,0.4000000000000001
Matbench-Gap,Sparse MFGP,52,9.35,0.4000000000000001
Matbench-Gap,Sparse MFGP,52,9.4,0.4000000000000001
Matbench-Gap,Sparse MFGP,52,9.45,0.4000000000000001
Matbench-Gap,Sparse MFGP,52,9.5,0.4000000000000001
Matbench-Gap,Sparse MFGP,52,9.55,0.4000000000000001
Matbench-Gap,Sparse MFGP,52,9.6,0.4000000000000001
Matbench-Gap,Sparse MFGP,52,9.65,0.4000000000000001
Matbench-Gap,Sparse MFGP,52,9.7,0.4000000000000001
Matbench-Gap,Sparse MFGP,52,9.75,0.4000000000000001
Matbench-Gap,Sparse MFGP,52,9.8,0.4000000000000001
Matbench-Gap,Sparse MFGP,52,9.85,0.4000000000000001
Matbench-Gap,Sparse MFGP,52,9.9,0.4000000000000001
Matbench-Gap,Sparse MFGP,52,9.95,0.4000000000000001
Matbench-Gap,Sparse MFGP,52,10.0,0.4000000000000001
Matbench-Gap,Sparse MFGP,52,11.0,0.4000000000000001
Matbench-Gap,Sparse MFGP,52,11.05,0.4000000000000001
Matbench-Gap,Sparse MFGP,52,11.1,0.4000000000000001
Matbench-Gap,Sparse MFGP,52,11.15,0.4000000000000001
Matbench-Gap,Sparse MFGP,52,11.2,0.4000000000000001
Matbench-Gap,Sparse MFGP,52,11.25,0.4000000000000001
Matbench-Gap,Sparse MFGP,52,11.3,0.4000000000000001
Matbench-Gap,Sparse MFGP,52,11.35,0.4000000000000001
Matbench-Gap,Sparse MFGP,52,11.4,0.4000000000000001
Matbench-Gap,Sparse MFGP,52,11.45,0.4000000000000001
Matbench-Gap,Sparse MFGP,52,11.5,0.4000000000000001
Matbench-Gap,Sparse MFGP,52,11.55,0.4000000000000001
Matbench-Gap,Sparse MFGP,52,11.6,0.4000000000000001
Matbench-Gap,Sparse MFGP,52,11.65,0.4000000000000001
Matbench-Gap,Sparse MFGP,52,11.7,0.4000000000000001
Matbench-Gap,Sparse MFGP,52,11.75,0.4000000000000001
Matbench-Gap,Sparse MFGP,52,11.8,0.4000000000000001
Matbench-Gap,Sparse MFGP,52,11.85,0.4000000000000001
Matbench-Gap,Sparse MFGP,52,11.9,0.4000000000000001
Matbench-Gap,Sparse MFGP,52,11.95,0.4000000000000001
Matbench-Gap,Sparse MFGP,52,12.0,0.4000000000000001
Matbench-Gap,Sparse MFGP,52,13.0,0.4000000000000001
Matbench-Gap,Sparse MFGP,52,13.05,0.4000000000000001
Matbench-Gap,Sparse MFGP,52,13.1,0.4000000000000001
Matbench-Gap,Sparse MFGP,52,13.15,0.4000000000000001
Matbench-Gap,Sparse MFGP,52,13.2,0.4000000000000001
Matbench-Gap,Sparse MFGP,52,13.25,0.4000000000000001
Matbench-Gap,Sparse MFGP,52,13.3,0.4000000000000001
Matbench-Gap,Sparse MFGP,52,13.35,0.4000000000000001
Matbench-Gap,Sparse MFGP,52,13.4,0.4000000000000001
Matbench-Gap,Sparse MFGP,52,13.45,0.4000000000000001
Matbench-Gap,Sparse MFGP,52,13.5,0.4000000000000001
Matbench-Gap,Sparse MFGP,52,13.55,0.4000000000000001
Matbench-Gap,Sparse MFGP,52,13.6,0.4000000000000001
Matbench-Gap,Sparse MFGP,52,13.65,0.4000000000000001
Matbench-Gap,Sparse MFGP,52,13.7,0.4000000000000001
Matbench-Gap,Sparse MFGP,52,13.75,0.4000000000000001
Matbench-Gap,Sparse MFGP,52,13.8,0.4000000000000001
Matbench-Gap,Sparse MFGP,52,13.85,0.4000000000000001
Matbench-Gap,Sparse MFGP,52,13.9,0.4000000000000001
Matbench-Gap,Sparse MFGP,52,13.95,0.4000000000000001
Matbench-Gap,Sparse MFGP,52,14.0,0.4000000000000001
Matbench-Gap,Sparse MFGP,52,15.0,0.4000000000000001
Matbench-Gap,Sparse MFGP,52,15.05,0.4000000000000001
Matbench-Gap,Sparse MFGP,52,15.1,0.4000000000000001
Matbench-Gap,Sparse MFGP,52,15.15,0.4000000000000001
Matbench-Gap,Sparse MFGP,52,15.2,0.4000000000000001
Matbench-Gap,Sparse MFGP,52,15.25,0.4000000000000001
Matbench-Gap,Sparse MFGP,52,15.3,0.4000000000000001
Matbench-Gap,Sparse MFGP,52,15.35,0.4000000000000001
Matbench-Gap,Sparse MFGP,52,15.4,0.4000000000000001
Matbench-Gap,Sparse MFGP,52,15.45,0.4000000000000001
Matbench-Gap,Sparse MFGP,52,15.5,0.4000000000000001
Matbench-Gap,Sparse MFGP,52,15.55,0.4000000000000001
Matbench-Gap,Sparse MFGP,52,15.6,0.4000000000000001
Matbench-Gap,Sparse MFGP,52,15.65,0.4000000000000001
Matbench-Gap,Sparse MFGP,52,15.7,0.4000000000000001
Matbench-Gap,Sparse MFGP,52,15.75,0.4000000000000001
Matbench-Gap,Sparse MFGP,52,15.8,0.4000000000000001
Matbench-Gap,Sparse MFGP,52,15.85,0.4000000000000001
Matbench-Gap,Sparse MFGP,52,15.9,0.4000000000000001
Matbench-Gap,Sparse MFGP,52,15.95,0.4000000000000001
Matbench-Gap,Sparse MFGP,52,16.0,0.4000000000000001
Matbench-Gap,Sparse MFGP,52,17.0,0.4000000000000001
Matbench-Gap,Sparse MFGP,52,17.05,0.4000000000000001
Matbench-Gap,Sparse MFGP,52,17.1,0.4000000000000001
Matbench-Gap,Sparse MFGP,52,17.15,0.4000000000000001
Matbench-Gap,Sparse MFGP,52,17.2,0.4000000000000001
Matbench-Gap,Sparse MFGP,52,17.25,0.4000000000000001
Matbench-Gap,Sparse MFGP,52,17.3,0.4000000000000001
Matbench-Gap,Sparse MFGP,52,17.35,0.4000000000000001
Matbench-Gap,Sparse MFGP,52,17.4,0.4000000000000001
Matbench-Gap,Sparse MFGP,52,17.45,0.4000000000000001
Matbench-Gap,Sparse MFGP,52,17.5,0.4000000000000001
Matbench-Gap,Sparse MFGP,52,17.55,0.4000000000000001
Matbench-Gap,Sparse MFGP,52,17.6,0.4000000000000001
Matbench-Gap,Sparse MFGP,52,17.65,0.4000000000000001
Matbench-Gap,Sparse MFGP,52,17.7,0.4000000000000001
Matbench-Gap,Sparse MFGP,52,17.75,0.4000000000000001
Matbench-Gap,Sparse MFGP,52,17.8,0.4000000000000001
Matbench-Gap,Sparse MFGP,52,17.85,0.4000000000000001
Matbench-Gap,Sparse MFGP,52,17.9,0.4000000000000001
Matbench-Gap,Sparse MFGP,52,17.95,0.4000000000000001
Matbench-Gap,Sparse MFGP,52,18.0,0.4000000000000001
Matbench-Gap,Sparse MFGP,52,19.0,0.4000000000000001
Matbench-Gap,Sparse MFGP,52,19.05,0.4000000000000001
Matbench-Gap,Sparse MFGP,52,19.1,0.4000000000000001
Matbench-Gap,Sparse MFGP,52,19.15,0.4000000000000001
Matbench-Gap,Sparse MFGP,52,19.2,0.4000000000000001
Matbench-Gap,Sparse MFGP,52,19.25,0.4000000000000001
Matbench-Gap,Sparse MFGP,52,19.3,0.4000000000000001
Matbench-Gap,Sparse MFGP,52,19.35,0.4000000000000001
Matbench-Gap,Sparse MFGP,52,19.4,0.4000000000000001
Matbench-Gap,Sparse MFGP,52,19.45,0.4000000000000001
Matbench-Gap,Sparse MFGP,52,19.5,0.4000000000000001
Matbench-Gap,Sparse MFGP,52,19.55,0.4000000000000001
Matbench-Gap,Sparse MFGP,52,19.6,0.4000000000000001
Matbench-Gap,Sparse MFGP,52,19.65,0.4000000000000001
Matbench-Gap,Sparse MFGP,52,19.7,0.4000000000000001
Matbench-Gap,Sparse MFGP,52,19.75,0.4000000000000001
Matbench-Gap,Sparse MFGP,52,19.8,0.4000000000000001
Matbench-Gap,Sparse MFGP,52,19.85,0.4000000000000001
Matbench-Gap,Sparse MFGP,52,19.9,0.4000000000000001
Matbench-Gap,Sparse MFGP,52,19.95,0.4000000000000001
Matbench-Gap,Sparse MFGP,53,3.0,1.4
Matbench-Gap,Sparse MFGP,53,3.05,1.4
Matbench-Gap,Sparse MFGP,53,3.1,1.4
Matbench-Gap,Sparse MFGP,53,3.15,1.4
Matbench-Gap,Sparse MFGP,53,3.2,1.4
Matbench-Gap,Sparse MFGP,53,3.25,1.4
Matbench-Gap,Sparse MFGP,53,3.3,1.4
Matbench-Gap,Sparse MFGP,53,3.35,1.4
Matbench-Gap,Sparse MFGP,53,3.4,1.4
Matbench-Gap,Sparse MFGP,53,3.45,1.4
Matbench-Gap,Sparse MFGP,53,3.5,1.4
Matbench-Gap,Sparse MFGP,53,3.55,1.4
Matbench-Gap,Sparse MFGP,53,3.6,1.4
Matbench-Gap,Sparse MFGP,53,3.65,1.4
Matbench-Gap,Sparse MFGP,53,3.7,1.4
Matbench-Gap,Sparse MFGP,53,3.75,1.4
Matbench-Gap,Sparse MFGP,53,3.8,1.4
Matbench-Gap,Sparse MFGP,53,3.85,1.4
Matbench-Gap,Sparse MFGP,53,3.9,1.4
Matbench-Gap,Sparse MFGP,53,3.95,1.4
Matbench-Gap,Sparse MFGP,53,4.0,1.4
Matbench-Gap,Sparse MFGP,53,5.0,0.53
Matbench-Gap,Sparse MFGP,53,5.05,0.53
Matbench-Gap,Sparse MFGP,53,5.1,0.53
Matbench-Gap,Sparse MFGP,53,5.15,0.53
Matbench-Gap,Sparse MFGP,53,5.2,0.53
Matbench-Gap,Sparse MFGP,53,5.25,0.53
Matbench-Gap,Sparse MFGP,53,5.3,0.53
Matbench-Gap,Sparse MFGP,53,5.35,0.53
Matbench-Gap,Sparse MFGP,53,5.4,0.53
Matbench-Gap,Sparse MFGP,53,5.45,0.53
Matbench-Gap,Sparse MFGP,53,5.5,0.53
Matbench-Gap,Sparse MFGP,53,5.55,0.53
Matbench-Gap,Sparse MFGP,53,5.6,0.53
Matbench-Gap,Sparse MFGP,53,5.65,0.53
Matbench-Gap,Sparse MFGP,53,5.7,0.53
Matbench-Gap,Sparse MFGP,53,5.75,0.53
Matbench-Gap,Sparse MFGP,53,5.8,0.53
Matbench-Gap,Sparse MFGP,53,5.85,0.53
Matbench-Gap,Sparse MFGP,53,5.9,0.53
Matbench-Gap,Sparse MFGP,53,5.95,0.53
Matbench-Gap,Sparse MFGP,53,6.0,0.53
Matbench-Gap,Sparse MFGP,53,7.0,0.53
Matbench-Gap,Sparse MFGP,53,7.05,0.53
Matbench-Gap,Sparse MFGP,53,7.1,0.53
Matbench-Gap,Sparse MFGP,53,7.15,0.53
Matbench-Gap,Sparse MFGP,53,7.2,0.53
Matbench-Gap,Sparse MFGP,53,7.25,0.53
Matbench-Gap,Sparse MFGP,53,7.3,0.53
Matbench-Gap,Sparse MFGP,53,7.35,0.53
Matbench-Gap,Sparse MFGP,53,7.4,0.53
Matbench-Gap,Sparse MFGP,53,7.45,0.53
Matbench-Gap,Sparse MFGP,53,7.5,0.53
Matbench-Gap,Sparse MFGP,53,7.55,0.53
Matbench-Gap,Sparse MFGP,53,7.6,0.53
Matbench-Gap,Sparse MFGP,53,7.65,0.53
Matbench-Gap,Sparse MFGP,53,7.7,0.53
Matbench-Gap,Sparse MFGP,53,7.75,0.53
Matbench-Gap,Sparse MFGP,53,7.8,0.53
Matbench-Gap,Sparse MFGP,53,7.85,0.53
Matbench-Gap,Sparse MFGP,53,7.9,0.53
Matbench-Gap,Sparse MFGP,53,7.95,0.53
Matbench-Gap,Sparse MFGP,53,8.0,0.53
Matbench-Gap,Sparse MFGP,53,9.0,0.53
Matbench-Gap,Sparse MFGP,53,9.05,0.53
Matbench-Gap,Sparse MFGP,53,9.1,0.53
Matbench-Gap,Sparse MFGP,53,9.15,0.53
Matbench-Gap,Sparse MFGP,53,9.2,0.53
Matbench-Gap,Sparse MFGP,53,9.25,0.53
Matbench-Gap,Sparse MFGP,53,9.3,0.53
Matbench-Gap,Sparse MFGP,53,9.35,0.53
Matbench-Gap,Sparse MFGP,53,9.4,0.53
Matbench-Gap,Sparse MFGP,53,9.45,0.53
Matbench-Gap,Sparse MFGP,53,9.5,0.53
Matbench-Gap,Sparse MFGP,53,9.55,0.53
Matbench-Gap,Sparse MFGP,53,9.6,0.53
Matbench-Gap,Sparse MFGP,53,9.65,0.53
Matbench-Gap,Sparse MFGP,53,9.7,0.53
Matbench-Gap,Sparse MFGP,53,9.75,0.53
Matbench-Gap,Sparse MFGP,53,9.8,0.53
Matbench-Gap,Sparse MFGP,53,9.85,0.53
Matbench-Gap,Sparse MFGP,53,9.9,0.53
Matbench-Gap,Sparse MFGP,53,9.95,0.53
Matbench-Gap,Sparse MFGP,53,10.0,0.53
Matbench-Gap,Sparse MFGP,53,11.0,0.04
Matbench-Gap,Sparse MFGP,53,11.05,0.04
Matbench-Gap,Sparse MFGP,53,11.1,0.04
Matbench-Gap,Sparse MFGP,53,11.15,0.04
Matbench-Gap,Sparse MFGP,53,11.2,0.04
Matbench-Gap,Sparse MFGP,53,11.25,0.04
Matbench-Gap,Sparse MFGP,53,11.3,0.04
Matbench-Gap,Sparse MFGP,53,11.35,0.04
Matbench-Gap,Sparse MFGP,53,11.4,0.04
Matbench-Gap,Sparse MFGP,53,11.45,0.04
Matbench-Gap,Sparse MFGP,53,11.5,0.04
Matbench-Gap,Sparse MFGP,53,11.55,0.04
Matbench-Gap,Sparse MFGP,53,11.6,0.04
Matbench-Gap,Sparse MFGP,53,11.65,0.04
Matbench-Gap,Sparse MFGP,53,11.7,0.04
Matbench-Gap,Sparse MFGP,53,11.75,0.04
Matbench-Gap,Sparse MFGP,53,11.8,0.04
Matbench-Gap,Sparse MFGP,53,11.85,0.04
Matbench-Gap,Sparse MFGP,53,11.9,0.04
Matbench-Gap,Sparse MFGP,53,11.95,0.04
Matbench-Gap,Sparse MFGP,53,12.0,0.04
Matbench-Gap,Sparse MFGP,53,13.0,0.04
Matbench-Gap,Sparse MFGP,53,13.05,0.04
Matbench-Gap,Sparse MFGP,53,13.1,0.04
Matbench-Gap,Sparse MFGP,53,13.15,0.04
Matbench-Gap,Sparse MFGP,53,13.2,0.04
Matbench-Gap,Sparse MFGP,53,13.25,0.04
Matbench-Gap,Sparse MFGP,53,13.3,0.04
Matbench-Gap,Sparse MFGP,53,13.35,0.04
Matbench-Gap,Sparse MFGP,53,13.4,0.04
Matbench-Gap,Sparse MFGP,53,13.45,0.04
Matbench-Gap,Sparse MFGP,53,13.5,0.04
Matbench-Gap,Sparse MFGP,53,13.55,0.04
Matbench-Gap,Sparse MFGP,53,13.6,0.04
Matbench-Gap,Sparse MFGP,53,13.65,0.04
Matbench-Gap,Sparse MFGP,53,13.7,0.04
Matbench-Gap,Sparse MFGP,53,13.75,0.04
Matbench-Gap,Sparse MFGP,53,13.8,0.04
Matbench-Gap,Sparse MFGP,53,13.85,0.04
Matbench-Gap,Sparse MFGP,53,13.9,0.04
Matbench-Gap,Sparse MFGP,53,13.95,0.04
Matbench-Gap,Sparse MFGP,53,14.0,0.04
Matbench-Gap,Sparse MFGP,53,15.0,0.04
Matbench-Gap,Sparse MFGP,53,15.05,0.04
Matbench-Gap,Sparse MFGP,53,15.1,0.04
Matbench-Gap,Sparse MFGP,53,15.15,0.04
Matbench-Gap,Sparse MFGP,53,15.2,0.04
Matbench-Gap,Sparse MFGP,53,15.25,0.04
Matbench-Gap,Sparse MFGP,53,15.3,0.04
Matbench-Gap,Sparse MFGP,53,15.35,0.04
Matbench-Gap,Sparse MFGP,53,15.4,0.04
Matbench-Gap,Sparse MFGP,53,15.45,0.04
Matbench-Gap,Sparse MFGP,53,15.5,0.04
Matbench-Gap,Sparse MFGP,53,15.55,0.04
Matbench-Gap,Sparse MFGP,53,15.6,0.04
Matbench-Gap,Sparse MFGP,53,15.65,0.04
Matbench-Gap,Sparse MFGP,53,15.7,0.04
Matbench-Gap,Sparse MFGP,53,15.75,0.04
Matbench-Gap,Sparse MFGP,53,15.8,0.04
Matbench-Gap,Sparse MFGP,53,15.85,0.04
Matbench-Gap,Sparse MFGP,53,15.9,0.04
Matbench-Gap,Sparse MFGP,53,15.95,0.04
Matbench-Gap,Sparse MFGP,53,16.0,0.04
Matbench-Gap,Sparse MFGP,53,17.0,0.04
Matbench-Gap,Sparse MFGP,53,17.05,0.04
Matbench-Gap,Sparse MFGP,53,17.1,0.04
Matbench-Gap,Sparse MFGP,53,17.15,0.04
Matbench-Gap,Sparse MFGP,53,17.2,0.04
Matbench-Gap,Sparse MFGP,53,17.25,0.04
Matbench-Gap,Sparse MFGP,53,17.3,0.04
Matbench-Gap,Sparse MFGP,53,17.35,0.04
Matbench-Gap,Sparse MFGP,53,17.4,0.04
Matbench-Gap,Sparse MFGP,53,17.45,0.04
Matbench-Gap,Sparse MFGP,53,17.5,0.04
Matbench-Gap,Sparse MFGP,53,17.55,0.04
Matbench-Gap,Sparse MFGP,53,17.6,0.04
Matbench-Gap,Sparse MFGP,53,17.65,0.04
Matbench-Gap,Sparse MFGP,53,17.7,0.04
Matbench-Gap,Sparse MFGP,53,17.75,0.04
Matbench-Gap,Sparse MFGP,53,17.8,0.04
Matbench-Gap,Sparse MFGP,53,17.85,0.04
Matbench-Gap,Sparse MFGP,53,17.9,0.04
Matbench-Gap,Sparse MFGP,53,17.95,0.04
Matbench-Gap,Sparse MFGP,53,18.0,0.04
Matbench-Gap,Sparse MFGP,53,19.0,0.04
Matbench-Gap,Sparse MFGP,53,19.05,0.04
Matbench-Gap,Sparse MFGP,53,19.1,0.04
Matbench-Gap,Sparse MFGP,53,19.15,0.04
Matbench-Gap,Sparse MFGP,53,19.2,0.04
Matbench-Gap,Sparse MFGP,53,19.25,0.04
Matbench-Gap,Sparse MFGP,53,19.3,0.04
Matbench-Gap,Sparse MFGP,53,19.35,0.04
Matbench-Gap,Sparse MFGP,53,19.4,0.04
Matbench-Gap,Sparse MFGP,53,19.45,0.04
Matbench-Gap,Sparse MFGP,53,19.5,0.04
Matbench-Gap,Sparse MFGP,53,19.55,0.04
Matbench-Gap,Sparse MFGP,53,19.6,0.04
Matbench-Gap,Sparse MFGP,53,19.65,0.04
Matbench-Gap,Sparse MFGP,53,19.7,0.04
Matbench-Gap,Sparse MFGP,53,19.75,0.04
Matbench-Gap,Sparse MFGP,53,19.8,0.04
Matbench-Gap,Sparse MFGP,53,19.85,0.04
Matbench-Gap,Sparse MFGP,53,19.9,0.04
Matbench-Gap,Sparse MFGP,53,19.95,0.04
Matbench-Gap,Sparse MFGP,54,3.0,1.4
Matbench-Gap,Sparse MFGP,54,3.05,1.4
Matbench-Gap,Sparse MFGP,54,3.1,1.4
Matbench-Gap,Sparse MFGP,54,3.15,1.4
Matbench-Gap,Sparse MFGP,54,3.2,1.4
Matbench-Gap,Sparse MFGP,54,3.25,1.4
Matbench-Gap,Sparse MFGP,54,3.3,1.4
Matbench-Gap,Sparse MFGP,54,3.35,1.4
Matbench-Gap,Sparse MFGP,54,3.4,1.4
Matbench-Gap,Sparse MFGP,54,3.45,1.4
Matbench-Gap,Sparse MFGP,54,3.5,1.4
Matbench-Gap,Sparse MFGP,54,3.55,1.4
Matbench-Gap,Sparse MFGP,54,3.6,1.4
Matbench-Gap,Sparse MFGP,54,3.65,1.4
Matbench-Gap,Sparse MFGP,54,3.7,1.4
Matbench-Gap,Sparse MFGP,54,3.75,1.4
Matbench-Gap,Sparse MFGP,54,3.8,1.4
Matbench-Gap,Sparse MFGP,54,3.85,1.4
Matbench-Gap,Sparse MFGP,54,3.9,1.4
Matbench-Gap,Sparse MFGP,54,3.95,1.4
Matbench-Gap,Sparse MFGP,54,4.0,1.4
Matbench-Gap,Sparse MFGP,54,5.0,0.4499999999999999
Matbench-Gap,Sparse MFGP,54,5.05,0.4499999999999999
Matbench-Gap,Sparse MFGP,54,5.1,0.4499999999999999
Matbench-Gap,Sparse MFGP,54,5.15,0.4499999999999999
Matbench-Gap,Sparse MFGP,54,5.2,0.4499999999999999
Matbench-Gap,Sparse MFGP,54,5.25,0.4499999999999999
Matbench-Gap,Sparse MFGP,54,5.3,0.4499999999999999
Matbench-Gap,Sparse MFGP,54,5.35,0.4499999999999999
Matbench-Gap,Sparse MFGP,54,5.4,0.4499999999999999
Matbench-Gap,Sparse MFGP,54,5.45,0.4499999999999999
Matbench-Gap,Sparse MFGP,54,5.5,0.4499999999999999
Matbench-Gap,Sparse MFGP,54,5.55,0.4499999999999999
Matbench-Gap,Sparse MFGP,54,5.6,0.4499999999999999
Matbench-Gap,Sparse MFGP,54,5.65,0.4499999999999999
Matbench-Gap,Sparse MFGP,54,5.7,0.4499999999999999
Matbench-Gap,Sparse MFGP,54,5.75,0.4499999999999999
Matbench-Gap,Sparse MFGP,54,5.8,0.4499999999999999
Matbench-Gap,Sparse MFGP,54,5.85,0.4499999999999999
Matbench-Gap,Sparse MFGP,54,5.9,0.4499999999999999
Matbench-Gap,Sparse MFGP,54,5.95,0.4499999999999999
Matbench-Gap,Sparse MFGP,54,6.0,0.4499999999999999
Matbench-Gap,Sparse MFGP,54,7.0,0.4499999999999999
Matbench-Gap,Sparse MFGP,54,7.05,0.4499999999999999
Matbench-Gap,Sparse MFGP,54,7.1,0.4499999999999999
Matbench-Gap,Sparse MFGP,54,7.15,0.4499999999999999
Matbench-Gap,Sparse MFGP,54,7.2,0.4499999999999999
Matbench-Gap,Sparse MFGP,54,7.25,0.4499999999999999
Matbench-Gap,Sparse MFGP,54,7.3,0.4499999999999999
Matbench-Gap,Sparse MFGP,54,7.35,0.4499999999999999
Matbench-Gap,Sparse MFGP,54,7.4,0.4499999999999999
Matbench-Gap,Sparse MFGP,54,7.45,0.4499999999999999
Matbench-Gap,Sparse MFGP,54,7.5,0.4499999999999999
Matbench-Gap,Sparse MFGP,54,7.55,0.4499999999999999
Matbench-Gap,Sparse MFGP,54,7.6,0.4499999999999999
Matbench-Gap,Sparse MFGP,54,7.65,0.4499999999999999
Matbench-Gap,Sparse MFGP,54,7.7,0.4499999999999999
Matbench-Gap,Sparse MFGP,54,7.75,0.4499999999999999
Matbench-Gap,Sparse MFGP,54,7.8,0.4499999999999999
Matbench-Gap,Sparse MFGP,54,7.85,0.4499999999999999
Matbench-Gap,Sparse MFGP,54,7.9,0.4499999999999999
Matbench-Gap,Sparse MFGP,54,7.95,0.4499999999999999
Matbench-Gap,Sparse MFGP,54,8.0,0.4499999999999999
Matbench-Gap,Sparse MFGP,54,9.0,0.4499999999999999
Matbench-Gap,Sparse MFGP,54,9.05,0.4499999999999999
Matbench-Gap,Sparse MFGP,54,9.1,0.4499999999999999
Matbench-Gap,Sparse MFGP,54,9.15,0.4499999999999999
Matbench-Gap,Sparse MFGP,54,9.2,0.4499999999999999
Matbench-Gap,Sparse MFGP,54,9.25,0.4499999999999999
Matbench-Gap,Sparse MFGP,54,9.3,0.4499999999999999
Matbench-Gap,Sparse MFGP,54,9.35,0.4499999999999999
Matbench-Gap,Sparse MFGP,54,9.4,0.4499999999999999
Matbench-Gap,Sparse MFGP,54,9.45,0.4499999999999999
Matbench-Gap,Sparse MFGP,54,9.5,0.4499999999999999
Matbench-Gap,Sparse MFGP,54,9.55,0.4499999999999999
Matbench-Gap,Sparse MFGP,54,9.6,0.4499999999999999
Matbench-Gap,Sparse MFGP,54,9.65,0.4499999999999999
Matbench-Gap,Sparse MFGP,54,9.7,0.4499999999999999
Matbench-Gap,Sparse MFGP,54,9.75,0.4499999999999999
Matbench-Gap,Sparse MFGP,54,9.8,0.4499999999999999
Matbench-Gap,Sparse MFGP,54,9.85,0.4499999999999999
Matbench-Gap,Sparse MFGP,54,9.9,0.4499999999999999
Matbench-Gap,Sparse MFGP,54,9.95,0.4499999999999999
Matbench-Gap,Sparse MFGP,54,10.0,0.4499999999999999
Matbench-Gap,Sparse MFGP,54,11.0,0.4499999999999999
Matbench-Gap,Sparse MFGP,54,11.05,0.4499999999999999
Matbench-Gap,Sparse MFGP,54,11.1,0.4499999999999999
Matbench-Gap,Sparse MFGP,54,11.15,0.4499999999999999
Matbench-Gap,Sparse MFGP,54,11.2,0.4499999999999999
Matbench-Gap,Sparse MFGP,54,11.25,0.4499999999999999
Matbench-Gap,Sparse MFGP,54,11.3,0.4499999999999999
Matbench-Gap,Sparse MFGP,54,11.35,0.4499999999999999
Matbench-Gap,Sparse MFGP,54,11.4,0.4499999999999999
Matbench-Gap,Sparse MFGP,54,11.45,0.4499999999999999
Matbench-Gap,Sparse MFGP,54,11.5,0.4499999999999999
Matbench-Gap,Sparse MFGP,54,11.55,0.4499999999999999
Matbench-Gap,Sparse MFGP,54,11.6,0.4499999999999999
Matbench-Gap,Sparse MFGP,54,11.65,0.4499999999999999
Matbench-Gap,Sparse MFGP,54,11.7,0.4499999999999999
Matbench-Gap,Sparse MFGP,54,11.75,0.4499999999999999
Matbench-Gap,Sparse MFGP,54,11.8,0.4499999999999999
Matbench-Gap,Sparse MFGP,54,11.85,0.4499999999999999
Matbench-Gap,Sparse MFGP,54,11.9,0.4499999999999999
Matbench-Gap,Sparse MFGP,54,11.95,0.4499999999999999
Matbench-Gap,Sparse MFGP,54,12.0,0.4499999999999999
Matbench-Gap,Sparse MFGP,54,13.0,0.2000000000000001
Matbench-Gap,Sparse MFGP,54,13.05,0.2000000000000001
Matbench-Gap,Sparse MFGP,54,13.1,0.2000000000000001
Matbench-Gap,Sparse MFGP,54,13.15,0.2000000000000001
Matbench-Gap,Sparse MFGP,54,13.2,0.2000000000000001
Matbench-Gap,Sparse MFGP,54,13.25,0.2000000000000001
Matbench-Gap,Sparse MFGP,54,13.3,0.2000000000000001
Matbench-Gap,Sparse MFGP,54,13.35,0.2000000000000001
Matbench-Gap,Sparse MFGP,54,13.4,0.2000000000000001
Matbench-Gap,Sparse MFGP,54,13.45,0.2000000000000001
Matbench-Gap,Sparse MFGP,54,13.5,0.2000000000000001
Matbench-Gap,Sparse MFGP,54,13.55,0.2000000000000001
Matbench-Gap,Sparse MFGP,54,13.6,0.2000000000000001
Matbench-Gap,Sparse MFGP,54,13.65,0.2000000000000001
Matbench-Gap,Sparse MFGP,54,13.7,0.2000000000000001
Matbench-Gap,Sparse MFGP,54,13.75,0.2000000000000001
Matbench-Gap,Sparse MFGP,54,13.8,0.2000000000000001
Matbench-Gap,Sparse MFGP,54,13.85,0.2000000000000001
Matbench-Gap,Sparse MFGP,54,13.9,0.2000000000000001
Matbench-Gap,Sparse MFGP,54,13.95,0.2000000000000001
Matbench-Gap,Sparse MFGP,54,14.0,0.2000000000000001
Matbench-Gap,Sparse MFGP,54,15.0,0.2000000000000001
Matbench-Gap,Sparse MFGP,54,15.05,0.2000000000000001
Matbench-Gap,Sparse MFGP,54,15.1,0.2000000000000001
Matbench-Gap,Sparse MFGP,54,15.15,0.2000000000000001
Matbench-Gap,Sparse MFGP,54,15.2,0.2000000000000001
Matbench-Gap,Sparse MFGP,54,15.25,0.2000000000000001
Matbench-Gap,Sparse MFGP,54,15.3,0.2000000000000001
Matbench-Gap,Sparse MFGP,54,15.35,0.2000000000000001
Matbench-Gap,Sparse MFGP,54,15.4,0.2000000000000001
Matbench-Gap,Sparse MFGP,54,15.45,0.2000000000000001
Matbench-Gap,Sparse MFGP,54,15.5,0.2000000000000001
Matbench-Gap,Sparse MFGP,54,15.55,0.2000000000000001
Matbench-Gap,Sparse MFGP,54,15.6,0.2000000000000001
Matbench-Gap,Sparse MFGP,54,15.65,0.2000000000000001
Matbench-Gap,Sparse MFGP,54,15.7,0.2000000000000001
Matbench-Gap,Sparse MFGP,54,15.75,0.2000000000000001
Matbench-Gap,Sparse MFGP,54,15.8,0.2000000000000001
Matbench-Gap,Sparse MFGP,54,15.85,0.2000000000000001
Matbench-Gap,Sparse MFGP,54,15.9,0.2000000000000001
Matbench-Gap,Sparse MFGP,54,15.95,0.2000000000000001
Matbench-Gap,Sparse MFGP,54,16.0,0.2000000000000001
Matbench-Gap,Sparse MFGP,54,17.0,0.2000000000000001
Matbench-Gap,Sparse MFGP,54,17.05,0.2000000000000001
Matbench-Gap,Sparse MFGP,54,17.1,0.2000000000000001
Matbench-Gap,Sparse MFGP,54,17.15,0.2000000000000001
Matbench-Gap,Sparse MFGP,54,17.2,0.2000000000000001
Matbench-Gap,Sparse MFGP,54,17.25,0.2000000000000001
Matbench-Gap,Sparse MFGP,54,17.3,0.2000000000000001
Matbench-Gap,Sparse MFGP,54,17.35,0.2000000000000001
Matbench-Gap,Sparse MFGP,54,17.4,0.2000000000000001
Matbench-Gap,Sparse MFGP,54,17.45,0.2000000000000001
Matbench-Gap,Sparse MFGP,54,17.5,0.2000000000000001
Matbench-Gap,Sparse MFGP,54,17.55,0.2000000000000001
Matbench-Gap,Sparse MFGP,54,17.6,0.2000000000000001
Matbench-Gap,Sparse MFGP,54,17.65,0.2000000000000001
Matbench-Gap,Sparse MFGP,54,17.7,0.2000000000000001
Matbench-Gap,Sparse MFGP,54,17.75,0.2000000000000001
Matbench-Gap,Sparse MFGP,54,17.8,0.2000000000000001
Matbench-Gap,Sparse MFGP,54,17.85,0.2000000000000001
Matbench-Gap,Sparse MFGP,54,17.9,0.2000000000000001
Matbench-Gap,Sparse MFGP,54,17.95,0.2000000000000001
Matbench-Gap,Sparse MFGP,54,18.0,0.2000000000000001
Matbench-Gap,Sparse MFGP,54,19.0,0.2000000000000001
Matbench-Gap,Sparse MFGP,54,19.05,0.2000000000000001
Matbench-Gap,Sparse MFGP,54,19.1,0.2000000000000001
Matbench-Gap,Sparse MFGP,54,19.15,0.2000000000000001
Matbench-Gap,Sparse MFGP,54,19.2,0.2000000000000001
Matbench-Gap,Sparse MFGP,54,19.25,0.2000000000000001
Matbench-Gap,Sparse MFGP,54,19.3,0.2000000000000001
Matbench-Gap,Sparse MFGP,54,19.35,0.2000000000000001
Matbench-Gap,Sparse MFGP,54,19.4,0.2000000000000001
Matbench-Gap,Sparse MFGP,54,19.45,0.2000000000000001
Matbench-Gap,Sparse MFGP,54,19.5,0.2000000000000001
Matbench-Gap,Sparse MFGP,54,19.55,0.2000000000000001
Matbench-Gap,Sparse MFGP,54,19.6,0.2000000000000001
Matbench-Gap,Sparse MFGP,54,19.65,0.2000000000000001
Matbench-Gap,Sparse MFGP,54,19.7,0.2000000000000001
Matbench-Gap,Sparse MFGP,54,19.75,0.2000000000000001
Matbench-Gap,Sparse MFGP,54,19.8,0.2000000000000001
Matbench-Gap,Sparse MFGP,54,19.85,0.2000000000000001
Matbench-Gap,Sparse MFGP,54,19.9,0.2000000000000001
Matbench-Gap,Sparse MFGP,54,19.95,0.2000000000000001
Matbench-Gap,Sparse MFGP,55,3.0,1.4
Matbench-Gap,Sparse MFGP,55,3.05,1.4
Matbench-Gap,Sparse MFGP,55,3.1,1.4
Matbench-Gap,Sparse MFGP,55,3.15,1.4
Matbench-Gap,Sparse MFGP,55,3.2,1.4
Matbench-Gap,Sparse MFGP,55,3.25,1.4
Matbench-Gap,Sparse MFGP,55,3.3,1.4
Matbench-Gap,Sparse MFGP,55,3.35,1.4
Matbench-Gap,Sparse MFGP,55,3.4,1.4
Matbench-Gap,Sparse MFGP,55,3.45,1.4
Matbench-Gap,Sparse MFGP,55,3.5,1.4
Matbench-Gap,Sparse MFGP,55,3.55,1.4
Matbench-Gap,Sparse MFGP,55,3.6,1.4
Matbench-Gap,Sparse MFGP,55,3.65,1.4
Matbench-Gap,Sparse MFGP,55,3.7,1.4
Matbench-Gap,Sparse MFGP,55,3.75,1.4
Matbench-Gap,Sparse MFGP,55,3.8,1.4
Matbench-Gap,Sparse MFGP,55,3.85,1.4
Matbench-Gap,Sparse MFGP,55,3.9,1.4
Matbench-Gap,Sparse MFGP,55,3.95,1.4
Matbench-Gap,Sparse MFGP,55,4.0,1.4
Matbench-Gap,Sparse MFGP,55,5.0,1.4
Matbench-Gap,Sparse MFGP,55,5.05,1.4
Matbench-Gap,Sparse MFGP,55,5.1,1.4
Matbench-Gap,Sparse MFGP,55,5.15,1.4
Matbench-Gap,Sparse MFGP,55,5.2,1.4
Matbench-Gap,Sparse MFGP,55,5.25,1.4
Matbench-Gap,Sparse MFGP,55,5.3,1.4
Matbench-Gap,Sparse MFGP,55,5.35,1.4
Matbench-Gap,Sparse MFGP,55,5.4,1.4
Matbench-Gap,Sparse MFGP,55,5.45,1.4
Matbench-Gap,Sparse MFGP,55,5.5,1.4
Matbench-Gap,Sparse MFGP,55,5.55,1.4
Matbench-Gap,Sparse MFGP,55,5.6,1.4
Matbench-Gap,Sparse MFGP,55,5.65,1.4
Matbench-Gap,Sparse MFGP,55,5.7,1.4
Matbench-Gap,Sparse MFGP,55,5.75,1.4
Matbench-Gap,Sparse MFGP,55,5.8,1.4
Matbench-Gap,Sparse MFGP,55,5.85,1.4
Matbench-Gap,Sparse MFGP,55,5.9,1.4
Matbench-Gap,Sparse MFGP,55,5.95,1.4
Matbench-Gap,Sparse MFGP,55,6.0,1.4
Matbench-Gap,Sparse MFGP,55,7.0,0.3999999999999999
Matbench-Gap,Sparse MFGP,55,7.05,0.3999999999999999
Matbench-Gap,Sparse MFGP,55,7.1,0.3999999999999999
Matbench-Gap,Sparse MFGP,55,7.15,0.3999999999999999
Matbench-Gap,Sparse MFGP,55,7.2,0.3999999999999999
Matbench-Gap,Sparse MFGP,55,7.25,0.3999999999999999
Matbench-Gap,Sparse MFGP,55,7.3,0.3999999999999999
Matbench-Gap,Sparse MFGP,55,7.35,0.3999999999999999
Matbench-Gap,Sparse MFGP,55,7.4,0.3999999999999999
Matbench-Gap,Sparse MFGP,55,7.45,0.3999999999999999
Matbench-Gap,Sparse MFGP,55,7.5,0.3999999999999999
Matbench-Gap,Sparse MFGP,55,7.55,0.3999999999999999
Matbench-Gap,Sparse MFGP,55,7.6,0.3999999999999999
Matbench-Gap,Sparse MFGP,55,7.65,0.3999999999999999
Matbench-Gap,Sparse MFGP,55,7.7,0.3999999999999999
Matbench-Gap,Sparse MFGP,55,7.75,0.3999999999999999
Matbench-Gap,Sparse MFGP,55,7.8,0.3999999999999999
Matbench-Gap,Sparse MFGP,55,7.85,0.3999999999999999
Matbench-Gap,Sparse MFGP,55,7.9,0.3999999999999999
Matbench-Gap,Sparse MFGP,55,7.95,0.3999999999999999
Matbench-Gap,Sparse MFGP,55,8.0,0.3999999999999999
Matbench-Gap,Sparse MFGP,55,9.0,0.3999999999999999
Matbench-Gap,Sparse MFGP,55,9.05,0.3999999999999999
Matbench-Gap,Sparse MFGP,55,9.1,0.3999999999999999
Matbench-Gap,Sparse MFGP,55,9.15,0.3999999999999999
Matbench-Gap,Sparse MFGP,55,9.2,0.3999999999999999
Matbench-Gap,Sparse MFGP,55,9.25,0.3999999999999999
Matbench-Gap,Sparse MFGP,55,9.3,0.3999999999999999
Matbench-Gap,Sparse MFGP,55,9.35,0.3999999999999999
Matbench-Gap,Sparse MFGP,55,9.4,0.3999999999999999
Matbench-Gap,Sparse MFGP,55,9.45,0.3999999999999999
Matbench-Gap,Sparse MFGP,55,9.5,0.3999999999999999
Matbench-Gap,Sparse MFGP,55,9.55,0.3999999999999999
Matbench-Gap,Sparse MFGP,55,9.6,0.3999999999999999
Matbench-Gap,Sparse MFGP,55,9.65,0.3999999999999999
Matbench-Gap,Sparse MFGP,55,9.7,0.3999999999999999
Matbench-Gap,Sparse MFGP,55,9.75,0.3999999999999999
Matbench-Gap,Sparse MFGP,55,9.8,0.3999999999999999
Matbench-Gap,Sparse MFGP,55,9.85,0.3999999999999999
Matbench-Gap,Sparse MFGP,55,9.9,0.3999999999999999
Matbench-Gap,Sparse MFGP,55,9.95,0.3999999999999999
Matbench-Gap,Sparse MFGP,55,10.0,0.3999999999999999
Matbench-Gap,Sparse MFGP,55,11.0,0.3999999999999999
Matbench-Gap,Sparse MFGP,55,11.05,0.3999999999999999
Matbench-Gap,Sparse MFGP,55,11.1,0.3999999999999999
Matbench-Gap,Sparse MFGP,55,11.15,0.3999999999999999
Matbench-Gap,Sparse MFGP,55,11.2,0.3999999999999999
Matbench-Gap,Sparse MFGP,55,11.25,0.3999999999999999
Matbench-Gap,Sparse MFGP,55,11.3,0.3999999999999999
Matbench-Gap,Sparse MFGP,55,11.35,0.3999999999999999
Matbench-Gap,Sparse MFGP,55,11.4,0.3999999999999999
Matbench-Gap,Sparse MFGP,55,11.45,0.3999999999999999
Matbench-Gap,Sparse MFGP,55,11.5,0.3999999999999999
Matbench-Gap,Sparse MFGP,55,11.55,0.3999999999999999
Matbench-Gap,Sparse MFGP,55,11.6,0.3999999999999999
Matbench-Gap,Sparse MFGP,55,11.65,0.3999999999999999
Matbench-Gap,Sparse MFGP,55,11.7,0.3999999999999999
Matbench-Gap,Sparse MFGP,55,11.75,0.3999999999999999
Matbench-Gap,Sparse MFGP,55,11.8,0.3999999999999999
Matbench-Gap,Sparse MFGP,55,11.85,0.3999999999999999
Matbench-Gap,Sparse MFGP,55,11.9,0.3999999999999999
Matbench-Gap,Sparse MFGP,55,11.95,0.3999999999999999
Matbench-Gap,Sparse MFGP,55,12.0,0.3999999999999999
Matbench-Gap,Sparse MFGP,55,13.0,0.3999999999999999
Matbench-Gap,Sparse MFGP,55,13.05,0.3999999999999999
Matbench-Gap,Sparse MFGP,55,13.1,0.3999999999999999
Matbench-Gap,Sparse MFGP,55,13.15,0.3999999999999999
Matbench-Gap,Sparse MFGP,55,13.2,0.3999999999999999
Matbench-Gap,Sparse MFGP,55,13.25,0.3999999999999999
Matbench-Gap,Sparse MFGP,55,13.3,0.3999999999999999
Matbench-Gap,Sparse MFGP,55,13.35,0.3999999999999999
Matbench-Gap,Sparse MFGP,55,13.4,0.3999999999999999
Matbench-Gap,Sparse MFGP,55,13.45,0.3999999999999999
Matbench-Gap,Sparse MFGP,55,13.5,0.3999999999999999
Matbench-Gap,Sparse MFGP,55,13.55,0.3999999999999999
Matbench-Gap,Sparse MFGP,55,13.6,0.3999999999999999
Matbench-Gap,Sparse MFGP,55,13.65,0.3999999999999999
Matbench-Gap,Sparse MFGP,55,13.7,0.3999999999999999
Matbench-Gap,Sparse MFGP,55,13.75,0.3999999999999999
Matbench-Gap,Sparse MFGP,55,13.8,0.3999999999999999
Matbench-Gap,Sparse MFGP,55,13.85,0.3999999999999999
Matbench-Gap,Sparse MFGP,55,13.9,0.3999999999999999
Matbench-Gap,Sparse MFGP,55,13.95,0.3999999999999999
Matbench-Gap,Sparse MFGP,55,14.0,0.3999999999999999
Matbench-Gap,Sparse MFGP,55,15.0,0.3999999999999999
Matbench-Gap,Sparse MFGP,55,15.05,0.3999999999999999
Matbench-Gap,Sparse MFGP,55,15.1,0.3999999999999999
Matbench-Gap,Sparse MFGP,55,15.15,0.3999999999999999
Matbench-Gap,Sparse MFGP,55,15.2,0.3999999999999999
Matbench-Gap,Sparse MFGP,55,15.25,0.3999999999999999
Matbench-Gap,Sparse MFGP,55,15.3,0.3999999999999999
Matbench-Gap,Sparse MFGP,55,15.35,0.3999999999999999
Matbench-Gap,Sparse MFGP,55,15.4,0.3999999999999999
Matbench-Gap,Sparse MFGP,55,15.45,0.3999999999999999
Matbench-Gap,Sparse MFGP,55,15.5,0.3999999999999999
Matbench-Gap,Sparse MFGP,55,15.55,0.3999999999999999
Matbench-Gap,Sparse MFGP,55,15.6,0.3999999999999999
Matbench-Gap,Sparse MFGP,55,15.65,0.3999999999999999
Matbench-Gap,Sparse MFGP,55,15.7,0.3999999999999999
Matbench-Gap,Sparse MFGP,55,15.75,0.3999999999999999
Matbench-Gap,Sparse MFGP,55,15.8,0.3999999999999999
Matbench-Gap,Sparse MFGP,55,15.85,0.3999999999999999
Matbench-Gap,Sparse MFGP,55,15.9,0.3999999999999999
Matbench-Gap,Sparse MFGP,55,15.95,0.3999999999999999
Matbench-Gap,Sparse MFGP,55,16.0,0.3999999999999999
Matbench-Gap,Sparse MFGP,55,17.0,0.3999999999999999
Matbench-Gap,Sparse MFGP,55,17.05,0.3999999999999999
Matbench-Gap,Sparse MFGP,55,17.1,0.3999999999999999
Matbench-Gap,Sparse MFGP,55,17.15,0.3999999999999999
Matbench-Gap,Sparse MFGP,55,17.2,0.3999999999999999
Matbench-Gap,Sparse MFGP,55,17.25,0.3999999999999999
Matbench-Gap,Sparse MFGP,55,17.3,0.3999999999999999
Matbench-Gap,Sparse MFGP,55,17.35,0.3999999999999999
Matbench-Gap,Sparse MFGP,55,17.4,0.3999999999999999
Matbench-Gap,Sparse MFGP,55,17.45,0.3999999999999999
Matbench-Gap,Sparse MFGP,55,17.5,0.3999999999999999
Matbench-Gap,Sparse MFGP,55,17.55,0.3999999999999999
Matbench-Gap,Sparse MFGP,55,17.6,0.3999999999999999
Matbench-Gap,Sparse MFGP,55,17.65,0.3999999999999999
Matbench-Gap,Sparse MFGP,55,17.7,0.3999999999999999
Matbench-Gap,Sparse MFGP,55,17.75,0.3999999999999999
Matbench-Gap,Sparse MFGP,55,17.8,0.3999999999999999
Matbench-Gap,Sparse MFGP,55,17.85,0.3999999999999999
Matbench-Gap,Sparse MFGP,55,17.9,0.3999999999999999
Matbench-Gap,Sparse MFGP,55,17.95,0.3999999999999999
Matbench-Gap,Sparse MFGP,55,18.0,0.3999999999999999
Matbench-Gap,Sparse MFGP,55,19.0,0.3999999999999999
Matbench-Gap,Sparse MFGP,55,19.05,0.3999999999999999
Matbench-Gap,Sparse MFGP,55,19.1,0.3999999999999999
Matbench-Gap,Sparse MFGP,55,19.15,0.3999999999999999
Matbench-Gap,Sparse MFGP,55,19.2,0.3999999999999999
Matbench-Gap,Sparse MFGP,55,19.25,0.3999999999999999
Matbench-Gap,Sparse MFGP,55,19.3,0.3999999999999999
Matbench-Gap,Sparse MFGP,55,19.35,0.3999999999999999
Matbench-Gap,Sparse MFGP,55,19.4,0.3999999999999999
Matbench-Gap,Sparse MFGP,55,19.45,0.3999999999999999
Matbench-Gap,Sparse MFGP,55,19.5,0.3999999999999999
Matbench-Gap,Sparse MFGP,55,19.55,0.3999999999999999
Matbench-Gap,Sparse MFGP,55,19.6,0.3999999999999999
Matbench-Gap,Sparse MFGP,55,19.65,0.3999999999999999
Matbench-Gap,Sparse MFGP,55,19.7,0.3999999999999999
Matbench-Gap,Sparse MFGP,55,19.75,0.3999999999999999
Matbench-Gap,Sparse MFGP,55,19.8,0.3999999999999999
Matbench-Gap,Sparse MFGP,55,19.85,0.3999999999999999
Matbench-Gap,Sparse MFGP,55,19.9,0.3999999999999999
Matbench-Gap,Sparse MFGP,55,19.95,0.3999999999999999
Matbench-Gap,Sparse MFGP,56,3.0,1.4
Matbench-Gap,Sparse MFGP,56,3.05,1.4
Matbench-Gap,Sparse MFGP,56,3.1,1.4
Matbench-Gap,Sparse MFGP,56,3.15,1.4
Matbench-Gap,Sparse MFGP,56,3.2,1.4
Matbench-Gap,Sparse MFGP,56,3.25,1.4
Matbench-Gap,Sparse MFGP,56,3.3,1.4
Matbench-Gap,Sparse MFGP,56,3.35,1.4
Matbench-Gap,Sparse MFGP,56,3.4,1.4
Matbench-Gap,Sparse MFGP,56,3.45,1.4
Matbench-Gap,Sparse MFGP,56,3.5,1.4
Matbench-Gap,Sparse MFGP,56,3.55,1.4
Matbench-Gap,Sparse MFGP,56,3.6,1.4
Matbench-Gap,Sparse MFGP,56,3.65,1.4
Matbench-Gap,Sparse MFGP,56,3.7,1.4
Matbench-Gap,Sparse MFGP,56,3.75,1.4
Matbench-Gap,Sparse MFGP,56,3.8,1.4
Matbench-Gap,Sparse MFGP,56,3.85,1.4
Matbench-Gap,Sparse MFGP,56,3.9,1.4
Matbench-Gap,Sparse MFGP,56,3.95,1.4
Matbench-Gap,Sparse MFGP,56,4.0,1.4
Matbench-Gap,Sparse MFGP,56,5.0,0.0
Matbench-Gap,Sparse MFGP,56,5.05,0.0
Matbench-Gap,Sparse MFGP,56,5.1,0.0
Matbench-Gap,Sparse MFGP,56,5.15,0.0
Matbench-Gap,Sparse MFGP,56,5.2,0.0
Matbench-Gap,Sparse MFGP,56,5.25,0.0
Matbench-Gap,Sparse MFGP,56,5.3,0.0
Matbench-Gap,Sparse MFGP,56,5.35,0.0
Matbench-Gap,Sparse MFGP,56,5.4,0.0
Matbench-Gap,Sparse MFGP,56,5.45,0.0
Matbench-Gap,Sparse MFGP,56,5.5,0.0
Matbench-Gap,Sparse MFGP,56,5.55,0.0
Matbench-Gap,Sparse MFGP,56,5.6,0.0
Matbench-Gap,Sparse MFGP,56,5.65,0.0
Matbench-Gap,Sparse MFGP,56,5.7,0.0
Matbench-Gap,Sparse MFGP,56,5.75,0.0
Matbench-Gap,Sparse MFGP,56,5.8,0.0
Matbench-Gap,Sparse MFGP,56,5.85,0.0
Matbench-Gap,Sparse MFGP,56,5.9,0.0
Matbench-Gap,Sparse MFGP,56,5.95,0.0
Matbench-Gap,Sparse MFGP,56,6.0,0.0
Matbench-Gap,Sparse MFGP,56,7.0,0.0
Matbench-Gap,Sparse MFGP,56,7.05,0.0
Matbench-Gap,Sparse MFGP,56,7.1,0.0
Matbench-Gap,Sparse MFGP,56,7.15,0.0
Matbench-Gap,Sparse MFGP,56,7.2,0.0
Matbench-Gap,Sparse MFGP,56,7.25,0.0
Matbench-Gap,Sparse MFGP,56,7.3,0.0
Matbench-Gap,Sparse MFGP,56,7.35,0.0
Matbench-Gap,Sparse MFGP,56,7.4,0.0
Matbench-Gap,Sparse MFGP,56,7.45,0.0
Matbench-Gap,Sparse MFGP,56,7.5,0.0
Matbench-Gap,Sparse MFGP,56,7.55,0.0
Matbench-Gap,Sparse MFGP,56,7.6,0.0
Matbench-Gap,Sparse MFGP,56,7.65,0.0
Matbench-Gap,Sparse MFGP,56,7.7,0.0
Matbench-Gap,Sparse MFGP,56,7.75,0.0
Matbench-Gap,Sparse MFGP,56,7.8,0.0
Matbench-Gap,Sparse MFGP,56,7.85,0.0
Matbench-Gap,Sparse MFGP,56,7.9,0.0
Matbench-Gap,Sparse MFGP,56,7.95,0.0
Matbench-Gap,Sparse MFGP,56,8.0,0.0
Matbench-Gap,Sparse MFGP,56,9.0,0.0
Matbench-Gap,Sparse MFGP,56,9.05,0.0
Matbench-Gap,Sparse MFGP,56,9.1,0.0
Matbench-Gap,Sparse MFGP,56,9.15,0.0
Matbench-Gap,Sparse MFGP,56,9.2,0.0
Matbench-Gap,Sparse MFGP,56,9.25,0.0
Matbench-Gap,Sparse MFGP,56,9.3,0.0
Matbench-Gap,Sparse MFGP,56,9.35,0.0
Matbench-Gap,Sparse MFGP,56,9.4,0.0
Matbench-Gap,Sparse MFGP,56,9.45,0.0
Matbench-Gap,Sparse MFGP,56,9.5,0.0
Matbench-Gap,Sparse MFGP,56,9.55,0.0
Matbench-Gap,Sparse MFGP,56,9.6,0.0
Matbench-Gap,Sparse MFGP,56,9.65,0.0
Matbench-Gap,Sparse MFGP,56,9.7,0.0
Matbench-Gap,Sparse MFGP,56,9.75,0.0
Matbench-Gap,Sparse MFGP,56,9.8,0.0
Matbench-Gap,Sparse MFGP,56,9.85,0.0
Matbench-Gap,Sparse MFGP,56,9.9,0.0
Matbench-Gap,Sparse MFGP,56,9.95,0.0
Matbench-Gap,Sparse MFGP,56,10.0,0.0
Matbench-Gap,Sparse MFGP,56,11.0,0.0
Matbench-Gap,Sparse MFGP,56,11.05,0.0
Matbench-Gap,Sparse MFGP,56,11.1,0.0
Matbench-Gap,Sparse MFGP,56,11.15,0.0
Matbench-Gap,Sparse MFGP,56,11.2,0.0
Matbench-Gap,Sparse MFGP,56,11.25,0.0
Matbench-Gap,Sparse MFGP,56,11.3,0.0
Matbench-Gap,Sparse MFGP,56,11.35,0.0
Matbench-Gap,Sparse MFGP,56,11.4,0.0
Matbench-Gap,Sparse MFGP,56,11.45,0.0
Matbench-Gap,Sparse MFGP,56,11.5,0.0
Matbench-Gap,Sparse MFGP,56,11.55,0.0
Matbench-Gap,Sparse MFGP,56,11.6,0.0
Matbench-Gap,Sparse MFGP,56,11.65,0.0
Matbench-Gap,Sparse MFGP,56,11.7,0.0
Matbench-Gap,Sparse MFGP,56,11.75,0.0
Matbench-Gap,Sparse MFGP,56,11.8,0.0
Matbench-Gap,Sparse MFGP,56,11.85,0.0
Matbench-Gap,Sparse MFGP,56,11.9,0.0
Matbench-Gap,Sparse MFGP,56,11.95,0.0
Matbench-Gap,Sparse MFGP,56,12.0,0.0
Matbench-Gap,Sparse MFGP,56,13.0,0.0
Matbench-Gap,Sparse MFGP,56,13.05,0.0
Matbench-Gap,Sparse MFGP,56,13.1,0.0
Matbench-Gap,Sparse MFGP,56,13.15,0.0
Matbench-Gap,Sparse MFGP,56,13.2,0.0
Matbench-Gap,Sparse MFGP,56,13.25,0.0
Matbench-Gap,Sparse MFGP,56,13.3,0.0
Matbench-Gap,Sparse MFGP,56,13.35,0.0
Matbench-Gap,Sparse MFGP,56,13.4,0.0
Matbench-Gap,Sparse MFGP,56,13.45,0.0
Matbench-Gap,Sparse MFGP,56,13.5,0.0
Matbench-Gap,Sparse MFGP,56,13.55,0.0
Matbench-Gap,Sparse MFGP,56,13.6,0.0
Matbench-Gap,Sparse MFGP,56,13.65,0.0
Matbench-Gap,Sparse MFGP,56,13.7,0.0
Matbench-Gap,Sparse MFGP,56,13.75,0.0
Matbench-Gap,Sparse MFGP,56,13.8,0.0
Matbench-Gap,Sparse MFGP,56,13.85,0.0
Matbench-Gap,Sparse MFGP,56,13.9,0.0
Matbench-Gap,Sparse MFGP,56,13.95,0.0
Matbench-Gap,Sparse MFGP,56,14.0,0.0
Matbench-Gap,Sparse MFGP,56,15.0,0.0
Matbench-Gap,Sparse MFGP,56,15.05,0.0
Matbench-Gap,Sparse MFGP,56,15.1,0.0
Matbench-Gap,Sparse MFGP,56,15.15,0.0
Matbench-Gap,Sparse MFGP,56,15.2,0.0
Matbench-Gap,Sparse MFGP,56,15.25,0.0
Matbench-Gap,Sparse MFGP,56,15.3,0.0
Matbench-Gap,Sparse MFGP,56,15.35,0.0
Matbench-Gap,Sparse MFGP,56,15.4,0.0
Matbench-Gap,Sparse MFGP,56,15.45,0.0
Matbench-Gap,Sparse MFGP,56,15.5,0.0
Matbench-Gap,Sparse MFGP,56,15.55,0.0
Matbench-Gap,Sparse MFGP,56,15.6,0.0
Matbench-Gap,Sparse MFGP,56,15.65,0.0
Matbench-Gap,Sparse MFGP,56,15.7,0.0
Matbench-Gap,Sparse MFGP,56,15.75,0.0
Matbench-Gap,Sparse MFGP,56,15.8,0.0
Matbench-Gap,Sparse MFGP,56,15.85,0.0
Matbench-Gap,Sparse MFGP,56,15.9,0.0
Matbench-Gap,Sparse MFGP,56,15.95,0.0
Matbench-Gap,Sparse MFGP,56,16.0,0.0
Matbench-Gap,Sparse MFGP,56,17.0,0.0
Matbench-Gap,Sparse MFGP,56,17.05,0.0
Matbench-Gap,Sparse MFGP,56,17.1,0.0
Matbench-Gap,Sparse MFGP,56,17.15,0.0
Matbench-Gap,Sparse MFGP,56,17.2,0.0
Matbench-Gap,Sparse MFGP,56,17.25,0.0
Matbench-Gap,Sparse MFGP,56,17.3,0.0
Matbench-Gap,Sparse MFGP,56,17.35,0.0
Matbench-Gap,Sparse MFGP,56,17.4,0.0
Matbench-Gap,Sparse MFGP,56,17.45,0.0
Matbench-Gap,Sparse MFGP,56,17.5,0.0
Matbench-Gap,Sparse MFGP,56,17.55,0.0
Matbench-Gap,Sparse MFGP,56,17.6,0.0
Matbench-Gap,Sparse MFGP,56,17.65,0.0
Matbench-Gap,Sparse MFGP,56,17.7,0.0
Matbench-Gap,Sparse MFGP,56,17.75,0.0
Matbench-Gap,Sparse MFGP,56,17.8,0.0
Matbench-Gap,Sparse MFGP,56,17.85,0.0
Matbench-Gap,Sparse MFGP,56,17.9,0.0
Matbench-Gap,Sparse MFGP,56,17.95,0.0
Matbench-Gap,Sparse MFGP,56,18.0,0.0
Matbench-Gap,Sparse MFGP,56,19.0,0.0
Matbench-Gap,Sparse MFGP,56,19.05,0.0
Matbench-Gap,Sparse MFGP,56,19.1,0.0
Matbench-Gap,Sparse MFGP,56,19.15,0.0
Matbench-Gap,Sparse MFGP,56,19.2,0.0
Matbench-Gap,Sparse MFGP,56,19.25,0.0
Matbench-Gap,Sparse MFGP,56,19.3,0.0
Matbench-Gap,Sparse MFGP,56,19.35,0.0
Matbench-Gap,Sparse MFGP,56,19.4,0.0
Matbench-Gap,Sparse MFGP,56,19.45,0.0
Matbench-Gap,Sparse MFGP,56,19.5,0.0
Matbench-Gap,Sparse MFGP,56,19.55,0.0
Matbench-Gap,Sparse MFGP,56,19.6,0.0
Matbench-Gap,Sparse MFGP,56,19.65,0.0
Matbench-Gap,Sparse MFGP,56,19.7,0.0
Matbench-Gap,Sparse MFGP,56,19.75,0.0
Matbench-Gap,Sparse MFGP,56,19.8,0.0
Matbench-Gap,Sparse MFGP,56,19.85,0.0
Matbench-Gap,Sparse MFGP,56,19.9,0.0
Matbench-Gap,Sparse MFGP,56,19.95,0.0
Matbench-Gap,Sparse MFGP,57,3.0,1.4
Matbench-Gap,Sparse MFGP,57,3.05,1.4
Matbench-Gap,Sparse MFGP,57,3.1,1.4
Matbench-Gap,Sparse MFGP,57,3.15,1.4
Matbench-Gap,Sparse MFGP,57,3.2,1.4
Matbench-Gap,Sparse MFGP,57,3.25,1.4
Matbench-Gap,Sparse MFGP,57,3.3,1.4
Matbench-Gap,Sparse MFGP,57,3.35,1.4
Matbench-Gap,Sparse MFGP,57,3.4,1.4
Matbench-Gap,Sparse MFGP,57,3.45,1.4
Matbench-Gap,Sparse MFGP,57,3.5,1.4
Matbench-Gap,Sparse MFGP,57,3.55,1.4
Matbench-Gap,Sparse MFGP,57,3.6,1.4
Matbench-Gap,Sparse MFGP,57,3.65,1.4
Matbench-Gap,Sparse MFGP,57,3.7,1.4
Matbench-Gap,Sparse MFGP,57,3.75,1.4
Matbench-Gap,Sparse MFGP,57,3.8,1.4
Matbench-Gap,Sparse MFGP,57,3.85,1.4
Matbench-Gap,Sparse MFGP,57,3.9,1.4
Matbench-Gap,Sparse MFGP,57,3.95,1.4
Matbench-Gap,Sparse MFGP,57,4.0,1.4
Matbench-Gap,Sparse MFGP,57,5.0,1.15
Matbench-Gap,Sparse MFGP,57,5.05,1.15
Matbench-Gap,Sparse MFGP,57,5.1,1.15
Matbench-Gap,Sparse MFGP,57,5.15,1.15
Matbench-Gap,Sparse MFGP,57,5.2,1.15
Matbench-Gap,Sparse MFGP,57,5.25,1.15
Matbench-Gap,Sparse MFGP,57,5.3,1.15
Matbench-Gap,Sparse MFGP,57,5.35,1.15
Matbench-Gap,Sparse MFGP,57,5.4,1.15
Matbench-Gap,Sparse MFGP,57,5.45,1.15
Matbench-Gap,Sparse MFGP,57,5.5,1.15
Matbench-Gap,Sparse MFGP,57,5.55,1.15
Matbench-Gap,Sparse MFGP,57,5.6,1.15
Matbench-Gap,Sparse MFGP,57,5.65,1.15
Matbench-Gap,Sparse MFGP,57,5.7,1.15
Matbench-Gap,Sparse MFGP,57,5.75,1.15
Matbench-Gap,Sparse MFGP,57,5.8,1.15
Matbench-Gap,Sparse MFGP,57,5.85,1.15
Matbench-Gap,Sparse MFGP,57,5.9,1.15
Matbench-Gap,Sparse MFGP,57,5.95,1.15
Matbench-Gap,Sparse MFGP,57,6.0,1.15
Matbench-Gap,Sparse MFGP,57,7.0,1.15
Matbench-Gap,Sparse MFGP,57,7.05,1.15
Matbench-Gap,Sparse MFGP,57,7.1,1.15
Matbench-Gap,Sparse MFGP,57,7.15,1.15
Matbench-Gap,Sparse MFGP,57,7.2,1.15
Matbench-Gap,Sparse MFGP,57,7.25,1.15
Matbench-Gap,Sparse MFGP,57,7.3,1.15
Matbench-Gap,Sparse MFGP,57,7.35,1.15
Matbench-Gap,Sparse MFGP,57,7.4,1.15
Matbench-Gap,Sparse MFGP,57,7.45,1.15
Matbench-Gap,Sparse MFGP,57,7.5,1.15
Matbench-Gap,Sparse MFGP,57,7.55,1.15
Matbench-Gap,Sparse MFGP,57,7.6,1.15
Matbench-Gap,Sparse MFGP,57,7.65,1.15
Matbench-Gap,Sparse MFGP,57,7.7,1.15
Matbench-Gap,Sparse MFGP,57,7.75,1.15
Matbench-Gap,Sparse MFGP,57,7.8,1.15
Matbench-Gap,Sparse MFGP,57,7.85,1.15
Matbench-Gap,Sparse MFGP,57,7.9,1.15
Matbench-Gap,Sparse MFGP,57,7.95,1.15
Matbench-Gap,Sparse MFGP,57,8.0,1.15
Matbench-Gap,Sparse MFGP,57,9.0,1.15
Matbench-Gap,Sparse MFGP,57,9.05,1.15
Matbench-Gap,Sparse MFGP,57,9.1,1.15
Matbench-Gap,Sparse MFGP,57,9.15,1.15
Matbench-Gap,Sparse MFGP,57,9.2,1.15
Matbench-Gap,Sparse MFGP,57,9.25,1.15
Matbench-Gap,Sparse MFGP,57,9.3,1.15
Matbench-Gap,Sparse MFGP,57,9.35,1.15
Matbench-Gap,Sparse MFGP,57,9.4,1.15
Matbench-Gap,Sparse MFGP,57,9.45,1.15
Matbench-Gap,Sparse MFGP,57,9.5,1.15
Matbench-Gap,Sparse MFGP,57,9.55,1.15
Matbench-Gap,Sparse MFGP,57,9.6,1.15
Matbench-Gap,Sparse MFGP,57,9.65,1.15
Matbench-Gap,Sparse MFGP,57,9.7,1.15
Matbench-Gap,Sparse MFGP,57,9.75,1.15
Matbench-Gap,Sparse MFGP,57,9.8,1.15
Matbench-Gap,Sparse MFGP,57,9.85,1.15
Matbench-Gap,Sparse MFGP,57,9.9,1.15
Matbench-Gap,Sparse MFGP,57,9.95,1.15
Matbench-Gap,Sparse MFGP,57,10.0,1.15
Matbench-Gap,Sparse MFGP,57,11.0,0.6499999999999999
Matbench-Gap,Sparse MFGP,57,11.05,0.6499999999999999
Matbench-Gap,Sparse MFGP,57,11.1,0.6499999999999999
Matbench-Gap,Sparse MFGP,57,11.15,0.6499999999999999
Matbench-Gap,Sparse MFGP,57,11.2,0.6499999999999999
Matbench-Gap,Sparse MFGP,57,11.25,0.6499999999999999
Matbench-Gap,Sparse MFGP,57,11.3,0.6499999999999999
Matbench-Gap,Sparse MFGP,57,11.35,0.6499999999999999
Matbench-Gap,Sparse MFGP,57,11.4,0.6499999999999999
Matbench-Gap,Sparse MFGP,57,11.45,0.6499999999999999
Matbench-Gap,Sparse MFGP,57,11.5,0.6499999999999999
Matbench-Gap,Sparse MFGP,57,11.55,0.6499999999999999
Matbench-Gap,Sparse MFGP,57,11.6,0.6499999999999999
Matbench-Gap,Sparse MFGP,57,11.65,0.6499999999999999
Matbench-Gap,Sparse MFGP,57,11.7,0.6499999999999999
Matbench-Gap,Sparse MFGP,57,11.75,0.6499999999999999
Matbench-Gap,Sparse MFGP,57,11.8,0.6499999999999999
Matbench-Gap,Sparse MFGP,57,11.85,0.6499999999999999
Matbench-Gap,Sparse MFGP,57,11.9,0.6499999999999999
Matbench-Gap,Sparse MFGP,57,11.95,0.6499999999999999
Matbench-Gap,Sparse MFGP,57,12.0,0.6499999999999999
Matbench-Gap,Sparse MFGP,57,13.0,0.6499999999999999
Matbench-Gap,Sparse MFGP,57,13.05,0.6499999999999999
Matbench-Gap,Sparse MFGP,57,13.1,0.6499999999999999
Matbench-Gap,Sparse MFGP,57,13.15,0.6499999999999999
Matbench-Gap,Sparse MFGP,57,13.2,0.6499999999999999
Matbench-Gap,Sparse MFGP,57,13.25,0.6499999999999999
Matbench-Gap,Sparse MFGP,57,13.3,0.6499999999999999
Matbench-Gap,Sparse MFGP,57,13.35,0.6499999999999999
Matbench-Gap,Sparse MFGP,57,13.4,0.6499999999999999
Matbench-Gap,Sparse MFGP,57,13.45,0.6499999999999999
Matbench-Gap,Sparse MFGP,57,13.5,0.6499999999999999
Matbench-Gap,Sparse MFGP,57,13.55,0.6499999999999999
Matbench-Gap,Sparse MFGP,57,13.6,0.6499999999999999
Matbench-Gap,Sparse MFGP,57,13.65,0.6499999999999999
Matbench-Gap,Sparse MFGP,57,13.7,0.6499999999999999
Matbench-Gap,Sparse MFGP,57,13.75,0.6499999999999999
Matbench-Gap,Sparse MFGP,57,13.8,0.6499999999999999
Matbench-Gap,Sparse MFGP,57,13.85,0.6499999999999999
Matbench-Gap,Sparse MFGP,57,13.9,0.6499999999999999
Matbench-Gap,Sparse MFGP,57,13.95,0.6499999999999999
Matbench-Gap,Sparse MFGP,57,14.0,0.6499999999999999
Matbench-Gap,Sparse MFGP,57,15.0,0.6499999999999999
Matbench-Gap,Sparse MFGP,57,15.05,0.6499999999999999
Matbench-Gap,Sparse MFGP,57,15.1,0.6499999999999999
Matbench-Gap,Sparse MFGP,57,15.15,0.6499999999999999
Matbench-Gap,Sparse MFGP,57,15.2,0.6499999999999999
Matbench-Gap,Sparse MFGP,57,15.25,0.6499999999999999
Matbench-Gap,Sparse MFGP,57,15.3,0.6499999999999999
Matbench-Gap,Sparse MFGP,57,15.35,0.6499999999999999
Matbench-Gap,Sparse MFGP,57,15.4,0.6499999999999999
Matbench-Gap,Sparse MFGP,57,15.45,0.6499999999999999
Matbench-Gap,Sparse MFGP,57,15.5,0.6499999999999999
Matbench-Gap,Sparse MFGP,57,15.55,0.6499999999999999
Matbench-Gap,Sparse MFGP,57,15.6,0.6499999999999999
Matbench-Gap,Sparse MFGP,57,15.65,0.6499999999999999
Matbench-Gap,Sparse MFGP,57,15.7,0.6499999999999999
Matbench-Gap,Sparse MFGP,57,15.75,0.6499999999999999
Matbench-Gap,Sparse MFGP,57,15.8,0.6499999999999999
Matbench-Gap,Sparse MFGP,57,15.85,0.6499999999999999
Matbench-Gap,Sparse MFGP,57,15.9,0.6499999999999999
Matbench-Gap,Sparse MFGP,57,15.95,0.6499999999999999
Matbench-Gap,Sparse MFGP,57,16.0,0.6499999999999999
Matbench-Gap,Sparse MFGP,57,17.0,0.6499999999999999
Matbench-Gap,Sparse MFGP,57,17.05,0.6499999999999999
Matbench-Gap,Sparse MFGP,57,17.1,0.6499999999999999
Matbench-Gap,Sparse MFGP,57,17.15,0.6499999999999999
Matbench-Gap,Sparse MFGP,57,17.2,0.6499999999999999
Matbench-Gap,Sparse MFGP,57,17.25,0.6499999999999999
Matbench-Gap,Sparse MFGP,57,17.3,0.6499999999999999
Matbench-Gap,Sparse MFGP,57,17.35,0.6499999999999999
Matbench-Gap,Sparse MFGP,57,17.4,0.6499999999999999
Matbench-Gap,Sparse MFGP,57,17.45,0.6499999999999999
Matbench-Gap,Sparse MFGP,57,17.5,0.6499999999999999
Matbench-Gap,Sparse MFGP,57,17.55,0.6499999999999999
Matbench-Gap,Sparse MFGP,57,17.6,0.6499999999999999
Matbench-Gap,Sparse MFGP,57,17.65,0.6499999999999999
Matbench-Gap,Sparse MFGP,57,17.7,0.6499999999999999
Matbench-Gap,Sparse MFGP,57,17.75,0.6499999999999999
Matbench-Gap,Sparse MFGP,57,17.8,0.6499999999999999
Matbench-Gap,Sparse MFGP,57,17.85,0.6499999999999999
Matbench-Gap,Sparse MFGP,57,17.9,0.6499999999999999
Matbench-Gap,Sparse MFGP,57,17.95,0.6499999999999999
Matbench-Gap,Sparse MFGP,57,18.0,0.6499999999999999
Matbench-Gap,Sparse MFGP,57,19.0,0.6499999999999999
Matbench-Gap,Sparse MFGP,57,19.05,0.6499999999999999
Matbench-Gap,Sparse MFGP,57,19.1,0.6499999999999999
Matbench-Gap,Sparse MFGP,57,19.15,0.6499999999999999
Matbench-Gap,Sparse MFGP,57,19.2,0.6499999999999999
Matbench-Gap,Sparse MFGP,57,19.25,0.6499999999999999
Matbench-Gap,Sparse MFGP,57,19.3,0.6499999999999999
Matbench-Gap,Sparse MFGP,57,19.35,0.6499999999999999
Matbench-Gap,Sparse MFGP,57,19.4,0.6499999999999999
Matbench-Gap,Sparse MFGP,57,19.45,0.6499999999999999
Matbench-Gap,Sparse MFGP,57,19.5,0.6499999999999999
Matbench-Gap,Sparse MFGP,57,19.55,0.6499999999999999
Matbench-Gap,Sparse MFGP,57,19.6,0.6499999999999999
Matbench-Gap,Sparse MFGP,57,19.65,0.6499999999999999
Matbench-Gap,Sparse MFGP,57,19.7,0.6499999999999999
Matbench-Gap,Sparse MFGP,57,19.75,0.6499999999999999
Matbench-Gap,Sparse MFGP,57,19.8,0.6499999999999999
Matbench-Gap,Sparse MFGP,57,19.85,0.6499999999999999
Matbench-Gap,Sparse MFGP,57,19.9,0.6499999999999999
Matbench-Gap,Sparse MFGP,57,19.95,0.6499999999999999
Matbench-Gap,Sparse MFGP,58,3.0,1.4
Matbench-Gap,Sparse MFGP,58,3.05,1.4
Matbench-Gap,Sparse MFGP,58,3.1,1.4
Matbench-Gap,Sparse MFGP,58,3.15,1.4
Matbench-Gap,Sparse MFGP,58,3.2,1.4
Matbench-Gap,Sparse MFGP,58,3.25,1.4
Matbench-Gap,Sparse MFGP,58,3.3,1.4
Matbench-Gap,Sparse MFGP,58,3.35,1.4
Matbench-Gap,Sparse MFGP,58,3.4,1.4
Matbench-Gap,Sparse MFGP,58,3.45,1.4
Matbench-Gap,Sparse MFGP,58,3.5,1.4
Matbench-Gap,Sparse MFGP,58,3.55,1.4
Matbench-Gap,Sparse MFGP,58,3.6,1.4
Matbench-Gap,Sparse MFGP,58,3.65,1.4
Matbench-Gap,Sparse MFGP,58,3.7,1.4
Matbench-Gap,Sparse MFGP,58,3.75,1.4
Matbench-Gap,Sparse MFGP,58,3.8,1.4
Matbench-Gap,Sparse MFGP,58,3.85,1.4
Matbench-Gap,Sparse MFGP,58,3.9,1.4
Matbench-Gap,Sparse MFGP,58,3.95,1.4
Matbench-Gap,Sparse MFGP,58,4.0,1.4
Matbench-Gap,Sparse MFGP,58,5.0,0.94
Matbench-Gap,Sparse MFGP,58,5.05,0.94
Matbench-Gap,Sparse MFGP,58,5.1,0.94
Matbench-Gap,Sparse MFGP,58,5.15,0.94
Matbench-Gap,Sparse MFGP,58,5.2,0.94
Matbench-Gap,Sparse MFGP,58,5.25,0.94
Matbench-Gap,Sparse MFGP,58,5.3,0.94
Matbench-Gap,Sparse MFGP,58,5.35,0.94
Matbench-Gap,Sparse MFGP,58,5.4,0.94
Matbench-Gap,Sparse MFGP,58,5.45,0.94
Matbench-Gap,Sparse MFGP,58,5.5,0.94
Matbench-Gap,Sparse MFGP,58,5.55,0.94
Matbench-Gap,Sparse MFGP,58,5.6,0.94
Matbench-Gap,Sparse MFGP,58,5.65,0.94
Matbench-Gap,Sparse MFGP,58,5.7,0.94
Matbench-Gap,Sparse MFGP,58,5.75,0.94
Matbench-Gap,Sparse MFGP,58,5.8,0.94
Matbench-Gap,Sparse MFGP,58,5.85,0.94
Matbench-Gap,Sparse MFGP,58,5.9,0.94
Matbench-Gap,Sparse MFGP,58,5.95,0.94
Matbench-Gap,Sparse MFGP,58,6.0,0.94
Matbench-Gap,Sparse MFGP,58,7.0,0.94
Matbench-Gap,Sparse MFGP,58,7.05,0.94
Matbench-Gap,Sparse MFGP,58,7.1,0.94
Matbench-Gap,Sparse MFGP,58,7.15,0.94
Matbench-Gap,Sparse MFGP,58,7.2,0.94
Matbench-Gap,Sparse MFGP,58,7.25,0.94
Matbench-Gap,Sparse MFGP,58,7.3,0.94
Matbench-Gap,Sparse MFGP,58,7.35,0.94
Matbench-Gap,Sparse MFGP,58,7.4,0.94
Matbench-Gap,Sparse MFGP,58,7.45,0.94
Matbench-Gap,Sparse MFGP,58,7.5,0.94
Matbench-Gap,Sparse MFGP,58,7.55,0.94
Matbench-Gap,Sparse MFGP,58,7.6,0.94
Matbench-Gap,Sparse MFGP,58,7.65,0.94
Matbench-Gap,Sparse MFGP,58,7.7,0.94
Matbench-Gap,Sparse MFGP,58,7.75,0.94
Matbench-Gap,Sparse MFGP,58,7.8,0.94
Matbench-Gap,Sparse MFGP,58,7.85,0.94
Matbench-Gap,Sparse MFGP,58,7.9,0.94
Matbench-Gap,Sparse MFGP,58,7.95,0.94
Matbench-Gap,Sparse MFGP,58,8.0,0.94
Matbench-Gap,Sparse MFGP,58,9.0,0.94
Matbench-Gap,Sparse MFGP,58,9.05,0.94
Matbench-Gap,Sparse MFGP,58,9.1,0.94
Matbench-Gap,Sparse MFGP,58,9.15,0.94
Matbench-Gap,Sparse MFGP,58,9.2,0.94
Matbench-Gap,Sparse MFGP,58,9.25,0.94
Matbench-Gap,Sparse MFGP,58,9.3,0.94
Matbench-Gap,Sparse MFGP,58,9.35,0.94
Matbench-Gap,Sparse MFGP,58,9.4,0.94
Matbench-Gap,Sparse MFGP,58,9.45,0.94
Matbench-Gap,Sparse MFGP,58,9.5,0.94
Matbench-Gap,Sparse MFGP,58,9.55,0.94
Matbench-Gap,Sparse MFGP,58,9.6,0.94
Matbench-Gap,Sparse MFGP,58,9.65,0.94
Matbench-Gap,Sparse MFGP,58,9.7,0.94
Matbench-Gap,Sparse MFGP,58,9.75,0.94
Matbench-Gap,Sparse MFGP,58,9.8,0.94
Matbench-Gap,Sparse MFGP,58,9.85,0.94
Matbench-Gap,Sparse MFGP,58,9.9,0.94
Matbench-Gap,Sparse MFGP,58,9.95,0.94
Matbench-Gap,Sparse MFGP,58,10.0,0.94
Matbench-Gap,Sparse MFGP,58,11.0,0.94
Matbench-Gap,Sparse MFGP,58,11.05,0.94
Matbench-Gap,Sparse MFGP,58,11.1,0.94
Matbench-Gap,Sparse MFGP,58,11.15,0.94
Matbench-Gap,Sparse MFGP,58,11.2,0.94
Matbench-Gap,Sparse MFGP,58,11.25,0.94
Matbench-Gap,Sparse MFGP,58,11.3,0.94
Matbench-Gap,Sparse MFGP,58,11.35,0.94
Matbench-Gap,Sparse MFGP,58,11.4,0.94
Matbench-Gap,Sparse MFGP,58,11.45,0.94
Matbench-Gap,Sparse MFGP,58,11.5,0.94
Matbench-Gap,Sparse MFGP,58,11.55,0.94
Matbench-Gap,Sparse MFGP,58,11.6,0.94
Matbench-Gap,Sparse MFGP,58,11.65,0.94
Matbench-Gap,Sparse MFGP,58,11.7,0.94
Matbench-Gap,Sparse MFGP,58,11.75,0.94
Matbench-Gap,Sparse MFGP,58,11.8,0.94
Matbench-Gap,Sparse MFGP,58,11.85,0.94
Matbench-Gap,Sparse MFGP,58,11.9,0.94
Matbench-Gap,Sparse MFGP,58,11.95,0.94
Matbench-Gap,Sparse MFGP,58,12.0,0.94
Matbench-Gap,Sparse MFGP,58,13.0,0.2299999999999999
Matbench-Gap,Sparse MFGP,58,13.05,0.2299999999999999
Matbench-Gap,Sparse MFGP,58,13.1,0.2299999999999999
Matbench-Gap,Sparse MFGP,58,13.15,0.2299999999999999
Matbench-Gap,Sparse MFGP,58,13.2,0.2299999999999999
Matbench-Gap,Sparse MFGP,58,13.25,0.2299999999999999
Matbench-Gap,Sparse MFGP,58,13.3,0.2299999999999999
Matbench-Gap,Sparse MFGP,58,13.35,0.2299999999999999
Matbench-Gap,Sparse MFGP,58,13.4,0.2299999999999999
Matbench-Gap,Sparse MFGP,58,13.45,0.2299999999999999
Matbench-Gap,Sparse MFGP,58,13.5,0.2299999999999999
Matbench-Gap,Sparse MFGP,58,13.55,0.2299999999999999
Matbench-Gap,Sparse MFGP,58,13.6,0.2299999999999999
Matbench-Gap,Sparse MFGP,58,13.65,0.2299999999999999
Matbench-Gap,Sparse MFGP,58,13.7,0.2299999999999999
Matbench-Gap,Sparse MFGP,58,13.75,0.2299999999999999
Matbench-Gap,Sparse MFGP,58,13.8,0.2299999999999999
Matbench-Gap,Sparse MFGP,58,13.85,0.2299999999999999
Matbench-Gap,Sparse MFGP,58,13.9,0.2299999999999999
Matbench-Gap,Sparse MFGP,58,13.95,0.2299999999999999
Matbench-Gap,Sparse MFGP,58,14.0,0.2299999999999999
Matbench-Gap,Sparse MFGP,58,15.0,0.2299999999999999
Matbench-Gap,Sparse MFGP,58,15.05,0.2299999999999999
Matbench-Gap,Sparse MFGP,58,15.1,0.2299999999999999
Matbench-Gap,Sparse MFGP,58,15.15,0.2299999999999999
Matbench-Gap,Sparse MFGP,58,15.2,0.2299999999999999
Matbench-Gap,Sparse MFGP,58,15.25,0.2299999999999999
Matbench-Gap,Sparse MFGP,58,15.3,0.2299999999999999
Matbench-Gap,Sparse MFGP,58,15.35,0.2299999999999999
Matbench-Gap,Sparse MFGP,58,15.4,0.2299999999999999
Matbench-Gap,Sparse MFGP,58,15.45,0.2299999999999999
Matbench-Gap,Sparse MFGP,58,15.5,0.2299999999999999
Matbench-Gap,Sparse MFGP,58,15.55,0.2299999999999999
Matbench-Gap,Sparse MFGP,58,15.6,0.2299999999999999
Matbench-Gap,Sparse MFGP,58,15.65,0.2299999999999999
Matbench-Gap,Sparse MFGP,58,15.7,0.2299999999999999
Matbench-Gap,Sparse MFGP,58,15.75,0.2299999999999999
Matbench-Gap,Sparse MFGP,58,15.8,0.2299999999999999
Matbench-Gap,Sparse MFGP,58,15.85,0.2299999999999999
Matbench-Gap,Sparse MFGP,58,15.9,0.2299999999999999
Matbench-Gap,Sparse MFGP,58,15.95,0.2299999999999999
Matbench-Gap,Sparse MFGP,58,16.0,0.2299999999999999
Matbench-Gap,Sparse MFGP,58,17.0,0.2299999999999999
Matbench-Gap,Sparse MFGP,58,17.05,0.2299999999999999
Matbench-Gap,Sparse MFGP,58,17.1,0.2299999999999999
Matbench-Gap,Sparse MFGP,58,17.15,0.2299999999999999
Matbench-Gap,Sparse MFGP,58,17.2,0.2299999999999999
Matbench-Gap,Sparse MFGP,58,17.25,0.2299999999999999
Matbench-Gap,Sparse MFGP,58,17.3,0.2299999999999999
Matbench-Gap,Sparse MFGP,58,17.35,0.2299999999999999
Matbench-Gap,Sparse MFGP,58,17.4,0.2299999999999999
Matbench-Gap,Sparse MFGP,58,17.45,0.2299999999999999
Matbench-Gap,Sparse MFGP,58,17.5,0.2299999999999999
Matbench-Gap,Sparse MFGP,58,17.55,0.2299999999999999
Matbench-Gap,Sparse MFGP,58,17.6,0.2299999999999999
Matbench-Gap,Sparse MFGP,58,17.65,0.2299999999999999
Matbench-Gap,Sparse MFGP,58,17.7,0.2299999999999999
Matbench-Gap,Sparse MFGP,58,17.75,0.2299999999999999
Matbench-Gap,Sparse MFGP,58,17.8,0.2299999999999999
Matbench-Gap,Sparse MFGP,58,17.85,0.2299999999999999
Matbench-Gap,Sparse MFGP,58,17.9,0.2299999999999999
Matbench-Gap,Sparse MFGP,58,17.95,0.2299999999999999
Matbench-Gap,Sparse MFGP,58,18.0,0.2299999999999999
Matbench-Gap,Sparse MFGP,58,19.0,0.2299999999999999
Matbench-Gap,Sparse MFGP,58,19.05,0.2299999999999999
Matbench-Gap,Sparse MFGP,58,19.1,0.2299999999999999
Matbench-Gap,Sparse MFGP,58,19.15,0.2299999999999999
Matbench-Gap,Sparse MFGP,58,19.2,0.2299999999999999
Matbench-Gap,Sparse MFGP,58,19.25,0.2299999999999999
Matbench-Gap,Sparse MFGP,58,19.3,0.2299999999999999
Matbench-Gap,Sparse MFGP,58,19.35,0.2299999999999999
Matbench-Gap,Sparse MFGP,58,19.4,0.2299999999999999
Matbench-Gap,Sparse MFGP,58,19.45,0.2299999999999999
Matbench-Gap,Sparse MFGP,58,19.5,0.2299999999999999
Matbench-Gap,Sparse MFGP,58,19.55,0.2299999999999999
Matbench-Gap,Sparse MFGP,58,19.6,0.2299999999999999
Matbench-Gap,Sparse MFGP,58,19.65,0.2299999999999999
Matbench-Gap,Sparse MFGP,58,19.7,0.2299999999999999
Matbench-Gap,Sparse MFGP,58,19.75,0.2299999999999999
Matbench-Gap,Sparse MFGP,58,19.8,0.2299999999999999
Matbench-Gap,Sparse MFGP,58,19.85,0.2299999999999999
Matbench-Gap,Sparse MFGP,58,19.9,0.2299999999999999
Matbench-Gap,Sparse MFGP,58,19.95,0.2299999999999999
Matbench-Gap,Sparse MFGP,59,3.0,1.4
Matbench-Gap,Sparse MFGP,59,3.05,1.4
Matbench-Gap,Sparse MFGP,59,3.1,1.4
Matbench-Gap,Sparse MFGP,59,3.15,1.4
Matbench-Gap,Sparse MFGP,59,3.2,1.4
Matbench-Gap,Sparse MFGP,59,3.25,1.4
Matbench-Gap,Sparse MFGP,59,3.3,1.4
Matbench-Gap,Sparse MFGP,59,3.35,1.4
Matbench-Gap,Sparse MFGP,59,3.4,1.4
Matbench-Gap,Sparse MFGP,59,3.45,1.4
Matbench-Gap,Sparse MFGP,59,3.5,1.4
Matbench-Gap,Sparse MFGP,59,3.55,1.4
Matbench-Gap,Sparse MFGP,59,3.6,1.4
Matbench-Gap,Sparse MFGP,59,3.65,1.4
Matbench-Gap,Sparse MFGP,59,3.7,1.4
Matbench-Gap,Sparse MFGP,59,3.75,1.4
Matbench-Gap,Sparse MFGP,59,3.8,1.4
Matbench-Gap,Sparse MFGP,59,3.85,1.4
Matbench-Gap,Sparse MFGP,59,3.9,1.4
Matbench-Gap,Sparse MFGP,59,3.95,1.4
Matbench-Gap,Sparse MFGP,59,4.0,1.4
Matbench-Gap,Sparse MFGP,59,5.0,1.4
Matbench-Gap,Sparse MFGP,59,5.05,1.4
Matbench-Gap,Sparse MFGP,59,5.1,1.4
Matbench-Gap,Sparse MFGP,59,5.15,1.4
Matbench-Gap,Sparse MFGP,59,5.2,1.4
Matbench-Gap,Sparse MFGP,59,5.25,1.4
Matbench-Gap,Sparse MFGP,59,5.3,1.4
Matbench-Gap,Sparse MFGP,59,5.35,1.4
Matbench-Gap,Sparse MFGP,59,5.4,1.4
Matbench-Gap,Sparse MFGP,59,5.45,1.4
Matbench-Gap,Sparse MFGP,59,5.5,1.4
Matbench-Gap,Sparse MFGP,59,5.55,1.4
Matbench-Gap,Sparse MFGP,59,5.6,1.4
Matbench-Gap,Sparse MFGP,59,5.65,1.4
Matbench-Gap,Sparse MFGP,59,5.7,1.4
Matbench-Gap,Sparse MFGP,59,5.75,1.4
Matbench-Gap,Sparse MFGP,59,5.8,1.4
Matbench-Gap,Sparse MFGP,59,5.85,1.4
Matbench-Gap,Sparse MFGP,59,5.9,1.4
Matbench-Gap,Sparse MFGP,59,5.95,1.4
Matbench-Gap,Sparse MFGP,59,6.0,1.4
Matbench-Gap,Sparse MFGP,59,7.0,1.11
Matbench-Gap,Sparse MFGP,59,7.05,1.11
Matbench-Gap,Sparse MFGP,59,7.1,1.11
Matbench-Gap,Sparse MFGP,59,7.15,1.11
Matbench-Gap,Sparse MFGP,59,7.2,1.11
Matbench-Gap,Sparse MFGP,59,7.25,1.11
Matbench-Gap,Sparse MFGP,59,7.3,1.11
Matbench-Gap,Sparse MFGP,59,7.35,1.11
Matbench-Gap,Sparse MFGP,59,7.4,1.11
Matbench-Gap,Sparse MFGP,59,7.45,1.11
Matbench-Gap,Sparse MFGP,59,7.5,1.11
Matbench-Gap,Sparse MFGP,59,7.55,1.11
Matbench-Gap,Sparse MFGP,59,7.6,1.11
Matbench-Gap,Sparse MFGP,59,7.65,1.11
Matbench-Gap,Sparse MFGP,59,7.7,1.11
Matbench-Gap,Sparse MFGP,59,7.75,1.11
Matbench-Gap,Sparse MFGP,59,7.8,1.11
Matbench-Gap,Sparse MFGP,59,7.85,1.11
Matbench-Gap,Sparse MFGP,59,7.9,1.11
Matbench-Gap,Sparse MFGP,59,7.95,1.11
Matbench-Gap,Sparse MFGP,59,8.0,1.11
Matbench-Gap,Sparse MFGP,59,9.0,1.11
Matbench-Gap,Sparse MFGP,59,9.05,1.11
Matbench-Gap,Sparse MFGP,59,9.1,1.11
Matbench-Gap,Sparse MFGP,59,9.15,1.11
Matbench-Gap,Sparse MFGP,59,9.2,1.11
Matbench-Gap,Sparse MFGP,59,9.25,1.11
Matbench-Gap,Sparse MFGP,59,9.3,1.11
Matbench-Gap,Sparse MFGP,59,9.35,1.11
Matbench-Gap,Sparse MFGP,59,9.4,1.11
Matbench-Gap,Sparse MFGP,59,9.45,1.11
Matbench-Gap,Sparse MFGP,59,9.5,1.11
Matbench-Gap,Sparse MFGP,59,9.55,1.11
Matbench-Gap,Sparse MFGP,59,9.6,1.11
Matbench-Gap,Sparse MFGP,59,9.65,1.11
Matbench-Gap,Sparse MFGP,59,9.7,1.11
Matbench-Gap,Sparse MFGP,59,9.75,1.11
Matbench-Gap,Sparse MFGP,59,9.8,1.11
Matbench-Gap,Sparse MFGP,59,9.85,1.11
Matbench-Gap,Sparse MFGP,59,9.9,1.11
Matbench-Gap,Sparse MFGP,59,9.95,1.11
Matbench-Gap,Sparse MFGP,59,10.0,1.11
Matbench-Gap,Sparse MFGP,59,11.0,1.11
Matbench-Gap,Sparse MFGP,59,11.05,1.11
Matbench-Gap,Sparse MFGP,59,11.1,1.11
Matbench-Gap,Sparse MFGP,59,11.15,1.11
Matbench-Gap,Sparse MFGP,59,11.2,1.11
Matbench-Gap,Sparse MFGP,59,11.25,1.11
Matbench-Gap,Sparse MFGP,59,11.3,1.11
Matbench-Gap,Sparse MFGP,59,11.35,1.11
Matbench-Gap,Sparse MFGP,59,11.4,1.11
Matbench-Gap,Sparse MFGP,59,11.45,1.11
Matbench-Gap,Sparse MFGP,59,11.5,1.11
Matbench-Gap,Sparse MFGP,59,11.55,1.11
Matbench-Gap,Sparse MFGP,59,11.6,1.11
Matbench-Gap,Sparse MFGP,59,11.65,1.11
Matbench-Gap,Sparse MFGP,59,11.7,1.11
Matbench-Gap,Sparse MFGP,59,11.75,1.11
Matbench-Gap,Sparse MFGP,59,11.8,1.11
Matbench-Gap,Sparse MFGP,59,11.85,1.11
Matbench-Gap,Sparse MFGP,59,11.9,1.11
Matbench-Gap,Sparse MFGP,59,11.95,1.11
Matbench-Gap,Sparse MFGP,59,12.0,1.11
Matbench-Gap,Sparse MFGP,59,13.0,1.11
Matbench-Gap,Sparse MFGP,59,13.05,1.11
Matbench-Gap,Sparse MFGP,59,13.1,1.11
Matbench-Gap,Sparse MFGP,59,13.15,1.11
Matbench-Gap,Sparse MFGP,59,13.2,1.11
Matbench-Gap,Sparse MFGP,59,13.25,1.11
Matbench-Gap,Sparse MFGP,59,13.3,1.11
Matbench-Gap,Sparse MFGP,59,13.35,1.11
Matbench-Gap,Sparse MFGP,59,13.4,1.11
Matbench-Gap,Sparse MFGP,59,13.45,1.11
Matbench-Gap,Sparse MFGP,59,13.5,1.11
Matbench-Gap,Sparse MFGP,59,13.55,1.11
Matbench-Gap,Sparse MFGP,59,13.6,1.11
Matbench-Gap,Sparse MFGP,59,13.65,1.11
Matbench-Gap,Sparse MFGP,59,13.7,1.11
Matbench-Gap,Sparse MFGP,59,13.75,1.11
Matbench-Gap,Sparse MFGP,59,13.8,1.11
Matbench-Gap,Sparse MFGP,59,13.85,1.11
Matbench-Gap,Sparse MFGP,59,13.9,1.11
Matbench-Gap,Sparse MFGP,59,13.95,1.11
Matbench-Gap,Sparse MFGP,59,14.0,1.11
Matbench-Gap,Sparse MFGP,59,15.0,0.52
Matbench-Gap,Sparse MFGP,59,15.05,0.52
Matbench-Gap,Sparse MFGP,59,15.1,0.52
Matbench-Gap,Sparse MFGP,59,15.15,0.52
Matbench-Gap,Sparse MFGP,59,15.2,0.52
Matbench-Gap,Sparse MFGP,59,15.25,0.52
Matbench-Gap,Sparse MFGP,59,15.3,0.52
Matbench-Gap,Sparse MFGP,59,15.35,0.52
Matbench-Gap,Sparse MFGP,59,15.4,0.52
Matbench-Gap,Sparse MFGP,59,15.45,0.52
Matbench-Gap,Sparse MFGP,59,15.5,0.52
Matbench-Gap,Sparse MFGP,59,15.55,0.52
Matbench-Gap,Sparse MFGP,59,15.6,0.52
Matbench-Gap,Sparse MFGP,59,15.65,0.52
Matbench-Gap,Sparse MFGP,59,15.7,0.52
Matbench-Gap,Sparse MFGP,59,15.75,0.52
Matbench-Gap,Sparse MFGP,59,15.8,0.52
Matbench-Gap,Sparse MFGP,59,15.85,0.52
Matbench-Gap,Sparse MFGP,59,15.9,0.52
Matbench-Gap,Sparse MFGP,59,15.95,0.52
Matbench-Gap,Sparse MFGP,59,16.0,0.52
Matbench-Gap,Sparse MFGP,59,17.0,0.52
Matbench-Gap,Sparse MFGP,59,17.05,0.52
Matbench-Gap,Sparse MFGP,59,17.1,0.52
Matbench-Gap,Sparse MFGP,59,17.15,0.52
Matbench-Gap,Sparse MFGP,59,17.2,0.52
Matbench-Gap,Sparse MFGP,59,17.25,0.52
Matbench-Gap,Sparse MFGP,59,17.3,0.52
Matbench-Gap,Sparse MFGP,59,17.35,0.52
Matbench-Gap,Sparse MFGP,59,17.4,0.52
Matbench-Gap,Sparse MFGP,59,17.45,0.52
Matbench-Gap,Sparse MFGP,59,17.5,0.52
Matbench-Gap,Sparse MFGP,59,17.55,0.52
Matbench-Gap,Sparse MFGP,59,17.6,0.52
Matbench-Gap,Sparse MFGP,59,17.65,0.52
Matbench-Gap,Sparse MFGP,59,17.7,0.52
Matbench-Gap,Sparse MFGP,59,17.75,0.52
Matbench-Gap,Sparse MFGP,59,17.8,0.52
Matbench-Gap,Sparse MFGP,59,17.85,0.52
Matbench-Gap,Sparse MFGP,59,17.9,0.52
Matbench-Gap,Sparse MFGP,59,17.95,0.52
Matbench-Gap,Sparse MFGP,59,18.0,0.52
Matbench-Gap,Sparse MFGP,59,19.0,0.2000000000000001
Matbench-Gap,Sparse MFGP,59,19.05,0.2000000000000001
Matbench-Gap,Sparse MFGP,59,19.1,0.2000000000000001
Matbench-Gap,Sparse MFGP,59,19.15,0.2000000000000001
Matbench-Gap,Sparse MFGP,59,19.2,0.2000000000000001
Matbench-Gap,Sparse MFGP,59,19.25,0.2000000000000001
Matbench-Gap,Sparse MFGP,59,19.3,0.2000000000000001
Matbench-Gap,Sparse MFGP,59,19.35,0.2000000000000001
Matbench-Gap,Sparse MFGP,59,19.4,0.2000000000000001
Matbench-Gap,Sparse MFGP,59,19.45,0.2000000000000001
Matbench-Gap,Sparse MFGP,59,19.5,0.2000000000000001
Matbench-Gap,Sparse MFGP,59,19.55,0.2000000000000001
Matbench-Gap,Sparse MFGP,59,19.6,0.2000000000000001
Matbench-Gap,Sparse MFGP,59,19.65,0.2000000000000001
Matbench-Gap,Sparse MFGP,59,19.7,0.2000000000000001
Matbench-Gap,Sparse MFGP,59,19.75,0.2000000000000001
Matbench-Gap,Sparse MFGP,59,19.8,0.2000000000000001
Matbench-Gap,Sparse MFGP,59,19.85,0.2000000000000001
Matbench-Gap,Sparse MFGP,59,19.9,0.2000000000000001
Matbench-Gap,Sparse MFGP,59,19.95,0.2000000000000001
Matbench-Gap,Sparse MFGP,60,3.0,0.7800000000000002
Matbench-Gap,Sparse MFGP,60,3.05,0.7800000000000002
Matbench-Gap,Sparse MFGP,60,3.1,0.7800000000000002
Matbench-Gap,Sparse MFGP,60,3.15,0.7800000000000002
Matbench-Gap,Sparse MFGP,60,3.2,0.7800000000000002
Matbench-Gap,Sparse MFGP,60,3.25,0.7800000000000002
Matbench-Gap,Sparse MFGP,60,3.3,0.7800000000000002
Matbench-Gap,Sparse MFGP,60,3.35,0.7800000000000002
Matbench-Gap,Sparse MFGP,60,3.4,0.7800000000000002
Matbench-Gap,Sparse MFGP,60,3.45,0.7800000000000002
Matbench-Gap,Sparse MFGP,60,3.5,0.7800000000000002
Matbench-Gap,Sparse MFGP,60,3.55,0.7800000000000002
Matbench-Gap,Sparse MFGP,60,3.6,0.7800000000000002
Matbench-Gap,Sparse MFGP,60,3.65,0.7800000000000002
Matbench-Gap,Sparse MFGP,60,3.7,0.7800000000000002
Matbench-Gap,Sparse MFGP,60,3.75,0.7800000000000002
Matbench-Gap,Sparse MFGP,60,3.8,0.7800000000000002
Matbench-Gap,Sparse MFGP,60,3.85,0.7800000000000002
Matbench-Gap,Sparse MFGP,60,3.9,0.7800000000000002
Matbench-Gap,Sparse MFGP,60,3.95,0.7800000000000002
Matbench-Gap,Sparse MFGP,60,4.0,0.7800000000000002
Matbench-Gap,Sparse MFGP,60,5.0,0.7800000000000002
Matbench-Gap,Sparse MFGP,60,5.05,0.7800000000000002
Matbench-Gap,Sparse MFGP,60,5.1,0.7800000000000002
Matbench-Gap,Sparse MFGP,60,5.15,0.7800000000000002
Matbench-Gap,Sparse MFGP,60,5.2,0.7800000000000002
Matbench-Gap,Sparse MFGP,60,5.25,0.7800000000000002
Matbench-Gap,Sparse MFGP,60,5.3,0.7800000000000002
Matbench-Gap,Sparse MFGP,60,5.35,0.7800000000000002
Matbench-Gap,Sparse MFGP,60,5.4,0.7800000000000002
Matbench-Gap,Sparse MFGP,60,5.45,0.7800000000000002
Matbench-Gap,Sparse MFGP,60,5.5,0.7800000000000002
Matbench-Gap,Sparse MFGP,60,5.55,0.7800000000000002
Matbench-Gap,Sparse MFGP,60,5.6,0.7800000000000002
Matbench-Gap,Sparse MFGP,60,5.65,0.7800000000000002
Matbench-Gap,Sparse MFGP,60,5.7,0.7800000000000002
Matbench-Gap,Sparse MFGP,60,5.75,0.7800000000000002
Matbench-Gap,Sparse MFGP,60,5.8,0.7800000000000002
Matbench-Gap,Sparse MFGP,60,5.85,0.7800000000000002
Matbench-Gap,Sparse MFGP,60,5.9,0.7800000000000002
Matbench-Gap,Sparse MFGP,60,5.95,0.7800000000000002
Matbench-Gap,Sparse MFGP,60,6.0,0.7800000000000002
Matbench-Gap,Sparse MFGP,60,7.0,0.7800000000000002
Matbench-Gap,Sparse MFGP,60,7.05,0.7800000000000002
Matbench-Gap,Sparse MFGP,60,7.1,0.7800000000000002
Matbench-Gap,Sparse MFGP,60,7.15,0.7800000000000002
Matbench-Gap,Sparse MFGP,60,7.2,0.7800000000000002
Matbench-Gap,Sparse MFGP,60,7.25,0.7800000000000002
Matbench-Gap,Sparse MFGP,60,7.3,0.7800000000000002
Matbench-Gap,Sparse MFGP,60,7.35,0.7800000000000002
Matbench-Gap,Sparse MFGP,60,7.4,0.7800000000000002
Matbench-Gap,Sparse MFGP,60,7.45,0.7800000000000002
Matbench-Gap,Sparse MFGP,60,7.5,0.7800000000000002
Matbench-Gap,Sparse MFGP,60,7.55,0.7800000000000002
Matbench-Gap,Sparse MFGP,60,7.6,0.7800000000000002
Matbench-Gap,Sparse MFGP,60,7.65,0.7800000000000002
Matbench-Gap,Sparse MFGP,60,7.7,0.7800000000000002
Matbench-Gap,Sparse MFGP,60,7.75,0.7800000000000002
Matbench-Gap,Sparse MFGP,60,7.8,0.7800000000000002
Matbench-Gap,Sparse MFGP,60,7.85,0.7800000000000002
Matbench-Gap,Sparse MFGP,60,7.9,0.7800000000000002
Matbench-Gap,Sparse MFGP,60,7.95,0.7800000000000002
Matbench-Gap,Sparse MFGP,60,8.0,0.7800000000000002
Matbench-Gap,Sparse MFGP,60,9.0,0.7800000000000002
Matbench-Gap,Sparse MFGP,60,9.05,0.7800000000000002
Matbench-Gap,Sparse MFGP,60,9.1,0.7800000000000002
Matbench-Gap,Sparse MFGP,60,9.15,0.7800000000000002
Matbench-Gap,Sparse MFGP,60,9.2,0.7800000000000002
Matbench-Gap,Sparse MFGP,60,9.25,0.7800000000000002
Matbench-Gap,Sparse MFGP,60,9.3,0.7800000000000002
Matbench-Gap,Sparse MFGP,60,9.35,0.7800000000000002
Matbench-Gap,Sparse MFGP,60,9.4,0.7800000000000002
Matbench-Gap,Sparse MFGP,60,9.45,0.7800000000000002
Matbench-Gap,Sparse MFGP,60,9.5,0.7800000000000002
Matbench-Gap,Sparse MFGP,60,9.55,0.7800000000000002
Matbench-Gap,Sparse MFGP,60,9.6,0.7800000000000002
Matbench-Gap,Sparse MFGP,60,9.65,0.7800000000000002
Matbench-Gap,Sparse MFGP,60,9.7,0.7800000000000002
Matbench-Gap,Sparse MFGP,60,9.75,0.7800000000000002
Matbench-Gap,Sparse MFGP,60,9.8,0.7800000000000002
Matbench-Gap,Sparse MFGP,60,9.85,0.7800000000000002
Matbench-Gap,Sparse MFGP,60,9.9,0.7800000000000002
Matbench-Gap,Sparse MFGP,60,9.95,0.7800000000000002
Matbench-Gap,Sparse MFGP,60,10.0,0.7800000000000002
Matbench-Gap,Sparse MFGP,60,11.0,0.7800000000000002
Matbench-Gap,Sparse MFGP,60,11.05,0.7800000000000002
Matbench-Gap,Sparse MFGP,60,11.1,0.7800000000000002
Matbench-Gap,Sparse MFGP,60,11.15,0.7800000000000002
Matbench-Gap,Sparse MFGP,60,11.2,0.7800000000000002
Matbench-Gap,Sparse MFGP,60,11.25,0.7800000000000002
Matbench-Gap,Sparse MFGP,60,11.3,0.7800000000000002
Matbench-Gap,Sparse MFGP,60,11.35,0.7800000000000002
Matbench-Gap,Sparse MFGP,60,11.4,0.7800000000000002
Matbench-Gap,Sparse MFGP,60,11.45,0.7800000000000002
Matbench-Gap,Sparse MFGP,60,11.5,0.7800000000000002
Matbench-Gap,Sparse MFGP,60,11.55,0.7800000000000002
Matbench-Gap,Sparse MFGP,60,11.6,0.7800000000000002
Matbench-Gap,Sparse MFGP,60,11.65,0.7800000000000002
Matbench-Gap,Sparse MFGP,60,11.7,0.7800000000000002
Matbench-Gap,Sparse MFGP,60,11.75,0.7800000000000002
Matbench-Gap,Sparse MFGP,60,11.8,0.7800000000000002
Matbench-Gap,Sparse MFGP,60,11.85,0.7800000000000002
Matbench-Gap,Sparse MFGP,60,11.9,0.7800000000000002
Matbench-Gap,Sparse MFGP,60,11.95,0.7800000000000002
Matbench-Gap,Sparse MFGP,60,12.0,0.7800000000000002
Matbench-Gap,Sparse MFGP,60,13.0,0.7600000000000002
Matbench-Gap,Sparse MFGP,60,13.05,0.7600000000000002
Matbench-Gap,Sparse MFGP,60,13.1,0.7600000000000002
Matbench-Gap,Sparse MFGP,60,13.15,0.7600000000000002
Matbench-Gap,Sparse MFGP,60,13.2,0.7600000000000002
Matbench-Gap,Sparse MFGP,60,13.25,0.7600000000000002
Matbench-Gap,Sparse MFGP,60,13.3,0.7600000000000002
Matbench-Gap,Sparse MFGP,60,13.35,0.7600000000000002
Matbench-Gap,Sparse MFGP,60,13.4,0.7600000000000002
Matbench-Gap,Sparse MFGP,60,13.45,0.7600000000000002
Matbench-Gap,Sparse MFGP,60,13.5,0.7600000000000002
Matbench-Gap,Sparse MFGP,60,13.55,0.7600000000000002
Matbench-Gap,Sparse MFGP,60,13.6,0.7600000000000002
Matbench-Gap,Sparse MFGP,60,13.65,0.7600000000000002
Matbench-Gap,Sparse MFGP,60,13.7,0.7600000000000002
Matbench-Gap,Sparse MFGP,60,13.75,0.7600000000000002
Matbench-Gap,Sparse MFGP,60,13.8,0.7600000000000002
Matbench-Gap,Sparse MFGP,60,13.85,0.7600000000000002
Matbench-Gap,Sparse MFGP,60,13.9,0.7600000000000002
Matbench-Gap,Sparse MFGP,60,13.95,0.7600000000000002
Matbench-Gap,Sparse MFGP,60,14.0,0.7600000000000002
Matbench-Gap,Sparse MFGP,60,15.0,0.3299999999999998
Matbench-Gap,Sparse MFGP,60,15.05,0.3299999999999998
Matbench-Gap,Sparse MFGP,60,15.1,0.3299999999999998
Matbench-Gap,Sparse MFGP,60,15.15,0.3299999999999998
Matbench-Gap,Sparse MFGP,60,15.2,0.3299999999999998
Matbench-Gap,Sparse MFGP,60,15.25,0.3299999999999998
Matbench-Gap,Sparse MFGP,60,15.3,0.3299999999999998
Matbench-Gap,Sparse MFGP,60,15.35,0.3299999999999998
Matbench-Gap,Sparse MFGP,60,15.4,0.3299999999999998
Matbench-Gap,Sparse MFGP,60,15.45,0.3299999999999998
Matbench-Gap,Sparse MFGP,60,15.5,0.3299999999999998
Matbench-Gap,Sparse MFGP,60,15.55,0.3299999999999998
Matbench-Gap,Sparse MFGP,60,15.6,0.3299999999999998
Matbench-Gap,Sparse MFGP,60,15.65,0.3299999999999998
Matbench-Gap,Sparse MFGP,60,15.7,0.3299999999999998
Matbench-Gap,Sparse MFGP,60,15.75,0.3299999999999998
Matbench-Gap,Sparse MFGP,60,15.8,0.3299999999999998
Matbench-Gap,Sparse MFGP,60,15.85,0.3299999999999998
Matbench-Gap,Sparse MFGP,60,15.9,0.3299999999999998
Matbench-Gap,Sparse MFGP,60,15.95,0.3299999999999998
Matbench-Gap,Sparse MFGP,60,16.0,0.3299999999999998
Matbench-Gap,Sparse MFGP,60,17.0,0.3199999999999998
Matbench-Gap,Sparse MFGP,60,17.05,0.3199999999999998
Matbench-Gap,Sparse MFGP,60,17.1,0.3199999999999998
Matbench-Gap,Sparse MFGP,60,17.15,0.3199999999999998
Matbench-Gap,Sparse MFGP,60,17.2,0.3199999999999998
Matbench-Gap,Sparse MFGP,60,17.25,0.3199999999999998
Matbench-Gap,Sparse MFGP,60,17.3,0.3199999999999998
Matbench-Gap,Sparse MFGP,60,17.35,0.3199999999999998
Matbench-Gap,Sparse MFGP,60,17.4,0.3199999999999998
Matbench-Gap,Sparse MFGP,60,17.45,0.3199999999999998
Matbench-Gap,Sparse MFGP,60,17.5,0.3199999999999998
Matbench-Gap,Sparse MFGP,60,17.55,0.3199999999999998
Matbench-Gap,Sparse MFGP,60,17.6,0.3199999999999998
Matbench-Gap,Sparse MFGP,60,17.65,0.3199999999999998
Matbench-Gap,Sparse MFGP,60,17.7,0.3199999999999998
Matbench-Gap,Sparse MFGP,60,17.75,0.3199999999999998
Matbench-Gap,Sparse MFGP,60,17.8,0.3199999999999998
Matbench-Gap,Sparse MFGP,60,17.85,0.3199999999999998
Matbench-Gap,Sparse MFGP,60,17.9,0.3199999999999998
Matbench-Gap,Sparse MFGP,60,17.95,0.3199999999999998
Matbench-Gap,Sparse MFGP,60,18.0,0.3199999999999998
Matbench-Gap,Sparse MFGP,60,19.0,0.3199999999999998
Matbench-Gap,Sparse MFGP,60,19.05,0.3199999999999998
Matbench-Gap,Sparse MFGP,60,19.1,0.3199999999999998
Matbench-Gap,Sparse MFGP,60,19.15,0.3199999999999998
Matbench-Gap,Sparse MFGP,60,19.2,0.3199999999999998
Matbench-Gap,Sparse MFGP,60,19.25,0.3199999999999998
Matbench-Gap,Sparse MFGP,60,19.3,0.3199999999999998
Matbench-Gap,Sparse MFGP,60,19.35,0.3199999999999998
Matbench-Gap,Sparse MFGP,60,19.4,0.3199999999999998
Matbench-Gap,Sparse MFGP,60,19.45,0.3199999999999998
Matbench-Gap,Sparse MFGP,60,19.5,0.3199999999999998
Matbench-Gap,Sparse MFGP,60,19.55,0.3199999999999998
Matbench-Gap,Sparse MFGP,60,19.6,0.3199999999999998
Matbench-Gap,Sparse MFGP,60,19.65,0.3199999999999998
Matbench-Gap,Sparse MFGP,60,19.7,0.3199999999999998
Matbench-Gap,Sparse MFGP,60,19.75,0.3199999999999998
Matbench-Gap,Sparse MFGP,60,19.8,0.3199999999999998
Matbench-Gap,Sparse MFGP,60,19.85,0.3199999999999998
Matbench-Gap,Sparse MFGP,60,19.9,0.3199999999999998
Matbench-Gap,Sparse MFGP,60,19.95,0.3199999999999998
Matbench-Gap,Sparse MFGP,61,3.0,0.8499999999999999
Matbench-Gap,Sparse MFGP,61,3.05,0.8499999999999999
Matbench-Gap,Sparse MFGP,61,3.1,0.8499999999999999
Matbench-Gap,Sparse MFGP,61,3.15,0.8499999999999999
Matbench-Gap,Sparse MFGP,61,3.2,0.8499999999999999
Matbench-Gap,Sparse MFGP,61,3.25,0.8499999999999999
Matbench-Gap,Sparse MFGP,61,3.3,0.8499999999999999
Matbench-Gap,Sparse MFGP,61,3.35,0.8499999999999999
Matbench-Gap,Sparse MFGP,61,3.4,0.8499999999999999
Matbench-Gap,Sparse MFGP,61,3.45,0.8499999999999999
Matbench-Gap,Sparse MFGP,61,3.5,0.8499999999999999
Matbench-Gap,Sparse MFGP,61,3.55,0.8499999999999999
Matbench-Gap,Sparse MFGP,61,3.6,0.8499999999999999
Matbench-Gap,Sparse MFGP,61,3.65,0.8499999999999999
Matbench-Gap,Sparse MFGP,61,3.7,0.8499999999999999
Matbench-Gap,Sparse MFGP,61,3.75,0.8499999999999999
Matbench-Gap,Sparse MFGP,61,3.8,0.8499999999999999
Matbench-Gap,Sparse MFGP,61,3.85,0.8499999999999999
Matbench-Gap,Sparse MFGP,61,3.9,0.8499999999999999
Matbench-Gap,Sparse MFGP,61,3.95,0.8499999999999999
Matbench-Gap,Sparse MFGP,61,4.0,0.8499999999999999
Matbench-Gap,Sparse MFGP,61,5.0,0.8499999999999999
Matbench-Gap,Sparse MFGP,61,5.05,0.8499999999999999
Matbench-Gap,Sparse MFGP,61,5.1,0.8499999999999999
Matbench-Gap,Sparse MFGP,61,5.15,0.8499999999999999
Matbench-Gap,Sparse MFGP,61,5.2,0.8499999999999999
Matbench-Gap,Sparse MFGP,61,5.25,0.8499999999999999
Matbench-Gap,Sparse MFGP,61,5.3,0.8499999999999999
Matbench-Gap,Sparse MFGP,61,5.35,0.8499999999999999
Matbench-Gap,Sparse MFGP,61,5.4,0.8499999999999999
Matbench-Gap,Sparse MFGP,61,5.45,0.8499999999999999
Matbench-Gap,Sparse MFGP,61,5.5,0.8499999999999999
Matbench-Gap,Sparse MFGP,61,5.55,0.8499999999999999
Matbench-Gap,Sparse MFGP,61,5.6,0.8499999999999999
Matbench-Gap,Sparse MFGP,61,5.65,0.8499999999999999
Matbench-Gap,Sparse MFGP,61,5.7,0.8499999999999999
Matbench-Gap,Sparse MFGP,61,5.75,0.8499999999999999
Matbench-Gap,Sparse MFGP,61,5.8,0.8499999999999999
Matbench-Gap,Sparse MFGP,61,5.85,0.8499999999999999
Matbench-Gap,Sparse MFGP,61,5.9,0.8499999999999999
Matbench-Gap,Sparse MFGP,61,5.95,0.8499999999999999
Matbench-Gap,Sparse MFGP,61,6.0,0.8499999999999999
Matbench-Gap,Sparse MFGP,61,7.0,0.2799999999999998
Matbench-Gap,Sparse MFGP,61,7.05,0.2799999999999998
Matbench-Gap,Sparse MFGP,61,7.1,0.2799999999999998
Matbench-Gap,Sparse MFGP,61,7.15,0.2799999999999998
Matbench-Gap,Sparse MFGP,61,7.2,0.2799999999999998
Matbench-Gap,Sparse MFGP,61,7.25,0.2799999999999998
Matbench-Gap,Sparse MFGP,61,7.3,0.2799999999999998
Matbench-Gap,Sparse MFGP,61,7.35,0.2799999999999998
Matbench-Gap,Sparse MFGP,61,7.4,0.2799999999999998
Matbench-Gap,Sparse MFGP,61,7.45,0.2799999999999998
Matbench-Gap,Sparse MFGP,61,7.5,0.2799999999999998
Matbench-Gap,Sparse MFGP,61,7.55,0.2799999999999998
Matbench-Gap,Sparse MFGP,61,7.6,0.2799999999999998
Matbench-Gap,Sparse MFGP,61,7.65,0.2799999999999998
Matbench-Gap,Sparse MFGP,61,7.7,0.2799999999999998
Matbench-Gap,Sparse MFGP,61,7.75,0.2799999999999998
Matbench-Gap,Sparse MFGP,61,7.8,0.2799999999999998
Matbench-Gap,Sparse MFGP,61,7.85,0.2799999999999998
Matbench-Gap,Sparse MFGP,61,7.9,0.2799999999999998
Matbench-Gap,Sparse MFGP,61,7.95,0.2799999999999998
Matbench-Gap,Sparse MFGP,61,8.0,0.2799999999999998
Matbench-Gap,Sparse MFGP,61,9.0,0.2799999999999998
Matbench-Gap,Sparse MFGP,61,9.05,0.2799999999999998
Matbench-Gap,Sparse MFGP,61,9.1,0.2799999999999998
Matbench-Gap,Sparse MFGP,61,9.15,0.2799999999999998
Matbench-Gap,Sparse MFGP,61,9.2,0.2799999999999998
Matbench-Gap,Sparse MFGP,61,9.25,0.2799999999999998
Matbench-Gap,Sparse MFGP,61,9.3,0.2799999999999998
Matbench-Gap,Sparse MFGP,61,9.35,0.2799999999999998
Matbench-Gap,Sparse MFGP,61,9.4,0.2799999999999998
Matbench-Gap,Sparse MFGP,61,9.45,0.2799999999999998
Matbench-Gap,Sparse MFGP,61,9.5,0.2799999999999998
Matbench-Gap,Sparse MFGP,61,9.55,0.2799999999999998
Matbench-Gap,Sparse MFGP,61,9.6,0.2799999999999998
Matbench-Gap,Sparse MFGP,61,9.65,0.2799999999999998
Matbench-Gap,Sparse MFGP,61,9.7,0.2799999999999998
Matbench-Gap,Sparse MFGP,61,9.75,0.2799999999999998
Matbench-Gap,Sparse MFGP,61,9.8,0.2799999999999998
Matbench-Gap,Sparse MFGP,61,9.85,0.2799999999999998
Matbench-Gap,Sparse MFGP,61,9.9,0.2799999999999998
Matbench-Gap,Sparse MFGP,61,9.95,0.2799999999999998
Matbench-Gap,Sparse MFGP,61,10.0,0.2799999999999998
Matbench-Gap,Sparse MFGP,61,11.0,0.2799999999999998
Matbench-Gap,Sparse MFGP,61,11.05,0.2799999999999998
Matbench-Gap,Sparse MFGP,61,11.1,0.2799999999999998
Matbench-Gap,Sparse MFGP,61,11.15,0.2799999999999998
Matbench-Gap,Sparse MFGP,61,11.2,0.2799999999999998
Matbench-Gap,Sparse MFGP,61,11.25,0.2799999999999998
Matbench-Gap,Sparse MFGP,61,11.3,0.2799999999999998
Matbench-Gap,Sparse MFGP,61,11.35,0.2799999999999998
Matbench-Gap,Sparse MFGP,61,11.4,0.2799999999999998
Matbench-Gap,Sparse MFGP,61,11.45,0.2799999999999998
Matbench-Gap,Sparse MFGP,61,11.5,0.2799999999999998
Matbench-Gap,Sparse MFGP,61,11.55,0.2799999999999998
Matbench-Gap,Sparse MFGP,61,11.6,0.2799999999999998
Matbench-Gap,Sparse MFGP,61,11.65,0.2799999999999998
Matbench-Gap,Sparse MFGP,61,11.7,0.2799999999999998
Matbench-Gap,Sparse MFGP,61,11.75,0.2799999999999998
Matbench-Gap,Sparse MFGP,61,11.8,0.2799999999999998
Matbench-Gap,Sparse MFGP,61,11.85,0.2799999999999998
Matbench-Gap,Sparse MFGP,61,11.9,0.2799999999999998
Matbench-Gap,Sparse MFGP,61,11.95,0.2799999999999998
Matbench-Gap,Sparse MFGP,61,12.0,0.2799999999999998
Matbench-Gap,Sparse MFGP,61,13.0,0.24
Matbench-Gap,Sparse MFGP,61,13.05,0.24
Matbench-Gap,Sparse MFGP,61,13.1,0.24
Matbench-Gap,Sparse MFGP,61,13.15,0.24
Matbench-Gap,Sparse MFGP,61,13.2,0.24
Matbench-Gap,Sparse MFGP,61,13.25,0.24
Matbench-Gap,Sparse MFGP,61,13.3,0.24
Matbench-Gap,Sparse MFGP,61,13.35,0.24
Matbench-Gap,Sparse MFGP,61,13.4,0.24
Matbench-Gap,Sparse MFGP,61,13.45,0.24
Matbench-Gap,Sparse MFGP,61,13.5,0.24
Matbench-Gap,Sparse MFGP,61,13.55,0.24
Matbench-Gap,Sparse MFGP,61,13.6,0.24
Matbench-Gap,Sparse MFGP,61,13.65,0.24
Matbench-Gap,Sparse MFGP,61,13.7,0.24
Matbench-Gap,Sparse MFGP,61,13.75,0.24
Matbench-Gap,Sparse MFGP,61,13.8,0.24
Matbench-Gap,Sparse MFGP,61,13.85,0.24
Matbench-Gap,Sparse MFGP,61,13.9,0.24
Matbench-Gap,Sparse MFGP,61,13.95,0.24
Matbench-Gap,Sparse MFGP,61,14.0,0.24
Matbench-Gap,Sparse MFGP,61,15.0,0.24
Matbench-Gap,Sparse MFGP,61,15.05,0.24
Matbench-Gap,Sparse MFGP,61,15.1,0.24
Matbench-Gap,Sparse MFGP,61,15.15,0.24
Matbench-Gap,Sparse MFGP,61,15.2,0.24
Matbench-Gap,Sparse MFGP,61,15.25,0.24
Matbench-Gap,Sparse MFGP,61,15.3,0.24
Matbench-Gap,Sparse MFGP,61,15.35,0.24
Matbench-Gap,Sparse MFGP,61,15.4,0.24
Matbench-Gap,Sparse MFGP,61,15.45,0.24
Matbench-Gap,Sparse MFGP,61,15.5,0.24
Matbench-Gap,Sparse MFGP,61,15.55,0.24
Matbench-Gap,Sparse MFGP,61,15.6,0.24
Matbench-Gap,Sparse MFGP,61,15.65,0.24
Matbench-Gap,Sparse MFGP,61,15.7,0.24
Matbench-Gap,Sparse MFGP,61,15.75,0.24
Matbench-Gap,Sparse MFGP,61,15.8,0.24
Matbench-Gap,Sparse MFGP,61,15.85,0.24
Matbench-Gap,Sparse MFGP,61,15.9,0.24
Matbench-Gap,Sparse MFGP,61,15.95,0.24
Matbench-Gap,Sparse MFGP,61,16.0,0.24
Matbench-Gap,Sparse MFGP,61,17.0,0.24
Matbench-Gap,Sparse MFGP,61,17.05,0.24
Matbench-Gap,Sparse MFGP,61,17.1,0.24
Matbench-Gap,Sparse MFGP,61,17.15,0.24
Matbench-Gap,Sparse MFGP,61,17.2,0.24
Matbench-Gap,Sparse MFGP,61,17.25,0.24
Matbench-Gap,Sparse MFGP,61,17.3,0.24
Matbench-Gap,Sparse MFGP,61,17.35,0.24
Matbench-Gap,Sparse MFGP,61,17.4,0.24
Matbench-Gap,Sparse MFGP,61,17.45,0.24
Matbench-Gap,Sparse MFGP,61,17.5,0.24
Matbench-Gap,Sparse MFGP,61,17.55,0.24
Matbench-Gap,Sparse MFGP,61,17.6,0.24
Matbench-Gap,Sparse MFGP,61,17.65,0.24
Matbench-Gap,Sparse MFGP,61,17.7,0.24
Matbench-Gap,Sparse MFGP,61,17.75,0.24
Matbench-Gap,Sparse MFGP,61,17.8,0.24
Matbench-Gap,Sparse MFGP,61,17.85,0.24
Matbench-Gap,Sparse MFGP,61,17.9,0.24
Matbench-Gap,Sparse MFGP,61,17.95,0.24
Matbench-Gap,Sparse MFGP,61,18.0,0.24
Matbench-Gap,Sparse MFGP,61,19.0,0.24
Matbench-Gap,Sparse MFGP,61,19.05,0.24
Matbench-Gap,Sparse MFGP,61,19.1,0.24
Matbench-Gap,Sparse MFGP,61,19.15,0.24
Matbench-Gap,Sparse MFGP,61,19.2,0.24
Matbench-Gap,Sparse MFGP,61,19.25,0.24
Matbench-Gap,Sparse MFGP,61,19.3,0.24
Matbench-Gap,Sparse MFGP,61,19.35,0.24
Matbench-Gap,Sparse MFGP,61,19.4,0.24
Matbench-Gap,Sparse MFGP,61,19.45,0.24
Matbench-Gap,Sparse MFGP,61,19.5,0.24
Matbench-Gap,Sparse MFGP,61,19.55,0.24
Matbench-Gap,Sparse MFGP,61,19.6,0.24
Matbench-Gap,Sparse MFGP,61,19.65,0.24
Matbench-Gap,Sparse MFGP,61,19.7,0.24
Matbench-Gap,Sparse MFGP,61,19.75,0.24
Matbench-Gap,Sparse MFGP,61,19.8,0.24
Matbench-Gap,Sparse MFGP,61,19.85,0.24
Matbench-Gap,Sparse MFGP,61,19.9,0.24
Matbench-Gap,Sparse MFGP,61,19.95,0.24
