f0,f1,HF,LF
0.0,0.0,308.12909601160663,291.1917361284124
0.02040816326530612,0.0,276.06003083402834,261.87422121730674
0.04081632653061224,0.0,246.27181623875887,234.5063571146457
0.061224489795918366,0.0,218.90974916607502,209.25930266115245
0.08163265306122448,0.0,194.09616511026493,186.28025046975827
0.1020408163265306,0.0,171.90795802777285,165.66994683374702
0.12244897959183673,0.0,152.35865251038172,147.4647638999383
0.14285714285714285,0.0,135.386695178302,131.62499106177557
0.16326530612244897,0.0,120.85105397611007,118.03043425526523
0.18367346938775508,0.0,108.53453455526623,106.48373234149426
0.2040816326530612,0.0,98.15450538124402,96.72108221375936
0.22448979591836732,0.0,89.38003432953595,88.42937539357312
0.24489795918367346,0.0,81.85384338543794,81.26815273044829
0.26530612244897955,0.0,75.21704006836254,74.89433582621068
0.2857142857142857,0.0,69.1343260176296,68.98743562079048
0.3061224489795918,0.0,63.31733880953246,63.27289420928774
0.32653061224489793,0.0,57.543956650287974,57.54138953492297
0.3469387755102041,0.0,51.67177096703152,51.66230798003179
0.36734693877551017,0.0,45.644474196160324,45.5901321544084
0.3877551020408163,0.0,39.49056882336903,39.36314993534118
0.4081632653061224,0.0,33.314517710673606,33.09460479463645
0.42857142857142855,0.0,27.28115856561814,26.957110267825435
0.44897959183673464,0.0,21.594831717512342,21.161777730401653
0.4693877551020408,0.0,16.47516192978675,15.933998210176176
0.4897959183673469,0.0,12.131746090039847,11.488130077324712
0.5102040816326531,0.0,8.740100352401207,8.003446186750777
0.5306122448979591,0.0,6.421103201165158,5.603576941719355
0.5510204081632653,0.0,5.225845848911419,4.341360691977526
0.5714285714285714,0.0,5.127298600668599,4.190510097917961
0.5918367346938775,0.0,6.019568057447531,5.044869334112277
0.6122448979591836,0.0,7.724814225417971,6.725331198487705
0.6326530612244897,0.0,10.007184368067183,8.993770964485705
0.6530612244897959,0.0,12.592468011924968,11.572701386786983
0.673469387755102,0.0,15.191645555434052,14.168821310181869
0.6938775510204082,0.0,17.526140897779637,16.498268298399886
0.7142857142857142,0.0,19.352430062289997,18.311227257510332
0.7346938775510203,0.0,20.483717669561273,19.413606909047086
0.7551020408163265,0.0,20.806665750968158,19.68376860351928
0.7755102040816326,0.0,20.29161943365831,19.082752005405723
0.7959183673469387,0.0,18.995378698278333,17.657046850880885
0.8163265306122448,0.0,17.056258487450886,15.533653056291985
0.836734693877551,0.0,14.681896483151327,12.907888495535662
0.8571428571428571,0.0,12.130942203204903,10.025078096555145
0.8775510204081632,0.0,9.690329990787191,7.157826830840705
0.8979591836734693,0.0,7.650249086727342,4.580989785732897
0.9183673469387754,0.0,6.279138102933782,2.546666637848255
0.9387755102040816,0.0,5.801028946411699,1.2615455770967756
0.9591836734693877,0.0,6.377346788078986,0.868703275497893
0.9795918367346939,0.0,8.09485834119733,1.4355531656115215
1.0,0.0,10.960889035651505,2.949062614817379
0.0,0.02040816326530612,297.69993356750194,281.06869613328723
0.02040816326530612,0.02040816326530612,266.16386785257333,252.24784378439017
0.04081632653061224,0.02040816326530612,236.89382904212016,225.36411352823743
0.061224489795918366,0.02040816326530612,210.03511407641886,200.5886642055519
0.08163265306122448,0.02040816326530612,185.71005844975787,178.06868842926497
0.1020408163265306,0.02040816326530612,163.99555611858128,157.9049324926606
0.12244897959183673,0.02040816326530612,144.90513167467205,140.1337685425582
0.14285714285714285,0.02040816326530612,128.37723173824065,124.71548597240142
0.16326530612244897,0.02040816326530612,114.27082425386335,111.52989071819654
0.18367346938775508,0.02040816326530612,102.36871487300073,100.37962164103055
0.2040816326530612,0.02040816326530612,92.38827206112605,91.00087563420013
0.22448979591836732,0.02040816326530612,83.99856369373185,83.08054421921797
0.24489795918367346,0.02040816326530612,76.84231175611423,76.27816824559667
0.26530612244897955,0.02040816326530612,70.5606237676856,70.25066931516221
0.2857142857142857,0.02040816326530612,64.81820136776584,64.67755836784465
0.3061224489795918,0.02040816326530612,59.32668213264829,59.28427749874413
0.32653061224489793,0.02040816326530612,53.86394426854982,53.861504651081106
0.3469387755102041,0.02040816326530612,48.28757920260579,48.278626207191195
0.36734693877551017,0.02040816326530612,42.54127937121341,42.49012477686862
0.3877551020408163,0.02040816326530612,36.653547260067384,36.53428823740174
0.4081632653061224,0.02040816326530612,30.728845731183608,30.524360060596905
0.42857142857142855,0.02040816326530612,24.93201249210621,24.632953781985307
0.44897959183673464,0.02040816326530612,19.467387872144897,19.07118077706049
0.4693877551020408,0.02040816326530612,14.554596634730203,14.06443207363351
0.4897959183673469,0.02040816326530612,10.40323566746061,9.827066041880082
0.5102040816326531,0.02040816326530612,7.1888211244656866,6.538355536703719
0.5306122448979591,0.02040816326530612,5.032231490039768,4.321930961369407
0.5510204081632653,0.02040816326530612,3.984557976762577,3.2306306656242283
0.5714285714285714,0.02040816326530612,4.018770889662713,3.238167309860847
0.5918367346938775,0.02040816326530612,5.028976829751016,4.238385068650885
0.6122448979591836,0.02040816326530612,6.837335803197238,6.0521767399215705
0.6326530612244897,0.02040816326530612,9.207995073488643,8.441417597114368
0.6530612244897959,0.02040816326530612,11.866744167155037,11.12862039490998
0.673469387755102,0.02040816326530612,14.524563482639142,13.820483978098737
0.6938775510204082,0.02040816326530612,16.902876919126157,16.233145910410162
0.7142857142857142,0.02040816326530612,18.758160499944363,18.116791097913556
0.7346938775510203,0.02040816326530612,19.9036188456899,19.27732826214279
0.7551020408163265,0.02040816326530612,20.225913987737453,19.593118753607005
0.7755102040816326,0.02040816326530612,19.695391053234687,19.025202236785006
0.7959183673469387,0.02040816326530612,18.36885002282821,17.620068447851263
0.8163265306122448,0.02040816326530612,16.38460583914067,15.504717303152995
0.836734693877551,0.02040816326530612,13.95029618414743,12.874466676586842
0.8571428571428571,0.02040816326530612,11.324570575673736,9.97464149609603
0.8775510204081632,0.02040816326530612,8.79436335689517,7.0778467331708335
0.8979591836734693,0.02040816326530612,6.649863768640879,4.458937475151808
0.9183673469387754,0.02040816326530612,5.15951042281929,2.3700133986554857
0.9387755102040816,0.02040816326530612,4.547335226435588,1.0177626935918607
0.9591836734693877,0.02040816326530612,4.97476335040767,0.5452620319803714
0.9795918367346939,0.02040816326530612,6.528561507997222,1.0199248463809294
1.0,0.02040816326530612,9.216055129089016,2.428718504173256
0.0,0.04081632653061224,287.4581930309356,271.13307804570053
0.02040816326530612,0.04081632653061224,256.45512677865696,242.8088882590122
0.04081632653061224,0.04081632653061224,227.70326375301994,216.40929184936766
0.061224489795918366,0.04081632653061224,201.34790089430132,192.1054476574899
0.08163265306122448,0.04081632653061224,177.5113736967894,170.0445482963103
0.1020408163265306,0.04081632653061224,156.27057611692828,150.3273400591127
0.12244897959183673,0.04081632653061224,137.6390327465009,132.9901950927167
0.14285714285714285,0.04081632653061224,121.55519020571775,117.9934027905658
0.16326530612244897,0.04081632653061224,107.87801643915526,105.21676908866631
0.18367346938775508,0.04081632653061224,96.39031709827367,94.4629328481053
0.2040816326530612,0.04081632653061224,86.80946064854652,85.46809096217943
0.22448979591836732,0.04081632653061224,78.80451496546631,77.91913495240128
0.24489795918367346,0.04081632653061224,72.01820203432905,71.4756056682836
0.26530612244897955,0.04081632653061224,66.09162937454715,65.79442471165227
0.2857142857142857,0.04081632653061224,60.689498625440606,60.55510302243737
0.3061224489795918,0.04081632653061224,55.52344736330265,55.48308269573905
0.32653061224489793,0.04081632653061224,50.3713537943502,50.36904167477776
0.3469387755102041,0.04081632653061224,45.090809345718576,45.08236634188912
0.36734693877551017,0.04081632653061224,39.62550645380504,39.57753930686736
0.3877551020408163,0.04081632653061224,34.00394760430426,33.89284844700084
0.4081632653061224,0.04081632653061224,28.330595659232138,28.141537234095885
0.42857142857142855,0.04081632653061224,22.770288326132807,22.49621920368371
0.44897959183673464,0.04081632653061224,17.527365934315977,17.168005731257853
0.4693877551020408,0.04081632653061224,12.821453247212178,12.38228784462937
0.4897959183673469,0.04081632653061224,8.862147152419892,8.35342391397398
0.5102040816326531,0.04081632653061224,5.82496380406869,5.260686794195189
0.5306122448979591,0.04081632653061224,3.8307816864529034,3.2277068885579867
0.5510204081632653,0.04081632653061224,2.93069201215226,2.3073225468094556
0.5714285714285714,0.04081632653061224,3.0976650861953514,2.473246429342259
0.5918367346938775,0.04081632653061224,4.225807509593026,3.619322710728018
0.6122448979591836,0.04081632653061224,6.137279288515032,5.566444188893963
0.6326530612244897,0.04081632653061224,8.596227686448632,8.076486137281556
0.6530612244897959,0.04081632653061224,11.328442229923633,10.871961310571502
0.673469387755102,0.04081632653061224,14.044903317382758,13.65956855355413
0.6938775510204082,0.04081632653061224,16.467034848011206,16.155445429958963
0.7142857142857142,0.04081632653061224,18.351312845137258,18.1097768458553
0.7346938775510203,0.04081632653061224,19.510941929357053,19.328471522777022
0.7551020408163265,0.04081632653061224,19.832584132045273,19.689890811233255
0.7755102040816326,0.04081632653061224,19.28658458034959,19.155074375702817
0.7959183673469387,0.04081632653061224,17.929743254916605,17.770511952360167
0.8163265306122448,0.04081632653061224,15.900375098368972,15.66320345755253
0.836734693877551,0.04081632653061224,13.406117792682053,13.028466765176548
0.8571428571428571,0.04081632653061224,10.705620855681094,10.111626803175442
0.8775510204081632,0.04081632653061224,8.085818630541672,7.185288543039489
0.8979591836734693,0.04081632653061224,5.836900358092941,4.524307072109245
0.9183673469387754,0.04081632653061224,4.227304650243322,2.380782067001241
0.9387755102040816,0.04081632653061224,3.481063413998001,0.9614017176254723
0.9591836734693877,0.04081632653061224,3.759601820274879,0.40924269600137464
0.9795918367346939,0.04081632653061224,5.1496865823356375,0.7917184346888622
1.0,0.04081632653061224,7.658643130065052,2.095796301067658
0.0,0.061224489795918366,277.40387440190796,261.3848818656524
0.02040816326530612,0.061224489795918366,246.93380761227903,233.55735464117274
0.04081632653061224,0.061224489795918366,218.7001203714582,207.64189207803636
0.061224489795918366,0.061224489795918366,192.8481096197223,183.80965301696637
0.08163265306122448,0.061224489795918366,169.5001108513594,162.20783007089403
0.1020408163265306,0.061224489795918366,148.73301802281375,142.93716953310332
0.12244897959183673,0.061224489795918366,130.56035572586828,126.03404355041364
0.14285714285714285,0.061224489795918366,114.92057058073343,111.45874151626865
0.16326530612244897,0.061224489795918366,101.6726305319856,99.09106936667465
0.18367346938775508,0.061224489795918366,90.59934123108518,88.7336659627186
0.2040816326530612,0.061224489795918366,81.41807114350556,80.12272819769724
0.22448979591836732,0.061224489795918366,73.79788814473929,72.94514759312315
0.24489795918367346,0.061224489795918366,67.38151422008241,66.86046499850907
0.26530612244897955,0.061224489795918366,61.81005688894727,61.52560201568085
0.2857142857142857,0.061224489795918366,56.7482177906539,56.620069584568604
0.3061224489795918,0.061224489795918366,51.90763450149554,51.86930980027248
0.32653061224489793,0.061224489795918366,47.06618522768909,47.06400060601293
0.3469387755102041,0.061224489795918366,42.081461396369896,42.073528384125574
0.36734693877551017,0.061224489795918366,36.89715544393519,36.85237574440462
0.3877551020408163,0.061224489795918366,31.541769856079643,31.438830564138453
0.4081632653061224,0.061224489795918366,26.119767494819186,25.94613631513338
0.42857142857142855,0.061224489795918366,20.795986067697932,20.546906532920637
0.44897959183673464,0.061224489795918366,15.774765904025585,15.45225259299374
0.4693877551020408,0.061224489795918366,11.275731767232678,10.887565523163758
0.4897959183673469,0.061224489795918366,7.508480544917701,7.067203693606398
0.5102040816326531,0.061224489795918366,4.648528391210219,4.170439959225182
0.5306122448979591,0.061224489795918366,2.816753790404567,2.3209047232850892
0.5510204081632653,0.061224489795918366,2.064247955080466,1.5714363355332068
0.5714285714285714,0.061224489795918366,2.363981190266517,1.8957474563621943
0.5918367346938775,0.061224489795918366,3.6100600969735606,3.187682260343675
0.6122448979591836,0.061224489795918366,5.624644681371349,5.268133545404882
0.6326530612244897,0.061224489795918366,8.171882206947144,7.89897658498727
0.6530612244897959,0.061224489795918366,10.977562200230754,10.80272413377155
0.673469387755102,0.061224489795918366,13.7526650596649,13.68607503654805
0.6938775510204082,0.061224489795918366,16.21861468443478,16.26516685704629
0.7142857142857142,0.061224489795918366,18.131887097868677,18.290184501335574
0.7346938775510203,0.061224489795918366,19.305686920562728,19.567036690949777
0.7551020408163265,0.061224489795918366,19.626676183891618,19.974084776398033
0.7755102040816326,0.061224489795918366,19.065200015003022,19.47236842215915
0.7959183673469387,0.061224489795918366,17.67805839454353,18.108377364407595
0.8163265306122448,0.061224489795918366,15.603566265135804,16.00911151949059
0.836734693877551,0.061224489795918366,13.049361308755207,13.369888761304779
0.8571428571428571,0.061224489795918366,10.274093043226978,10.436034017793379
0.8775510204081632,0.061224489795918366,7.564695811726702,7.480152260446669
0.8979591836734693,0.061224489795918366,5.211358855083525,4.777098576605208
0.9183673469387754,0.061224489795918366,3.4825207852058755,2.578972642885522
0.9387755102040816,0.061224489795918366,2.6022135090989362,1.0924626491976106
0.9591836734693877,0.061224489795918366,2.7318621976806075,0.4606452675609045
0.9795918367346939,0.061224489795918366,3.9582335642125717,0.7509339305353215
1.0,0.061224489795918366,6.288653038579605,1.9502960055005847
0.0,0.08163265306122448,267.53697768041866,251.82410759314277
0.02040816326530612,0.08163265306122448,237.5999103534396,224.49324293087182
0.04081632653061224,0.08163265306122448,209.8843988974351,199.0619142142437
0.061224489795918366,0.08163265306122448,184.5357402526818,175.70128028398145
0.08163265306122448,0.08163265306122448,161.67626991346796,154.55853375301635
0.1020408163265306,0.08163265306122448,141.38288183623777,135.73442091463247
0.12244897959183673,0.08163265306122448,123.66910061277416,119.26531391564916
0.14285714285714285,0.08163265306122448,108.47337286328764,105.11150214951006
0.16326530612244897,0.08163265306122448,95.65466653235451,93.1527915522215
0.18367346938775508,0.08163265306122448,84.99578727143522,83.19182098487043
0.2040816326530612,0.08163265306122448,76.21410354600313,74.96478734075359
0.22448979591836732,0.08163265306122448,68.9786832315508,68.15858214138356
0.24489795918367346,0.08163265306122448,62.93224831337425,62.432746236273054
0.26530612244897955,0.08163265306122448,57.7159063108859,57.44420122724795
0.2857142857142857,0.08163265306122448,52.994358863405715,52.87245805423838
0.3061224489795918,0.08163265306122448,48.47924354722695,48.44295881234446
0.32653061224489793,0.08163265306122448,43.94843856856651,43.946381444786645
0.3469387755102041,0.08163265306122448,39.25953535455974,39.252112333900556
0.36734693877551017,0.08163265306122448,34.356226341603865,34.31463408948042
0.3877551020408163,0.08163265306122448,29.267014015393563,29.172234588814593
0.4081632653061224,0.08163265306122448,24.096361237944766,23.93815730370941
0.42857142857142855,0.08163265306122448,19.009105716801578,18.785015769696088
0.44897959183673464,0.08163265306122448,14.209587781273715,13.923921362268155
0.4693877551020408,0.08163265306122448,9.917432194791708,9.580265109236667
0.4897959183673469,0.08163265306122448,6.342235844954037,5.968405380777346
0.5102040816326531,0.08163265306122448,3.6595148858902755,3.267615031793703
0.5306122448979591,0.08163265306122448,1.9901478018947518,1.6015244655507193
0.5510204081632653,0.08163265306122448,1.3852258055472007,1.0229720317954847
0.5714285714285714,0.08163265306122448,1.8177192018762067,1.505670390920658
0.5918367346938775,0.08163265306122448,3.1817345918926225,2.9434637174978597
0.6122448979591836,0.08163265306122448,5.299431981766193,5.157244809454324
0.6326530612244897,0.08163265306122448,7.934958634984183,7.908888940231511
0.6530612244897959,0.08163265306122448,10.8141040780764,10.920908864510123
0.673469387755102,0.08163265306122448,13.647848709485565,13.900003427080495
0.6938775510204082,0.08163265306122448,16.157616428396878,16.562310191672143
0.7142857142857142,0.08163265306122448,18.09988325813862,18.658014064354376
0.7346938775510203,0.08163265306122448,19.287853819306928,19.99302376666106
0.7551020408163265,0.08163265306122448,19.608190143276495,20.445700649101333
0.7755102040816326,0.08163265306122448,19.031237357194975,19.97708437615401
0.7959183673469387,0.08163265306122448,17.61379544170898,18.63366468399355
0.8163265306122448,0.08163265306122448,15.494179339441164,16.542441488967178
0.836734693877551,0.08163265306122448,12.880026732366884,13.898732664971533
0.8571428571428571,0.08163265306122448,10.02998713831139,10.94786313994984
0.8775510204081632,0.08163265306122448,7.2309949004502565,7.962437885392374
0.8979591836734693,0.08163265306122448,4.773239259612638,5.217311988639695
0.9183673469387754,0.08163265306122448,2.9251588277069596,2.9645851263083287
0.9387755102040816,0.08163265306122448,1.9107855117384016,1.410945488308272
0.9591836734693877,0.08163265306122448,1.8915444826248677,0.6994697466589592
0.9795918367346939,0.08163265306122448,2.9542024536280387,0.8975713339203057
1.0,0.08163265306122448,5.106084854632693,1.992217617472038
0.0,0.1020408163265306,257.85750286646805,242.4507552281717
0.02040816326530612,0.1020408163265306,228.45343500213875,215.6165531281094
0.04081632653061224,0.1020408163265306,201.25609933095046,190.66935825798944
0.061224489795918366,0.1020408163265306,176.4107927931798,167.78032945853496
0.08163265306122448,0.1020408163265306,154.03985088311504,147.0966593426772
0.1020408163265306,0.1020408163265306,134.2201675572003,128.7190942037001
0.12244897959183673,0.1020408163265306,116.96526740721863,112.6840061884232
0.14285714285714285,0.1020408163265306,102.21359705338035,98.95168469029001
0.16326530612244897,0.1020408163265306,89.82412444026195,87.40193564530688
0.18367346938775508,0.1020408163265306,79.57965521932377,77.8373979145608
0.2040816326530612,0.1020408163265306,71.19755785603918,69.99426839134844
0.22448979591836732,0.1020408163265306,64.34690022590084,63.559438597182464
0.24489795918367346,0.1020408163265306,58.670404314204646,58.19244938157555
0.26530612244897955,0.1020408163265306,53.80917764036306,53.550222346353586
0.2857142857142857,0.1020408163265306,49.42792184369605,49.312268431446675
0.3061224489795918,0.1020408163265306,45.23827450049689,45.204029731954954
0.32653061224489793,0.1020408163265306,41.018113816982456,41.01618419109888
0.3469387755102041,0.1020408163265306,36.6250312202881,36.61811819121406
0.36734693877551017,0.1020408163265306,32.00271914681106,31.964314342094735
0.3877551020408163,0.1020408163265306,27.17968008224601,27.093060521029262
0.4081632653061224,0.1020408163265306,22.260376888608874,22.11760019982397
0.42857142857142855,0.1020408163265306,17.409647273443753,17.210546914010067
0.44897959183673464,0.1020408163265306,12.831831566060371,12.583012039081092
0.4693877551020408,0.1020408163265306,8.746554529889258,8.460386602848105
0.4897959183673469,0.1020408163265306,5.363413052528898,5.057028975486821
0.5102040816326531,0.1020408163265306,2.8579232881088554,2.5522120119007496
0.5306122448979591,0.1020408163265306,1.3509637209234668,1.069566115354876
0.5510204081632653,0.1020408163265306,0.8936255635524581,0.6619296355962874
0.5714285714285714,0.1020408163265306,1.4588791210244239,1.3030152330176445
0.5918367346938775,0.1020408163265306,2.9408309943502084,2.886667082190569
0.6122448979591836,0.1020408163265306,5.161641189699562,5.2337779810422935
0.6326530612244897,0.1020408163265306,7.885456970559748,8.106223203014276
0.6530612244897959,0.1020408163265306,10.838067863460573,11.226515502787223
0.673469387755102,0.1020408163265306,13.73045426684476,14.301353725151467
0.6938775510204082,0.1020408163265306,16.284040079897505,17.046875433836526
0.7142857142857142,0.1020408163265306,18.25530132594709,19.2132655349117
0.7346938775510203,0.1020408163265306,19.457442625589657,20.606432749910866
0.7551020408163265,0.1020408163265306,19.777126010199893,21.104738429343165
0.7755102040816326,0.1020408163265306,19.184696606925456,20.669222237687396
0.7959183673469387,0.1020408163265306,17.73695439641296,19.346373911118032
0.8163265306122448,0.1020408163265306,15.572214321285045,17.263193365982293
0.836734693877551,0.1020408163265306,12.898114063517088,14.614998476176817
0.8571428571428571,0.1020408163265306,9.973303140934325,11.64711416964483
0.8775510204081632,0.1020408163265306,7.084715896712336,8.632145417876607
0.8979591836734693,0.1020408163265306,4.522541571680277,5.844947308212709
0.9183673469387754,0.1020408163265306,2.5552187777465685,3.537619517269662
0.9387755102040816,0.1020408163265306,1.4067794219163918,1.9168502349574599
0.9591836734693877,0.1020408163265306,1.2386486751076529,1.1257161332955405
0.9795918367346939,0.1020408163265306,2.1375932505820314,1.2316306448438166
1.0,0.1020408163265306,4.110938578224305,2.2215611369820163
0.0,0.12244897959183673,248.36544996005588,233.26482477073915
0.02040816326530612,0.12244897959183673,219.4943815583764,206.92728523288545
0.04081632653061224,0.12244897959183673,192.81522167200436,182.4642242092738
0.061224489795918366,0.12244897959183673,168.47326724121632,160.04680054062703
0.08163265306122448,0.12244897959183673,146.5908537603006,139.82220683987654
0.1020408163265306,0.12244897959183673,127.24487518570135,121.8911894003063
0.12244897959183673,0.12244897959183673,110.44885610920156,106.29012036873573
0.14285714285714285,0.12244897959183673,96.14124315101161,92.97928913860848
0.16326530612244897,0.12244897959183673,84.18100425570789,81.83850164593079
0.18367346938775508,0.12244897959183673,74.35094507475085,72.67039675178967
0.2040816326530612,0.12244897959183673,66.36843407361383,65.21117134948184
0.22448979591836732,0.12244897959183673,59.902539127789396,59.14771696051991
0.24489795918367346,0.12244897959183673,54.595982222573554,54.13957443441657
0.26530612244897955,0.12244897959183673,50.08987087737875,49.843665372997734
0.2857142857142857,0.12244897959183673,46.04890673152492,45.93950071619349
0.3061224489795918,0.12244897959183673,42.184727361305356,42.15252255910397
0.32653061224489793,0.12244897959183673,38.275210972936925,38.27340884494963
0.3469387755102041,0.12244897959183673,34.17794899355499,34.17154595606609
0.36734693877551017,0.12244897959183673,29.836633859556784,29.801416502247577
0.3877551020408163,0.12244897959183673,25.279768056636982,25.201308360782452
0.4081632653061224,0.12244897959183673,20.611814446811497,20.484465003477045
0.42857142857142855,0.12244897959183673,15.997610737624452,15.823499965862567
0.44897959183673464,0.12244897959183673,11.641497258385552,11.429524623432556
0.4693877551020408,0.12244897959183673,7.763098772525336,7.527930003998066
0.4897959183673469,0.12244897959183673,4.572012167642283,4.333074477734818
0.5102040816326531,0.12244897959183673,2.243753597865962,2.0242308995463203
0.5306122448979591,0.12244897959183673,0.8992015474907049,0.7250296726975556
0.5510204081632653,0.12244897959183673,0.589447229096244,0.48830914693561667
0.5714285714285714,0.12244897959183673,1.2874609477111658,1.2877819826531578
0.5918367346938775,0.12244897959183673,2.887349304346321,3.017292354421804
0.6122448979591836,0.12244897959183673,5.211272305171457,5.497733060168789
0.6326530612244897,0.12244897959183673,8.023377213673838,8.490979373335566
0.6530612244897959,0.12244897959183673,11.04945355638327,11.719544048602847
0.673469387755102,0.12244897959183673,14.000481731742475,14.890125930760963
0.6938775510204082,0.12244897959183673,16.597885638936656,17.718862583539426
0.7142857142857142,0.12244897959183673,18.598141301294085,19.95593891300755
0.7346938775510203,0.12244897959183673,19.81445333941091,21.4072636406992
0.7551020408163265,0.12244897959183673,20.133483784661813,21.951198117123518
0.7755102040816326,0.12244897959183673,19.525577764194463,21.548782006759307
0.7959183673469387,0.12244897959183673,18.047535258655458,20.246505045781035
0.8163265306122448,0.12244897959183673,15.837671210667455,18.171367150535932
0.836734693877551,0.12244897959183673,13.103623302205817,15.518686194920624
0.8571428571428571,0.12244897959183673,10.104041051095786,12.533787106878343
0.8775510204081632,0.12244897959183673,7.125858800512942,9.489274857899364
0.8979591836734693,0.12244897959183673,4.459265791286441,6.660004535324248
0.9183673469387754,0.12244897959183673,2.372700635324703,4.298075815769519
0.9387755102040816,0.12244897959183673,1.0901952396329087,2.6101768891451727
0.9591836734693877,0.12244897959183673,0.7731747751289628,1.739384427470645
0.9795918367346939,0.12244897959183673,1.508405955074549,1.7531118633058504
1.0,0.12244897959183673,3.3032142093544428,2.6383265640305202
0.0,0.14285714285714285,239.0608189611822,224.26631622084506
0.02040816326530612,0.14285714285714285,210.7227500221526,198.4254392452001
0.04081632653061224,0.14285714285714285,184.5617659205968,174.44651206809664
0.061224489795918366,0.14285714285714285,160.72316359679138,152.50069353025765
0.08163265306122448,0.14285714285714285,139.32927854502478,132.73517624461448
0.1020408163265306,0.14285714285714285,120.45700472174099,115.25070650445105
0.12244897959183673,0.14285714285714285,104.11986671872303,100.08365645658685
0.14285714285714285,0.14285714285714285,90.25631115618135,87.19431549446547
0.16326530612244897,0.14285714285714285,78.7253059786924,76.46248955409318
0.18367346938775508,0.14285714285714285,69.30965683771643,67.69081749655706
0.2040816326530612,0.14285714285714285,61.72673219872694,60.615496215153755
0.22448979591836732,0.14285714285714285,55.64559993721647,54.92341723139587
0.24489795918367346,0.14285714285714285,50.708982038481004,50.27412139479614
0.26530612244897955,0.14285714285714285,46.55798602193297,46.324530307180424
0.2857142857142857,0.14285714285714285,42.85731352689232,42.75415490847884
0.3061224489795918,0.14285714285714285,39.31860212965234,39.288437293791524
0.32653061224489793,0.14285714285714285,35.71973003642992,35.71805540633891
0.3469387755102041,0.14285714285714285,31.91828867436041,31.91239562845665
0.36734693877551017,0.14285714285714285,27.857970479841036,27.825940569938947
0.3877551020408163,0.14285714285714285,23.56727793856648,23.49697810807417
0.4081632653061224,0.14285714285714285,19.150673912552655,19.03875171466865
0.42857142857142855,0.14285714285714285,14.77299610934368,14.623874925253595
0.44897959183673464,0.14285714285714285,10.63858485824926,10.463459115322546
0.4693877551020408,0.14285714285714285,6.967064922699941,6.782895312686556
0.4897959183673469,0.14285714285714285,3.9680331902941957,3.796541887521342
0.5102040816326531,0.14285714285714285,1.817005815161595,1.6836716947304176
0.5306122448979591,0.14285714285714285,0.6348612815964678,0.5679151375787619
0.5510204081632653,0.14285714285714285,0.47269080217855297,0.5021105658134708
0.5714285714285714,0.14285714285714285,1.3034646819364344,1.4599706398271977
0.5918367346938775,0.14285714285714285,3.0212895218809583,3.335339534191564
0.6122448979591836,0.14285714285714285,5.448325328181877,5.949110046833809
0.6326530612244897,0.14285714285714285,8.348719364326454,9.063157451195385
0.6530612244897959,0.14285714285714285,11.448261156844493,12.399994501956996
0.673469387755102,0.14285714285714285,14.45793110417872,15.666320043908984
0.6938775510204082,0.14285714285714285,17.099153105514333,18.578271640780862
0.7142857142857142,0.14285714285714285,19.12840318417961,20.886034198641923
0.7346938775510203,0.14285714285714285,20.358885960770692,22.395516439026057
0.7551020408163265,0.14285714285714285,20.67726346666226,22.9850797124424
0.7755102040816326,0.14285714285714285,20.053880829001997,22.615763683369742
0.7959183673469387,0.14285714285714285,18.54553802843649,21.33405808798257
0.8163265306122448,0.14285714285714285,16.29055000758839,19.266962842628093
0.836734693877551,0.14285714285714285,13.49655444843307,16.609795821202958
0.8571428571428571,0.14285714285714285,10.422200868795773,13.607881951650382
0.8775510204081632,0.14285714285714285,7.354423611852073,10.533826205460645
0.8979591836734693,0.14285714285714285,4.58341191843113,7.662483669974314
0.9183673469387754,0.14285714285714285,2.3776044004413626,5.245954021807902
0.9387755102040816,0.14285714285714285,0.9610329648879485,3.4909254508714103
0.9591836734693877,0.14285714285714285,0.4951227826887994,2.540474629184276
0.9795918367346939,0.14285714285714285,1.0666405671055923,2.462014989306411
1.0,0.14285714285714285,2.6829117480231055,3.242513898617549
0.0,0.16326530612244897,229.94360986984714,215.4552295784896
0.02040816326530612,0.16326530612244897,202.13854039346734,190.1110151650533
0.04081632653061224,0.16326530612244897,176.49573207672773,166.61622183445803
0.061224489795918366,0.16326530612244897,153.160481859905,145.1420084274268
0.08163265306122448,0.16326530612244897,132.25512523728742,125.83556755689088
0.1020408163265306,0.16326530612244897,113.85655616531909,108.79764551613428
0.12244897959183673,0.16326530612244897,97.97829923578304,94.06461445197644
0.14285714285714285,0.16326530612244897,84.5588010688897,81.59676375786096
0.16326530612244897,0.16326530612244897,73.45702960921538,71.27389936979418
0.18367346938775508,0.16326530612244897,64.45579050822059,62.89866014886299
0.2040816326530612,0.16326530612244897,57.272452231378615,56.2072429883642
0.22448979591836732,0.16326530612244897,51.57608265418208,50.88653940981037
0.24489795918367346,0.16326530612244897,47.00940376192697,46.59609026271422
0.26530612244897955,0.16326530612244897,43.21352307402571,42.99281714890163
0.2857142857142857,0.16326530612244897,39.85314222979825,39.75623100830272
0.3061224489795918,0.16326530612244897,36.63989880553786,36.61177393601759
0.32653061224489793,0.16326530612244897,33.35167100746145,33.35012387526672
0.3469387755102041,0.16326530612244897,29.84605026270436,29.84066720838573
0.36734693877551017,0.16326530612244897,26.066729007663817,26.037886545168845
0.3877551020408163,0.16326530612244897,22.042209728034504,21.980069762904417
0.4081632653061224,0.16326530612244897,17.876955285832338,17.780460333398782
0.42857142857142855,0.16326530612244897,13.73580338860143,13.61167179218315
0.44897959183673464,0.16326530612244897,9.823094365651496,9.684815514751062
0.4693877551020408,0.16326530612244897,6.3584529804130705,6.225282528913569
0.4897959183673469,0.16326530612244897,3.551476120484633,3.447431204846392
0.5102040816326531,0.16326530612244897,1.5776799399957522,1.5305343974530405
0.5306122448979591,0.16326530612244897,0.5579429232407591,0.598222509998493
0.5510204081632653,0.16326530612244897,0.5433562827993885,0.7033338922298515
0.5714285714285714,0.16326530612244897,1.5068903237002278,1.8195812045397624
0.5918367346938775,0.16326530612244897,3.3426516469541214,3.84080862149985
0.6122448979591836,0.16326530612244897,5.872800258730823,6.5879089410373535
0.6326530612244897,0.16326530612244897,8.861483422517594,9.822757436593726
0.6530612244897959,0.16326530612244897,12.034490664844242,13.267866862849672
0.673469387755102,0.16326530612244897,15.102802384153488,16.62993606459553
0.6938775510204082,0.16326530612244897,17.787842479630534,19.625102605560816
0.7142857142857142,0.16326530612244897,19.846086974603654,22.003551391814824
0.7346938775510203,0.16326530612244897,21.090740489668995,23.57119114489144
0.7551020408163265,0.16326530612244897,21.408465056201237,24.2063832152998
0.7755102040816326,0.16326530612244897,20.76960580134805,23.870167267518703
0.7959183673469387,0.16326530612244897,19.23096270575604,22.609033037722625
0.8163265306122448,0.16326530612244897,16.93085071204785,20.549980442258782
0.836734693877551,0.16326530612244897,14.07690750219885,17.88832735502381
0.8571428571428571,0.16326530612244897,10.927782594034285,14.869398703960945
0.8775510204081632,0.16326530612244897,7.770410330729728,11.765799460560451
0.8979591836734693,0.16326530612244897,4.894979953114344,8.852384712162904
0.9183673469387754,0.16326530612244897,2.569930073096547,6.381254135384809
0.9387755102040816,0.16326530612244897,1.019292597681515,4.5590959201361745
0.9591836734693877,0.16326530612244897,0.4044926977871608,3.5289867384364317
0.9795918367346939,0.16326530612244897,0.8122970866751604,3.3583400228454963
1.0,0.16326530612244897,2.250031194230294,4.0341231407431035
0.0,0.18367346938775508,221.01382268605053,206.83156484367257
0.02040816326530612,0.18367346938775508,193.74175267232053,181.98401299244497
0.04081632653061224,0.18367346938775508,168.61712014039722,158.97335350835795
0.061224489795918366,0.18367346938775508,145.78522203055712,137.97074523213445
0.08163265306122448,0.18367346938775508,125.36839383708859,119.12338077670583
0.1020408163265306,0.18367346938775508,107.44352951643575,102.53200643535607
0.12244897959183673,0.18367346938775508,92.02415366038159,88.23299435490458
0.14285714285714285,0.18367346938775508,79.0487128891365,76.18663392879503
0.16326530612244897,0.18367346938775508,68.37617514727692,66.27273109303363
0.18367346938775508,0.18367346938775508,59.78934608626322,58.29392470870744
0.2040816326530612,0.18367346938775508,53.0055941715688,51.986411669113174
0.22448979591836732,0.18367346938775508,47.693987278686215,47.03708349576339
0.24489795918367346,0.18367346938775508,43.49724739291146,43.105481038170836
0.26530612244897955,0.18367346938775508,40.05648203365696,39.84852589816137
0.2857142857142857,0.18367346938775508,37.036392840242684,36.94572901566511
0.3061224489795918,0.18367346938775508,34.148617388961895,34.12253248578219
0.32653061224489793,0.18367346938775508,31.1710338860315,31.16961425173305
0.3469387755102041,0.18367346938775508,27.961233758586825,27.95636069585334
0.36734693877551017,0.18367346938775508,24.462909443025115,24.437254427937262
0.3877551020408163,0.18367346938775508,20.704563425041048,20.65058332527319
0.4081632653061224,0.18367346938775508,16.790658566650542,16.709590859667436
0.42857142857142855,0.18367346938775508,12.886032575397705,12.786890566651229
0.44897959183673464,0.18367346938775508,9.195025780592255,9.093593821718102
0.4693877551020408,0.18367346938775508,5.937262945664725,5.855091652679108
0.4897959183673469,0.18367346938775508,3.322340958213595,3.285742429709967
0.5102040816326531,0.18367346938775508,1.5257759723684359,1.5648190077141884
0.5306122448979591,0.18367346938775508,0.6684464724235735,0.8159517899567525
0.5510204081632653,0.18367346938775508,0.8014436709587507,1.0919791261847553
0.5714285714285714,0.18367346938775508,1.897737873002546,2.366613676790851
0.5918367346938775,0.18367346938775508,3.851435679565812,4.533699616346663
0.6122448979591836,0.18367346938775508,6.484697096818295,7.414129742779425
0.6326530612244897,0.18367346938775508,9.561669388247264,10.769779329530593
0.6530612244897959,0.18367346938775508,12.808142080382515,14.323161131280875
0.673469387755102,0.18367346938775508,15.935095571666784,17.7809739928206
0.6938775510204082,0.18367346938775508,18.663953761285264,20.859355477879294
0.7142857142857142,0.18367346938775508,20.751192672566226,23.308490492526257
0.7346938775510203,0.18367346938775508,22.010016926105823,24.934287758295355
0.7551020408163265,0.18367346938775508,22.327088553278738,25.61510862569573
0.7755102040816326,0.18367346938775508,21.672752681232634,25.311992759206188
0.7959183673469387,0.18367346938775508,20.103809290614116,24.071429895001206
0.8163265306122448,0.18367346938775508,17.758573324045834,22.020419949427996
0.836734693877551,0.18367346938775508,14.844682463503156,19.354280796383204
0.8571428571428571,0.18367346938775508,11.620786226811322,16.318337363810034
0.8775510204081632,0.18367346938775508,8.373818957145911,13.185194623198793
0.8979591836734693,0.18367346938775508,5.3939698953360855,10.229707661890018
0.9183673469387754,0.18367346938775508,2.9496776532902587,7.703976156500242
0.9387755102040816,0.18367346938775508,1.2649741380136081,5.814688296939463
0.9591836734693877,0.18367346938775508,0.501284520424047,4.704920755227112
0.9795918367346939,0.18367346938775508,0.7453755137832534,4.44208696392311
1.0,0.18367346938775508,2.0045725479760064,5.01315429040719
0.0,0.2040816326530612,212.27145740979248,198.39532201639412
0.02040816326530612,0.2040816326530612,185.5323868587123,174.04443272737518
0.04081632653061224,0.2040816326530612,160.92593011160517,151.51790708979632
0.061224489795918366,0.2040816326530612,138.59738410874778,130.98690394438063
0.08163265306122448,0.2040816326530612,118.6690843444283,112.59861590405932
0.1020408163265306,0.2040816326530612,101.21792477509092,96.45378926211635
0.12244897959183673,0.2040816326530612,86.25742999251864,82.58879616537125
0.14285714285714285,0.2040816326530612,73.72604661692185,70.96392600726757
0.16326530612244897,0.2040816326530612,63.48274259287699,61.45898472381164
0.18367346938775508,0.2040816326530612,55.31032357184441,53.87661117609043
0.2040816326530612,0.2040816326530612,48.92615801929752,47.95300225740067
0.22448979591836732,0.2040816326530612,43.99931381072888,43.37504948925494
0.24489795918367346,0.2040816326530612,40.172512931434476,39.80229372116597
0.26530612244897955,0.2040816326530612,37.086862900826745,36.891656554959624
0.2857142857142857,0.2040816326530612,34.40706535822565,34.32264893056603
0.3061224489795918,0.2040816326530612,31.844757879924465,31.820712943085304
0.32653061224489793,0.2040816326530612,29.17781867214007,29.176526535737914
0.3469387755102041,0.2040816326530612,26.26383916200782,26.259476090859472
0.36734693877551017,0.2040816326530612,23.04651178592494,23.024044218244207
0.3877551020408163,0.2040816326530612,19.554339029586124,19.508518795180482
0.4081632653061224,0.2040816326530612,15.891783755007271,15.826143293474617
0.42857142857142855,0.2040816326530612,12.223683669732505,12.149531248657835
0.44897959183673464,0.2040816326530612,8.754379103071539,8.689794036223667
0.4693877551020408,0.2040816326530612,5.703494818454905,5.6723226839831735
0.4897959183673469,0.2040816326530612,3.280627703481084,3.3114755621120677
0.5102040816326531,0.2040816326530612,1.6612939122796444,1.7865255255138628
0.5306122448979591,0.2040816326530612,0.9663719291449144,1.2211029774535351
0.5510204081632653,0.2040816326530612,1.2469529666566377,1.6680462676781875
0.5714285714285714,0.2040816326530612,2.476007329843391,3.101068056580468
0.5918367346938775,0.2040816326530612,4.547641619716026,5.414012518732003
0.6122448979591836,0.2040816326530612,7.284015842444294,8.427772452060022
0.6326530612244897,0.2040816326530612,10.449277261515455,11.904223130005985
0.6530612244897959,0.2040816326530612,13.769215403459317,15.5658773072506
0.673469387755102,0.2040816326530612,16.954810666718608,19.119433828584206
0.6938775510204082,0.2040816326530612,19.727486950478514,22.2810302577363
0.7142857142857142,0.2040816326530612,21.843720278067323,24.800851500776208
0.7346938775510203,0.2040816326530612,23.116715270081176,26.48480627923779
0.7551020408163265,0.2040816326530612,23.433133957894768,27.211255943630185
0.7755102040816326,0.2040816326530612,22.76332146865574,26.94124015843221
0.7959183673469387,0.2040816326530612,21.16407778301072,25.721248659818315
0.8163265306122448,0.2040816326530612,18.773717843582347,23.678281364135742
0.836734693877551,0.2040816326530612,15.79987933234599,21.007656145281114
0.8571428571428571,0.2040816326530612,12.501211767126886,17.954697931197657
0.8775510204081632,0.2040816326530612,9.164649491100622,14.79201169337565
0.8979591836734693,0.2040816326530612,6.0803817450963535,11.794452519155659
0.9183673469387754,0.2040816326530612,3.516847141022496,9.21412008515421
0.9387755102040816,0.2040816326530612,1.698077585884226,7.257702581281285
0.9591836734693877,0.2040816326530612,0.7854982505994599,6.068276679556328
0.9795918367346939,0.2040816326530612,0.865875848429873,5.713255812539251
1.0,0.2040816326530612,1.9465358092602472,6.179607347609795
0.0,0.22448979591836732,203.71651404107294,190.14650109665416
0.02040816326530612,0.22448979591836732,177.5104429526426,166.29227436984394
0.04081632653061224,0.22448979591836732,153.42216199035173,144.2498825787733
0.061224489795918366,0.22448979591836732,131.59696809447695,124.19048456416533
0.08163265306122448,0.22448979591836732,112.15719675930653,106.26127293895132
0.1020408163265306,0.22448979591836732,95.17974194128462,90.5629939964152
0.12244897959183673,0.22448979591836732,80.6781282321942,77.13201988337644
0.14285714285714285,0.22448979591836732,68.59080225224574,65.92863999327867
0.16326530612244897,0.22448979591836732,58.77673194601557,56.83266026212817
0.18367346938775508,0.22448979591836732,51.01872296496412,49.64671955101194
0.2040816326530612,0.22448979591836732,45.03414377456476,44.10701475322669
0.22448979591836732,0.22448979591836732,40.49206225031006,39.900437390285006
0.24489795918367346,0.22448979591836732,37.035200377496025,36.68652831169963
0.26530612244897955,0.22448979591836732,34.304665675535055,34.12220911929641
0.2857142857142857,0.22448979591836732,31.965159783747154,31.88699075300548
0.3061224489795918,0.22448979591836732,29.728320278425556,29.706315307926953
0.32653061224489793,0.22448979591836732,27.372025365787174,27.370860727281297
0.3469387755102041,0.22448979591836732,24.753866472967342,24.750013393404135
0.36734693877551017,0.22448979591836732,21.817536036363297,21.79825591608968
0.3877551020408163,0.22448979591836732,18.591536541669726,18.553876172626303
0.4081632653061224,0.22448979591836732,15.18033085090253,15.130117634820326
0.42857142857142855,0.22448979591836732,11.748756671605834,11.699593838202967
0.44897959183673464,0.22448979591836732,8.50115433308935,8.473416158267758
0.4693877551020408,0.22448979591836732,5.6571485987836105,5.676975622825764
0.4897959183673469,0.22448979591836732,3.4263363562870977,3.524630602052694
0.5102040816326531,0.22448979591836732,1.9842337597293795,2.1956539508520603
0.5306122448979591,0.22448979591836732,1.451719293404782,1.8136760724888426
0.5510204081632653,0.22448979591836732,1.8798841698930495,2.4315353167101437
0.5714285714285714,0.22448979591836732,3.2416986942227606,4.022944343908608
0.5918367346938775,0.22448979591836732,5.431269467404764,6.481747328655865
0.6122448979591836,0.22448979591836732,8.270756495608817,9.62883706887914
0.6326530612244897,0.22448979591836732,11.524307042322171,13.226088838019903
0.6530612244897959,0.22448979591836732,14.917710634074638,16.996015390758853
0.673469387755102,0.22448979591836732,18.16194766930895,20.64531557188633
0.6938775510204082,0.22448979591836732,20.978442047210294,23.890126945131833
0.7142857142857142,0.22448979591836732,23.123669791106945,26.480634416564683
0.7346938775510203,0.22448979591836732,24.410835521595057,28.22274670771875
0.7551020408163265,0.22448979591836732,24.72660127004932,28.994825169103166
0.7755102040816326,0.22448979591836732,24.041312163617373,28.757909465196747
0.7959183673469387,0.22448979591836732,22.411768182945845,27.558489332173945
0.8163265306122448,0.22448979591836732,19.97628427065738,25.52356468638201
0.836734693877551,0.22448979591836732,16.942498108727346,22.84845340171755
0.8571428571428571,0.22448979591836732,13.569059214980973,19.778480406123798
0.8775510204081632,0.22448979591836732,10.142901932593855,16.586250671091033
0.8979591836734693,0.22448979591836732,6.954215502395144,13.546619283959824
0.9183673469387754,0.22448979591836732,4.271438536293258,10.911685921346695
0.9387755102040816,0.22448979591836732,2.3186029412933697,8.888138773161625
0.9591836734693877,0.22448979591836732,1.2571338883133976,7.61905451142406
0.9795918367346939,0.22448979591836732,1.1737980906150174,7.171846568693913
1.0,0.22448979591836732,2.075920978083011,7.533482312350926
0.0,0.24489795918367346,195.3489925798919,182.08510208445273
0.02040816326530612,0.24489795918367346,169.6759209541114,158.72753791985116
0.04081632653061224,0.24489795918367346,146.10581577663677,137.16927997528882
0.061224489795918366,0.24489795918367346,124.78397398774462,117.58148709148857
0.08163265306122448,0.24489795918367346,105.83273108172328,100.11135188138184
0.1020408163265306,0.24489795918367346,89.32898101501684,84.85962063825252
0.12244897959183673,0.24489795918367346,75.2862483794083,71.86266550892016
0.14285714285714285,0.24489795918367346,63.642979795108126,61.08077588682827
0.16326530612244897,0.24489795918367346,54.25814320669268,52.39375770798321
0.18367346938775508,0.24489795918367346,46.91454426562234,45.604249833471954
0.2040816326530612,0.24489795918367346,41.32955143737051,40.448449156591224
0.22448979591836732,0.24489795918367346,37.172232597429755,36.613247198853585
0.24489795918367346,0.24489795918367346,34.08530973109609,33.758184809771805
0.26530612244897955,0.24489795918367346,31.709890357781898,31.54018359117171
0.2857142857142857,0.24489795918367346,29.71067611680717,29.638754482983448
0.3061224489795918,0.24489795918367346,27.79930458446517,27.779339580307123
0.32653061224489793,0.24489795918367346,25.753653966972795,25.752616826363205
0.3469387755102041,0.24489795918367346,23.431315691465386,23.42797260348732
0.36734693877551017,0.24489795918367346,20.775982194340173,20.759889521473674
0.3877551020408163,0.24489795918367346,17.816155961291848,17.78665545761065
0.4081632653061224,0.24489795918367346,14.65629985433631,14.621513883704557
0.42857142857142855,0.24489795918367346,11.461251581017686,11.437078335286621
0.44897959183673464,0.24489795918367346,8.435351470645685,8.444460187850376
0.4693877551020408,0.24489795918367346,5.798224286650843,5.86905046920688
0.4897959183673469,0.24489795918367346,3.759466916631639,3.925207549531846
0.5102040816326531,0.24489795918367346,2.4945955147176386,2.792204283728786
0.5306122448979591,0.24489795918367346,2.1244885652031744,2.5936710750626784
0.5510204081632653,0.24489795918367346,2.700237280667988,3.382446273280628
0.5714285714285714,0.24489795918367346,4.194811966140658,5.132242538775277
0.5918367346938775,0.24489795918367346,6.502319222632032,7.736904046118252
0.6122448979591836,0.24489795918367346,9.444919056311864,11.017323593236796
0.6326530612244897,0.24489795918367346,12.786758730667422,14.735376453572355
0.6530612244897959,0.24489795918367346,16.253627772228494,18.613575381805628
0.673469387755102,0.24489795918367346,19.556506579437823,22.35861922272698
0.6938775510204082,0.24489795918367346,22.4168190514806,25.686645540065896
0.7142857142857142,0.24489795918367346,24.591041211685102,28.347839239891684
0.7346938775510203,0.24489795918367346,25.89237768064747,30.148109043738234
0.7551020408163265,0.24489795918367346,26.207490489742394,30.965816302114682
0.7755102040816326,0.24489795918367346,25.50672476611754,30.76200067949981
0.7959183673469387,0.24489795918367346,23.846880490419508,29.583151912068114
0.8163265306122448,0.24489795918367346,21.36627260527095,27.556269916166798
0.836734693877551,0.24489795918367346,18.272538792647225,24.87667256569251
0.8571428571428571,0.24489795918367346,14.824328570373595,21.789684788588463
0.8775510204081632,0.24489795918367346,11.308576281625612,18.567911556344942
0.8979591836734693,0.24489795918367346,8.01547116723246,15.486207956302525
0.9183673469387754,0.24489795918367346,5.213451839102545,12.796673665077705
0.9387755102040816,0.24489795918367346,3.1265502042410382,10.70599687258049
0.9591836734693877,0.24489795918367346,1.9161914335658619,9.357254250830318
0.9795918367346939,0.24489795918367346,1.6691422403386866,8.8178592323871
1.0,0.24489795918367346,2.3927280544443015,9.074779184630582
0.0,0.26530612244897955,187.16889302624946,174.21112497978987
0.02040816326530612,0.26530612244897955,162.02882086311877,151.35022337739696
0.04081632653061224,0.26530612244897955,138.97689147046034,130.27609927934282
0.061224489795918366,0.26530612244897955,118.15840178855085,111.15991152635033
0.08163265306122448,0.26530612244897955,99.69568731167857,94.1488527313509
0.1020408163265306,0.26530612244897955,83.66564199628758,79.34366918762845
0.12244897959183673,0.26530612244897955,70.08179043416095,66.78073304200238
0.14285714285714285,0.26530612244897955,58.88257924550907,56.420333687916425
0.16326530612244897,0.26530612244897955,49.92697637490833,48.1422770613768
0.18367346938775508,0.26530612244897955,42.9977874738191,41.749202023470524
0.2040816326530612,0.26530612244897955,37.81238100771482,36.97730546749431
0.22448979591836732,0.26530612244897955,34.039824852088,33.51347891496072
0.24489795918367346,0.26530612244897955,31.32284099223468,31.017263215382524
0.26530612244897955,0.26530612244897955,29.302536947567265,29.14557997058555
0.2857142857142857,0.26530612244897955,27.643614357405724,27.577940120499953
0.3061224489795918,0.26530612244897955,26.057710798043317,26.039785760225826
0.32653061224489793,0.26530612244897955,24.32270447569695,24.32179483298364
0.3469387755102041,0.26530612244897955,22.29618681750196,22.293353721109032
0.36734693877551017,0.26530612244897955,19.92185025985558,19.908945034396197
0.3877551020408163,0.26530612244897955,17.2281972884525,17.206856650133524
0.4081632653061224,0.26530612244897955,14.319690765308621,14.300332040127316
0.42857142857142855,0.26530612244897955,11.361168397968065,11.361984739908804
0.44897959183673464,0.26530612244897955,8.556970515740545,8.602926124971518
0.4693877551020408,0.26530612244897955,6.1267218820566,6.24854722312652
0.4897959183673469,0.26530612244897955,4.2800193845147,4.513206404549524
0.5102040816326531,0.26530612244897955,3.1923791772444234,3.5761765241440333
0.5306122448979591,0.26530612244897955,2.984679744540089,3.5610879851750337
0.5510204081632653,0.26530612244897955,3.7080122989814512,4.520779137389635
0.5714285714285714,0.26530612244897955,5.3353471455970745,6.428962641180468
0.5918367346938775,0.26530612244897955,7.760790885397823,9.179482671119164
0.6122448979591836,0.26530612244897955,10.806503524553438,12.593232025132966
0.6326530612244897,0.26530612244897955,14.236632326551181,16.432085976663313
0.6530612244897959,0.26530612244897955,17.77696681792087,20.418557280390928
0.673469387755102,0.26530612244897955,21.138487397105216,24.25934478110615
0.6938775510204082,0.26530612244897955,24.042617963289423,27.670586042538467
0.7142857142857142,0.26530612244897955,26.245834539801763,30.402465970757213
0.7346938775510203,0.26530612244897955,27.56134174723839,32.26089328729624
0.7551020408163265,0.26530612244897955,27.875801616973995,33.1242293426647
0.7755102040816326,0.26530612244897955,27.159559276156216,32.9535138013414
0.7959183673469387,0.26530612244897955,25.469414705431678,31.795236399500798
0.8163265306122448,0.26530612244897955,22.943682847423034,29.776397053490115
0.836734693877551,0.26530612244897955,19.790001384105633,27.09231363720599
0.8571428571428571,0.26530612244897955,16.267019833304733,23.988311078591654
0.8775510204081632,0.26530612244897955,12.661672538195894,20.736994349137376
0.8979591836734693,0.26530612244897955,9.264148739608302,17.613218536183727
0.9183673469387754,0.26530612244897955,6.342887049450356,14.86908331634724
0.9387755102040816,0.26530612244897955,4.121919374727232,12.71127687953788
0.9591836734693877,0.26530612244897955,2.762670886356849,11.282875897775101
0.9795918367346939,0.26530612244897955,2.3519082976008825,10.651293803618813
1.0,0.26530612244897955,2.8969570383441168,10.803497964448765
0.0,0.2857142857142857,179.1762153801455,166.52456978266548
0.02040816326530612,0.2857142857142857,154.5691426796646,144.16033074248128
0.04081632653061224,0.2857142857142857,132.03538907182246,123.57034049093535
0.061224489795918366,0.2857142857142857,111.7202514968956,104.92575786875061
0.08163265306122448,0.2857142857142857,93.74606544917233,88.37377548885844
0.1020408163265306,0.2857142857142857,78.18972488509684,74.01513964454281
0.12244897959183673,0.2857142857142857,65.0647543964521,61.88622248262315
0.14285714285714285,0.2857142857142857,54.3096006034485,51.94731339654309
0.16326530612244897,0.2857142857142857,45.78323145066247,44.0782183223089
0.18367346938775508,0.2857142857142857,39.26845258955438,38.0815761210076
0.2040816326530612,0.2857142857142857,34.48263248559763,33.6935836859359
0.22448979591836732,0.2857142857142857,31.09483901428476,30.60113253860636
0.24489795918367346,0.2857142857142857,28.747794160911802,28.463763528531754
0.26530612244897955,0.2857142857142857,27.082605444891147,26.93839825753791
0.2857142857142857,0.2857142857142857,25.763974505542794,25.704547665554976
0.3061224489795918,0.2857142857142857,24.503538919159986,24.487653847683045
0.32653061224489793,0.2857142857142857,23.07917689195962,23.0783947471426
0.3469387755102041,0.2857142857142857,21.348479851077055,21.346156746269266
0.36734693877551017,0.2857142857142857,19.25514023290951,19.24542245485724
0.3877551020408163,0.2857142857142857,16.82766052315167,16.81447975019492
0.4081632653061224,0.2857142857142857,14.170503583819453,14.1665721040886
0.42857142857142855,0.2857142857142857,11.44850712245697,11.474313052069512
0.44897959183673464,0.2857142857142857,8.866011468373934,8.948813969631185
0.4693877551020408,0.2857142857142857,6.642641385000883,6.81546588458469
0.4897959183673469,0.2857142857142857,4.987993759936295,5.288627167105727
0.5102040816326531,0.2857142857142857,4.077584747309736,4.547570672097814
0.5306122448979591,0.2857142857142857,4.032292831415534,4.715926802825925
0.5510204081632653,0.2857142857142857,4.9032092248334385,5.846533909037167
0.5714285714285714,0.2857142857142857,6.6633042325920275,7.9131046511241845
0.5918367346938775,0.2857142857142857,9.206684455702138,10.809483203658603
0.6122448979591836,0.2857142857142857,12.355509900333534,14.356562364567665
0.6326530612244897,0.2857142857142857,15.873927829973484,18.316217407292818
0.6530612244897959,0.2857142857142857,19.48772777115177,22.410961086514767
0.673469387755102,0.2857142857142857,22.907890122311137,26.347492247023848
0.6938775510204082,0.2857142857142857,25.855838782636788,29.841948452549588
0.7142857142857142,0.2857142857142857,28.088049775456973,32.64451460916128
0.7346938775510203,0.2857142857142857,29.417727721367857,34.561099438392795
0.7551020408163265,0.2857142857142857,29.731534651744134,35.47006429075327
0.7755102040816326,0.2857142857142857,28.99981569373343,35.33244883072151
0.7959183673469387,0.2857142857142857,27.279370827982394,34.194742794472006
0.8163265306122448,0.2857142857142857,24.708514997113646,32.18394609835195
0.836734693877551,0.2857142857142857,21.494885883102576,29.495376616258014
0.8571428571428571,0.2857142857142857,17.897133003774396,26.374359276133372
0.8775510204081632,0.2857142857142857,14.202190702304712,23.093499049468353
0.8979591836734693,0.2857142857142857,10.700248219522669,19.92765102360348
0.9183673469387754,0.2857142857142857,7.659744167336694,17.1289148751553
0.9387755102040816,0.2857142857142857,5.30471045275195,14.903978794033796
0.9591836734693877,0.2857142857142857,3.7965722466863667,13.39591945225841
0.9795918367346939,0.2857142857142857,3.222096262401606,12.672150282389051
1.0,0.2857142857142857,3.5886079297824622,12.71963865180547
0.0,0.3061224489795918,171.37095964158007,159.02543649307967
0.02040816326530612,0.3061224489795918,147.29688640374903,137.15786001510412
0.04081632653061224,0.3061224489795918,125.28130858072306,117.05200361006638
0.061224489795918366,0.3061224489795918,105.46952311277887,98.8790261186894
0.08163265306122448,0.3061224489795918,87.98386549420468,82.78612015390455
0.1020408163265306,0.3061224489795918,72.90122968144465,68.87403200899575
0.12244897959183673,0.3061224489795918,60.235140266281796,57.17913383078244
0.14285714285714285,0.3061224489795918,49.92404386892649,47.661715012708285
0.16326530612244897,0.3061224489795918,41.82690843395516,40.20158149077953
0.18367346938775508,0.3061224489795918,35.72653961282819,34.60137212608321
0.2040816326530612,0.3061224489795918,31.34030587101897,30.597283811916025
0.22448979591836732,0.3061224489795918,28.337275084020046,27.87620806979054
0.24489795918367346,0.3061224489795918,26.36016923712745,26.09768574921952
0.26530612244897955,0.3061224489795918,25.050095849753564,24.918638452028798
0.2857142857142857,0.3061224489795918,24.071756561218393,24.018577118148524
0.3061224489795918,0.3061224489795918,23.13678894781518,23.122943842678797
0.32653061224489793,0.3061224489795918,22.023071215760822,22.022416568840086
0.3469387755102041,0.3061224489795918,20.58819479219068,20.586381678968028
0.36734693877551017,0.3061224489795918,18.775852113501966,18.769321782856817
0.3877551020408163,0.3061224489795918,16.614545665389375,16.609524757794844
0.4081632653061224,0.3061224489795918,14.208738309868814,14.220234075588408
0.42857142857142855,0.3061224489795918,11.7232677544844,11.774063271768746
0.44897959183673464,0.3061224489795918,9.362474328545845,9.48212372182938
0.4693877551020408,0.3061224489795918,7.345982795483691,7.569806453581382
0.4897959183673469,0.3061224489795918,5.88339004289641,6.251469837200453
0.5102040816326531,0.3061224489795918,5.150212224913572,5.7063867275901154
0.5306122448979591,0.3061224489795918,5.267327825829498,6.058187528015335
0.5510204081632653,0.3061224489795918,6.28582805822396,7.3597105882232245
0.5714285714285714,0.3061224489795918,8.17868322712549,9.584668568606427
0.5918367346938775,0.3061224489795918,10.839999933544988,12.626905643736578
0.6122448979591836,0.3061224489795918,14.091938183652168,16.30731461154089
0.6326530612244897,0.3061224489795918,17.698645240934304,20.387770745460838
0.6530612244897959,0.3061224489795918,21.3859106319212,24.59078680017712
0.673469387755102,0.3061224489795918,24.864714755055594,28.623061620480087
0.6938775510204082,0.3061224489795918,27.856481509522666,32.20073277009922
0.7142857142857142,0.3061224489795918,30.117686918650698,35.07398515510384
0.7346938775510203,0.3061224489795918,31.46153560303584,37.04872749702784
0.7551020408163265,0.3061224489795918,31.774689594052774,38.00332114638035
0.7755102040816326,0.3061224489795918,31.02749401884917,37.89880576764016
0.7959183673469387,0.3061224489795918,29.27674885807162,36.78167109698174
0.8163265306122448,0.3061224489795918,26.660769054342786,34.778917050752334
0.836734693877551,0.3061224489795918,23.387192289638023,32.08586150284853
0.8571428571428571,0.3061224489795918,19.714668081782584,28.947829381213626
0.8775510204081632,0.3061224489795918,15.930130773952037,25.637425657337822
0.8979591836734693,0.3061224489795918,12.32376960697557,22.42950541856175
0.9183673469387754,0.3061224489795918,9.164023192761565,19.5761683415019
0.9387755102040816,0.3061224489795918,6.6749234383152025,17.284102616068253
0.9591836734693877,0.3061224489795918,5.017895514554409,15.696384914280257
0.9795918367346939,0.3061224489795918,4.279706134740852,14.880428668697828
1.0,0.3061224489795918,4.467680728759323,14.823201246700714
0.0,0.32653061224489793,163.75312581055317,151.71372511103235
0.02040816326530612,0.32653061224489793,140.21205203537193,130.34281119526548
0.04081632653061224,0.32653061224489793,118.71464999716225,110.721088636736
0.061224489795918366,0.32653061224489793,99.40621663620068,93.01971627616678
0.08163265306122448,0.32653061224489793,82.40908744677553,77.38588672648918
0.1020408163265306,0.32653061224489793,67.80015638533098,63.9203462809872
0.12244897959183673,0.32653061224489793,55.592948043650004,52.65946708648026
0.14285714285714285,0.32653061224489793,45.725909041943,43.563538536412004
0.16326530612244897,0.32653061224489793,38.05800732478638,36.51236656678869
0.18367346938775508,0.32653061224489793,32.372048543640524,31.30859003869735
0.2040816326530612,0.32653061224489793,28.38540116397884,27.688405845434673
0.22448979591836732,0.32653061224489793,25.767133061293862,25.338705508513243
0.24489795918367346,0.32653061224489793,24.15996622088162,23.919029877445805
0.26530612244897955,0.32653061224489793,23.205008162154506,23.086300554058212
0.2857142857142857,0.32653061224489793,22.56696052443252,22.5200284782806
0.3061224489795918,0.32653061224489793,21.957460884008903,21.945655745213074
0.32653061224489793,0.32653061224489793,21.154387447100554,21.1538602980761
0.3469387755102041,0.32653061224489793,20.01533164084283,20.01402851920532
0.36734693877551017,0.32653061224489793,18.48398590163295,18.480643018394915
0.3877551020408163,0.32653061224489793,16.5888527151656,16.59199167293329
0.4081632653061224,0.32653061224489793,14.434394943456699,14.461317954626743
0.42857142857142855,0.32653061224489793,12.185450294050355,12.261235399006503
0.44897959183673464,0.32653061224489793,10.046359096256282,10.202855381566097
0.4693877551020408,0.32653061224489793,8.236746113505024,8.5115689301166
0.4897959183673469,0.32653061224489793,6.966208233395051,7.401734414833706
0.5102040816326531,0.32653061224489793,6.4102616100559375,7.0526246906209415
0.5306122448979591,0.32653061224489793,6.689784727781999,7.587870160743271
0.5510204081632653,0.32653061224489793,7.85586879915299,9.060309174947808
0.5714285714285714,0.32653061224489793,9.881484129197496,11.443654393627193
0.5918367346938775,0.32653061224489793,12.660737318926344,14.631749991353054
0.6122448979591836,0.32653061224489793,16.015788374509306,18.445488766052637
0.6326530612244897,0.32653061224489793,19.710784559433648,22.646745991167382
0.6530612244897959,0.32653061224489793,23.471515400229148,26.958034421378
0.673469387755102,0.32653061224489793,27.008961295338555,31.08605290147482
0.6938775510204082,0.32653061224489793,30.04454614394707,34.74693899518738
0.7142857142857142,0.32653061224489793,32.33474596938294,37.690877608584955
0.7346938775510203,0.32653061224489793,33.69276539224234,39.72377746320144
0.7551020408163265,0.32653061224489793,34.00526644389996,40.72399990954595
0.7755102040816326,0.32653061224489793,33.24259425150343,40.652584612097314
0.7959183673469387,0.32653061224489793,31.461548795699375,39.556021307029994
0.8163265306122448,0.32653061224489793,28.800445019110448,37.56130991069121
0.836734693877551,0.32653061224489793,25.46692060371202,34.86376829697761
0.8571428571428571,0.32653061224489793,21.719625067329304,31.708721393832377
0.8775510204081632,0.32653061224489793,17.845492753137908,28.368774172745848
0.8979591836734693,0.32653061224489793,14.134712901966978,25.118781721058543
0.9183673469387754,0.32653061224489793,10.855724125724944,22.210843715386996
0.9387755102040816,0.32653061224489793,8.232558331416964,19.851648345641202
0.9591836734693877,0.32653061224489793,6.426640689960966,18.184272283840603
0.9795918367346939,0.32653061224489793,5.524737914618627,17.2761289625451
1.0,0.32653061224489793,5.5341754352747206,17.114185749134457
0.0,0.3469387755102041,156.3227138870648,144.58943563652358
0.02040816326530612,0.3469387755102041,133.31463957453337,123.7151842829654
0.04081632653061224,0.3469387755102041,112.3354133211399,104.57759557094407
0.061224489795918366,0.3469387755102041,93.530332067161,87.3478283411826
0.08163265306122448,0.3469387755102041,77.02173130688492,72.17307520661232
0.1020408163265306,0.3469387755102041,62.886504996755825,59.15408246051717
0.12244897959183673,0.3469387755102041,51.13817772855672,48.32722224971659
0.14285714285714285,0.3469387755102041,41.71519612249802,39.652783967654244
0.16326530612244897,0.3469387755102041,34.47652812315611,33.010573550336375
0.18367346938775508,0.3469387755102041,29.20497938199138,28.20322985885
0.2040816326530612,0.3469387755102041,25.617918364477234,24.966949786491835
0.22448979591836732,0.3469387755102041,23.3844129461062,22.988624854774464
0.24489795918367346,0.3469387755102041,22.14718511217431,21.927795913210616
0.26530612244897955,0.3469387755102041,21.54734238209397,21.441384563626144
0.2857142857142857,0.3469387755102041,21.24958639518517,21.208901745951202
0.3061224489795918,0.3469387755102041,20.965554727741143,20.95578955528587
0.32653061224489793,0.3469387755102041,20.473125585978803,20.472725934850637
0.3469387755102041,0.3469387755102041,19.629890397033503,19.629097266981127
0.36734693877551017,0.3469387755102041,18.379541597302456,18.379386161471544
0.3877551020408163,0.3469387755102041,16.750581672480354,16.761880495610264
0.4081632653061224,0.3469387755102041,14.847473484583109,14.889823741203603
0.42857142857142855,0.3469387755102041,12.835054741154835,12.935829433782787
0.44897959183673464,0.3469387755102041,10.91766577150525,11.111008948841347
0.4693877551020408,0.3469387755102041,9.314931339064886,9.640753314190341
0.4897959183673469,0.3469387755102041,8.236448331432218,8.739420900005491
0.5102040816326531,0.3469387755102041,7.8577329027368235,8.586284561190293
0.5306122448979591,0.3469387755102041,8.299663537273016,9.30497470100973
0.5510204081632653,0.3469387755102041,9.613331447620563,10.948329669210926
0.5714285714285714,0.3469387755102041,11.771706938808016,13.490062126186498
0.5918367346938775,0.3469387755102041,14.668896611846247,16.82401624650808
0.6122448979591836,0.3469387755102041,18.127060472904994,20.771084828102907
0.6326530612244897,0.3469387755102041,21.910345785471517,25.093143144412466
0.6530612244897959,0.3469387755102041,25.74454207607564,29.5127039501174
0.673469387755102,0.3469387755102041,29.340629743160065,33.73646609000811
0.6938775510204082,0.3469387755102041,32.42003268591,37.480567127814076
0.7142857142857142,0.3469387755102041,34.73922692765373,40.49519196960459
0.7346938775510203,0.3469387755102041,36.111417088987395,42.58624933691355
0.7551020408163265,0.3469387755102041,36.423265201285666,43.6321005802501
0.7755102040816326,0.3469387755102041,35.64511639169623,43.593785364093016
0.7959183673469387,0.3469387755102041,33.833770640865666,42.517793424616784
0.8163265306122448,0.3469387755102041,31.127542891416635,40.531124678168645
0.836734693877551,0.3469387755102041,27.734070825324526,37.8290969986452
0.8571428571428571,0.3469387755102041,23.91200396041454,34.65703531398969
0.8775510204081632,0.3469387755102041,19.948276639862293,31.28754459569238
0.8979591836734693,0.3469387755102041,16.13307810449693,27.995479931093875
0.9183673469387754,0.3469387755102041,12.734846966226868,25.032940996810648
0.9387755102040816,0.3469387755102041,9.977615132057268,22.606615982752714
0.9591836734693877,0.3469387755102041,8.022807772906065,20.8595815609395
0.9795918367346939,0.3469387755102041,6.957191602034924,19.859251163930928
1.0,0.3469387755102041,6.788092049328638,19.592592159106758
0.0,0.36734693877551017,149.07972387111494,137.6525680695533
0.02040816326530612,0.36734693877551017,126.60464902123334,117.27497927820377
0.04081632653061224,0.36734693877551017,106.14359855265612,98.62152441269072
0.061224489795918366,0.36734693877551017,87.84186940565982,81.86336231373699
0.08163265306122448,0.36734693877551017,71.82179707453282,67.14768559427401
0.1020408163265306,0.36734693877551017,58.160275515719206,54.57524054758567
0.12244897959183673,0.36734693877551017,46.870829321001985,44.18239932049146
0.14285714285714285,0.36734693877551017,37.89190511059158,35.92945130643501
0.16326530612244897,0.36734693877551017,31.082470829064377,29.69620244142258
0.18367346938775508,0.36734693877551017,26.225332127880765,25.285291586541188
0.2040816326530612,0.36734693877551017,23.037857472514155,22.43291563508754
0.22448979591836732,0.36734693877551017,21.189114738457064,20.825966108574214
0.24489795918367346,0.36734693877551017,20.321825911005533,20.123983856513956
0.26530612244897955,0.36734693877551017,20.07709850957196,19.983890480732608
0.2857142857142857,0.36734693877551017,20.119634173476346,20.08519692116033
0.3061224489795918,0.36734693877551017,20.161070479011915,20.153345272897198
0.32653061224489793,0.36734693877551017,19.979285632395584,19.9790134791637
0.3469387755102041,0.36734693877551017,19.431871060762703,19.431587922295467
0.36734693877551017,0.36734693877551017,18.462519200510485,18.465551212086694
0.3877551020408163,0.36734693877551017,17.099732537333633,17.119191225825766
0.4081632653061224,0.36734693877551017,15.447973933248043,15.50575143531899
0.42857142857142855,0.36734693877551017,13.672081095797841,13.797845376097596
0.44897959183673464,0.36734693877551017,11.97639435429274,12.206584423655118
0.4693877551020408,0.36734693877551017,10.58053847216327,10.95735960580261
0.4897959183673469,0.36734693877551017,9.69411033700791,10.264529292715796
0.5102040816326531,0.36734693877551017,9.492626102956237,10.307366339298179
0.5306122448979591,0.36734693877551017,10.096964254302561,11.209501148814716
0.5510204081632653,0.36734693877551017,11.558216003626654,13.023772071012548
0.5714285714285714,0.36734693877551017,13.849351655957063,15.723891766284304
0.5918367346938775,0.36734693877551017,16.864477812304663,19.20370440920162
0.6122448979591836,0.36734693877551017,20.425754478839192,23.284102797691723
0.6326530612244897,0.36734693877551017,24.29732891904791,27.726962205196045
0.6530612244897959,0.36734693877551017,28.204990659460638,32.25479538639533
0.673469387755102,0.36734693877551017,31.859720098520086,36.57430118607991
0.6938775510204082,0.36734693877551017,34.98294113541145,40.40161716797927
0.7142857142857142,0.36734693877551017,37.33112979346302,43.48692823816275
0.7346938775510203,0.36734693877551017,38.71749069327093,45.63614311816419
0.7551020408163265,0.36734693877551017,39.02868586620989,46.72762315849274
0.7755102040816326,0.36734693877551017,38.23506043942752,46.72240802362723
0.7959183673469387,0.36734693877551017,36.39341439357047,45.66698744974211
0.8163265306122448,0.36734693877551017,33.642062671261364,43.68836135318459
0.836734693877551,0.36734693877551017,30.188642954475558,40.98184760785131
0.8571428571428571,0.36734693877551017,26.29180476103832,37.792771141685506
0.8775510204081632,0.36734693877551017,22.238482434125203,34.39373692617744
0.8979591836734693,0.36734693877551017,18.3188652145654,31.0596000486677
0.9183673469387754,0.36734693877551017,14.801391714267307,28.04246018577281
0.9387755102040816,0.36734693877551017,11.910093840236089,25.549005527402727
0.9591836734693877,0.36734693877551017,9.80639676338968,23.72231274557691
0.9795918367346939,0.36734693877551017,8.577067196989747,22.62979527285527
1.0,0.36734693877551017,8.229430570921082,22.258420476617566
0.0,0.3877551020408163,142.0241557627036,130.90312241012154
0.02040816326530612,0.3877551020408163,120.0820803754718,111.02219618098073
0.04081632653061224,0.3877551020408163,100.13920569171084,92.85287516197587
0.061224489795918366,0.3877551020408163,82.34082865169721,76.56631819382991
0.08163265306122448,0.3877551020408163,66.80928474971924,62.3097178894742
0.1020408163265306,0.3877551020408163,53.621467942221095,50.18382054219269
0.12244897959183673,0.3877551020408163,42.79090282098577,40.22499829880485
0.14285714285714285,0.3877551020408163,34.25603600622367,32.3935405527543
0.16326530612244897,0.3877551020408163,27.87583544251116,26.56925324004731
0.18367346938775508,0.3877551020408163,23.43310678130867,22.554775221770896
0.2040816326530612,0.3877551020408163,20.645218488089586,20.086303391221758
0.22448979591836732,0.3877551020408163,19.181238438346444,18.850729269912485
0.24489795918367346,0.3877551020408163,18.68388861737528,18.507593707355817
0.26530612244897955,0.3877551020408163,18.794276544588477,18.713818305377597
0.2857142857142857,0.3877551020408163,19.177103859306044,19.148914003907976
0.3061224489795918,0.3877551020408163,19.54400813782121,19.53832289804705
0.32653061224489793,0.3877551020408163,19.672867586350886,19.67272293101529
0.3469387755102041,0.3877551020408163,19.421273632030427,19.42150048514833
0.36734693877551017,0.3877551020408163,18.732918711257046,18.73913817024037
0.3877551020408163,0.3877551020408163,17.63630530972544,17.66392386357979
0.4081632653061224,0.3877551020408163,16.235896289451507,16.309101036972905
0.42857142857142855,0.3877551020408163,14.69652935797938,14.847283225950937
0.44897959183673464,0.3877551020408163,13.222544844618753,13.489581806007413
0.4693877551020408,0.3877551020408163,12.033567512800188,12.461387804953413
0.4897959183673469,0.3877551020408163,11.339194250122137,11.977059592964626
0.5102040816326531,0.3877551020408163,11.314941210714185,12.215870024944582
0.5306122448979591,0.3877551020408163,12.081686878870642,13.30144950415824
0.5510204081632653,0.3877551020408163,13.690522467171268,15.28663638035272
0.5714285714285714,0.3877551020408163,16.11441828064465,18.14514331392066
0.5918367346938775,0.3877551020408163,19.247480920301605,21.77081447943369
0.6122448979591836,0.3877551020408163,22.91187039231192,25.984542674819046
0.6326530612244897,0.3877551020408163,26.871733960162846,30.548203173518182
0.6530612244897959,0.3877551020408163,30.852861150384168,35.184308730211804
0.673469387755102,0.3877551020408163,34.566232361418635,39.599558189690235
0.6938775510204082,0.3877551020408163,37.73327149245145,43.51008911568302
0.7142857142857142,0.3877551020408163,40.11045456681086,46.66608641425944
0.7346938775510203,0.3877551020408163,41.51098620509303,48.87345880695337
0.7551020408163265,0.3877551020408163,41.821528438672665,50.01056764427395
0.7755102040816326,0.3877551020408163,41.01242639469737,50.038452590699976
0.7959183673469387,0.3877551020408163,39.14048005381381,49.00360338240594
0.8163265306122448,0.3877551020408163,36.344004358644604,47.033019935739055
0.836734693877551,0.3877551020408163,32.830636991165136,44.322020124595966
0.8571428571428571,0.3877551020408163,28.859027469200615,41.11592887691985
0.8775510204081632,0.3877551020408163,24.716110135926655,37.68735116420105
0.8979591836734693,0.3877551020408163,20.692074232172395,34.31114207378009
0.9183673469387754,0.3877551020408163,17.05535836984627,31.239401282273498
0.9387755102040816,0.3877551020408163,14.029994455953435,28.678816979591268
0.9591836734693877,0.3877551020408163,11.77740766141182,26.772465837752847
0.9795918367346939,0.3877551020408163,10.384364699483106,25.587761289318138
1.0,0.3877551020408163,9.858191000052049,25.111670701666895
0.0,0.4081632653061224,135.15600956183079,124.34109865822833
0.02040816326530612,0.4081632653061224,113.74693363724886,104.9568349912962
0.04081632653061224,0.4081632653061224,94.32223473830408,87.27164781879954
0.061224489795918366,0.4081632653061224,77.0272098052731,71.45669598146132
0.08163265306122448,0.4081632653061224,61.984194332444204,57.65917209221293
0.1020408163265306,0.4081632653061224,49.27008227626153,45.979822444338254
0.12244897959183673,0.4081632653061224,38.898398228508086,36.45501918465677
0.14285714285714285,0.4081632653061224,30.807588809394275,29.045051706612128
0.16326530612244897,0.4081632653061224,24.856621963496476,23.62972594621057
0.18367346938775508,0.4081632653061224,20.82830334227511,20.011680764539133
0.2040816326530612,0.4081632653061224,18.44000141120356,17.927113054894512
0.22448979591836732,0.4081632653061224,17.36078404577436,17.062914338789284
0.24489795918367346,0.4081632653061224,17.233373231283558,17.078625465736206
0.26530612244897955,0.4081632653061224,17.698876487143522,17.63116803756111
0.2857142857142857,0.4081632653061224,18.421995452674274,18.400052994194155
0.3061224489795918,0.4081632653061224,19.114367704169034,19.11072243073543
0.32653061224489793,0.4081632653061224,19.553871447844717,19.553854290405404
0.3469387755102041,0.4081632653061224,19.59809811083668,19.598834955539722
0.36734693877551017,0.4081632653061224,19.190740129542128,19.200147035932574
0.3877551020408163,0.4081632653061224,18.36029998965577,18.39607840887234
0.4081632653061224,0.4081632653061224,17.21124055319349,17.29987254616534
0.42857142857142855,0.4081632653061224,15.908399527699435,16.084142983342797
0.44897959183673464,0.4081632653061224,14.656117242483292,14.960001095898233
0.4693877551020408,0.4081632653061224,13.674018460975613,14.152837911642733
0.4897959183673469,0.4081632653061224,13.171700070774879,13.87701180075198
0.5102040816326531,0.4081632653061224,13.324678226010635,14.31179561812951
0.5306122448979591,0.4081632653061224,14.253831410977224,15.580819767040262
0.5510204081632653,0.4081632653061224,16.01025083825442,17.73692259723142
0.5714285714285714,0.4081632653061224,18.566906812870734,20.753816769095543
0.5918367346938775,0.4081632653061224,21.81790593583709,24.525346457204293
0.6122448979591836,0.4081632653061224,25.585408213323184,28.872404459484898
0.6326530612244897,0.4081632653061224,29.633560908816293,33.556866049378826
0.6530612244897959,0.4081632653061224,33.688153548846216,38.301243981566785
0.673469387755102,0.4081632653061224,37.46016653185573,42.812237100839106
0.6938775510204082,0.4081632653061224,40.67102375702996,46.80598297092528
0.7142857142857142,0.4081632653061224,43.07720124769721,50.032666497894624
0.7346938775510203,0.4081632653061224,44.49190362445364,52.29819640328104
0.7551020408163265,0.4081632653061224,44.801792918673925,53.48093403759365
0.7755102040816326,0.4081632653061224,43.977214257505736,53.541919065311255
0.7959183673469387,0.4081632653061224,42.07496762159567,52.5276412226083
0.8163265306122448,0.4081632653061224,39.233367953566365,50.56510042583207
0.836734693877551,0.4081632653061224,35.6600529353932,47.84961454887911
0.8571428571428571,0.4081632653061224,31.61367208490143,44.626508519692734
0.8775510204081632,0.4081632653061224,27.3811597452666,41.16838730976315
0.8979591836734693,0.4081632653061224,23.25270515731793,37.75010600643098
0.9183673469387754,0.4081632653061224,19.496746932963777,34.62376428631273
0.9387755102040816,0.4081632653061224,16.33731697920932,31.99605033931836
0.9591836734693877,0.4081632653061224,13.935840466972499,30.010040837467326
0.9795918367346939,0.4081632653061224,12.379084109514967,28.733149213319543
1.0,0.4081632653061224,11.674373336721553,28.152342834254775
0.0,0.42857142857142855,128.47528526849652,117.96649681387365
0.02040816326530612,0.42857142857142855,107.59920880656438,99.0788957091502
0.04081632653061224,0.42857142857142855,88.69268569243589,81.87784238316178
0.061224489795918366,0.42857142857142855,71.90101286638753,66.5344956766313
0.08163265306122448,0.42857142857142855,57.34652582270769,53.196048202490175
0.1020408163265306,0.42857142857142855,45.106118517840486,41.96324625402234
0.12244897959183673,0.42857142857142855,35.19331554356893,32.87246197804722
0.14285714285714285,0.42857142857142855,27.546563520103405,25.883984768008474
0.16326530612244897,0.42857142857142855,22.02483039202032,20.87762055991236
0.18367346938775508,0.42857142857142855,18.410921810780074,17.656008214845897
0.2040816326530612,0.42857142857142855,16.422206241856056,15.955344626105788
0.22448979591836732,0.42857142857142855,15.727751560740801,15.462521315204611
0.24489795918367346,0.42857142857142855,15.970279752730356,15.837079131655122
0.26530612244897955,0.42857142857142855,16.790898337237092,16.735939677283152
0.2857142857142857,0.42857142857142855,17.854308953581025,17.83861389201886
0.3061224489795918,0.42857142857142855,18.87214917805538,18.87054387096233
0.32653061224489793,0.42857142857142855,19.622297216877072,19.622407557334043
0.3469387755102041,0.42857142857142855,19.962344497181455,19.963591333469637
0.36734693877551017,0.42857142857142855,19.83598345536574,19.8485778091633
0.3877551020408163,0.42857142857142855,19.27171657712462,19.31565486170342
0.4081632653061224,0.42857142857142855,18.374006724474004,18.478065962896302
0.42857142857142855,0.42857142857142855,17.307691604958016,17.508424648273184
0.44897959183673464,0.42857142857142855,16.277111547886356,16.617842293327577
0.4693877551020408,0.42857142857142855,15.501891316689584,16.03170992587058
0.4897959183673469,0.42857142857142855,15.191627798966145,15.964385916077859
0.5102040816326531,0.42857142857142855,15.521837148845636,16.595143118852963
0.5306122448979591,0.42857142857142855,16.613397850622356,18.047611937460836
0.5510204081632653,0.42857142857142855,18.517401116876073,20.374630721648614
0.5714285714285714,0.42857142857142855,21.20681725263537,23.549912131808924
0.5918367346938775,0.42857142857142855,24.575752858911066,27.46730034251339
0.6122448979591836,0.42857142857142855,28.446367941872943,31.947688151689274
0.6326530612244897,0.42857142857142855,32.582809765008264,36.752950832778
0.6530612244897959,0.42857142857142855,36.710867854846796,41.60560114046029
0.673469387755102,0.42857142857142855,40.541522609831304,46.21233791952646
0.6938775510204082,0.42857142857142855,43.79619792914699,50.28929873370607
0.7142857142857142,0.42857142857142855,46.231369836122084,53.58666848906837
0.7346938775510203,0.42857142857142855,47.66024295135278,55.91035590714727
0.7551020408163265,0.42857142857142855,47.96947930621375,57.138722338451885
0.7755102040816326,0.42857142857142855,47.12942402785262,57.23280744746103
0.7959183673469387,0.42857142857142855,45.19687709691605,56.23910097034919
0.8163265306122448,0.42857142857142855,42.310153456026654,54.28460282346356
0.836734693877551,0.42857142857142855,38.67689078715983,51.56463088070082
0.8571428571428571,0.42857142857142855,34.55573860814077,48.32451007000411
0.8775510204081632,0.42857142857142855,30.233631262145103,44.8368453628638
0.8979591836734693,0.42857142857142855,26.000757990001958,41.3764918466204
0.9183673469387754,0.42857142857142855,22.125557403619776,38.19554919789045
0.9387755102040816,0.42857142857142855,18.832061410003703,35.50070560658393
0.9591836734693877,0.42857142857142855,16.28169518007168,33.43503774472029
0.9795918367346939,0.42857142857142855,14.561225427085379,32.06595904485944
1.0,0.42857142857142855,13.677977580929559,31.38043687438114
0.0,0.44897959183673464,121.98198288270076,111.77931687705754
0.02040816326530612,0.44897959183673464,101.63890588341849,93.38837833454272
0.04081632653061224,0.44897959183673464,83.25055855410616,76.6714588550625
0.061224489795918366,0.44897959183673464,66.96223783504048,61.79971727933979
0.08163265306122448,0.44897959183673464,52.89627922050971,48.92034622030596
0.1020408163265306,0.44897959183673464,41.12957666695797,38.13409197124494
0.12244897959183673,0.44897959183673464,31.675654766168293,29.47732667897619
0.14285714285714285,0.44897959183673464,24.47296013835107,22.91033973694335
0.16326530612244897,0.44897959183673464,19.38046072808269,18.312937081152672
0.18367346938775508,0.44897959183673464,16.180962186823564,15.487757572691187
0.2040816326530612,0.44897959183673464,14.591832980047077,14.170998104855592
0.22448979591836732,0.44897959183673464,14.282140983245768,14.049550199158464
0.24489795918367346,0.44897959183673464,14.89460818171568,14.782954705112562
0.26530612244897955,0.44897959183673464,16.070342094869186,16.02813322454372
0.2857142857142857,0.44897959183673464,17.474044362026305,17.46459669738209
0.3061224489795918,0.44897959183673464,18.817352559480256,18.81778721872776
0.32653061224489793,0.44897959183673464,19.878144893447953,19.87838273180121
0.3469387755102041,0.44897959183673464,20.514012791064758,20.515769618938076
0.36734693877551017,0.44897959183673464,20.668648688727874,20.684430489932552
0.3877551020408163,0.44897959183673464,20.370555072132003,20.422653222073016
0.4081632653061224,0.44897959183673464,19.72419480329304,19.843681287165786
0.42857142857142855,0.44897959183673464,18.894405589755124,19.120128220742096
0.44897959183673464,0.44897959183673464,18.085527760827944,18.463105398295447
0.4693877551020408,0.44897959183673464,17.517186079942057,18.098003847636946
0.4897959183673469,0.44897959183673464,17.39897743469594,18.239181938942266
0.5102040816326531,0.44897959183673464,17.906417979219135,19.06591252711494
0.5306122448979591,0.44897959183673464,19.16038619780599,20.70182601541991
0.5510204081632653,0.44897959183673464,21.21197330303628,23.199760753604366
0.5714285714285714,0.44897959183673464,24.034149599938505,26.53342940206086
0.5918367346938775,0.44897959183673464,27.5210216895236,30.59667613536105
0.6122448979591836,0.44897959183673464,31.49474957796126,35.21039375143218
0.6326530612244897,0.44897959183673464,35.71948052873874,40.13645752371569
0.6530612244897959,0.44897959183673464,39.9210040683859,45.09738020689232
0.673469387755102,0.44897959183673464,43.81030059534545,49.79986064575238
0.6938775510204082,0.44897959183673464,47.10879400880255,53.96003640402538
0.7142857142857142,0.44897959183673464,49.572960332085486,57.328092387780615
0.7346938775510203,0.44897959183673464,51.016004185790436,59.70993731855199
0.7551020408163265,0.44897959183673464,51.32458760129206,60.98393254684864
0.7755102040816326,0.44897959183673464,50.469055705738036,61.111117737149364
0.7959183673469387,0.44897959183673464,48.506208479774955,60.1379826256286
0.8163265306122448,0.44897959183673464,45.57436086602547,58.19152712863364
0.836734693877551,0.44897959183673464,41.881150546464944,55.467069120061005
0.8571428571428571,0.44897959183673464,37.68522703891864,52.20993352785405
0.8775510204081632,0.44897959183673464,33.2735246865621,48.692725323502934
0.8979591836734693,0.44897959183673464,28.936232730224546,45.190299594348346
0.9183673469387754,0.44897959183673464,24.941789781814332,41.95475601700674
0.9387755102040816,0.44897959183673464,21.514227748336637,39.19278278138807
0.9591836734693877,0.44897959183673464,18.814971800709408,37.04745655951183
0.9795918367346939,0.44897959183673464,16.930788652194288,35.5861907839379
1.0,0.44897959183673464,15.869003732676116,34.795952822046075
0.0,0.4693877551020408,115.67610240444354,105.77955884777987
0.02040816326530612,0.4693877551020408,95.86602486781105,87.88528286747373
0.04081632653061224,0.4693877551020408,77.995853323315,71.65249723450175
0.061224489795918366,0.4693877551020408,62.210884711231955,57.25236078958679
0.08163265306122448,0.4693877551020408,48.633454525850226,44.83206614566025
0.1020408163265306,0.4693877551020408,37.34045672361397,34.49235959600607
0.12244897959183673,0.4693877551020408,28.345415896306164,26.269613287443683
0.14285714285714285,0.4693877551020408,21.586778664137235,20.12411661341674
0.16326530612244897,0.4693877551020408,16.923512971683575,15.935675509931503
0.18367346938775508,0.4693877551020408,14.138424470405571,13.506928838074995
0.2040816326530612,0.4693877551020408,12.948881625776618,12.574073491143913
0.22448979591836732,0.4693877551020408,13.02395231328926,12.824000990650841
0.24489795918367346,0.4693877551020408,14.006358518239526,13.916252186108528
0.26530612244897955,0.4693877551020408,15.537207760039806,15.507748679342807
0.2857142857142857,0.4693877551020408,17.281201678010106,17.278001410283842
0.3061224489795918,0.4693877551020408,18.949977848443652,18.952452474031713
0.32653061224489793,0.4693877551020408,20.32141447755736,20.321779813806902
0.3469387755102041,0.4693877551020408,21.253102992486586,21.255369811945044
0.36734693877551017,0.4693877551020408,21.688735829628534,21.70770507824033
0.3877551020408163,0.4693877551020408,21.656815474677913,21.717073489981154
0.4081632653061224,0.4693877551020408,21.26180478965061,21.39671851897381
0.42857142857142855,0.4693877551020408,20.66854148209076,20.91925370074953
0.44897959183673464,0.4693877551020408,20.081365881308074,20.495790410801856
0.4693877551020408,0.4693877551020408,19.71990275073308,20.35171967694184
0.4897959183673469,0.4693877551020408,19.79374897796426,20.701399869345213
0.5102040816326531,0.4693877551020408,20.478420717131186,21.72410384291546
0.5306122448979591,0.4693877551020408,21.894796452528176,23.543462000917536
0.5510204081632653,0.4693877551020408,24.093967396735,26.21231269309861
0.5714285714285714,0.4693877551020408,27.048903854780196,29.704368579851288
0.5918367346938775,0.4693877551020408,30.653712427674648,33.91347383574722
0.6122448979591836,0.4693877551020408,34.73055312158809,38.66052125871362
0.6326530612244897,0.4693877551020408,39.043573200007785,43.70738612219193
0.6530612244897959,0.4693877551020408,43.31856218946353,48.7765811808629
0.673469387755102,0.4693877551020408,47.2665004883981,53.574805279516816
0.6938775510204082,0.4693877551020408,50.60881199599663,57.818195981883214
0.7142857142857142,0.4693877551020408,53.10197273558741,61.25693819403142
0.7346938775510203,0.4693877551020408,54.559187327766615,63.696940637495274
0.7551020408163265,0.4693877551020408,54.86711780390893,65.01656466278394
0.7755102040816326,0.4693877551020408,53.99610929116197,65.17684993437621
0.7959183673469387,0.4693877551020408,52.00296177017239,64.22428618844657
0.8163265306122448,0.4693877551020408,49.025990183562826,62.285873341342196
0.836734693877551,0.4693877551020408,45.272832213308625,59.55692926695977
0.8571428571428571,0.4693877551020408,41.00213737723505,56.282778893242494
0.8775510204081632,0.4693877551020408,36.50084001851765,52.73602719168065
0.8979591836734693,0.4693877551020408,32.05912937798564,49.19152924961481
0.9183673469387754,0.4693877551020408,27.9454440675474,45.901384743661524
0.9387755102040816,0.4693877551020408,24.383815994208085,43.072281863730716
0.9591836734693877,0.4693877551020408,21.53567032888565,40.84729728184186
0.9795918367346939,0.4693877551020408,19.48777378484175,39.29384443055487
1.0,0.4693877551020408,18.247451791961183,38.39889067724951
0.0,0.4897959183673469,109.55764383372481,99.96722272604073
0.02040816326530612,0.4897959183673469,90.28056575974215,82.56960930794331
0.04081632653061224,0.4897959183673469,72.92857000006236,66.82095752147953
0.061224489795918366,0.4897959183673469,57.64695349496195,52.892426207372324
0.08163265306122448,0.4897959183673469,44.558051738729276,40.931207978553076
0.1020408163265306,0.4897959183673469,33.73875868780849,31.038049128305715
0.12244897959183673,0.4897959183673469,25.20259893398258,23.249321803449696
0.14285714285714285,0.4897959183673469,18.88801909746195,17.525315397428656
0.16326530612244897,0.4897959183673469,14.653987122822986,13.745835846248859
0.18367346938775508,0.4897959183673469,12.283308661526105,11.71352201099733
0.2040816326530612,0.4897959183673469,11.493352179044688,11.164570784970763
0.22448979591836732,0.4897959183673469,11.953185550871273,11.78587368968174
0.24489795918367346,0.4897959183673469,13.305530762301903,13.236971574643018
0.26530612244897955,0.4897959183673469,15.19149533274895,15.174786041680424
0.2857142857142857,0.4897959183673469,17.275780901532436,17.27882803072412
0.3061224489795918,0.4897959183673469,19.270025044945577,19.274539636874195
0.32653061224489793,0.4897959183673469,20.952105969205295,20.952598803351123
0.3469387755102041,0.4897959183673469,22.17961510144694,22.182391912490537
0.36734693877551017,0.4897959183673469,22.89624487806772,22.918401574086637
0.3877551020408163,0.4897959183673469,23.13049778476235,23.198915665427805
0.4081632653061224,0.4897959183673469,22.986836683546702,23.137177658320347
0.42857142857142855,0.4897959183673469,22.63009928196493,22.905801088295505
0.44897959183673464,0.4897959183673469,22.264625909326714,22.71589733084678
0.4693877551020408,0.4897959183673469,22.110041329062632,22.792857413785278
0.4897959183673469,0.4897959183673469,22.37594242877112,23.351039707286667
0.5102040816326531,0.4897959183673469,23.237845362581773,24.56971706625449
0.5306122448979591,0.4897959183673469,24.81662861478889,26.572519893953697
0.5510204081632653,0.4897959183673469,27.16338339797224,29.41228654013141
0.5714285714285714,0.4897959183673469,30.25108001716041,33.06272966518028
0.5918367346938775,0.4897959183673469,33.97382507336422,37.417693443671915
0.6122448979591836,0.4897959183673469,38.153778572753446,42.29807067353357
0.6326530612244897,0.4897959183673469,42.555087778815356,47.46573662820669
0.6530612244897959,0.4897959183673469,46.90354221807971,52.64320406237196
0.673469387755102,0.4897959183673469,50.91012228898927,57.537171820819765
0.6938775510204082,0.4897959183673469,54.29625189072926,61.8637774672796
0.7142857142857142,0.4897959183673469,56.81840704662788,65.37320590782075
0.7346938775510203,0.4897959183673469,58.28979237728135,67.87136586397709
0.7551020408163265,0.4897959183673469,58.597069914064335,69.23661868625777
0.7755102040816326,0.4897959183673469,57.71058478412446,69.43000403914158
0.7959183673469387,0.4897959183673469,55.68713696810837,68.49801165880302
0.8163265306122448,0.4897959183673469,52.6650414086387,66.56764146158929
0.836734693877551,0.4897959183673469,48.851935787690834,63.834211321397056
0.8571428571428571,0.4897959183673469,44.50646962308997,60.54304616616947
0.8775510204081632,0.4897959183673469,39.91557725801174,56.966750967396884
0.8979591836734693,0.4897959183673469,35.36944793328526,53.38018081241983
0.9183673469387754,0.4897959183673469,31.13652026081899,50.03543537785484
0.9387755102040816,0.4897959183673469,27.44082614761806,47.139202853611884
0.9591836734693877,0.4897959183673469,24.44379076460042,44.83455991171043
0.9795918367346939,0.4897959183673469,22.23218082502774,43.18891998471036
1.0,0.4897959183673469,20.81332175878478,42.18925043999147
0.0,0.5102040816326531,103.62660717054469,94.34230851184019
0.02040816326530612,0.5102040816326531,84.88252855921183,77.44135765595142
0.04081632653061224,0.5102040816326531,68.04870858434823,62.176839715995854
0.061224489795918366,0.5102040816326531,53.27044418623048,48.719913532696395
0.08163265306122448,0.5102040816326531,40.670070859146875,37.21777171898444
0.1020408163265306,0.5102040816326531,30.32448255954155,27.7711605681439
0.12244897959183673,0.5102040816326531,22.24720387919752,20.416452226994245
0.14285714285714285,0.5102040816326531,16.376681438325186,15.11393608897911
0.16326530612244897,0.5102040816326531,12.571883181500933,11.74341809010475
0.18367346938775508,0.5102040816326531,10.61561476018517,10.107537091458196
0.2040816326530612,0.5102040816326531,10.225244639851285,9.942489986336145
0.22448979591836732,0.5102040816326531,11.069840695991816,10.935168296251168
0.24489795918367346,0.5102040816326531,12.792124913902803,12.745112870716035
0.26530612244897955,0.5102040816326531,15.033204812996622,15.029245311556565
0.2857142857142857,0.5102040816326531,17.45778203259329,17.467076558702928
0.3061224489795918,0.5102040816326531,19.77749414898603,19.784048707255195
0.32653061224489793,0.5102040816326531,21.77021936839175,21.770839700433864
0.3469387755102041,0.5102040816326531,23.29354911794582,23.296835920574555
0.36734693877551017,0.5102040816326531,24.291175834045433,24.316519977471465
0.3877551020408163,0.5102040816326531,24.791602002385307,24.86817974841298
0.4081632653061224,0.5102040816326531,24.899290484981314,25.06505870520541
0.42857142857142855,0.5102040816326531,24.779078989377616,25.07977038337999
0.44897959183673464,0.5102040816326531,24.635307844883883,25.123426158430227
0.4693877551020408,0.5102040816326531,24.68760181493068,25.421417058167222
0.4897959183673469,0.5102040816326531,25.145557787116488,26.18810145276665
0.5102040816326531,0.5102040816326531,26.184691915570845,27.602752197132048
0.5306122448979591,0.5102040816326531,27.92588268458809,29.788999694528343
0.5510204081632653,0.5102040816326531,30.420221306748026,32.79968229470275
0.5714285714285714,0.5102040816326531,33.64067808707912,36.60851265804779
0.5918367346938775,0.5102040816326531,37.48135962659234,41.109334959135154
0.6122448979591836,0.5102040816326531,41.76442593145734,46.123041995892045
0.6326530612244897,0.5102040816326531,46.254024265161405,51.41150904175997
0.6530612244897959,0.5102040816326531,50.67594415423441,56.69724885141959
0.673469387755102,0.5102040816326531,54.741165997119,61.68696026966127
0.6938775510204082,0.5102040816326531,58.17111369300039,66.0967808602145
0.7142857142857142,0.5102040816326531,60.72226326520686,69.67689552914855
0.7346938775510203,0.5102040816326531,62.20781933433459,72.23321299799738
0.7551020408163265,0.5102040816326531,62.514443931758215,73.6440946172701
0.7755102040816326,0.5102040816326531,61.61248218462544,73.8705800514455
0.7959183673469387,0.5102040816326531,59.558734073582855,72.95915903669801
0.8163265306122448,0.5102040816326531,56.491514541253096,71.03683148937495
0.836734693877551,0.5102040816326531,52.61846126961152,68.29891528337282
0.8571428571428571,0.5102040816326531,48.19822377648342,64.99073534663499
0.8775510204081632,0.5102040816326531,43.5177364050443,61.3848966506516
0.8979591836734693,0.5102040816326531,38.867188396123424,57.75625428276335
0.9183673469387754,0.5102040816326531,34.515018361629124,54.3569079195867
0.9387755102040816,0.5102040816326531,30.68525820856658,51.39354575103161
0.9591836734693877,0.5102040816326531,27.539333107853732,49.00924444911753
0.9795918367346939,0.5102040816326531,25.164009772752223,47.2714174464044
1.0,0.5102040816326531,23.566613633146915,46.16703211027198
0.0,0.5306122448979591,97.882992414903,88.90481620517811
0.02040816326530612,0.5306122448979591,79.67191326622,72.50052791149804
0.04081632653061224,0.5306122448979591,63.35626907617266,57.72014381805071
0.061224489795918366,0.5306122448979591,49.08135678503754,44.734822765559
0.08163265306122448,0.5306122448979591,36.96951188710298,33.69175736695432
0.1020408163265306,0.5306122448979591,27.097628338813145,24.69169391552062
0.12244897959183673,0.5306122448979591,19.47923073195099,17.77100455807733
0.14285714285714285,0.5306122448979591,14.05276568672695,12.88997868806809
0.16326530612244897,0.5306122448979591,10.677201147717408,9.92842224149917
0.18367346938775508,0.5306122448979591,9.135342766382767,8.68897407945759
0.2040816326530612,0.5306122448979591,9.144559008196413,8.90783109524005
0.22448979591836732,0.5306122448979591,10.37391774865089,10.271884810359127
0.24489795918367346,0.5306122448979591,12.466140973042231,12.44067607432758
0.26530612244897955,0.5306122448979591,15.06233620078282,15.071126488971235
0.2857142857142857,0.5306122448979591,17.82720507119267,17.842746994220256
0.3061224489795918,0.5306122448979591,20.472385160565,20.480979685174724
0.32653061224489793,0.5306122448979591,22.77575467511673,22.776502505055127
0.3469387755102041,0.5306122448979591,24.594905041983214,24.59870183619709
0.36734693877551017,0.5306122448979591,25.873528697561667,25.90206028839481
0.3877551020408163,0.5306122448979591,26.640128127546777,26.724865738936685
0.4081632653061224,0.5306122448979591,26.99916619395445,27.180361659629
0.42857142857142855,0.5306122448979591,27.11548060432881,27.44116158600299
0.44897959183673464,0.5306122448979591,27.193411687979573,27.7183768935522
0.4693877551020408,0.5306122448979591,27.452584208337264,28.23739861008768
0.4897959183673469,0.5306122448979591,28.102595053000368,29.212585105785156
0.5102040816326531,0.5306122448979591,29.31896037609846,30.823209235548106
0.5306122448979591,0.5306122448979591,31.222558661925838,33.192901402641525
0.5510204081632653,0.5306122448979591,33.864481123062305,36.374499956812556
0.5714285714285714,0.5306122448979591,37.21769806453637,40.341717558453794
0.5918367346938775,0.5306122448979591,41.176316087358934,44.98839838213687
0.6122448979591836,0.5306122448979591,45.562495197699725,50.135435225789024
0.6326530612244897,0.5306122448979591,50.140382659046026,55.54470336285176
0.6530612244897959,0.5306122448979591,54.63576799792759,60.938715548005696
0.673469387755102,0.5306122448979591,58.7596316127872,66.02417062604124
0.6938775510204082,0.5306122448979591,62.23339740281003,70.51720616068789
0.7142857142857142,0.5306122448979591,64.81354139132436,74.16800705801491
0.7346938775510203,0.5306122448979591,66.31326819892635,76.78248203955623
0.7551020408163265,0.5306122448979591,66.61923985699065,78.23899245582096
0.7755102040816326,0.5306122448979591,65.70180149266496,78.49857797128789
0.7959183673469387,0.5306122448979591,63.61775308659586,77.60772832213149
0.8163265306122448,0.5306122448979591,60.505409581405985,75.69344342469905
0.836734693877551,0.5306122448979591,56.57240865907076,72.95104115288714
0.8571428571428571,0.5306122448979591,52.07739983741536,69.62584643463899
0.8775510204081632,0.5306122448979591,47.30731745961541,65.99046424144487
0.8979591836734693,0.5306122448979591,42.552350766500076,62.3197496606454
0.9183673469387754,0.5306122448979591,38.08093836997775,58.86580236885704
0.9387755102040816,0.5306122448979591,34.11711217705358,55.8353105559898
0.9591836734693877,0.5306122448979591,30.82229735864553,53.37135089406313
0.9795918367346939,0.5306122448979591,28.28326062801525,51.54133681563692
1.0,0.5306122448979591,26.50732741504755,50.33223568809097
0.0,0.5510204081632653,92.32679956679986,83.65474580605455
0.02040816326530612,0.5510204081632653,74.64871988076668,67.74712007458317
0.04081632653061224,0.5510204081632653,58.85125147553557,53.45086982764405
0.061224489795918366,0.5510204081632653,45.0796912913831,40.9371539059601
0.08163265306122448,0.5510204081632653,33.4563748225976,30.35316492246271
0.1020408163265306,0.5510204081632653,24.05819602562324,21.79964917043584
0.12244897959183673,0.5510204081632653,16.898679492242962,15.312978796698914
0.14285714285714285,0.5510204081632653,11.916271842667227,10.853443194695581
0.16326530612244897,0.5510204081632653,8.969941021472394,8.3008483004321
0.18367346938775508,0.5510204081632653,7.842492680118875,7.4578329749955
0.2040816326530612,0.5510204081632653,8.251295284080056,8.060594111682475
0.22448979591836732,0.5510204081632653,9.865416708848478,9.796023232005604
0.24489795918367346,0.5510204081632653,12.327578939720183,12.323661185477647
0.26530612244897955,0.5510204081632653,15.278889496107542,15.30042957392443
0.2857142857142857,0.5510204081632653,18.384050017330576,18.405839337276117
0.3061224489795918,0.5510204081632653,21.354698079682507,21.365332570632788
0.32653061224489793,0.5510204081632653,23.968711889380245,23.96958721721493
0.3469387755102041,0.5510204081632653,26.083682873559148,26.087989659358165
0.36734693877551017,0.5510204081632653,27.643303468616427,27.6750225068567
0.3877551020408163,0.5510204081632653,28.676076160246797,28.768973636998926
0.4081632653061224,0.5510204081632653,29.28646381046613,29.483086521591126
0.42857142857142855,0.5510204081632653,29.63930412681856,29.98997469616454
0.44897959183673464,0.5510204081632653,29.938937438613806,30.500749536212716
0.4693877551020408,0.5510204081632653,30.404988509282397,31.240802069546696
0.4897959183673469,0.5510204081632653,31.247054226422804,32.42449066634221
0.5102040816326531,0.5510204081632653,32.64065074416462,34.23108818150273
0.5306122448979591,0.5510204081632653,34.70665654680213,36.78422501829326
0.5510204081632653,0.5510204081632653,37.49616284691514,40.13673952646094
0.5714285714285714,0.5510204081632653,40.98213994953217,44.262344366398366
0.5918367346938775,0.5510204081632653,45.0586944556641,49.05488371267717
0.6122448979591836,0.5510204081632653,49.547986371480675,54.33525036322458
0.6326530612244897,0.5510204081632653,54.214162960469174,59.86531959148211
0.6530612244897959,0.5510204081632653,58.783013749159345,65.36760415213038
0.673469387755102,0.5510204081632653,62.96551913599397,70.5488028899598
0.6938775510204082,0.5510204081632653,66.48310302015824,75.12505336869985
0.7142857142857142,0.5510204081632653,69.09224142498043,78.84654049441981
0.7346938775510203,0.5510204081632653,70.60613897105665,81.51917298865362
0.7551020408163265,0.5510204081632653,70.91145768976162,83.02131220191038
0.7755102040816326,0.5510204081632653,69.97854270824303,83.31399779866886
0.7959183673469387,0.5510204081632653,67.86419400714742,82.44371951510357
0.8163265306122448,0.5510204081632653,64.70672652909745,80.53747726756175
0.836734693877551,0.5510204081632653,60.71377795606855,77.79058892994
0.8571428571428571,0.5510204081632653,56.14399780588588,74.44837943018156
0.8775510204081632,0.5510204081632653,51.28432042172508,70.78345373977669
0.8979591836734693,0.5510204081632653,46.4249350444153,67.070666946066
0.9183673469387754,0.5510204081632653,41.83428028586494,63.56211872566596
0.9387755102040816,0.5510204081632653,37.73638805307915,60.464497268486575
0.9591836734693877,0.5510204081632653,34.2926835169759,57.92087924654729
0.9795918367346939,0.5510204081632653,31.589933390816824,55.998678092408014
1.0,0.5510204081632653,29.63546310448674,54.68486117344853
0.0,0.5714285714285714,86.9580286262353,78.59209731446958
0.02040816326530612,0.5714285714285714,69.8129484028519,63.18113414520685
0.04081632653061224,0.5714285714285714,54.53365578243703,49.369017744775945
0.061224489795918366,0.5714285714285714,41.265447705267206,37.32690695389974
0.08163265306122448,0.5714285714285714,30.13065966563077,27.201994385509643
0.1020408163265306,0.5714285714285714,21.206185619971873,19.095026332889603
0.12244897959183673,0.5714285714285714,14.505550160073485,13.04237494285904
0.14285714285714285,0.5714285714285714,9.96719990614604,9.004329608861607
0.16326530612244897,0.5714285714285714,7.450102802765915,6.860696266903567
0.18367346938775508,0.5714285714285714,6.737064501393517,6.414113778071945
0.2040816326530612,0.5714285714285714,7.545453467502231,7.400779035663434
0.22448979591836732,0.5714285714285714,9.544337576584597,9.507583561190609
0.24489795918367346,0.5714285714285714,12.37643881393666,12.394068204166242
0.26530612244897955,0.5714285714285714,15.68286469897079,15.717154566416148
0.2857142857142857,0.5714285714285714,19.12831687100701,19.1563535878705
0.3061224489795918,0.5714285714285714,22.424432906338534,22.437107363629373
0.32653061224489793,0.5714285714285714,25.34909101118228,25.35009383691325
0.3469387755102041,0.5714285714285714,27.759882612673604,27.764699390057757
0.36734693877551017,0.5714285714285714,29.600500147209715,29.635406632857105
0.3877551020408163,0.5714285714285714,30.89944610048533,31.00050344259968
0.4081632653061224,0.5714285714285714,31.76118333451632,31.973233291091766
0.42857142857142855,0.5714285714285714,32.350549556846815,32.726209713864606
0.44897959183673464,0.5714285714285714,32.87188509678653,33.470544086411735
0.4693877551020408,0.5714285714285714,33.54481471776603,34.43162743654422
0.4897959183673469,0.5714285714285714,34.578935307383745,35.82381813443777
0.5102040816326531,0.5714285714285714,36.14976301976928,37.826389034995884
0.5306122448979591,0.5714285714285714,38.37817633921693,40.5629705414835
0.5510204081632653,0.5714285714285714,41.315266478306484,44.08640100364781
0.5714285714285714,0.5714285714285714,44.934003742066466,48.37039308188141
0.5918367346938775,0.5714285714285714,49.12849473150777,53.308790950755956
0.6122448979591836,0.5714285714285714,53.720899452800126,58.72248740819866
0.6326530612244897,0.5714285714285714,58.475365169430795,64.37335772765094
0.6530612244897959,0.5714285714285714,63.117681407929574,69.98391466379358
0.673469387755102,0.5714285714285714,67.35882856673925,75.26085706141686
0.6938775510204082,0.5714285714285714,70.92023054504494,79.92032248425029
0.7142857142857142,0.5714285714285714,73.55836336617496,83.71249583836322
0.7346938775510203,0.5714285714285714,75.08643165072544,86.44328584528951
0.7551020408163265,0.5714285714285714,75.39109743007111,87.99105385553825
0.7755102040816326,0.5714285714285714,74.44270583135956,88.31683953358834
0.7959183673469387,0.5714285714285714,72.29805683523745,87.46713261561416
0.8163265306122448,0.5714285714285714,69.09546538432744,85.56893301796295
0.836734693877551,0.5714285714285714,65.04256916060484,82.81755861453136
0.8571428571428571,0.5714285714285714,60.39801768189493,79.45833433326263
0.8775510204081632,0.5714285714285714,55.44874529137324,75.763865145647
0.8979591836734693,0.5714285714285714,50.48494122986902,72.00900613902508
0.9183673469387754,0.5714285714285714,45.77504410929063,68.44585699001338
0.9387755102040816,0.5714285714285714,41.54308583664322,65.28110588852185
0.9591836734693877,0.5714285714285714,37.95049158284476,62.65782950656995
0.9795918367346939,0.5714285714285714,35.0840280611569,60.64344127671761
1.0,0.5714285714285714,32.95102070146443,59.224908566344595
0.0,0.5918367346938775,81.7766795932092,73.7168707304231
0.02040816326530612,0.5918367346938775,65.16459883247566,58.80257012336905
0.04081632653061224,0.5918367346938775,50.40348199687702,45.47458756944636
0.061224489795918366,0.5918367346938775,37.63862602668985,33.90408190937791
0.08163265306122448,0.5918367346938775,26.992366416202458,24.238245756095104
0.1020408163265306,0.5918367346938775,18.541597121859034,16.57782540288189
0.12244897959183673,0.5918367346938775,12.299842735442528,10.959192996557691
0.14285714285714285,0.5918367346938775,8.20554987716338,7.34263793056616
0.16326530612244897,0.5918367346938775,6.117686491597962,5.6079661409135575
0.18367346938775508,0.5918367346938775,5.819058230206686,5.557816488686912
0.2040816326530612,0.5918367346938775,7.02703355846293,6.928385867182914
0.22448979591836732,0.5918367346938775,9.410680351859243,9.406565797914139
0.24489795918367346,0.5918367346938775,12.612720595691664,12.651897130393362
0.26530612244897955,0.5918367346938775,16.27426180937256,16.321301466446393
0.2857142857142857,0.5918367346938775,20.060005632221962,20.094289746003405
0.3061224489795918,0.5918367346938775,23.68158964053309,23.69630406416448
0.32653061224489793,0.5918367346938775,26.91689204052284,26.918022364150094
0.3469387755102041,0.5918367346938775,29.623504259326584,29.628831028295878
0.36734693877551017,0.5918367346938775,31.745118733341524,31.783212666396032
0.3877551020408163,0.5918367346938775,33.31023794826238,33.41945515573896
0.4081632653061224,0.5918367346938775,34.42332476610504,34.650801968130935
0.42857142857142855,0.5918367346938775,35.24921689441361,35.649866639103195
0.44897959183673464,0.5918367346938775,35.9922546624978,36.62776054414929
0.4693877551020408,0.5918367346938775,36.8720628337882,37.80987471108026
0.4897959183673469,0.5918367346938775,38.098238295883235,39.41056751007186
0.5102040816326531,0.5918367346938775,39.846297202912474,41.60911179602752
0.5306122448979591,0.5918367346938775,42.23711803917025,44.52913797221227
0.5510204081632653,0.5918367346938775,45.32179201723635,48.22348438837325
0.5714285714285714,0.5918367346938775,49.07328944213929,52.66586370490303
0.5918367346938775,0.5918367346938775,53.38571691488997,57.75012009637328
0.6122448979591836,0.5918367346938775,58.081234441658104,63.29714636071121
0.6326530612244897,0.5918367346938775,62.92398928593099,69.06881777135834
0.6530612244897959,0.5918367346938775,67.63977097423839,74.78764708299526
0.673469387755102,0.5918367346938775,71.93955990502306,80.16033314041245
0.6938775510204082,0.5918367346938775,75.54477997747017,84.90301350733931
0.7142857142857142,0.5918367346938775,78.21190721490805,88.76587308984516
0.7346938775510203,0.5918367346938775,79.75414623793282,91.55482060946392
0.7551020408163265,0.5918367346938775,80.05815907791913,93.14821741670472
0.7755102040816326,0.5918367346938775,79.09429086201469,93.50710317604633
0.7959183673469387,0.5918367346938775,76.91934157086607,92.6779676236632
0.8163265306122448,0.5918367346938775,73.6716261470959,90.78781067590268
0.836734693877551,0.5918367346938775,69.55878227267965,88.03195020666126
0.8571428571428571,0.5918367346938775,64.83945946544245,84.65571114388223
0.8775510204081632,0.5918367346938775,59.80059206855993,80.93169845905584
0.8979591836734693,0.5918367346938775,54.73236932286127,77.13476723952273
0.9183673469387754,0.5918367346938775,49.90322984025485,73.51701716189932
0.9387755102040816,0.5918367346938775,45.537205527745826,70.28513641609564
0.9591836734693877,0.5918367346938775,41.79572155625216,67.58220167413114
0.9795918367346939,0.5918367346938775,38.7655446390355,65.47562636856573
1.0,0.5918367346938775,36.454000205980655,63.95237786677918
0.0,0.6122448979591836,76.78275246772169,69.02906605391516
0.02040816326530612,0.6122448979591836,60.703671169637936,54.611428009069776
0.04081632653061224,0.6122448979591836,46.46073011885553,41.76757930165531
0.061224489795918366,0.6122448979591836,34.199226255651,30.668678772394607
0.08163265306122448,0.6122448979591836,24.041495074312675,21.461919034219086
0.1020408163265306,0.6122448979591836,16.06443053128472,14.2480463804127
0.12244897959183673,0.6122448979591836,10.281557218350097,9.063432957794872
0.14285714285714285,0.6122448979591836,6.631321755719243,5.868368159809234
0.16326530612244897,0.6122448979591836,4.972692087968534,4.542657922462073
0.18367346938775508,0.6122448979591836,5.088473866558378,4.888941106840404
0.2040816326530612,0.6122448979591836,6.696035556962155,6.64341460624092
0.22448979591836732,0.6122448979591836,9.464445034672412,9.492969942176193
0.24489795918367346,0.6122448979591836,13.036424284985193,13.097147964159007
0.26530612244897955,0.6122448979591836,17.05308082731286,17.11287027401516
0.2857142857142857,0.6122448979591836,21.179116300975444,21.21964781167484
0.3061224489795918,0.6122448979591836,25.126168282266168,25.142922672238115
0.32653061224489793,0.6122448979591836,28.672114977401925,28.673372798925463
0.3469387755102041,0.6122448979591836,31.67454781351809,31.68038457407252
0.36734693877551017,0.6122448979591836,34.07715922701186,34.11844060747349
0.3877551020408163,0.6122448979591836,35.90845170357797,36.025828776416766
0.4081632653061224,0.6122448979591836,37.272888105232276,37.515792552708625
0.42857142857142855,0.6122448979591836,38.33530613951891,38.760945471880305
0.44897959183673464,0.6122448979591836,39.30004613574759,39.972398909425365
0.4693877551020408,0.6122448979591836,40.38673285734889,41.375543893154834
0.4897959183673469,0.6122448979591836,41.804963191921246,43.184738793244456
0.5102040816326531,0.6122448979591836,43.73025329359419,45.5792564645977
0.5306122448979591,0.6122448979591836,46.283481646662096,48.68272731047956
0.5510204081632653,0.6122448979591836,49.51573946370475,52.54798968063716
0.5714285714285714,0.6122448979591836,53.399997049750645,57.14875623546313
0.5918367346938775,0.6122448979591836,57.830361005810694,62.378871149529125
0.6122448979591836,0.6122448979591836,62.62899133805461,68.05922722076234
0.6326530612244897,0.6122448979591836,67.56003530996966,73.95169972260422
0.6530612244897959,0.6122448979591836,72.34928244808566,79.77880140973554
0.673469387755102,0.6122448979591836,76.70771315084538,85.24723112694655
0.6938775510204082,0.6122448979591836,80.35675131743393,90.07312643796679
0.7142857142857142,0.6122448979591836,83.05287297117964,94.00667224886563
0.7346938775510203,0.6122448979591836,84.60928273267864,96.85377728117686
0.7551020408163265,0.6122448979591836,84.91264263330565,98.49280288540966
0.7755102040816326,0.6122448979591836,83.93329780020828,98.88478872604286
0.7959183673469387,0.6122448979591836,81.72804821403315,98.07622453925086
0.8163265306122448,0.6122448979591836,78.43520881740295,96.19411024138093
0.836734693877551,0.6122448979591836,74.26241729229298,93.43376370632969
0.8571428571428571,0.6122448979591836,69.46832315652854,90.04050986204035
0.8775510204081632,0.6122448979591836,64.33986075328514,86.28695368000321
0.8979591836734693,0.6122448979591836,59.16721932339204,82.44795024755885
0.9183673469387754,0.6122448979591836,54.21883747875759,78.77559924132379
0.9387755102040816,0.6122448979591836,49.71874712638695,75.47658885120796
0.9591836734693877,0.6122448979591836,45.82837343719808,72.69399574923085
0.9795918367346939,0.6122448979591836,42.63448312445263,70.49523336795237
1.0,0.6122448979591836,40.1444016180354,68.8672690747523
0.0,0.6326530612244897,71.97624724977267,64.52868328494573
0.02040816326530612,0.6326530612244897,56.43016541433874,50.60770780230903
0.04081632653061224,0.6326530612244897,42.70540014837257,38.24799294140277
0.061224489795918366,0.6326530612244897,30.947248392150684,27.620697542949827
0.08163265306122448,0.6326530612244897,21.278045639961416,18.873014219881597
0.1020408163265306,0.6326530612244897,13.774685848248932,12.105689265482031
0.12244897959183673,0.6326530612244897,8.45069360879619,7.355094826570572
0.14285714285714285,0.6326530612244897,5.244515541813634,4.581520296590837
0.16326530612244897,0.6326530612244897,4.015119591877631,3.6647716115491153
0.18367346938775508,0.6326530612244897,4.545311410448595,4.407487632532421
0.2040816326530612,0.6326530612244897,6.552459462999905,6.54586525283745
0.22448979591836732,0.6326530612244897,9.705631625024107,9.766795993976775
0.24489795918367346,0.6326530612244897,13.647549881817248,13.729820705463178
0.26530612244897955,0.6326530612244897,18.019321752791683,18.091860989122456
0.2857142857142857,0.6326530612244897,22.485648877267444,22.532427784884792
0.3061224489795918,0.6326530612244897,26.75816883153777,26.77696318785027
0.32653061224489793,0.6326530612244897,30.614759821819533,30.616145141239357
0.3469387755102041,0.6326530612244897,33.91301327524812,33.91936002738768
0.36734693877551017,0.6326530612244897,36.596621628220724,36.641090456089465
0.3877551020408163,0.6326530612244897,38.69408736643208,38.819624304633095
0.4081632653061224,0.6326530612244897,40.30987335189805,40.568205044824836
0.42857142857142855,0.6326530612244897,41.608817292162755,42.059446212195944
0.44897959183673464,0.6326530612244897,42.79525951653591,43.50445918223996
0.4693877551020408,0.6326530612244897,44.0888247884481,45.128634982767935
0.4897959183673469,0.6326530612244897,45.69910999549776,47.14633198395559
0.5102040816326531,0.6326530612244897,47.80163129181443,49.736823040706405
0.5306122448979591,0.6326530612244897,50.51726716169247,53.02373855628537
0.5510204081632653,0.6326530612244897,53.89710881771167,57.059916880439644
0.5714285714285714,0.6326530612244897,57.91412656490052,61.819070673561804
0.5918367346938775,0.6326530612244897,62.46242700426994,67.1950441102235
0.6122448979591836,0.6326530612244897,67.36417014198963,73.00872998835194
0.6326530612244897,0.6326530612244897,72.38350324154692,79.02200358138866
0.6530612244897959,0.6326530612244897,77.24621582947152,84.95737764401426
0.673469387755102,0.6326530612244897,81.66328830420625,90.52155102101918
0.6938775510204082,0.6326530612244897,85.35614456493622,95.43066127613287
0.7142857142857142,0.6326530612244897,88.0812606349898,99.4348933154246
0.7346938775510203,0.6326530612244897,89.65184113496306,102.34015586042833
0.7551020408163265,0.6326530612244897,89.95454809623071,104.02481026165317
0.7755102040816326,0.6326530612244897,88.95972664594045,104.44989618357789
0.7959183673469387,0.6326530612244897,86.72417676473881,103.66190336237696
0.8163265306122448,0.6326530612244897,83.38621339524846,101.7878317143977
0.836734693877551,0.6326530612244897,79.15347421944485,99.02299911353661
0.8571428571428571,0.6326530612244897,74.28460875515312,95.612730487737
0.8775510204081632,0.6326530612244897,69.06655134554889,91.8296308084891
0.8979591836734693,0.6326530612244897,63.78949123146134,87.94855516313355
0.9183673469387754,0.6326530612244897,58.72186702479886,84.22160322828678
0.9387755102040816,0.6326530612244897,54.0877106325666,80.85546319385881
0.9591836734693877,0.6326530612244897,50.04844722568252,77.9932117318691
0.9795918367346939,0.6326530612244897,46.690843517408275,75.70226227487754
1.0,0.6326530612244897,44.02222493762868,73.96958219026394
0.0,0.6530612244897959,67.35716393936218,60.21572242351483
0.02040816326530612,0.6530612244897959,52.34408156657807,46.79140950308681
0.04081632653061224,0.6530612244897959,39.137492085428136,34.915828488688774
0.061224489795918366,0.6530612244897959,27.882692436188893,24.760138221043576
0.08163265306122448,0.6530612244897959,18.70201811314868,16.471531313082636
0.1020408163265306,0.6530612244897959,11.672363072751676,10.150754058089895
0.12244897959183673,0.6530612244897959,6.8072519067808095,5.834178602884799
0.14285714285714285,0.6530612244897959,4.045131235446549,3.4820943409109653
0.16326530612244897,0.6530612244897959,3.244969003325253,2.9743072081746815
0.18367346938775508,0.6530612244897959,4.189570861877337,4.113456065762963
0.2040816326530612,0.6530612244897959,6.59630527657618,6.6357378069725055
0.22448979591836732,0.6530612244897959,10.134240122914326,10.228043953315881
0.24489795918367346,0.6530612244897959,14.446097386187827,14.549915354305874
0.26530612244897955,0.6530612244897959,19.172984585809033,19.258273611768274
0.2857142857142857,0.6530612244897959,23.979603361097986,24.032629665633284
0.3061224489795918,0.6530612244897959,28.577591288347897,28.598425611000955
0.32653061224489793,0.6530612244897959,32.74482657377567,32.74633939109178
0.3469387755102041,0.6530612244897959,36.33890064451667,36.34575738824138
0.36734693877551017,0.6530612244897959,39.30350593696811,39.35116221224397
0.3877551020408163,0.6530612244897959,41.66714493682471,41.80084174038795
0.4081632653061224,0.6530612244897959,43.534280506102334,43.808039444479576
0.42857142857142855,0.6530612244897959,45.0697503523451,45.545368860050104
0.44897959183673464,0.6530612244897959,46.47789480486275,47.22394136259309
0.4693877551020408,0.6530612244897959,47.97833862708584,49.069147979919556
0.4897959183673469,0.6530612244897959,49.780678706612804,51.29534708220525
0.5102040816326531,0.6530612244897959,52.0604311975732,54.08181152435363
0.5306122448979591,0.6530612244897959,54.93847458426137,57.55217170962971
0.5510204081632653,0.6530612244897959,58.46590007925708,61.75926598778061
0.5714285714285714,0.6530612244897959,62.615677987588924,66.67680701919895
0.5918367346938775,0.6530612244897959,67.28191491026772,72.19863897845636
0.6122448979591836,0.6530612244897959,72.2867708534632,78.14565466348012
0.6326530612244897,0.6530612244897959,77.39439308066264,84.27972934771158
0.6530612244897959,0.6530612244897959,82.33057111839585,90.32337578583157
0.673469387755102,0.6530612244897959,86.80628536510562,95.98329282263033
0.6938775510204082,0.6530612244897959,90.54295971997703,100.97561802183739
0.7142857142857142,0.6530612244897959,93.29707020633842,105.05053628952211
0.7346938775510203,0.6530612244897959,94.88182144478594,108.01395634721833
0.7551020408163265,0.6530612244897959,95.18387546669429,109.74423954543515
0.7755102040816326,0.6530612244897959,94.17357739921108,110.20242554865146
0.7959183673469387,0.6530612244897959,91.90772722298294,109.43500409304167
0.8163265306122448,0.6530612244897959,88.52463988063256,107.56897509495299
0.836734693877551,0.6530612244897959,84.23195305413523,104.79965642828209
0.8571428571428571,0.6530612244897959,79.28831626131625,101.37237302097218
0.8775510204081632,0.6530612244897959,73.98066384535116,97.55972984451351
0.8979591836734693,0.6530612244897959,68.59918504706917,93.63658198624671
0.9183673469387754,0.6530612244897959,63.41231847837866,89.8550291227883
0.9387755102040816,0.6530612244897959,58.64409604628478,86.42175944404819
0.9591836734693877,0.6530612244897959,54.4559429217055,83.47984962204586
0.9795918367346939,0.6530612244897959,50.93462581790246,81.09671308934124
1.0,0.6530612244897959,48.087470164760475,79.25931721331409
0.0,0.673469387755102,62.925502536490185,56.09018346962243
0.02040816326530612,0.673469387755102,48.4454196263559,43.16253311140309
0.04081632653061224,0.673469387755102,35.7570059300222,31.77108594351327
0.061224489795918366,0.673469387755102,25.00555838776561,22.087000806675825
0.08163265306122448,0.673469387755102,16.31341249387446,14.257470313822182
0.1020408163265306,0.673469387755102,9.757462204792926,8.383240758236273
0.12244897959183673,0.673469387755102,5.351232112303946,4.500684286737543
0.14285714285714285,0.673469387755102,3.0331688366179836,2.5700902927696143
0.16326530612244897,0.673469387755102,2.6622403223113977,2.4712647123387717
0.18367346938775508,0.673469387755102,4.021252220844604,4.006846406532031
0.2040816326530612,0.673469387755102,6.827572997690982,6.913032268646089
0.22448979591836732,0.673469387755102,10.750270528343076,10.876713820193517
0.24489795918367346,0.673469387755102,15.432066798096937,15.5574319106871
0.26530612244897955,0.673469387755102,20.514069326364915,20.61210814195263
0.2857142857142857,0.673469387755102,25.660979752467053,25.720253453920304
0.3061224489795918,0.673469387755102,30.584435652696563,30.607309941690175
0.32653061224489793,0.673469387755102,35.06231523327034,35.06395554848274
0.3469387755102041,0.673469387755102,38.952209921323764,38.959576656633615
0.36734693877551017,0.673469387755102,42.19781215325404,42.24865587593702
0.3877551020408163,0.673469387755102,44.82762441475589,44.969481083681345
0.4081632653061224,0.673469387755102,46.94610956784517,47.235295751672865
0.42857142857142855,0.673469387755102,48.718105320066016,49.218713415442814
0.44897959183673464,0.673469387755102,50.34795200072814,51.130845450484756
0.4693877551020408,0.673469387755102,52.05527437326213,53.19708288460973
0.4897959183673469,0.673469387755102,54.0496693252664,55.63178408799346
0.5102040816326531,0.673469387755102,56.50665301087052,58.61422191553942
0.5306122448979591,0.673469387755102,59.547103914368826,62.268026770512606
0.5510204081632653,0.673469387755102,63.22211324834109,66.64603700266017
0.5714285714285714,0.673469387755102,67.50465131781587,71.72196527237469
0.5918367346938775,0.673469387755102,72.288824723804,77.3896557542278
0.6122448979591836,0.673469387755102,77.3967934724753,83.47000124614682
0.6326530612244897,0.673469387755102,82.59270482731694,89.72487702157309
0.6530612244897959,0.673469387755102,87.60234831485876,95.87679583518742
0.673469387755102,0.673469387755102,92.13670433354355,101.63245653178005
0.6938775510204082,0.673469387755102,95.9171967825564,106.70799667508051
0.7142857142857142,0.673469387755102,98.70030168522564,110.85360117115819
0.7346938775510203,0.673469387755102,100.29922366214741,113.87517874154688
0.7551020408163265,0.673469387755102,100.60062474469643,115.65109073675572
0.7755102040816326,0.673469387755102,99.5748500600203,116.1423768212636
0.7959183673469387,0.673469387755102,97.27869958876566,115.39552673124489
0.8163265306122448,0.673469387755102,93.85048827355519,113.53754038304685
0.836734693877551,0.673469387755102,89.49785379636418,110.76373565056612
0.8571428571428571,0.673469387755102,84.47944567501794,107.3194374617459
0.8775510204081632,0.673469387755102,79.08219825269198,103.47725078807649
0.8979591836734693,0.673469387755102,73.59630077021555,99.51203071689848
0.9183673469387754,0.673469387755102,68.29019183949701,95.67587692482837
0.9387755102040816,0.673469387755102,63.387903367541504,92.17547760177612
0.9591836734693877,0.673469387755102,59.05086052526701,89.15390941976119
0.9795918367346939,0.673469387755102,55.36583002593518,86.6785858113435
1.0,0.673469387755102,52.34013729943082,84.73647414390281
0.0,0.6938775510204082,58.68126304115675,52.152066423268586
0.02040816326530612,0.6938775510204082,44.73417959367228,39.721078627257924
0.04081632653061224,0.6938775510204082,32.56394168215482,28.81376530587631
0.061224489795918366,0.6938775510204082,22.31584624688087,19.601285299846637
0.08163265306122448,0.6938775510204082,14.112228782138775,12.230831222100269
0.1020408163265306,0.6938775510204082,8.029983244372714,6.803149365921187
0.12244897959183673,0.6938775510204082,4.0826342253656165,3.3546118781288197
0.14285714285714285,0.6938775510204082,2.2086283453279494,1.8455081521667953
0.16326530612244897,0.6938775510204082,2.2669335488360716,2.1556441240413893
0.18367346938775508,0.6938775510204082,4.040355487350398,4.0876586548396245
0.2040816326530612,0.6938775510204082,7.246262626344309,7.377748637858196
0.22448979591836732,0.6938775510204082,11.553722841310348,11.712805594609675
0.24489795918367346,0.6938775510204082,16.60545811754457,16.752370374606848
0.26530612244897955,0.6938775510204082,22.042575974459314,22.1533645796755
0.2857142857142857,0.6938775510204082,27.529778051374624,27.595299149745827
0.3061224489795918,0.6938775510204082,32.77870192458374,32.80361617991791
0.32653061224489793,0.6938775510204082,37.567225800303525,37.56899361341221
0.3469387755102041,0.6938775510204082,41.75294110566937,41.760817832564356
0.36734693877551017,0.6938775510204082,45.279540277078475,45.33357144716858
0.3877551020408163,0.6938775510204082,48.17552580022557,48.32554233451325
0.4081632653061224,0.6938775510204082,50.54536053712651,50.84997396640466
0.42857142857142855,0.6938775510204082,52.55388219532543,53.07947987837403
0.44897959183673464,0.6938775510204082,54.405431104132035,55.22517144591494
0.4693877551020408,0.6938775510204082,56.31963202697692,57.512439696838406
0.4897959183673469,0.6938775510204082,58.506081851458504,60.15564300132017
0.5102040816326531,0.6938775510204082,61.140296731706336,63.3340542142637
0.5306122448979591,0.6938775510204082,64.34315515201477,67.171303738934
0.5510204081632653,0.6938775510204082,68.16574832496362,71.72022992507823
0.5714285714285714,0.6938775510204082,72.58104655558137,76.95454543308892
0.5918367346938775,0.6938775510204082,77.48315644487886,82.76809443753778
0.6122448979591836,0.6938775510204082,82.6942379990259,88.981769736352
0.6326530612244897,0.6938775510204082,87.97843848150977,95.35744660297313
0.6530612244897959,0.6938775510204082,93.0615474188602,101.61763779208172
0.673469387755102,0.6938775510204082,97.65454520951998,107.46904214846826
0.6938775510204082,0.6938775510204082,101.47885575267426,112.62779723586216
0.7142857142857142,0.6938775510204082,104.29095507165137,116.84408796033274
0.7346938775510203,0.6938775510204082,105.9040477870474,119.92382304341395
0.7551020408163265,0.6938775510204082,106.20479593023707,121.74536383561482
0.7755102040816326,0.6938775510204082,105.16354462836804,122.26975000141422
0.7959183673469387,0.6938775510204082,102.8370938620869,121.54347127698657
0.8163265306122448,0.6938775510204082,99.36375857401627,119.6935275786792
0.836734693877551,0.6938775510204082,94.95117644613163,116.91523678038867
0.8571428571428571,0.6938775510204082,89.85799699625808,113.45392381005813
0.8775510204081632,0.6938775510204082,84.3711545675713,109.582193639178
0.8979591836734693,0.6938775510204082,78.78083840090042,105.57490135508876
0.9183673469387754,0.6938775510204082,73.35548710815385,101.68414663440694
0.9387755102040816,0.6938775510204082,68.31913259633673,98.11661766704255
0.9591836734693877,0.6938775510204082,63.833200036367046,95.015391125015
0.9795918367346939,0.6938775510204082,59.98445614150641,92.44788044088423
1.0,0.6938775510204082,56.78022634163967,90.40105298203002
0.0,0.7142857142857142,54.62444545336184,48.40137128445326
0.02040816326530612,0.7142857142857142,41.21036146852718,36.46704605065128
0.04081632653061224,0.7142857142857142,29.55829934182597,26.043866575777894
0.061224489795918366,0.7142857142857142,19.813556013534654,17.302991700555943
0.08163265306122448,0.7142857142857142,12.098466977941618,10.39161403791688
0.1020408163265306,0.7142857142857142,6.489926191491027,5.410479881144627
0.12244897959183673,0.7142857142857142,3.0014582459658126,2.3959613770586223
0.14285714285714285,0.7142857142857142,1.5715097615764417,1.3083479191025003
0.16326530612244897,0.7142857142857142,2.0590486828992702,2.0274454432825326
0.18367346938775508,0.7142857142857142,4.246880661394718,4.355892810685744
0.2040816326530612,0.7142857142857142,7.85237416253616,8.029886914608827
0.22448979591836732,0.7142857142857142,12.544597061816145,12.736319276564357
0.24489795918367346,0.7142857142857142,17.966271344530725,18.13473074606512
0.26530612244897955,0.7142857142857142,23.75850453009224,23.882042924936897
0.2857142857142857,0.7142857142857142,29.585998257820744,29.6577667531099
0.3061224489795918,0.7142857142857142,35.160390104009444,35.18734432568417
0.32653061224489793,0.7142857142857142,40.25955827487524,40.261453585880204
0.3469387755102041,0.7142857142857142,44.7410941975535,44.749480916033626
0.36734693877551017,0.7142857142857142,48.548690308441444,48.60590892593866
0.3877551020408163,0.7142857142857142,51.71084909323378,51.86902549288369
0.4081632653061224,0.7142857142857142,54.33203341394638,54.65207408867498
0.42857142857142855,0.7142857142857142,56.57708097812336,57.127668248843776
0.44897959183673464,0.7142857142857142,58.650332115074455,59.506919348883635
0.4693877551020408,0.7142857142857142,60.77141158823024,62.015218416605606
0.4897959183673469,0.7142857142857142,63.14991628518913,64.86692382218541
0.5102040816326531,0.7142857142857142,65.96136236008067,68.24130842052651
0.5306122448979591,0.7142857142857142,69.32662829719925,72.26200261489393
0.5510204081632653,0.7142857142857142,73.29680530912461,76.98184475503476
0.5714285714285714,0.7142857142857142,77.8448637008853,82.37454750134165
0.5918367346938775,0.7142857142857142,82.86491007349217,88.33395502838621
0.6122448979591836,0.7142857142857142,88.17910443311507,94.68096013409577
0.6326530612244897,0.7142857142857142,93.55159404324107,101.17743809191161
0.6530612244897959,0.7142857142857142,98.70816843040011,107.54590165651462
0.673469387755102,0.7142857142857142,103.35980799303493,113.493049672695
0.6938775510204082,0.7142857142857142,107.22793663033065,118.73501970418226
0.7142857142857142,0.7142857142857142,110.06903036561557,123.02199665704583
0.7346938775510203,0.7142857142857142,111.69629381948586,126.15988925281948
0.7551020408163265,0.7142857142857142,111.99638902331623,128.02705884201237
0.7755102040816326,0.7142857142857142,110.93966110425426,128.58454508910333
0.7959183673469387,0.7142857142857142,108.58291004294661,127.87883773026685
0.8163265306122448,0.7142857142857142,105.06445078201595,126.03693668185004
0.836734693877551,0.7142857142857142,100.59192100343759,123.25415981774968
0.8571428571428571,0.7142857142857142,95.42397022503681,119.77583206590884
0.8775510204081632,0.7142857142857142,89.84753278998915,115.87455839781795
0.8979591836734693,0.7142857142857142,84.15279793912383,111.8251939008175
0.9183673469387754,0.7142857142857142,78.60820428434923,107.87983825152399
0.9387755102040816,0.7142857142857142,73.43778373267048,104.24517963984745
0.9591836734693877,0.7142857142857142,68.80296145500559,101.06429473780739
0.9795918367346939,0.7142857142857142,64.79050416461617,98.40459697796351
1.0,0.7142857142857142,61.40773729138704,96.25305372769577
0.0,0.7346938775510203,50.75504977310545,44.838098053176466
0.02040816326530612,0.7346938775510203,37.87396525092062,33.40043538158315
0.04081632653061224,0.7346938775510203,26.740078909035617,23.461389753217976
0.061224489795918366,0.7346938775510203,17.498687687726964,15.192120008803805
0.08163265306122448,0.7346938775510203,10.272127081282987,8.73981876127202
0.1020408163265306,0.7346938775510203,5.1372910461478645,4.205232303906591
0.12244897959183673,0.7346938775510203,2.1077041741045335,1.6247327835269498
0.14285714285714285,0.7346938775510203,1.121813085363458,0.95860959357673
0.16326530612244897,0.7346938775510203,2.0385857245009946,2.0866686700622017
0.18367346938775508,0.7346938775510203,4.640827742977562,4.811548874070388
0.2040816326530612,0.7346938775510203,8.645907606266537,8.869447098897986
0.22448979591836732,0.7346938775510203,13.722893189860464,13.947254866057564
0.24489795918367346,0.7346938775510203,19.514506479055406,19.704513025061917
0.26530612244897955,0.7346938775510203,25.661854993263688,25.79814317773682
0.2857142857142857,0.7346938775510203,31.829640371805365,31.90765626401247
0.3061224489795918,0.7346938775510203,37.729500190973674,37.758494378988956
0.32653061224489793,0.7346938775510203,43.139312656985474,43.141335465886726
0.3469387755102041,0.7346938775510203,47.91666919697616,47.925565907041424
0.36734693877551017,0.7346938775510203,52.00526224734293,52.06566831224727
0.3877551020408163,0.7346938775510203,55.43359429378052,55.59993055879264
0.4081632653061224,0.7346938775510203,58.306128198304776,58.64159611848382
0.42857142857142855,0.7346938775510203,60.787701668459825,61.36327852685204
0.44897959183673464,0.7346938775510203,63.0826550335554,63.97608915939087
0.4693877551020408,0.7346938775510203,65.41061305702208,66.70541904391133
0.4897959183673469,0.7346938775510203,67.98117262645827,69.76562655058916
0.5102040816326531,0.7346938775510203,70.96984989599355,73.33598453432785
0.5306122448979591,0.7346938775510203,74.49752334992226,77.54012339839237
0.5510204081632653,0.7346938775510203,78.61528420082418,82.43088149252989
0.5714285714285714,0.7346938775510203,83.29610275372784,87.98197147713296
0.5918367346938775,0.7346938775510203,88.43408560964409,94.08723752677325
0.6122448979591836,0.7346938775510203,93.85139277474269,100.56757243937798
0.6326530612244897,0.7346938775510203,99.31217151251096,107.1848514883887
0.6530612244897959,0.7346938775510203,104.5422113494786,113.66158742848597
0.673469387755102,0.7346938775510203,109.25249268408842,119.70447910446025
0.6938775510204082,0.7346938775510203,113.16443941552555,125.02966408004097
0.7142857142857142,0.7346938775510203,116.03452756711836,129.3873272612975
0.7346938775510203,0.7346938775510203,117.67596175946291,132.58337736976353
0.7551020408163265,0.7346938775510203,117.97540402393392,134.4961757559485
0.7755102040816326,0.7346938775510203,116.90319948767906,135.08676208433104
0.7959183673469387,0.7346938775510203,114.5161481313449,134.40162609108557
0.8163265306122448,0.7346938775510203,110.9525648975541,132.56776769255947
0.836734693877551,0.7346938775510203,106.42008746828208,129.7805047626492
0.8571428571428571,0.7346938775510203,101.17736536135399,126.28516222929815
0.8775510204081632,0.7346938775510203,95.5113329199455,122.35434506399643
0.8979591836734693,0.7346938775510203,89.71217938488576,118.26290835408483
0.9183673469387754,0.7346938775510203,84.04834336808312,114.26295177617965
0.9387755102040816,0.7346938775510203,78.74385677654277,110.56116352019097
0.9591836734693877,0.7346938775510203,73.96014478118266,107.30062025813821
0.9795918367346939,0.7346938775510203,69.78397409526444,104.5487354225813
1.0,0.7346938775510203,66.22267014867293,102.29247638090003
0.0,0.7551020408163265,47.07307600038758,41.46224672943819
0.02040816326530612,0.7551020408163265,34.724990940852564,30.52124662005356
0.04081632653061224,0.7551020408163265,24.109280383783823,21.06633483819661
0.061224489795918366,0.7551020408163265,15.371241269457801,13.268670224590167
0.08163265306122448,0.7551020408163265,8.633209092162879,7.275445392165681
0.1020408163265306,0.7551020408163265,3.9720778083432275,3.1874066342070817
0.12244897959183673,0.7551020408163265,1.401372009781781,1.040926097533804
0.14285714285714285,0.7551020408163265,0.8595383166890009,0.7962931755894864
0.16326530612244897,0.7551020408163265,2.205544673641244,2.3333138043803956
0.18367346938775508,0.7551020408163265,5.222196732098931,5.454626844993558
0.2040816326530612,0.7551020408163265,9.62686295753544,9.89642919072567
0.22448979591836732,0.7551020408163265,15.088611225443312,15.345612363089298
0.24489795918367346,0.7551020408163265,21.250163521118612,21.46171721159724
0.26530612244897955,0.7551020408163265,27.752627363973666,27.901665338075265
0.2857142857142857,0.7551020408163265,34.26070439332854,34.3449676824536
0.3061224489795918,0.7551020408163265,40.48603218547643,40.51706633983227
0.32653061224489793,0.7551020408163265,46.20648894663424,46.20863925343178
0.3469387755102041,0.7551020408163265,51.279666103937345,51.28907280558774
0.36734693877551017,0.7551020408163265,55.649256093782945,55.712849606094395
0.3877551020408163,0.7551020408163265,59.343761401865784,59.51825753224013
0.4081632653061224,0.7551020408163265,62.4676448902017,62.81854005583119
0.42857142857142855,0.7551020408163265,65.18574426633481,65.78631071239883
0.44897959183673464,0.7551020408163265,67.70239985957487,68.63268087743661
0.4693877551020408,0.7551020408163265,70.23723643335245,71.58304157875557
0.4897959183673469,0.7551020408163265,72.99985087526595,74.85175118653146
0.5102040816326531,0.7551020408163265,76.16575933944495,78.61808255566771
0.5306122448979591,0.7551020408163265,79.85584031018378,83.00566608942934
0.5510204081632653,0.7551020408163265,84.12118500006221,88.06734013756346
0.5714285714285714,0.7551020408163265,88.93476371410884,93.77681736046273
0.5918367346938775,0.7551020408163265,94.19068305333445,100.02794193269874
0.6122448979591836,0.7551020408163265,99.71110302390892,106.6416066521988
0.6326530612244897,0.7551020408163265,105.2601708893193,113.37968679240424
0.6530612244897959,0.7551020408163265,110.56367617609556,119.96469510799591
0.673469387755102,0.7551020408163265,115.33259928268039,126.103330443764
0.6938775510204082,0.7551020408163265,119.28836410825899,131.5117303634382
0.7142857142857142,0.7551020408163265,122.18744667615961,135.94007977308758
0.7346938775510203,0.7551020408163265,123.84305160697842,139.1942873942462
0.7551020408163265,0.7551020408163265,124.14184093209012,141.15271457742313
0.7755102040816326,0.7551020408163265,123.05415977864232,141.77640098709728
0.7959183673469387,0.7551020408163265,120.63680812728167,141.11183635944292
0.8163265306122448,0.7551020408163265,117.02810092063082,139.28602061080744
0.836734693877551,0.7551020408163265,112.4356758406651,136.49427161508734
0.8571428571428571,0.7551020408163265,107.11818240520978,132.98191430022598
0.8775510204081632,0.7551020408163265,101.3625549574404,129.0215536377135
0.8979591836734693,0.7551020408163265,95.45898273818621,124.88804471489063
0.9183673469387754,0.7551020408163265,89.67590435935554,120.83348720837384
0.9387755102040816,0.7551020408163265,84.23735172795357,117.064569308073
0.9591836734693877,0.7551020408163265,79.30475001489826,113.72436768600757
0.9795918367346939,0.7551020408163265,74.96486593345125,110.88029577473759
1.0,0.7551020408163265,71.22502491349738,108.51932094164279
0.0,0.7755102040816326,43.57852413520823,38.27381731323843
0.02040816326530612,0.7755102040816326,31.76343853832303,27.829479766062477
0.04081632653061224,0.7755102040816326,21.66590376607052,18.858701830713745
0.061224489795918366,0.7755102040816326,13.431216758727151,11.532642347915058
0.08163265306122448,0.7755102040816326,7.18171301058129,5.998493930597862
0.1020408163265306,0.7755102040816326,2.994286478077111,2.3570028720460927
0.12244897959183673,0.7755102040816326,0.8824617529975498,0.6445413190791793
0.14285714285714285,0.7755102040816326,0.7846854555530669,0.8213986651407676
0.16326530612244897,0.7755102040816326,2.5599255303200215,2.767380846237118
0.18367346938775508,0.7755102040816326,5.99098762875883,6.285126723455258
0.2040816326530612,0.7755102040816326,10.795240216342874,11.110833190091885
0.22448979591836732,0.7755102040816326,16.641751168564696,16.931391767659566
0.24489795918367346,0.7755102040816326,23.173242470720353,23.4063433056711
0.26530612244897955,0.7755102040816326,30.03082164222218,30.192609405952254
0.2857142857142857,0.7755102040816326,36.879190322390244,36.96970100843325
0.3061224489795918,0.7755102040816326,43.429986087517726,43.46306020821412
0.32653061224489793,0.7755102040816326,49.461087143821544,49.46336494851536
0.3469387755102041,0.7755102040816326,54.83008491843707,54.84000161167261
0.36734693877551017,0.7755102040816326,59.480671847761506,59.54745280748008
0.3877551020408163,0.7755102040816326,63.441350417489595,63.62400641322616
0.4081632653061224,0.7755102040816326,66.81658348963717,67.1829059007171
0.42857142857142855,0.7755102040816326,69.77120877174835,70.39676480548417
0.44897959183673464,0.7755102040816326,72.50956659313289,73.47669450302092
0.4693877551020408,0.7755102040816326,75.25128171722136,76.64808602113838
0.4897959183673469,0.7755102040816326,78.20595103161219,80.12529773001229
0.5102040816326531,0.7755102040816326,81.54909069043491,84.08760248454612
0.5306122448979591,0.7755102040816326,85.40157917798386,88.65863068800486
0.5510204081632653,0.7755102040816326,89.81450770683885,93.89122069013564
0.5714285714285714,0.7755102040816326,94.76084658202842,99.75908515133108
0.5918367346938775,0.7755102040816326,100.1347024045634,106.15606824616282
0.6122448979591836,0.7755102040816326,105.75823518061365,112.90306277255814
0.6326530612244897,0.7755102040816326,111.39559217366623,119.76194400395839
0.6530612244897959,0.7755102040816326,116.7725629102511,126.4552246950444
0.673469387755102,0.7755102040816326,121.60012778881095,132.68960369060633
0.6938775510204082,0.7755102040816326,125.59971070853099,138.18121855437397
0.7142857142857142,0.7755102040816326,128.52778769273945,142.68025419241627
0.7346938775510203,0.7755102040816326,130.19756336203253,145.9926193262674
0.7551020408163265,0.7755102040816326,130.4956997477849,147.99667530643634
0.7755102040816326,0.7755102040816326,129.39254197714416,148.65346179740203
0.7959183673469387,0.7755102040816326,126.94489003075701,148.00946853533878
0.8163265306122448,0.7755102040816326,123.29105885124608,146.19169543659393
0.836734693877551,0.7755102040816326,118.63868612058667,143.39546037506398
0.8571428571428571,0.7755102040816326,113.24642135660409,139.86608827869236
0.8775510204081632,0.7755102040816326,107.40119890247385,135.87618411896915
0.8979591836734693,0.7755102040816326,101.39320799902521,131.700602983235
0.9183673469387754,0.7755102040816326,95.49088725816652,127.59144454810655
0.9387755102040816,0.7755102040816326,89.91826858690293,123.75539700349357
0.9591836734693877,0.7755102040816326,84.83677715615241,120.33553702141552
0.9795918367346939,0.7755102040816326,80.33317967917661,117.39927803443247
1.0,0.7755102040816326,76.41480158586035,114.93358740992414
0.0,0.7959183673469387,40.27139417756743,35.27280980457723
0.02040816326530612,0.7959183673469387,28.989308043332052,25.32513481960995
0.04081632653061224,0.7959183673469387,19.409949055895776,16.83849073076943
0.061224489795918366,0.7959183673469387,11.678614155535048,9.984036378778491
0.08163265306122448,0.7959183673469387,5.917638836538241,4.908964376568582
0.1020408163265306,0.7959183673469387,2.203917055349531,1.7140210174236383
0.12244897959183673,0.7959183673469387,0.5509734037518488,0.4355784481630849
0.14285714285714285,0.7959183673469387,0.8972545019556595,1.0339260622305737
0.16326530612244897,0.7959183673469387,3.1017282945373186,3.388869795632359
0.18367346938775508,0.7959183673469387,6.947200432957246,7.303048509455472
0.2040816326530612,0.7959183673469387,12.151039382688818,12.512659096996611
0.22448979591836732,0.7959183673469387,18.382313019224583,18.70459307976834
0.24489795918367346,0.7959183673469387,25.2837433278606,25.53839130728346
0.26530612244897955,0.7959183673469387,32.49643782800919,32.67097538136774
0.2857142857142857,0.7959183673469387,39.685098158990435,39.781856241951395
0.3061224489795918,0.7959183673469387,46.56136189709751,46.596475984134464
0.32653061224489793,0.7959183673469387,52.903107248547336,52.90551255113744
0.3469387755102041,0.7959183673469387,58.56792564047528,58.57835232529597
0.36734693877551017,0.7959183673469387,63.499509509278546,63.56947791640424
0.3877551020408163,0.7959183673469387,67.72636134065188,67.91717720175066
0.4081632653061224,0.7959183673469387,71.3529439966111,71.7346936531415
0.42857142857142855,0.7959183673469387,74.54409518470037,75.194640806108
0.44897959183673464,0.7959183673469387,77.50415523422939,78.5081300361437
0.4693877551020408,0.7959183673469387,80.45274890862875,81.90055237105965
0.4897959183673469,0.7959183673469387,83.59947309549688,85.5862661810316
0.5102040816326531,0.7959183673469387,87.11984394896332,89.744544320963
0.5306122448979591,0.7959183673469387,91.13473995332241,94.49901719411885
0.5510204081632653,0.7959183673469387,95.69525232115393,99.90252315024627
0.5714285714285714,0.7959183673469387,100.77435135748647,105.92877484973789
0.5918367346938775,0.7959183673469387,106.26614366333082,112.47161646716535
0.6122448979591836,0.7959183673469387,111.99278924485685,119.35194080045595
0.6326530612244897,0.7959183673469387,117.71843536555163,126.33162312305097
0.6530612244897959,0.7959183673469387,123.16887155194509,133.1331761896313
0.673469387755102,0.7959183673469387,128.05507820248005,139.4632988449872
0.6938775510204082,0.7959183673469387,132.09847921634145,145.0381286528481
0.7142857142857142,0.7959183673469387,135.05555061685774,149.6078505192834
0.7346938775510203,0.7959183673469387,136.73949702462505,152.978373165827
0.7551020408163265,0.7959183673469387,137.03698047101813,155.028057942988
0.7755102040816326,0.7959183673469387,135.91834608318447,155.71794451524514
0.7959183673469387,0.7959183673469387,133.4403938417708,155.09452261877308
0.8163265306122448,0.7959183673469387,129.74143868939979,153.28479216991877
0.836734693877551,0.7959183673469387,125.0291183080467,150.48407104257907
0.8571428571428571,0.7959183673469387,119.56208221553685,146.9376841646971
0.8775510204081632,0.7959183673469387,113.62726475504576,142.91823650776317
0.8979591836734693,0.7959183673469387,107.51485516740264,138.70058315911783
0.9183673469387754,0.7959183673469387,101.49329206451596,134.53682379537761
0.9387755102040816,0.7959183673469387,95.78660735339075,130.63364660645252
0.9591836734693877,0.7959183673469387,90.55622620494502,127.134128264362
0.9795918367346939,0.7959183673469387,85.88891533244043,124.10568220166589
1.0,0.7959183673469387,81.79200016576179,121.53527578574402
0.0,0.8163265306122448,37.151686127465126,32.45922420345451
0.02040816326530612,0.8163265306122448,26.40259945587957,23.008211780695916
0.04081632653061224,0.8163265306122448,17.34141625325953,15.005701538363613
0.061224489795918366,0.8163265306122448,10.113433459881449,8.622852317180431
0.08163265306122448,0.8163265306122448,4.840986570033704,4.006856730077815
0.1020408163265306,0.8163265306122448,1.6009695401604667,1.2584610703397008
0.12244897959183673,0.8163265306122448,0.4069069620446708,0.4140374847855135
0.14285714285714285,0.8163265306122448,1.1972454558967804,1.4338753668589082
0.16326530612244897,0.8163265306122448,3.8309529662931485,4.197780652566133
0.18367346938775508,0.8163265306122448,8.090835144694196,8.508392202994225
0.2040816326530612,0.8163265306122448,13.694260456573307,14.101906911439878
0.22448979591836732,0.8163265306122448,20.31029677742302,20.66521629941566
0.24489795918367346,0.8163265306122448,27.581666092539393,27.857861216434372
0.26530612244897955,0.8163265306122448,35.149475921334755,35.336763264321775
0.2857142857142857,0.8163265306122448,42.67842790312918,42.7814333830081
0.3061224489795918,0.8163265306122448,49.88015961421586,49.91731366759337
0.32653061224489793,0.8163265306122448,56.53254926081169,56.535082061298084
0.3469387755102041,0.8163265306122448,62.493188270052066,62.504124946457885
0.36734693877551017,0.8163265306122448,67.70576907833416,67.77892493286697
0.3877551020408163,0.8163265306122448,72.19879417135274,72.39776989781376
0.4081632653061224,0.8163265306122448,76.07672641112363,76.47390331310447
0.42857142857142855,0.8163265306122448,79.50440350519096,80.17993871427039
0.44897959183673464,0.8163265306122448,82.68616578286446,83.72698747680506
0.4693877551020408,0.8163265306122448,85.84163800757472,87.3404406285195
0.4897959183673469,0.8163265306122448,89.18041706692016,91.2346565395895
0.5102040816326531,0.8163265306122448,92.87801911503033,95.58890806491847
0.5306122448979591,0.8163265306122448,97.05532263619955,100.52682560777143
0.5510204081632653,0.8163265306122448,101.76341884300761,106.1012475178955
0.5714285714285714,0.8163265306122448,106.97527804048312,112.28588645568331
0.5918367346938775,0.8163265306122448,112.58500682963682,118.97458659570648
0.6122448979591836,0.8163265306122448,118.41476521663866,125.98824073589233
0.6326530612244897,0.8163265306122448,124.22870046497562,133.08872414968215
0.6530612244897959,0.8163265306122448,129.75260210117767,139.99854959175684
0.673469387755102,0.8163265306122448,134.69745052368768,146.4244159069066
0.6938775510204082,0.8163265306122448,138.7846696316905,152.0824606588609
0.7142857142857142,0.8163265306122448,141.77073544851464,156.72286875368917
0.7346938775510203,0.8163265306122448,143.46885259475624,160.15154891292525
0.7551020408163265,0.8163265306122448,143.76568310178996,162.24686248707826
0.7755102040816326,0.8163265306122448,142.6315720967634,162.96984914062696
0.7959183673469387,0.8163265306122448,140.1233195603232,162.366998609746
0.8163265306122448,0.8163265306122448,136.3792404350921,160.56531081078234
0.836734693877551,0.8163265306122448,131.60697240304535,157.7601036176328
0.8571428571428571,0.8163265306122448,126.06516498200821,154.1967019582405
0.8775510204081632,0.8163265306122448,120.04075251515627,150.14771080409582
0.8979591836734693,0.8163265306122448,113.8239242433187,145.8879852425393
0.9183673469387754,0.8163265306122448,107.68311877840395,141.66962495018737
0.9387755102040816,0.8163265306122448,101.8423680274172,137.6993181169501
0.9591836734693877,0.8163265306122448,96.46309716127624,134.120141414847
0.9795918367346939,0.8163265306122448,91.63207289324285,130.99950827643784
1.0,0.8163265306122448,87.35662065320182,128.32438606910245
0.0,0.836734693877551,34.219399984901365,29.833060509870347
0.02040816326530612,0.836734693877551,24.003312775965643,20.878710649320425
0.04081632653061224,0.836734693877551,15.460305358161811,13.36033425349633
0.061224489795918366,0.836734693877551,8.735674671766386,7.449090163120914
0.08163265306122448,0.836734693877551,3.951756211067699,3.2921709911255794
0.1020408163265306,0.836734693877551,1.1854439325099317,0.9903230307942934
0.12244897959183673,0.836734693877551,0.45026242787601944,0.5799184289464687
0.14285714285714285,0.836734693877551,1.6846583173764245,2.0212465790257657
0.16326530612244897,0.836734693877551,4.7475995455875,5.194113417038429
0.18367346938775508,0.836734693877551,9.421891763969668,9.901157804071497
0.2040816326530612,0.836734693877551,15.42490343799631,15.878576633421662
0.22448979591836732,0.836734693877551,22.425702443159967,22.813261426601496
0.24489795918367346,0.836734693877551,30.067010764756706,30.364753033123797
0.26530612244897955,0.836734693877551,37.98993592219884,38.189973054814324
0.2857142857142857,0.836734693877551,45.859179554806424,45.96843243160329
0.3061224489795918,0.836734693877551,53.38637923887273,53.42557325859078
0.32653061224489793,0.836734693877551,60.349413180614555,60.352073478997234
0.3469387755102041,0.836734693877551,66.60587280716734,66.6173194751583
0.36734693877551017,0.836734693877551,72.09945055492827,72.17579385686821
0.3877551020408163,0.836734693877551,76.8586489095921,77.06578450141534
0.4081632653061224,0.836734693877551,80.98793073317465,81.40053488060595
0.42857142857142855,0.836734693877551,84.65213373322005,85.35265852997128
0.44897959183673464,0.836734693877551,88.05559823903803,89.13326682500491
0.4693877551020408,0.836734693877551,91.41794901405919,92.96775079351787
0.4897959183673469,0.836734693877551,94.94878294588193,97.07046880568589
0.5102040816326531,0.836734693877551,98.82361618863581,101.62069371641243
0.5306122448979591,0.836734693877551,103.16332722661521,106.74205592896246
0.5510204081632653,0.836734693877551,108.01900727239983,112.48739379308326
0.5714285714285714,0.836734693877551,113.36362663101829,118.83041996916725
0.5918367346938775,0.836734693877551,119.09129190348136,125.66497863178616
0.6122448979591836,0.836734693877551,125.0241630959589,132.81196257886717
0.6326530612244897,0.836734693877551,130.92638747193814,140.0332470838519
0.6530612244897959,0.836734693877551,136.52375455794882,147.0513449014208
0.673469387755102,0.836734693877551,141.52724475243372,153.57295487636443
0.6938775510204082,0.836734693877551,145.658281954578,159.31421457241223
0.7142857142857142,0.836734693877551,148.67334218771006,164.02530889563346
0.7346938775510203,0.836734693877551,150.3856300724259,167.51214656756193
0.7551020408163265,0.836734693877551,150.68180764010032,169.65308893870704
0.7755102040816326,0.836734693877551,149.5322200178808,170.4091756735473
0.7959183673469387,0.836734693877551,146.99366718641417,169.82689650825733
0.8163265306122448,0.836734693877551,143.20446408832288,168.0332513591844
0.836734693877551,0.836734693877551,138.3722484055824,165.22355810022495
0.8571428571428571,0.836734693877551,132.75566965601803,161.64314165932245
0.8775510204081632,0.836734693877551,126.6416621828053,157.56460700796694
0.8979591836734693,0.836734693877551,120.32041522677329,153.26280923349924
0.9183673469387754,0.836734693877551,114.06036739983051,148.98984801253567
0.9387755102040816,0.836734693877551,108.08555060898206,144.95241153498625
0.9591836734693877,0.836734693877551,102.55739002514593,141.29357647287046
0.9795918367346939,0.836734693877551,97.56265236158376,138.0807562587482
1.0,0.836734693877551,93.10866304818035,135.3009182599993
0.0,0.8571428571428571,31.47453574987613,27.3943187238247
0.02040816326530612,0.8571428571428571,21.791448003590215,18.936631425483455
0.04081632653061224,0.8571428571428571,13.766616370602641,11.902388876167585
0.061224489795918366,0.8571428571428571,7.54533779118985,6.462749916599909
0.08163265306122448,0.8571428571428571,3.249947759640219,2.7649071597118695
0.1020408163265306,0.8571428571428571,0.9573402323979217,0.9096068987874109
0.12244897959183673,0.8571428571428571,0.6810398012458929,0.9332212806459488
0.14285714285714285,0.8571428571428571,2.3594930863945933,2.796039698731148
0.16326530612244897,0.8571428571428571,5.851668032420376,6.3778680890492465
0.18367346938775508,0.8571428571428571,10.940370290783665,11.481345312687292
0.2040816326530612,0.8571428571428571,17.34296832695784,17.842668262941974
0.22448979591836732,0.8571428571428571,24.728530016435442,25.148728461325856
0.24489795918367346,0.8571428571428571,32.73977734451253,33.059066757351744
0.26530612244897955,0.8571428571428571,41.01781783060144,41.230604752845395
0.2857142857142857,0.8571428571428571,49.22735311402223,49.342853387737044
0.3061224489795918,0.8571428571428571,57.08002077106811,57.12125475712672
0.32653061224489793,0.8571428571428571,64.35369900795595,64.35648680423492
0.3469387755102041,0.8571428571428571,70.90597925182115,70.91793591139725
0.36734693877551017,0.8571428571428571,76.68055393906091,76.76008468840797
0.3877551020408163,0.8571428571428571,81.70592555536999,81.92122101255543
0.4081632653061224,0.8571428571428571,86.08655696276419,86.51458835564594
0.42857142857142855,0.8571428571428571,89.98728586878767,90.7128002532107
0.44897959183673464,0.8571428571428571,93.61245260275014,94.72696808074329
0.4693877551020408,0.8571428571428571,97.18168192808218,98.78248286605474
0.4897959183673469,0.8571428571428571,100.90457073238224,103.0937029793208
0.5102040816326531,0.8571428571428571,104.95663516977984,107.83990127544489
0.5306122448979591,0.8571428571428571,109.45875372456933,113.1447081576921
0.5510204081632653,0.8571428571428571,114.46201760933049,119.06096197580946
0.5714285714285714,0.8571428571428571,119.9393971290919,125.56237539018963
0.5918367346938775,0.8571428571428571,125.78499888486435,132.54279257540426
0.6122448979591836,0.8571428571428571,131.82098288281776,139.82310632938064
0.6326530612244897,0.8571428571428571,137.8114963864391,147.16519192556007
0.6530612244897959,0.8571428571428571,143.48232892225838,154.2915621186234
0.673469387755102,0.8571428571428571,148.5444608887183,160.90891575336082
0.6938775510204082,0.8571428571428571,152.7193161850041,166.73339039350208
0.7142857142857142,0.8571428571428571,155.76337083444392,171.51517094511618
0.7346938775510203,0.8571428571428571,157.48982945763404,175.0601661297372
0.7551020408163265,0.8571428571428571,157.7853540859491,177.24673729787426
0.7755102040816326,0.8571428571428571,156.62028984653668,178.03592411400618
0.7959183673469387,0.8571428571428571,154.05143672004354,177.4742163143073
0.8163265306122448,0.8571428571428571,150.21710964909224,175.688613815125
0.836734693877551,0.8571428571428571,145.32494631565808,172.87443449035572
0.8571428571428571,0.8571428571428571,139.63359623756645,169.27700326794292
0.8775510204081632,0.8571428571428571,133.42999375799278,165.16892511937664
0.8979591836734693,0.8571428571428571,127.00432811776642,160.82505513199766
0.9183673469387754,0.8571428571428571,120.6250379287956,156.49749298242247
0.9387755102040816,0.8571428571428571,114.51615509808546,152.39292686056092
0.9591836734693877,0.8571428571428571,108.8391047965542,148.65443343843245
0.9795918367346939,0.8571428571428571,103.68065373746319,145.3494261485971
1.0,0.8571428571428571,99.0481273506974,142.46487235843466
0.0,0.8775510204081632,28.917093422389403,25.142998845317567
0.02040816326530612,0.8775510204081632,19.767005138753312,17.181974109185003
0.04081632653061224,0.8775510204081632,12.260349290581974,10.631865406377353
0.061224489795918366,0.8775510204081632,6.542422818151833,5.663831577617431
0.08163265306122448,0.8775510204081632,2.735561215751262,2.4250652358366827
0.1020408163265306,0.8775510204081632,0.9166584398244382,1.016312674319055
0.12244897959183673,0.8775510204081632,1.099239082154293,1.473946039883959
0.14285714285714285,0.8775510204081632,3.2217497629512932,3.7582547259750623
0.16326530612244897,0.8775510204081632,7.14315842679179,7.749044668598601
0.18367346938775508,0.8775510204081632,12.646270725136198,13.248954728841627
0.2040816326530612,0.8775510204081632,19.448455123457908,19.99418180000082
0.22448979591836732,0.8775510204081632,27.218779497249454,27.671617403588755
0.24489795918367346,0.8775510204081632,35.59996583180691,35.94080238911824
0.26530612244897955,0.8775510204081632,44.233121646542585,44.45865835841502
0.2857142857142857,0.8775510204081632,52.78294858077656,52.90469625140933
0.3061224489795918,0.8775510204081632,60.961084210802035,61.0043581632012
0.32653061224489793,0.8775510204081632,68.5454067428359,68.54832203701113
0.3469387755102041,0.8775510204081632,75.39350760401351,75.40597425517475
0.36734693877551017,0.8775510204081632,81.44907923073211,81.53179742748628
0.3877551020408163,0.8775510204081632,86.74062410868643,86.9640794312341
0.4081632653061224,0.8775510204081632,91.3726050998923,91.8160637382245
0.42857142857142855,0.8775510204081632,95.50985991189384,96.26036388398867
0.44897959183673464,0.8775510204081632,99.3567288740008,100.50809124402024
0.4693877551020408,0.8775510204081632,103.13283674964373,104.78463684613017
0.4897959183673469,0.8775510204081632,107.04778042642107,109.30435906049428
0.5102040816326531,0.8775510204081632,111.27707605846243,114.24653074201593
0.5306122448979591,0.8775510204081632,115.94160213006205,119.73478229396025
0.5510204081632653,0.8775510204081632,121.09244985379975,125.82195206607427
0.5714285714285714,0.8775510204081632,126.70258953470412,132.48175271875064
0.5918367346938775,0.8775510204081632,132.66612777378595,139.60802842656096
0.6122448979591836,0.8775510204081632,138.8052245772151,147.0216719874326
0.6326530612244897,0.8775510204081632,144.88402720847867,154.48455867480683
0.6530612244897959,0.8775510204081632,150.62832519410657,161.7192012433645
0.673469387755102,0.8775510204081632,155.7490989325415,168.43229853789578
0.6938775510204082,0.8775510204081632,159.96777232296873,174.33998812213048
0.7142857142857142,0.8775510204081632,163.0408213887164,179.1924549021375
0.7346938775510203,0.8775510204081632,164.78145075038077,182.79560759945105
0.7551020408163265,0.8775510204081632,165.0763224393365,185.02780756458012
0.7755102040816326,0.8775510204081632,163.8957815827312,185.85009446200357
0.7959183673469387,0.8775510204081632,161.29662816121152,185.3089580278958
0.8163265306122448,0.8775510204081632,157.41717711740012,183.53139817860412
0.836734693877551,0.8775510204081632,152.4650661332723,180.71273278802502
0.8571428571428571,0.8775510204081632,146.6989447266534,177.09828678410193
0.8775510204081632,0.8775510204081632,140.40574724071885,172.96066513832488
0.8979591836734693,0.8775510204081632,133.87566291629804,168.57472293803468
0.9183673469387754,0.8775510204081632,127.37713036529922,164.19255985984782
0.9387755102040816,0.8775510204081632,121.13418149472746,160.02086409367413
0.9591836734693877,0.8775510204081632,115.30824147550098,156.20271231153302
0.9795918367346939,0.8775510204081632,109.98607702088118,152.80551794598463
1.0,0.8775510204081632,105.17501356075297,149.81624836440864
0.0,0.8979591836734693,26.547073002441234,23.07910087434899
0.02040816326530612,0.8979591836734693,17.92998418145496,15.614738700425093
0.04081632653061224,0.8979591836734693,10.94150411809985,9.548763844125657
0.061224489795918366,0.8979591836734693,5.726929752652351,5.052335146173486
0.08163265306122448,0.8979591836734693,2.408596579400835,2.272645219500024
0.1020408163265306,0.8979591836734693,1.0633985547894795,1.3104403573892203
0.12244897959183673,0.8979591836734693,1.7048602706012144,2.202092706660485
0.14285714285714285,0.8979591836734693,4.271428347046507,4.907891660757493
0.16326530612244897,0.8979591836734693,8.62207072870171,9.307643155686463
0.18367346938775508,0.8979591836734693,14.539593067027235,15.203986052534463
0.2040816326530612,0.8979591836734693,21.741363827496475,22.333117244598167
0.22448979591836732,0.8979591836734693,29.896450885601965,30.38192825339015
0.24489795918367346,0.8979591836734693,38.647576226639785,39.00995992842323
0.26530612244897955,0.8979591836734693,47.63584737002222,47.87413387152312
0.2857142857142857,0.8979591836734693,56.52596595506938,56.653961022620095
0.3061224489795918,0.8979591836734693,65.02956955807446,65.07488347681416
0.32653061224489793,0.8979591836734693,72.9245363852543,72.92757917732584
0.3469387755102041,0.8979591836734693,80.06845786374434,80.08143450649072
0.36734693877551017,0.8979591836734693,86.40502642994178,86.49093207410307
0.3877551020408163,0.8979591836734693,91.96274456954133,92.19435975745124
0.4081632653061224,0.8979591836734693,96.84607514455887,97.30496102834151
0.42857142857142855,0.8979591836734693,101.21985586253848,101.99534942230511
0.44897959183673464,0.8979591836734693,105.28842705278991,106.47663631483563
0.4693877551020408,0.8979591836734693,109.27141347874374,110.97421273374407
0.4897959183673469,0.8979591836734693,113.37841202799838,115.70243704920621
0.5102040816326531,0.8979591836734693,117.78493885468346,120.8405821161255
0.5306122448979591,0.8979591836734693,122.6118724430932,126.51227833776686
0.5510204081632653,0.8979591836734693,127.91030400580746,132.7703640638775
0.5714285714285714,0.8979591836734693,133.6532038478548,139.5885519548501
0.5918367346938775,0.8979591836734693,139.734678570246,146.86068618525613
0.6122448979591836,0.8979591836734693,145.97688817915093,154.40765955302302
0.6326530612244897,0.8979591836734693,152.14397993805667,161.99134733159204
0.6530612244897959,0.8979591836734693,157.9617433734932,169.33426227564405
0.673469387755102,0.8979591836734693,163.14115888390324,176.14310322996928
0.6938775510204082,0.8979591836734693,167.4036503684718,182.1340077582972
0.7142857142857142,0.8979591836734693,170.5056938505273,187.05716076669728
0.7346938775510203,0.8979591836734693,172.26049395066605,190.7184709767033
0.7551020408163265,0.8979591836734693,172.55471270026237,192.99629973882438
0.7755102040816326,0.8979591836734693,171.3586952264641,193.8516867175393
0.7959183673469387,0.8979591836734693,168.72924150991795,193.33112164902272
0.8163265306122448,0.8979591836734693,164.80466649324646,191.56160444962157
0.836734693877551,0.8979591836734693,159.79260785842493,188.73845299323273
0.8571428571428571,0.8979591836734693,153.95171512327877,185.10699220779927
0.8775510204081632,0.8979591836734693,147.5689226309834,180.93982706481157
0.8979591836734693,0.8979591836734693,140.93441962236804,176.51181265161014
0.9183673469387754,0.8979591836734693,134.3166447093412,172.07504864481152
0.9387755102040816,0.8979591836734693,127.93962979890797,167.83622323432567
0.9591836734693877,0.8979591836734693,121.96480006198614,163.93841309217214
0.9795918367346939,0.8979591836734693,116.47892221183763,160.44903165091068
1.0,0.8979591836734693,111.48932167834711,157.35504627792116
0.0,0.9183673469387754,24.364474490031572,21.20262481091892
0.02040816326530612,0.9183673469387754,16.280385131695127,14.234925199203701
0.04081632653061224,0.9183673469387754,9.810080853156236,8.653084189412477
0.061224489795918366,0.9183673469387754,5.098858594691389,4.628260622268065
0.08163265306122448,0.9183673469387754,2.2690538505889313,2.3076471107018897
0.1020408163265306,0.9183673469387754,1.3975605772930457,1.791989947997914
0.12244897959183673,0.9183673469387754,2.497903366586664,3.1176612809755415
0.14285714285714285,0.9183673469387754,5.508528838680256,6.244950503078444
0.16326530612244897,0.9183673469387754,10.288404938150151,11.05366355031287
0.18367346938775508,0.9183673469387754,16.620337316456805,17.346439283765832
0.2040816326530612,0.9183673469387754,24.22169443907358,24.859474596734056
0.22448979591836732,0.9183673469387754,32.76154418149301,33.27966101073009
0.24489795918367346,0.9183673469387754,41.88260852901119,42.266539375266746
0.26530612244897955,0.9183673469387754,51.225995001040395,51.47703129216977
0.2857142857142857,0.9183673469387754,60.456405236900714,60.590647701369384
0.3061224489795918,0.9183673469387754,69.2854768128854,69.33283069796568
0.32653061224489793,0.9183673469387754,77.49108793521127,77.49425822517908
0.3469387755102041,0.9183673469387754,84.93083003101374,84.94431666534526
0.36734693877551017,0.9183673469387754,91.54839553669,91.6374886282584
0.3877551020408163,0.9183673469387754,97.3722869379348,97.61206199120691
0.4081632653061224,0.9183673469387754,102.50696709676399,102.98128022599708
0.42857142857142855,0.9183673469387754,107.11727372072167,107.91775686816011
0.44897959183673464,0.9183673469387754,111.40754713911761,112.63260329318959
0.4693877551020408,0.9183673469387754,115.59741211538235,117.35121052889649
0.4897959183673469,0.9183673469387754,119.8964655371143,122.28793694545665
0.5102040816326531,0.9183673469387754,124.48022355844309,127.62205539777352
0.5306122448979591,0.9183673469387754,129.469564663663,133.477196289112
0.5510204081632653,0.9183673469387754,134.91558006535377,139.9061979692194
0.5714285714285714,0.9183673469387754,140.79124006854408,146.88277309848812
0.5918367346938775,0.9183673469387754,146.99065127424464,154.3007658514899
0.6122448979591836,0.9183673469387754,153.33597368862527,161.98106902615197
0.6326530612244897,0.9183673469387754,159.5913545751733,169.68555789591588
0.6530612244897959,0.9183673469387754,165.48258346041843,177.13674521546213
0.673469387755102,0.9183673469387754,170.7206407428034,184.04132982958123
0.6938775510204082,0.9183673469387754,175.0269503215134,190.11544930200265
0.7142857142857142,0.9183673469387754,178.15798821987684,195.10928853879565
0.7346938775510203,0.9183673469387754,179.92695905848964,198.82875626149405
0.7551020408163265,0.9183673469387754,180.2205248687268,201.15221382060727
0.7755102040816326,0.9183673469387754,179.00903077773563,202.04070088061374
0.7959183673469387,0.9183673469387754,176.34927676616297,201.54070717768818
0.8163265306122448,0.9183673469387754,172.3795777766313,199.77923262817774
0.836734693877551,0.9183673469387754,167.3075714911161,196.95159510597898
0.8571428571428571,0.9183673469387754,161.39190742744267,193.30311953903532
0.8775510204081632,0.9183673469387754,154.9195199287865,189.10641089883677
0.8979591836734693,0.9183673469387754,148.18059823597676,184.6363242727242
0.9183673469387754,0.9183673469387754,141.44358096092185,180.1449593373139
0.9387755102040816,0.9183673469387754,134.93250001062694,175.83900428251593
0.9591836734693877,0.9183673469387754,128.80878055601,171.8615357803497
0.9795918367346939,0.9183673469387754,123.1591893103326,168.27996726337517
1.0,0.9183673469387754,117.99105170347971,165.0812660989721
0.0,0.9387755102040816,22.369297885160424,19.513570655027365
0.02040816326530612,0.9387755102040816,14.818207989473802,13.042533605520829
0.04081632653061224,0.9387755102040816,8.866079495751151,7.944826442237822
0.061224489795918366,0.9387755102040816,4.6582093442689505,4.391608005901165
0.08163265306122448,0.9387755102040816,2.3169330293155532,2.5300709094422817
0.1020408163265306,0.9387755102040816,1.9191445073351403,2.460961446145136
0.12244897959183673,0.9387755102040816,3.478368370110644,4.220651762829129
0.14285714285714285,0.9387755102040816,6.933051237852536,7.769431252937936
0.16326530612244897,0.9387755102040816,12.14216105513714,12.987105852477804
0.18367346938775508,0.9387755102040816,18.88850347342492,19.676314422535746
0.2040816326530612,0.9387755102040816,26.889446958189225,27.57325385640848
0.22448979591836732,0.9387755102040816,35.81405938492261,36.36481567560857
0.24489795918367346,0.9387755102040816,45.305062738921144,45.71054072964882
0.26530612244897955,0.9387755102040816,55.00356453959712,55.26735062035497
0.2857142857142857,0.9387755102040816,64.57426642627063,64.71475628765725
0.3061224489795918,0.9387755102040816,73.7288059752349,73.77819982665575
0.32653061224489793,0.9387755102040816,82.24506139270679,82.24835918057089
0.3469387755102041,0.9387755102040816,89.98062410582168,89.99462073173832
0.36734693877551017,0.9387755102040816,96.87918655097677,96.9714670899523
0.3877551020408163,0.9387755102040816,102.96925121386683,103.21718613250117
0.4081632653061224,0.9387755102040816,108.35528095650767,108.8450213311912
0.42857142857142855,0.9387755102040816,113.20211348644342,114.0275862215537
0.44897959183673464,0.9387755102040816,117.71408913298386,118.9759921790821
0.4693877551020408,0.9387755102040816,122.11083265955948,123.9156302315875
0.4897959183673469,0.9387755102040816,126.60194095376873,129.0608587492457
0.5102040816326531,0.9387755102040816,131.36293016974125,134.59095058696016
0.5306122448979591,0.9387755102040816,136.5146787917713,140.6295361479957
0.5510204081632653,0.9387755102040816,142.10827803243862,147.22945378209977
0.5714285714285714,0.9387755102040816,148.1166981967719,154.3644161496647
0.5918367346938775,0.9387755102040816,154.43404588578179,161.9282674252622
0.6122448979591836,0.9387755102040816,160.88248110563825,169.74190040681952
0.6326530612244897,0.9387755102040816,167.22615111982847,177.5671903677782
0.6530612244897959,0.9387755102040816,173.19084545488218,185.1266500628188
0.673469387755102,0.9387755102040816,178.48754450924218,192.12697833673178
0.6938775510204082,0.9387755102040816,182.8376721820936,198.2843127532466
0.7142857142857142,0.9387755102040816,185.9977044967649,203.34883821843258
0.7346938775510203,0.9387755102040816,187.78084607385196,207.12646345382345
0.7551020408163265,0.9387755102040816,188.0737589447298,209.4955498099287
0.7755102040816326,0.9387755102040816,186.8467882365457,210.41713695122672
0.7959183673469387,0.9387755102040816,184.15673392994654,209.93771461389224
0.8163265306122448,0.9387755102040816,180.14191096755476,208.18428271427246
0.836734693877551,0.9387755102040816,175.0099570313459,205.35215912626384
0.8571428571428571,0.9387755102040816,169.0195216391452,201.6866687778099
0.8775510204081632,0.9387755102040816,162.45753913412818,197.46041664040058
0.8979591836734693,0.9387755102040816,155.61419875712397,192.9482578013768
0.9183673469387754,0.9387755102040816,148.75793912004104,188.40229193735482
0.9387755102040816,0.9387755102040816,142.11279212988453,184.0292072382447
0.9591836734693877,0.9387755102040816,135.84018295757235,179.97208037606586
0.9795918367346939,0.9387755102040816,130.02687831636618,176.29832478337826
1.0,0.9387755102040816,124.6802036361509,172.99490782756166
0.0,0.9591836734693877,20.561543187827816,18.011938406674346
0.02040816326530612,0.9591836734693877,13.543452754791005,12.037563919376488
0.04081632653061224,0.9591836734693877,8.1095000458846,7.423990602601702
0.061224489795918366,0.9591836734693877,4.40498200138504,4.342377297072791
0.08163265306122448,0.9591836734693877,2.5522341155807,2.9399166157211987
0.1020408163265306,0.9591836734693877,2.628150344915758,3.3173548518308804
0.12244897959183673,0.9591836734693877,4.646255281173145,5.511064152221237
0.14285714285714285,0.9591836734693877,8.544995544563323,9.481333910335957
0.16326530612244897,0.9591836734693877,14.183339079662655,15.107970062181241
0.18367346938775508,0.9591836734693877,21.34409153793154,22.19361146884417
0.2040816326530612,0.9591836734693877,29.744621384843384,30.47445502362142
0.22448979591836732,0.9591836734693877,39.05399649589071,39.637392248025556
0.24489795918367346,0.9591836734693877,48.9149388563696,49.3419639915694
0.26530612244897955,0.9591836734693877,58.968555985692355,59.24509185607867
0.2857142857142857,0.9591836734693877,68.87954952317907,69.02628678148363
0.3061224489795918,0.9591836734693877,78.35955704512291,78.4109908628843
0.32653061224489793,0.9591836734693877,87.1864567577408,87.18988204350119
0.3469387755102041,0.9591836734693877,95.21784008816812,95.2323467056699
0.36734693877551017,0.9591836734693877,102.39739947280204,102.49286745918468
0.3877551020408163,0.9591836734693877,108.75363739733733,109.0097321813339
0.4081632653061224,0.9591836734693877,114.39101672378987,114.89618434392384
0.42857142857142855,0.9591836734693877,119.4743751597037,120.3248374824857
0.44897959183673464,0.9591836734693877,124.20805303438854,125.50680297251314
0.4693877551020408,0.9591836734693877,128.81167511127506,130.66747184181705
0.4897959183673469,0.9591836734693877,133.4948382779616,136.0212024605733
0.5102040816326531,0.9591836734693877,138.43305868857786,141.74726768368524
0.5306122448979591,0.9591836734693877,143.747214827418,147.96929791441798
0.5510204081632653,0.9591836734693877,149.4883979070619,154.7401315025186
0.5714285714285714,0.9591836734693877,155.6295782325381,162.0334811083797
0.5918367346938775,0.9591836734693877,162.06486240485742,169.74319090657292
0.6122448979591836,0.9591836734693877,168.61641043018972,177.6901536950256
0.6326530612244897,0.9591836734693877,175.04836957202204,185.636244747179
0.6530612244897959,0.9591836734693877,181.08652935688437,193.30397681771402
0.673469387755102,0.9591836734693877,186.44187018321938,200.40004875142077
0.6938775510204082,0.9591836734693877,190.83581595021235,206.64059811202912
0.7142857142857142,0.9591836734693877,194.0248426811914,211.7758098056079
0.7346938775510203,0.9591836734693877,195.8221549967528,215.61159255369137
0.7551020408163265,0.9591836734693877,196.11441492827123,218.02630770678851
0.7755102040816326,0.9591836734693877,194.8719676028943,218.98099492937823
0.7959183673469387,0.9591836734693877,192.15161300126854,218.52214395763482
0.8163265306122448,0.9591836734693877,188.09166606601676,216.77675470790567
0.836734693877551,0.9591836734693877,182.89976447911422,213.94014505408725
0.8571428571428571,0.9591836734693877,176.83455775838624,210.257639924123
0.8775510204081632,0.9591836734693877,170.1829802470083,206.0018442895029
0.8979591836734693,0.9591836734693877,163.2352211858097,201.44761323756785
0.9183673469387754,0.9591836734693877,156.25971918669876,196.84704644493428
0.9387755102040816,0.9591836734693877,149.48050615668052,192.406832101512
0.9591836734693877,0.9591836734693877,143.05900726667323,188.27004687932046
0.9795918367346939,0.9591836734693877,137.08198922993827,184.5041042109198
1.0,0.9591836734693877,131.55677747636054,181.09597146368966
0.0,0.9795918367346939,18.941210398033725,16.69772806585985
0.02040816326530612,0.9795918367346939,12.456119427646737,11.220016140770667
0.04081632653061224,0.9795918367346939,7.540342503556567,7.090576670504101
0.061224489795918366,0.9795918367346939,4.339176566039655,4.480568495782946
0.08163265306122448,0.9795918367346939,2.974957109384376,3.537184229538645
0.1020408163265306,0.9795918367346939,3.5245780900349066,4.361170165055157
0.12244897959183673,0.9795918367346939,6.001564099774179,6.988898449151878
0.14285714285714285,0.9795918367346939,10.344361758812655,11.380658475272504
0.16326530612244897,0.9795918367346939,16.411939011726698,17.416256179423225
0.18367346938775508,0.9795918367346939,23.987101509976707,24.898330422691135
0.2040816326530612,0.9795918367346939,32.78721771903608,33.5630780983729
0.22448979591836732,0.9795918367346939,42.48135551439736,43.09739072798109
0.24489795918367346,0.9795918367346939,52.71223688135661,53.160809161028524
0.26530612244897955,0.9795918367346939,63.12096933932613,63.41025499934092
0.2857142857142857,0.9795918367346939,73.37225452762604,73.52523918284857
0.3061224489795918,0.9795918367346939,83.17773002254948,83.23120380665144
0.32653061224489793,0.9795918367346939,92.31527403031336,92.31882681397005
0.3469387755102041,0.9795918367346939,100.64247797805311,100.65749458714004
0.36734693877551017,0.9795918367346939,108.10303430216587,108.20168973595563
0.3877551020408163,0.9795918367346939,114.72544548834641,114.9897001377052
0.4081632653061224,0.9795918367346939,120.6141743986106,121.13476926419501
0.42857142857142855,0.9795918367346939,125.93405874050251,126.80951065095631
0.44897959183673464,0.9795918367346939,130.88943884333185,132.22503567348272
0.4693877551020408,0.9795918367346939,135.69993947052927,137.60673535958512
0.4897959183673469,0.9795918367346939,140.57515750969313,143.16896807943942
0.5102040816326531,0.9795918367346939,145.69060911495308,149.09100668794892
0.5306122448979591,0.9795918367346939,151.16717277060334,155.49648158837877
0.5510204081632653,0.9795918367346939,157.0559396892238,162.43823113047603
0.5714285714285714,0.9795918367346939,163.329880175843,169.88996797463332
0.5918367346938775,0.9795918367346939,169.88310083147164,177.74553629542228
0.6122448979591836,0.9795918367346939,176.53776166227973,185.82582889077023
0.6326530612244897,0.9795918367346939,183.05800993175424,193.8927210341184
0.6530612244897959,0.9795918367346939,189.16963516642517,201.66872548014777
0.673469387755102,0.9795918367346939,194.5836177647352,208.8605410736484
0.6938775510204082,0.9795918367346939,199.02138162586962,215.18430537835013
0.7142857142857142,0.9795918367346939,202.2394027731565,220.39020330032187
0.7346938775510203,0.9795918367346939,204.05088582719216,224.28414356109784
0.7551020408163265,0.9795918367346939,204.34249281935126,226.744487511187
0.7755102040816326,0.9795918367346939,203.08456887678142,227.73227481506825
0.7959183673469387,0.9795918367346939,200.33391398012915,227.29399520891596
0.8163265306122448,0.9795918367346939,196.2288430720173,225.55664860907743
0.836734693877551,0.9795918367346939,190.97699383442105,222.71555288944919
0.8571428571428571,0.9795918367346939,184.83701578516582,219.01603297797462
0.8775510204081632,0.9795918367346939,178.095843267427,214.7306938461438
0.8979591836734693,0.9795918367346939,171.043665522034,210.1343905812975
0.9183673469387754,0.9795918367346939,163.94892116089503,205.47922286005226
0.9387755102040816,0.9795918367346939,157.03564209101515,200.97187887231783
0.9591836734693877,0.9795918367346939,150.46525348331267,196.7554352901137
0.9795918367346939,0.9795918367346939,144.3245220510489,192.89730554599993
1.0,0.9795918367346939,138.62077322410877,189.38445700735627
0.0,1.0,17.508299515778166,15.570939632583883
0.02040816326530612,1.0,11.556208008041002,10.589890269703378
0.04081632653061224,1.0,7.158606868767062,6.944584645945026
0.061224489795918366,1.0,4.460793038232797,4.806181602031623
0.08163265306122448,1.0,3.5851020107265743,4.321873750894613
0.1020408163265306,1.0,4.608427742692576,5.592407385817952
0.12244897959183673,1.0,7.544294825913732,8.654154653621037
0.14285714285714285,1.0,12.331149880600513,13.467404947747553
0.16326530612244897,1.0,18.82796085132924,19.91196420420374
0.18367346938775508,1.0,26.81753338956038,27.79047128407661
0.2040816326530612,1.0,36.017235960767295,36.83912308066289
0.22448979591836732,1.0,46.096136440442514,46.74481111547513
0.24489795918367346,1.0,56.696956813882124,57.16707623802615
0.26530612244897955,1.0,67.46080460049842,67.76284005014168
0.2857142857142857,1.0,78.05238143961147,78.21161349175195
0.3061224489795918,1.0,88.18332490751455,88.23883865795705
0.32653061224489793,1.0,97.63151321042443,97.63519349197739
0.3469387755102041,1.0,106.25453777547659,106.27006437614867
0.36734693877551017,1.0,113.99609103906819,114.09793392026506
0.3877551020408163,1.0,120.88467548689401,121.15709000161502
0.4081632653061224,1.0,127.02475398096979,127.56077609200473
0.42857142857142855,1.0,132.58116422883978,133.48160572696546
0.44897959183673464,1.0,137.75824655981364,139.13069028199075
0.4693877551020408,1.0,142.7756257373219,144.73342078489173
0.4897959183673469,1.0,147.84289864896317,150.50415560584395
0.5102040816326531,1.0,153.13558144886673,156.62216759975112
0.5306122448979591,1.0,158.77455262132713,163.21108716987808
0.5510204081632653,1.0,164.81090337892422,170.323752665972
0.5714285714285714,1.0,171.21760402668636,177.9338767484255
0.5918367346938775,1.0,177.88876116562437,185.93530359181014
0.6122448979591836,1.0,184.64653480190816,194.14892599405326
0.6326530612244897,1.0,191.255072199025,202.33661922859633
0.6530612244897959,1.0,197.4401628835045,210.22089605011993
0.673469387755102,1.0,202.9127872537896,217.50845530341454
0.6938775510204082,1.0,207.39436920906542,223.9154345522095
0.7142857142857142,1.0,210.64138477266013,229.19201870257427
0.7346938775510203,1.0,212.46703856517004,233.1441164760428
0.7551020408163265,1.0,212.75799261796973,235.65008922312398
0.7755102040816326,1.0,211.48459205820689,236.6709766082967
0.7959183673469387,1.0,208.70363686652829,236.2532683677355
0.8163265306122448,1.0,204.55344198555625,234.52396441778762
0.836734693877551,1.0,199.24164509726643,231.67838263234964
0.8571428571428571,1.0,193.02689571948383,227.96184793936467
0.8775510204081632,1.0,186.19612819538415,223.6469653103232
0.8979591836734693,1.0,179.0395317657967,219.0085898325657
0.9183673469387754,1.0,171.8255450426297,214.29882118270865
0.9387755102040816,1.0,164.7781999328883,209.7243475506621
0.9591836734693877,1.0,158.05892160749053,205.42824560844542
0.9795918367346939,1.0,151.75447677969805,201.4779287886186
1.0,1.0,145.87219087939556,197.86036445856143
