f0,f1,HF,LF
0.0,0.0,308.12909601160663,235.84847653723244
0.02040816326530612,0.0,276.06003083402834,215.28209945542753
0.04081632653061224,0.0,246.27181623875887,195.66237483372856
0.061224489795918366,0.0,218.90974916607502,177.23128247154247
0.08163265306122448,0.0,194.09616511026493,160.20464700369297
0.1020408163265306,0.0,171.90795802777285,144.74965780856485
0.12244897959183673,0.0,152.35865251038172,130.96694118128664
0.14285714285714285,0.0,135.386695178302,118.87885172681938
0.16326530612244897,0.0,120.85105397611007,108.42507165589532
0.18367346938775508,0.0,108.53453455526623,99.46592716753557
0.2040816326530612,0.0,98.15450538124402,91.79311355617942
0.22448979591836732,0.0,89.38003432953595,85.14683180769038
0.24489795918367346,0.0,81.85384338543794,79.2377432991404
0.26530612244897955,0.0,75.21704006836254,73.77170122312309
0.2857142857142857,0.0,69.1343260176296,68.47495917354445
0.3061224489795918,0.0,63.31733880953246,63.117512962689
0.32653061224489793,0.0,57.543956650287974,57.5324053141699
0.3469387755102041,0.0,51.67177096703152,51.62919845392383
0.36734693877551017,0.0,45.644474196160324,45.400361898554436
0.3877551020408163,0.0,39.49056882336903,38.91998149536788
0.4081632653061224,0.0,33.314517710673606,32.33490974939661
0.42857142857142855,0.0,27.28115856561814,25.849180292606363
0.44897959183673464,0.0,21.594831717512342,19.703135660133512
0.4693877551020408,0.0,16.47516192978675,14.149209102640338
0.4897959183673469,0.0,12.131746090039847,9.426612276362135
0.5102040816326531,0.0,8.740100352401207,5.737282385470352
0.5306122448979591,0.0,6.421103201165158,3.2253252457062658
0.5510204081632653,0.0,5.225845848911419,1.9618656825016032
0.5714285714285714,0.0,5.127298600668599,1.9367138951420486
0.5918367346938775,0.0,6.019568057447531,3.057622660300585
0.6122448979591836,0.0,7.724814225417971,5.1572044412141755
0.6326530612244897,0.0,10.007184368067183,8.006865239842362
0.6530612244897959,0.0,12.592468011924968,11.336459602592296
0.673469387755102,0.0,15.191645555434052,14.857839229189116
0.6938775510204082,0.0,17.526140897779637,18.290105601505495
0.7142857142857142,0.0,19.352430062289997,21.384218606962264
0.7346938775510203,0.0,20.483717669561273,23.94467301165317
0.7551020408163265,0.0,20.806665750968158,25.84622727385559
0.7755102040816326,0.0,20.29161943365831,27.044129229024943
0.7959183673469387,0.0,18.995378698278333,27.576887847520602
0.8163265306122448,0.0,17.056258487450886,27.56133334308317
0.836734693877551,0.0,14.681896483151327,27.180424950210895
0.8571428571428571,0.0,12.130942203204903,26.664940020657074
0.8775510204081632,0.0,9.690329990787191,26.27074701293036
0.8979591836734693,0.0,7.650249086727342,26.253775564598048
0.9183673469387754,0.0,6.279138102933782,26.845010965711793
0.9387755102040816,0.0,5.801028946411699,28.227838082825052
0.9591836734693877,0.0,6.377346788078986,30.519841327809058
0.9795918367346939,0.0,8.09485834119733,33.76075293628395
1.0,0.0,10.960889035651505,37.90767014189796
0.0,0.02040816326530612,297.69993356750194,226.79686511353577
0.02040816326530612,0.02040816326530612,266.16386785257333,206.5999714423956
0.04081632653061224,0.02040816326530612,236.89382904212016,187.34523388312678
0.061224489795918366,0.02040816326530612,210.03511407641886,169.2746322351363
0.08163265306122448,0.02040816326530612,185.71005844975787,152.60399113324792
0.1020408163265306,0.02040816326530612,163.99555611858128,137.50049995584635
0.12244897959183673,0.02040816326530612,144.90513167467205,124.06478499806018
0.14285714285714285,0.02040816326530612,128.37723173824065,112.3192008648505
0.16326530612244897,0.02040816326530612,114.27082425386335,102.20342976694941
0.18367346938775508,0.02040816326530612,102.36871487300073,93.57779790337813
0.2040816326530612,0.02040816326530612,92.38827206112605,86.23400056857592
0.22448979591836732,0.02040816326530612,83.99856369373185,79.9122387484063
0.24489795918367346,0.02040816326530612,76.84231175611423,74.32317381994125
0.26530612244897955,0.02040816326530612,70.5606237676856,69.17265897577427
0.2857142857142857,0.02040816326530612,64.81820136776584,64.18694780981147
0.3061224489795918,0.02040816326530612,59.32668213264829,59.13603613433734
0.32653061224489793,0.02040816326530612,53.86394426854982,53.852966672965024
0.3469387755102041,0.02040816326530612,48.28757920260579,48.24730165163122
0.36734693877551017,0.02040816326530612,42.54127937121341,42.31151058693957
0.3877551020408163,0.02040816326530612,36.653547260067384,36.11967932619622
0.4081632653061224,0.02040816326530612,30.728845731183608,29.81866037443364
0.42857142857142855,0.02040816326530612,24.93201249210621,23.612487363617547
0.44897959183673464,0.02040816326530612,19.467387872144897,17.741502828884332
0.4693877551020408,0.02040816326530612,14.554596634730203,12.45814002089627
0.4897959183673469,0.02040816326530612,10.40323566746061,8.001610595888648
0.5102040816326531,0.02040816326530612,7.1888211244656866,4.573851758032923
0.5306122448979591,0.02040816326530612,5.032231490039768,2.318969323070366
0.5510204081632653,0.02040816326530612,3.984557976762577,1.3080881164327103
0.5714285714285714,0.02040816326530612,4.018770889662713,1.5310183374056319
0.5918367346938775,0.02040816326530612,5.028976829751016,2.895512762662123
0.6122448979591836,0.02040816326530612,6.837335803197238,5.234183855439141
0.6326530612244897,0.02040816326530612,9.207995073488643,8.318437617696228
0.6530612244897959,0.02040816326530612,11.866744167155037,11.878128595840538
0.673469387755102,0.02040816326530612,14.524563482639142,15.62510848959721
0.6938775510204082,0.02040816326530612,16.902876919126157,19.27847878083891
0.7142857142857142,0.02040816326530612,18.758160499944363,22.589199356986477
0.7346938775510203,0.02040816326530612,19.9036188456899,25.361764984133654
0.7551020408163265,0.02040816326530612,20.225913987737453,27.470934120557818
0.7755102040816326,0.02040816326530612,19.695391053234687,28.871954601714393
0.7959183673469387,0.02040816326530612,18.36885002282821,29.603335397962745
0.8163265306122448,0.02040816326530612,16.38460583914067,29.781906723043484
0.836734693877551,0.02040816326530612,13.95029618414743,29.59062781145485
0.8571428571428571,0.02040816326530612,11.324570575673736,29.260276014950144
0.8775510204081632,0.02040816326530612,8.79436335689517,29.04671979203802
0.8979591836734693,0.02040816326530612,6.649863768640879,29.205888780285772
0.9183673469387754,0.02040816326530612,5.15951042281929,29.968768269745055
0.9387755102040816,0.02040816326530612,4.547335226435588,31.518743126969333
0.9591836734693877,0.02040816326530612,4.97476335040767,33.97339776382982
0.9795918367346939,0.02040816326530612,6.528561507997222,37.37246441594667
1.0,0.02040816326530612,9.216055129089016,41.67304031696812
0.0,0.04081632653061224,287.4581930309356,217.93267559737768
0.02040816326530612,0.04081632653061224,256.45512677865696,198.1052653369022
0.04081632653061224,0.04081632653061224,227.70326375301994,179.21551484006352
0.061224489795918366,0.04081632653061224,201.34790089430132,161.50540390626867
0.08163265306122448,0.04081632653061224,177.5113736967894,145.19075717034139
0.1020408163265306,0.04081632653061224,156.27057611692828,130.4387640106664
0.12244897959183673,0.04081632653061224,137.6390327465009,117.35005072237226
0.14285714285714285,0.04081632653061224,121.55519020571775,105.94697191042009
0.16326530612244897,0.04081632653061224,107.87801643915526,96.16920978554202
0.18367346938775508,0.04081632653061224,96.39031709827367,87.8770905467592
0.2040816326530612,0.04081632653061224,86.80946064854652,80.86230948851095
0.22448979591836732,0.04081632653061224,78.80451496546631,74.86506759666074
0.24489795918367346,0.04081632653061224,72.01820203432905,69.59602624828057
0.26530612244897955,0.04081632653061224,66.09162937454715,64.76103863596396
0.2857142857142857,0.04081632653061224,60.689498625440606,60.08635835361702
0.3061224489795918,0.04081632653061224,55.52344736330265,55.34198121352419
0.32653061224489793,0.04081632653061224,50.3713537943502,50.36094993929867
0.3469387755102041,0.04081632653061224,45.090809345718576,45.052826756877124
0.36734693877551017,0.04081632653061224,39.62550645380504,39.41008118286322
0.3877551020408163,0.04081632653061224,34.00394760430426,33.50679906456308
0.4081632653061224,0.04081632653061224,28.330595659232138,27.489832907009188
0.42857142857142855,0.04081632653061224,22.770288326132807,21.56321634216726
0.44897959183673464,0.04081632653061224,17.527365934315977,15.967291905173681
0.4693877551020408,0.04081632653061224,12.821453247212178,10.954492846690725
0.4897959183673469,0.04081632653061224,8.862147152419892,6.764030822953689
0.5102040816326531,0.04081632653061224,5.82496380406869,3.597843038134018
0.5306122448979591,0.04081632653061224,3.8307816864529034,1.6000353079729912
0.5510204081632653,0.04081632653061224,2.93069201215226,0.8417324579023422
0.5714285714285714,0.04081632653061224,3.0976650861953514,1.3127446872077435
0.5918367346938775,0.04081632653061224,4.225807509593026,2.920824772562187
0.6122448979591836,0.04081632653061224,6.137279288515032,5.4985851772026315
0.6326530612244897,0.04081632653061224,8.596227686448632,8.81743190308862
0.6530612244897959,0.04081632653061224,11.328442229923633,12.607219496627305
0.673469387755102,0.04081632653061224,14.044903317382758,16.579799657543827
0.6938775510204082,0.04081632653061224,16.467034848011206,20.454273867710853
0.7142857142857142,0.04081632653061224,18.351312845137258,23.981602014549214
0.7346938775510203,0.04081632653061224,19.510941929357053,26.966278864152663
0.7551020408163265,0.04081632653061224,19.832584132045273,29.283062874798574
0.7755102040816326,0.04081632653061224,19.28658458034959,30.887201881942367
0.7959183673469387,0.04081632653061224,17.929743254916605,31.817204855943412
0.8163265306122448,0.04081632653061224,15.900375098368972,32.189902010542326
0.836734693877551,0.04081632653061224,13.406117792682053,32.18825258023733
0.8571428571428571,0.04081632653061224,10.705620855681094,32.04303391678175
0.8775510204081632,0.04081632653061224,8.085818630541672,32.01011447868422
0.8979591836734693,0.04081632653061224,5.836900358092941,32.34542390351202
0.9183673469387754,0.04081632653061224,4.227304650243322,33.27994748131684
0.9387755102040816,0.04081632653061224,3.481063413998001,34.99707007865213
0.9591836734693877,0.04081632653061224,3.759601820274879,37.614376107389106
0.9795918367346939,0.04081632653061224,5.1496865823356375,41.17159780314792
1.0,0.04081632653061224,7.658643130065052,45.62583239957681
0.0,0.061224489795918366,277.40387440190796,209.2559079887581
0.02040816326530612,0.061224489795918366,246.93380761227903,189.7979811389473
0.04081632653061224,0.061224489795918366,218.7001203714582,171.27321770453872
0.061224489795918366,0.061224489795918366,192.8481096197223,153.9235974849395
0.08163265306122448,0.061224489795918366,169.5001108513594,137.96494511497337
0.1020408163265306,0.061224489795918366,148.73301802281375,123.56444997302498
0.12244897959183673,0.061224489795918366,130.56035572586828,110.82273835422288
0.14285714285714285,0.061224489795918366,114.92057058073343,99.76216486352823
0.16326530612244897,0.061224489795918366,101.6726305319856,90.32241171167313
0.18367346938775508,0.061224489795918366,90.59934123108518,82.36380509767878
0.2040816326530612,0.061224489795918366,81.41807114350556,75.67804031598448
0.22448979591836732,0.061224489795918366,73.79788814473929,70.00531835245371
0.24489795918367346,0.061224489795918366,67.38151422008241,65.05630058415844
0.26530612244897955,0.061224489795918366,61.81005688894727,60.53684020369219
0.2857142857142857,0.061224489795918366,56.7482177906539,56.17319080496108
0.3061224489795918,0.061224489795918366,51.90763450149554,51.73534820024958
0.32653061224489793,0.061224489795918366,47.06618522768909,47.05635511317085
0.3469387755102041,0.061224489795918366,42.081461396369896,42.04577376966157
0.36734693877551017,0.061224489795918366,36.89715544393519,36.6960736863254
0.3877551020408163,0.061224489795918366,31.541769856079643,31.08134071046847
0.4081632653061224,0.061224489795918366,26.119767494819186,25.348427347123266
0.42857142857142855,0.061224489795918366,20.795986067697932,19.7013672282555
0.44897959183673464,0.061224489795918366,15.774765904025585,14.380502889001553
0.4693877551020408,0.061224489795918366,11.275731767232678,9.638267580023708
0.4897959183673469,0.061224489795918366,7.508480544917701,5.7138729575572516
0.5102040816326531,0.061224489795918366,4.648528391210219,2.8092562257736393
0.5306122448979591,0.061224489795918366,2.816753790404567,1.068523200414143
0.5510204081632653,0.061224489795918366,2.064247955080466,0.5627987069104989
0.5714285714285714,0.061224489795918366,2.363981190266517,1.28189294454838
0.5918367346938775,0.061224489795918366,3.6100600969735606,3.1335586900007764
0.6122448979591836,0.061224489795918366,5.624644681371349,5.950408406504648
0.6326530612244897,0.061224489795918366,8.171882206947144,9.503848096019539
0.6530612244897959,0.061224489795918366,10.977562200230754,13.523732304952597
0.673469387755102,0.061224489795918366,13.7526650596649,17.72191273302897
0.6938775510204082,0.061224489795918366,16.21861468443478,21.817490862121318
0.7142857142857142,0.061224489795918366,18.131887097868677,25.56142657965048
0.7346938775510203,0.061224489795918366,19.305686920562728,28.758214651710198
0.7551020408163265,0.061224489795918366,19.626676183891618,31.282613536577852
0.7755102040816326,0.061224489795918366,19.065200015003022,33.08987106970887
0.7959183673469387,0.061224489795918366,17.67805839454353,34.2184962214626
0.8163265306122448,0.061224489795918366,15.603566265135804,34.78531920557968
0.836734693877551,0.061224489795918366,13.049361308755207,34.97329925655835
0.8571428571428571,0.061224489795918366,10.274093043226978,35.013213726151875
0.8775510204081632,0.061224489795918366,7.564695811726702,35.160931072868934
0.8979591836734693,0.061224489795918366,5.211358855083525,35.6723809342768
0.9183673469387754,0.061224489795918366,3.4825207852058755,36.77854860042716
0.9387755102040816,0.061224489795918366,2.6022135090989362,38.66281893787346
0.9591836734693877,0.061224489795918366,2.7318621976806075,41.442776358486924
0.9795918367346939,0.061224489795918366,3.9582335642125717,45.15815309788772
1.0,0.061224489795918366,6.288653038579605,49.76604638972401
0.0,0.08163265306122448,267.53697768041866,200.76656228767706
0.02040816326530612,0.08163265306122448,237.5999103534396,181.6781188485309
0.04081632653061224,0.08163265306122448,209.8843988974351,163.51834247655256
0.061224489795918366,0.08163265306122448,184.5357402526818,146.52921297114898
0.08163265306122448,0.08163265306122448,161.67626991346796,130.9265549671439
0.1020408163265306,0.08163265306122448,141.38288183623777,116.87755784292202
0.12244897959183673,0.08163265306122448,123.66910061277416,104.48284789361202
0.14285714285714285,0.08163265306122448,108.47337286328764,93.76477972417489
0.16326530612244897,0.08163265306122448,95.65466653235451,84.6630355453428
0.18367346938775508,0.08163265306122448,84.99578727143522,77.03794155613694
0.2040816326530612,0.08163265306122448,76.21410354600313,70.68119305099658
0.22448979591836732,0.08163265306122448,68.9786832315508,65.33299101578521
0.24489795918367346,0.08163265306122448,62.93224831337425,60.703996827574834
0.26530612244897955,0.08163265306122448,57.7159063108859,56.50006367895895
0.2857142857142857,0.08163265306122448,52.994358863405715,52.44744516384368
0.3061224489795918,0.08163265306122448,48.47924354722695,48.31613709451349
0.32653061224489793,0.08163265306122448,43.94843856856651,43.939182194581555
0.3469387755102041,0.08163265306122448,39.25953535455974,39.22614268998454
0.36734693877551017,0.08163265306122448,34.356226341603865,34.16948809732611
0.3877551020408163,0.08163265306122448,29.267014015393563,28.84330426391239
0.4081632653061224,0.08163265306122448,24.096361237944766,23.394443694775873
0.42857142857142855,0.08163265306122448,19.009105716801578,18.02694002188226
0.44897959183673464,0.08163265306122448,14.209587781273715,12.981135780367952
0.4693877551020408,0.08163265306122448,9.917432194791708,8.509464220895214
0.4897959183673469,0.08163265306122448,6.342235844954037,4.851136999699342
0.5102040816326531,0.08163265306122448,3.6595148858902755,2.2080913209517874
0.5306122448979591,0.08163265306122448,1.9901478018947518,0.7244330003938195
0.5510204081632653,0.08163265306122448,1.3852258055472007,0.4712868634571823
0.5714285714285714,0.08163265306122448,1.8177192018762067,1.438463109427543
0.5918367346938775,0.08163265306122448,3.1817345918926225,3.5337145149778904
0.6122448979591836,0.08163265306122448,5.299431981766193,6.5896535433451895
0.6326530612244897,0.08163265306122448,7.934958634984183,10.37768619648898
0.6530612244897959,0.08163265306122448,10.8141040780764,14.627667020816414
0.673469387755102,0.08163265306122448,13.647848709485565,19.051447716052635
0.6938775510204082,0.08163265306122448,16.157616428396878,23.368129764070307
0.7142857142857142,0.08163265306122448,18.09988325813862,27.328673052290267
0.7346938775510203,0.08163265306122448,19.287853819306928,30.737572346806253
0.7551020408163265,0.08163265306122448,19.608190143276495,33.46958610589566
0.7755102040816326,0.08163265306122448,19.031237357194975,35.479962165013895
0.7959183673469387,0.08163265306122448,17.61379544170898,36.80720949452032
0.8163265306122448,0.08163265306122448,15.494179339441164,37.568158308155574
0.836734693877551,0.08163265306122448,12.880026732366884,37.945767840417886
0.8571428571428571,0.08163265306122448,10.02998713831139,38.17081544306052
0.8775510204081632,0.08163265306122448,7.2309949004502565,38.49916957459217
0.8979591836734693,0.08163265306122448,4.773239259612638,39.18675987258011
0.9183673469387754,0.08163265306122448,2.9251588277069596,40.464571627076
0.9387755102040816,0.08163265306122448,1.9107855117384016,42.515989704633306
0.9591836734693877,0.08163265306122448,1.8915444826248677,45.45859851712328
0.9795918367346939,0.08163265306122448,2.9542024536280387,49.33213030016599
1.0,0.08163265306122448,5.106084854632693,54.09368228740978
0.0,0.1020408163265306,257.85750286646805,192.4646384941345
0.02040816326530612,0.1020408163265306,228.45343500213875,173.7456784656531
0.04081632653061224,0.1020408163265306,201.25609933095046,155.95088915610484
0.061224489795918366,0.1020408163265306,176.4107927931798,139.3222503648969
0.08163265306122448,0.1020408163265306,154.03985088311504,124.07558672685292
0.1020408163265306,0.1020408163265306,134.2201675572003,110.37808762035769
0.12244897959183673,0.1020408163265306,116.96526740721863,98.3303793405397
0.14285714285714285,0.1020408163265306,102.21359705338035,87.95481649236008
0.16326530612244897,0.1020408163265306,89.82412444026195,79.19108128655098
0.18367346938775508,0.1020408163265306,79.57965521932377,71.89949992213357
0.2040816326530612,0.1020408163265306,71.19755785603918,65.87176769354716
0.22448979591836732,0.1020408163265306,64.34690022590084,60.84808558665521
0.24489795918367346,0.1020408163265306,58.670404314204646,56.53911497852973
0.26530612244897955,0.1020408163265306,53.80917764036306,52.65070906176424
0.2857142857142857,0.1020408163265306,49.42792184369605,48.90912143026481
0.3061224489795918,0.1020408163265306,45.23827450049689,45.084347896315926
0.32653061224489793,0.1020408163265306,41.018113816982456,41.00943118353078
0.3469387755102041,0.1020408163265306,36.6250312202881,36.593933517846025
0.36734693877551017,0.1020408163265306,32.00271914681106,31.830324415865334
0.3877551020408163,0.1020408163265306,27.17968008224601,26.79268972489483
0.4081632653061224,0.1020408163265306,22.260376888608874,21.627881949967
0.42857142857142855,0.1020408163265306,17.409647273443753,16.539934723047548
0.44897959183673464,0.1020408163265306,12.831831566060371,11.769190579272873
0.4693877551020408,0.1020408163265306,8.746554529889258,7.568082769305246
0.4897959183673469,0.1020408163265306,5.363413052528898,4.175822949379958
0.5102040816326531,0.1020408163265306,2.8579232881088554,1.7943483236684603
0.5306122448979591,0.1020408163265306,1.3509637209234668,0.5677647079120209
0.5510204081632653,0.1020408163265306,0.8936255635524581,0.5671969275423905
0.5714285714285714,0.1020408163265306,1.4588791210244239,1.7824551818452292
0.5918367346938775,0.1020408163265306,2.9408309943502084,4.121292247493532
0.6122448979591836,0.1020408163265306,5.161641189699562,7.416320587724258
0.6326530612244897,0.1020408163265306,7.885456970559748,11.438946204496949
0.6530612244897959,0.1020408163265306,10.838067863460573,15.919023644218756
0.673469387755102,0.1020408163265306,13.73045426684476,20.568404606614827
0.6938775510204082,0.1020408163265306,16.284040079897505,25.106190573557832
0.7142857142857142,0.1020408163265306,18.25530132594709,29.28334143246859
0.7346938775510203,0.1020408163265306,19.457442625589657,32.90435194944085
0.7551020408163265,0.1020408163265306,19.777126010199893,35.843980582752
0.7755102040816326,0.1020408163265306,19.184696606925456,38.05747516785745
0.7959183673469387,0.1020408163265306,17.73695439641296,39.58334467511658
0.8163265306122448,0.1020408163265306,15.572214321285045,40.53841931826999
0.836734693877551,0.1020408163265306,12.898114063517088,41.10565833181594
0.8571428571428571,0.1020408163265306,9.973303140934325,41.51583906750769
0.8775510204081632,0.1020408163265306,7.084715896712336,42.02482998385393
0.8979591836734693,0.1020408163265306,4.522541571680277,42.88856071842194
0.9183673469387754,0.1020408163265306,2.5552187777465685,44.33801656126338
0.9387755102040816,0.1020408163265306,1.4067794219163918,46.55658237893169
0.9591836734693877,0.1020408163265306,1.2386486751076529,49.66184258329814
0.9795918367346939,0.1020408163265306,2.1375932505820314,53.693529409982844
1.0,0.1020408163265306,4.110938578224305,58.60874009263401
0.0,0.12244897959183673,248.36544996005588,184.35013660813058
0.02040816326530612,0.12244897959183673,219.4943815583764,166.00065999031375
0.04081632653061224,0.12244897959183673,192.81522167200436,148.5708577431957
0.061224489795918366,0.12244897959183673,168.47326724121632,132.30270966618338
0.08163265306122448,0.12244897959183673,146.5908537603006,117.41204039410049
0.1020408163265306,0.12244897959183673,127.24487518570135,104.0660393053318
0.12244897959183673,0.12244897959183673,110.44885610920156,92.36533269500585
0.14285714285714285,0.12244897959183673,96.14124315101161,82.3322751680838
0.16326530612244897,0.12244897959183673,84.18100425570789,73.90654893529769
0.18367346938775508,0.12244897959183673,74.35094507475085,66.94848019566876
0.2040816326530612,0.12244897959183673,66.36843407361383,61.249764243636285
0.22448979591836732,0.12244897959183673,59.902539127789396,56.55060206506376
0.24489795918367346,0.12244897959183673,54.595982222573554,52.56165503702318
0.26530612244897955,0.12244897959183673,50.08987087737875,48.98877635210803
0.2857142857142857,0.12244897959183673,46.04890673152492,45.55821960422445
0.3061224489795918,0.12244897959183673,42.184727361305356,42.03998060565689
0.32653061224489793,0.12244897959183673,38.275210972936925,38.26710208001853
0.3469387755102041,0.12244897959183673,34.17794899355499,34.149146253246045
0.36734693877551017,0.12244897959183673,29.836633859556784,29.678582641943088
0.3877551020408163,0.12244897959183673,25.279768056636982,24.9294970934158
0.4081632653061224,0.12244897959183673,20.611814446811497,20.048742112696655
0.42857142857142855,0.12244897959183673,15.997610737624452,15.240351331751365
0.44897959183673464,0.12244897959183673,11.641497258385552,10.744667285716323
0.4693877551020408,0.12244897959183673,7.763098772525336,6.814123225253803
0.4897959183673469,0.12244897959183673,4.572012167642283,3.6879308065991
0.5102040816326531,0.12244897959183673,2.243753597865962,1.568027233923658
0.5306122448979591,0.12244897959183673,0.8992015474907049,0.5985183229687507
0.5510204081632653,0.12244897959183673,0.589447229096244,0.8505288991661253
0.5714285714285714,0.12244897959183673,1.2874609477111658,2.313869161801442
0.5918367346938775,0.12244897959183673,2.887349304346321,4.896291887547697
0.6122448979591836,0.12244897959183673,5.211272305171457,8.43040953964185
0.6326530612244897,0.12244897959183673,8.023377213673838,12.687628120043449
0.6530612244897959,0.12244897959183673,11.04945355638327,17.397802175159633
0.673469387755102,0.12244897959183673,14.000481731742475,22.27278340471556
0.6938775510204082,0.12244897959183673,16.597885638936656,27.031673290583875
0.7142857142857142,0.12244897959183673,18.598141301294085,31.42543172018543
0.7346938775510203,0.12244897959183673,19.81445333941091,35.258553459613964
0.7551020408163265,0.12244897959183673,20.133483784661813,38.405796967146856
0.7755102040816326,0.12244897959183673,19.525577764194463,40.82241007823954
0.7959183673469387,0.12244897959183673,18.047535258655458,42.546901763251356
0.8163265306122448,0.12244897959183673,15.837671210667455,43.69610223592294
0.836734693877551,0.12244897959183673,13.103623302205817,44.45297073075252
0.8571428571428571,0.12244897959183673,10.104041051095786,45.04828459949339
0.8775510204081632,0.12244897959183673,7.125858800512942,45.737912300654216
0.8979591836734693,0.12244897959183673,4.459265791286441,46.777783471802294
0.9183673469387754,0.12244897959183673,2.372700635324703,48.39888340298927
0.9387755102040816,0.12244897959183673,1.0901952396329087,50.78459696076861
0.9591836734693877,0.12244897959183673,0.7731747751289628,54.052508557011535
0.9795918367346939,0.12244897959183673,1.508405955074549,58.242350427338195
1.0,0.12244897959183673,3.3032142093544428,63.311219805396824
0.0,0.14285714285714285,239.0608189611822,176.42305662966507
0.02040816326530612,0.14285714285714285,210.7227500221526,158.44306342251295
0.04081632653061224,0.14285714285714285,184.5617659205968,141.37824823782506
0.061224489795918366,0.14285714285714285,160.72316359679138,125.47059087500836
0.08163265306122448,0.14285714285714285,139.32927854502478,110.93591596888658
0.1020408163265306,0.14285714285714285,120.45700472174099,97.94141289784446
0.12244897959183673,0.14285714285714285,104.11986671872303,86.58770795701056
0.14285714285714285,0.14285714285714285,90.25631115618135,76.897155751346
0.16326530612244897,0.14285714285714285,78.7253059786924,68.80943849158292
0.18367346938775508,0.14285714285714285,69.30965683771643,62.18488237674247
0.2040816326530612,0.14285714285714285,61.72673219872694,56.81518270126394
0.22448979591836732,0.14285714285714285,55.64559993721647,52.44054045101083
0.24489795918367346,0.14285714285714285,50.708982038481004,48.771617003055134
0.26530612244897955,0.14285714285714285,46.55798602193297,45.51426554999036
0.2857142857142857,0.14285714285714285,42.85731352689232,42.39473968572263
0.3061224489795918,0.14285714285714285,39.31860212965234,39.18303522253638
0.32653061224489793,0.14285714285714285,35.71973003642992,35.712194884044806
0.3469387755102041,0.14285714285714285,31.91828867436041,31.891780896184592
0.36734693877551017,0.14285714285714285,27.857970479841036,27.71426277555937
0.3877551020408163,0.14285714285714285,23.56727793856648,23.253726369475295
0.4081632653061224,0.14285714285714285,19.150673912552655,18.657024182964836
0.42857142857142855,0.14285714285714285,14.77299610934368,14.128189847993703
0.44897959183673464,0.14285714285714285,10.63858485824926,9.907565899698298
0.4693877551020408,0.14285714285714285,6.967064922699941,6.247585588740887
0.4897959183673469,0.14285714285714285,3.9680331902941957,3.387460571356767
0.5102040816326531,0.14285714285714285,1.817005815161595,1.5291280517173824
0.5306122448979591,0.14285714285714285,0.6348612815964678,0.8166938455640036
0.5510204081632653,0.14285714285714285,0.47269080217855297,1.321282778328385
0.5714285714285714,0.14285714285714285,1.3034646819364344,3.0327050492961822
0.5918367346938775,0.14285714285714285,3.0212895218809583,5.858713435140388
0.6122448979591836,0.14285714285714285,5.448325328181877,9.631920399097972
0.6326530612244897,0.14285714285714285,8.348719364326454,14.12373194312846
0.6530612244897959,0.14285714285714285,11.448261156844493,19.064002613639026
0.673469387755102,0.14285714285714285,14.45793110417872,24.164584110354802
0.6938775510204082,0.14285714285714285,17.099153105514333,29.144577915148442
0.7142857142857142,0.14285714285714285,19.12840318417961,33.7549439154408
0.7346938775510203,0.14285714285714285,20.358885960770692,37.8001768773256
0.7551020408163265,0.14285714285714285,20.67726346666226,41.15503525908024
0.7755102040816326,0.14285714285714285,20.053880829001997,43.774766896160145
0.7959183673469387,0.14285714285714285,18.54553802843649,45.69788075892465
0.8163265306122448,0.14285714285714285,16.29055000758839,47.041207061114406
0.836734693877551,0.14285714285714285,13.49655444843307,47.98770503722763
0.8571428571428571,0.14285714285714285,10.422200868795773,48.768152039017636
0.8775510204081632,0.14285714285714285,7.354423611852073,49.638416524993055
0.8979591836734693,0.14285714285714285,4.58341191843113,50.85442813272117
0.9183673469387754,0.14285714285714285,2.3776044004413626,52.64717215225369
0.9387755102040816,0.14285714285714285,0.9610329648879485,55.20003345014404
0.9591836734693877,0.14285714285714285,0.4951227826887994,58.63059643826345
0.9795918367346939,0.14285714285714285,1.0666405671055923,62.97859335223207
1.0,0.14285714285714285,2.6829117480231055,68.20112142569812
0.0,0.16326530612244897,229.94360986984714,168.68339855873813
0.02040816326530612,0.16326530612244897,202.13854039346734,151.0728887622507
0.04081632653061224,0.16326530612244897,176.49573207672773,134.37306063999296
0.061224489795918366,0.16326530612244897,153.160481859905,118.82589399137187
0.08163265306122448,0.16326530612244897,132.25512523728742,104.6472134512112
0.1020408163265306,0.16326530612244897,113.85655616531909,92.00420839789564
0.12244897959183673,0.16326530612244897,97.97829923578304,80.9975051265538
0.14285714285714285,0.16326530612244897,84.5588010688897,71.6494582421468
0.16326530612244897,0.16326530612244897,73.45702960921538,63.89974995540669
0.18367346938775508,0.16326530612244897,64.45579050822059,57.6087064653547
0.2040816326530612,0.16326530612244897,57.272452231378615,52.56802306643012
0.22448979591836732,0.16326530612244897,51.57608265418208,48.51790074449643
0.24489795918367346,0.16326530612244897,47.00940376192697,45.169000876625624
0.26530612244897955,0.16326530612244897,43.21352307402571,42.22717665541122
0.2857142857142857,0.16326530612244897,39.85314222979825,39.41868167475933
0.3061224489795918,0.16326530612244897,36.63989880553786,36.5135117469544
0.32653061224489793,0.16326530612244897,33.35167100746145,33.344709595609615
0.3469387755102041,0.16326530612244897,29.84605026270436,29.82183744666166
0.36734693877551017,0.16326530612244897,26.066729007663817,25.937364816714176
0.3877551020408163,0.16326530612244897,22.042209728034504,21.765377553073318
0.4081632653061224,0.16326530612244897,17.876955285832338,17.452728160771542
0.42857142857142855,0.16326530612244897,13.73580338860143,13.203450271774571
0.44897959183673464,0.16326530612244897,9.823094365651496,9.2578864212188
0.4693877551020408,0.16326530612244897,6.3584529804130705,5.868469859766497
0.4897959183673469,0.16326530612244897,3.551476120484633,3.27441224365296
0.5102040816326531,0.16326530612244897,1.5776799399957522,1.6776507770496316
0.5306122448979591,0.16326530612244897,0.5579429232407591,1.222291275697783
0.5510204081632653,0.16326530612244897,0.5433562827993885,1.9794585650291694
0.5714285714285714,0.16326530612244897,1.5068903237002278,3.9389628443294455
0.5918367346938775,0.16326530612244897,3.3426516469541214,7.008556890271604
0.6122448979591836,0.16326530612244897,5.872800258730823,11.020853166092616
0.6326530612244897,0.16326530612244897,8.861483422517594,15.747257673752014
0.6530612244897959,0.16326530612244897,12.034490664844242,20.917624959656948
0.673469387755102,0.16326530612244897,15.102802384153488,26.243806723532572
0.6938775510204082,0.16326530612244897,17.787842479630534,31.444904447251535
0.7142857142857142,0.16326530612244897,19.846086974603654,36.27187801823469
0.7346938775510203,0.16326530612244897,21.090740489668995,40.52922220257576
0.7551020408163265,0.16326530612244897,21.408465056201237,44.091695458552145
0.7755102040816326,0.16326530612244897,20.76960580134805,46.914545621619276
0.7959183673469387,0.16326530612244897,19.23096270575604,49.03628166213647
0.8163265306122448,0.16326530612244897,16.93085071204785,50.5737337938444
0.836734693877551,0.16326530612244897,14.07690750219885,51.70986125124128
0.8571428571428571,0.16326530612244897,10.927782594034285,52.67544138608036
0.8775510204081632,0.16326530612244897,7.770410330729728,53.726342656870365
0.8979591836734693,0.16326530612244897,4.894979953114344,55.11849470117857
0.9183673469387754,0.16326530612244897,2.569930073096547,57.08288280905663
0.9387755102040816,0.16326530612244897,1.019292597681515,59.80289184705799
0.9591836734693877,0.16326530612244897,0.4044926977871608,63.39610622705389
0.9795918367346939,0.16326530612244897,0.8122970866751604,67.90225818466448
1.0,0.16326530612244897,2.250031194230294,73.27844495353796
0.0,0.18367346938775508,221.01382268605053,161.13116239534972
0.02040816326530612,0.18367346938775508,193.74175267232053,143.89013600952697
0.04081632653061224,0.18367346938775508,168.61712014039722,127.55529494969937
0.061224489795918366,0.18367346938775508,145.78522203055712,112.36861901527392
0.08163265306122448,0.18367346938775508,125.36839383708859,98.5459328410743
0.1020408163265306,0.18367346938775508,107.44352951643575,86.25442580548537
0.12244897959183673,0.18367346938775508,92.02415366038159,75.59472420363558
0.14285714285714285,0.18367346938775508,79.0487128891365,66.58918264048606
0.16326530612244897,0.18367346938775508,68.37617514727692,59.177483326768964
0.18367346938775508,0.18367346938775508,59.78934608626322,53.219952461505464
0.2040816326530612,0.18367346938775508,53.0055941715688,48.50828533913482
0.22448979591836732,0.18367346938775508,47.693987278686215,44.78268294552054
0.24489795918367346,0.18367346938775508,43.49724739291146,41.75380665773464
0.26530612244897955,0.18367346938775508,40.05648203365696,39.12750966837061
0.2857142857142857,0.18367346938775508,37.036392840242684,36.630045571334556
0.3061224489795918,0.18367346938775508,34.148617388961895,34.03141017891094
0.32653061224489793,0.18367346938775508,31.1710338860315,31.164646214712945
0.3469387755102041,0.18367346938775508,27.961233758586825,27.939315904677258
0.36734693877551017,0.18367346938775508,24.462909443025115,24.347888765407507
0.3877551020408163,0.18367346938775508,20.704563425041048,20.464450644209858
0.4081632653061224,0.18367346938775508,16.790658566650542,16.435854046116773
0.42857142857142855,0.18367346938775508,12.886032575397705,12.466132603093962
0.44897959183673464,0.18367346938775508,9.195025780592255,8.795628850277824
0.4693877551020408,0.18367346938775508,5.937262945664725,5.676776038330632
0.4897959183673469,0.18367346938775508,3.322340958213595,3.3487858234876775
0.5102040816326531,0.18367346938775508,1.5257759723684359,2.0135954099204065
0.5306122448979591,0.18367346938775508,0.6684464724235735,1.8153106133700874
0.5510204081632653,0.18367346938775508,0.8014436709587507,2.8250562592684805
0.5714285714285714,0.18367346938775508,1.897737873002546,5.032642546901238
0.5918367346938775,0.18367346938775508,3.851435679565812,8.345822252941353
0.6122448979591836,0.18367346938775508,6.484697096818295,12.597207840625785
0.6326530612244897,0.18367346938775508,9.561669388247264,17.558205311914083
0.6530612244897959,0.18367346938775508,12.808142080382515,22.95866921321339
0.673469387755102,0.18367346938775508,15.935095571666784,28.510451244248866
0.6938775510204082,0.18367346938775508,18.663953761285264,33.93265288689315
0.7142857142857142,0.18367346938775508,20.751192672566226,38.9762340285671
0.7346938775510203,0.18367346938775508,22.010016926105823,43.44568943536445
0.7551020408163265,0.18367346938775508,22.327088553278738,47.215777565562576
0.7755102040816326,0.18367346938775508,21.672752681232634,50.24174625461693
0.7959183673469387,0.18367346938775508,20.103809290614116,52.562104472886816
0.8163265306122448,0.18367346938775508,17.758573324045834,54.29368243411291
0.836734693877551,0.18367346938775508,14.844682463503156,55.61943937279344
0.8571428571428571,0.18367346938775508,11.620786226811322,56.77015264068165
0.8775510204081632,0.18367346938775508,8.373818957145911,58.00169069628625
0.8979591836734693,0.18367346938775508,5.3939698953360855,59.56998317717452
0.9183673469387754,0.18367346938775508,2.9496776532902587,61.706015373398095
0.9387755102040816,0.18367346938775508,1.2649741380136081,64.59317215151047
0.9591836734693877,0.18367346938775508,0.501284520424047,68.34903792338288
0.9795918367346939,0.18367346938775508,0.7453755137832534,73.0133449246354
1.0,0.18367346938775508,2.0045725479760064,78.54319038891633
0.0,0.2040816326530612,212.27145740979248,153.76634813949983
0.02040816326530612,0.2040816326530612,185.5323868587123,136.89480516434176
0.04081632653061224,0.2040816326530612,160.92593011160517,120.92495116694428
0.061224489795918366,0.2040816326530612,138.59738410874778,106.09876594671445
0.08163265306122448,0.2040816326530612,118.6690843444283,92.63207413847601
0.1020408163265306,0.2040816326530612,101.21792477509092,80.69206512061362
0.12244897959183673,0.2040816326530612,86.25742999251864,70.37936518825587
0.14285714285714285,0.2040816326530612,73.72604661692185,61.71632894636388
0.16326530612244897,0.2040816326530612,63.48274259287699,54.64263860566977
0.18367346938775508,0.2040816326530612,55.31032357184441,49.018620365194735
0.2040816326530612,0.2040816326530612,48.92615801929752,44.635969519378044
0.22448979591836732,0.2040816326530612,43.99931381072888,41.23488705408318
0.24489795918367346,0.2040816326530612,40.172512931434476,38.52603434638219
0.26530612244897955,0.2040816326530612,37.086862900826745,36.215264588868514
0.2857142857142857,0.2040816326530612,34.40706535822565,34.028831375448306
0.3061224489795918,0.2040816326530612,31.844757879924465,31.736730518406002
0.32653061224489793,0.2040816326530612,29.17781867214007,29.172004741354797
0.3469387755102041,0.2040816326530612,26.26383916200782,26.244216270231377
0.36734693877551017,0.2040816326530612,23.04651178592494,22.945834621639364
0.3877551020408163,0.2040816326530612,19.554339029586124,19.35094564288493
0.4081632653061224,0.2040816326530612,15.891783755007271,15.60640183900053
0.42857142857142855,0.2040816326530612,12.223683669732505,11.91623684195188
0.44897959183673464,0.2040816326530612,8.754379103071539,8.520793186875375
0.4693877551020408,0.2040816326530612,5.703494818454905,5.672504124433293
0.4897959183673469,0.2040816326530612,3.280627703481084,3.6105813108609217
0.5102040816326531,0.2040816326530612,1.6612939122796444,2.536961950329708
0.5306122448979591,0.2040816326530612,0.9663719291449144,2.5957518585809165
0.5510204081632653,0.2040816326530612,1.2469529666566377,3.858075861046318
0.5714285714285714,0.2040816326530612,2.476007329843391,6.313744157011552
0.5918367346938775,0.2040816326530612,4.547641619716026,9.870509523149622
0.6122448979591836,0.2040816326530612,7.284015842444294,14.360984422697477
0.6326530612244897,0.2040816326530612,10.449277261515455,19.556574857614677
0.6530612244897959,0.2040816326530612,13.769215403459317,25.18713537430836
0.673469387755102,0.2040816326530612,16.954810666718608,30.964517672503685
0.6938775510204082,0.2040816326530612,19.727486950478514,36.60782323407331
0.7142857142857142,0.2040816326530612,21.843720278067323,41.868011946438045
0.7346938775510203,0.2040816326530612,23.116715270081176,46.549578575691676
0.7551020408163265,0.2040816326530612,23.433133957894768,50.527281580111534
0.7755102040816326,0.2040816326530612,22.76332146865574,53.75636879515311
0.7959183673469387,0.2040816326530612,21.16407778301072,56.27534919117571
0.8163265306122448,0.2040816326530612,18.773717843582347,58.20105298191996
0.836734693877551,0.2040816326530612,15.79987933234599,59.71643940188412
0.8571428571428571,0.2040816326530612,12.501211767126886,61.05228580282145
0.8775510204081632,0.2040816326530612,9.164649491100622,62.46446064324064
0.8979591836734693,0.2040816326530612,6.0803817450963535,64.20889356070897
0.9183673469387754,0.2040816326530612,3.516847141022496,66.51656984527811
0.9387755102040816,0.2040816326530612,1.698077585884226,69.57087436350147
0.9591836734693877,0.2040816326530612,0.7854982505994599,73.48939152725036
0.9795918367346939,0.2040816326530612,0.865875848429873,78.31185357214488
1.0,0.2040816326530612,1.9465358092602472,83.99535773183321
0.0,0.22448979591836732,203.71651404107294,146.58895579118845
0.02040816326530612,0.22448979591836732,177.5104429526426,130.08689622669505
0.04081632653061224,0.22448979591836732,153.42216199035173,114.4820292917278
0.061224489795918366,0.22448979591836732,131.59696809447695,100.01633478569354
0.08163265306122448,0.22448979591836732,112.15719675930653,86.90563734341617
0.1020408163265306,0.22448979591836732,95.17974194128462,75.31712634328036
0.12244897959183673,0.22448979591836732,80.6781282321942,65.35142808041469
0.14285714285714285,0.22448979591836732,68.59080225224574,57.030897159780224
0.16326530612244897,0.22448979591836732,58.77673194601557,50.295215792109104
0.18367346938775508,0.22448979591836732,51.01872296496412,45.00471017642255
0.2040816326530612,0.22448979591836732,45.03414377456476,40.95107560715981
0.22448979591836732,0.22448979591836732,40.49206225031006,37.874513070184356
0.24489795918367346,0.22448979591836732,37.035200377496025,35.48568394256826
0.26530612244897955,0.22448979591836732,34.304665675535055,33.49044141690494
0.2857142857142857,0.22448979591836732,31.965159783747154,31.615039087100577
0.3061224489795918,0.22448979591836732,29.728320278425556,29.629472765439594
0.32653061224489793,0.22448979591836732,27.372025365787174,27.36678517553518
0.3469387755102041,0.22448979591836732,24.753866472967342,24.736538543324023
0.36734693877551017,0.22448979591836732,21.817536036363297,21.73120238540975
0.3877551020408163,0.22448979591836732,18.591536541669726,18.424862549098528
0.4081632653061224,0.22448979591836732,15.18033085090253,14.964371539422812
0.42857142857142855,0.22448979591836732,11.748756671605834,11.553762988348323
0.44897959183673464,0.22448979591836732,8.50115433308935,8.433379431011453
0.4693877551020408,0.22448979591836732,5.6571485987836105,5.8556541180744786
0.4897959183673469,0.22448979591836732,3.4263363562870977,4.059798705772691
0.5102040816326531,0.22448979591836732,1.9842337597293795,3.2477503982775344
0.5306122448979591,0.22448979591836732,1.451719293404782,3.5636150113302714
0.5510204081632653,0.22448979591836732,1.8798841698930495,5.078517370362675
0.5714285714285714,0.22448979591836732,3.2416986942227606,7.7822676746603925
0.5918367346938775,0.22448979591836732,5.431269467404764,11.582618700896413
0.6122448979591836,0.22448979591836732,8.270756495608817,16.312182912307698
0.6326530612244897,0.22448979591836732,11.524307042322171,21.742366310853797
0.6530612244897959,0.22448979591836732,14.917710634074638,27.60302344294187
0.673469387755102,0.22448979591836732,18.16194766930895,33.606006008297044
0.6938775510204082,0.22448979591836732,20.978442047210294,39.47041548879196
0.7142857142857142,0.22448979591836732,23.123669791106945,44.947211771847506
0.7346938775510203,0.22448979591836732,24.410835521595057,49.840889623557416
0.7551020408163265,0.22448979591836732,24.72660127004932,54.026207502199036
0.7755102040816326,0.22448979591836732,24.041312163617373,57.45841324322781
0.7959183673469387,0.22448979591836732,22.411768182945845,60.17601581700308
0.8163265306122448,0.22448979591836732,19.97628427065738,62.29584543726551
0.836734693877551,0.22448979591836732,16.942498108727346,64.00086133851332
0.8571428571428571,0.22448979591836732,13.569059214980973,65.52184087249978
0.8775510204081632,0.22448979591836732,10.142901932593855,67.11465249773356
0.8979591836734693,0.22448979591836732,6.954215502395144,69.03522585178195
0.9183673469387754,0.22448979591836732,4.271438536293258,71.5145462246966
0.9387755102040816,0.22448979591836732,2.3186029412933697,74.73599848303101
0.9591836734693877,0.22448979591836732,1.2571338883133976,78.81716703865638
0.9795918367346939,0.22448979591836732,1.1737980906150174,83.79778412719286
1.0,0.22448979591836732,2.075920978083011,89.63494698228865
0.0,0.24489795918367346,195.3489925798919,139.59898535041557
0.02040816326530612,0.24489795918367346,169.6759209541114,123.46640919658688
0.04081632653061224,0.24489795918367346,146.10581577663677,108.22652932404975
0.061224489795918366,0.24489795918367346,124.78397398774462,94.12132553221117
0.08163265306122448,0.24489795918367346,105.83273108172328,81.3666224558949
0.1020408163265306,0.24489795918367346,89.32898101501684,70.12960947348566
0.12244897959183673,0.24489795918367346,75.2862483794083,60.510912880112
0.14285714285714285,0.24489795918367346,63.642979795108126,52.532887280735075
0.16326530612244897,0.24489795918367346,54.25814320669268,46.13521488608697
0.18367346938775508,0.24489795918367346,46.91454426562234,41.17822189518887
0.2040816326530612,0.24489795918367346,41.32955143737051,37.45360360248007
0.22448979591836732,0.24489795918367346,37.172232597429755,34.70156099382406
0.24489795918367346,0.24489795918367346,34.08530973109609,32.63275544629283
0.26530612244897955,0.24489795918367346,31.709890357781898,30.9530401524799
0.2857142857142857,0.24489795918367346,29.71067611680717,29.388668706291373
0.3061224489795918,0.24489795918367346,27.79930458446517,27.709636920011707
0.32653061224489793,0.24489795918367346,25.753653966972795,25.748987517254086
0.3469387755102041,0.24489795918367346,23.431315691465386,23.41628272395519
0.36734693877551017,0.24489795918367346,20.775982194340173,20.703992056718654
0.3877551020408163,0.24489795918367346,17.816155961291848,17.686201362850646
0.4081632653061224,0.24489795918367346,14.65629985433631,14.50976314738362
0.42857142857142855,0.24489795918367346,11.461251581017686,11.37871104228329
0.44897959183673464,0.24489795918367346,8.435351470645685,8.533387582686055
0.4693877551020408,0.24489795918367346,5.798224286650843,6.226226019254192
0.4897959183673469,0.24489795918367346,3.759466916631639,4.696438008222987
0.5102040816326531,0.24489795918367346,2.4945955147176386,4.145960753763886
0.5306122448979591,0.24489795918367346,2.1244885652031744,4.718900071618158
0.5510204081632653,0.24489795918367346,2.700237280667988,6.48638078721757
0.5714285714285714,0.24489795918367346,4.194811966140658,9.438213099847758
0.5918367346938775,0.24489795918367346,6.502319222632032,13.482149786181731
0.6122448979591836,0.24489795918367346,9.444919056311864,18.450803309456454
0.6326530612244897,0.24489795918367346,12.786758730667422,24.11557967163144
0.6530612244897959,0.24489795918367346,16.253627772228494,30.20633341911389
0.673469387755102,0.24489795918367346,19.556506579437823,36.43491625162892
0.6938775510204082,0.24489795918367346,22.4168190514806,42.52042965104918
0.7142857142857142,0.24489795918367346,24.591041211685102,48.21383350479552
0.7346938775510203,0.24489795918367346,25.89237768064747,53.31962257896168
0.7551020408163265,0.24489795918367346,26.207490489742394,57.712555331825044
0.7755102040816326,0.24489795918367346,25.50672476611754,61.34787959884106
0.7959183673469387,0.24489795918367346,23.846880490419508,64.26410435036902
0.8163265306122448,0.24489795918367346,21.36627260527095,66.57805980014963
0.836734693877551,0.24489795918367346,18.272538792647225,68.47270518268107
0.8571428571428571,0.24489795918367346,14.824328570373595,70.17881784971665
0.8775510204081632,0.24489795918367346,11.308576281625612,71.95226625976503
0.8979591836734693,0.24489795918367346,8.01547116723246,74.04898005039347
0.9183673469387754,0.24489795918367346,5.213451839102545,76.69994451165367
0.9387755102040816,0.24489795918367346,3.1265502042410382,80.0885445100991
0.9591836734693877,0.24489795918367346,1.9161914335658619,84.33236445760093
0.9795918367346939,0.24489795918367346,1.6691422403386866,89.47113658977936
1.0,0.24489795918367346,2.3927280544443015,95.46195814028259
0.0,0.26530612244897955,187.16889302624946,132.7964368171813
0.02040816326530612,0.26530612244897955,162.02882086311877,117.03334407401724
0.04081632653061224,0.26530612244897955,138.97689147046034,102.15845126391027
0.061224489795918366,0.26530612244897955,118.15840178855085,88.41373818626731
0.08163265306122448,0.26530612244897955,99.69568731167857,76.01502947591214
0.1020408163265306,0.26530612244897955,83.66564199628758,65.12951451122947
0.12244897959183673,0.26530612244897955,70.08179043416095,55.85781958734789
0.14285714285714285,0.26530612244897955,58.88257924550907,48.22229930922847
0.16326530612244897,0.26530612244897955,49.92697637490833,42.16263588760336
0.18367346938775508,0.26530612244897955,42.9977874738191,37.53915552149373
0.2040816326530612,0.26530612244897955,37.81238100771482,34.143553505338886
0.22448979591836732,0.26530612244897955,34.039824852088,31.71603082500228
0.24489795918367346,0.26530612244897955,31.32284099223468,29.967248857555962
0.26530612244897955,0.26530612244897955,29.302536947567265,28.60306079559339
0.2857142857142857,0.26530612244897955,27.643614357405724,27.349720233020705
0.3061224489795918,0.26530612244897955,26.057710798043317,25.977222982122353
0.32653061224489793,0.26530612244897955,24.32270447569695,24.31861176651152
0.3469387755102041,0.26530612244897955,22.29618681750196,22.283448812124888
0.36734693877551017,0.26530612244897955,19.92185025985558,19.864203635566092
0.3877551020408163,0.26530612244897955,17.2281972884525,17.134962084141296
0.4081632653061224,0.26530612244897955,14.319690765308621,14.242576662882954
0.42857142857142855,0.26530612244897955,11.361168397968065,11.391081003756785
0.44897959183673464,0.26530612244897955,8.556970515740545,8.820817641899183
0.4693877551020408,0.26530612244897955,6.1267218820566,6.784219827972429
0.4897959183673469,0.26530612244897955,4.2800193845147,5.520499218211807
0.5102040816326531,0.26530612244897955,3.1923791772444234,5.231593016788762
0.5306122448979591,0.26530612244897955,2.984679744540089,6.0616070394445645
0.5510204081632653,0.26530612244897955,3.7080122989814512,8.081666111610982
0.5714285714285714,0.26530612244897955,5.3353471455970745,11.281580432573648
0.5918367346938775,0.26530612244897955,7.760790885397823,15.569102779005574
0.6122448979591836,0.26530612244897955,10.806503524553438,20.776845614143724
0.6326530612244897,0.26530612244897955,14.236632326551181,26.676214939947613
0.6530612244897959,0.26530612244897955,17.77696681792087,32.99706530282444
0.673469387755102,0.26530612244897955,21.138487397105216,39.45124840249932
0.6938775510204082,0.26530612244897955,24.042617963289423,45.7578657208449
0.7142857142857142,0.26530612244897955,26.245834539801763,51.66787714528202
0.7346938775510203,0.26530612244897955,27.56134174723839,56.98577744190447
0.7551020408163265,0.26530612244897955,27.875801616973995,61.58632506898958
0.7755102040816326,0.26530612244897955,27.159559276156216,65.42476786199279
0.7959183673469387,0.26530612244897955,25.469414705431678,68.53961479127346
0.8163265306122448,0.26530612244897955,22.943682847423034,71.04769607057223
0.836734693877551,0.26530612244897955,19.790001384105633,73.13197093438731
0.8571428571428571,0.26530612244897955,16.267019833304733,75.023216734472
0.8775510204081632,0.26530612244897955,12.661672538195894,76.97730192933497
0.8979591836734693,0.26530612244897955,9.264148739608302,79.2501561565435
0.9183673469387754,0.26530612244897955,6.342887049450356,82.07276470614924
0.9387755102040816,0.26530612244897955,4.121919374727232,85.62851244470565
0.9591836734693877,0.26530612244897955,2.762670886356849,90.03498378408399
0.9795918367346939,0.26530612244897955,2.3519082976008825,95.33191095990439
1.0,0.26530612244897955,2.8969570383441168,101.47639120581506
0.0,0.2857142857142857,179.1762153801455,126.18131019148548
0.02040816326530612,0.2857142857142857,154.5691426796646,110.78770085898613
0.04081632653061224,0.2857142857142857,132.03538907182246,96.27779511130932
0.061224489795918366,0.2857142857142857,111.7202514968956,82.89357274786198
0.08163265306122448,0.2857142857142857,93.74606544917233,70.85085840346788
0.1020408163265306,0.2857142857142857,78.18972488509684,60.316841456511824
0.12244897959183673,0.2857142857142857,65.0647543964521,51.39214820212227
0.14285714285714285,0.2857142857142857,54.3096006034485,44.099133245260376
0.16326530612244897,0.2857142857142857,45.78323145066247,38.37747879665826
0.18367346938775508,0.2857142857142857,39.26845258955438,34.08751105533711
0.2040816326530612,0.2857142857142857,34.48263248559763,31.020925315736214
0.22448979591836732,0.2857142857142857,31.09483901428476,28.917922563719017
0.24489795918367346,0.2857142857142857,28.747794160911802,27.489164176357598
0.26530612244897955,0.2857142857142857,27.082605444891147,26.440503346245396
0.2857142857142857,0.2857142857142857,25.763974505542794,25.49819366728855
0.3061224489795918,0.2857142857142857,24.503538919159986,24.43223095177152
0.32653061224489793,0.2857142857142857,23.07917689195962,23.075657923307475
0.3469387755102041,0.2857142857142857,21.348479851077055,21.338036807833106
0.36734693877551017,0.2857142857142857,19.25514023290951,19.21183712195205
0.3877551020408163,0.2857142857142857,16.82766052315167,16.771144712970468
0.4081632653061224,0.2857142857142857,14.170503583819453,14.162812085920812
0.42857142857142855,0.2857142857142857,11.44850712245697,11.590872872768804
0.44897959183673464,0.2857142857142857,8.866011468373934,9.295669608650838
0.4693877551020408,0.2857142857142857,6.642641385000883,7.5296355442291905
0.4897959183673469,0.2857142857142857,4.987993759936295,6.531982335739151
0.5102040816326531,0.2857142857142857,4.077584747309736,6.5046471873521625
0.5306122448979591,0.2857142857142857,4.032292831415534,7.591735914809496
0.5510204081632653,0.2857142857142857,4.9032092248334385,9.864373343542919
0.5714285714285714,0.2857142857142857,6.6633042325920275,13.312369672838075
0.5918367346938775,0.2857142857142857,9.206684455702138,17.843477679367957
0.6122448979591836,0.2857142857142857,12.355509900333534,23.290309826369523
0.6326530612244897,0.2857142857142857,15.873927829973484,29.424272115802324
0.6530612244897959,0.2857142857142857,19.48772777115177,35.97521909407351
0.673469387755102,0.2857142857142857,22.907890122311137,42.655002460908236
0.6938775510204082,0.2857142857142857,25.855838782636788,49.18272369817914
0.7142857142857142,0.2857142857142857,28.088049775456973,55.30934269330707
0.7346938775510203,0.2857142857142857,29.417727721367857,60.83935421238578
0.7551020408163265,0.2857142857142857,29.731534651744134,65.64751671369264
0.7755102040816326,0.2857142857142857,28.99981569373343,69.6890780326831
0.7959183673469387,0.2857142857142857,27.279370827982394,73.00254713971646
0.8163265306122448,0.2857142857142857,24.708514997113646,75.70475424853339
0.836734693877551,0.2857142857142857,21.494885883102576,77.97865859363213
0.8571428571428571,0.2857142857142857,17.897133003774396,80.05503752676593
0.8775510204081632,0.2857142857142857,14.202190702304712,82.1897595064435
0.8979591836734693,0.2857142857142857,10.700248219522669,84.63875417023208
0.9183673469387754,0.2857142857142857,7.659744167336694,87.63300680818334
0.9387755102040816,0.2857142857142857,5.30471045275195,91.35590228685078
0.9591836734693877,0.2857142857142857,3.7965722466863667,95.92502501810561
0.9795918367346939,0.2857142857142857,3.222096262401606,101.38010723756794
1.0,0.2857142857142857,3.5886079297824622,107.67824617888608
0.0,0.3061224489795918,171.37095964158007,119.75360547332822
0.02040816326530612,0.3061224489795918,147.29688640374903,104.72947955149355
0.04081632653061224,0.3061224489795918,125.28130858072306,90.58456086624689
0.061224489795918366,0.3061224489795918,105.46952311277887,77.56082921699516
0.08163265306122448,0.3061224489795918,87.98386549420468,65.8741092385622
0.1020408163265306,0.3061224489795918,72.90122968144465,55.69159030933268
0.12244897959183673,0.3061224489795918,60.235140266281796,47.113898724435195
0.14285714285714285,0.3061224489795918,49.92404386892649,40.163389088830826
0.16326530612244897,0.3061224489795918,41.82690843395516,34.7797436132517
0.18367346938775508,0.3061224489795918,35.72653961282819,30.823288496719023
0.2040816326530612,0.3061224489795918,31.34030587101897,28.08571903367207
0.22448979591836732,0.3061224489795918,28.337275084020046,26.307236209974292
0.24489795918367346,0.3061224489795918,26.36016923712745,25.19850140269777
0.26530612244897955,0.3061224489795918,25.050095849753564,24.465367804435935
0.2857142857142857,0.3061224489795918,24.071756561218393,23.83408900909493
0.3061224489795918,0.3061224489795918,23.13678894781518,23.074660828959214
0.32653061224489793,0.3061224489795918,22.023071215760822,22.020125987641958
0.3469387755102041,0.3061224489795918,20.58819479219068,20.580046711079856
0.36734693877551017,0.3061224489795918,18.775852113501966,18.74689251587654
0.3877551020408163,0.3061224489795918,16.614545665389375,16.594749249338168
0.4081632653061224,0.3061224489795918,14.208738309868814,14.270469416497196
0.42857142857142855,0.3061224489795918,11.7232677544844,11.97808664931935
0.44897959183673464,0.3061224489795918,9.362474328545845,9.957943482941019
0.4693877551020408,0.3061224489795918,7.345982795483691,8.462473168024477
0.4897959183673469,0.3061224489795918,5.88339004289641,7.730887360805022
0.5102040816326531,0.3061224489795918,5.150212224913572,7.965123265454099
0.5306122448979591,0.3061224489795918,5.267327825829498,9.309286697712952
0.5510204081632653,0.3061224489795918,6.28582805822396,11.834502483013393
0.5714285714285714,0.3061224489795918,8.17868322712549,15.530580820641017
0.5918367346938775,0.3061224489795918,10.839999933544988,20.305274487268832
0.6122448979591836,0.3061224489795918,14.091938183652168,25.991195946133843
0.6326530612244897,0.3061224489795918,17.698645240934304,32.35975119919554
0.6530612244897959,0.3061224489795918,21.3859106319212,39.1407947928611
0.673469387755102,0.3061224489795918,24.864714755055594,46.04617842685568
0.6938775510204082,0.3061224489795918,27.856481509522666,52.79500358305194
0.7142857142857142,0.3061224489795918,30.117686918650698,59.13823014887065
0.7346938775510203,0.3061224489795918,31.46153560303584,64.88035289040565
0.7551020408163265,0.3061224489795918,31.774689594052774,69.89613026593423
0.7755102040816326,0.3061224489795918,31.02749401884917,74.14081011091191
0.7959183673469387,0.3061224489795918,29.27674885807162,77.65290139569795
0.8163265306122448,0.3061224489795918,26.660769054342786,80.54923433403306
0.836734693877551,0.3061224489795918,23.387192289638023,83.01276816041543
0.8571428571428571,0.3061224489795918,19.714668081782584,85.27428022659835
0.8775510204081632,0.3061224489795918,15.930130773952037,87.58963899109051
0.8979591836734693,0.3061224489795918,12.32376960697557,90.21477409145912
0.9183673469387754,0.3061224489795918,9.164023192761565,93.38067081775596
0.9387755102040816,0.3061224489795918,6.6749234383152025,97.27071403653441
0.9591836734693877,0.3061224489795918,5.017895514554409,102.0024881596657
0.9795918367346939,0.3061224489795918,4.279706134740852,107.61572542277005
1.0,0.3061224489795918,4.467680728759323,114.06752305949556
0.0,0.32653061224489793,163.75312581055317,113.51332266270948
0.02040816326530612,0.32653061224489793,140.21205203537193,98.85868015153946
0.04081632653061224,0.32653061224489793,118.71464999716225,85.07874852872298
0.061224489795918366,0.32653061224489793,99.40621663620068,72.4155075936669
0.08163265306122448,0.32653061224489793,82.40908744677553,61.08478198119502
0.1020408163265306,0.32653061224489793,67.80015638533098,51.25376106969208
0.12244897959183673,0.32653061224489793,55.592948043650004,43.02307115428664
0.14285714285714285,0.32653061224489793,45.725909041943,36.41506683993979
0.16326530612244897,0.32653061224489793,38.05800732478638,31.36943033738367
0.18367346938775508,0.32653061224489793,32.372048543640524,27.74648784563946
0.2040816326530612,0.32653061224489793,28.38540116397884,25.337934659146452
0.22448979591836732,0.32653061224489793,25.767133061293862,23.883971763768102
0.24489795918367346,0.32653061224489793,24.15996622088162,23.095260536576465
0.26530612244897955,0.32653061224489793,23.205008162154506,22.677654170165
0.2857142857142857,0.32653061224489793,22.56696052443252,22.357406258439838
0.3061224489795918,0.32653061224489793,21.957460884008903,21.904512613685434
0.32653061224489793,0.32653061224489793,21.154387447100554,21.15201595951497
0.3469387755102041,0.32653061224489793,20.01533164084283,20.00947852186513
0.36734693877551017,0.32653061224489793,18.48398590163295,18.469369817339548
0.3877551020408163,0.32653061224489793,16.5888527151656,16.605775693244393
0.4081632653061224,0.32653061224489793,14.434394943456699,14.565548654612105
0.42857142857142855,0.32653061224489793,12.185450294050355,12.552722333408418
0.44897959183673464,0.32653061224489793,10.046359096256282,10.807639264769723
0.4693877551020408,0.32653061224489793,8.236746113505024,9.58273269935829
0.4897959183673469,0.32653061224489793,6.966208233395051,9.117214293409418
0.5102040816326531,0.32653061224489793,6.4102616100559375,9.613021251094542
0.5306122448979591,0.32653061224489793,6.689784727781999,11.214259388154934
0.5510204081632653,0.32653061224489793,7.85586879915299,13.99205353002237
0.5714285714285714,0.32653061224489793,9.881484129197496,17.936213875982467
0.5918367346938775,0.32653061224489793,12.660737318926344,22.95449320270827
0.6122448979591836,0.32653061224489793,16.015788374509306,28.879503973436687
0.6326530612244897,0.32653061224489793,19.710784559433648,35.4826521901273
0.6530612244897959,0.32653061224489793,23.471515400229148,42.49379239918723
0.673469387755102,0.32653061224489793,27.008961295338555,49.62477630034166
0.6938775510204082,0.32653061224489793,30.04454614394707,56.59470537546321
0.7142857142857142,0.32653061224489793,32.33474596938294,63.15453951197274
0.7346938775510203,0.32653061224489793,33.69276539224234,69.10877347596397
0.7551020408163265,0.32653061224489793,34.00526644389996,74.33216572571433
0.7755102040816326,0.32653061224489793,33.24259425150343,78.77996409667924
0.7959183673469387,0.32653061224489793,31.461548795699375,82.49067755921797
0.8163265306122448,0.32653061224489793,28.800445019110448,85.58113632707125
0.836734693877551,0.32653061224489793,25.46692060371202,88.23429963473727
0.8571428571428571,0.32653061224489793,21.719625067329304,90.6809448339693
0.8775510204081632,0.32653061224489793,17.845492753137908,93.17694038327605
0.8979591836734693,0.32653061224489793,14.134712901966978,95.97821592022477
0.9183673469387754,0.32653061224489793,10.855724125724944,99.3157567348671
0.9387755102040816,0.32653061224489793,8.232558331416964,103.37294769375657
0.9591836734693877,0.32653061224489793,6.426640689960966,108.26737320876438
0.9795918367346939,0.32653061224489793,5.524737914618627,114.03876551551063
1.0,0.32653061224489793,5.5341754352747206,120.64422184764364
0.0,0.3469387755102041,156.3227138870648,107.46046175962924
0.02040816326530612,0.3469387755102041,133.31463957453337,93.17530265912396
0.04081632653061224,0.3469387755102041,112.3354133211399,79.76035809873757
0.061224489795918366,0.3469387755102041,93.530332067161,67.45760787787712
0.08163265306122448,0.3469387755102041,77.02173130688492,56.48287663136635
0.1020408163265306,0.3469387755102041,62.886504996755825,47.00335373758999
0.12244897959183673,0.3469387755102041,51.13817772855672,39.1196654916766
0.14285714285714285,0.3469387755102041,41.71519612249802,32.854166498587276
0.16326530612244897,0.3469387755102041,34.47652812315611,28.146538969054152
0.18367346938775508,0.3469387755102041,29.20497938199138,24.857109102098416
0.2040816326530612,0.3469387755102041,25.617918364477234,22.777572192159347
0.22448979591836732,0.3469387755102041,23.3844129461062,21.64812922510042
0.24489795918367346,0.3469387755102041,22.14718511217431,21.17944157799368
0.26530612244897955,0.3469387755102041,21.54734238209397,21.07736244343258
0.2857142857142857,0.3469387755102041,21.24958639518517,21.068145415323265
0.3061224489795918,0.3469387755102041,20.965554727741143,20.921786305950178
0.32653061224489793,0.3469387755102041,20.473125585978803,20.4713278389265
0.3469387755102041,0.3469387755102041,19.629890397033503,19.62633224018893
0.36734693877551017,0.3469387755102041,18.379541597302456,18.379269026341085
0.3877551020408163,0.3469387755102041,16.750581672480354,16.804224044689143
0.4081632653061224,0.3469387755102041,14.847473484583109,15.048049800265542
0.42857142857142855,0.3469387755102041,12.835054741154835,13.314779925036019
0.44897959183673464,0.3469387755102041,10.91766577150525,11.844756954136953
0.4693877551020408,0.3469387755102041,9.314931339064886,10.890414138230636
0.4897959183673469,0.3469387755102041,8.236448331432218,10.690963133552348
0.5102040816326531,0.3469387755102041,7.8577329027368235,11.44834114427353
0.5306122448979591,0.3469387755102041,8.299663537273016,13.30665398613544
0.5510204081632653,0.3469387755102041,9.613331447620563,16.337026484569897
0.5714285714285714,0.3469387755102041,11.771706938808016,20.529268838862475
0.5918367346938775,0.3469387755102041,14.668896611846247,25.791133825686217
0.6122448979591836,0.3469387755102041,18.127060472904994,31.95523390827806
0.6326530612244897,0.3469387755102041,21.910345785471517,38.792975088597565
0.6530612244897959,0.3469387755102041,25.74454207607564,46.03421191305187
0.673469387755102,0.3469387755102041,29.340629743160065,53.390796081366155
0.6938775510204082,0.3469387755102041,32.42003268591,60.581829075413054
0.7142857142857142,0.3469387755102041,34.73922692765373,67.35827078261337
0.7346938775510203,0.3469387755102041,36.111417088987395,73.5246159690609
0.7551020408163265,0.3469387755102041,36.423265201285666,78.955623093033
0.7755102040816326,0.3469387755102041,35.64511639169623,83.60653998998512
0.7959183673469387,0.3469387755102041,33.833770640865666,87.51587563027654
0.8163265306122448,0.3469387755102041,31.127542891416635,90.800460227648
0.836734693877551,0.3469387755102041,27.734070825324526,93.64325301659764
0.8571428571428571,0.3469387755102041,23.91200396041454,96.27503134887878
0.8775510204081632,0.3469387755102041,19.948276639862293,98.95166368300012
0.8979591836734693,0.3469387755102041,16.13307810449693,101.9290796565289
0.9183673469387754,0.3469387755102041,12.734846966226868,105.4382645595168
0.9387755102040816,0.3469387755102041,9.977615132057268,109.6626032585173
0.9591836734693877,0.3469387755102041,8.022807772906065,114.71968016540151
0.9795918367346939,0.3469387755102041,6.957191602034924,120.64922751578979
1.0,0.3469387755102041,6.788092049328638,127.40834254333016
0.0,0.36734693877551017,149.07972387111494,101.59502276408759
0.02040816326530612,0.36734693877551017,126.60464902123334,87.67934707424692
0.04081632653061224,0.36734693877551017,106.14359855265612,74.62938957629075
0.061224489795918366,0.36734693877551017,87.84186940565982,62.687130069625894
0.08163265306122448,0.36734693877551017,71.82179707453282,52.06839318907623
0.1020408163265306,0.36734693877551017,58.160275515719206,42.94036831302644
0.12244897959183673,0.36734693877551017,46.870829321001985,35.403681736605094
0.14285714285714285,0.36734693877551017,37.89190511059158,29.480688064773297
0.16326530612244897,0.36734693877551017,31.082470829064377,25.111069508263167
0.18367346938775508,0.36734693877551017,26.225332127880765,22.155152266095904
0.2040816326530612,0.36734693877551017,23.037857472514155,20.40463163271078
0.22448979591836732,0.36734693877551017,21.189114738457064,19.599708593971272
0.24489795918367346,0.36734693877551017,20.321825911005533,19.451044526949424
0.26530612244897955,0.36734693877551017,20.07709850957196,19.664492624238694
0.2857142857142857,0.36734693877551017,20.119634173476346,19.96630647974522
0.3061224489795918,0.36734693877551017,20.161070479011915,20.126481905753447
0.32653061224489793,0.36734693877551017,19.979285632395584,19.978061625876563
0.3469387755102041,0.36734693877551017,19.431871060762703,19.430607866051254
0.36734693877551017,0.36734693877551017,18.462519200510485,18.47659014288115
0.3877551020408163,0.36734693877551017,17.099732537333633,17.190094303672417
0.4081632653061224,0.36734693877551017,15.447973933248043,15.717972853457502
0.42857142857142855,0.36734693877551017,13.672081095797841,14.264259424202141
0.44897959183673464,0.36734693877551017,11.97639435429274,13.069296551042708
0.4693877551020408,0.36734693877551017,10.58053847216327,12.385517484641491
0.4897959183673469,0.36734693877551017,9.69411033700791,12.452133881233795
0.5102040816326531,0.36734693877551017,9.492626102956237,13.471082944991034
0.5306122448979591,0.36734693877551017,10.096964254302561,15.586470491654488
0.5510204081632653,0.36734693877551017,11.558216003626654,18.86942134665592
0.5714285714285714,0.36734693877551017,13.849351655957063,23.309745709280993
0.5918367346938775,0.36734693877551017,16.864477812304663,28.815196356202684
0.6122448979591836,0.36734693877551017,20.425754478839192,35.21838575065797
0.6326530612244897,0.36734693877551017,24.29732891904791,42.29071989460639
0.6530612244897959,0.36734693877551017,28.204990659460638,49.76205333445507
0.673469387755102,0.36734693877551017,31.859720098520086,57.3442377699292
0.6938775510204082,0.36734693877551017,34.98294113541145,64.7563746829014
0.7142857142857142,0.36734693877551017,37.33112979346302,71.7494239607925
0.7346938775510203,0.36734693877551017,38.71749069327093,78.12788036969631
0.7551020408163265,0.36734693877551017,39.02868586620989,83.76650236789015
0.7755102040816326,0.36734693877551017,38.23506043942752,88.62053779082947
0.7959183673469387,0.36734693877551017,36.39341439357047,92.72849560887362
0.8163265306122448,0.36734693877551017,33.642062671261364,96.2072060357632
0.836734693877551,0.36734693877551017,30.188642954475558,99.23962830599652
0.8571428571428571,0.36734693877551017,26.29180476103832,102.05653977132678
0.8775510204081632,0.36734693877551017,22.238482434125203,104.9138088902627
0.8979591836734693,0.36734693877551017,18.3188652145654,108.06736530037155
0.9183673469387754,0.36734693877551017,14.801391714267307,111.74819429170496
0.9387755102040816,0.36734693877551017,11.910093840236089,116.13968073081645
0.9591836734693877,0.36734693877551017,9.80639676338968,121.35940902957725
0.9795918367346939,0.36734693877551017,8.577067196989747,127.4471114236075
1.0,0.36734693877551017,8.229430570921082,134.35988514655529
0.0,0.3877551020408163,142.0241557627036,95.9170056760844
0.02040816326530612,0.3877551020408163,120.0820803754718,82.37081339690842
0.04081632653061224,0.3877551020408163,100.13920569171084,69.68584296138238
0.061224489795918366,0.3877551020408163,82.34082865169721,58.104074168913186
0.08163265306122448,0.3877551020408163,66.80928474971924,47.84133165432462
0.1020408163265306,0.3877551020408163,53.621467942221095,39.064804796001404
0.12244897959183673,0.3877551020408163,42.79090282098577,31.87511988907211
0.14285714285714285,0.3877551020408163,34.25603600622367,26.294631538497832
0.16326530612244897,0.3877551020408163,27.87583544251116,22.263021955010704
0.18367346938775508,0.3877551020408163,23.43310678130867,19.64061733763191
0.2040816326530612,0.3877551020408163,20.645218488089586,18.219112980800734
0.22448979591836732,0.3877551020408163,19.181238438346444,17.738709870380646
0.24489795918367346,0.3877551020408163,18.68388861737528,17.91006938344369
0.26530612244897955,0.3877551020408163,18.794276544588477,18.439044712583325
0.2857142857142857,0.3877551020408163,19.177103859306044,19.051889451705698
0.3061224489795918,0.3877551020408163,19.54400813782121,19.51859941309524
0.32653061224489793,0.3877551020408163,19.672867586350886,19.672217320365146
0.3469387755102041,0.3877551020408163,19.421273632030427,19.422305399452103
0.36734693877551017,0.3877551020408163,18.732918711257046,18.761333166959737
0.3877551020408163,0.3877551020408163,17.63630530972544,17.76338647019422
0.4081632653061224,0.3877551020408163,16.235896289451507,16.57531781418799
0.42857142857142855,0.3877551020408163,14.69652935797938,15.401160830906786
0.44897959183673464,0.3877551020408163,13.222544844618753,14.481258055486997
0.4693877551020408,0.3877551020408163,12.033567512800188,14.06804273859089
0.4897959183673469,0.3877551020408163,11.339194250122137,14.400726536453767
0.5102040816326531,0.3877551020408163,11.314941210714185,15.681246653247062
0.5306122448979591,0.3877551020408163,12.081686878870642,18.053708904712046
0.5510204081632653,0.3877551020408163,13.690522467171268,21.589238116280498
0.5714285714285714,0.3877551020408163,16.11441828064465,26.277644487238035
0.5918367346938775,0.3877551020408163,19.247480920301605,32.0266807942577
0.6122448979591836,0.3877551020408163,22.91187039231192,38.6689595005764
0.6326530612244897,0.3877551020408163,26.871733960162846,45.975886608153715
0.6530612244897959,0.3877551020408163,30.852861150384168,53.677316663396766
0.673469387755102,0.3877551020408163,34.566232361418635,61.48510136603075
0.6938775510204082,0.3877551020408163,37.73327149245145,69.11834219792827
0.7142857142857142,0.3877551020408163,40.11045456681086,76.3279990465102
0.7346938775510203,0.3877551020408163,41.51098620509303,82.91856667787026
0.7551020408163265,0.3877551020408163,41.821528438672665,88.76480355028585
0.7755102040816326,0.3877551020408163,41.01242639469737,93.82195749921242
0.7959183673469387,0.3877551020408163,39.14048005381381,98.12853749500921
0.8163265306122448,0.3877551020408163,36.344004358644604,101.80137375141702
0.836734693877551,0.3877551020408163,32.830636991165136,105.02342550293396
0.8571428571428571,0.3877551020408163,28.859027469200615,108.02547010131335
0.8775510204081632,0.3877551020408163,24.716110135926655,111.06337600506386
0.8979591836734693,0.3877551020408163,20.692074232172395,114.39307285175278
0.9183673469387754,0.3877551020408163,17.05535836984627,118.2455459314317
0.9387755102040816,0.3877551020408163,14.029994455953435,122.80418011065423
0.9591836734693877,0.3877551020408163,11.77740766141182,128.1865598012915
0.9795918367346939,0.3877551020408163,10.384364699483106,134.43241723896364
1.0,0.3877551020408163,9.858191000052049,141.49884965731894
0.0,0.4081632653061224,135.15600956183079,90.42641049561976
0.02040816326530612,0.4081632653061224,113.74693363724886,77.2497016271085
0.04081632653061224,0.4081632653061224,94.32223473830408,64.92971825401258
0.061224489795918366,0.4081632653061224,77.0272098052731,53.708440175739
0.08163265306122448,0.4081632653061224,61.984194332444204,43.80169202711154
0.1020408163265306,0.4081632653061224,49.27008227626153,35.376663186514904
0.12244897959183673,0.4081632653061224,38.898398228508086,28.53397994907766
0.14285714285714285,0.4081632653061224,30.807588809394275,23.295996919760903
0.16326530612244897,0.4081632653061224,24.856621963496476,19.602396309296772
0.18367346938775508,0.4081632653061224,20.82830334227511,17.31350431670645
0.2040816326530612,0.4081632653061224,18.44000141120356,16.221016236429218
0.22448979591836732,0.4081632653061224,17.36078404577436,16.065133054328548
0.24489795918367346,0.4081632653061224,17.233373231283558,16.55651614747649
0.26530612244897955,0.4081632653061224,17.698876487143522,17.40101870846649
0.2857142857142857,0.4081632653061224,18.421995452674274,18.324894331204703
0.3061224489795918,0.4081632653061224,19.114367704169034,19.098138827975564
0.32653061224489793,0.4081632653061224,19.553871447844717,19.553794922392257
0.3469387755102041,0.4081632653061224,19.59809811083668,19.60142484039148
0.36734693877551017,0.4081632653061224,19.190740129542128,19.233498098576852
0.3877551020408163,0.4081632653061224,18.36029998965577,18.524100544254544
0.4081632653061224,0.4081632653061224,17.21124055319349,17.620084682457
0.42857142857142855,0.4081632653061224,15.908399527699435,16.72548414514996
0.44897959183673464,0.4081632653061224,14.656117242483292,16.080641467469803
0.4693877551020408,0.4081632653061224,13.674018460975613,15.937989900078804
0.4897959183673469,0.4081632653061224,13.171700070774879,16.536741099212264
0.5102040816326531,0.4081632653061224,13.324678226010635,18.078832269041627
0.5306122448979591,0.4081632653061224,14.253831410977224,20.708369225308132
0.5510204081632653,0.4081632653061224,16.01025083825442,24.496476793443605
0.5714285714285714,0.4081632653061224,18.566906812870734,29.43296517273362
0.5918367346938775,0.4081632653061224,21.81790593583709,35.4255871398512
0.6122448979591836,0.4081632653061224,25.585408213323184,42.30695515803335
0.6326530612244897,0.4081632653061224,29.633560908816293,49.84847522923956
0.6530612244897959,0.4081632653061224,33.688153548846216,57.780001899876986
0.673469387755102,0.4081632653061224,37.46016653185573,65.81338686967082
0.6938775510204082,0.4081632653061224,40.67102375702996,73.6677316204937
0.7142857142857142,0.4081632653061224,43.07720124769721,81.09399603976638
0.7346938775510203,0.4081632653061224,44.49190362445364,87.89667489358274
0.7551020408163265,0.4081632653061224,44.801792918673925,93.95052664022006
0.7755102040816326,0.4081632653061224,43.977214257505736,99.21079911513385
0.7959183673469387,0.4081632653061224,42.07496762159567,103.71600128868334
0.8163265306122448,0.4081632653061224,39.233367953566365,107.5829633746093
0.836734693877551,0.4081632653061224,35.6600529353932,110.9946446074099
0.8571428571428571,0.4081632653061224,31.61367208490143,114.18182233883836
0.8775510204081632,0.4081632653061224,27.3811597452666,117.40036502740347
0.8979591836734693,0.4081632653061224,23.25270515731793,120.90620231067244
0.9183673469387754,0.4081632653061224,19.496746932963777,124.930319478697
0.9387755102040816,0.4081632653061224,16.33731697920932,129.65610139803044
0.9591836734693877,0.4081632653061224,13.935840466972499,135.2011324805442
0.9795918367346939,0.4081632653061224,12.379084109514967,141.60514496185837
1.0,0.4081632653061224,11.674373336721553,148.82523607562106
0.0,0.42857142857142855,128.47528526849652,85.12323722269366
0.02040816326530612,0.42857142857142855,107.59920880656438,72.31601176484705
0.04081632653061224,0.42857142857142855,88.69268569243589,60.361015454181306
0.061224489795918366,0.42857142857142855,71.90101286638753,49.50022809010335
0.08163265306122448,0.42857142857142855,57.34652582270769,39.94947430743699
0.1020408163265306,0.42857142857142855,45.106118517840486,31.87594348456693
0.12244897959183673,0.42857142857142855,35.19331554356893,25.380261916621734
0.14285714285714285,0.42857142857142855,27.546563520103405,20.484784208562502
0.16326530612244897,0.42857142857142855,22.02483039202032,17.129192571121365
0.18367346938775508,0.42857142857142855,18.410921810780074,15.173813203319515
0.2040816326530612,0.42857142857142855,16.422206241856056,14.410341399596229
0.22448979591836732,0.42857142857142855,15.727751560740801,14.578978145814979
0.24489795918367346,0.42857142857142855,15.970279752730356,15.390384819047814
0.26530612244897955,0.42857142857142855,16.790898337237092,16.55041461188818
0.2857142857142857,0.42857142857142855,17.854308953581025,17.785321118242237
0.3061224489795918,0.42857142857142855,18.87214917805538,18.86510015039441
0.32653061224489793,0.42857142857142855,19.622297216877072,19.622794431957892
0.3469387755102041,0.42857142857142855,19.962344497181455,19.967966188869383
0.36734693877551017,0.42857142857142855,19.83598345536574,19.89308493773249
0.3877551020408163,0.42857142857142855,19.27171657712462,19.472236525853393
0.4081632653061224,0.42857142857142855,18.374006724474004,18.85227345826454
0.42857142857142855,0.42857142857142855,17.307691604958016,18.237229366931658
0.44897959183673464,0.42857142857142855,16.277111547886356,17.867446786991135
0.4693877551020408,0.42857142857142855,15.501891316689584,17.995358969105247
0.4897959183673469,0.42857142857142855,15.191627798966145,18.860177569509286
0.5102040816326531,0.42857142857142855,15.521837148845636,20.663839792374695
0.5306122448979591,0.42857142857142855,16.613397850622356,23.55045145344274
0.5510204081632653,0.42857142857142855,18.517401116876073,27.591137378145202
0.5714285714285714,0.42857142857142855,21.20681725263537,32.77570776576769
0.5918367346938775,0.42857142857142855,24.575752858911066,39.01191539298327
0.6122448979591836,0.42857142857142855,28.446367941872943,46.13237272302882
0.6326530612244897,0.42857142857142855,32.582809765008264,53.908485757863936
0.6530612244897959,0.42857142857142855,36.710867854846796,62.07010904389574
0.673469387755102,0.42857142857142855,40.541522609831304,70.32909428084943
0.6938775510204082,0.42857142857142855,43.79619792914699,78.40454295059759
0.7142857142857142,0.42857142857142855,46.231369836122084,86.04741494056111
0.7346938775510203,0.42857142857142855,47.66024295135278,93.06220501683372
0.7551020408163265,0.42857142857142855,47.96947930621375,99.3236716376928
0.7755102040816326,0.42857142857142855,47.12942402785262,104.78706263859381
0.7959183673469387,0.42857142857142855,45.19687709691605,109.490886989896
0.8163265306122448,0.42857142857142855,42.310153456026654,113.55197490534013
0.836734693877551,0.42857142857142855,38.67689078715983,117.1532856194244
0.8571428571428571,0.42857142857142855,34.55573860814077,120.52559648390198
0.8775510204081632,0.42857142857142855,30.233631262145103,123.92477595728167
0.8979591836734693,0.42857142857142855,26.000757990001958,127.60675367713071
0.9183673469387754,0.42857142857142855,22.125557403619776,131.80251493350073
0.9387755102040816,0.42857142857142855,18.832061410003703,136.69544459294528
0.9591836734693877,0.42857142857142855,16.28169518007168,142.40312706733553
0.9795918367346939,0.42857142857142855,14.561225427085379,148.96529459229157
1.0,0.42857142857142855,13.677977580929559,156.33904440146176
0.0,0.44897959183673464,121.98198288270076,80.00748585730608
0.02040816326530612,0.44897959183673464,101.63890588341849,67.56974381012414
0.04081632653061224,0.44897959183673464,83.25055855410616,55.979734561888556
0.061224489795918366,0.44897959183673464,66.96223783504048,45.47943791200623
0.08163265306122448,0.44897959183673464,52.89627922050971,36.284678495300966
0.1020408163265306,0.44897959183673464,41.12957666695797,28.562645690157478
0.12244897959183673,0.44897959183673464,31.675654766168293,22.413965791704328
0.14285714285714285,0.44897959183673464,24.47296013835107,17.860993404902622
0.16326530612244897,0.44897959183673464,19.38046072808269,14.843410740484483
0.18367346938775508,0.44897959183673464,16.180962186823564,13.221543997471105
0.2040816326530612,0.44897959183673464,14.591832980047077,12.787088470301764
0.22448979591836732,0.44897959183673464,14.282140983245768,13.280245144839931
0.24489795918367346,0.44897959183673464,14.89460818171568,14.41167539815766
0.26530612244897955,0.44897959183673464,16.070342094869186,15.887232422848395
0.2857142857142857,0.44897959183673464,17.474044362026305,17.433169812818292
0.3061224489795918,0.44897959183673464,18.817352559480256,18.819483380351784
0.32653061224489793,0.44897959183673464,19.878144893447953,19.879215849062057
0.3469387755102041,0.44897959183673464,20.514012791064758,20.521929444885807
0.36734693877551017,0.44897959183673464,20.668648688727874,20.740093684426654
0.3877551020408163,0.44897959183673464,20.370555072132003,20.60779441499077
0.4081632653061224,0.44897959183673464,19.72419480329304,20.271884141610606
0.42857142857142855,0.44897959183673464,18.894405589755124,19.93639649625188
0.44897959183673464,0.44897959183673464,18.085527760827944,19.84167401405099
0.4693877551020408,0.44897959183673464,17.517186079942057,20.24014994567021
0.4897959183673469,0.44897959183673464,17.39897743469594,21.371035947344836
0.5102040816326531,0.44897959183673464,17.906417979219135,23.436269223246313
0.5306122448979591,0.44897959183673464,19.16038619780599,26.579955589115876
0.5510204081632653,0.44897959183673464,21.21197330303628,30.873219870385363
0.5714285714285714,0.44897959183673464,24.034149599938505,36.30587226634034
0.5918367346938775,0.44897959183673464,27.5210216895236,42.78566555365382
0.6122448979591836,0.44897959183673464,31.49474957796126,50.14521219556282
0.6326530612244897,0.44897959183673464,35.71948052873874,58.15591819402684
0.6530612244897959,0.44897959183673464,39.9210040683859,66.54763809545301
0.673469387755102,0.44897959183673464,43.81030059534545,75.03222359956655
0.6938775510204082,0.44897959183673464,47.10879400880255,83.32877618824006
0.7142857142857142,0.44897959183673464,49.572960332085486,91.18825574889436
0.7346938775510203,0.44897959183673464,51.016004185790436,98.41515704762325
0.7551020408163265,0.44897959183673464,51.32458760129206,104.88423854270405
0.7755102040816326,0.44897959183673464,50.469055705738036,110.55074806959229
0.7959183673469387,0.44897959183673464,48.506208479774955,115.45319459864717
0.8163265306122448,0.44897959183673464,45.57436086602547,119.7084083436095
0.836734693877551,0.44897959183673464,41.881150546464944,123.49934853897736
0.8571428571428571,0.44897959183673464,37.68522703891864,127.05679253650405
0.8775510204081632,0.44897959183673464,33.2735246865621,130.63660879469833
0.8979591836734693,0.44897959183673464,28.936232730224546,134.4947269511274
0.9183673469387754,0.44897959183673464,24.941789781814332,138.86213229584305
0.9387755102040816,0.44897959183673464,21.514227748336637,143.92220969539864
0.9591836734693877,0.44897959183673464,18.814971800709408,149.79254356166527
0.9795918367346939,0.44897959183673464,16.930788652194288,156.51286613026338
1.0,0.44897959183673464,15.869003732676116,164.0402746348409
0.0,0.4693877551020408,115.67610240444354,75.079156399457
0.02040816326530612,0.4693877551020408,95.86602486781105,63.010897762939756
0.04081632653061224,0.4693877551020408,77.995853323315,51.78587557713433
0.061224489795918366,0.4693877551020408,62.210884711231955,41.646069641447625
0.08163265306122448,0.4693877551020408,48.633454525850226,32.80730459070345
0.1020408163265306,0.4693877551020408,37.34045672361397,25.436769803286545
0.12244897959183673,0.4693877551020408,28.345415896306164,19.63509157432545
0.14285714285714285,0.4693877551020408,21.586778664137235,15.424624508781264
0.16326530612244897,0.4693877551020408,16.923512971683575,12.745050817386119
0.18367346938775508,0.4693877551020408,14.138424470405571,11.456696699161215
0.2040816326530612,0.4693877551020408,12.948881625776618,11.35125744854582
0.22448979591836732,0.4693877551020408,13.02395231328926,12.168934051403411
0.24489795918367346,0.4693877551020408,14.006358518239526,13.620387884806032
0.26530612244897955,0.4693877551020408,15.537207760039806,15.411472141347136
0.2857142857142857,0.4693877551020408,17.281201678010106,17.268440414932876
0.3061224489795918,0.4693877551020408,18.949977848443652,18.96128851784768
0.32653061224489793,0.4693877551020408,20.32141447755736,20.323059173704742
0.3469387755102041,0.4693877551020408,21.253102992486586,21.26331460844076
0.36734693877551017,0.4693877551020408,21.688735829628534,21.774524338659347
0.3877551020408163,0.4693877551020408,21.656815474677913,21.93077421166668
0.4081632653061224,0.4693877551020408,21.26180478965061,21.878916732495192
0.42857142857142855,0.4693877551020408,20.66854148209076,21.82298553311064
0.44897959183673464,0.4693877551020408,20.081365881308074,22.003323148649372
0.4693877551020408,0.4693877551020408,19.71990275073308,22.672362829773704
0.4897959183673469,0.4693877551020408,19.79374897796426,24.069316232718926
0.5102040816326531,0.4693877551020408,20.478420717131186,26.396120561656446
0.5306122448979591,0.4693877551020408,21.894796452528176,29.796881632327555
0.5510204081632653,0.4693877551020408,24.093967396735,34.34272427016401
0.5714285714285714,0.4693877551020408,27.048903854780196,40.023458674451476
0.5918367346938775,0.4693877551020408,30.653712427674648,46.74683762186294
0.6122448979591836,0.4693877551020408,34.73055312158809,54.34547357563537
0.6326530612244897,0.4693877551020408,39.043573200007785,62.590772537728284
0.6530612244897959,0.4693877551020408,43.31856218946353,71.21258905454883
0.673469387755102,0.4693877551020408,47.2665004883981,79.92277482582223
0.6938775510204082,0.4693877551020408,50.60881199599663,88.44043133342103
0.7142857142857142,0.4693877551020408,53.10197273558741,96.51651846476612
0.7346938775510203,0.4693877551020408,54.559187327766615,103.9555309859513
0.7551020408163265,0.4693877551020408,54.86711780390893,110.63222735525387
0.7755102040816326,0.4693877551020408,53.99610929116197,116.5018554081293
0.7959183673469387,0.4693877551020408,52.00296177017239,121.60292411493694
0.8163265306122448,0.4693877551020408,49.025990183562826,126.05226368941734
0.836734693877551,0.4693877551020408,45.272832213308625,130.03283336606881
0.8571428571428571,0.4693877551020408,41.00213737723505,133.77541049664472
0.8775510204081632,0.4693877551020408,36.50084001851765,137.53586353965358
0.8979591836734693,0.4693877551020408,32.05912937798564,141.57012213266273
0.9183673469387754,0.4693877551020408,27.9454440675474,146.10917156572384
0.9387755102040816,0.4693877551020408,24.383815994208085,151.33639670539043
0.9591836734693877,0.4693877551020408,21.53567032888565,157.36938196353364
0.9795918367346939,0.4693877551020408,19.48777378484175,164.2478595757737
1.0,0.4693877551020408,18.247451791961183,171.92892677575867
0.0,0.4897959183673469,109.55764383372481,70.33824884914647
0.02040816326530612,0.4897959183673469,90.28056575974215,58.639473623293874
0.04081632653061224,0.4897959183673469,72.92857000006236,47.779438499918605
0.061224489795918366,0.4897959183673469,57.64695349496195,38.00012327842754
0.08163265306122448,0.4897959183673469,44.558051738729276,29.517352593644475
0.1020408163265306,0.4897959183673469,33.73875868780849,22.49831582395414
0.12244897959183673,0.4897959183673469,25.20259893398258,17.043639264485087
0.14285714285714285,0.4897959183673469,18.88801909746195,13.17567752019843
0.16326530612244897,0.4897959183673469,14.653987122822986,10.834112801826283
0.18367346938775508,0.4897959183673469,12.283308661526105,9.879271308389853
0.2040816326530612,0.4897959183673469,11.493352179044688,10.102848334328405
0.22448979591836732,0.4897959183673469,11.953185550871273,11.245044865505411
0.24489795918367346,0.4897959183673469,13.305530762301903,13.01652227899293
0.26530612244897955,0.4897959183673469,15.19149533274895,15.1231337673844
0.2857142857142857,0.4897959183673469,17.275780901532436,17.291132924585984
0.3061224489795918,0.4897959183673469,19.270025044945577,19.290515562882106
0.32653061224489793,0.4897959183673469,20.952105969205295,20.95432440588596
0.3469387755102041,0.4897959183673469,22.17961510144694,22.19212167953424
0.36734693877551017,0.4897959183673469,22.89624487806772,22.996376900430562
0.3877551020408163,0.4897959183673469,23.13049778476235,23.441175915881107
0.4081632653061224,0.4897959183673469,22.986836683546702,23.673371230918317
0.42857142857142855,0.4897959183673469,22.63009928196493,23.896996477507912
0.44897959183673464,0.4897959183673469,22.264625909326714,24.352394190786292
0.4693877551020408,0.4897959183673469,22.110041329062632,25.29199762141573
0.4897959183673469,0.4897959183673469,22.37594242877112,26.955018425631526
0.5102040816326531,0.4897959183673469,23.237845362581773,29.5433938076051
0.5306122448979591,0.4897959183673469,24.81662861478889,33.20122958307773
0.5510204081632653,0.4897959183673469,27.16338339797224,37.99965057748122
0.5714285714285714,0.4897959183673469,30.25108001716041,43.92846699010115
0.5918367346938775,0.4897959183673469,33.97382507336422,50.89543159761059
0.6122448979591836,0.4897959183673469,38.153778572753446,58.733156863246414
0.6326530612244897,0.4897959183673469,42.555087778815356,67.21304878896824
0.6530612244897959,0.4897959183673469,46.90354221807971,76.06496192118317
0.673469387755102,0.4897959183673469,50.91012228898927,85.0007479596164
0.6938775510204082,0.4897959183673469,54.29625189072926,93.73950838614053
0.7142857142857142,0.4897959183673469,56.81840704662788,102.03220308817646
0.7346938775510203,0.4897959183673469,58.28979237728135,109.68332683181787
0.7551020408163265,0.4897959183673469,58.597069914064335,116.56763807534219
0.7755102040816326,0.4897959183673469,57.71058478412446,122.64038465420487
0.7959183673469387,0.4897959183673469,55.68713696810837,127.94007553876513
0.8163265306122448,0.4897959183673469,52.6650414086387,132.58354094276376
0.836734693877551,0.4897959183673469,48.851935787690834,136.7537401006989
0.8571428571428571,0.4897959183673469,44.50646962308997,140.6814503643239
0.8775510204081632,0.4897959183673469,39.91557725801174,144.62254019214737
0.8979591836734693,0.4897959183673469,35.36944793328526,148.83293922173658
0.9183673469387754,0.4897959183673469,31.13652026081899,153.54363274314323
0.9387755102040816,0.4897959183673469,27.44082614761806,158.93800562292083
0.9591836734693877,0.4897959183673469,24.44379076460042,165.13364227294053
0.9795918367346939,0.4897959183673469,22.23218082502774,172.17027492882247
1.0,0.4897959183673469,20.81332175878478,180.00500082421496
0.0,0.5102040816326531,103.62660717054469,65.78476320637446
0.02040816326530612,0.5102040816326531,84.88252855921183,54.45547139118655
0.04081632653061224,0.5102040816326531,68.04870858434823,43.96042333024143
0.061224489795918366,0.5102040816326531,53.27044418623048,34.541598822945986
0.08163265306122448,0.5102040816326531,40.670070859146875,26.414822504124025
0.1020408163265306,0.5102040816326531,30.32448255954155,19.747283752160268
0.12244897959183673,0.5102040816326531,22.24720387919752,14.639608862183266
0.14285714285714285,0.5102040816326531,16.376681438325186,11.114152439154129
0.16326530612244897,0.5102040816326531,12.571883181500933,9.110596693804979
0.18367346938775508,0.5102040816326531,10.61561476018517,8.489267825157018
0.2040816326530612,0.5102040816326531,10.225244639851285,9.041861127649515
0.22448979591836732,0.5102040816326531,11.069840695991816,10.508577587145943
0.24489795918367346,0.5102040816326531,12.792124913902803,12.600078580718353
0.26530612244897955,0.5102040816326531,15.033204812996622,15.022217300960193
0.2857142857142857,0.5102040816326531,17.45778203259329,17.501247341777617
0.3061224489795918,0.5102040816326531,19.77749414898603,19.807164515455057
0.32653061224489793,0.5102040816326531,21.77021936839175,21.773011545605698
0.3469387755102041,0.5102040816326531,23.29354911794582,23.308350658166244
0.36734693877551017,0.5102040816326531,24.291175834045433,24.4056513697403
0.3877551020408163,0.5102040816326531,24.791602002385307,25.13899952763406
0.4081632653061224,0.5102040816326531,24.899290484981314,25.655247636879956
0.42857142857142855,0.5102040816326531,24.779078989377616,26.15842932944371
0.44897959183673464,0.5102040816326531,24.635307844883883,26.88888714046173
0.4693877551020408,0.5102040816326531,24.68760181493068,28.099054320596274
0.4897959183673469,0.5102040816326531,25.145557787116488,30.02814252608265
0.5102040816326531,0.5102040816326531,26.184691915570845,32.8780889610923
0.5306122448979591,0.5102040816326531,27.92588268458809,36.79299944136645
0.5510204081632653,0.5102040816326531,30.420221306748026,41.84399879233696
0.5714285714285714,0.5102040816326531,33.64067808707912,48.020897213289366
0.5918367346938775,0.5102040816326531,37.48135962659234,55.23144748089671
0.6122448979591836,0.5102040816326531,41.76442593145734,63.30826205839599
0.6326530612244897,0.5102040816326531,46.254024265161405,72.02274694774673
0.6530612244897959,0.5102040816326531,50.67594415423441,81.10475669535602
0.673469387755102,0.5102040816326531,54.741165997119,90.26614300094911
0.6938775510204082,0.5102040816326531,58.17111369300039,99.22600734639859
0.7142857142857142,0.5102040816326531,60.72226326520686,107.73530961912527
0.7346938775510203,0.5102040816326531,62.20781933433459,115.598544585223
0.7551020408163265,0.5102040816326531,62.514443931758215,122.69047070296902
0.7755102040816326,0.5102040816326531,61.61248218462544,128.9663358078189
0.7959183673469387,0.5102040816326531,59.558734073582855,134.46464887013184
0.8163265306122448,0.5102040816326531,56.491514541253096,139.30224010364867
0.836734693877551,0.5102040816326531,52.61846126961152,143.6620687428675
0.8571428571428571,0.5102040816326531,48.19822377648342,147.7749121395416
0.8775510204081632,0.5102040816326531,43.5177364050443,151.89663875217968
0.8979591836734693,0.5102040816326531,38.867188396123424,156.28317821834887
0.9183673469387754,0.5102040816326531,34.515018361629124,161.16551582810115
0.9387755102040816,0.5102040816326531,30.68525820856658,166.72703644798966
0.9591836734693877,0.5102040816326531,27.539333107853732,173.08532448988586
0.9795918367346939,0.5102040816326531,25.164009772752223,180.28011218940983
1.0,0.5102040816326531,23.566613633146915,188.2684967802097
0.0,0.5306122448979591,97.882992414903,61.41869947114099
0.02040816326530612,0.5306122448979591,79.67191326622,50.45889106661777
0.04081632653061224,0.5306122448979591,63.35626907617266,40.3288300681028
0.061224489795918366,0.5306122448979591,49.08135678503754,31.270496275002973
0.08163265306122448,0.5306122448979591,36.96951188710298,23.49971432214211
0.1020408163265306,0.5306122448979591,27.097628338813145,17.183673587904927
0.12244897959183673,0.5306122448979591,19.47923073195099,12.423000367419972
0.14285714285714285,0.5306122448979591,14.05276568672695,9.24004926564836
0.16326530612244897,0.5306122448979591,10.677201147717408,7.574502493322203
0.18367346938775508,0.5306122448979591,9.135342766382767,7.286686249462715
0.2040816326530612,0.5306122448979591,9.144559008196413,8.168295828509153
0.22448979591836732,0.5306122448979591,10.37391774865089,9.959532216325002
0.24489795918367346,0.5306122448979591,12.466140973042231,12.371056789982305
0.26530612244897955,0.5306122448979591,15.06233620078282,15.108722742074509
0.2857142857142857,0.5306122448979591,17.82720507119267,17.898783666507775
0.3061224489795918,0.5306122448979591,20.472385160565,20.511235375566528
0.32653061224489793,0.5306122448979591,22.77575467511673,22.779120592863958
0.3469387755102041,0.5306122448979591,24.594905041983214,24.612001544336763
0.36734693877551017,0.5306122448979591,25.873528697561667,26.002347746588566
0.3877551020408163,0.5306122448979591,26.640128127546777,27.02424504692554
0.4081632653061224,0.5306122448979591,26.99916619395445,27.824545950380106
0.42857142857142855,0.5306122448979591,27.11548060432881,28.607284088918036
0.44897959183673464,0.5306122448979591,27.193411687979573,29.61280199767567
0.4693877551020408,0.5306122448979591,27.452584208337264,31.093532927315337
0.4897959183673469,0.5306122448979591,28.102595053000368,33.2886885340723
0.5102040816326531,0.5306122448979591,29.31896037609846,36.400206022117985
0.5306122448979591,0.5306122448979591,31.222558661925838,40.57219120719366
0.5510204081632653,0.5306122448979591,33.864481123062305,45.87576891473118
0.5714285714285714,0.5306122448979591,37.21769806453637,52.30074934401606
0.5918367346938775,0.5306122448979591,41.176316087358934,59.754885271721385
0.6122448979591836,0.5306122448979591,45.562495197699725,68.07078916108406
0.6326530612244897,0.5306122448979591,50.140382659046026,77.01986701406368
0.6530612244897959,0.5306122448979591,54.63576799792759,86.33197337706736
0.673469387755102,0.5306122448979591,58.7596316127872,95.7189599498203
0.6938775510204082,0.5306122448979591,62.23339740281003,104.8999282141951
0.7142857142857142,0.5306122448979591,64.81354139132436,113.62583805761263
0.7346938775510203,0.5306122448979591,66.31326819892635,121.70118424616658
0.7551020408163265,0.5306122448979591,66.61923985699065,129.00072523813435
0.7755102040816326,0.5306122448979591,65.70180149266496,135.4797088689715
0.7959183673469387,0.5306122448979591,63.61775308659586,141.17664410903717
0.8163265306122448,0.5306122448979591,60.505409581405985,146.20836117207216
0.836734693877551,0.5306122448979591,56.57240865907076,150.75781929257454
0.8571428571428571,0.5306122448979591,52.07739983741536,155.0557958222977
0.8775510204081632,0.5306122448979591,47.30731745961541,159.35815921975035
0.8979591836734693,0.5306122448979591,42.552350766500076,163.9208391224997
0.9183673469387754,0.5306122448979591,38.08093836997775,168.9748208205975
0.9387755102040816,0.5306122448979591,34.11711217705358,174.7034891805971
0.9591836734693877,0.5306122448979591,30.82229735864553,181.2244286143697
0.9795918367346939,0.5306122448979591,28.28326062801525,188.57737135753564
1.0,0.5306122448979591,26.50732741504755,196.71941464374302
0.0,0.5510204081632653,92.32679956679986,57.240057643446015
0.02040816326530612,0.5510204081632653,74.64871988076668,46.64973264958747
0.04081632653061224,0.5510204081632653,58.85125147553557,36.88465871350266
0.061224489795918366,0.5510204081632653,45.0796912913831,28.186815634598457
0.08163265306122448,0.5510204081632653,33.4563748225976,20.772028047698697
0.1020408163265306,0.5510204081632653,24.05819602562324,14.80748533118809
0.12244897959183673,0.5510204081632653,16.898679492242962,10.393813780195186
0.14285714285714285,0.5510204081632653,11.916271842667227,7.5533679996810985
0.16326530612244897,0.5510204081632653,8.969941021472394,6.2258302003779376
0.18367346938775508,0.5510204081632653,7.842492680118875,6.271526581306926
0.2040816326530612,0.5510204081632653,8.251295284080056,7.482152436907311
0.22448979591836732,0.5510204081632653,9.865416708848478,9.597908753042582
0.24489795918367346,0.5510204081632653,12.327578939720183,12.32945690678478
0.26530612244897955,0.5510204081632653,15.278889496107542,15.382650090727353
0.2857142857142857,0.5510204081632653,18.384050017330576,18.48374189877646
0.3061224489795918,0.5510204081632653,21.354698079682507,21.402728143216528
0.32653061224489793,0.5510204081632653,23.968711889380245,23.972651547660757
0.3469387755102041,0.5510204081632653,26.083682873559148,26.103074338045825
0.36734693877551017,0.5510204081632653,27.643303468616427,27.78646603097537
0.3877551020408163,0.5510204081632653,28.676076160246797,29.096912473755555
0.4081632653061224,0.5510204081632653,29.28646381046613,30.18126617141881
0.42857142857142855,0.5510204081632653,29.63930412681856,31.243560755930886
0.44897959183673464,0.5510204081632653,29.938937438613806,32.52413876242817
0.4693877551020408,0.5510204081632653,30.404988509282397,34.27543344157295
0.4897959183673469,0.5510204081632653,31.247054226422804,36.73665644960049
0.5102040816326531,0.5510204081632653,32.64065074416462,40.10974499068224
0.5306122448979591,0.5510204081632653,34.70665654680213,44.53880488055945
0.5510204081632653,0.5510204081632653,37.49616284691514,50.09496094466397
0.5714285714285714,0.5510204081632653,40.98213994953217,56.768023382281335
0.5918367346938775,0.5510204081632653,45.0586944556641,64.46574497008461
0.6122448979591836,0.5510204081632653,49.547986371480675,73.02073817131071
0.6326530612244897,0.5510204081632653,54.214162960469174,82.20440898791924
0.6530612244897959,0.5510204081632653,58.783013749159345,91.74661196631729
0.673469387755102,0.5510204081632653,62.96551913599397,101.35919880623008
0.6938775510204082,0.5510204081632653,66.48310302015824,110.76127098953022
0.7142857142857142,0.5510204081632653,69.09224142498043,119.70378840363853
0.7346938775510203,0.5510204081632653,70.60613897105665,127.99124581464876
0.7551020408163265,0.5510204081632653,70.91145768976162,135.4984016808383
0.7755102040816326,0.5510204081632653,69.97854270824303,142.18050383766266
0.7959183673469387,0.5510204081632653,67.86419400714742,148.07606125548102
0.8163265306122448,0.5510204081632653,64.70672652909745,153.30190414803417
0.836734693877551,0.5510204081632653,60.71377795606855,158.0409917498202
0.8571428571428571,0.5510204081632653,56.14399780588588,162.52410141259247
0.8775510204081632,0.5510204081632653,51.28432042172508,167.0071015948597
0.8979591836734693,0.5510204081632653,46.4249350444153,171.7459219341891
0.9183673469387754,0.5510204081632653,41.83428028586494,176.9715477206325
0.9387755102040816,0.5510204081632653,37.73638805307915,182.8673638207431
0.9591836734693877,0.5510204081632653,34.2926835169759,189.55095464639217
0.9795918367346939,0.5510204081632653,31.589933390816824,197.06205243320008
1.0,0.5510204081632653,29.63546310448674,205.3577544148149
0.0,0.5714285714285714,86.9580286262353,53.24883772328958
0.02040816326530612,0.5714285714285714,69.8129484028519,43.027996140095716
0.04081632653061224,0.5714285714285714,54.53365578243703,33.62790926644106
0.061224489795918366,0.5714285714285714,41.265447705267206,25.290556901732486
0.08163265306122448,0.5714285714285714,30.13065966563077,18.231763680793833
0.1020408163265306,0.5714285714285714,21.206185619971873,12.618718982009794
0.12244897959183673,0.5714285714285714,14.505550160073485,8.552049100508933
0.14285714285714285,0.5714285714285714,9.96719990614604,6.054108641252373
0.16326530612244897,0.5714285714285714,7.450102802765915,5.06457981497221
0.18367346938775508,0.5714285714285714,6.737064501393517,5.443788820689669
0.2040816326530612,0.5714285714285714,7.545453467502231,6.9834309528439995
0.22448979591836732,0.5714285714285714,9.544337576584597,9.423707197298688
0.24489795918367346,0.5714285714285714,12.37643881393666,12.47527893112578
0.26530612244897955,0.5714285714285714,15.68286469897079,15.843999346918721
0.2857142857142857,0.5714285714285714,19.12831687100701,19.25612203858367
0.3061224489795918,0.5714285714285714,22.424432906338534,22.481642818405053
0.32653061224489793,0.5714285714285714,25.34909101118228,25.353604409996073
0.3469387755102041,0.5714285714285714,27.759882612673604,27.7815690392934
0.36734693877551017,0.5714285714285714,29.600500147209715,29.758006222900683
0.3877551020408163,0.5714285714285714,30.89944610048533,31.357001808124082
0.4081632653061224,0.5714285714285714,31.76118333451632,32.72540829999602
0.42857142857142855,0.5714285714285714,32.350549556846815,34.06725933048226
0.44897959183673464,0.5714285714285714,32.87188509678653,35.62289743471918
0.4693877551020408,0.5714285714285714,33.54481471776603,37.64475586336907
0.4897959183673469,0.5714285714285714,34.578935307383745,40.37204627266719
0.5102040816326531,0.5714285714285714,36.14976301976928,44.006705866785
0.5306122448979591,0.5714285714285714,38.37817633921693,48.69284046146375
0.5510204081632653,0.5714285714285714,41.315266478306484,54.501574882135245
0.5714285714285714,0.5714285714285714,44.934003742066466,61.42271932808514
0.5918367346938775,0.5714285714285714,49.12849473150777,69.36402657598634
0.6122448979591836,0.5714285714285714,53.720899452800126,78.1581090890759
0.6326530612244897,0.5714285714285714,58.475365169430795,87.57637286931332
0.6530612244897959,0.5714285714285714,63.117681407929574,97.34867246310576
0.673469387755102,0.5714285714285714,67.35882856673925,107.1868595701784
0.6938775510204082,0.5714285714285714,70.92023054504494,116.81003567240386
0.7142857142857142,0.5714285714285714,73.55836336617496,125.96916065720289
0.7346938775510203,0.5714285714285714,75.08643165072544,134.46872929066947
0.7551020408163265,0.5714285714285714,75.39109743007111,142.18350003108074
0.7755102040816326,0.5714285714285714,74.44270583135956,149.06872071389225
0.7959183673469387,0.5714285714285714,72.29805683523745,155.1629003094634
0.8163265306122448,0.5714285714285714,69.09546538432744,160.5828690315346
0.836734693877551,0.5714285714285714,65.04256916060484,165.51158611460428
0.8571428571428571,0.5714285714285714,60.39801768189493,170.17982891042578
0.8775510204081632,0.5714285714285714,55.44874529137324,174.84346587750758
0.8979591836734693,0.5714285714285714,50.48494122986902,179.75842665341708
0.9183673469387754,0.5714285714285714,45.77504410929063,185.15569652820588
0.9387755102040816,0.5714285714285714,41.54308583664322,191.21866036842752
0.9591836734693877,0.5714285714285714,37.95049158284476,198.06490258595318
0.9795918367346939,0.5714285714285714,35.0840280611569,205.73415541640304
1.0,0.5714285714285714,32.95102070146443,214.1835160934252
0.0,0.5918367346938775,81.7766795932092,49.44503971067168
0.02040816326530612,0.5918367346938775,65.16459883247566,39.59368153814249
0.04081632653061224,0.5918367346938775,50.40348199687702,30.558581726917986
0.061224489795918366,0.5918367346938775,37.63862602668985,22.58172007640503
0.08163265306122448,0.5918367346938775,26.992366416202458,15.878921221427486
0.1020408163265306,0.5918367346938775,18.541597121859034,10.617374540370022
0.12244897959183673,0.5918367346938775,12.299842735442528,6.89770632836121
0.14285714285714285,0.5918367346938775,8.20554987716338,4.742271190362174
0.16326530612244897,0.5918367346938775,6.117686491597962,4.090751337105007
0.18367346938775508,0.5918367346938775,5.819058230206686,4.8034729676109365
0.2040816326530612,0.5918367346938775,7.02703355846293,6.6721313763192125
0.22448979591836732,0.5918367346938775,9.410680351859243,9.436927549093319
0.24489795918367346,0.5918367346938775,12.612720595691664,12.808522863005305
0.26530612244897955,0.5918367346938775,16.27426180937256,16.492770510648615
0.2857142857142857,0.5918367346938775,20.060005632221962,20.215924085929405
0.3061224489795918,0.5918367346938775,23.68158964053309,23.747979401132106
0.32653061224489793,0.5918367346938775,26.91689204052284,26.92197917986991
0.3469387755102041,0.5918367346938775,29.623504259326584,29.64748564807951
0.36734693877551017,0.5918367346938775,31.745118733341524,31.916968322364525
0.3877551020408163,0.5918367346938775,33.31023794826238,33.80451305003114
0.4081632653061224,0.5918367346938775,34.42332476610504,35.45697233611176
0.42857142857142855,0.5918367346938775,35.24921689441361,37.07837981257216
0.44897959183673464,0.5918367346938775,35.9922546624978,38.90907801454871
0.4693877551020408,0.5918367346938775,36.8720628337882,41.20150019270372
0.4897959183673469,0.5918367346938775,38.098238295883235,44.19485800327242
0.5102040816326531,0.5918367346938775,39.846297202912474,48.09108865042628
0.5306122448979591,0.5918367346938775,42.23711803917025,53.034297949906566
0.5510204081632653,0.5918367346938775,45.32179201723635,59.095610727145086
0.5714285714285714,0.5918367346938775,49.07328944213929,66.2648371814274
0.5918367346938775,0.5918367346938775,53.38571691488997,74.44973008942661
0.6122448979591836,0.5918367346938775,58.081234441658104,83.48290191437954
0.6326530612244897,0.5918367346938775,62.92398928593099,93.13575865824586
0.6530612244897959,0.5918367346938775,67.63977097423839,103.13815486743268
0.673469387755102,0.5918367346938775,71.93955990502306,113.20194224166517
0.6938775510204082,0.5918367346938775,75.54477997747017,123.04622226281595
0.7142857142857142,0.5918367346938775,78.21190721490805,132.42195481830584
0.7346938775510203,0.5918367346938775,79.75414623793282,141.13363467422863
0.7551020408163265,0.5918367346938775,80.05815907791913,149.05602028886173
0.7755102040816326,0.5918367346938775,79.09429086201469,156.14435949766045
0.7959183673469387,0.5918367346938775,76.91934157086607,162.4371612709842
0.8163265306122448,0.5918367346938775,73.6716261470959,168.0512558225737
0.836734693877551,0.5918367346938775,69.55878227267965,173.169602386927
0.8571428571428571,0.5918367346938775,64.83945946544245,178.02297831579762
0.8775510204081632,0.5918367346938775,59.80059206855993,182.867252067694
0.8979591836734693,0.5918367346938775,54.73236932286127,187.95835328018356
0.9183673469387754,0.5918367346938775,49.90322984025485,193.5272672433179
0.9387755102040816,0.5918367346938775,45.537205527745826,199.75737882365055
0.9591836734693877,0.5918367346938775,41.79572155625216,206.7662724330527
0.9795918367346939,0.5918367346938775,38.7655446390355,214.59368030714444
1.0,0.5918367346938775,36.454000205980655,223.196699679574
0.0,0.6122448979591836,76.78275246772169,45.8286636055923
0.02040816326530612,0.6122448979591836,60.703671169637936,36.34678884372779
0.04081632653061224,0.6122448979591836,46.46073011885553,27.676676094933438
0.061224489795918366,0.6122448979591836,34.199226255651,20.06030515861611
0.08163265306122448,0.6122448979591836,24.041495074312675,13.713500669599664
0.1020408163265306,0.6122448979591836,16.06443053128472,8.803452006268776
0.12244897959183673,0.6122448979591836,10.281557218350097,5.430785463752013
0.14285714285714285,0.6122448979591836,6.631321755719243,3.617855647010499
0.16326530612244897,0.6122448979591836,4.972692087968534,3.304344766776329
0.18367346938775508,0.6122448979591836,5.088473866558378,4.35057902207073
0.2040816326530612,0.6122448979591836,6.696035556962155,6.548253707332951
0.22448979591836732,0.6122448979591836,9.464445034672412,9.637569808426477
0.24489795918367346,0.6122448979591836,13.036424284985193,13.329188702423359
0.26530612244897955,0.6122448979591836,17.05308082731286,17.328963581917034
0.2857142857142857,0.6122448979591836,21.179116300975444,21.36314804081367
0.3061224489795918,0.6122448979591836,25.126168282266168,25.201737891397684
0.32653061224489793,0.6122448979591836,28.672114977401925,28.677775857282278
0.3469387755102041,0.6122448979591836,31.67454781351809,31.70082416440414
0.36734693877551017,0.6122448979591836,34.07715922701186,34.263352329366896
0.3877551020408163,0.6122448979591836,35.90845170357797,36.43944619947672
0.4081632653061224,0.6122448979591836,37.272888105232276,38.375958279766024
0.42857142857142855,0.6122448979591836,38.33530613951891,40.27692220220058
0.44897959183673464,0.6122448979591836,39.30004613574759,42.382680501916774
0.4693877551020408,0.6122448979591836,40.38673285734889,44.94566642957688
0.4897959183673469,0.6122448979591836,41.804963191921246,48.20509164141617
0.5102040816326531,0.6122448979591836,43.73025329359419,52.36289334160609
0.5306122448979591,0.6122448979591836,46.283481646662096,57.56317734588791
0.5510204081632653,0.6122448979591836,49.51573946370475,63.87706847969339
0.5714285714285714,0.6122448979591836,53.399997049750645,71.29437694230825
0.5918367346938775,0.6122448979591836,57.830361005810694,79.72285551040535
0.6122448979591836,0.6122448979591836,62.62899133805461,88.99511664722178
0.6326530612244897,0.6122448979591836,67.56003530996966,98.882566354717
0.6530612244897959,0.6122448979591836,72.34928244808566,109.11505917929819
0.673469387755102,0.6122448979591836,76.70771315084538,119.40444682069054
0.6938775510204082,0.6122448979591836,80.35675131743393,129.46983076076657
0.7142857142857142,0.6122448979591836,83.05287297117964,139.06217088694726
0.7346938775510203,0.6122448979591836,84.60928273267864,147.9859619653263
0.7551020408163265,0.6122448979591836,84.91264263330565,156.11596245418116
0.7755102040816326,0.6122448979591836,83.93329780020828,163.4074201889671
0.7959183673469387,0.6122448979591836,81.72804821403315,169.89884414004354
0.8163265306122448,0.6122448979591836,78.43520881740295,175.70706452115118
0.836734693877551,0.6122448979591836,74.26241729229298,181.01504056678823
0.8571428571428571,0.6122448979591836,69.46832315652854,186.05354962870786
0.8775510204081632,0.6122448979591836,64.33986075328514,191.07846016541885
0.8979591836734693,0.6122448979591836,59.16721932339204,196.34570181448848
0.9183673469387754,0.6122448979591836,54.21883747875759,202.08625986596846
0.9387755102040816,0.6122448979591836,49.71874712638695,208.48351918641202
0.9591836734693877,0.6122448979591836,45.82837343719808,215.65506418769064
0.9795918367346939,0.6122448979591836,42.63448312445263,223.64062710542433
1.0,0.6122448979591836,40.1444016180354,232.39730517326146
0.0,0.6326530612244897,71.97624724977267,42.39970940805144
0.02040816326530612,0.6326530612244897,56.43016541433874,33.28731805685162
0.04081632653061224,0.6326530612244897,42.70540014837257,24.982192370487414
0.061224489795918366,0.6326530612244897,30.947248392150684,17.726312148365714
0.08163265306122448,0.6326530612244897,21.278045639961416,11.73550202531037
0.1020408163265306,0.6326530612244897,13.774685848248932,7.176951379706055
0.12244897959183673,0.6326530612244897,8.45069360879619,4.151286506681341
0.14285714285714285,0.6326530612244897,5.244515541813634,2.68086201119735
0.16326530612244897,0.6326530612244897,4.015119591877631,2.7053601039861768
0.18367346938775508,0.6326530612244897,4.545311410448595,4.085106984069049
0.2040816326530612,0.6326530612244897,6.552459462999905,6.611797945885215
0.22448979591836732,0.6326530612244897,9.705631625024107,10.02563397529816
0.24489795918367346,0.6326530612244897,13.647549881817248,14.037276449379931
0.26530612244897955,0.6326530612244897,18.019321752791683,18.352578560723977
0.2857142857142857,0.6326530612244897,22.485648877267444,22.697793903236445
0.3061224489795918,0.6326530612244897,26.75816883153777,26.842918289201783
0.32653061224489793,0.6326530612244897,30.614759821819533,30.62099444223317
0.3469387755102041,0.6326530612244897,33.91301327524812,33.94158458826729
0.36734693877551017,0.6326530612244897,36.596621628220724,36.79715824390779
0.3877551020408163,0.6326530612244897,38.69408736643208,39.26180125646083
0.4081632653061224,0.6326530612244897,40.30987335189805,41.48236613095882
0.42857142857142855,0.6326530612244897,41.608817292162755,43.66288649936753
0.44897959183673464,0.6326530612244897,42.79525951653591,46.04370489682336
0.4693877551020408,0.6326530612244897,44.0888247884481,48.87725457398858
0.4897959183673469,0.6326530612244897,45.69910999549776,52.40274718709845
0.5102040816326531,0.6326530612244897,47.80163129181443,56.82211994032442
0.5306122448979591,0.6326530612244897,50.51726716169247,62.27947864940777
0.5510204081632653,0.6326530612244897,53.89710881771167,68.8459481397803
0.5714285714285714,0.6326530612244897,57.91412656490052,76.51133861072756
0.5918367346938775,0.6326530612244897,62.46242700426994,85.18340283892269
0.6122448979591836,0.6326530612244897,67.36417014198963,94.69475328760247
0.6326530612244897,0.6326530612244897,72.38350324154692,104.8167959587266
0.6530612244897959,0.6326530612244897,77.24621582947152,115.27938539870215
0.673469387755102,0.6326530612244897,81.66328830420625,125.79437330725435
0.6938775510204082,0.6326530612244897,85.35614456493622,136.08086116625577
0.7142857142857142,0.6326530612244897,88.0812606349898,145.88980886312726
0.7346938775510203,0.6326530612244897,89.65184113496306,155.0257111639626
0.7551020408163265,0.6326530612244897,89.95454809623071,163.3633265270391
0.7755102040816326,0.6326530612244897,88.95972664594045,170.85790278781235
0.7959183673469387,0.6326530612244897,86.72417676473881,177.54794891664147
0.8163265306122448,0.6326530612244897,83.38621339524846,183.5502951272673
0.836734693877551,0.6326530612244897,79.15347421944485,189.0479006541879
0.8571428571428571,0.6326530612244897,74.28460875515312,194.27154284915665
0.8775510204081632,0.6326530612244897,69.06655134554889,199.47709017068223
0.8979591836734693,0.6326530612244897,63.78949123146134,204.92047225633192
0.9183673469387754,0.6326530612244897,58.72186702479886,210.83267439615742
0.9387755102040816,0.6326530612244897,54.0877106325666,217.3970814567121
0.9591836734693877,0.6326530612244897,50.04844722568252,224.73127784986713
0.9795918367346939,0.6326530612244897,46.690843517408275,232.87499581124288
1.0,0.6326530612244897,44.02222493762868,241.78533257448743
0.0,0.6530612244897959,67.35716393936218,39.15817711804912
0.02040816326530612,0.6530612244897959,52.34408156657807,30.415269177513963
0.04081632653061224,0.6530612244897959,39.137492085428136,22.475130553579916
0.061224489795918366,0.6530612244897959,27.882692436188893,15.579741045653842
0.08163265306122448,0.6530612244897959,18.70201811314868,9.944925288559597
0.1020408163265306,0.6530612244897959,11.672363072751676,5.737872660681859
0.12244897959183673,0.6530612244897959,6.8072519067808095,3.059209457149194
0.14285714285714285,0.6530612244897959,4.045131235446549,1.9312902829227259
0.16326530612244897,0.6530612244897959,3.244969003325253,2.2937973487345493
0.18367346938775508,0.6530612244897959,4.189570861877337,4.007056853605893
0.2040816326530612,0.6530612244897959,6.59630527657618,6.862764091976004
0.22448979591836732,0.6530612244897959,10.134240122914326,10.601120049708367
0.24489795918367346,0.6530612244897959,14.446097386187827,14.932786103875038
0.26530612244897955,0.6530612244897959,19.172984585809033,19.56361544706945
0.2857142857142857,0.6530612244897959,23.979603361097986,24.219861673197766
0.3061224489795918,0.6530612244897959,28.577591288347897,28.67152059454441
0.32653061224489793,0.6530612244897959,32.74482657377567,32.75163493472259
0.3469387755102041,0.6530612244897959,36.33890064451667,36.36976691966897
0.36734693877551017,0.6530612244897959,39.30350593696811,39.5183860659872
0.3877551020408163,0.6530612244897959,41.66714493682471,42.27157822098345
0.4081632653061224,0.6530612244897959,43.534280506102334,44.776195889690136
0.42857142857142855,0.6530612244897959,45.0697503523451,47.23627270407301
0.44897959183673464,0.6530612244897959,46.47789480486275,49.89215119926847
0.4693877551020408,0.6530612244897959,47.97833862708584,52.9962646259388
0.4897959183673469,0.6530612244897959,49.780678706612804,56.78782464031925
0.5102040816326531,0.6530612244897959,52.0604311975732,61.46876844658128
0.5306122448979591,0.6530612244897959,54.93847458426137,67.18320186046617
0.5510204081632653,0.6530612244897959,58.46590007925708,74.00224970740567
0.5714285714285714,0.6530612244897959,62.615677987588924,81.91572218668549
0.5918367346938775,0.6530612244897959,67.28191491026772,90.83137207497847
0.6122448979591836,0.6530612244897959,72.2867708534632,100.58181183552175
0.6326530612244897,0.6530612244897959,77.39439308066264,110.93844747027478
0.6530612244897959,0.6530612244897959,82.33057111839585,121.63113352564471
0.673469387755102,0.6530612244897959,86.80628536510562,132.37172170135676
0.6938775510204082,0.6530612244897959,90.54295971997703,142.87931347928352
0.7142857142857142,0.6530612244897959,93.29707020633842,152.9048687468458
0.7346938775510203,0.6530612244897959,94.88182144478594,162.2528822701374
0.7551020408163265,0.6530612244897959,95.18387546669429,170.79811250743566
0.7755102040816326,0.6530612244897959,94.17357739921108,178.49580729419614
0.7959183673469387,0.6530612244897959,91.90772722298294,185.38447560077796
0.8163265306122448,0.6530612244897959,88.52463988063256,191.58094764092186
0.836734693877551,0.6530612244897959,84.23195305413523,197.2681826491261
0.8571428571428571,0.6530612244897959,79.28831626131625,202.67695797714404
0.8775510204081632,0.6530612244897959,73.98066384535116,208.06314208348422
0.8979591836734693,0.6530612244897959,68.59918504706917,213.68266460571397
0.9183673469387754,0.6530612244897959,63.41231847837866,219.76651083388492
0.9387755102040816,0.6530612244897959,58.64409604628478,226.4980656345506
0.9591836734693877,0.6530612244897959,54.4559429217055,233.99491341958222
0.9795918367346939,0.6530612244897959,50.93462581790246,242.29678642459993
1.0,0.6530612244897959,48.087470164760475,251.36078188325183
0.0,0.673469387755102,62.925502536490185,36.1040667355853
0.02040816326530612,0.673469387755102,48.4454196263559,27.730642205714823
0.04081632653061224,0.673469387755102,35.7570059300222,20.155490644210932
0.061224489795918366,0.673469387755102,25.00555838776561,13.620591850480485
0.08163265306122448,0.673469387755102,16.31341249387446,8.341770459347341
0.1020408163265306,0.673469387755102,9.757462204792926,4.486215849196181
0.12244897959183673,0.673469387755102,5.351232112303946,2.1545543151555666
0.14285714285714285,0.673469387755102,3.0331688366179836,1.369140462186623
0.16326530612244897,0.673469387755102,2.6622403223113977,2.0696565010214467
0.18367346938775508,0.673469387755102,4.021252220844604,4.116428630681263
0.2040816326530612,0.673469387755102,6.827572997690982,7.301152145605322
0.22448979591836732,0.673469387755102,10.750270528343076,11.364028031657107
0.24489795918367346,0.673469387755102,15.432066798096937,16.015717665908674
0.26530612244897955,0.673469387755102,20.514069326364915,20.96207424095345
0.2857142857142857,0.673469387755102,25.660979752467053,25.929351350697612
0.3061224489795918,0.673469387755102,30.584435652696563,30.687544807425574
0.32653061224489793,0.673469387755102,35.06231523327034,35.06969733475054
0.3469387755102041,0.673469387755102,38.952209921323764,38.98537115860919
0.36734693877551017,0.673469387755102,42.19781215325404,42.427035795605164
0.3877551020408163,0.673469387755102,44.82762441475589,45.46877709304463
0.4081632653061224,0.673469387755102,46.94610956784517,48.25744755596
0.42857142857142855,0.673469387755102,48.718105320066016,50.99708081631703
0.44897959183673464,0.673469387755102,50.34795200072814,53.92801940925213
0.4693877551020408,0.673469387755102,52.05527437326213,57.30269658542757
0.4897959183673469,0.673469387755102,54.0496693252664,61.3603240010786
0.5102040816326531,0.673469387755102,56.50665301087052,66.30283886037668
0.5306122448979591,0.673469387755102,59.547103914368826,72.2743469790631
0.5510204081632653,0.673469387755102,63.22211324834109,79.34597318256961
0.5714285714285714,0.673469387755102,67.50465131781587,87.5075276701819
0.5918367346938775,0.673469387755102,72.288824723804,96.66676321857285
0.6122448979591836,0.673469387755102,77.3967934724753,106.65629229097956
0.6326530612244897,0.673469387755102,82.59270482731694,117.2475208893615
0.6530612244897959,0.673469387755102,87.60234831485876,128.1703035601258
0.673469387755102,0.673469387755102,92.13670433354355,139.1364920029977
0.6938775510204082,0.673469387755102,95.9171967825564,149.86518769984977
0.7142857142857142,0.673469387755102,98.70030168522564,160.10735053810288
0.7346938775510203,0.673469387755102,100.29922366214741,169.66747528385073
0.7551020408163265,0.673469387755102,100.60062474469643,178.42032039537074
0.7755102040816326,0.673469387755102,99.5748500600203,186.32113370811845
0.7959183673469387,0.673469387755102,97.27869958876566,193.40842419245297
0.8163265306122448,0.673469387755102,93.85048827355519,199.79902206211514
0.836734693877551,0.673469387755102,89.49785379636418,205.6758865516029
0.8571428571428571,0.673469387755102,84.47944567501794,211.26979501267
0.8775510204081632,0.673469387755102,79.08219825269198,216.83661590382476
0.8979591836734693,0.673469387755102,73.59630077021555,222.63227886263456
0.9183673469387754,0.673469387755102,68.29019183949701,228.88776917915104
0.9387755102040816,0.673469387755102,63.387903367541504,235.78647171992776
0.9591836734693877,0.673469387755102,59.05086052526701,243.44597089683586
0.9795918367346939,0.673469387755102,55.36583002593518,251.90599894549553
1.0,0.673469387755102,52.34013729943082,261.1236530995549
0.0,0.6938775510204082,58.68126304115675,33.23737826066002
0.02040816326530612,0.6938775510204082,44.73417959367228,25.233437141454225
0.04081632653061224,0.6938775510204082,32.56394168215482,18.023272642380483
0.061224489795918366,0.6938775510204082,22.31584624688087,11.848864562845666
0.08163265306122448,0.6938775510204082,14.112228782138775,6.926037537673622
0.1020408163265306,0.6938775510204082,8.029983244372714,3.4219809452490377
0.12244897959183673,0.6938775510204082,4.0826342253656165,1.437321080700471
0.14285714285714285,0.6938775510204082,2.2086283453279494,0.9944125489890503
0.16326530612244897,0.6938775510204082,2.2669335488360716,2.0329375608468716
0.18367346938775508,0.6938775510204082,4.040355487350398,4.413222315295158
0.2040816326530612,0.6938775510204082,7.246262626344309,7.926962106773162
0.22448979591836732,0.6938775510204082,11.553722841310348,12.314357921144364
0.24489795918367346,0.6938775510204082,16.60545811754457,17.286071135480817
0.26530612244897955,0.6938775510204082,22.042575974459314,22.547954942375974
0.2857142857142857,0.6938775510204082,27.529778051374624,27.82626293573596
0.3061224489795918,0.6938775510204082,32.77870192458374,32.89099092784525
0.32653061224489793,0.6938775510204082,37.567225800303525,37.575181642317006
0.3469387755102041,0.6938775510204082,41.75294110566937,41.78839730508792
0.36734693877551017,0.6938775510204082,45.279540277078475,45.523107432761634
0.3877551020408163,0.6938775510204082,48.17552580022557,48.85339787264431
0.4081632653061224,0.6938775510204082,50.54536053712651,51.92612112976836
0.42857142857142855,0.6938775510204082,52.55388219532543,54.94531083609956
0.44897959183673464,0.6938775510204082,54.405431104132035,58.15130952677429
0.4693877551020408,0.6938775510204082,56.31963202697692,61.79655045245484
0.4897959183673469,0.6938775510204082,58.506081851458504,66.12024526937645
0.5102040816326531,0.6938775510204082,61.140296731706336,71.32433118171059
0.5306122448979591,0.6938775510204082,64.34315515201477,77.55291400519855
0.5510204081632653,0.6938775510204082,68.16574832496362,84.87711856527208
0.5714285714285714,0.6938775510204082,72.58104655558137,93.28675506121681
0.5918367346938775,0.6938775510204082,77.48315644487886,102.68957626970577
0.6122448979591836,0.6938775510204082,82.6942379990259,112.91819465397583
0.6326530612244897,0.6938775510204082,87.97843848150977,123.74401621598666
0.6530612244897959,0.6938775510204082,93.0615474188602,134.89689550214536
0.673469387755102,0.6938775510204082,97.65454520951998,146.08868421217716
0.6938775510204082,0.6938775510204082,101.47885575267426,157.0384838279545
0.7142857142857142,0.6938775510204082,104.29095507165137,167.49725423689839
0.7346938775510203,0.6938775510204082,105.9040477870474,177.26949020510253
0.7551020408163265,0.6938775510204082,106.20479593023707,186.22995019084436
0.7755102040816326,0.6938775510204082,105.16354462836804,194.3338820295791
0.7959183673469387,0.6938775510204082,102.8370938620869,201.6197946916664
0.8163265306122448,0.6938775510204082,99.36375857401627,208.20451839084663
0.836734693877551,0.6938775510204082,94.95117644613163,214.27101236161826
0.8571428571428571,0.6938775510204082,89.85799699625808,220.05005395573446
0.8775510204081632,0.6938775510204082,84.3711545675713,225.7975116317038
0.8979591836734693,0.6938775510204082,78.78083840090042,231.76931502709368
0.9183673469387754,0.6938775510204082,73.35548710815385,238.1964494319557
0.9387755102040816,0.6938775510204082,68.31913259633673,245.26229971284343
0.9591836734693877,0.6938775510204082,63.833200036367046,253.084450281628
0.9795918367346939,0.6938775510204082,59.98445614150641,261.70263337392953
1.0,0.6938775510204082,56.78022634163967,271.0739462233963
0.0,0.7142857142857142,54.62444545336184,30.55811169327327
0.02040816326530612,0.7142857142857142,41.21036146852718,22.923653984732148
0.04081632653061224,0.7142857142857142,29.55829934182597,16.078476548088563
0.061224489795918366,0.7142857142857142,19.813556013534654,10.264559182749373
0.08163265306122448,0.7142857142857142,12.098466977941618,5.697726523538428
0.1020408163265306,0.7142857142857142,6.489926191491027,2.545167948840419
0.12244897959183673,0.7142857142857142,3.0014582459658126,0.9075097537839021
0.14285714285714285,0.7142857142857142,1.5715097615764417,0.8071065433300042
0.16326530612244897,0.7142857142857142,2.0590486828992702,2.1836405282108204
0.18367346938775508,0.7142857142857142,4.246880661394718,4.897437907447579
0.2040816326530612,0.7142857142857142,7.85237416253616,8.740193975479528
0.22448979591836732,0.7142857142857142,12.544597061816145,13.45210971817015
0.24489795918367346,0.7142857142857142,17.966271344530725,18.743846512591507
0.26530612244897955,0.7142857142857142,23.75850453009224,24.321257551337016
0.2857142857142857,0.7142857142857142,29.585998257820744,29.91059642831286
0.3061224489795918,0.7142857142857142,35.160390104009444,35.28185895580346
0.32653061224489793,0.7142857142857142,40.25955827487524,40.268087857422
0.3469387755102041,0.7142857142857142,44.7410941975535,44.778845359105176
0.36734693877551017,0.7142857142857142,48.548690308441444,48.806600977456625
0.3877551020408163,0.7142857142857142,51.71084909323378,52.425440559782515
0.4081632653061224,0.7142857142857142,54.33203341394638,55.78221661111526
0.42857142857142855,0.7142857142857142,56.57708097812336,59.08096276342061
0.44897959183673464,0.7142857142857142,58.650332115074455,62.562021551834974
0.4693877551020408,0.7142857142857142,60.77141158823024,66.47782622702064
0.4897959183673469,0.7142857142857142,63.14991628518913,71.06758844521283
0.5102040816326531,0.7142857142857142,65.96136236008067,76.53324541058305
0.5306122448979591,0.7142857142857142,69.32662829719925,83.01890293887251
0.5510204081632653,0.7142857142857142,73.29680530912461,90.59568585551303
0.5714285714285714,0.7142857142857142,77.8448637008853,99.2534043597903
0.5918367346938775,0.7142857142857142,82.86491007349217,108.89981122837715
0.6122448979591836,0.7142857142857142,88.17910443311507,119.3675189245107
0.6326530612244897,0.7142857142857142,93.55159404324107,130.42793345015042
0.6530612244897959,0.7142857142857142,98.70816843040011,141.8109093517035
0.673469387755102,0.7142857142857142,103.35980799303493,153.22829832889508
0.6938775510204082,0.7142857142857142,107.22793663033065,164.39920186359774
0.7142857142857142,0.7142857142857142,110.06903036561557,175.0745798432324
0.7346938775510203,0.7142857142857142,111.69629381948586,185.05892703389281
0.7551020408163265,0.7142857142857142,111.99638902331623,194.22700189385642
0.7755102040816326,0.7142857142857142,110.93966110425426,202.53405225857847
0.7959183673469387,0.7142857142857142,108.58291004294661,210.01858709841835
0.8163265306122448,0.7142857142857142,105.06445078201595,216.79743662711687
0.836734693877551,0.7142857142857142,100.59192100343759,223.05356007917212
0.8571428571428571,0.7142857142857142,95.42397022503681,229.01773480633733
0.8775510204081632,0.7142857142857142,89.84753278998915,234.94582926712127
0.8979591836734693,0.7142857142857142,84.15279793912383,241.0937730990912
0.9183673469387754,0.7142857142857142,78.60820428434923,247.69255159229888
0.9387755102040816,0.7142857142857142,73.43778373267048,254.9255496132975
0.9591836734693877,0.7142857142857142,68.80296145500559,262.91035157395856
0.9795918367346939,0.7142857142857142,64.79050416461617,271.68668970990205
1.0,0.7142857142857142,61.40773729138704,281.2116612547764
0.0,0.7346938775510203,50.75504977310545,28.066267033425042
0.02040816326530612,0.7346938775510203,37.87396525092062,20.8012927355486
0.04081632653061224,0.7346938775510203,26.740078909035617,14.321102361335168
0.061224489795918366,0.7346938775510203,17.498687687726964,8.867675710191605
0.08163265306122448,0.7346938775510203,10.272127081282987,4.656837416941759
0.1020408163265306,0.7346938775510203,5.1372910461478645,1.8557768599703248
0.12244897959183673,0.7346938775510203,2.1077041741045335,0.5651203344058562
0.14285714285714285,0.7346938775510203,1.121813085363458,0.8072224452094812
0.16326530612244897,0.7346938775510203,2.0385857245009946,2.521765403113296
0.18367346938775508,0.7346938775510203,4.640827742977562,5.5690754071385244
0.2040816326530612,0.7346938775510203,8.645907606266537,9.740847751724418
0.22448979591836732,0.7346938775510203,13.722893189860464,14.77728342273446
0.24489795918367346,0.7346938775510203,19.514506479055406,20.3890437972407
0.26530612244897955,0.7346938775510203,25.661854993263688,26.281982067836587
0.2857142857142857,0.7346938775510203,31.829640371805365,32.18235182842826
0.3061224489795918,0.7346938775510203,37.729500190973674,37.860148891300184
0.32653061224489793,0.7346938775510203,43.139312656985474,43.148415980065515
0.3469387755102041,0.7346938775510203,47.91666919697616,47.95671532066096
0.36734693877551017,0.7346938775510203,52.00526224734293,52.277516429690145
0.3877551020408163,0.7346938775510203,55.43359429378052,56.18490515445925
0.4081632653061224,0.7346938775510203,58.306128198304776,59.82573400000068
0.42857142857142855,0.7346938775510203,60.787701668459825,63.404036598280186
0.44897959183673464,0.7346938775510203,63.0826550335554,67.16015548443418
0.4693877551020408,0.7346938775510203,65.41061305702208,71.34652390912495
0.4897959183673469,0.7346938775510203,67.98117262645827,76.20235352858774
0.5102040816326531,0.7346938775510203,70.96984989599355,81.929581546994
0.5306122448979591,0.7346938775510203,74.49752334992226,88.672313780085
0.5510204081632653,0.7346938775510203,78.61528420082418,96.50167505329256
0.5714285714285714,0.7346938775510203,83.29610275372784,105.40747556590222
0.5918367346938775,0.7346938775510203,88.43408560964409,115.2974680945871
0.6122448979591836,0.7346938775510203,93.85139277474269,126.00426510258401
0.6326530612244897,0.7346938775510203,99.31217151251096,137.29927259185266
0.6530612244897959,0.7346938775510203,104.5422113494786,148.91234510880008
0.673469387755102,0.7346938775510203,109.25249268408842,160.55533435315152
0.6938775510204082,0.7346938775510203,113.16443941552555,171.94734180677958
0.7142857142857142,0.7346938775510203,116.03452756711836,182.83932735710505
0.7346938775510203,0.7346938775510203,117.67596175946291,193.03578577022174
0.7551020408163265,0.7346938775510203,117.97540402393392,202.41147550440698
0.7755102040816326,0.7346938775510203,116.90319948767906,210.92164439511635
0.7959183673469387,0.7346938775510203,114.5161481313449,218.60480141270895
0.8163265306122448,0.7346938775510203,110.9525648975541,225.57777677092562
0.836734693877551,0.7346938775510203,106.42008746828208,232.0235297042644
0.8571428571428571,0.7346938775510203,101.17736536135399,238.17283756447873
0.8775510204081632,0.7346938775510203,95.5113329199455,244.28156881007726
0.8979591836734693,0.7346938775510203,89.71217938488576,250.60565307862726
0.9183673469387754,0.7346938775510203,84.04834336808312,257.3760756601805
0.9387755102040816,0.7346938775510203,78.74385677654277,264.77622142129024
0.9591836734693877,0.7346938775510203,73.96014478118266,272.9236747738277
0.9795918367346939,0.7346938775510203,69.78397409526444,281.8581679534132
1.0,0.7346938775510203,66.22267014867293,291.536798193695
0.0,0.7551020408163265,47.07307600038758,25.76184428111534
0.02040816326530612,0.7551020408163265,34.724990940852564,18.866353393903577
0.04081632653061224,0.7551020408163265,24.109280383783823,12.751150082120297
0.061224489795918366,0.7551020408163265,15.371241269457801,7.65821414517236
0.08163265306122448,0.7551020408163265,8.633209092162879,3.8033702178836144
0.1020408163265306,0.7551020408163265,3.9720778083432275,1.3538076786387574
0.12244897959183673,0.7551020408163265,1.401372009781781,0.4101528225663369
0.14285714285714285,0.7551020408163265,0.8595383166890009,0.9947602546274847
0.16326530612244897,0.7551020408163265,2.205544673641244,3.0473121855542953
0.18367346938775508,0.7551020408163265,5.222196732098931,6.428134814367995
0.2040816326530612,0.7551020408163265,9.62686295753544,10.928923435507835
0.22448979591836732,0.7551020408163265,15.088611225443312,16.289879034837295
0.24489795918367346,0.7551020408163265,21.250163521118612,22.221662989428438
0.26530612244897955,0.7551020408163265,27.752627363973666,28.430128491874687
0.2857142857142857,0.7551020408163265,34.26070439332854,34.64152913608221
0.3061224489795918,0.7551020408163265,40.48603218547643,40.62586073433543
0.32653061224489793,0.7551020408163265,46.20648894663424,46.21616601024756
0.3469387755102041,0.7551020408163265,51.279666103937345,51.32200718975527
0.36734693877551017,0.7551020408163265,55.649256093782945,55.935853789462186
0.3877551020408163,0.7551020408163265,59.343761401865784,60.13179165667451
0.4081632653061224,0.7551020408163265,62.4676448902017,64.05667329642462
0.42857142857142855,0.7551020408163265,65.18574426633481,67.91453234067829
0.44897959183673464,0.7551020408163265,67.70239985957487,71.94571132457193
0.4693877551020408,0.7551020408163265,70.23723643335245,76.4026434987678
0.4897959183673469,0.7551020408163265,72.99985087526595,81.52454051950117
0.5102040816326531,0.7551020408163265,76.16575933944495,87.51333959094349
0.5306122448979591,0.7551020408163265,79.85584031018378,94.51314652883602
0.5510204081632653,0.7551020408163265,84.12118500006221,102.59508615861054
0.5714285714285714,0.7551020408163265,88.93476371410884,111.74896867955277
0.5918367346938775,0.7551020408163265,94.19068305333445,121.88254686833552
0.6122448979591836,0.7551020408163265,99.71110302390892,132.82843318819593
0.6326530612244897,0.7551020408163265,105.2601708893193,144.35803364109347
0.6530612244897959,0.7551020408163265,110.56367617609556,156.20120277343528
0.673469387755102,0.7551020408163265,115.33259928268039,168.06979228494657
0.6938775510204082,0.7551020408163265,119.28836410825899,179.68290365749996
0.7142857142857142,0.7551020408163265,122.18744667615961,190.79149677851623
0.7346938775510203,0.7551020408163265,123.84305160697842,201.20006641408918
0.7551020408163265,0.7551020408163265,124.14184093209012,210.78337102249617
0.7755102040816326,0.7551020408163265,123.05415977864232,219.49665843919277
0.7959183673469387,0.7551020408163265,120.63680812728167,227.37843763453805
0.8163265306122448,0.7551020408163265,117.02810092063082,234.5455388222729
0.836734693877551,0.7551020408163265,112.4356758406651,241.18092123689522
0.8571428571428571,0.7551020408163265,107.11818240520978,247.51536223015876
0.8775510204081632,0.7551020408163265,101.3625549574404,253.8047302605719
0.8979591836734693,0.7551020408163265,95.45898273818621,260.304954965702
0.9183673469387754,0.7551020408163265,89.67590435935554,267.24702163560056
0.9387755102040816,0.7551020408163265,84.23735172795357,274.81431513682134
0.9591836734693877,0.7551020408163265,79.30475001489826,283.12441988123544
0.9795918367346939,0.7551020408163265,74.96486593345125,292.21706810446295
1.0,0.7551020408163265,71.22502491349738,302.049357040152
0.0,0.7755102040816326,43.57852413520823,23.64484343634415
0.02040816326530612,0.7755102040816326,31.76343853832303,17.118835959797067
0.04081632653061224,0.7755102040816326,21.66590376607052,11.368619710443944
0.061224489795918366,0.7755102040816326,13.431216758727151,6.636174487691637
0.08163265306122448,0.7755102040816326,7.18171301058129,3.1373249263639913
0.1020408163265306,0.7755102040816326,2.994286478077111,1.0392604048457112
0.12244897959183673,0.7755102040816326,0.8824617529975498,0.44260721826534244
0.14285714285714285,0.7755102040816326,0.7846854555530669,1.369719971584015
0.16326530612244897,0.7755102040816326,2.5599255303200215,3.760280875533825
0.18367346938775508,0.7755102040816326,5.99098762875883,7.474616129135999
0.2040816326530612,0.7755102040816326,10.795240216342874,12.304421026829786
0.22448979591836732,0.7755102040816326,16.641751168564696,17.989896554478666
0.24489795918367346,0.7755102040816326,23.173242470720353,24.241704089154705
0.26530612244897955,0.7755102040816326,30.03082164222218,30.76569682345132
0.2857142857142857,0.7755102040816326,36.879190322390244,37.28812835127469
0.3061224489795918,0.7755102040816326,43.429986087517726,43.57899448490923
0.32653061224489793,0.7755102040816326,49.461087143821544,49.47133794796815
0.3469387755102041,0.7755102040816326,54.83008491843707,54.87472096638812
0.36734693877551017,0.7755102040816326,59.480671847761506,59.781613056772784
0.3877551020408163,0.7755102040816326,63.441350417489595,64.26610006642832
0.4081632653061224,0.7755102040816326,66.81658348963717,68.47503450038711
0.42857142857142855,0.7755102040816326,69.77120877174835,72.61244999061495
0.44897959183673464,0.7755102040816326,72.50956659313289,76.91868907224823
0.4693877551020408,0.7755102040816326,75.25128171722136,81.6461849959492
0.4897959183673469,0.7755102040816326,78.20595103161219,87.03414941795316
0.5102040816326531,0.7755102040816326,81.54909069043491,93.28451954243154
0.5306122448979591,0.7755102040816326,85.40157917798386,100.5414011851256
0.5510204081632653,0.7755102040816326,89.81450770683885,108.87591917146713
0.5714285714285714,0.7755102040816326,94.76084658202842,118.27788370074182
0.5918367346938775,0.7755102040816326,100.1347024045634,128.65504754962254
0.6122448979591836,0.7755102040816326,105.75823518061365,139.84002318134637
0.6326530612244897,0.7755102040816326,111.39559217366623,151.60421659787283
0.6530612244897959,0.7755102040816326,116.7725629102511,163.677482345609
0.673469387755102,0.7755102040816326,121.60012778881095,175.77167212428014
0.6938775510204082,0.7755102040816326,125.59971070853099,187.60588741575884
0.7142857142857142,0.7755102040816326,128.52778769273945,198.93108810746594
0.7346938775510203,0.7755102040816326,130.19756336203253,209.55176896549517
0.7551020408163265,0.7755102040816326,130.4956997477849,219.34268844812388
0.7755102040816326,0.7755102040816326,129.39254197714416,228.2590943908077
0.7959183673469387,0.7755102040816326,126.94489003075701,236.3394957639057
0.8163265306122448,0.7755102040816326,123.29105885124608,243.7007227811587
0.836734693877551,0.7755102040816326,118.63868612058667,250.5257346770647
0.8571428571428571,0.7755102040816326,113.24642135660409,257.04530880337734
0.8775510204081632,0.7755102040816326,107.40119890247385,263.51531361860503
0.8979591836734693,0.7755102040816326,101.39320799902521,270.1916787603152
0.9183673469387754,0.7755102040816326,95.49088725816652,277.3053895185593
0.9387755102040816,0.7755102040816326,89.91826858690293,285.0398307598911
0.9591836734693877,0.7755102040816326,84.83677715615241,293.5125868961817
0.9795918367346939,0.7755102040816326,80.33317967917661,302.76339016305116
1.0,0.7755102040816326,76.41480158586035,312.74933779414766
0.0,0.7959183673469387,40.27139417756743,21.715264499111512
0.02040816326530612,0.7959183673469387,28.989308043332052,15.558740433229104
0.04081632653061224,0.7959183673469387,19.409949055895776,10.173511246306132
0.061224489795918366,0.7959183673469387,11.678614155535048,5.801556737749449
0.08163265306122448,0.7959183673469387,5.917638836538241,2.658701542382901
0.1020408163265306,0.7959183673469387,2.203917055349531,0.9121350385911953
0.12244897959183673,0.7959183673469387,0.5509734037518488,0.6624835215028728
0.14285714285714285,0.7959183673469387,0.8972545019556595,1.9321015960790664
0.16326530612244897,0.7959183673469387,3.1017282945373186,4.66067147305187
0.18367346938775508,0.7959183673469387,6.947200432957246,8.708519351442513
0.2040816326530612,0.7959183673469387,12.151039382688818,13.867340525690242
0.22448979591836732,0.7959183673469387,18.382313019224583,19.87733598165854
0.24489795918367346,0.7959183673469387,25.2837433278606,26.449167096419473
0.26530612244897955,0.7959183673469387,32.49643782800919,33.28868706256645
0.2857142857142857,0.7959183673469387,39.685098158990435,40.12214947400567
0.3061224489795918,0.7959183673469387,46.56136189709751,46.719550143021515
0.32653061224489793,0.7959183673469387,52.903107248547336,52.91393179322722
0.3469387755102041,0.7959183673469387,58.56792564047528,58.61485665055946
0.36734693877551017,0.7959183673469387,63.499509509278546,63.81479423162185
0.3877551020408163,0.7959183673469387,67.72636134065188,68.5878303837206
0.4081632653061224,0.7959183673469387,71.3529439966111,73.08081761188808
0.42857142857142855,0.7959183673469387,74.54409518470037,77.49778954809008
0.44897959183673464,0.7959183673469387,77.50415523422939,82.07908872746299
0.4693877551020408,0.7959183673469387,80.45274890862875,87.07714840066906
0.4897959183673469,0.7959183673469387,83.59947309549688,92.73118022394361
0.5102040816326531,0.7959183673469387,87.11984394896332,99.24312140145804
0.5306122448979591,0.7959183673469387,91.13473995332241,106.75707774895363
0.5510204081632653,0.7959183673469387,95.69525232115393,115.34417409186216
0.5714285714285714,0.7959183673469387,100.77435135748647,124.99422062946934
0.5918367346938775,0.7959183673469387,106.26614366333082,135.614970138448
0.6122448979591836,0.7959183673469387,111.99278924485685,147.03903508203527
0.6326530612244897,0.7959183673469387,117.71843536555163,159.0378214621906
0.6530612244897959,0.7959183673469387,123.16887155194509,171.34118382532117
0.673469387755102,0.7959183673469387,128.05507820248005,183.66097387115215
0.6938775510204082,0.7959183673469387,132.09847921634145,195.7162930815561
0.7142857142857142,0.7959183673469387,135.05555061685774,207.25810134395397
0.7346938775510203,0.7959183673469387,136.73949702462505,218.09089342443946
0.7551020408163265,0.7959183673469387,137.03698047101813,228.08942778129003
0.7755102040816326,0.7959183673469387,135.91834608318447,237.20895224996096
0.7959183673469387,0.7959183673469387,133.4403938417708,245.48797580081163
0.8163265306122448,0.7959183673469387,129.74143868939979,253.04332864758283
0.836734693877551,0.7959183673469387,125.0291183080467,260.05797002477266
0.8571428571428571,0.7959183673469387,119.56208221553685,266.7626772841343
0.8775510204081632,0.7959183673469387,113.62726475504576,273.41331888417665
0.8979591836734693,0.7959183673469387,107.51485516740264,280.2658244624668
0.9183673469387754,0.7959183673469387,101.49329206451596,287.55117930905664
0.9387755102040816,0.7959183673469387,95.78660735339075,295.4527682904993
0.9591836734693877,0.7959183673469387,90.55622620494502,304.08817581866634
0.9795918367346939,0.7959183673469387,85.88891533244043,313.49713412917765
1.0,0.7959183673469387,81.79200016576179,323.6367404556817
0.0,0.8163265306122448,37.151686127465126,19.97310746941738
0.02040816326530612,0.8163265306122448,26.40259945587957,14.186066814199648
0.04081632653061224,0.8163265306122448,17.34141625325953,9.165824689706833
0.061224489795918366,0.8163265306122448,10.113433459881449,5.154360895345778
0.08163265306122448,0.8163265306122448,4.840986570033704,2.367500065940331
0.1020408163265306,0.8163265306122448,1.6009695401604667,0.9724315798752023
0.12244897959183673,0.8163265306122448,0.4069069620446708,1.0697817322789316
0.14285714285714285,0.8163265306122448,1.1972454558967804,2.68190512811265
0.16326530612244897,0.8163265306122448,3.8309529662931485,5.748483978108453
0.18367346938775508,0.8163265306122448,8.090835144694196,10.12984448128757
0.2040816326530612,0.8163265306122448,13.694260456573307,15.617681932089244
0.22448979591836732,0.8163265306122448,20.31029677742302,21.952197316376964
0.24489795918367346,0.8163265306122448,27.581666092539393,28.844052011222793
0.26530612244897955,0.8163265306122448,35.149475921334755,35.99909920922014
0.2857142857142857,0.8163265306122448,42.67842790312918,43.1435925042752
0.3061224489795918,0.8163265306122448,49.88015961421586,50.04752770867237
0.32653061224489793,0.8163265306122448,56.53254926081169,56.54394754602486
0.3469387755102041,0.8163265306122448,62.493188270052066,62.54241424226936
0.36734693877551017,0.8163265306122448,67.70576907833416,68.0353973140095
0.3877551020408163,0.8163265306122448,72.19879417135274,73.09698260855146
0.4081632653061224,0.8163265306122448,76.07672641112363,77.87402263092763
0.42857142857142855,0.8163265306122448,79.50440350519096,82.57055101310378
0.44897959183673464,0.8163265306122448,82.68616578286446,87.42691029021633
0.4693877551020408,0.8163265306122448,85.84163800757472,92.69553371292751
0.4897959183673469,0.8163265306122448,89.18041706692016,98.61563293747264
0.5102040816326531,0.8163265306122448,92.87801911503033,105.38914516802318
0.5306122448979591,0.8163265306122448,97.05532263619955,113.16017622032025
0.5510204081632653,0.8163265306122448,101.76341884300761,121.99985091979579
0.5714285714285714,0.8163265306122448,106.97527804048312,131.89797946573546
0.5918367346938775,0.8163265306122448,112.58500682963682,142.76231463481207
0.6122448979591836,0.8163265306122448,118.41476521663866,154.42546889026278
0.6326530612244897,0.8163265306122448,124.22870046497562,166.658848234047
0.6530612244897959,0.8163265306122448,129.75260210117767,179.19230721257193
0.673469387755102,0.8163265306122448,134.69745052368768,191.7376975255628
0.6938775510204082,0.8163265306122448,138.7846696316905,204.01412065489205
0.7142857142857142,0.8163265306122448,141.77073544851464,215.77253648798072
0.7346938775510203,0.8163265306122448,143.46885259475624,226.8174397909225
0.7551020408163265,0.8163265306122448,143.76568310178996,237.0235890219948
0.7755102040816326,0.8163265306122448,142.6315720967634,246.34623201665295
0.7959183673469387,0.8163265306122448,140.1233195603232,254.8238777452563
0.8163265306122448,0.8163265306122448,136.3792404350921,262.57335642154567
0.836734693877551,0.8163265306122448,131.60697240304535,269.77762728001915
0.8571428571428571,0.8163265306122448,126.06516498200821,276.66746767242995
0.8775510204081632,0.8163265306122448,120.04075251515627,283.49874605728684
0.8979591836734693,0.8163265306122448,113.8239242433187,290.5273920721571
0.9183673469387754,0.8163265306122448,107.68311877840395,297.9843910070924
0.9387755102040816,0.8163265306122448,101.8423680274172,306.05312772864613
0.9591836734693877,0.8163265306122448,96.46309716127624,314.8511866486897
0.9795918367346939,0.8163265306122448,91.63207289324285,324.41830000284295
1.0,0.8163265306122448,87.35662065320182,334.71156502475446
0.0,0.836734693877551,34.219399984901365,18.418372347261776
0.02040816326530612,0.836734693877551,24.003312775965643,13.000815102708728
0.04081632653061224,0.836734693877551,15.460305358161811,8.345560040646063
0.061224489795918366,0.836734693877551,8.735674671766386,4.6945869604806365
0.08163265306122448,0.836734693877551,3.951756211067699,2.2637204970362896
0.1020408163265306,0.836734693877551,1.1854439325099317,1.220150028697736
0.12244897959183673,0.836734693877551,0.45026242787601944,1.6645018505935134
0.14285714285714285,0.836734693877551,1.6846583173764245,3.6191305676847545
0.16326530612244897,0.836734693877551,4.7475995455875,7.023718390703551
0.18367346938775508,0.836734693877551,9.421891763969668,11.738591518671143
0.2040816326530612,0.836734693877551,15.42490343799631,17.555445246026764
0.22448979591836732,0.836734693877551,22.425702443159967,24.214480558633902
0.24489795918367346,0.836734693877551,30.067010764756706,31.42635883356461
0.26530612244897955,0.836734693877551,37.98993592219884,38.896933263412336
0.2857142857142857,0.836734693877551,45.859179554806424,46.352457442083214
0.3061224489795918,0.836734693877551,53.38637923887273,53.562927181861724
0.32653061224489793,0.836734693877551,60.349413180614555,60.36138520636101
0.3469387755102041,0.836734693877551,66.60587280716734,66.65739374151778
0.36734693877551017,0.836734693877551,72.09945055492827,72.44342230393565
0.3877551020408163,0.836734693877551,76.8586489095921,77.79355674092082
0.4081632653061224,0.836734693877551,80.98793073317465,82.85464955750567
0.42857142857142855,0.836734693877551,84.65213373322005,87.83073438565599
0.44897959183673464,0.836734693877551,88.05559823903803,92.96215376050817
0.4693877551020408,0.836734693877551,91.41794901405919,98.50134093272447
0.4897959183673469,0.836734693877551,94.94878294588193,104.68750755854013
0.5102040816326531,0.836734693877551,98.82361618863581,111.72259084212672
0.5306122448979591,0.836734693877551,103.16332722661521,119.75069659922534
0.5510204081632653,0.836734693877551,108.01900727239983,128.84294965526794
0.5714285714285714,0.836734693877551,113.36362663101829,138.98916020954002
0.5918367346938775,0.836734693877551,119.09129190348136,150.09708103871466
0.6122448979591836,0.836734693877551,125.0241630959589,161.9993246060287
0.6326530612244897,0.836734693877551,130.92638747193814,174.46729691344186
0.6530612244897959,0.836734693877551,136.52375455794882,187.23085250736116
0.673469387755102,0.836734693877551,141.52724475243372,200.00184308751184
0.6938775510204082,0.836734693877551,145.658281954578,212.49937013576653
0.7142857142857142,0.836734693877551,148.67334218771006,224.47439353954599
0.7346938775510203,0.836734693877551,150.3856300724259,235.73140806494402
0.7551020408163265,0.836734693877551,150.68180764010032,246.145172170238
0.7755102040816326,0.836734693877551,149.5322200178808,255.6709336908835
0.7959183673469387,0.836734693877551,146.99366718641417,264.3472015972395
0.8163265306122448,0.836734693877551,143.20446408832288,272.2908061030471
0.836734693877551,0.836734693877551,138.3722484055824,279.68470644280404
0.8571428571428571,0.836734693877551,132.75566965601803,286.7596799682639
0.8775510204081632,0.836734693877551,126.6416621828053,293.77159513793544
0.8979591836734693,0.836734693877551,120.32041522677329,300.97638158938577
0.9183673469387754,0.836734693877551,114.06036739983051,308.6050246126666
0.9387755102040816,0.836734693877551,108.08555060898206,316.8409090743315
0.9591836734693877,0.836734693877551,102.55739002514593,325.8016193862514
0.9795918367346939,0.836734693877551,97.56265236158376,335.5268877840467
1.0,0.836734693877551,93.10866304818035,345.9738115013657
0.0,0.8571428571428571,31.47453574987613,17.051059132644703
0.02040816326530612,0.8571428571428571,21.791448003590215,12.00298529875633
0.04081632653061224,0.8571428571428571,13.766616370602641,7.71271729912382
0.061224489795918366,0.8571428571428571,7.54533779118985,4.422234933154019
0.08163265306122448,0.8571428571428571,3.249947759640219,2.347362835670772
0.1020408163265306,0.8571428571428571,0.9573402323979217,1.6552903850587946
0.12244897959183673,0.8571428571428571,0.6810398012458929,2.446643876446621
0.14285714285714285,0.8571428571428571,2.3594930863945933,4.743777914795385
0.16326530612244897,0.8571428571428571,5.851668032420376,8.486374710837186
0.18367346938775508,0.8571428571428571,10.940370290783665,13.53476046359324
0.2040816326530612,0.8571428571428571,17.34296832695784,19.680630467502805
0.22448979591836732,0.8571428571428571,24.728530016435442,26.66418570842936
0.24489795918367346,0.8571428571428571,32.73977734451253,34.19608756344498
0.26530612244897955,0.8571428571428571,41.01781783060144,41.98218922514306
0.2857142857142857,0.8571428571428571,49.22735311402223,49.7487442874298
0.3061224489795918,0.8571428571428571,57.08002077106811,57.26574856258961
0.32653061224489793,0.8571428571428571,64.35369900795595,64.36624477423567
0.3469387755102041,0.8571428571428571,70.90597925182115,70.9597951483047
0.36734693877551017,0.8571428571428571,76.68055393906091,77.03886920140032
0.3877551020408163,0.8571428571428571,81.70592555536999,82.67755278082869
0.4081632653061224,0.8571428571428571,86.08655696276419,88.02269839162224
0.42857142857142855,0.8571428571428571,89.98728586878767,93.27833966574671
0.44897959183673464,0.8571428571428571,93.61245260275014,98.68481913833853
0.4693877551020408,0.8571428571428571,97.18168192808218,104.49457006005994
0.4897959183673469,0.8571428571428571,100.90457073238224,110.94680408714623
0.5102040816326531,0.8571428571428571,104.95663516977984,118.2434584237688
0.5306122448979591,0.8571428571428571,109.45875372456933,126.52863888566901
0.5510204081632653,0.8571428571428571,114.46201760933049,135.87347029827856
0.5714285714285714,0.8571428571428571,119.9393971290919,146.26776286088318
0.5918367346938775,0.8571428571428571,125.78499888486435,157.6192693501557
0.6122448979591836,0.8571428571428571,131.82098288281776,169.76060222933327
0.6326530612244897,0.8571428571428571,137.8114963864391,182.4631675003753
0.6530612244897959,0.8571428571428571,143.48232892225838,195.45681970968897
0.673469387755102,0.8571428571428571,148.5444608887183,208.45341055699953
0.6938775510204082,0.8571428571428571,152.7193161850041,221.17204152417952
0.7142857142857142,0.8571428571428571,155.76337083444392,233.3636724986498
0.7346938775510203,0.8571428571428571,157.48982945763404,244.83279824650413
0.7551020408163265,0.8571428571428571,157.7853540859491,255.45417722601982
0.7755102040816326,0.8571428571428571,156.62028984653668,265.1830572726525
0.7959183673469387,0.8571428571428571,154.05143672004354,274.05794735676125
0.8163265306122448,0.8571428571428571,150.21710964909224,282.195677692087
0.836734693877551,0.8571428571428571,145.32494631565808,289.7792075131275
0.8571428571428571,0.8571428571428571,139.63359623756645,297.03931417163665
0.8775510204081632,0.8571428571428571,133.42999375799278,304.2318661261227
0.8979591836734693,0.8571428571428571,127.00432811776642,311.6127930141531
0.9183673469387754,0.8571428571428571,120.6250379287956,319.4130801257794
0.9387755102040816,0.8571428571428571,114.51615509808546,327.81611232755523
0.9591836734693877,0.8571428571428571,108.8391047965542,336.9394740313518
0.9795918367346939,0.8571428571428571,103.68065373746319,346.82289747278907
1.0,0.8571428571428571,99.0481273506974,357.42347988551535
0.0,0.8775510204081632,28.917093422389403,15.871167825566149
0.02040816326530612,0.8775510204081632,19.767005138753312,11.192577402342454
0.04081632653061224,0.8775510204081632,12.260349290581974,7.267296465140101
0.061224489795918366,0.8775510204081632,6.542422818151833,4.337304813365929
0.08163265306122448,0.8775510204081632,2.735561215751262,2.618427081843783
0.1020408163265306,0.8775510204081632,0.9166584398244382,2.2778526489583832
0.12244897959183673,0.8775510204081632,1.099239082154293,3.4162078098382596
0.14285714285714285,0.8775510204081632,3.2217497629512932,6.055847169444545
0.16326530612244897,0.8775510204081632,7.14315842679179,10.13645293850935
0.18367346938775508,0.8775510204081632,12.646270725136198,15.518351316053876
0.2040816326530612,0.8775510204081632,19.448455123457908,21.99323759651739
0.22448979591836732,0.8775510204081632,27.218779497249454,29.301312765763363
0.24489795918367346,0.8775510204081632,35.59996583180691,37.15323820086388
0.26530612244897955,0.8775510204081632,44.233121646542585,45.25486709441233
0.2857142857142857,0.8775510204081632,52.78294858077656,53.33245304031491
0.3061224489795918,0.8775510204081632,60.961084210802035,61.15599185085603
0.32653061224489793,0.8775510204081632,68.5454067428359,68.5585262496489
0.3469387755102041,0.8775510204081632,75.39350760401351,75.44961846263018
0.36734693877551017,0.8775510204081632,81.44907923073211,81.82173800640355
0.3877551020408163,0.8775510204081632,86.74062410868643,87.74897072827514
0.4081632653061224,0.8775510204081632,91.3726050998923,93.37816913327737
0.42857142857142855,0.8775510204081632,95.50985991189384,98.913366853376
0.44897959183673464,0.8775510204081632,99.3567288740008,104.59490642370746
0.4693877551020408,0.8775510204081632,103.13283674964373,110.67522109493402
0.4897959183673469,0.8775510204081632,107.04778042642107,117.39352252329086
0.5102040816326531,0.8775510204081632,111.27707605846243,124.95174791294947
0.5306122448979591,0.8775510204081632,115.94160213006205,133.49400307965124
0.5510204081632653,0.8775510204081632,121.09244985379975,143.0914128488278
0.5714285714285714,0.8775510204081632,126.70258953470412,153.7337874197649
0.5918367346938775,0.8775510204081632,132.66612777378595,165.32887956913535
0.6122448979591836,0.8775510204081632,138.8052245772151,177.70930176017634
0.6326530612244897,0.8775510204081632,144.88402720847867,190.64645999484728
0.6530612244897959,0.8775510204081632,150.62832519410657,203.87020881955533
0.673469387755102,0.8775510204081632,155.7490989325415,217.09239993402574
0.6938775510204082,0.8775510204081632,159.96777232296873,230.03213482013106
0.7142857142857142,0.8775510204081632,163.0408213887164,242.44037336529215
0.7346938775510203,0.8775510204081632,164.78145075038077,254.12161033560272
0.7551020408163265,0.8775510204081632,165.0763224393365,264.9506041893402
0.7755102040816326,0.8775510204081632,163.8957815827312,274.88260276196013
0.7959183673469387,0.8775510204081632,161.29662816121152,283.9561150238215
0.8163265306122448,0.8775510204081632,157.41717711740012,292.28797118866544
0.836734693877551,0.8775510204081632,152.4650661332723,300.06113049098957
0.8571428571428571,0.8775510204081632,146.6989447266534,307.50637028254783
0.8775510204081632,0.8775510204081632,140.40574724071885,314.8795590218485
0.8979591836734693,0.8775510204081632,133.87566291629804,322.4366263464589
0.9183673469387754,0.8775510204081632,127.37713036529922,330.40855754643076
0.9387755102040816,0.8775510204081632,121.13418149472746,338.9787374883177
0.9591836734693877,0.8775510204081632,115.30824147550098,348.26475058399063
0.9795918367346939,0.8775510204081632,109.98607702088118,358.30632906906993
1.0,0.8775510204081632,105.17501356075297,369.0605701772036
0.0,0.8979591836734693,26.547073002441234,14.87869842602613
0.02040816326530612,0.8979591836734693,17.92998418145496,10.569591413467112
0.04081632653061224,0.8979591836734693,10.94150411809985,7.009297538694909
0.061224489795918366,0.8979591836734693,5.726929752652351,4.439796601116362
0.08163265306122448,0.8979591836734693,2.408596579400835,3.076913235555314
0.1020408163265306,0.8979591836734693,1.0633985547894795,3.087836820396488
0.12244897959183673,0.8979591836734693,1.7048602706012144,4.5731936507684114
0.14285714285714285,0.8979591836734693,4.271428347046507,7.555338331632217
0.16326530612244897,0.8979591836734693,8.62207072870171,11.973953073720018
0.18367346938775508,0.8979591836734693,14.539593067027235,17.68936407605301
0.2040816326530612,0.8979591836734693,21.741363827496475,24.49326663307047
0.22448979591836732,0.8979591836734693,29.896450885601965,32.12586173063586
0.24489795918367346,0.8979591836734693,38.647576226639785,40.297810745821266
0.26530612244897955,0.8979591836734693,47.63584737002222,48.714966871220085
0.2857142857142857,0.8979591836734693,56.52596595506938,57.103583700738504
0.3061224489795918,0.8979591836734693,65.02956955807446,65.23365704666094
0.32653061224489793,0.8979591836734693,72.9245363852543,72.9382296326006
0.3469387755102041,0.8979591836734693,80.06845786374434,80.12686368449414
0.36734693877551017,0.8979591836734693,86.40502642994178,86.79202871894525
0.3877551020408163,0.8979591836734693,91.96274456954133,93.00781058326004
0.4081632653061224,0.8979591836734693,96.84607514455887,98.92106178247096
0.42857142857142855,0.8979591836734693,101.21985586253848,104.73581594854376
0.44897959183673464,0.8979591836734693,105.28842705278991,110.69241561661484
0.4693877551020408,0.8979591836734693,109.27141347874374,117.04329403734643
0.4897959183673469,0.8979591836734693,113.37841202799838,124.02766286697393
0.5102040816326531,0.8979591836734693,117.78493885468346,131.8474593096687
0.5306122448979591,0.8979591836734693,122.6118724430932,140.64678918117187
0.5510204081632653,0.8979591836734693,127.91030400580746,150.49677730691545
0.5714285714285714,0.8979591836734693,133.6532038478548,161.38723388618502
0.5918367346938775,0.8979591836734693,139.734678570246,173.22591169565345
0.6122448979591836,0.8979591836734693,145.97688817915093,185.84542319855785
0.6326530612244897,0.8979591836734693,152.14397993805667,199.01717439685768
0.6530612244897959,0.8979591836734693,157.9617433734932,212.47101983696012
0.673469387755102,0.8979591836734693,163.14115888390324,225.91881121859038
0.6938775510204082,0.8979591836734693,167.4036503684718,239.07965002362093
0.7142857142857142,0.8979591836734693,170.5056938505273,251.70449613947278
0.7346938775510203,0.8979591836734693,172.26049395066605,263.5978443322396
0.7551020408163265,0.8979591836734693,172.55471270026237,274.63445306019895
0.7755102040816326,0.8979591836734693,171.3586952264641,284.769570158806
0.7959183673469387,0.8979591836734693,168.72924150991795,294.0417045984201
0.8163265306122448,0.8979591836734693,164.80466649324646,302.56768659278214
0.836734693877551,0.8979591836734693,159.79260785842493,310.5304753763902
0.8571428571428571,0.8979591836734693,153.95171512327877,318.16084830099743
0.8775510204081632,0.8979591836734693,147.5689226309834,325.7146738251127
0.8979591836734693,0.8979591836734693,140.93441962236804,333.4478815863032
0.9183673469387754,0.8979591836734693,134.3166447093412,341.5914568746207
0.9387755102040816,0.8979591836734693,127.93962979890797,350.3287845566185
0.9591836734693877,0.8979591836734693,121.96480006198614,359.77744904416795
0.9795918367346939,0.8979591836734693,116.47892221183763,369.97718257288903
1.0,0.8979591836734693,111.48932167834711,380.8850823764303
0.0,0.9183673469387754,24.364474490031572,14.07365093402463
0.02040816326530612,0.9183673469387754,16.280385131695127,10.134027332130291
0.04081632653061224,0.9183673469387754,9.810080853156236,6.938720519788242
0.061224489795918366,0.9183673469387754,5.098858594691389,4.7297102964053215
0.08163265306122448,0.9183673469387754,2.2690538505889313,3.722821296805373
0.1020408163265306,0.9183673469387754,1.3975605772930457,4.085242899373123
0.12244897959183673,0.9183673469387754,2.497903366586664,5.917601399237094
0.14285714285714285,0.9183673469387754,5.508528838680256,9.242251401358432
0.16326530612244897,0.9183673469387754,10.288404938150151,13.998875116469208
0.18367346938775508,0.9183673469387754,16.620337316456805,20.047798743590686
0.2040816326530612,0.9183673469387754,24.22169443907358,27.18071757716209
0.22448979591836732,0.9183673469387754,32.76154418149301,35.1378326030469
0.24489795918367346,0.9183673469387754,41.88260852901119,43.62980519831718
0.26530612244897955,0.9183673469387754,51.225995001040395,52.36248855556639
0.2857142857142857,0.9183673469387754,60.456405236900714,61.06213626870062
0.3061224489795918,0.9183673469387754,69.2854768128854,69.4987441500044
0.32653061224489793,0.9183673469387754,77.49108793521127,77.50535492309085
0.3469387755102041,0.9183673469387754,84.93083003101374,84.99153081389666
0.36734693877551017,0.9183673469387754,91.54839553669,91.9497413390255
0.3877551020408163,0.9183673469387754,97.3722869379348,98.4540723457835
0.4081632653061224,0.9183673469387754,102.50696709676399,104.65137633920311
0.42857142857142855,0.9183673469387754,107.11727372072167,110.74568695125006
0.44897959183673464,0.9183673469387754,111.40754713911761,116.97734671706081
0.4693877551020408,0.9183673469387754,115.59741211538235,123.59878888729752
0.4897959183673469,0.9183673469387754,119.8964655371143,130.84922511819553
0.5102040816326531,0.9183673469387754,124.48022355844309,138.93059261392634
0.5306122448979591,0.9183673469387754,129.469564663663,147.98699719023105
0.5510204081632653,0.9183673469387754,134.91558006535377,158.08956367254171
0.5714285714285714,0.9183673469387754,140.79124006854408,169.2281022601437
0.5918367346938775,0.9183673469387754,146.99065127424464,181.31036572971013
0.6122448979591836,0.9183673469387754,153.33597368862527,194.16896654447788
0.6326530612244897,0.9183673469387754,159.5913545751733,207.57531070640664
0.6530612244897959,0.9183673469387754,165.48258346041843,221.25925276190344
0.673469387755102,0.9183673469387754,170.7206407428034,234.9326444106935
0.6938775510204082,0.9183673469387754,175.0269503215134,248.3145871346495
0.7142857142857142,0.9183673469387754,178.15798821987684,261.15604082119216
0.7346938775510203,0.9183673469387754,179.92695905848964,273.2615002364153
0.7551020408163265,0.9183673469387754,180.2205248687268,284.5057238385962
0.7755102040816326,0.9183673469387754,179.00903077773563,294.84395946319063
0.7959183673469387,0.9183673469387754,176.34927676616297,304.3147160805574
0.8163265306122448,0.9183673469387754,172.3795777766313,313.03482390443764
0.836734693877551,0.9183673469387754,167.3075714911161,321.1872421693292
0.8571428571428571,0.9183673469387754,161.39190742744267,329.00274822698555
0.8775510204081632,0.9183673469387754,154.9195199287865,336.7372105359154
0.8979591836734693,0.9183673469387754,148.18059823597676,344.646558733686
0.9183673469387754,0.9183673469387754,141.44358096092185,352.96177811034903
0.9387755102040816,0.9183673469387754,134.93250001062694,361.8662535324579
0.9591836734693877,0.9183673469387754,128.80878055601,371.47756941188374
0.9795918367346939,0.9183673469387754,123.1591893103326,381.83545798424694
1.0,0.9183673469387754,117.99105170347971,392.89701648319567
0.0,0.9387755102040816,22.369297885160424,13.456025349561656
0.02040816326530612,0.9387755102040816,14.818207989473802,9.885885158331995
0.04081632653061224,0.9387755102040816,8.866079495751151,7.055565408420101
0.061224489795918366,0.9387755102040816,4.6582093442689505,5.20704589923281
0.08163265306122448,0.9387755102040816,2.3169330293155532,4.556151265593962
0.1020408163265306,0.9387755102040816,1.9191445073351403,5.270070885888289
0.12244897959183673,0.9387755102040816,3.478368370110644,7.449431055244312
0.14285714285714285,0.9387755102040816,6.933051237852536,11.116586378623175
0.16326530612244897,0.9387755102040816,12.14216105513714,16.21121906675695
0.18367346938775508,0.9387755102040816,18.88850347342492,22.5936553186669
0.2040816326530612,0.9387755102040816,26.889446958189225,30.05559042879225
0.22448979591836732,0.9387755102040816,35.81405938492261,38.33722538299648
0.24489795918367346,0.9387755102040816,45.305062738921144,47.14922155835166
0.26530612244897955,0.9387755102040816,55.00356453959712,56.19743214745123
0.2857142857142857,0.9387755102040816,64.57426642627063,65.20811074420132
0.3061224489795918,0.9387755102040816,73.7288059752349,73.95125316088641
0.32653061224489793,0.9387755102040816,82.24506139270679,82.25990212111964
0.3469387755102041,0.9387755102040816,89.98062410582168,90.04361985083773
0.36734693877551017,0.9387755102040816,96.87918655097677,97.29487586664429
0.3877551020408163,0.9387755102040816,102.96925121386683,104.08775601584551
0.4081632653061224,0.9387755102040816,108.35528095650767,110.56911280347381
0.42857142857142855,0.9387755102040816,113.20211348644342,116.94297986149496
0.44897959183673464,0.9387755102040816,117.71408913298386,123.44969972504532
0.4693877551020408,0.9387755102040816,122.11083265955948,130.3417056447871
0.4897959183673469,0.9387755102040816,126.60194095376873,137.85820927695573
0.5102040816326531,0.9387755102040816,131.36293016974125,146.2011478257226
0.5306122448979591,0.9387755102040816,136.5146787917713,155.51462710682884
0.5510204081632653,0.9387755102040816,142.10827803243862,165.8697719457065
0.5714285714285714,0.9387755102040816,148.1166981967719,177.25639254164096
0.5918367346938775,0.9387755102040816,154.43404588578179,189.58224167130538
0.6122448979591836,0.9387755102040816,160.88248110563825,202.67993179793655
0.6326530612244897,0.9387755102040816,167.22615111982847,216.32086892349417
0.6530612244897959,0.9387755102040816,173.19084545488218,230.23490759438536
0.673469387755102,0.9387755102040816,178.48754450924218,244.1338995103353
0.6938775510204082,0.9387755102040816,182.8376721820936,257.73694615321665
0.7142857142857142,0.9387755102040816,185.9977044967649,270.79500741045007
0.7346938775510203,0.9387755102040816,187.78084607385196,283.1125780481295
0.7551020408163265,0.9387755102040816,188.0737589447298,294.56441652453213
0.7755102040816326,0.9387755102040816,186.8467882365457,305.1057706751138
0.7959183673469387,0.9387755102040816,184.15673392994654,314.77514947023326
0.8163265306122448,0.9387755102040816,180.14191096755476,323.68938312363167
0.836734693877551,0.9387755102040816,175.0099570313459,332.03143086980685
0.8571428571428571,0.9387755102040816,169.0195216391452,340.0320700605123
0.8775510204081632,0.9387755102040816,162.45753913412818,347.94716915425676
0.8979591836734693,0.9387755102040816,155.61419875712397,356.0326577886074
0.9183673469387754,0.9387755102040816,148.75793912004104,364.519521253616
0.9387755102040816,0.9387755102040816,142.11279212988453,373.5911444158359
0.9591836734693877,0.9387755102040816,135.84018295757235,383.3651116871382
0.9795918367346939,0.9387755102040816,130.02687831636618,393.8811553031434
1.0,0.9387755102040816,124.6802036361509,405.09637249749954
0.0,0.9591836734693877,20.561543187827816,13.025821672637209
0.02040816326530612,0.9591836734693877,13.543452754791005,9.825164892072225
0.04081632653061224,0.9591836734693877,8.1095000458846,7.359832204590484
0.061224489795918366,0.9591836734693877,4.40498200138504,5.8718034095988205
0.08163265306122448,0.9591836734693877,2.5522341155807,5.576903141921072
0.1020408163265306,0.9591836734693877,2.628150344915758,6.642320779941975
0.12244897959183673,0.9591836734693877,4.646255281173145,9.168682618790045
0.14285714285714285,0.9591836734693877,8.544995544563323,13.17834326342642
0.16326530612244897,0.9591836734693877,14.183339079662655,18.610984924583217
0.18367346938775508,0.9591836734693877,21.34409153793154,25.326933801281626
0.2040816326530612,0.9591836734693877,29.744621384843384,33.11788518796092
0.22448979591836732,0.9591836734693877,39.05399649589071,41.72404007048456
0.24489795918367346,0.9591836734693877,48.9149388563696,50.85605982592467
0.26530612244897955,0.9591836734693877,58.968555985692355,60.21979764687458
0.2857142857142857,0.9591836734693877,68.87954952317907,69.54150712724052
0.3061224489795918,0.9591836734693877,78.35955704512291,78.59118407930691
0.32653061224489793,0.9591836734693877,87.1864567577408,87.20187122668693
0.3469387755102041,0.9591836734693877,95.21784008816812,95.28313079531728
0.36734693877551017,0.9591836734693877,102.39739947280204,102.8274323018016
0.3877551020408163,0.9591836734693877,108.75363739733733,109.90886159344603
0.4081632653061224,0.9591836734693877,114.39101672378987,116.67427117528304
0.42857142857142855,0.9591836734693877,119.4743751597037,123.32769467927828
0.44897959183673464,0.9591836734693877,124.20805303438854,130.10947464056827
0.4693877551020408,0.9591836734693877,128.81167511127506,137.27204430981527
0.4897959183673469,0.9591836734693877,133.4948382779616,145.05461534325445
0.5102040816326531,0.9591836734693877,138.43305868857786,153.65912494505727
0.5306122448979591,0.9591836734693877,143.747214827418,163.22967893096515
0.5510204081632653,0.9591836734693877,149.4883979070619,173.83740212640973
0.5714285714285714,0.9591836734693877,155.6295782325381,185.47210473067676
0.5918367346938775,0.9591836734693877,162.06486240485742,198.04153952043902
0.6122448979591836,0.9591836734693877,168.61641043018972,211.37831895893373
0.6326530612244897,0.9591836734693877,175.04836957202204,225.2538490481203
0.6530612244897959,0.9591836734693877,181.08652935688437,239.39798433440583
0.673469387755102,0.9591836734693877,186.44187018321938,253.52257651751563
0.6938775510204082,0.9591836734693877,190.83581595021235,267.34672707932225
0.7142857142857142,0.9591836734693877,194.0248426811914,280.62139590724655
0.7346938775510203,0.9591836734693877,195.8221549967528,293.1510777673822
0.7551020408163265,0.9591836734693877,196.11441492827123,304.81053111800657
0.7755102040816326,0.9591836734693877,194.8719676028943,315.55500379457544
0.7959183673469387,0.9591836734693877,192.15161300126854,325.4230047674476
0.8163265306122448,0.9591836734693877,188.09166606601676,334.5313642503642
0.836734693877551,0.9591836734693877,182.89976447911422,343.06304147782294
0.8571428571428571,0.9591836734693877,176.83455775838624,351.2488138015776
0.8775510204081632,0.9591836734693877,170.1829802470083,359.34454968013665
0.8979591836734693,0.9591836734693877,163.2352211858097,367.6061787510674
0.9183673469387754,0.9591836734693877,156.25971918669876,376.26468630442133
0.9387755102040816,0.9591836734693877,149.48050615668052,385.5034572067523
0.9591836734693877,0.9591836734693877,143.05900726667323,395.4400758699312
0.9795918367346939,0.9591836734693877,137.08198922993827,406.1142745295784
1.0,0.9591836734693877,131.55677747636054,417.48315041934177
0.0,0.9795918367346939,18.941210398033725,12.783039903251286
0.02040816326530612,0.9795918367346939,12.456119427646737,9.951866533350982
0.04081632653061224,0.9795918367346939,7.540342503556567,7.851520908299397
0.061224489795918366,0.9795918367346939,4.339176566039655,6.723982827503361
0.08163265306122448,0.9795918367346939,2.974957109384376,6.7850769257867185
0.1020408163265306,0.9795918367346939,3.5245780900349066,8.201992581534196
0.12244897959183673,0.9795918367346939,6.001564099774179,11.075356089874317
0.14285714285714285,0.9795918367346939,10.344361758812655,15.427522055768216
0.16326530612244897,0.9795918367346939,16.411939011726698,21.198172689948013
0.18367346938775508,0.9795918367346939,23.987101509976707,28.247634191434894
0.2040816326530612,0.9795918367346939,32.78721771903608,36.36760185466814
0.22448979591836732,0.9795918367346939,42.48135551439736,45.29827666551121
0.24489795918367346,0.9795918367346939,52.71223688135661,54.7503200010362
0.26530612244897955,0.9795918367346939,63.12096933932613,64.42958505383649
0.2857142857142857,0.9795918367346939,73.37225452762604,74.06232541781827
0.3061224489795918,0.9795918367346939,83.17773002254948,83.41853690526597
0.32653061224489793,0.9795918367346939,92.31527403031336,92.33126223979279
0.3469387755102041,0.9795918367346939,100.64247797805311,100.7100636473354
0.36734693877551017,0.9795918367346939,108.10303430216587,108.54741064449745
0.3877551020408163,0.9795918367346939,114.72544548834641,115.9173890785851
0.4081632653061224,0.9795918367346939,120.6141743986106,122.9668514546308
0.42857142857142855,0.9795918367346939,125.93405874050251,129.8998314046002
0.44897959183673464,0.9795918367346939,130.88943884333185,136.95667146362982
0.4693877551020408,0.9795918367346939,135.69993947052927,144.38980488238195
0.4897959183673469,0.9795918367346939,140.57515750969313,152.4384433170917
0.5102040816326531,0.9795918367346939,145.69060911495308,161.3045239719306
0.5306122448979591,0.9795918367346939,151.16717277060334,171.13215266263998
0.5510204081632653,0.9795918367346939,157.0559396892238,181.9924542146516
0.5714285714285714,0.9795918367346939,163.329880175843,193.87523882725108
0.5918367346938775,0.9795918367346939,169.88310083147164,206.6882592771113
0.6122448979591836,0.9795918367346939,176.53776166227973,220.26412802746944
0.6326530612244897,0.9795918367346939,183.05800993175424,234.3742510802849
0.6530612244897959,0.9795918367346939,189.16963516642517,248.74848298196483
0.673469387755102,0.9795918367346939,194.5836177647352,263.0986754322345
0.6938775510204082,0.9795918367346939,199.02138162586962,277.1439299129664
0.7142857142857142,0.9795918367346939,202.2394027731565,290.6352063115815
0.7346938775510203,0.9795918367346939,204.05088582719216,303.3769993941734
0.7551020408163265,0.9795918367346939,204.34249281935126,315.2440676190196
0.7755102040816326,0.9795918367346939,203.08456887678142,326.1916588215757
0.7959183673469387,0.9795918367346939,200.33391398012915,336.2582819722005
0.8163265306122448,0.9795918367346939,196.2288430720173,345.5607672846353
0.836734693877551,0.9795918367346939,190.97699383442105,354.28207399337765
0.8571428571428571,0.9795918367346939,184.83701578516582,362.6529794501815
0.8775510204081632,0.9795918367346939,178.095843267427,370.92935211355507
0.8979591836734693,0.9795918367346939,171.043665522034,379.36712162106585
0.9183673469387754,0.9795918367346939,163.94892116089503,388.1972732627654
0.9387755102040816,0.9795918367346939,157.03564209101515,397.6031919052073
0.9591836734693877,0.9795918367346939,150.46525348331267,407.7024619602627
0.9795918367346939,0.9795918367346939,144.3245220510489,418.53481566355185
1.0,0.9795918367346939,138.62077322410877,430.05735024872274
0.0,1.0,17.508299515778166,12.72768004140389
0.02040816326530612,1.0,11.556208008041002,10.265990082168264
0.04081632653061224,1.0,7.158606868767062,8.530631519546832
0.061224489795918366,1.0,4.460793038232797,7.763584152946423
0.08163265306122448,1.0,3.5851020107265743,8.180672617190872
0.1020408163265306,1.0,4.608427742692576,9.949086290664933
0.12244897959183673,1.0,7.544294825913732,13.169451468497103
0.14285714285714285,1.0,12.331149880600513,17.864122755648538
0.16326530612244897,1.0,18.82796085132924,23.972782362851305
0.18367346938775508,1.0,26.81753338956038,31.35575648912667
0.2040816326530612,1.0,36.017235960767295,39.80474042891386
0.22448979591836732,1.0,46.096136440442514,49.05993516807635
0.24489795918367346,1.0,56.696956813882124,58.832002083686206
0.26530612244897955,1.0,67.46080460049842,68.82679436833689
0.2857142857142857,1.0,78.05238143961147,78.77056561593449
0.3061224489795918,1.0,88.18332490751455,88.43331163876353
0.32653061224489793,1.0,97.63151321042443,97.64807516043714
0.3469387755102041,1.0,106.25453777547659,106.32441840689201
0.36734693877551017,1.0,113.99609103906819,114.4548108947318
0.3877551020408163,1.0,120.88467548689401,122.11333847126267
0.4081632653061224,1.0,127.02475398096979,129.446853641517
0.42857142857142855,1.0,132.58116422883978,136.65939003746064
0.44897959183673464,1.0,137.75824655981364,143.99129019422992
0.4693877551020408,1.0,142.7756257373219,151.69498736248707
0.4897959183673469,1.0,147.84289864896317,160.0096931984674
0.5102040816326531,1.0,153.13558144886673,169.13734490634243
0.5306122448979591,1.0,158.77455262132713,179.22204830185336
0.5510204081632653,1.0,164.81090337892422,190.33492821043194
0.5714285714285714,1.0,171.21760402668636,202.46579483136384
0.5918367346938775,1.0,177.88876116562437,215.52240094132213
0.6122448979591836,1.0,184.64653480190816,229.33735900354355
0.6326530612244897,1.0,191.255072199025,243.68207501998793
0.6530612244897959,1.0,197.4401628835045,258.28640353706226
0.673469387755102,1.0,202.9127872537896,272.86219625449183
0.6938775510204082,1.0,207.39436920906542,287.128554654149
0.7142857142857142,1.0,210.64138477266013,300.83643862345485
0.7346938775510203,1.0,212.46703856517004,313.7903429285031
0.7551020408163265,1.0,212.75799261796973,325.8650260275711
0.7755102040816326,1.0,211.48459205820689,337.01573575611417
0.7959183673469387,1.0,208.70363686652829,347.2809810844918
0.8163265306122448,1.0,204.55344198555625,356.7775922264446
0.836734693877551,1.0,199.24164509726643,365.6885284164709
0.8571428571428571,1.0,193.02689571948383,374.2445670063238
0.8775510204081632,1.0,186.19612819538415,382.701576454512
0.8979591836734693,1.0,179.0395317657967,391.31548639860284
0.9183673469387754,1.0,171.8255450426297,400.31728212864795
0.9387755102040816,1.0,164.7781999328883,409.8903485112009
0.9591836734693877,1.0,158.05892160749053,420.1522699581328
0.9795918367346939,1.0,151.75447677969805,431.14277870506373
1.0,1.0,145.87219087939556,442.818971985642
